# 01_person — split from wip_-_lowpoly_people_-_1.glb
# WIP - Lowpoly People - 1 by Loic Norgeot, CC-BY-4.0
# https://sketchfab.com/3d-models/wip-lowpoly-people-1-8cfd467af4334ea384d854109865f939
v 188.597611 69.600576 -6.994394
v 188.605995 69.514632 -7.002070
v 188.641592 69.535422 -6.974943
v 188.605995 69.514632 -7.002070
v 189.076710 68.905521 -7.220426
v 188.641592 69.535422 -6.974943
v 190.194532 63.688386 -7.553214
v 191.357654 64.423263 -8.388259
v 190.637039 66.171318 -8.300108
v 188.597611 69.600576 -6.994394
v 189.008423 69.347108 -6.841797
v 188.834171 69.954688 -7.253825
v 189.008423 69.347108 -6.841797
v 188.597611 69.600576 -6.994394
v 188.641592 69.535422 -6.974943
v 191.756010 41.566297 -6.611085
v 193.261068 45.577878 -4.495922
v 191.526287 37.400976 -4.633361
v 184.285557 61.183316 -9.535930
v 182.067048 55.760563 -8.824160
v 182.484539 62.099487 -8.557810
v 180.501047 87.567515 -4.478159
v 180.214267 87.590594 -4.053028
v 180.531254 89.889527 -5.072297
v 185.633198 82.476235 -10.039626
v 185.475054 82.340599 -10.491591
v 184.941694 83.605922 -9.663284
v 189.805107 1.379949 -3.946004
v 188.700910 2.256954 -1.349304
v 190.758114 1.016688 -2.058162
v 178.333547 0.221682 6.664115
v 178.837895 0.287318 8.373964
v 178.030427 1.539660 7.889857
v 177.495892 1.151502 6.483895
v 178.333547 0.221682 6.664115
v 178.030427 1.539660 7.889857
v 177.740071 6.038708 8.348277
v 177.767144 3.388852 7.274658
v 178.484252 3.575468 8.266810
v 177.374497 6.118477 7.125650
v 178.130507 3.295571 5.927507
v 177.767144 3.388852 7.274658
v 189.076710 68.905521 -7.220426
v 188.605995 69.514632 -7.002070
v 189.008423 69.347108 -6.841797
v 177.698058 48.173142 2.444449
v 180.684816 45.617479 3.110015
v 178.867467 46.091750 5.590422
v 178.960478 47.670145 -5.311265
v 180.374774 45.906860 -5.177465
v 178.177916 48.138804 -0.537617
v 196.008024 53.058993 6.554113
v 196.090299 53.467768 5.380370
v 196.747043 52.441000 5.885515
v 186.365319 58.865433 12.757195
v 185.180048 62.082320 14.125878
v 182.551247 63.780224 13.768989
v 178.886678 81.494779 -6.565057
v 179.174409 84.147823 -2.632307
v 180.025376 83.096755 -7.336368
v 177.772406 0.748659 -4.808200
v 180.080902 0.000001 -4.831542
v 178.170333 0.027151 -3.545242
v 182.018725 68.188923 8.915029
v 180.800237 71.177757 9.157431
v 179.954225 65.503055 6.664969
v 178.423779 0.004775 -2.445054
v 183.068345 0.106979 -1.303477
v 179.667819 0.675339 -0.957054
v 180.282464 52.511471 11.162662
v 177.495942 53.380096 7.237010
v 177.986525 50.816631 8.408786
v 192.542146 57.395017 -8.877276
v 190.572678 57.214385 -8.548916
v 188.193430 62.819642 -11.800053
v 185.453337 0.014287 -4.121190
v 184.219604 0.330943 -5.452872
v 187.382472 0.678462 -5.347053
v 188.725089 0.194728 0.168010
v 188.426743 0.951201 0.223031
v 187.690332 0.083411 -0.583967
v 187.234616 86.378908 1.248712
v 187.379210 88.073313 3.565453
v 186.115379 87.527078 2.547803
v 182.489782 3.339666 8.858194
v 180.720155 3.756034 9.029108
v 181.693570 1.827437 9.652994
v 179.961851 57.281954 -6.733635
v 182.484539 62.099487 -8.557810
v 182.067048 55.760563 -8.824160
v 179.781431 7.664067 -0.352077
v 181.695865 5.180478 -0.050101
v 182.818660 11.733645 -1.020747
v 187.523134 29.096913 5.484422
v 190.071685 43.125715 3.534594
v 191.239263 44.216948 5.973251
v 180.577967 74.065464 13.784822
v 183.998566 68.242573 14.475422
v 183.182895 76.939940 12.924702
v 182.660318 3.367299 -4.449996
v 183.787779 4.797715 -3.819644
v 184.487940 2.814424 -3.860936
v 192.904766 74.264395 -2.515379
v 192.588150 73.796481 -4.317114
v 191.876269 75.950283 -4.345127
v 185.495799 98.408145 -3.517449
v 189.614240 97.823655 -1.815098
v 186.830227 93.663103 -5.323137
v 181.171858 0.272626 5.334384
v 178.333547 0.221682 6.664115
v 178.462644 0.748188 5.434787
v 184.204412 82.326872 -11.834102
v 182.079314 80.601371 -11.595078
v 184.545145 83.967531 -10.818259
v 185.819388 82.000459 -10.542007
v 185.594645 82.271165 -10.308730
v 185.758167 82.313955 -10.618415
v 186.943742 83.818817 -1.846421
v 186.527369 85.895419 -1.523725
v 186.312689 84.286499 -1.758284
v 184.941694 83.605922 -9.663284
v 185.256687 84.040326 -9.786048
v 183.665180 83.613480 -9.111497
v 188.974283 81.806785 -2.465488
v 188.269056 82.272714 -3.310816
v 188.289893 81.070238 -2.426570
v 180.160933 65.827430 -5.935420
v 179.047387 61.907006 -2.560078
v 177.977918 69.712538 -2.299538
v 190.109148 76.226985 -6.554885
v 191.487688 72.082186 -5.666850
v 188.782179 74.804050 -7.489643
v 188.140905 83.745581 -3.842102
v 187.648091 84.310716 -3.370567
v 187.318358 83.372831 -3.467305
v 180.374774 45.906860 -5.177465
v 181.101838 44.733605 -4.810322
v 181.341529 45.602486 -2.956998
v 192.572579 66.103750 -2.052073
v 193.451746 59.334021 0.144542
v 192.301276 57.999569 -4.551508
v 188.834171 69.954688 -7.253825
v 189.250049 70.770985 -6.862652
v 188.597611 69.600576 -6.994394
v 184.719800 85.933352 -7.316014
v 185.487312 85.707206 -6.160721
v 184.882656 84.888256 -6.882948
v 184.823546 82.822705 -8.579341
v 184.941522 82.975311 -9.085734
v 185.442642 82.625211 -9.041518
v 187.382472 0.678462 -5.347053
v 189.237016 0.307316 -4.821689
v 187.283244 0.066435 -4.854755
v 186.269680 99.473906 -1.351470
v 184.111549 99.456680 -2.170348
v 183.338303 99.156618 1.646630
v 184.253128 69.236738 -8.406127
v 181.490693 70.762450 -8.523540
v 183.774915 70.805753 -9.435088
v 184.971109 81.844085 4.561112
v 182.159244 83.110708 4.784241
v 182.931718 83.066952 6.500216
v 182.144350 75.391478 -11.272697
v 179.190035 74.098814 -8.233363
v 180.664451 77.630014 -10.677188
v 185.487312 85.707206 -6.160721
v 185.082239 83.549726 -6.976898
v 184.882656 84.888256 -6.882948
v 182.955256 76.523203 -12.841618
v 182.144350 75.391478 -11.272697
v 180.664451 77.630014 -10.677188
v 190.028687 80.616283 -5.421426
v 187.955228 82.953477 -5.736334
v 188.195336 83.598030 -5.488092
v 178.330163 71.357901 -5.331332
v 180.160933 65.827430 -5.935420
v 177.977918 69.712538 -2.299538
v 188.725089 0.194728 0.168010
v 190.313673 1.011651 0.030584
v 188.426743 0.951201 0.223031
v 189.760093 1.137822 5.249256
v 191.453572 0.760185 6.319515
v 190.553412 0.252777 6.065862
v 190.553412 0.252777 6.065862
v 191.453572 0.760185 6.319515
v 191.301103 0.540184 8.500656
v 191.301103 0.540184 8.500656
v 191.453572 0.760185 6.319515
v 191.544452 1.289516 7.178623
v 185.795756 0.333088 5.232002
v 187.223179 1.095944 5.080591
v 187.409530 0.222039 6.634143
v 183.710085 84.473336 -8.289192
v 183.734175 84.187186 -8.111700
v 185.256687 84.040326 -9.786048
v 184.545145 83.967531 -10.818259
v 183.710085 84.473336 -8.289192
v 185.256687 84.040326 -9.786048
v 183.385817 0.717306 -0.204754
v 180.602051 3.678185 -0.543144
v 179.667819 0.675339 -0.957054
v 177.772406 0.748659 -4.808200
v 177.301754 1.075382 -2.451216
v 177.693151 3.400732 -3.695566
v 185.082239 83.549726 -6.976898
v 187.955228 82.953477 -5.736334
v 187.006927 81.376112 -6.238353
v 190.500696 0.183666 -2.382338
v 190.313673 1.011651 0.030584
v 188.725089 0.194728 0.168010
v 183.734175 84.187186 -8.111700
v 183.665180 83.613480 -9.111497
v 185.256687 84.040326 -9.786048
v 188.597611 69.600576 -6.994394
v 189.250049 70.770985 -6.862652
v 188.594948 69.613284 -6.995233
v 195.045756 48.119288 3.412866
v 193.583456 48.822146 4.649987
v 193.325922 48.397505 3.282460
v 182.522643 84.242714 -8.214851
v 183.406346 84.148086 -7.903869
v 183.710085 84.473336 -8.289192
v 179.667819 0.675339 -0.957054
v 177.808324 3.555185 -2.315242
v 177.301754 1.075382 -2.451216
v 186.531798 23.438612 -3.802518
v 186.850816 24.679634 -2.429545
v 185.482284 21.002302 -2.283577
v 182.690805 82.644754 10.153881
v 180.649883 84.166938 5.474792
v 180.075922 83.627242 9.430143
v 195.474500 53.306853 7.095673
v 194.107831 53.919821 7.058185
v 194.543679 54.416000 8.610798
v 184.115995 39.023626 0.868710
v 184.874960 38.177675 1.450413
v 184.085618 38.204643 1.589194
v 184.793481 37.426406 0.848104
v 186.100911 38.006034 0.990288
v 184.874960 38.177675 1.450413
v 184.874960 38.177675 1.450413
v 186.100911 38.006034 0.990288
v 185.834842 36.882341 2.078599
v 187.375048 38.036546 0.815946
v 187.089819 38.782561 2.137902
v 186.100911 38.006034 0.990288
v 183.014479 42.898256 -0.119284
v 184.115995 39.023626 0.868710
v 182.669701 45.289803 1.360215
v 192.834427 52.944493 7.641194
v 190.305362 54.635321 9.643908
v 190.318743 56.078117 8.869329
v 182.623659 84.269953 -7.668355
v 183.769100 83.759565 -7.346026
v 183.406346 84.148086 -7.903869
v 189.927064 48.473292 1.353553
v 190.987268 46.773103 0.500692
v 191.698859 48.037332 1.013956
v 178.130507 3.295571 5.927507
v 178.462644 0.748188 5.434787
v 177.495892 1.151502 6.483895
v 191.570534 48.580354 3.940087
v 191.180754 48.388963 4.990308
v 190.790158 47.216779 4.034543
v 190.099134 48.389071 2.584103
v 191.570534 48.580354 3.940087
v 190.790158 47.216779 4.034543
v 190.099134 48.389071 2.584103
v 192.075400 48.066568 2.638019
v 191.570534 48.580354 3.940087
v 190.990329 48.744166 1.959666
v 192.075400 48.066568 2.638019
v 190.099134 48.389071 2.584103
v 192.451688 48.378676 3.479110
v 191.570534 48.580354 3.940087
v 192.075400 48.066568 2.638019
v 191.861917 49.343103 4.068040
v 191.180754 48.388963 4.990308
v 191.570534 48.580354 3.940087
v 192.451688 48.378676 3.479110
v 191.861917 49.343103 4.068040
v 191.570534 48.580354 3.940087
v 189.556130 79.576850 -3.825313
v 190.160584 78.214711 -3.123809
v 189.152136 79.359460 -4.173323
v 192.814832 48.617857 3.102993
v 193.325922 48.397505 3.282460
v 192.451688 48.378676 3.479110
v 193.325922 48.397505 3.282460
v 192.989842 48.887848 3.704029
v 192.451688 48.378676 3.479110
v 192.309194 48.685896 2.952954
v 192.451688 48.378676 3.479110
v 192.989842 48.887848 3.704029
v 192.989842 48.887848 3.704029
v 192.814832 48.617857 3.102993
v 192.309194 48.685896 2.952954
v 186.075833 65.961044 13.736383
v 185.180048 62.082320 14.125878
v 188.124478 62.746965 13.296742
v 192.814832 48.617857 3.102993
v 193.702662 49.539101 1.638346
v 193.325922 48.397505 3.282460
v 193.325922 48.397505 3.282460
v 193.702662 49.539101 1.638346
v 194.353480 49.244189 -0.127439
v 182.067048 55.760563 -8.824160
v 182.038754 52.183498 -9.789701
v 179.961851 57.281954 -6.733635
v 178.921638 6.613356 9.238800
v 179.404092 17.131746 10.593162
v 177.740071 6.038708 8.348277
v 195.045756 48.119288 3.412866
v 196.652543 47.630429 1.266873
v 196.950686 48.354896 3.502456
v 195.045756 48.119288 3.412866
v 196.214115 49.028902 4.789768
v 195.061395 48.475217 5.814532
v 187.318358 83.372831 -3.467305
v 186.855575 83.275431 -2.009499
v 187.317162 81.352043 -2.297042
v 181.855714 73.853857 -9.989378
v 182.144350 75.391478 -11.272697
v 183.240314 72.056771 -10.386447
v 191.180754 48.388963 4.990308
v 191.861917 49.343103 4.068040
v 190.954276 50.383269 8.908245
v 185.475054 82.340599 -10.491591
v 185.335580 82.455343 -9.896011
v 185.819388 82.000459 -10.542007
v 183.083350 42.841274 -8.825002
v 180.428813 47.653998 -8.207329
v 182.937907 46.827359 -10.037724
v 185.442642 82.625211 -9.041518
v 185.335580 82.455343 -9.896011
v 184.823546 82.822705 -8.579341
v 187.902609 61.745530 9.081779
v 187.067186 64.248156 8.752246
v 185.688672 63.190955 9.397443
v 187.789563 40.701538 2.077173
v 187.089819 38.782561 2.137902
v 187.375048 38.036546 0.815946
v 188.410209 89.080560 -4.808293
v 189.525998 87.222195 -5.405232
v 188.842853 88.222551 -5.626917
v 188.410209 89.080560 -4.808293
v 188.370489 88.021702 -4.031758
v 189.525998 87.222195 -5.405232
v 183.665180 83.613480 -9.111497
v 182.522643 84.242714 -8.214851
v 182.623659 84.269953 -7.668355
v 186.527369 85.895419 -1.523725
v 187.731188 86.267626 -0.148218
v 186.155945 83.820224 0.197906
v 182.442999 83.708972 4.130024
v 182.159244 83.110708 4.784241
v 184.604690 82.899308 2.641568
v 187.996484 90.669572 -4.554853
v 187.881705 89.968795 -3.750128
v 188.410209 89.080560 -4.808293
v 183.083350 42.841274 -8.825002
v 185.460247 44.766036 -10.322727
v 185.511345 31.380514 -7.077345
v 197.513051 51.881819 4.879085
v 197.196522 52.060460 5.731703
v 197.280248 50.561844 5.530815
v 179.519774 61.045379 7.085703
v 178.645345 59.860069 3.455965
v 177.495942 53.380096 7.237010
v 184.971109 81.844085 4.561112
v 184.604690 82.899308 2.641568
v 182.159244 83.110708 4.784241
v 182.403294 86.305559 -6.046062
v 182.943426 85.291064 -6.515749
v 181.573612 84.917361 -6.276849
v 185.633198 82.476235 -10.039626
v 185.335580 82.455343 -9.896011
v 186.444278 82.204378 -9.650180
v 185.594645 82.271165 -10.308730
v 185.335580 82.455343 -9.896011
v 185.633198 82.476235 -10.039626
v 182.144350 75.391478 -11.272697
v 182.955256 76.523203 -12.841618
v 183.563475 72.991563 -12.641641
v 185.335580 82.455343 -9.896011
v 185.662924 82.559383 -9.804475
v 186.444278 82.204378 -9.650180
v 195.543037 52.811389 4.419826
v 195.042411 51.221746 2.015382
v 195.032516 51.375949 2.840892
v 187.602525 25.789592 -3.876748
v 186.531798 23.438612 -3.802518
v 185.816649 24.867857 -6.119479
v 185.662924 82.559383 -9.804475
v 185.599025 82.580173 -9.893316
v 185.633198 82.476235 -10.039626
v 196.287593 51.317166 3.963012
v 195.042411 51.221746 2.015382
v 195.543037 52.811389 4.419826
v 196.256635 55.137133 -2.965094
v 196.676222 52.872180 -0.982424
v 197.176741 52.735066 -1.713225
v 185.256687 84.040326 -9.786048
v 185.874779 82.439924 -11.321241
v 184.545145 83.967531 -10.818259
v 185.683581 82.392872 -10.826111
v 185.874779 82.439924 -11.321241
v 185.256687 84.040326 -9.786048
v 190.416813 63.307136 -6.130951
v 190.194532 63.688386 -7.553214
v 189.701348 66.504347 -6.620684
v 179.194012 72.321647 9.272504
v 180.800237 71.177757 9.157431
v 180.429739 70.717180 10.163657
v 186.014714 82.200575 -10.613658
v 185.844671 81.901765 -11.193211
v 185.874779 82.439924 -11.321241
v 182.018725 68.188923 8.915029
v 182.826097 65.654474 8.857023
v 182.822161 65.910703 9.653559
v 186.850816 24.679634 -2.429545
v 188.130516 27.261734 -1.489960
v 185.220833 23.940334 -0.834194
v 183.006243 63.260048 10.634141
v 182.081188 68.494749 9.402056
v 182.822161 65.910703 9.653559
v 185.844671 81.901765 -11.193211
v 186.014714 82.200575 -10.613658
v 185.819388 82.000459 -10.542007
v 184.880618 58.670604 11.184859
v 187.362115 55.257558 11.148726
v 188.787753 55.914914 10.944403
v 185.844671 81.901765 -11.193211
v 185.819388 82.000459 -10.542007
v 185.758167 82.313955 -10.618415
v 192.572579 66.103750 -2.052073
v 192.301276 57.999569 -4.551508
v 190.416813 63.307136 -6.130951
v 177.004577 76.054323 9.374438
v 177.993353 74.830896 10.455905
v 178.980871 75.763309 12.802686
v 185.844671 81.901765 -11.193211
v 185.758167 82.313955 -10.618415
v 185.683581 82.392872 -10.826111
v 187.491882 50.185490 -10.984323
v 182.038754 52.183498 -9.789701
v 185.037460 56.100905 -9.841716
v 180.577967 74.065464 13.784822
v 179.520449 72.152406 12.504360
v 182.551247 63.780224 13.768989
v 188.410209 89.080560 -4.808293
v 188.842853 88.222551 -5.626917
v 188.249980 86.474794 -5.943130
v 195.612501 52.913105 -0.472496
v 196.181141 53.435158 -0.766829
v 195.840991 53.536683 -0.862392
v 182.551247 63.780224 13.768989
v 185.180048 62.082320 14.125878
v 183.218922 65.276533 14.447313
v 185.187214 64.666146 10.114633
v 186.837874 65.198790 12.353384
v 186.494594 62.699037 10.105203
v 183.184199 61.974466 10.423374
v 183.801360 61.188042 11.253759
v 183.006243 63.260048 10.634141
v 183.006243 63.260048 10.634141
v 182.826097 65.654474 8.857023
v 183.184199 61.974466 10.423374
v 182.511114 84.830761 4.308672
v 182.232398 84.773839 3.903081
v 181.995508 84.159786 4.738209
v 191.698859 48.037332 1.013956
v 192.629962 48.402959 -0.068320
v 192.075400 48.066568 2.638019
v 182.489782 3.339666 8.858194
v 183.351902 14.621240 9.975586
v 180.720155 3.756034 9.029108
v 179.194012 72.321647 9.272504
v 180.429739 70.717180 10.163657
v 178.883663 73.688984 10.040515
v 185.819388 82.000459 -10.542007
v 185.335580 82.455343 -9.896011
v 185.594645 82.271165 -10.308730
v 197.461303 50.342678 3.918209
v 197.513051 51.881819 4.879085
v 197.280248 50.561844 5.530815
v 185.633198 82.476235 -10.039626
v 184.941694 83.605922 -9.663284
v 185.485460 82.563317 -10.062943
v 184.880618 58.670604 11.184859
v 184.850000 59.543675 11.550004
v 183.752698 60.164749 10.855317
v 185.688672 63.190955 9.397443
v 185.187214 64.666146 10.114633
v 186.494594 62.699037 10.105203
v 185.485460 82.563317 -10.062943
v 185.594645 82.271165 -10.308730
v 185.599025 82.580173 -9.893316
v 185.599025 82.580173 -9.893316
v 185.594645 82.271165 -10.308730
v 185.633198 82.476235 -10.039626
v 194.841977 54.141646 -1.655561
v 196.181141 53.435158 -0.766829
v 196.256635 55.137133 -2.965094
v 190.109148 76.226985 -6.554885
v 192.588150 73.796481 -4.317114
v 191.487688 72.082186 -5.666850
v 182.430249 98.233879 2.326617
v 181.079480 98.289669 -0.661106
v 181.104266 95.772827 2.647972
v 193.630231 57.566815 -4.222936
v 192.321180 61.528677 -6.275397
v 192.139006 59.622240 -5.099335
v 182.666481 65.619386 -7.118170
v 180.684602 63.810313 -6.041849
v 180.160933 65.827430 -5.935420
v 190.029762 0.303602 9.476684
v 190.175512 1.457118 10.033644
v 188.881222 1.061147 10.476531
v 179.508340 89.594686 1.562377
v 179.621528 91.459579 1.426290
v 179.548577 89.771545 1.261687
v 188.594325 85.577595 -4.645566
v 188.370489 88.021702 -4.031758
v 187.176261 87.767524 -3.682846
v 185.187214 64.666146 10.114633
v 185.688672 63.190955 9.397443
v 185.811517 66.540676 9.155761
v 185.187214 64.666146 10.114633
v 185.811517 66.540676 9.155761
v 185.421002 66.933733 9.741841
v 195.274062 54.255234 7.774485
v 195.779944 53.556108 6.895713
v 195.474500 53.306853 7.095673
v 185.594645 82.271165 -10.308730
v 185.485460 82.563317 -10.062943
v 185.475054 82.340599 -10.491591
v 185.485460 82.563317 -10.062943
v 185.335580 82.455343 -9.896011
v 185.475054 82.340599 -10.491591
v 195.979207 53.200733 -4.851345
v 196.646294 53.832048 -4.317593
v 196.838212 51.484560 -2.927268
v 185.011322 69.751912 9.349031
v 185.183571 68.829155 8.827241
v 185.128524 70.711040 9.185674
v 184.204412 82.326872 -11.834102
v 184.545145 83.967531 -10.818259
v 185.874779 82.439924 -11.321241
v 179.190035 74.098814 -8.233363
v 181.855714 73.853857 -9.989378
v 181.490693 70.762450 -8.523540
v 185.511345 31.380514 -7.077345
v 183.527039 31.773144 -6.869467
v 183.083350 42.841274 -8.825002
v 189.152136 79.359460 -4.173323
v 189.481663 79.025149 -4.857302
v 189.187356 81.182712 -4.512333
v 187.067186 64.248156 8.752246
v 190.603106 64.534550 6.191208
v 188.809513 67.158478 8.064757
v 195.465451 55.503159 -5.726259
v 195.979207 53.200733 -4.851345
v 192.542146 57.395017 -8.877276
v 189.057326 54.048406 10.578736
v 188.787753 55.914914 10.944403
v 187.362115 55.257558 11.148726
v 189.057326 54.048406 10.578736
v 189.989775 54.591178 9.189021
v 190.305362 54.635321 9.643908
v 188.787753 55.914914 10.944403
v 189.057326 54.048406 10.578736
v 190.305362 54.635321 9.643908
v 189.989775 54.591178 9.189021
v 190.182585 56.039917 8.530095
v 190.318743 56.078117 8.869329
v 191.301103 0.540184 8.500656
v 190.135259 1.888012 8.541782
v 190.175512 1.457118 10.033644
v 194.058628 53.543370 9.643429
v 193.868596 54.492371 9.739887
v 192.727855 53.817206 9.947090
v 189.908337 58.826160 9.361912
v 189.446516 59.447699 8.625127
v 187.902609 61.745530 9.081779
v 186.494594 62.699037 10.105203
v 189.908337 58.826160 9.361912
v 187.902609 61.745530 9.081779
v 179.548577 89.771545 1.261687
v 179.211173 90.080941 -0.724149
v 179.461413 89.131189 1.471979
v 179.047387 61.907006 -2.560078
v 177.655161 65.516735 -0.623203
v 177.977918 69.712538 -2.299538
v 189.446516 59.447699 8.625127
v 189.908337 58.826160 9.361912
v 190.318743 56.078117 8.869329
v 185.475054 82.340599 -10.491591
v 186.033333 81.547595 -11.201814
v 185.844671 81.901765 -11.193211
v 181.879086 87.510825 -6.371515
v 182.403294 86.305559 -6.046062
v 180.661058 87.215406 -4.536690
v 183.182895 76.939940 12.924702
v 183.998566 68.242573 14.475422
v 186.075833 65.961044 13.736383
v 183.801360 61.188042 11.253759
v 183.752698 60.164749 10.855317
v 184.850000 59.543675 11.550004
v 181.104266 95.772827 2.647972
v 180.733745 91.056746 3.042739
v 182.005667 88.639069 4.529134
v 195.061395 48.475217 5.814532
v 193.583456 48.822146 4.649987
v 195.045756 48.119288 3.412866
v 185.595636 90.040696 -6.099788
v 187.425987 91.351253 -5.239419
v 187.028510 88.334191 -5.352715
v 195.474500 53.306853 7.095673
v 194.543679 54.416000 8.610798
v 195.274062 54.255234 7.774485
v 195.506770 53.265654 7.973132
v 196.008024 53.058993 6.554113
v 195.474500 53.306853 7.095673
v 195.887290 53.582024 7.008084
v 195.506770 53.265654 7.973132
v 195.474500 53.306853 7.095673
v 196.008024 53.058993 6.554113
v 195.887290 53.582024 7.008084
v 195.779944 53.556108 6.895713
v 195.779944 53.556108 6.895713
v 195.887290 53.582024 7.008084
v 195.474500 53.306853 7.095673
v 183.734175 84.187186 -8.111700
v 183.769100 83.759565 -7.346026
v 183.647632 83.779407 -8.018180
v 196.235814 53.573149 6.207882
v 196.090299 53.467768 5.380370
v 195.779944 53.556108 6.895713
v 182.908589 11.318111 5.308556
v 184.591788 5.211627 6.259581
v 184.113291 4.433536 5.133438
v 185.599025 82.580173 -9.893316
v 185.662924 82.559383 -9.804475
v 185.335580 82.455343 -9.896011
v 185.599025 82.580173 -9.893316
v 185.442642 82.625211 -9.041518
v 185.485460 82.563317 -10.062943
v 188.662003 43.743551 1.834357
v 188.450935 41.174808 1.059143
v 188.923683 43.892282 1.286831
v 196.813920 52.674054 6.172089
v 197.196522 52.060460 5.731703
v 197.513051 51.881819 4.879085
v 190.972546 52.869892 6.578169
v 192.409097 60.654801 4.939285
v 190.182585 56.039917 8.530095
v 185.128524 70.711040 9.185674
v 185.725636 75.373911 9.125659
v 185.176304 75.520950 9.796439
v 179.753377 32.495296 8.059318
v 180.843650 44.110352 11.007716
v 179.989299 43.844357 9.401713
v 179.575801 26.164496 4.417848
v 178.856570 27.084798 6.536707
v 180.023278 35.048267 4.407030
v 185.725636 75.373911 9.125659
v 189.154952 75.459068 7.771582
v 186.369529 77.670031 8.464542
v 185.101945 83.139199 -8.700019
v 185.442642 82.625211 -9.041518
v 184.941522 82.975311 -9.085734
v 189.154952 75.459068 7.771582
v 190.200852 73.798364 7.307516
v 190.375723 75.910603 6.091650
v 187.234616 86.378908 1.248712
v 187.731188 86.267626 -0.148218
v 189.331465 86.384326 1.942273
v 188.834171 69.954688 -7.253825
v 188.641592 69.535422 -6.974943
v 189.076710 68.905521 -7.220426
v 189.314034 86.189145 -0.417926
v 190.458275 86.635506 0.864727
v 189.331465 86.384326 1.942273
v 182.908589 11.318111 5.308556
v 184.113291 4.433536 5.133438
v 181.934796 10.400730 4.694960
v 179.461413 89.131189 1.471979
v 179.211173 90.080941 -0.724149
v 180.261867 86.193365 -1.787290
v 190.603106 64.534550 6.191208
v 187.067186 64.248156 8.752246
v 187.902609 61.745530 9.081779
v 184.538515 82.984907 -8.130497
v 185.534090 82.534480 -7.380874
v 184.823546 82.822705 -8.579341
v 177.689259 12.639183 6.841574
v 177.374497 6.118477 7.125650
v 177.740071 6.038708 8.348277
v 177.301754 1.075382 -2.451216
v 178.170333 0.027151 -3.545242
v 178.423779 0.004775 -2.445054
v 183.240314 72.056771 -10.386447
v 184.253128 69.236738 -8.406127
v 183.774915 70.805753 -9.435088
v 180.350292 85.785342 -3.456333
v 180.223585 86.523974 -4.141835
v 181.029729 85.983724 -4.864524
v 180.223585 86.523974 -4.141835
v 180.350292 85.785342 -3.456333
v 179.746595 87.351829 -3.936910
v 180.223585 86.523974 -4.141835
v 180.510340 87.262834 -4.735885
v 180.661058 87.215406 -4.536690
v 180.223585 86.523974 -4.141835
v 180.661058 87.215406 -4.536690
v 180.214267 87.590594 -4.053028
v 183.647632 83.779407 -8.018180
v 183.769100 83.759565 -7.346026
v 185.082239 83.549726 -6.976898
v 184.253128 69.236738 -8.406127
v 185.727310 66.169715 -8.630586
v 184.973032 66.574908 -7.730384
v 180.501047 87.567515 -4.478159
v 180.510340 87.262834 -4.735885
v 180.445929 87.415332 -4.447761
v 181.029729 85.983724 -4.864524
v 180.223585 86.523974 -4.141835
v 180.908756 87.004507 -3.913115
v 182.522643 84.242714 -8.214851
v 181.573612 84.917361 -6.276849
v 182.623659 84.269953 -7.668355
v 182.341059 90.086359 -5.869021
v 184.510190 90.316499 -6.374892
v 183.663753 87.756670 -6.478918
v 182.931718 83.066952 6.500216
v 182.690805 82.644754 10.153881
v 184.864583 78.958386 9.735961
v 191.920629 69.169187 3.208088
v 192.572579 66.103750 -2.052073
v 192.904766 74.264395 -2.515379
v 197.280248 50.561844 5.530815
v 195.061395 48.475217 5.814532
v 196.214115 49.028902 4.789768
v 187.379210 88.073313 3.565453
v 184.889884 89.844388 3.140604
v 186.115379 87.527078 2.547803
v 182.943426 85.291064 -6.515749
v 184.882656 84.888256 -6.882948
v 183.390311 84.048307 -6.695534
v 182.943426 85.291064 -6.515749
v 183.390311 84.048307 -6.695534
v 182.623659 84.269953 -7.668355
v 180.843650 44.110352 11.007716
v 182.137301 47.843551 12.342496
v 177.986525 50.816631 8.408786
v 179.160226 84.585333 3.458830
v 178.960022 84.775460 1.763520
v 177.063553 82.254386 3.949016
v 184.113291 4.433536 5.133438
v 186.142157 3.402298 5.947108
v 187.223179 1.095944 5.080591
v 180.505332 84.769273 4.073488
v 181.995508 84.159786 4.738209
v 182.232398 84.773839 3.903081
v 180.505332 84.769273 4.073488
v 182.232398 84.773839 3.903081
v 180.901708 85.994464 4.170126
v 182.159244 83.110708 4.784241
v 180.649883 84.166938 5.474792
v 182.931718 83.066952 6.500216
v 180.649883 84.166938 5.474792
v 182.159244 83.110708 4.784241
v 181.995508 84.159786 4.738209
v 182.159244 83.110708 4.784241
v 182.442999 83.708972 4.130024
v 181.995508 84.159786 4.738209
v 178.645345 59.860069 3.455965
v 178.896788 63.800287 4.931971
v 178.720939 61.589075 -0.258434
v 186.145520 82.581645 -1.021995
v 187.182580 83.542532 -1.808862
v 186.943742 83.818817 -1.846421
v 182.905659 84.770763 3.533145
v 182.232398 84.773839 3.903081
v 183.076169 84.572113 3.444947
v 182.232398 84.773839 3.903081
v 183.000420 84.726524 3.505414
v 183.076169 84.572113 3.444947
v 185.335580 82.455343 -9.896011
v 184.941522 82.975311 -9.085734
v 184.570541 83.453495 -8.452316
v 182.442999 83.708972 4.130024
v 183.231683 84.713840 4.843393
v 181.995508 84.159786 4.738209
v 184.480701 84.573090 4.560308
v 182.442999 83.708972 4.130024
v 183.076169 84.572113 3.444947
v 183.231683 84.713840 4.843393
v 182.442999 83.708972 4.130024
v 184.480701 84.573090 4.560308
v 181.995508 84.159786 4.738209
v 183.231683 84.713840 4.843393
v 182.511114 84.830761 4.308672
v 182.511114 84.830761 4.308672
v 183.231683 84.713840 4.843393
v 182.621736 85.556531 4.356883
v 184.538515 82.984907 -8.130497
v 185.335580 82.455343 -9.896011
v 184.570541 83.453495 -8.452316
v 193.868596 54.492371 9.739887
v 195.506770 53.265654 7.973132
v 195.274062 54.255234 7.774485
v 183.647632 83.779407 -8.018180
v 184.538515 82.984907 -8.130497
v 184.570541 83.453495 -8.452316
v 178.856570 27.084798 6.536707
v 179.753377 32.495296 8.059318
v 180.023278 35.048267 4.407030
v 183.647632 83.779407 -8.018180
v 184.570541 83.453495 -8.452316
v 183.665180 83.613480 -9.111497
v 179.905830 44.337410 5.191054
v 180.023278 35.048267 4.407030
v 179.685491 43.528867 7.557340
v 179.454821 85.074234 2.486042
v 178.960022 84.775460 1.763520
v 179.160226 84.585333 3.458830
v 190.954276 50.383269 8.908245
v 190.972546 52.869892 6.578169
v 189.989775 54.591178 9.189021
v 183.338303 99.156618 1.646630
v 189.746856 98.589533 0.872049
v 186.269680 99.473906 -1.351470
v 185.128524 70.711040 9.185674
v 185.183571 68.829155 8.827241
v 188.340207 69.949048 8.451852
v 180.386907 86.767060 3.890551
v 180.534476 86.162919 3.997590
v 180.901708 85.994464 4.170126
v 184.403720 3.652138 -0.686853
v 184.771788 4.214609 -1.562550
v 183.797712 7.194799 -1.539944
v 183.488684 95.206237 4.106455
v 181.104266 95.772827 2.647972
v 182.005667 88.639069 4.529134
v 196.141431 53.689038 -1.121826
v 196.181141 53.435158 -0.766829
v 196.035869 53.624021 -1.037425
v 180.039124 88.119310 3.919208
v 182.005667 88.639069 4.529134
v 180.733745 91.056746 3.042739
v 179.454821 85.074234 2.486042
v 179.291274 86.154843 1.054241
v 178.960022 84.775460 1.763520
v 179.291274 86.154843 1.054241
v 179.454821 85.074234 2.486042
v 179.536622 87.510759 2.403605
v 184.204412 82.326872 -11.834102
v 185.844671 81.901765 -11.193211
v 186.033333 81.547595 -11.201814
v 187.955228 82.953477 -5.736334
v 188.241674 83.256507 -5.353794
v 188.173988 83.375204 -5.688352
v 179.291274 86.154843 1.054241
v 179.536622 87.510759 2.403605
v 179.506842 88.323784 1.997609
v 196.676222 52.872180 -0.982424
v 197.721658 51.458847 0.807333
v 197.176741 52.735066 -1.713225
v 188.241674 83.256507 -5.353794
v 190.028687 80.616283 -5.421426
v 188.173988 83.375204 -5.688352
v 180.304618 86.054176 3.816914
v 180.901708 85.994464 4.170126
v 180.696213 86.584067 3.874816
v 179.506842 88.323784 1.997609
v 179.536622 87.510759 2.403605
v 179.461413 89.131189 1.471979
v 187.864991 84.505731 -5.978421
v 187.955228 82.953477 -5.736334
v 188.173988 83.375204 -5.688352
v 188.436987 27.042595 -2.482874
v 187.602525 25.789592 -3.876748
v 191.526287 37.400976 -4.633361
v 179.647222 89.111352 1.910095
v 179.461413 89.131189 1.471979
v 179.536622 87.510759 2.403605
v 179.461413 89.131189 1.471979
v 179.647222 89.111352 1.910095
v 179.410092 90.574581 1.881383
v 179.506842 88.323784 1.997609
v 179.687344 87.661255 1.029415
v 179.291274 86.154843 1.054241
v 189.088183 80.907541 -3.226218
v 189.187356 81.182712 -4.512333
v 188.536039 82.430053 -4.170483
v 179.461413 89.131189 1.471979
v 179.876488 89.287007 1.633226
v 179.506842 88.323784 1.997609
v 179.631127 89.378274 1.575287
v 179.461413 89.131189 1.471979
v 179.508340 89.594686 1.562377
v 179.631127 89.378274 1.575287
v 179.548577 89.771545 1.261687
v 179.461413 89.131189 1.471979
v 188.594325 85.577595 -4.645566
v 187.864991 84.505731 -5.978421
v 189.507872 86.010838 -5.366308
v 189.507872 86.010838 -5.366308
v 187.864991 84.505731 -5.978421
v 188.902065 86.204171 -6.354829
v 190.416813 63.307136 -6.130951
v 192.139006 59.622240 -5.099335
v 190.194532 63.688386 -7.553214
v 188.173988 83.375204 -5.688352
v 187.715459 83.750332 -5.761732
v 187.864991 84.505731 -5.978421
v 188.173988 83.375204 -5.688352
v 188.195336 83.598030 -5.488092
v 187.715459 83.750332 -5.761732
v 190.324503 62.778574 -11.498253
v 188.193430 62.819642 -11.800053
v 185.616083 73.993749 -13.464753
v 188.173988 83.375204 -5.688352
v 190.028687 80.616283 -5.421426
v 188.195336 83.598030 -5.488092
v 186.706643 92.064869 3.999909
v 184.754195 91.832471 3.613323
v 185.536535 90.367770 3.942127
v 179.876488 89.287007 1.633226
v 179.681990 91.634769 1.740352
v 179.410092 90.574581 1.881383
v 186.843643 85.543579 -6.309323
v 187.364976 86.995542 -6.344953
v 188.249980 86.474794 -5.943130
v 187.715459 83.750332 -5.761732
v 186.843643 85.543579 -6.309323
v 188.249980 86.474794 -5.943130
v 185.475054 82.340599 -10.491591
v 185.683581 82.392872 -10.826111
v 185.256687 84.040326 -9.786048
v 184.818661 87.807137 4.284869
v 184.726702 86.575830 2.971585
v 184.325627 89.810002 3.883448
v 182.232398 84.773839 3.903081
v 182.905659 84.770763 3.533145
v 182.621736 85.556531 4.356883
v 190.375723 75.910603 6.091650
v 192.904766 74.264395 -2.515379
v 191.876269 75.950283 -4.345127
v 187.028510 88.334191 -5.352715
v 188.249980 86.474794 -5.943130
v 187.364976 86.995542 -6.344953
v 192.903981 56.725615 2.651096
v 192.308778 51.144862 0.328789
v 193.451746 59.334021 0.144542
v 179.689279 91.919357 1.446271
v 179.725365 93.518979 1.170551
v 179.621528 91.459579 1.426290
v 184.207872 90.824574 4.313651
v 183.684834 88.426500 4.857948
v 184.818661 87.807137 4.284869
v 194.532358 52.570086 -4.738884
v 194.262907 51.939028 -2.419050
v 193.476055 53.625625 -5.218107
v 180.022681 88.361156 2.206074
v 180.039124 88.119310 3.919208
v 180.733745 91.056746 3.042739
v 186.145520 82.581645 -1.021995
v 186.155945 83.820224 0.197906
v 185.810799 81.894624 1.756261
v 179.548577 89.771545 1.261687
v 179.631127 89.378274 1.575287
v 179.876488 89.287007 1.633226
v 187.317162 81.352043 -2.297042
v 188.090317 79.991281 -1.216696
v 188.289893 81.070238 -2.426570
v 180.589161 21.050751 10.796540
v 178.246458 22.216746 9.449878
v 179.404092 17.131746 10.593162
v 190.956449 65.912455 -10.376247
v 189.136953 74.127072 -8.680339
v 190.637039 66.171318 -8.300108
v 189.182872 81.297767 -1.726341
v 189.231851 81.720292 -2.757574
v 189.094732 81.735527 -2.449490
v 188.195336 83.598030 -5.488092
v 188.536039 82.430053 -4.170483
v 188.241674 83.256507 -5.353794
v 189.556130 79.576850 -3.825313
v 190.634599 78.887623 -3.669602
v 190.160584 78.214711 -3.123809
v 189.182872 81.297767 -1.726341
v 189.094732 81.735527 -2.449490
v 189.151241 81.781155 -2.360086
v 187.182580 83.542532 -1.808862
v 186.145520 82.581645 -1.021995
v 186.729662 81.192690 -0.706136
v 186.855575 83.275431 -2.009499
v 186.312689 84.286499 -1.758284
v 186.145520 82.581645 -1.021995
v 186.145520 82.581645 -1.021995
v 186.895183 83.073634 -1.731570
v 186.855575 83.275431 -2.009499
v 186.963711 83.439034 -1.967566
v 186.855575 83.275431 -2.009499
v 187.648091 84.310716 -3.370567
v 187.182580 83.542532 -1.808862
v 186.963711 83.439034 -1.967566
v 187.648091 84.310716 -3.370567
v 186.943742 83.818817 -1.846421
v 186.895183 83.073634 -1.731570
v 186.145520 82.581645 -1.021995
v 186.895183 83.073634 -1.731570
v 186.943742 83.818817 -1.846421
v 186.963711 83.439034 -1.967566
v 187.500658 85.413343 -2.769305
v 186.943742 83.818817 -1.846421
v 187.182580 83.542532 -1.808862
v 189.094732 81.735527 -2.449490
v 188.974283 81.806785 -2.465488
v 189.186780 81.943792 -2.496202
v 188.269056 82.272714 -3.310816
v 189.156669 81.896508 -2.619203
v 189.186780 81.943792 -2.496202
v 188.269056 82.272714 -3.310816
v 189.186780 81.943792 -2.496202
v 189.231851 81.720292 -2.757574
v 189.156669 81.896508 -2.619203
v 188.974283 81.806785 -2.465488
v 189.231851 81.720292 -2.757574
v 182.905659 84.770763 3.533145
v 183.076169 84.572113 3.444947
v 184.294033 85.367560 3.169380
v 188.269056 82.272714 -3.310816
v 188.536039 82.430053 -4.170483
v 188.140905 83.745581 -3.842102
v 185.454630 64.310605 -8.616665
v 185.727310 66.169715 -8.630586
v 185.543221 65.664483 -9.308449
v 189.094732 81.735527 -2.449490
v 189.156669 81.896508 -2.619203
v 189.151241 81.781155 -2.360086
v 189.094732 81.735527 -2.449490
v 189.186780 81.943792 -2.496202
v 189.156669 81.896508 -2.619203
v 189.231851 81.720292 -2.757574
v 189.186780 81.943792 -2.496202
v 189.151241 81.781155 -2.360086
v 189.156669 81.896508 -2.619203
v 189.231851 81.720292 -2.757574
v 189.151241 81.781155 -2.360086
v 186.181175 62.174076 -9.312773
v 185.454630 64.310605 -8.616665
v 186.479766 62.873310 -9.717860
v 186.082975 85.940099 -6.075623
v 186.089359 86.341977 -6.230642
v 186.019691 87.529749 -6.570510
v 181.104266 95.772827 2.647972
v 181.079480 98.289669 -0.661106
v 179.725365 93.518979 1.170551
v 185.543221 65.664483 -9.308449
v 186.479766 62.873310 -9.717860
v 185.454630 64.310605 -8.616665
v 186.855575 83.275431 -2.009499
v 186.943742 83.818817 -1.846421
v 186.312689 84.286499 -1.758284
v 187.500658 85.413343 -2.769305
v 187.198150 87.267327 -2.263976
v 186.943742 83.818817 -1.846421
v 188.370489 88.021702 -4.031758
v 187.909922 88.046837 -3.491760
v 187.176261 87.767524 -3.682846
v 180.908756 87.004507 -3.913115
v 180.214267 87.590594 -4.053028
v 180.501047 87.567515 -4.478159
v 188.725596 88.002050 -2.502342
v 187.909922 88.046837 -3.491760
v 188.370489 88.021702 -4.031758
v 188.725596 88.002050 -2.502342
v 190.458436 90.578425 -2.022567
v 190.458275 86.635506 0.864727
v 185.511345 31.380514 -7.077345
v 191.756010 41.566297 -6.611085
v 187.611642 30.409935 -5.912591
v 187.881705 89.968795 -3.750128
v 188.225725 90.580988 -3.397979
v 188.370489 88.021702 -4.031758
v 188.725596 88.002050 -2.502342
v 188.370489 88.021702 -4.031758
v 188.225725 90.580988 -3.397979
v 184.133311 95.967627 -4.930929
v 182.341059 90.086359 -5.869021
v 180.531254 89.889527 -5.072297
v 179.621528 91.459579 1.426290
v 179.865290 91.848970 1.457560
v 179.211173 90.080941 -0.724149
v 179.689279 91.919357 1.446271
v 179.410092 90.574581 1.881383
v 179.681990 91.634769 1.740352
v 184.757690 98.510754 3.081731
v 182.430249 98.233879 2.326617
v 183.488684 95.206237 4.106455
v 179.621528 91.459579 1.426290
v 179.410092 90.574581 1.881383
v 179.689279 91.919357 1.446271
v 179.621528 91.459579 1.426290
v 179.638309 92.025483 1.149416
v 179.681990 91.634769 1.740352
v 189.760093 1.137822 5.249256
v 187.409530 0.222039 6.634143
v 187.223179 1.095944 5.080591
v 186.089359 86.341977 -6.230642
v 185.487312 85.707206 -6.160721
v 186.084019 86.044771 -6.193718
v 190.634599 78.887623 -3.669602
v 190.750949 79.290938 -3.003512
v 190.160584 78.214711 -3.123809
v 186.089359 86.341977 -6.230642
v 186.084019 86.044771 -6.193718
v 186.210510 86.351568 -5.983345
v 186.089359 86.341977 -6.230642
v 186.082975 85.940099 -6.075623
v 185.487312 85.707206 -6.160721
v 182.968535 45.439774 -0.127797
v 182.669701 45.289803 1.360215
v 181.979374 46.650070 0.408494
v 186.033333 81.547595 -11.201814
v 188.792948 78.652060 -8.546234
v 188.061049 73.769999 -12.203124
v 193.868596 54.492371 9.739887
v 194.543679 54.416000 8.610798
v 193.154397 56.137805 9.730280
v 185.992846 86.511779 -7.013109
v 184.719800 85.933352 -7.316014
v 184.748717 87.232685 -7.305372
v 187.955228 82.953477 -5.736334
v 190.028687 80.616283 -5.421426
v 189.892517 80.154765 -6.114960
v 184.133311 95.967627 -4.930929
v 182.806102 98.649061 -2.698751
v 185.495799 98.408145 -3.517449
v 182.806102 98.649061 -2.698751
v 184.111549 99.456680 -2.170348
v 185.495799 98.408145 -3.517449
v 196.748607 52.154993 6.383933
v 196.008024 53.058993 6.554113
v 195.506770 53.265654 7.973132
v 186.210510 86.351568 -5.983345
v 186.843643 85.543579 -6.309323
v 185.992846 86.511779 -7.013109
v 185.992846 86.511779 -7.013109
v 186.089359 86.341977 -6.230642
v 186.210510 86.351568 -5.983345
v 189.447297 51.321899 11.127514
v 191.145184 46.337559 8.905905
v 190.954276 50.383269 8.908245
v 179.746595 87.351829 -3.936910
v 180.510340 87.262834 -4.735885
v 180.223585 86.523974 -4.141835
v 190.458275 86.635506 0.864727
v 189.651584 90.345388 3.418416
v 189.331465 86.384326 1.942273
v 189.651584 90.345388 3.418416
v 190.825281 89.566928 1.502890
v 190.127882 92.247814 2.128658
v 184.563279 3.952044 -2.705356
v 184.771788 4.214609 -1.562550
v 188.700910 2.256954 -1.349304
v 190.127882 92.247814 2.128658
v 190.825281 89.566928 1.502890
v 191.615432 91.021144 1.564009
v 176.508716 52.570171 3.685478
v 177.180917 51.292796 -2.047701
v 177.242198 48.808706 6.262514
v 186.082975 85.940099 -6.075623
v 186.843643 85.543579 -6.309323
v 187.715459 83.750332 -5.761732
v 181.953705 24.715573 -0.355737
v 179.635637 20.723016 -1.338292
v 179.781431 7.664067 -0.352077
v 187.089819 38.782561 2.137902
v 187.523134 29.096913 5.484422
v 184.466928 23.558617 4.991151
v 183.797712 7.194799 -1.539944
v 184.563279 3.952044 -2.705356
v 184.414275 10.280884 -2.987557
v 190.375723 75.910603 6.091650
v 187.851943 78.389287 4.615331
v 186.369529 77.670031 8.464542
v 187.198150 87.267327 -2.263976
v 187.909922 88.046837 -3.491760
v 187.731188 86.267626 -0.148218
v 188.691237 77.792043 -8.281102
v 188.629730 78.656858 -6.532423
v 189.318240 75.851256 -7.330219
v 183.774915 70.805753 -9.435088
v 181.490693 70.762450 -8.523540
v 183.303642 72.362382 -9.571684
v 189.250049 70.770985 -6.862652
v 188.834171 69.954688 -7.253825
v 189.020838 71.804345 -7.700710
v 183.338303 99.156618 1.646630
v 188.744782 96.749901 3.580296
v 189.752486 98.015201 2.516901
v 191.599357 97.063243 0.222627
v 191.187155 95.907783 -1.861062
v 189.614240 97.823655 -1.815098
v 187.864991 84.505731 -5.978421
v 188.195336 83.598030 -5.488092
v 187.955228 82.953477 -5.736334
v 190.109148 76.226985 -6.554885
v 189.481663 79.025149 -4.857302
v 190.356381 77.488297 -3.397132
v 190.809471 94.592738 2.696575
v 189.352157 92.407149 3.383637
v 190.127882 92.247814 2.128658
v 185.595636 90.040696 -6.099788
v 184.748717 87.232685 -7.305372
v 184.510190 90.316499 -6.374892
v 190.809471 94.592738 2.696575
v 190.127882 92.247814 2.128658
v 191.112830 92.817121 1.210819
v 189.746856 98.589533 0.872049
v 189.752486 98.015201 2.516901
v 191.599357 97.063243 0.222627
v 177.417678 73.675215 9.291700
v 178.883663 73.688984 10.040515
v 177.993353 74.830896 10.455905
v 190.603106 64.534550 6.191208
v 192.409097 60.654801 4.939285
v 191.920629 69.169187 3.208088
v 195.086276 51.564282 -3.041879
v 196.838212 51.484560 -2.927268
v 195.892131 49.016237 -1.722908
v 188.195336 83.598030 -5.488092
v 188.594325 85.577595 -4.645566
v 188.140905 83.745581 -3.842102
v 193.512735 53.636980 -3.936967
v 194.841977 54.141646 -1.655561
v 193.284710 55.279726 -3.867871
v 196.906191 51.091694 2.391326
v 197.461303 50.342678 3.918209
v 197.721658 51.458847 0.807333
v 189.481663 79.025149 -4.857302
v 188.629730 78.656858 -6.532423
v 189.304681 79.235148 -5.905170
v 194.533432 52.860564 -1.155639
v 194.262907 51.939028 -2.419050
v 194.353480 49.244189 -0.127439
v 181.778518 27.522883 -5.931789
v 181.353595 32.298425 -4.797728
v 183.527039 31.773144 -6.869467
v 192.946797 53.293037 -3.520168
v 193.512735 53.636980 -3.936967
v 193.284710 55.279726 -3.867871
v 193.284710 55.279726 -3.867871
v 192.720126 54.681420 -3.047417
v 192.946797 53.293037 -3.520168
v 193.476055 53.625625 -5.218107
v 193.512735 53.636980 -3.936967
v 192.995112 53.383004 -4.828953
v 192.168676 54.243696 -6.492638
v 193.476055 53.625625 -5.218107
v 192.995112 53.383004 -4.828953
v 194.533432 52.860564 -1.155639
v 195.612501 52.913105 -0.472496
v 194.841977 54.141646 -1.655561
v 189.818508 78.450137 -2.656132
v 190.750949 79.290938 -3.003512
v 188.824524 80.257904 -2.454473
v 182.621736 85.556531 4.356883
v 183.000420 84.726524 3.505414
v 182.511114 84.830761 4.308672
v 178.645345 59.860069 3.455965
v 178.720939 61.589075 -0.258434
v 178.909771 58.764631 -2.808443
v 187.993995 60.624767 -10.083011
v 187.460623 58.752191 -9.573260
v 186.181175 62.174076 -9.312773
v 187.993995 60.624767 -10.083011
v 190.572678 57.214385 -8.548916
v 187.460623 58.752191 -9.573260
v 192.321180 61.528677 -6.275397
v 191.357654 64.423263 -8.388259
v 190.194532 63.688386 -7.553214
v 193.284710 55.279726 -3.867871
v 192.301276 57.999569 -4.551508
v 192.720126 54.681420 -3.047417
v 189.304681 79.235148 -5.905170
v 189.892517 80.154765 -6.114960
v 190.439569 79.568088 -4.859032
v 196.646294 53.832048 -4.317593
v 195.799255 55.672860 -4.961144
v 197.176741 52.735066 -1.713225
v 178.246458 22.216746 9.449878
v 177.574172 22.641689 6.773770
v 177.266505 18.652922 7.011138
v 196.676222 52.872180 -0.982424
v 195.612501 52.913105 -0.472496
v 196.035869 53.624021 -1.037425
v 195.612501 52.913105 -0.472496
v 195.840991 53.536683 -0.862392
v 196.035869 53.624021 -1.037425
v 195.840991 53.536683 -0.862392
v 194.841977 54.141646 -1.655561
v 196.035869 53.624021 -1.037425
v 189.481663 79.025149 -4.857302
v 189.304681 79.235148 -5.905170
v 190.439569 79.568088 -4.859032
v 196.035869 53.624021 -1.037425
v 194.841977 54.141646 -1.655561
v 196.141431 53.689038 -1.121826
v 194.841977 54.141646 -1.655561
v 195.612501 52.913105 -0.472496
v 196.676222 52.872180 -0.982424
v 196.181141 53.435158 -0.766829
v 196.676222 52.872180 -0.982424
v 196.035869 53.624021 -1.037425
v 196.141431 53.689038 -1.121826
v 194.841977 54.141646 -1.655561
v 196.676222 52.872180 -0.982424
v 185.476106 3.979999 7.310498
v 189.770615 2.120006 6.145633
v 186.142157 3.402298 5.947108
v 189.231851 81.720292 -2.757574
v 189.182872 81.297767 -1.726341
v 189.088183 80.907541 -3.226218
v 185.595636 90.040696 -6.099788
v 184.510190 90.316499 -6.374892
v 186.830227 93.663103 -5.323137
v 189.182872 81.297767 -1.726341
v 188.824524 80.257904 -2.454473
v 189.088183 80.907541 -3.226218
v 189.556130 79.576850 -3.825313
v 189.088183 80.907541 -3.226218
v 190.634599 78.887623 -3.669602
v 188.824524 80.257904 -2.454473
v 190.750949 79.290938 -3.003512
v 189.088183 80.907541 -3.226218
v 195.121826 56.455224 -4.827644
v 195.799255 55.672860 -4.961144
v 195.199412 56.436252 -4.433038
v 195.465451 55.503159 -5.726259
v 195.121826 56.455224 -4.827644
v 194.640243 56.676399 -3.743505
v 185.476106 3.979999 7.310498
v 185.132662 2.902084 8.680935
v 190.135259 1.888012 8.541782
v 184.285557 61.183316 -9.535930
v 187.460623 58.752191 -9.573260
v 185.037460 56.100905 -9.841716
v 190.439569 79.568088 -4.859032
v 189.187356 81.182712 -4.512333
v 189.481663 79.025149 -4.857302
v 185.536535 90.367770 3.942127
v 184.207872 90.824574 4.313651
v 184.325627 89.810002 3.883448
v 195.799255 55.672860 -4.961144
v 195.121826 56.455224 -4.827644
v 195.200325 56.837672 -5.983998
v 184.793481 37.426406 0.848104
v 183.575518 28.779417 0.331869
v 186.100911 38.006034 0.990288
v 190.028687 80.616283 -5.421426
v 188.536039 82.430053 -4.170483
v 189.187356 81.182712 -4.512333
v 189.152136 79.359460 -4.173323
v 189.187356 81.182712 -4.512333
v 189.556130 79.576850 -3.825313
v 195.799255 55.672860 -4.961144
v 195.200325 56.837672 -5.983998
v 195.210021 57.116794 -4.802381
v 183.240314 72.056771 -10.386447
v 183.303642 72.362382 -9.571684
v 181.855714 73.853857 -9.989378
v 192.301276 57.999569 -4.551508
v 193.284710 55.279726 -3.867871
v 192.139006 59.622240 -5.099335
v 193.284710 55.279726 -3.867871
v 193.630231 57.566815 -4.222936
v 192.139006 59.622240 -5.099335
v 184.487940 2.814424 -3.860936
v 184.563279 3.952044 -2.705356
v 189.805107 1.379949 -3.946004
v 179.667819 0.675339 -0.957054
v 183.068345 0.106979 -1.303477
v 183.385817 0.717306 -0.204754
v 196.906191 51.091694 2.391326
v 196.287593 51.317166 3.963012
v 197.513051 51.881819 4.879085
v 194.107831 53.919821 7.058185
v 193.251992 53.442483 7.126476
v 191.533715 57.824516 9.879541
v 183.865159 46.983990 12.828575
v 187.591429 46.034192 12.044094
v 186.743448 51.882040 12.583071
v 180.778337 79.284209 12.636502
v 182.441254 80.931604 11.682384
v 180.065594 82.829338 10.753827
v 179.876488 89.287007 1.633226
v 179.508340 89.594686 1.562377
v 179.548577 89.771545 1.261687
v 192.834427 52.944493 7.641194
v 193.583456 48.822146 4.649987
v 192.661501 52.875262 8.378088
v 191.920629 69.169187 3.208088
v 191.252435 72.901177 5.164917
v 190.379596 69.717115 6.450896
v 194.107831 53.919821 7.058185
v 193.154397 56.137805 9.730280
v 194.543679 54.416000 8.610798
v 183.406346 84.148086 -7.903869
v 183.769100 83.759565 -7.346026
v 183.710085 84.473336 -8.289192
v 182.133073 30.101630 0.031471
v 183.575518 28.779417 0.331869
v 184.793481 37.426406 0.848104
v 184.591788 5.211627 6.259581
v 185.476106 3.979999 7.310498
v 186.142157 3.402298 5.947108
v 195.042411 51.221746 2.015382
v 192.989842 48.887848 3.704029
v 195.032516 51.375949 2.840892
v 195.799255 55.672860 -4.961144
v 195.684619 56.125116 -3.820145
v 196.256635 55.137133 -2.965094
v 182.905659 84.770763 3.533145
v 184.294033 85.367560 3.169380
v 183.000420 84.726524 3.505414
v 191.487688 72.082186 -5.666850
v 192.572579 66.103750 -2.052073
v 190.416813 63.307136 -6.130951
v 184.294033 85.367560 3.169380
v 184.907215 85.676569 4.526349
v 184.480701 84.573090 4.560308
v 189.818508 78.450137 -2.656132
v 190.356381 77.488297 -3.397132
v 190.160584 78.214711 -3.123809
v 183.014479 42.898256 -0.119284
v 182.669701 45.289803 1.360215
v 182.968535 45.439774 -0.127797
v 191.891392 95.788872 -0.292404
v 191.599357 97.063243 0.222627
v 191.112830 92.817121 1.210819
v 181.353595 32.298425 -4.797728
v 181.578482 43.862531 -6.922479
v 183.083350 42.841274 -8.825002
v 182.484539 62.099487 -8.557810
v 182.666481 65.619386 -7.118170
v 185.454630 64.310605 -8.616665
v 188.193430 62.819642 -11.800053
v 190.324503 62.778574 -11.498253
v 192.542146 57.395017 -8.877276
v 188.605995 69.514632 -7.002070
v 188.834171 69.954688 -7.253825
v 189.008423 69.347108 -6.841797
v 186.640348 0.889402 10.587931
v 185.903355 0.351977 9.930316
v 188.051899 0.322616 9.795503
v 184.133311 95.967627 -4.930929
v 186.830227 93.663103 -5.323137
v 184.510190 90.316499 -6.374892
v 192.075400 48.066568 2.638019
v 192.309194 48.685896 2.952954
v 192.814832 48.617857 3.102993
v 188.450935 41.174808 1.059143
v 187.789563 40.701538 2.077173
v 187.375048 38.036546 0.815946
v 185.476106 3.979999 7.310498
v 184.520298 4.630261 7.625370
v 185.132662 2.902084 8.680935
v 183.184199 61.974466 10.423374
v 183.752698 60.164749 10.855317
v 183.801360 61.188042 11.253759
v 196.214115 49.028902 4.789768
v 195.045756 48.119288 3.412866
v 196.950686 48.354896 3.502456
v 185.453337 0.014287 -4.121190
v 187.382472 0.678462 -5.347053
v 187.283244 0.066435 -4.854755
v 180.650982 27.665854 -4.081940
v 179.867841 21.561862 -6.076760
v 178.951664 21.526200 -4.339591
v 187.500658 85.413343 -2.769305
v 188.594325 85.577595 -4.645566
v 187.176261 87.767524 -3.682846
v 179.876488 89.287007 1.633226
v 180.733745 91.056746 3.042739
v 179.681990 91.634769 1.740352
v 192.168676 54.243696 -6.492638
v 190.572678 57.214385 -8.548916
v 193.476055 53.625625 -5.218107
v 179.865290 91.848970 1.457560
v 179.621528 91.459579 1.426290
v 179.681990 91.634769 1.740352
v 193.702662 49.539101 1.638346
v 195.042411 51.221746 2.015382
v 194.533432 52.860564 -1.155639
v 193.512735 53.636980 -3.936967
v 194.533432 52.860564 -1.155639
v 194.841977 54.141646 -1.655561
v 178.960478 47.670145 -5.311265
v 177.180917 51.292796 -2.047701
v 178.522775 51.918096 -6.570274
v 189.057326 54.048406 10.578736
v 186.743448 51.882040 12.583071
v 189.447297 51.321899 11.127514
v 192.542146 57.395017 -8.877276
v 193.476055 53.625625 -5.218107
v 190.572678 57.214385 -8.548916
v 184.823546 82.822705 -8.579341
v 185.534090 82.534480 -7.380874
v 186.382426 81.815797 -8.119009
v 189.525998 87.222195 -5.405232
v 188.370489 88.021702 -4.031758
v 189.507872 86.010838 -5.366308
v 178.130507 3.295571 5.927507
v 181.428453 1.431376 4.747548
v 178.462644 0.748188 5.434787
v 195.121826 56.455224 -4.827644
v 195.210021 57.116794 -4.802381
v 193.630231 57.566815 -4.222936
v 187.006927 81.376112 -6.238353
v 189.304681 79.235148 -5.905170
v 188.629730 78.656858 -6.532423
v 180.386907 86.767060 3.890551
v 180.696213 86.584067 3.874816
v 180.534476 86.162919 3.997590
v 181.693570 1.827437 9.652994
v 179.655139 0.773567 9.199556
v 186.640348 0.889402 10.587931
v 178.020605 81.589198 9.509478
v 177.004577 76.054323 9.374438
v 178.980871 75.763309 12.802686
v 180.261867 86.193365 -1.787290
v 179.687344 87.661255 1.029415
v 179.461413 89.131189 1.471979
v 188.536039 82.430053 -4.170483
v 190.028687 80.616283 -5.421426
v 188.241674 83.256507 -5.353794
v 182.005667 88.639069 4.529134
v 182.621736 85.556531 4.356883
v 183.684834 88.426500 4.857948
v 190.099134 48.389071 2.584103
v 188.662003 43.743551 1.834357
v 189.927064 48.473292 1.353553
v 184.414275 10.280884 -2.987557
v 184.563279 3.952044 -2.705356
v 183.787779 4.797715 -3.819644
v 188.269056 82.272714 -3.310816
v 188.140905 83.745581 -3.842102
v 187.318358 83.372831 -3.467305
v 178.896788 63.800287 4.931971
v 178.645345 59.860069 3.455965
v 179.519774 61.045379 7.085703
v 194.532358 52.570086 -4.738884
v 195.979207 53.200733 -4.851345
v 195.086276 51.564282 -3.041879
v 180.429739 70.717180 10.163657
v 183.006243 63.260048 10.634141
v 181.557480 64.965647 12.328763
v 186.155945 83.820224 0.197906
v 186.312689 84.286499 -1.758284
v 186.527369 85.895419 -1.523725
v 186.365319 58.865433 12.757195
v 189.787263 58.884828 12.490739
v 185.180048 62.082320 14.125878
v 184.510190 90.316499 -6.374892
v 182.341059 90.086359 -5.869021
v 184.133311 95.967627 -4.930929
v 185.187214 64.666146 10.114633
v 185.421002 66.933733 9.741841
v 186.837874 65.198790 12.353384
v 184.538515 82.984907 -8.130497
v 183.647632 83.779407 -8.018180
v 185.082239 83.549726 -6.976898
v 182.285155 30.382273 2.243165
v 184.085618 38.204643 1.589194
v 184.874960 38.177675 1.450413
v 196.676222 52.872180 -0.982424
v 196.906191 51.091694 2.391326
v 197.721658 51.458847 0.807333
v 186.855575 83.275431 -2.009499
v 186.895183 83.073634 -1.731570
v 186.729662 81.192690 -0.706136
v 178.951664 21.526200 -4.339591
v 178.859552 20.779759 -2.960372
v 180.650982 27.665854 -4.081940
v 182.822161 65.910703 9.653559
v 182.081188 68.494749 9.402056
v 182.018725 68.188923 8.915029
v 188.225725 90.580988 -3.397979
v 190.458436 90.578425 -2.022567
v 188.725596 88.002050 -2.502342
v 179.506842 88.323784 1.997609
v 179.876488 89.287007 1.633226
v 179.631127 89.378274 1.575287
v 188.629730 78.656858 -6.532423
v 186.382426 81.815797 -8.119009
v 185.534090 82.534480 -7.380874
v 185.175248 23.691734 6.682421
v 184.466928 23.558617 4.991151
v 187.523134 29.096913 5.484422
v 185.348529 77.130145 -13.224674
v 185.616083 73.993749 -13.464753
v 182.955256 76.523203 -12.841618
v 184.971109 81.844085 4.561112
v 184.864583 78.958386 9.735961
v 185.958089 78.903240 8.496855
v 188.641592 69.535422 -6.974943
v 188.594948 69.613284 -6.995233
v 189.250049 70.770985 -6.862652
v 190.324503 62.778574 -11.498253
v 192.821129 60.848922 -9.427080
v 192.542146 57.395017 -8.877276
v 185.816649 24.867857 -6.119479
v 185.563028 18.071983 -5.574523
v 183.303800 18.656502 -7.186559
v 184.403720 3.652138 -0.686853
v 180.602051 3.678185 -0.543144
v 186.483467 1.583761 -0.151567
v 188.090317 79.991281 -1.216696
v 187.851943 78.389287 4.615331
v 190.356381 77.488297 -3.397132
v 195.086276 51.564282 -3.041879
v 194.262907 51.939028 -2.419050
v 194.532358 52.570086 -4.738884
v 185.101945 83.139199 -8.700019
v 184.941522 82.975311 -9.085734
v 184.941694 83.605922 -9.663284
v 194.508830 53.442191 5.283163
v 193.251992 53.442483 7.126476
v 194.107831 53.919821 7.058185
v 191.187155 95.907783 -1.861062
v 191.891392 95.788872 -0.292404
v 190.691933 92.457902 -1.401595
v 186.729662 81.192690 -0.706136
v 186.145520 82.581645 -1.021995
v 185.810799 81.894624 1.756261
v 182.621736 85.556531 4.356883
v 182.005667 88.639069 4.529134
v 180.901708 85.994464 4.170126
v 177.977918 69.712538 -2.299538
v 177.655161 65.516735 -0.623203
v 176.463335 77.099652 1.367093
v 184.874960 38.177675 1.450413
v 181.879566 24.097282 3.445789
v 182.285155 30.382273 2.243165
v 197.461303 50.342678 3.918209
v 197.280248 50.561844 5.530815
v 196.214115 49.028902 4.789768
v 179.954225 65.503055 6.664969
v 180.800237 71.177757 9.157431
v 178.269855 71.300912 8.585595
v 187.379210 88.073313 3.565453
v 187.901357 89.230108 3.976886
v 184.889884 89.844388 3.140604
v 186.483467 1.583761 -0.151567
v 184.771788 4.214609 -1.562550
v 184.403720 3.652138 -0.686853
v 182.018725 68.188923 8.915029
v 182.081188 68.494749 9.402056
v 180.800237 71.177757 9.157431
v 192.588150 73.796481 -4.317114
v 192.572579 66.103750 -2.052073
v 191.487688 72.082186 -5.666850
v 191.544452 1.289516 7.178623
v 190.135259 1.888012 8.541782
v 191.301103 0.540184 8.500656
v 188.629730 78.656858 -6.532423
v 185.534090 82.534480 -7.380874
v 187.006927 81.376112 -6.238353
v 178.269855 71.300912 8.585595
v 177.661883 65.847683 4.147401
v 178.896788 63.800287 4.931971
v 193.630231 57.566815 -4.222936
v 194.640243 56.676399 -3.743505
v 195.121826 56.455224 -4.827644
v 179.631127 89.378274 1.575287
v 179.647222 89.111352 1.910095
v 179.506842 88.323784 1.997609
v 179.746595 87.351829 -3.936910
v 180.445929 87.415332 -4.447761
v 180.510340 87.262834 -4.735885
v 192.224713 50.757563 -7.813325
v 192.995112 53.383004 -4.828953
v 193.261068 45.577878 -4.495922
v 195.979207 53.200733 -4.851345
v 194.532358 52.570086 -4.738884
v 192.542146 57.395017 -8.877276
v 181.079480 98.289669 -0.661106
v 180.886805 96.016711 -2.967166
v 179.860830 93.995929 -2.029941
v 184.874960 38.177675 1.450413
v 185.834842 36.882341 2.078599
v 181.879566 24.097282 3.445789
v 190.758114 1.016688 -2.058162
v 189.778680 0.084907 -3.742396
v 189.805107 1.379949 -3.946004
v 192.309194 48.685896 2.952954
v 192.075400 48.066568 2.638019
v 192.629962 48.402959 -0.068320
v 178.225597 21.559268 4.780082
v 178.856570 27.084798 6.536707
v 179.575801 26.164496 4.417848
v 179.725365 93.518979 1.170551
v 179.865290 91.848970 1.457560
v 179.681990 91.634769 1.740352
v 186.089359 86.341977 -6.230642
v 185.992846 86.511779 -7.013109
v 186.019691 87.529749 -6.570510
v 186.210510 86.351568 -5.983345
v 186.084019 86.044771 -6.193718
v 186.082975 85.940099 -6.075623
v 184.889884 89.844388 3.140604
v 185.536535 90.367770 3.942127
v 184.325627 89.810002 3.883448
v 182.623659 84.269953 -7.668355
v 183.647632 83.779407 -8.018180
v 183.665180 83.613480 -9.111497
v 184.563279 3.952044 -2.705356
v 184.487940 2.814424 -3.860936
v 183.787779 4.797715 -3.819644
v 182.621736 85.556531 4.356883
v 180.901708 85.994464 4.170126
v 182.232398 84.773839 3.903081
v 181.607238 65.181821 8.501628
v 182.018725 68.188923 8.915029
v 179.954225 65.503055 6.664969
v 179.876488 89.287007 1.633226
v 179.647222 89.111352 1.910095
v 179.508340 89.594686 1.562377
v 184.545145 83.967531 -10.818259
v 182.522643 84.242714 -8.214851
v 183.710085 84.473336 -8.289192
v 186.527369 85.895419 -1.523725
v 186.943742 83.818817 -1.846421
v 187.198150 87.267327 -2.263976
v 178.246458 22.216746 9.449878
v 177.266505 18.652922 7.011138
v 177.740071 6.038708 8.348277
v 182.891397 0.014198 -4.098345
v 180.978287 0.590492 -5.422450
v 184.219604 0.330943 -5.452872
v 185.594645 82.271165 -10.308730
v 185.475054 82.340599 -10.491591
v 185.758167 82.313955 -10.618415
v 177.495942 53.380096 7.237010
v 177.242198 48.808706 6.262514
v 177.986525 50.816631 8.408786
v 182.551247 63.780224 13.768989
v 183.218922 65.276533 14.447313
v 180.577967 74.065464 13.784822
v 187.715459 83.750332 -5.761732
v 185.487312 85.707206 -6.160721
v 186.082975 85.940099 -6.075623
v 196.652543 47.630429 1.266873
v 195.892131 49.016237 -1.722908
v 197.062599 48.987764 -1.572195
v 184.085618 38.204643 1.589194
v 182.669701 45.289803 1.360215
v 184.115995 39.023626 0.868710
v 180.075922 83.627242 9.430143
v 180.065594 82.829338 10.753827
v 182.690805 82.644754 10.153881
v 188.629730 78.656858 -6.532423
v 188.691237 77.792043 -8.281102
v 186.382426 81.815797 -8.119009
v 185.335580 82.455343 -9.896011
v 184.941694 83.605922 -9.663284
v 184.941522 82.975311 -9.085734
v 190.109148 76.226985 -6.554885
v 188.782179 74.804050 -7.489643
v 189.318240 75.851256 -7.330219
v 178.883663 73.688984 10.040515
v 180.429739 70.717180 10.163657
v 181.557480 64.965647 12.328763
v 179.190035 74.098814 -8.233363
v 181.490693 70.762450 -8.523540
v 178.330163 71.357901 -5.331332
v 180.589161 21.050751 10.796540
v 181.962464 18.799060 10.786998
v 182.797973 25.919533 10.089592
v 180.961552 26.925022 -1.531128
v 179.635637 20.723016 -1.338292
v 181.953705 24.715573 -0.355737
v 177.574172 22.641689 6.773770
v 178.225597 21.559268 4.780082
v 177.266505 18.652922 7.011138
v 179.536622 87.510759 2.403605
v 180.696213 86.584067 3.874816
v 180.386907 86.767060 3.890551
v 197.461303 50.342678 3.918209
v 196.214115 49.028902 4.789768
v 197.632122 49.180119 3.718864
v 186.527369 85.895419 -1.523725
v 187.198150 87.267327 -2.263976
v 187.731188 86.267626 -0.148218
v 182.955256 76.523203 -12.841618
v 184.204412 82.326872 -11.834102
v 185.348529 77.130145 -13.224674
v 179.961851 57.281954 -6.733635
v 179.047387 61.907006 -2.560078
v 180.684602 63.810313 -6.041849
v 189.156669 81.896508 -2.619203
v 188.269056 82.272714 -3.310816
v 188.974283 81.806785 -2.465488
v 183.390311 84.048307 -6.695534
v 184.882656 84.888256 -6.882948
v 183.769100 83.759565 -7.346026
v 182.937907 46.827359 -10.037724
v 180.428813 47.653998 -8.207329
v 182.038754 52.183498 -9.789701
v 183.663753 87.756670 -6.478918
v 182.403294 86.305559 -6.046062
v 181.879086 87.510825 -6.371515
v 195.543037 52.811389 4.419826
v 194.107831 53.919821 7.058185
v 195.474500 53.306853 7.095673
v 197.196522 52.060460 5.731703
v 196.813920 52.674054 6.172089
v 196.747043 52.441000 5.885515
v 177.301754 1.075382 -2.451216
v 178.423779 0.004775 -2.445054
v 179.667819 0.675339 -0.957054
v 190.634599 78.887623 -3.669602
v 189.088183 80.907541 -3.226218
v 190.750949 79.290938 -3.003512
v 190.439569 79.568088 -4.859032
v 189.892517 80.154765 -6.114960
v 190.028687 80.616283 -5.421426
v 188.974283 81.806785 -2.465488
v 188.289893 81.070238 -2.426570
v 189.182872 81.297767 -1.726341
v 183.774915 70.805753 -9.435088
v 183.303642 72.362382 -9.571684
v 183.240314 72.056771 -10.386447
v 186.075833 65.961044 13.736383
v 186.837874 65.198790 12.353384
v 185.176304 75.520950 9.796439
v 184.207872 90.824574 4.313651
v 182.005667 88.639069 4.529134
v 183.684834 88.426500 4.857948
v 179.954225 65.503055 6.664969
v 178.896788 63.800287 4.931971
v 179.519774 61.045379 7.085703
v 192.075400 48.066568 2.638019
v 192.814832 48.617857 3.102993
v 192.451688 48.378676 3.479110
v 182.623659 84.269953 -7.668355
v 181.573612 84.917361 -6.276849
v 182.943426 85.291064 -6.515749
v 190.099134 48.389071 2.584103
v 190.071685 43.125715 3.534594
v 188.662003 43.743551 1.834357
v 190.182585 56.039917 8.530095
v 189.446516 59.447699 8.625127
v 190.318743 56.078117 8.869329
v 197.062599 48.987764 -1.572195
v 196.838212 51.484560 -2.927268
v 197.762735 49.513739 -0.419973
v 197.176741 52.735066 -1.713225
v 195.799255 55.672860 -4.961144
v 196.256635 55.137133 -2.965094
v 197.127470 52.103375 5.117474
v 196.235814 53.573149 6.207882
v 197.513051 51.881819 4.879085
v 180.961552 26.925022 -1.531128
v 178.859552 20.779759 -2.960372
v 179.635637 20.723016 -1.338292
v 180.978287 0.590492 -5.422450
v 180.080902 0.000001 -4.831542
v 177.772406 0.748659 -4.808200
v 182.621736 85.556531 4.356883
v 184.818661 87.807137 4.284869
v 183.684834 88.426500 4.857948
v 187.993995 60.624767 -10.083011
v 186.479766 62.873310 -9.717860
v 186.105953 64.476705 -11.299659
v 180.533986 29.694662 2.996371
v 181.879566 24.097282 3.445789
v 179.575801 26.164496 4.417848
v 179.989299 43.844357 9.401713
v 177.242198 48.808706 6.262514
v 178.867467 46.091750 5.590422
v 191.187155 95.907783 -1.861062
v 190.691933 92.457902 -1.401595
v 187.425987 91.351253 -5.239419
v 180.025376 83.096755 -7.336368
v 179.174409 84.147823 -2.632307
v 181.573612 84.917361 -6.276849
v 183.647632 83.779407 -8.018180
v 183.406346 84.148086 -7.903869
v 183.734175 84.187186 -8.111700
v 186.494594 62.699037 10.105203
v 187.902609 61.745530 9.081779
v 185.688672 63.190955 9.397443
v 190.029762 0.303602 9.476684
v 188.051899 0.322616 9.795503
v 190.553412 0.252777 6.065862
v 185.710098 43.311330 12.045684
v 183.865159 46.983990 12.828575
v 182.010993 31.586075 10.140507
v 182.955256 76.523203 -12.841618
v 185.616083 73.993749 -13.464753
v 183.563475 72.991563 -12.641641
v 181.695865 5.180478 -0.050101
v 184.403720 3.652138 -0.686853
v 183.797712 7.194799 -1.539944
v 183.385817 0.717306 -0.204754
v 186.483467 1.583761 -0.151567
v 180.602051 3.678185 -0.543144
v 193.135506 61.982459 -8.502899
v 191.357654 64.423263 -8.388259
v 195.210021 57.116794 -4.802381
v 177.574172 22.641689 6.773770
v 178.246458 22.216746 9.449878
v 179.348021 27.594960 8.522582
v 193.583456 48.822146 4.649987
v 195.061395 48.475217 5.814532
v 192.661501 52.875262 8.378088
v 188.902065 86.204171 -6.354829
v 189.525998 87.222195 -5.405232
v 189.507872 86.010838 -5.366308
v 185.992846 86.511779 -7.013109
v 186.084019 86.044771 -6.193718
v 185.487312 85.707206 -6.160721
v 189.151241 81.781155 -2.360086
v 189.186780 81.943792 -2.496202
v 188.974283 81.806785 -2.465488
v 186.531798 23.438612 -3.802518
v 185.563028 18.071983 -5.574523
v 185.816649 24.867857 -6.119479
v 182.079314 80.601371 -11.595078
v 180.025376 83.096755 -7.336368
v 184.545145 83.967531 -10.818259
v 182.010993 31.586075 10.140507
v 179.348021 27.594960 8.522582
v 182.165486 28.009465 10.028967
v 185.816649 24.867857 -6.119479
v 187.611642 30.409935 -5.912591
v 187.602525 25.789592 -3.876748
v 197.513051 51.881819 4.879085
v 197.461303 50.342678 3.918209
v 196.906191 51.091694 2.391326
v 179.687344 87.661255 1.029415
v 180.261867 86.193365 -1.787290
v 179.291274 86.154843 1.054241
v 185.442642 82.625211 -9.041518
v 185.599025 82.580173 -9.893316
v 185.335580 82.455343 -9.896011
v 182.551247 63.780224 13.768989
v 181.557480 64.965647 12.328763
v 184.850000 59.543675 11.550004
v 181.171858 0.272626 5.334384
v 181.428453 1.431376 4.747548
v 185.795756 0.333088 5.232002
v 178.177916 48.138804 -0.537617
v 181.341529 45.602486 -2.956998
v 181.979374 46.650070 0.408494
v 187.176261 87.767524 -3.682846
v 187.909922 88.046837 -3.491760
v 187.198150 87.267327 -2.263976
v 184.941522 82.975311 -9.085734
v 184.823546 82.822705 -8.579341
v 184.570541 83.453495 -8.452316
v 180.664451 77.630014 -10.677188
v 178.886678 81.494779 -6.565057
v 182.079314 80.601371 -11.595078
v 195.200325 56.837672 -5.983998
v 192.821129 60.848922 -9.427080
v 193.135506 61.982459 -8.502899
v 186.082975 85.940099 -6.075623
v 186.019691 87.529749 -6.570510
v 186.210510 86.351568 -5.983345
v 188.792948 78.652060 -8.546234
v 186.444278 82.204378 -9.650180
v 186.382426 81.815797 -8.119009
v 186.843643 85.543579 -6.309323
v 186.082975 85.940099 -6.075623
v 186.084019 86.044771 -6.193718
v 177.808324 3.555185 -2.315242
v 178.859552 20.779759 -2.960372
v 177.674024 7.374073 -4.338069
v 180.602051 3.678185 -0.543144
v 179.781431 7.664067 -0.352077
v 177.808324 3.555185 -2.315242
v 192.989842 48.887848 3.704029
v 193.583456 48.822146 4.649987
v 193.251992 53.442483 7.126476
v 187.028510 88.334191 -5.352715
v 186.210510 86.351568 -5.983345
v 185.595636 90.040696 -6.099788
v 178.676400 83.778388 0.349438
v 177.063553 82.254386 3.949016
v 178.960022 84.775460 1.763520
v 190.135259 1.888012 8.541782
v 185.132662 2.902084 8.680935
v 190.175512 1.457118 10.033644
v 180.684816 45.617479 3.110015
v 182.175737 36.822888 2.287399
v 180.023278 35.048267 4.407030
v 187.067186 64.248156 8.752246
v 185.811517 66.540676 9.155761
v 185.688672 63.190955 9.397443
v 188.241674 83.256507 -5.353794
v 187.715459 83.750332 -5.761732
v 188.195336 83.598030 -5.488092
v 197.127470 52.103375 5.117474
v 196.600023 52.160214 5.721423
v 197.196522 52.060460 5.731703
v 184.907215 85.676569 4.526349
v 183.231683 84.713840 4.843393
v 184.480701 84.573090 4.560308
v 192.821129 60.848922 -9.427080
v 190.956449 65.912455 -10.376247
v 193.135506 61.982459 -8.502899
v 186.837874 65.198790 12.353384
v 185.421002 66.933733 9.741841
v 185.011322 69.751912 9.349031
v 191.544452 1.289516 7.178623
v 185.476106 3.979999 7.310498
v 190.135259 1.888012 8.541782
v 186.483467 1.583761 -0.151567
v 188.700910 2.256954 -1.349304
v 184.771788 4.214609 -1.562550
v 178.246458 22.216746 9.449878
v 180.589161 21.050751 10.796540
v 182.165486 28.009465 10.028967
v 186.369529 77.670031 8.464542
v 185.176304 75.520950 9.796439
v 185.725636 75.373911 9.125659
v 185.454630 64.310605 -8.616665
v 182.666481 65.619386 -7.118170
v 184.973032 66.574908 -7.730384
v 189.008423 69.347108 -6.841797
v 188.641592 69.535422 -6.974943
v 189.250049 70.770985 -6.862652
v 188.725596 88.002050 -2.502342
v 190.458275 86.635506 0.864727
v 189.314034 86.189145 -0.417926
v 183.665180 83.613480 -9.111497
v 185.101945 83.139199 -8.700019
v 184.941694 83.605922 -9.663284
v 181.934796 10.400730 4.694960
v 179.390142 11.187124 4.924442
v 179.691387 19.274661 3.804231
v 179.860830 93.995929 -2.029941
v 179.211173 90.080941 -0.724149
v 179.725365 93.518979 1.170551
v 180.510340 87.262834 -4.735885
v 181.879086 87.510825 -6.371515
v 180.661058 87.215406 -4.536690
v 195.979207 53.200733 -4.851345
v 195.465451 55.503159 -5.726259
v 196.646294 53.832048 -4.317593
v 180.649883 84.166938 5.474792
v 179.160226 84.585333 3.458830
v 180.075922 83.627242 9.430143
v 188.725596 88.002050 -2.502342
v 189.314034 86.189145 -0.417926
v 187.909922 88.046837 -3.491760
v 182.081188 68.494749 9.402056
v 183.006243 63.260048 10.634141
v 180.429739 70.717180 10.163657
v 188.225725 90.580988 -3.397979
v 187.996484 90.669572 -4.554853
v 187.425987 91.351253 -5.239419
v 186.943742 83.818817 -1.846421
v 186.855575 83.275431 -2.009499
v 186.963711 83.439034 -1.967566
v 190.313673 1.011651 0.030584
v 190.500696 0.183666 -2.382338
v 190.758114 1.016688 -2.058162
v 185.248489 24.021616 8.187725
v 190.137485 43.657594 10.100777
v 184.913118 27.081582 9.152966
v 182.623659 84.269953 -7.668355
v 183.406346 84.148086 -7.903869
v 183.647632 83.779407 -8.018180
v 194.508830 53.442191 5.283163
v 192.989842 48.887848 3.704029
v 193.251992 53.442483 7.126476
v 193.702662 49.539101 1.638346
v 194.533432 52.860564 -1.155639
v 194.353480 49.244189 -0.127439
v 187.425987 91.351253 -5.239419
v 190.691933 92.457902 -1.401595
v 188.225725 90.580988 -3.397979
v 189.094732 81.735527 -2.449490
v 189.231851 81.720292 -2.757574
v 188.974283 81.806785 -2.465488
v 180.080902 0.000001 -4.831542
v 180.978287 0.590492 -5.422450
v 182.891397 0.014198 -4.098345
v 188.340207 69.949048 8.451852
v 185.183571 68.829155 8.827241
v 185.811517 66.540676 9.155761
v 178.960478 47.670145 -5.311265
v 178.522775 51.918096 -6.570274
v 180.428813 47.653998 -8.207329
v 180.386907 86.767060 3.890551
v 180.304618 86.054176 3.816914
v 180.039124 88.119310 3.919208
v 184.880618 58.670604 11.184859
v 188.787753 55.914914 10.944403
v 186.365319 58.865433 12.757195
v 184.771788 4.214609 -1.562550
v 184.563279 3.952044 -2.705356
v 183.797712 7.194799 -1.539944
v 184.069431 9.727597 7.445514
v 185.248489 24.021616 8.187725
v 183.798922 5.858707 8.208242
v 189.746856 98.589533 0.872049
v 191.599357 97.063243 0.222627
v 189.614240 97.823655 -1.815098
v 179.961851 57.281954 -6.733635
v 182.038754 52.183498 -9.789701
v 178.522775 51.918096 -6.570274
v 182.826097 65.654474 8.857023
v 182.018725 68.188923 8.915029
v 181.607238 65.181821 8.501628
v 189.989775 54.591178 9.189021
v 190.972546 52.869892 6.578169
v 190.182585 56.039917 8.530095
v 183.083350 42.841274 -8.825002
v 181.578482 43.862531 -6.922479
v 180.428813 47.653998 -8.207329
v 192.946797 53.293037 -3.520168
v 192.995112 53.383004 -4.828953
v 193.512735 53.636980 -3.936967
v 184.880618 58.670604 11.184859
v 184.164649 56.452936 11.394430
v 187.362115 55.257558 11.148726
v 188.744782 96.749901 3.580296
v 184.757690 98.510754 3.081731
v 187.772936 95.795411 4.328104
v 196.256635 55.137133 -2.965094
v 196.141431 53.689038 -1.121826
v 196.676222 52.872180 -0.982424
v 190.691933 92.457902 -1.401595
v 191.891392 95.788872 -0.292404
v 191.112830 92.817121 1.210819
v 190.691933 92.457902 -1.401595
v 191.112830 92.817121 1.210819
v 190.564255 92.346918 0.200971
v 180.261867 86.193365 -1.787290
v 179.174409 84.147823 -2.632307
v 179.291274 86.154843 1.054241
v 190.109148 76.226985 -6.554885
v 189.318240 75.851256 -7.330219
v 188.629730 78.656858 -6.532423
v 197.127470 52.103375 5.117474
v 197.513051 51.881819 4.879085
v 196.287593 51.317166 3.963012
v 189.525998 87.222195 -5.405232
v 188.902065 86.204171 -6.354829
v 188.842853 88.222551 -5.626917
v 189.020838 71.804345 -7.700710
v 188.782179 74.804050 -7.489643
v 189.250049 70.770985 -6.862652
v 196.141431 53.689038 -1.121826
v 196.256635 55.137133 -2.965094
v 196.181141 53.435158 -0.766829
v 181.693570 1.827437 9.652994
v 178.484252 3.575468 8.266810
v 179.655139 0.773567 9.199556
v 189.989775 54.591178 9.189021
v 190.318743 56.078117 8.869329
v 190.305362 54.635321 9.643908
v 180.386907 86.767060 3.890551
v 180.039124 88.119310 3.919208
v 179.536622 87.510759 2.403605
v 190.990329 48.744166 1.959666
v 191.698859 48.037332 1.013956
v 192.075400 48.066568 2.638019
v 184.818661 87.807137 4.284869
v 182.621736 85.556531 4.356883
v 183.231683 84.713840 4.843393
v 197.721658 51.458847 0.807333
v 196.838212 51.484560 -2.927268
v 197.176741 52.735066 -1.713225
v 190.375723 75.910603 6.091650
v 191.252435 72.901177 5.164917
v 192.904766 74.264395 -2.515379
v 178.584766 2.761633 -4.618978
v 181.711209 21.300710 -7.246700
v 183.303800 18.656502 -7.186559
v 188.193430 62.819642 -11.800053
v 187.993995 60.624767 -10.083011
v 186.105953 64.476705 -11.299659
v 183.752698 60.164749 10.855317
v 181.563876 56.645095 10.550334
v 184.164649 56.452936 11.394430
v 189.908337 58.826160 9.361912
v 191.533715 57.824516 9.879541
v 193.251992 53.442483 7.126476
v 179.390142 11.187124 4.924442
v 182.282680 3.105646 4.516633
v 179.369035 6.624192 4.710991
v 180.684816 45.617479 3.110015
v 181.979374 46.650070 0.408494
v 182.669701 45.289803 1.360215
v 186.837874 65.198790 12.353384
v 186.075833 65.961044 13.736383
v 188.124478 62.746965 13.296742
v 192.989842 48.887848 3.704029
v 193.702662 49.539101 1.638346
v 192.814832 48.617857 3.102993
v 179.689279 91.919357 1.446271
v 179.681990 91.634769 1.740352
v 179.638309 92.025483 1.149416
v 189.318240 75.851256 -7.330219
v 188.782179 74.804050 -7.489643
v 189.136953 74.127072 -8.680339
v 188.225725 90.580988 -3.397979
v 190.691933 92.457902 -1.401595
v 190.458436 90.578425 -2.022567
v 185.816649 24.867857 -6.119479
v 184.054602 26.395098 -6.844990
v 185.511345 31.380514 -7.077345
v 196.287593 51.317166 3.963012
v 195.543037 52.811389 4.419826
v 196.600023 52.160214 5.721423
v 180.696213 86.584067 3.874816
v 180.039124 88.119310 3.919208
v 180.534476 86.162919 3.997590
v 188.902065 86.204171 -6.354829
v 187.864991 84.505731 -5.978421
v 188.249980 86.474794 -5.943130
v 195.892131 49.016237 -1.722908
v 196.838212 51.484560 -2.927268
v 197.062599 48.987764 -1.572195
v 178.859552 20.779759 -2.960372
v 180.961552 26.925022 -1.531128
v 180.650982 27.665854 -4.081940
v 192.309194 48.685896 2.952954
v 191.861917 49.343103 4.068040
v 192.451688 48.378676 3.479110
v 191.891392 95.788872 -0.292404
v 191.187155 95.907783 -1.861062
v 191.599357 97.063243 0.222627
v 185.335580 82.455343 -9.896011
v 184.538515 82.984907 -8.130497
v 184.823546 82.822705 -8.579341
v 197.632122 49.180119 3.718864
v 196.214115 49.028902 4.789768
v 196.950686 48.354896 3.502456
v 191.180754 48.388963 4.990308
v 191.145184 46.337559 8.905905
v 191.239263 44.216948 5.973251
v 186.895183 83.073634 -1.731570
v 187.182580 83.542532 -1.808862
v 186.729662 81.192690 -0.706136
v 180.282464 52.511471 11.162662
v 177.986525 50.816631 8.408786
v 182.137301 47.843551 12.342496
v 185.903355 0.351977 9.930316
v 186.640348 0.889402 10.587931
v 179.655139 0.773567 9.199556
v 195.799255 55.672860 -4.961144
v 195.210021 57.116794 -4.802381
v 195.684619 56.125116 -3.820145
v 182.818660 11.733645 -1.020747
v 185.482284 21.002302 -2.283577
v 185.220833 23.940334 -0.834194
v 189.154952 75.459068 7.771582
v 188.340207 69.949048 8.451852
v 190.200852 73.798364 7.307516
v 186.494594 62.699037 10.105203
v 186.837874 65.198790 12.353384
v 188.403020 62.403088 10.780694
v 189.927064 48.473292 1.353553
v 190.990329 48.744166 1.959666
v 190.099134 48.389071 2.584103
v 187.223179 1.095944 5.080591
v 185.795756 0.333088 5.232002
v 182.282680 3.105646 4.516633
v 195.543037 52.811389 4.419826
v 194.508830 53.442191 5.283163
v 194.107831 53.919821 7.058185
v 182.943426 85.291064 -6.515749
v 182.403294 86.305559 -6.046062
v 184.882656 84.888256 -6.882948
v 188.691237 77.792043 -8.281102
v 188.061049 73.769999 -12.203124
v 188.792948 78.652060 -8.546234
v 186.444278 82.204378 -9.650180
v 188.792948 78.652060 -8.546234
v 186.014714 82.200575 -10.613658
v 177.374497 6.118477 7.125650
v 177.767144 3.388852 7.274658
v 177.740071 6.038708 8.348277
v 178.333547 0.221682 6.664115
v 177.495892 1.151502 6.483895
v 178.462644 0.748188 5.434787
v 190.099310 50.221551 -10.056625
v 192.224713 50.757563 -7.813325
v 191.756010 41.566297 -6.611085
v 195.199412 56.436252 -4.433038
v 195.465451 55.503159 -5.726259
v 194.640243 56.676399 -3.743505
v 184.941694 83.605922 -9.663284
v 185.335580 82.455343 -9.896011
v 185.485460 82.563317 -10.062943
v 189.651584 90.345388 3.418416
v 189.352157 92.407149 3.383637
v 187.901357 89.230108 3.976886
v 195.210021 57.116794 -4.802381
v 195.200325 56.837672 -5.983998
v 193.135506 61.982459 -8.502899
v 181.029729 85.983724 -4.864524
v 182.403294 86.305559 -6.046062
v 181.573612 84.917361 -6.276849
v 179.876488 89.287007 1.633226
v 179.410092 90.574581 1.881383
v 179.647222 89.111352 1.910095
v 191.533715 57.824516 9.879541
v 188.124478 62.746965 13.296742
v 189.787263 58.884828 12.490739
v 185.495799 98.408145 -3.517449
v 184.111549 99.456680 -2.170348
v 186.269680 99.473906 -1.351470
v 180.505332 84.769273 4.073488
v 180.534476 86.162919 3.997590
v 179.160226 84.585333 3.458830
v 187.955228 82.953477 -5.736334
v 185.082239 83.549726 -6.976898
v 185.487312 85.707206 -6.160721
v 184.818661 87.807137 4.284869
v 184.907215 85.676569 4.526349
v 184.726702 86.575830 2.971585
v 182.955256 76.523203 -12.841618
v 180.664451 77.630014 -10.677188
v 182.079314 80.601371 -11.595078
v 185.710098 43.311330 12.045684
v 182.165486 28.009465 10.028967
v 187.591429 46.034192 12.044094
v 189.770615 2.120006 6.145633
v 191.453572 0.760185 6.319515
v 189.760093 1.137822 5.249256
v 186.105953 64.476705 -11.299659
v 182.144350 75.391478 -11.272697
v 183.563475 72.991563 -12.641641
v 185.616083 73.993749 -13.464753
v 185.348529 77.130145 -13.224674
v 188.061049 73.769999 -12.203124
v 180.533986 29.694662 2.996371
v 180.023278 35.048267 4.407030
v 182.175737 36.822888 2.287399
v 188.225725 90.580988 -3.397979
v 187.881705 89.968795 -3.750128
v 187.996484 90.669572 -4.554853
v 186.014714 82.200575 -10.613658
v 185.683581 82.392872 -10.826111
v 185.758167 82.313955 -10.618415
v 177.689259 12.639183 6.841574
v 179.390142 11.187124 4.924442
v 177.374497 6.118477 7.125650
v 187.864991 84.505731 -5.978421
v 188.594325 85.577595 -4.645566
v 188.195336 83.598030 -5.488092
v 188.691237 77.792043 -8.281102
v 189.318240 75.851256 -7.330219
v 189.136953 74.127072 -8.680339
v 179.508340 89.594686 1.562377
v 179.647222 89.111352 1.910095
v 179.631127 89.378274 1.575287
v 183.426524 20.872146 -0.473597
v 179.781431 7.664067 -0.352077
v 182.818660 11.733645 -1.020747
v 182.341059 90.086359 -5.869021
v 183.663753 87.756670 -6.478918
v 181.879086 87.510825 -6.371515
v 180.602051 3.678185 -0.543144
v 184.403720 3.652138 -0.686853
v 181.695865 5.180478 -0.050101
v 177.242198 48.808706 6.262514
v 177.698058 48.173142 2.444449
v 178.867467 46.091750 5.590422
v 180.961552 26.925022 -1.531128
v 182.133073 30.101630 0.031471
v 184.115995 39.023626 0.868710
v 184.253128 69.236738 -8.406127
v 182.666481 65.619386 -7.118170
v 181.490693 70.762450 -8.523540
v 184.913118 27.081582 9.152966
v 187.591429 46.034192 12.044094
v 182.165486 28.009465 10.028967
v 190.375723 75.910603 6.091650
v 191.876269 75.950283 -4.345127
v 190.356381 77.488297 -3.397132
v 189.020838 71.804345 -7.700710
v 188.834171 69.954688 -7.253825
v 190.637039 66.171318 -8.300108
v 185.132662 2.902084 8.680935
v 181.693570 1.827437 9.652994
v 186.640348 0.889402 10.587931
v 193.512735 53.636980 -3.936967
v 194.262907 51.939028 -2.419050
v 194.533432 52.860564 -1.155639
v 188.410209 89.080560 -4.808293
v 187.028510 88.334191 -5.352715
v 187.996484 90.669572 -4.554853
v 184.253128 69.236738 -8.406127
v 183.240314 72.056771 -10.386447
v 185.727310 66.169715 -8.630586
v 179.520449 72.152406 12.504360
v 181.557480 64.965647 12.328763
v 182.551247 63.780224 13.768989
v 196.235814 53.573149 6.207882
v 196.813920 52.674054 6.172089
v 197.513051 51.881819 4.879085
v 177.661883 65.847683 4.147401
v 178.720939 61.589075 -0.258434
v 178.896788 63.800287 4.931971
v 196.748607 52.154993 6.383933
v 197.280248 50.561844 5.530815
v 197.196522 52.060460 5.731703
v 188.881222 1.061147 10.476531
v 186.640348 0.889402 10.587931
v 188.051899 0.322616 9.795503
v 183.006243 63.260048 10.634141
v 182.822161 65.910703 9.653559
v 182.826097 65.654474 8.857023
v 182.937907 46.827359 -10.037724
v 182.038754 52.183498 -9.789701
v 187.491882 50.185490 -10.984323
v 178.130507 3.295571 5.927507
v 179.369035 6.624192 4.710991
v 181.428453 1.431376 4.747548
v 192.946797 53.293037 -3.520168
v 192.629962 48.402959 -0.068320
v 192.995112 53.383004 -4.828953
v 192.629962 48.402959 -0.068320
v 193.261068 45.577878 -4.495922
v 192.995112 53.383004 -4.828953
v 189.892517 80.154765 -6.114960
v 187.006927 81.376112 -6.238353
v 187.955228 82.953477 -5.736334
v 187.851943 78.389287 4.615331
v 188.090317 79.991281 -1.216696
v 185.810799 81.894624 1.756261
v 179.865290 91.848970 1.457560
v 179.689279 91.919357 1.446271
v 179.638309 92.025483 1.149416
v 177.301754 1.075382 -2.451216
v 177.772406 0.748659 -4.808200
v 178.170333 0.027151 -3.545242
v 183.563475 72.991563 -12.641641
v 188.193430 62.819642 -11.800053
v 186.105953 64.476705 -11.299659
v 192.308778 51.144862 0.328789
v 192.946797 53.293037 -3.520168
v 192.720126 54.681420 -3.047417
v 190.200852 73.798364 7.307516
v 191.252435 72.901177 5.164917
v 190.375723 75.910603 6.091650
v 186.382426 81.815797 -8.119009
v 185.442642 82.625211 -9.041518
v 185.101945 83.139199 -8.700019
v 180.075922 83.627242 9.430143
v 178.020605 81.589198 9.509478
v 180.065594 82.829338 10.753827
v 190.416813 63.307136 -6.130951
v 192.301276 57.999569 -4.551508
v 192.139006 59.622240 -5.099335
v 192.223961 47.053712 -0.813844
v 192.629962 48.402959 -0.068320
v 191.698859 48.037332 1.013956
v 193.451746 59.334021 0.144542
v 192.308778 51.144862 0.328789
v 192.720126 54.681420 -3.047417
v 191.145184 46.337559 8.905905
v 190.413182 40.507969 7.830780
v 191.239263 44.216948 5.973251
v 193.630231 57.566815 -4.222936
v 193.284710 55.279726 -3.867871
v 194.841977 54.141646 -1.655561
v 180.374774 45.906860 -5.177465
v 180.428813 47.653998 -8.207329
v 181.578482 43.862531 -6.922479
v 189.447297 51.321899 11.127514
v 190.137485 43.657594 10.100777
v 191.145184 46.337559 8.905905
v 183.710085 84.473336 -8.289192
v 183.769100 83.759565 -7.346026
v 183.734175 84.187186 -8.111700
v 190.809471 94.592738 2.696575
v 187.772936 95.795411 4.328104
v 189.352157 92.407149 3.383637
v 193.868596 54.492371 9.739887
v 194.058628 53.543370 9.643429
v 195.506770 53.265654 7.973132
v 187.176261 87.767524 -3.682846
v 187.198150 87.267327 -2.263976
v 187.500658 85.413343 -2.769305
v 182.282680 3.105646 4.516633
v 181.428453 1.431376 4.747548
v 179.369035 6.624192 4.710991
v 190.200852 73.798364 7.307516
v 188.340207 69.949048 8.451852
v 187.224773 66.937339 8.466324
v 187.224773 66.937339 8.466324
v 190.379596 69.717115 6.450896
v 190.200852 73.798364 7.307516
v 179.865290 91.848970 1.457560
v 179.638309 92.025483 1.149416
v 179.211173 90.080941 -0.724149
v 184.591788 5.211627 6.259581
v 184.069431 9.727597 7.445514
v 184.520298 4.630261 7.625370
v 196.838212 51.484560 -2.927268
v 195.086276 51.564282 -3.041879
v 195.979207 53.200733 -4.851345
v 186.312689 84.286499 -1.758284
v 186.155945 83.820224 0.197906
v 186.145520 82.581645 -1.021995
v 184.823546 82.822705 -8.579341
v 185.101945 83.139199 -8.700019
v 184.570541 83.453495 -8.452316
v 186.843643 85.543579 -6.309323
v 187.028510 88.334191 -5.352715
v 187.364976 86.995542 -6.344953
v 180.039124 88.119310 3.919208
v 180.022681 88.361156 2.206074
v 179.536622 87.510759 2.403605
v 183.000420 84.726524 3.505414
v 184.480701 84.573090 4.560308
v 183.076169 84.572113 3.444947
v 176.292391 74.726510 5.984597
v 177.417678 73.675215 9.291700
v 177.004577 76.054323 9.374438
v 179.635637 20.723016 -1.338292
v 177.808324 3.555185 -2.315242
v 179.781431 7.664067 -0.352077
v 177.693151 3.400732 -3.695566
v 177.301754 1.075382 -2.451216
v 177.808324 3.555185 -2.315242
v 183.563475 72.991563 -12.641641
v 185.616083 73.993749 -13.464753
v 188.193430 62.819642 -11.800053
v 179.961851 57.281954 -6.733635
v 180.684602 63.810313 -6.041849
v 182.484539 62.099487 -8.557810
v 182.038754 52.183498 -9.789701
v 180.428813 47.653998 -8.207329
v 178.522775 51.918096 -6.570274
v 188.370489 88.021702 -4.031758
v 188.594325 85.577595 -4.645566
v 189.507872 86.010838 -5.366308
v 182.441254 80.931604 11.682384
v 182.690805 82.644754 10.153881
v 180.065594 82.829338 10.753827
v 179.681990 91.634769 1.740352
v 181.104266 95.772827 2.647972
v 179.725365 93.518979 1.170551
v 197.176741 52.735066 -1.713225
v 196.838212 51.484560 -2.927268
v 196.646294 53.832048 -4.317593
v 194.640243 56.676399 -3.743505
v 196.256635 55.137133 -2.965094
v 195.684619 56.125116 -3.820145
v 187.379210 88.073313 3.565453
v 189.651584 90.345388 3.418416
v 187.901357 89.230108 3.976886
v 192.903981 56.725615 2.651096
v 193.451746 59.334021 0.144542
v 192.409097 60.654801 4.939285
v 187.731188 86.267626 -0.148218
v 187.909922 88.046837 -3.491760
v 189.314034 86.189145 -0.417926
v 186.850816 24.679634 -2.429545
v 187.602525 25.789592 -3.876748
v 188.436987 27.042595 -2.482874
v 184.294033 85.367560 3.169380
v 184.604690 82.899308 2.641568
v 186.063996 85.032916 1.495647
v 188.923683 43.892282 1.286831
v 189.927064 48.473292 1.353553
v 188.662003 43.743551 1.834357
v 191.239263 44.216948 5.973251
v 190.790158 47.216779 4.034543
v 191.180754 48.388963 4.990308
v 190.825281 89.566928 1.502890
v 190.708648 90.149802 -0.181356
v 191.615432 91.021144 1.564009
v 188.403020 62.403088 10.780694
v 189.908337 58.826160 9.361912
v 186.494594 62.699037 10.105203
v 178.130507 3.295571 5.927507
v 179.390142 11.187124 4.924442
v 179.369035 6.624192 4.710991
v 186.382426 81.815797 -8.119009
v 186.444278 82.204378 -9.650180
v 185.442642 82.625211 -9.041518
v 196.748607 52.154993 6.383933
v 196.747043 52.441000 5.885515
v 196.813920 52.674054 6.172089
v 178.909771 58.764631 -2.808443
v 178.720939 61.589075 -0.258434
v 179.047387 61.907006 -2.560078
v 181.079480 98.289669 -0.661106
v 182.806102 98.649061 -2.698751
v 180.886805 96.016711 -2.967166
v 183.665180 83.613480 -9.111497
v 184.570541 83.453495 -8.452316
v 185.101945 83.139199 -8.700019
v 180.534476 86.162919 3.997590
v 180.505332 84.769273 4.073488
v 180.901708 85.994464 4.170126
v 184.850000 59.543675 11.550004
v 181.557480 64.965647 12.328763
v 183.801360 61.188042 11.253759
v 195.061395 48.475217 5.814532
v 192.727855 53.817206 9.947090
v 192.661501 52.875262 8.378088
v 188.410209 89.080560 -4.808293
v 187.881705 89.968795 -3.750128
v 188.370489 88.021702 -4.031758
v 179.047387 61.907006 -2.560078
v 178.720939 61.589075 -0.258434
v 177.655161 65.516735 -0.623203
v 178.856570 27.084798 6.536707
v 177.574172 22.641689 6.773770
v 179.348021 27.594960 8.522582
v 185.616083 73.993749 -13.464753
v 188.061049 73.769999 -12.203124
v 190.956449 65.912455 -10.376247
v 188.051899 0.322616 9.795503
v 190.029762 0.303602 9.476684
v 188.881222 1.061147 10.476531
v 186.210510 86.351568 -5.983345
v 186.019691 87.529749 -6.570510
v 185.595636 90.040696 -6.099788
v 186.963711 83.439034 -1.967566
v 187.182580 83.542532 -1.808862
v 186.895183 83.073634 -1.731570
v 190.990329 48.744166 1.959666
v 189.927064 48.473292 1.353553
v 191.698859 48.037332 1.013956
v 197.762735 49.513739 -0.419973
v 196.838212 51.484560 -2.927268
v 197.721658 51.458847 0.807333
v 181.490693 70.762450 -8.523540
v 181.855714 73.853857 -9.989378
v 183.303642 72.362382 -9.571684
v 195.506770 53.265654 7.973132
v 194.058628 53.543370 9.643429
v 196.748607 52.154993 6.383933
v 186.830227 93.663103 -5.323137
v 187.425987 91.351253 -5.239419
v 185.595636 90.040696 -6.099788
v 184.748717 87.232685 -7.305372
v 186.019691 87.529749 -6.570510
v 185.992846 86.511779 -7.013109
v 180.961552 26.925022 -1.531128
v 181.353595 32.298425 -4.797728
v 180.650982 27.665854 -4.081940
v 180.160933 65.827430 -5.935420
v 181.490693 70.762450 -8.523540
v 182.666481 65.619386 -7.118170
v 190.956449 65.912455 -10.376247
v 190.324503 62.778574 -11.498253
v 185.616083 73.993749 -13.464753
v 182.133073 30.101630 0.031471
v 180.961552 26.925022 -1.531128
v 181.953705 24.715573 -0.355737
v 186.531798 23.438612 -3.802518
v 184.414275 10.280884 -2.987557
v 183.787779 4.797715 -3.819644
v 179.519774 61.045379 7.085703
v 181.563876 56.645095 10.550334
v 181.607238 65.181821 8.501628
v 189.352157 92.407149 3.383637
v 186.706643 92.064869 3.999909
v 187.901357 89.230108 3.976886
v 190.987268 46.773103 0.500692
v 189.927064 48.473292 1.353553
v 188.923683 43.892282 1.286831
v 196.747043 52.441000 5.885515
v 196.090299 53.467768 5.380370
v 197.127470 52.103375 5.117474
v 185.844671 81.901765 -11.193211
v 184.204412 82.326872 -11.834102
v 185.874779 82.439924 -11.321241
v 189.136953 74.127072 -8.680339
v 188.782179 74.804050 -7.489643
v 189.020838 71.804345 -7.700710
v 180.534476 86.162919 3.997590
v 180.039124 88.119310 3.919208
v 180.304618 86.054176 3.816914
v 184.604690 82.899308 2.641568
v 184.971109 81.844085 4.561112
v 185.810799 81.894624 1.756261
v 189.752486 98.015201 2.516901
v 188.744782 96.749901 3.580296
v 190.809471 94.592738 2.696575
v 179.348021 27.594960 8.522582
v 178.246458 22.216746 9.449878
v 182.165486 28.009465 10.028967
v 180.778337 79.284209 12.636502
v 180.577967 74.065464 13.784822
v 183.182895 76.939940 12.924702
v 186.483467 1.583761 -0.151567
v 187.690332 0.083411 -0.583967
v 188.426743 0.951201 0.223031
v 187.690332 0.083411 -0.583967
v 183.385817 0.717306 -0.204754
v 183.068345 0.106979 -1.303477
v 184.882656 84.888256 -6.882948
v 182.403294 86.305559 -6.046062
v 184.719800 85.933352 -7.316014
v 182.403294 86.305559 -6.046062
v 183.663753 87.756670 -6.478918
v 184.719800 85.933352 -7.316014
v 183.006243 63.260048 10.634141
v 183.801360 61.188042 11.253759
v 181.557480 64.965647 12.328763
v 183.182895 76.939940 12.924702
v 186.075833 65.961044 13.736383
v 184.864583 78.958386 9.735961
v 191.357654 64.423263 -8.388259
v 190.956449 65.912455 -10.376247
v 190.637039 66.171318 -8.300108
v 180.374774 45.906860 -5.177465
v 178.960478 47.670145 -5.311265
v 180.428813 47.653998 -8.207329
v 190.175512 1.457118 10.033644
v 186.640348 0.889402 10.587931
v 188.881222 1.061147 10.476531
v 180.649883 84.166938 5.474792
v 180.505332 84.769273 4.073488
v 179.160226 84.585333 3.458830
v 193.261068 45.577878 -4.495922
v 191.756010 41.566297 -6.611085
v 192.224713 50.757563 -7.813325
v 186.063996 85.032916 1.495647
v 186.115379 87.527078 2.547803
v 184.726702 86.575830 2.971585
v 181.079480 98.289669 -0.661106
v 183.338303 99.156618 1.646630
v 184.111549 99.456680 -2.170348
v 180.075922 83.627242 9.430143
v 179.160226 84.585333 3.458830
v 178.020605 81.589198 9.509478
v 195.500519 47.906613 0.837354
v 194.353480 49.244189 -0.127439
v 195.892131 49.016237 -1.722908
v 195.612501 52.913105 -0.472496
v 196.906191 51.091694 2.391326
v 196.181141 53.435158 -0.766829
v 183.182895 76.939940 12.924702
v 184.864583 78.958386 9.735961
v 182.441254 80.931604 11.682384
v 196.813920 52.674054 6.172089
v 195.887290 53.582024 7.008084
v 196.008024 53.058993 6.554113
v 194.841977 54.141646 -1.655561
v 195.840991 53.536683 -0.862392
v 196.181141 53.435158 -0.766829
v 195.274062 54.255234 7.774485
v 196.235814 53.573149 6.207882
v 195.779944 53.556108 6.895713
v 181.079480 98.289669 -0.661106
v 179.860830 93.995929 -2.029941
v 179.725365 93.518979 1.170551
v 187.067186 64.248156 8.752246
v 187.224773 66.937339 8.466324
v 185.811517 66.540676 9.155761
v 187.409530 0.222039 6.634143
v 181.171858 0.272626 5.334384
v 185.795756 0.333088 5.232002
v 179.194012 72.321647 9.272504
v 178.269855 71.300912 8.585595
v 180.800237 71.177757 9.157431
v 179.961851 57.281954 -6.733635
v 178.522775 51.918096 -6.570274
v 177.701633 53.872693 -3.952854
v 187.996484 90.669572 -4.554853
v 187.028510 88.334191 -5.352715
v 187.425987 91.351253 -5.239419
v 179.685491 43.528867 7.557340
v 180.023278 35.048267 4.407030
v 179.753377 32.495296 8.059318
v 178.856570 27.084798 6.536707
v 179.348021 27.594960 8.522582
v 179.753377 32.495296 8.059318
v 182.511114 84.830761 4.308672
v 183.000420 84.726524 3.505414
v 182.232398 84.773839 3.903081
v 182.522643 84.242714 -8.214851
v 184.545145 83.967531 -10.818259
v 180.025376 83.096755 -7.336368
v 184.480701 84.573090 4.560308
v 183.000420 84.726524 3.505414
v 184.294033 85.367560 3.169380
v 188.195336 83.598030 -5.488092
v 188.140905 83.745581 -3.842102
v 188.536039 82.430053 -4.170483
v 182.430249 98.233879 2.326617
v 183.338303 99.156618 1.646630
v 181.079480 98.289669 -0.661106
v 190.318743 56.078117 8.869329
v 189.908337 58.826160 9.361912
v 193.251992 53.442483 7.126476
v 186.729662 81.192690 -0.706136
v 188.090317 79.991281 -1.216696
v 187.317162 81.352043 -2.297042
v 192.542146 57.395017 -8.877276
v 194.532358 52.570086 -4.738884
v 193.476055 53.625625 -5.218107
v 196.747043 52.441000 5.885515
v 196.600023 52.160214 5.721423
v 196.008024 53.058993 6.554113
v 176.283679 79.689962 5.001342
v 176.292391 74.726510 5.984597
v 177.004577 76.054323 9.374438
v 186.743448 51.882040 12.583071
v 187.362115 55.257558 11.148726
v 184.164649 56.452936 11.394430
v 185.536535 90.367770 3.942127
v 184.754195 91.832471 3.613323
v 184.207872 90.824574 4.313651
v 181.879566 24.097282 3.445789
v 178.225597 21.559268 4.780082
v 179.575801 26.164496 4.417848
v 184.719800 85.933352 -7.316014
v 183.663753 87.756670 -6.478918
v 184.748717 87.232685 -7.305372
v 195.506770 53.265654 7.973132
v 195.887290 53.582024 7.008084
v 195.274062 54.255234 7.774485
v 189.746856 98.589533 0.872049
v 189.614240 97.823655 -1.815098
v 186.269680 99.473906 -1.351470
v 183.390311 84.048307 -6.695534
v 183.769100 83.759565 -7.346026
v 182.623659 84.269953 -7.668355
v 185.175248 23.691734 6.682421
v 185.248489 24.021616 8.187725
v 184.069431 9.727597 7.445514
v 180.696213 86.584067 3.874816
v 179.160226 84.585333 3.458830
v 180.304618 86.054176 3.816914
v 180.429739 70.717180 10.163657
v 180.800237 71.177757 9.157431
v 182.081188 68.494749 9.402056
v 186.142157 3.402298 5.947108
v 189.760093 1.137822 5.249256
v 187.223179 1.095944 5.080591
v 183.798922 5.858707 8.208242
v 184.520298 4.630261 7.625370
v 184.069431 9.727597 7.445514
v 190.458275 86.635506 0.864727
v 190.458436 90.578425 -2.022567
v 190.708648 90.149802 -0.181356
v 183.218922 65.276533 14.447313
v 185.180048 62.082320 14.125878
v 183.998566 68.242573 14.475422
v 189.570070 55.537188 -9.134530
v 190.572678 57.214385 -8.548916
v 192.168676 54.243696 -6.492638
v 190.708648 90.149802 -0.181356
v 190.691933 92.457902 -1.401595
v 190.564255 92.346918 0.200971
v 184.973032 66.574908 -7.730384
v 182.666481 65.619386 -7.118170
v 184.253128 69.236738 -8.406127
v 179.404092 17.131746 10.593162
v 181.962464 18.799060 10.786998
v 180.589161 21.050751 10.796540
v 185.816649 24.867857 -6.119479
v 185.511345 31.380514 -7.077345
v 187.611642 30.409935 -5.912591
v 193.868596 54.492371 9.739887
v 195.274062 54.255234 7.774485
v 194.543679 54.416000 8.610798
v 183.734175 84.187186 -8.111700
v 183.406346 84.148086 -7.903869
v 182.522643 84.242714 -8.214851
v 180.948769 3.344083 -4.837846
v 182.222265 2.035279 -4.886325
v 178.584766 2.761633 -4.618978
v 190.750949 79.290938 -3.003512
v 189.818508 78.450137 -2.656132
v 190.160584 78.214711 -3.123809
v 180.160933 65.827430 -5.935420
v 178.330163 71.357901 -5.331332
v 181.490693 70.762450 -8.523540
v 187.993995 60.624767 -10.083011
v 186.181175 62.174076 -9.312773
v 186.479766 62.873310 -9.717860
v 184.754195 91.832471 3.613323
v 184.618518 93.026042 4.542200
v 184.207872 90.824574 4.313651
v 180.684816 45.617479 3.110015
v 180.023278 35.048267 4.407030
v 179.905830 44.337410 5.191054
v 181.693570 1.827437 9.652994
v 185.132662 2.902084 8.680935
v 182.489782 3.339666 8.858194
v 179.691387 19.274661 3.804231
v 177.689259 12.639183 6.841574
v 178.225597 21.559268 4.780082
v 186.084019 86.044771 -6.193718
v 185.992846 86.511779 -7.013109
v 186.843643 85.543579 -6.309323
v 190.109148 76.226985 -6.554885
v 191.876269 75.950283 -4.345127
v 192.588150 73.796481 -4.317114
v 176.508716 52.570171 3.685478
v 177.242198 48.808706 6.262514
v 177.495942 53.380096 7.237010
v 180.661058 87.215406 -4.536690
v 180.501047 87.567515 -4.478159
v 180.445929 87.415332 -4.447761
v 185.482284 21.002302 -2.283577
v 184.414275 10.280884 -2.987557
v 186.531798 23.438612 -3.802518
v 185.248489 24.021616 8.187725
v 184.913118 27.081582 9.152966
v 183.351902 14.621240 9.975586
v 190.790158 47.216779 4.034543
v 190.071685 43.125715 3.534594
v 190.099134 48.389071 2.584103
v 182.079314 80.601371 -11.595078
v 178.886678 81.494779 -6.565057
v 180.025376 83.096755 -7.336368
v 182.484539 62.099487 -8.557810
v 180.684602 63.810313 -6.041849
v 182.666481 65.619386 -7.118170
v 187.460623 58.752191 -9.573260
v 187.491882 50.185490 -10.984323
v 185.037460 56.100905 -9.841716
v 192.989842 48.887848 3.704029
v 193.325922 48.397505 3.282460
v 193.583456 48.822146 4.649987
v 180.696213 86.584067 3.874816
v 180.901708 85.994464 4.170126
v 182.005667 88.639069 4.529134
v 177.374497 6.118477 7.125650
v 179.390142 11.187124 4.924442
v 178.130507 3.295571 5.927507
v 186.100911 38.006034 0.990288
v 183.575518 28.779417 0.331869
v 185.220833 23.940334 -0.834194
v 185.442642 82.625211 -9.041518
v 186.444278 82.204378 -9.650180
v 185.662924 82.559383 -9.804475
v 180.696213 86.584067 3.874816
v 182.005667 88.639069 4.529134
v 180.039124 88.119310 3.919208
v 184.487940 2.814424 -3.860936
v 187.382472 0.678462 -5.347053
v 182.222265 2.035279 -4.886325
v 189.752486 98.015201 2.516901
v 190.809471 94.592738 2.696575
v 191.599357 97.063243 0.222627
v 192.834427 52.944493 7.641194
v 193.251992 53.442483 7.126476
v 193.583456 48.822146 4.649987
v 184.085618 38.204643 1.589194
v 182.285155 30.382273 2.243165
v 182.175737 36.822888 2.287399
v 185.348529 77.130145 -13.224674
v 184.204412 82.326872 -11.834102
v 186.033333 81.547595 -11.201814
v 195.199412 56.436252 -4.433038
v 195.799255 55.672860 -4.961144
v 195.465451 55.503159 -5.726259
v 189.651584 90.345388 3.418416
v 190.458275 86.635506 0.864727
v 190.825281 89.566928 1.502890
v 189.770615 2.120006 6.145633
v 191.544452 1.289516 7.178623
v 191.453572 0.760185 6.319515
v 181.101838 44.733605 -4.810322
v 181.353595 32.298425 -4.797728
v 181.341529 45.602486 -2.956998
v 181.341529 45.602486 -2.956998
v 181.353595 32.298425 -4.797728
v 180.961552 26.925022 -1.531128
v 184.466928 23.558617 4.991151
v 181.934796 10.400730 4.694960
v 181.879566 24.097282 3.445789
v 190.439569 79.568088 -4.859032
v 190.028687 80.616283 -5.421426
v 189.187356 81.182712 -4.512333
v 188.594325 85.577595 -4.645566
v 187.500658 85.413343 -2.769305
v 187.648091 84.310716 -3.370567
v 178.886678 81.494779 -6.565057
v 177.063553 82.254386 3.949016
v 178.676400 83.778388 0.349438
v 197.762735 49.513739 -0.419973
v 196.652543 47.630429 1.266873
v 197.062599 48.987764 -1.572195
v 189.701348 66.504347 -6.620684
v 189.008423 69.347108 -6.841797
v 189.250049 70.770985 -6.862652
v 190.379596 69.717115 6.450896
v 188.809513 67.158478 8.064757
v 190.603106 64.534550 6.191208
v 187.317162 81.352043 -2.297042
v 188.269056 82.272714 -3.310816
v 187.318358 83.372831 -3.467305
v 181.171858 0.272626 5.334384
v 178.462644 0.748188 5.434787
v 181.428453 1.431376 4.747548
v 177.993353 74.830896 10.455905
v 179.520449 72.152406 12.504360
v 178.980871 75.763309 12.802686
v 178.883663 73.688984 10.040515
v 179.520449 72.152406 12.504360
v 177.993353 74.830896 10.455905
v 187.851943 78.389287 4.615331
v 185.958089 78.903240 8.496855
v 186.369529 77.670031 8.464542
v 182.282680 3.105646 4.516633
v 185.795756 0.333088 5.232002
v 181.428453 1.431376 4.747548
v 183.182895 76.939940 12.924702
v 182.441254 80.931604 11.682384
v 180.778337 79.284209 12.636502
v 197.280248 50.561844 5.530815
v 194.058628 53.543370 9.643429
v 195.061395 48.475217 5.814532
v 189.787263 58.884828 12.490739
v 193.154397 56.137805 9.730280
v 191.533715 57.824516 9.879541
v 187.379210 88.073313 3.565453
v 189.331465 86.384326 1.942273
v 189.651584 90.345388 3.418416
v 186.850816 24.679634 -2.429545
v 186.531798 23.438612 -3.802518
v 187.602525 25.789592 -3.876748
v 180.223585 86.523974 -4.141835
v 180.214267 87.590594 -4.053028
v 180.908756 87.004507 -3.913115
v 178.030427 1.539660 7.889857
v 178.837895 0.287318 8.373964
v 179.655139 0.773567 9.199556
v 179.655139 0.773567 9.199556
v 178.484252 3.575468 8.266810
v 178.030427 1.539660 7.889857
v 180.961552 26.925022 -1.531128
v 183.014479 42.898256 -0.119284
v 181.341529 45.602486 -2.956998
v 183.014479 42.898256 -0.119284
v 182.968535 45.439774 -0.127797
v 181.341529 45.602486 -2.956998
v 188.536039 82.430053 -4.170483
v 189.231851 81.720292 -2.757574
v 189.088183 80.907541 -3.226218
v 182.522643 84.242714 -8.214851
v 180.025376 83.096755 -7.336368
v 181.573612 84.917361 -6.276849
v 190.637039 66.171318 -8.300108
v 189.136953 74.127072 -8.680339
v 189.020838 71.804345 -7.700710
v 190.413182 40.507969 7.830780
v 190.137485 43.657594 10.100777
v 185.248489 24.021616 8.187725
v 184.285557 61.183316 -9.535930
v 185.037460 56.100905 -9.841716
v 182.067048 55.760563 -8.824160
v 180.531254 89.889527 -5.072297
v 181.879086 87.510825 -6.371515
v 180.501047 87.567515 -4.478159
v 181.879086 87.510825 -6.371515
v 180.510340 87.262834 -4.735885
v 180.501047 87.567515 -4.478159
v 195.045756 48.119288 3.412866
v 195.500519 47.906613 0.837354
v 196.652543 47.630429 1.266873
v 183.665180 83.613480 -9.111497
v 183.734175 84.187186 -8.111700
v 182.522643 84.242714 -8.214851
v 177.674024 7.374073 -4.338069
v 179.867841 21.561862 -6.076760
v 178.584766 2.761633 -4.618978
v 188.594325 85.577595 -4.645566
v 187.648091 84.310716 -3.370567
v 188.140905 83.745581 -3.842102
v 186.706643 92.064869 3.999909
v 185.536535 90.367770 3.942127
v 187.901357 89.230108 3.976886
v 180.577967 74.065464 13.784822
v 183.218922 65.276533 14.447313
v 183.998566 68.242573 14.475422
v 184.618518 93.026042 4.542200
v 184.754195 91.832471 3.613323
v 186.706643 92.064869 3.999909
v 192.308778 51.144862 0.328789
v 192.629962 48.402959 -0.068320
v 192.946797 53.293037 -3.520168
v 185.011322 69.751912 9.349031
v 185.421002 66.933733 9.741841
v 185.183571 68.829155 8.827241
v 187.006927 81.376112 -6.238353
v 185.534090 82.534480 -7.380874
v 185.082239 83.549726 -6.976898
v 192.531860 42.659795 -2.214729
v 192.223961 47.053712 -0.813844
v 190.987268 46.773103 0.500692
v 179.461413 89.131189 1.471979
v 179.410092 90.574581 1.881383
v 179.508340 89.594686 1.562377
v 177.242198 48.808706 6.262514
v 179.989299 43.844357 9.401713
v 177.986525 50.816631 8.408786
v 192.223961 47.053712 -0.813844
v 193.261068 45.577878 -4.495922
v 192.629962 48.402959 -0.068320
v 194.353480 49.244189 -0.127439
v 194.262907 51.939028 -2.419050
v 195.086276 51.564282 -3.041879
v 187.318358 83.372831 -3.467305
v 187.648091 84.310716 -3.370567
v 186.855575 83.275431 -2.009499
v 183.083350 42.841274 -8.825002
v 182.937907 46.827359 -10.037724
v 185.460247 44.766036 -10.322727
v 178.030427 1.539660 7.889857
v 177.767144 3.388852 7.274658
v 177.495892 1.151502 6.483895
v 186.063996 85.032916 1.495647
v 184.604690 82.899308 2.641568
v 186.155945 83.820224 0.197906
v 190.099310 50.221551 -10.056625
v 189.074506 47.808123 -10.491002
v 187.491882 50.185490 -10.984323
v 193.630231 57.566815 -4.222936
v 195.210021 57.116794 -4.802381
v 192.321180 61.528677 -6.275397
v 184.164649 56.452936 11.394430
v 181.563876 56.645095 10.550334
v 180.282464 52.511471 11.162662
v 191.920629 69.169187 3.208088
v 193.451746 59.334021 0.144542
v 192.572579 66.103750 -2.052073
v 188.662003 43.743551 1.834357
v 187.789563 40.701538 2.077173
v 188.450935 41.174808 1.059143
v 180.374774 45.906860 -5.177465
v 181.578482 43.862531 -6.922479
v 181.101838 44.733605 -4.810322
v 184.054602 26.395098 -6.844990
v 181.711209 21.300710 -7.246700
v 181.778518 27.522883 -5.931789
v 179.860830 93.995929 -2.029941
v 179.746595 87.351829 -3.936910
v 179.211173 90.080941 -0.724149
v 179.746595 87.351829 -3.936910
v 179.860830 93.995929 -2.029941
v 180.531254 89.889527 -5.072297
v 179.860830 93.995929 -2.029941
v 180.886805 96.016711 -2.967166
v 180.531254 89.889527 -5.072297
v 189.752486 98.015201 2.516901
v 189.746856 98.589533 0.872049
v 183.338303 99.156618 1.646630
v 179.689279 91.919357 1.446271
v 179.865290 91.848970 1.457560
v 179.725365 93.518979 1.170551
v 179.989299 43.844357 9.401713
v 180.843650 44.110352 11.007716
v 177.986525 50.816631 8.408786
v 180.022681 88.361156 2.206074
v 179.647222 89.111352 1.910095
v 179.536622 87.510759 2.403605
v 183.575518 28.779417 0.331869
v 181.953705 24.715573 -0.355737
v 183.426524 20.872146 -0.473597
v 196.748607 52.154993 6.383933
v 196.813920 52.674054 6.172089
v 196.008024 53.058993 6.554113
v 179.687344 87.661255 1.029415
v 179.876488 89.287007 1.633226
v 179.461413 89.131189 1.471979
v 182.133073 30.101630 0.031471
v 184.793481 37.426406 0.848104
v 184.115995 39.023626 0.868710
v 182.660318 3.367299 -4.449996
v 184.487940 2.814424 -3.860936
v 182.222265 2.035279 -4.886325
v 195.042411 51.221746 2.015382
v 196.287593 51.317166 3.963012
v 196.906191 51.091694 2.391326
v 183.663753 87.756670 -6.478918
v 184.510190 90.316499 -6.374892
v 184.748717 87.232685 -7.305372
v 192.661501 52.875262 8.378088
v 192.727855 53.817206 9.947090
v 190.305362 54.635321 9.643908
v 190.160584 78.214711 -3.123809
v 190.356381 77.488297 -3.397132
v 189.152136 79.359460 -4.173323
v 177.693151 3.400732 -3.695566
v 177.674024 7.374073 -4.338069
v 178.584766 2.761633 -4.618978
v 187.224773 66.937339 8.466324
v 188.340207 69.949048 8.451852
v 185.811517 66.540676 9.155761
v 189.331465 86.384326 1.942273
v 187.731188 86.267626 -0.148218
v 189.314034 86.189145 -0.417926
v 183.083350 42.841274 -8.825002
v 183.527039 31.773144 -6.869467
v 181.353595 32.298425 -4.797728
v 177.266505 18.652922 7.011138
v 178.225597 21.559268 4.780082
v 177.689259 12.639183 6.841574
v 191.698859 48.037332 1.013956
v 190.987268 46.773103 0.500692
v 192.223961 47.053712 -0.813844
v 179.867841 21.561862 -6.076760
v 181.711209 21.300710 -7.246700
v 178.584766 2.761633 -4.618978
v 189.481663 79.025149 -4.857302
v 189.152136 79.359460 -4.173323
v 190.356381 77.488297 -3.397132
v 185.180048 62.082320 14.125878
v 189.787263 58.884828 12.490739
v 188.124478 62.746965 13.296742
v 190.182585 56.039917 8.530095
v 190.603106 64.534550 6.191208
v 189.446516 59.447699 8.625127
v 178.886678 81.494779 -6.565057
v 176.463335 77.099652 1.367093
v 177.063553 82.254386 3.949016
v 182.660318 3.367299 -4.449996
v 182.222265 2.035279 -4.886325
v 180.948769 3.344083 -4.837846
v 182.818660 11.733645 -1.020747
v 184.414275 10.280884 -2.987557
v 185.482284 21.002302 -2.283577
v 191.533715 57.824516 9.879541
v 188.403020 62.403088 10.780694
v 186.837874 65.198790 12.353384
v 190.099310 50.221551 -10.056625
v 187.460623 58.752191 -9.573260
v 189.570070 55.537188 -9.134530
v 193.251992 53.442483 7.126476
v 192.834427 52.944493 7.641194
v 190.318743 56.078117 8.869329
v 185.453337 0.014287 -4.121190
v 187.283244 0.066435 -4.854755
v 183.068345 0.106979 -1.303477
v 184.414275 10.280884 -2.987557
v 182.818660 11.733645 -1.020747
v 183.797712 7.194799 -1.539944
v 181.695865 5.180478 -0.050101
v 179.781431 7.664067 -0.352077
v 180.602051 3.678185 -0.543144
v 179.954225 65.503055 6.664969
v 178.269855 71.300912 8.585595
v 178.896788 63.800287 4.931971
v 186.837874 65.198790 12.353384
v 188.124478 62.746965 13.296742
v 191.533715 57.824516 9.879541
v 179.746595 87.351829 -3.936910
v 180.214267 87.590594 -4.053028
v 180.445929 87.415332 -4.447761
v 178.177916 48.138804 -0.537617
v 181.979374 46.650070 0.408494
v 177.698058 48.173142 2.444449
v 196.748607 52.154993 6.383933
v 197.196522 52.060460 5.731703
v 196.600023 52.160214 5.721423
v 181.778518 27.522883 -5.931789
v 183.527039 31.773144 -6.869467
v 184.054602 26.395098 -6.844990
v 186.014714 82.200575 -10.613658
v 185.633198 82.476235 -10.039626
v 186.444278 82.204378 -9.650180
v 178.584766 2.761633 -4.618978
v 182.222265 2.035279 -4.886325
v 180.978287 0.590492 -5.422450
v 178.960022 84.775460 1.763520
v 179.291274 86.154843 1.054241
v 178.676400 83.778388 0.349438
v 179.291274 86.154843 1.054241
v 179.174409 84.147823 -2.632307
v 178.676400 83.778388 0.349438
v 196.652543 47.630429 1.266873
v 195.500519 47.906613 0.837354
v 195.892131 49.016237 -1.722908
v 183.426524 20.872146 -0.473597
v 182.818660 11.733645 -1.020747
v 185.220833 23.940334 -0.834194
v 183.769100 83.759565 -7.346026
v 184.882656 84.888256 -6.882948
v 185.082239 83.549726 -6.976898
v 184.889884 89.844388 3.140604
v 187.901357 89.230108 3.976886
v 185.536535 90.367770 3.942127
v 179.536622 87.510759 2.403605
v 179.454821 85.074234 2.486042
v 180.696213 86.584067 3.874816
v 179.867841 21.561862 -6.076760
v 177.674024 7.374073 -4.338069
v 178.951664 21.526200 -4.339591
v 183.797712 7.194799 -1.539944
v 182.818660 11.733645 -1.020747
v 181.695865 5.180478 -0.050101
v 184.325627 89.810002 3.883448
v 184.207872 90.824574 4.313651
v 184.818661 87.807137 4.284869
v 197.632122 49.180119 3.718864
v 196.950686 48.354896 3.502456
v 196.652543 47.630429 1.266873
v 187.851943 78.389287 4.615331
v 185.810799 81.894624 1.756261
v 185.958089 78.903240 8.496855
v 194.508830 53.442191 5.283163
v 195.032516 51.375949 2.840892
v 192.989842 48.887848 3.704029
v 190.137485 43.657594 10.100777
v 190.413182 40.507969 7.830780
v 191.145184 46.337559 8.905905
v 189.074506 47.808123 -10.491002
v 185.460247 44.766036 -10.322727
v 187.491882 50.185490 -10.984323
v 177.993353 74.830896 10.455905
v 177.004577 76.054323 9.374438
v 177.417678 73.675215 9.291700
v 184.133311 95.967627 -4.930929
v 180.531254 89.889527 -5.072297
v 180.886805 96.016711 -2.967166
v 193.451746 59.334021 0.144542
v 192.720126 54.681420 -3.047417
v 192.301276 57.999569 -4.551508
v 182.137301 47.843551 12.342496
v 183.051168 51.775175 12.479616
v 180.282464 52.511471 11.162662
v 188.902065 86.204171 -6.354829
v 188.249980 86.474794 -5.943130
v 188.842853 88.222551 -5.626917
v 184.325627 89.810002 3.883448
v 184.726702 86.575830 2.971585
v 184.889884 89.844388 3.140604
v 177.701633 53.872693 -3.952854
v 178.645345 59.860069 3.455965
v 178.909771 58.764631 -2.808443
v 189.154952 75.459068 7.771582
v 185.725636 75.373911 9.125659
v 188.340207 69.949048 8.451852
v 186.369529 77.670031 8.464542
v 189.154952 75.459068 7.771582
v 190.375723 75.910603 6.091650
v 179.655139 0.773567 9.199556
v 178.837895 0.287318 8.373964
v 185.903355 0.351977 9.930316
v 186.105953 64.476705 -11.299659
v 186.479766 62.873310 -9.717860
v 182.144350 75.391478 -11.272697
v 186.014714 82.200575 -10.613658
v 185.874779 82.439924 -11.321241
v 185.683581 82.392872 -10.826111
v 196.906191 51.091694 2.391326
v 195.612501 52.913105 -0.472496
v 195.042411 51.221746 2.015382
v 188.691237 77.792043 -8.281102
v 188.792948 78.652060 -8.546234
v 186.382426 81.815797 -8.119009
v 190.194532 63.688386 -7.553214
v 192.139006 59.622240 -5.099335
v 192.321180 61.528677 -6.275397
v 182.797973 25.919533 10.089592
v 182.165486 28.009465 10.028967
v 180.589161 21.050751 10.796540
v 177.004577 76.054323 9.374438
v 178.020605 81.589198 9.509478
v 176.283679 79.689962 5.001342
v 196.181141 53.435158 -0.766829
v 196.906191 51.091694 2.391326
v 196.676222 52.872180 -0.982424
v 192.542146 57.395017 -8.877276
v 192.821129 60.848922 -9.427080
v 195.465451 55.503159 -5.726259
v 186.365319 58.865433 12.757195
v 192.727855 53.817206 9.947090
v 189.787263 58.884828 12.490739
v 186.100911 38.006034 0.990288
v 187.089819 38.782561 2.137902
v 185.834842 36.882341 2.078599
v 179.348021 27.594960 8.522582
v 182.010993 31.586075 10.140507
v 179.753377 32.495296 8.059318
v 184.823546 82.822705 -8.579341
v 186.382426 81.815797 -8.119009
v 185.101945 83.139199 -8.700019
v 182.669701 45.289803 1.360215
v 182.175737 36.822888 2.287399
v 180.684816 45.617479 3.110015
v 185.175248 23.691734 6.682421
v 187.523134 29.096913 5.484422
v 185.248489 24.021616 8.187725
v 187.375048 38.036546 0.815946
v 188.130516 27.261734 -1.489960
v 188.450935 41.174808 1.059143
v 194.640243 56.676399 -3.743505
v 194.841977 54.141646 -1.655561
v 196.256635 55.137133 -2.965094
v 185.421002 66.933733 9.741841
v 185.811517 66.540676 9.155761
v 185.183571 68.829155 8.827241
v 188.787753 55.914914 10.944403
v 192.727855 53.817206 9.947090
v 186.365319 58.865433 12.757195
v 190.825281 89.566928 1.502890
v 190.458275 86.635506 0.864727
v 190.708648 90.149802 -0.181356
v 196.748607 52.154993 6.383933
v 196.600023 52.160214 5.721423
v 196.747043 52.441000 5.885515
v 187.089819 38.782561 2.137902
v 184.466928 23.558617 4.991151
v 181.879566 24.097282 3.445789
v 184.864583 78.958386 9.735961
v 186.369529 77.670031 8.464542
v 185.958089 78.903240 8.496855
v 185.248489 24.021616 8.187725
v 183.351902 14.621240 9.975586
v 183.798922 5.858707 8.208242
v 184.913118 27.081582 9.152966
v 181.962464 18.799060 10.786998
v 183.351902 14.621240 9.975586
v 190.127882 92.247814 2.128658
v 191.615432 91.021144 1.564009
v 191.112830 92.817121 1.210819
v 190.194532 63.688386 -7.553214
v 190.637039 66.171318 -8.300108
v 189.076710 68.905521 -7.220426
v 179.905830 44.337410 5.191054
v 178.867467 46.091750 5.590422
v 180.684816 45.617479 3.110015
v 189.989775 54.591178 9.189021
v 189.447297 51.321899 11.127514
v 190.954276 50.383269 8.908245
v 197.762735 49.513739 -0.419973
v 197.721658 51.458847 0.807333
v 197.632122 49.180119 3.718864
v 184.907215 85.676569 4.526349
v 184.818661 87.807137 4.284869
v 183.231683 84.713840 4.843393
v 189.701348 66.504347 -6.620684
v 189.076710 68.905521 -7.220426
v 189.008423 69.347108 -6.841797
v 187.648091 84.310716 -3.370567
v 187.500658 85.413343 -2.769305
v 187.182580 83.542532 -1.808862
v 179.506842 88.323784 1.997609
v 179.647222 89.111352 1.910095
v 180.022681 88.361156 2.206074
v 184.111549 99.456680 -2.170348
v 182.806102 98.649061 -2.698751
v 181.079480 98.289669 -0.661106
v 194.508830 53.442191 5.283163
v 195.543037 52.811389 4.419826
v 195.032516 51.375949 2.840892
v 181.879086 87.510825 -6.371515
v 180.531254 89.889527 -5.072297
v 182.341059 90.086359 -5.869021
v 192.903981 56.725615 2.651096
v 190.972546 52.869892 6.578169
v 192.308778 51.144862 0.328789
v 188.536039 82.430053 -4.170483
v 188.269056 82.272714 -3.310816
v 189.231851 81.720292 -2.757574
v 181.879566 24.097282 3.445789
v 179.691387 19.274661 3.804231
v 178.225597 21.559268 4.780082
v 186.155945 83.820224 0.197906
v 187.234616 86.378908 1.248712
v 186.063996 85.032916 1.495647
v 182.175737 36.822888 2.287399
v 182.285155 30.382273 2.243165
v 180.533986 29.694662 2.996371
v 182.905659 84.770763 3.533145
v 183.000420 84.726524 3.505414
v 182.621736 85.556531 4.356883
v 186.843643 85.543579 -6.309323
v 186.210510 86.351568 -5.983345
v 187.028510 88.334191 -5.352715
v 190.708648 90.149802 -0.181356
v 190.458436 90.578425 -2.022567
v 190.691933 92.457902 -1.401595
v 180.720155 3.756034 9.029108
v 178.921638 6.613356 9.238800
v 178.484252 3.575468 8.266810
v 189.770615 2.120006 6.145633
v 189.760093 1.137822 5.249256
v 186.142157 3.402298 5.947108
v 177.495942 53.380096 7.237010
v 178.645345 59.860069 3.455965
v 176.508716 52.570171 3.685478
v 187.591429 46.034192 12.044094
v 190.137485 43.657594 10.100777
v 189.447297 51.321899 11.127514
v 190.137485 43.657594 10.100777
v 187.591429 46.034192 12.044094
v 184.913118 27.081582 9.152966
v 190.790158 47.216779 4.034543
v 191.239263 44.216948 5.973251
v 190.071685 43.125715 3.534594
v 181.979374 46.650070 0.408494
v 180.684816 45.617479 3.110015
v 177.698058 48.173142 2.444449
v 184.604690 82.899308 2.641568
v 183.076169 84.572113 3.444947
v 182.442999 83.708972 4.130024
v 185.633198 82.476235 -10.039626
v 185.485460 82.563317 -10.062943
v 185.662924 82.559383 -9.804475
v 185.485460 82.563317 -10.062943
v 185.442642 82.625211 -9.041518
v 185.662924 82.559383 -9.804475
v 188.824524 80.257904 -2.454473
v 189.182872 81.297767 -1.726341
v 188.289893 81.070238 -2.426570
v 195.199412 56.436252 -4.433038
v 195.210021 57.116794 -4.802381
v 195.121826 56.455224 -4.827644
v 190.564255 92.346918 0.200971
v 191.615432 91.021144 1.564009
v 190.708648 90.149802 -0.181356
v 177.740071 6.038708 8.348277
v 179.404092 17.131746 10.593162
v 178.246458 22.216746 9.449878
v 189.805107 1.379949 -3.946004
v 189.237016 0.307316 -4.821689
v 187.382472 0.678462 -5.347053
v 177.661883 65.847683 4.147401
v 176.292391 74.726510 5.984597
v 177.655161 65.516735 -0.623203
v 187.317162 81.352043 -2.297042
v 188.289893 81.070238 -2.426570
v 188.269056 82.272714 -3.310816
v 196.652543 47.630429 1.266873
v 197.762735 49.513739 -0.419973
v 197.632122 49.180119 3.718864
v 185.633198 82.476235 -10.039626
v 185.758167 82.313955 -10.618415
v 185.475054 82.340599 -10.491591
v 196.008024 53.058993 6.554113
v 195.779944 53.556108 6.895713
v 196.090299 53.467768 5.380370
v 178.886678 81.494779 -6.565057
v 178.676400 83.778388 0.349438
v 179.174409 84.147823 -2.632307
v 187.234616 86.378908 1.248712
v 189.331465 86.384326 1.942273
v 187.379210 88.073313 3.565453
v 183.787779 4.797715 -3.819644
v 185.563028 18.071983 -5.574523
v 186.531798 23.438612 -3.802518
v 192.727855 53.817206 9.947090
v 193.868596 54.492371 9.739887
v 189.787263 58.884828 12.490739
v 180.886805 96.016711 -2.967166
v 182.806102 98.649061 -2.698751
v 184.133311 95.967627 -4.930929
v 192.903981 56.725615 2.651096
v 192.409097 60.654801 4.939285
v 190.972546 52.869892 6.578169
v 189.447297 51.321899 11.127514
v 186.743448 51.882040 12.583071
v 187.591429 46.034192 12.044094
v 180.160933 65.827430 -5.935420
v 180.684602 63.810313 -6.041849
v 179.047387 61.907006 -2.560078
v 179.876488 89.287007 1.633226
v 180.022681 88.361156 2.206074
v 180.733745 91.056746 3.042739
v 196.235814 53.573149 6.207882
v 197.127470 52.103375 5.117474
v 196.090299 53.467768 5.380370
v 182.144350 75.391478 -11.272697
v 181.855714 73.853857 -9.989378
v 179.190035 74.098814 -8.233363
v 179.667819 0.675339 -0.957054
v 180.602051 3.678185 -0.543144
v 177.808324 3.555185 -2.315242
v 182.690805 82.644754 10.153881
v 182.931718 83.066952 6.500216
v 180.649883 84.166938 5.474792
v 192.834427 52.944493 7.641194
v 192.661501 52.875262 8.378088
v 190.305362 54.635321 9.643908
v 181.934796 10.400730 4.694960
v 184.466928 23.558617 4.991151
v 182.908589 11.318111 5.308556
v 183.303800 18.656502 -7.186559
v 181.711209 21.300710 -7.246700
v 184.054602 26.395098 -6.844990
v 186.075833 65.961044 13.736383
v 183.998566 68.242573 14.475422
v 185.180048 62.082320 14.125878
v 190.099310 50.221551 -10.056625
v 191.756010 41.566297 -6.611085
v 189.074506 47.808123 -10.491002
v 184.085618 38.204643 1.589194
v 182.175737 36.822888 2.287399
v 182.669701 45.289803 1.360215
v 186.014714 82.200575 -10.613658
v 186.033333 81.547595 -11.201814
v 185.819388 82.000459 -10.542007
v 186.033333 81.547595 -11.201814
v 185.475054 82.340599 -10.491591
v 185.819388 82.000459 -10.542007
v 183.051168 51.775175 12.479616
v 183.865159 46.983990 12.828575
v 186.743448 51.882040 12.583071
v 179.638309 92.025483 1.149416
v 179.621528 91.459579 1.426290
v 179.725365 93.518979 1.170551
v 176.283679 79.689962 5.001342
v 178.020605 81.589198 9.509478
v 177.063553 82.254386 3.949016
v 184.520298 4.630261 7.625370
v 182.489782 3.339666 8.858194
v 185.132662 2.902084 8.680935
v 186.850816 24.679634 -2.429545
v 188.436987 27.042595 -2.482874
v 188.130516 27.261734 -1.489960
v 180.720155 3.756034 9.029108
v 179.404092 17.131746 10.593162
v 178.921638 6.613356 9.238800
v 177.063553 82.254386 3.949016
v 178.020605 81.589198 9.509478
v 179.160226 84.585333 3.458830
v 180.577967 74.065464 13.784822
v 178.980871 75.763309 12.802686
v 179.520449 72.152406 12.504360
v 183.798922 5.858707 8.208242
v 183.351902 14.621240 9.975586
v 182.489782 3.339666 8.858194
v 183.351902 14.621240 9.975586
v 181.962464 18.799060 10.786998
v 180.720155 3.756034 9.029108
v 193.630231 57.566815 -4.222936
v 194.841977 54.141646 -1.655561
v 194.640243 56.676399 -3.743505
v 190.029762 0.303602 9.476684
v 191.301103 0.540184 8.500656
v 190.175512 1.457118 10.033644
v 190.356381 77.488297 -3.397132
v 191.876269 75.950283 -4.345127
v 190.109148 76.226985 -6.554885
v 180.350292 85.785342 -3.456333
v 181.573612 84.917361 -6.276849
v 179.174409 84.147823 -2.632307
v 182.660318 3.367299 -4.449996
v 185.563028 18.071983 -5.574523
v 183.787779 4.797715 -3.819644
v 179.548577 89.771545 1.261687
v 179.621528 91.459579 1.426290
v 179.211173 90.080941 -0.724149
v 193.154397 56.137805 9.730280
v 194.107831 53.919821 7.058185
v 191.533715 57.824516 9.879541
v 182.908589 11.318111 5.308556
v 184.069431 9.727597 7.445514
v 184.591788 5.211627 6.259581
v 179.687344 87.661255 1.029415
v 179.506842 88.323784 1.997609
v 180.022681 88.361156 2.206074
v 179.753377 32.495296 8.059318
v 182.010993 31.586075 10.140507
v 180.843650 44.110352 11.007716
v 188.834171 69.954688 -7.253825
v 188.594948 69.613284 -6.995233
v 188.641592 69.535422 -6.974943
v 180.778337 79.284209 12.636502
v 178.980871 75.763309 12.802686
v 180.577967 74.065464 13.784822
v 189.446516 59.447699 8.625127
v 190.603106 64.534550 6.191208
v 187.902609 61.745530 9.081779
v 176.283679 79.689962 5.001342
v 176.463335 77.099652 1.367093
v 176.292391 74.726510 5.984597
v 176.463335 77.099652 1.367093
v 177.655161 65.516735 -0.623203
v 176.292391 74.726510 5.984597
v 184.113291 4.433536 5.133438
v 184.591788 5.211627 6.259581
v 186.142157 3.402298 5.947108
v 189.352157 92.407149 3.383637
v 189.651584 90.345388 3.418416
v 190.127882 92.247814 2.128658
v 185.725636 75.373911 9.125659
v 185.128524 70.711040 9.185674
v 188.340207 69.949048 8.451852
v 189.088183 80.907541 -3.226218
v 189.556130 79.576850 -3.825313
v 189.187356 81.182712 -4.512333
v 184.941694 83.605922 -9.663284
v 185.475054 82.340599 -10.491591
v 185.256687 84.040326 -9.786048
v 190.809471 94.592738 2.696575
v 191.112830 92.817121 1.210819
v 191.599357 97.063243 0.222627
v 185.992846 86.511779 -7.013109
v 185.487312 85.707206 -6.160721
v 184.719800 85.933352 -7.316014
v 182.797973 25.919533 10.089592
v 184.913118 27.081582 9.152966
v 182.165486 28.009465 10.028967
v 186.830227 93.663103 -5.323137
v 191.187155 95.907783 -1.861062
v 187.425987 91.351253 -5.239419
v 190.956449 65.912455 -10.376247
v 188.691237 77.792043 -8.281102
v 189.136953 74.127072 -8.680339
v 179.961851 57.281954 -6.733635
v 177.701633 53.872693 -3.952854
v 178.909771 58.764631 -2.808443
v 180.501047 87.567515 -4.478159
v 180.661058 87.215406 -4.536690
v 180.908756 87.004507 -3.913115
v 180.661058 87.215406 -4.536690
v 182.403294 86.305559 -6.046062
v 180.908756 87.004507 -3.913115
v 185.511345 31.380514 -7.077345
v 189.074506 47.808123 -10.491002
v 191.756010 41.566297 -6.611085
v 184.864583 78.958386 9.735961
v 186.075833 65.961044 13.736383
v 185.176304 75.520950 9.796439
v 189.760093 1.137822 5.249256
v 190.553412 0.252777 6.065862
v 187.409530 0.222039 6.634143
v 186.033333 81.547595 -11.201814
v 186.014714 82.200575 -10.613658
v 188.792948 78.652060 -8.546234
v 190.413182 40.507969 7.830780
v 187.523134 29.096913 5.484422
v 191.239263 44.216948 5.973251
v 187.460623 58.752191 -9.573260
v 190.572678 57.214385 -8.548916
v 189.570070 55.537188 -9.134530
v 183.385817 0.717306 -0.204754
v 187.690332 0.083411 -0.583967
v 186.483467 1.583761 -0.151567
v 189.805107 1.379949 -3.946004
v 184.563279 3.952044 -2.705356
v 188.700910 2.256954 -1.349304
v 181.563876 56.645095 10.550334
v 179.519774 61.045379 7.085703
v 180.282464 52.511471 11.162662
v 190.109148 76.226985 -6.554885
v 188.629730 78.656858 -6.532423
v 189.481663 79.025149 -4.857302
v 185.595636 90.040696 -6.099788
v 186.019691 87.529749 -6.570510
v 184.748717 87.232685 -7.305372
v 177.417678 73.675215 9.291700
v 179.194012 72.321647 9.272504
v 178.883663 73.688984 10.040515
v 185.011322 69.751912 9.349031
v 185.128524 70.711040 9.185674
v 186.837874 65.198790 12.353384
v 179.746595 87.351829 -3.936910
v 180.261867 86.193365 -1.787290
v 179.211173 90.080941 -0.724149
v 192.531860 42.659795 -2.214729
v 190.987268 46.773103 0.500692
v 188.130516 27.261734 -1.489960
v 181.778518 27.522883 -5.931789
v 180.650982 27.665854 -4.081940
v 181.353595 32.298425 -4.797728
v 183.303800 18.656502 -7.186559
v 180.948769 3.344083 -4.837846
v 178.584766 2.761633 -4.618978
v 185.476106 3.979999 7.310498
v 191.544452 1.289516 7.178623
v 189.770615 2.120006 6.145633
v 183.752698 60.164749 10.855317
v 184.164649 56.452936 11.394430
v 184.880618 58.670604 11.184859
v 184.285557 61.183316 -9.535930
v 186.181175 62.174076 -9.312773
v 187.460623 58.752191 -9.573260
v 192.168676 54.243696 -6.492638
v 192.224713 50.757563 -7.813325
v 189.570070 55.537188 -9.134530
v 192.224713 50.757563 -7.813325
v 190.099310 50.221551 -10.056625
v 189.570070 55.537188 -9.134530
v 183.865159 46.983990 12.828575
v 185.710098 43.311330 12.045684
v 187.591429 46.034192 12.044094
v 177.620827 76.789004 -5.824449
v 180.664451 77.630014 -10.677188
v 179.190035 74.098814 -8.233363
v 190.200852 73.798364 7.307516
v 190.379596 69.717115 6.450896
v 191.252435 72.901177 5.164917
v 190.379596 69.717115 6.450896
v 190.603106 64.534550 6.191208
v 191.920629 69.169187 3.208088
v 182.133073 30.101630 0.031471
v 181.953705 24.715573 -0.355737
v 183.575518 28.779417 0.331869
v 184.591788 5.211627 6.259581
v 184.520298 4.630261 7.625370
v 185.476106 3.979999 7.310498
v 195.042411 51.221746 2.015382
v 193.702662 49.539101 1.638346
v 192.989842 48.887848 3.704029
v 180.948769 3.344083 -4.837846
v 183.303800 18.656502 -7.186559
v 182.660318 3.367299 -4.449996
v 192.904766 74.264395 -2.515379
v 191.252435 72.901177 5.164917
v 191.920629 69.169187 3.208088
v 193.512735 53.636980 -3.936967
v 193.476055 53.625625 -5.218107
v 194.262907 51.939028 -2.419050
v 180.065594 82.829338 10.753827
v 178.020605 81.589198 9.509478
v 178.980871 75.763309 12.802686
v 185.475054 82.340599 -10.491591
v 185.844671 81.901765 -11.193211
v 185.683581 82.392872 -10.826111
v 180.650982 27.665854 -4.081940
v 181.778518 27.522883 -5.931789
v 179.867841 21.561862 -6.076760
v 192.409097 60.654801 4.939285
v 190.603106 64.534550 6.191208
v 190.182585 56.039917 8.530095
v 189.057326 54.048406 10.578736
v 187.362115 55.257558 11.148726
v 186.743448 51.882040 12.583071
v 179.691387 19.274661 3.804231
v 181.879566 24.097282 3.445789
v 181.934796 10.400730 4.694960
v 188.426743 0.951201 0.223031
v 190.313673 1.011651 0.030584
v 186.483467 1.583761 -0.151567
v 189.614240 97.823655 -1.815098
v 185.495799 98.408145 -3.517449
v 186.269680 99.473906 -1.351470
v 184.618518 93.026042 4.542200
v 183.488684 95.206237 4.106455
v 182.005667 88.639069 4.529134
v 178.960478 47.670145 -5.311265
v 178.177916 48.138804 -0.537617
v 177.180917 51.292796 -2.047701
v 178.177916 48.138804 -0.537617
v 177.698058 48.173142 2.444449
v 177.180917 51.292796 -2.047701
v 177.698058 48.173142 2.444449
v 177.242198 48.808706 6.262514
v 177.180917 51.292796 -2.047701
v 187.772936 95.795411 4.328104
v 184.618518 93.026042 4.542200
v 189.352157 92.407149 3.383637
v 184.618518 93.026042 4.542200
v 186.706643 92.064869 3.999909
v 189.352157 92.407149 3.383637
v 185.534090 82.534480 -7.380874
v 184.538515 82.984907 -8.130497
v 185.082239 83.549726 -6.976898
v 189.818508 78.450137 -2.656132
v 188.090317 79.991281 -1.216696
v 190.356381 77.488297 -3.397132
v 189.182872 81.297767 -1.726341
v 189.151241 81.781155 -2.360086
v 188.974283 81.806785 -2.465488
v 192.409097 60.654801 4.939285
v 193.451746 59.334021 0.144542
v 191.920629 69.169187 3.208088
v 186.640348 0.889402 10.587931
v 190.175512 1.457118 10.033644
v 185.132662 2.902084 8.680935
v 176.463335 77.099652 1.367093
v 177.620827 76.789004 -5.824449
v 177.977918 69.712538 -2.299538
v 177.620827 76.789004 -5.824449
v 178.330163 71.357901 -5.331332
v 177.977918 69.712538 -2.299538
v 189.908337 58.826160 9.361912
v 188.403020 62.403088 10.780694
v 191.533715 57.824516 9.879541
v 192.224713 50.757563 -7.813325
v 192.168676 54.243696 -6.492638
v 192.995112 53.383004 -4.828953
v 190.500696 0.183666 -2.382338
v 189.778680 0.084907 -3.742396
v 190.758114 1.016688 -2.058162
v 189.778680 0.084907 -3.742396
v 189.237016 0.307316 -4.821689
v 189.805107 1.379949 -3.946004
v 178.225597 21.559268 4.780082
v 177.574172 22.641689 6.773770
v 178.856570 27.084798 6.536707
v 181.711209 21.300710 -7.246700
v 179.867841 21.561862 -6.076760
v 181.778518 27.522883 -5.931789
v 187.715459 83.750332 -5.761732
v 187.955228 82.953477 -5.736334
v 185.487312 85.707206 -6.160721
v 185.543221 65.664483 -9.308449
v 183.240314 72.056771 -10.386447
v 186.479766 62.873310 -9.717860
v 182.144350 75.391478 -11.272697
v 186.479766 62.873310 -9.717860
v 183.240314 72.056771 -10.386447
v 196.008024 53.058993 6.554113
v 195.543037 52.811389 4.419826
v 195.474500 53.306853 7.095673
v 182.955256 76.523203 -12.841618
v 182.079314 80.601371 -11.595078
v 184.204412 82.326872 -11.834102
v 179.961851 57.281954 -6.733635
v 178.909771 58.764631 -2.808443
v 179.047387 61.907006 -2.560078
v 184.726702 86.575830 2.971585
v 184.907215 85.676569 4.526349
v 184.294033 85.367560 3.169380
v 177.655161 65.516735 -0.623203
v 178.720939 61.589075 -0.258434
v 177.661883 65.847683 4.147401
v 184.207872 90.824574 4.313651
v 184.618518 93.026042 4.542200
v 182.005667 88.639069 4.529134
v 184.219604 0.330943 -5.452872
v 180.978287 0.590492 -5.422450
v 182.222265 2.035279 -4.886325
v 182.222265 2.035279 -4.886325
v 187.382472 0.678462 -5.347053
v 184.219604 0.330943 -5.452872
v 177.740071 6.038708 8.348277
v 177.266505 18.652922 7.011138
v 177.689259 12.639183 6.841574
v 182.067048 55.760563 -8.824160
v 185.037460 56.100905 -9.841716
v 182.038754 52.183498 -9.789701
v 179.190035 74.098814 -8.233363
v 178.330163 71.357901 -5.331332
v 177.620827 76.789004 -5.824449
v 185.810799 81.894624 1.756261
v 186.155945 83.820224 0.197906
v 184.604690 82.899308 2.641568
v 180.533986 29.694662 2.996371
v 182.285155 30.382273 2.243165
v 181.879566 24.097282 3.445789
v 182.010993 31.586075 10.140507
v 183.865159 46.983990 12.828575
v 180.843650 44.110352 11.007716
v 183.865159 46.983990 12.828575
v 182.137301 47.843551 12.342496
v 180.843650 44.110352 11.007716
v 195.200325 56.837672 -5.983998
v 195.121826 56.455224 -4.827644
v 195.465451 55.503159 -5.726259
v 191.301103 0.540184 8.500656
v 190.029762 0.303602 9.476684
v 190.553412 0.252777 6.065862
v 185.903355 0.351977 9.930316
v 178.837895 0.287318 8.373964
v 181.171858 0.272626 5.334384
v 178.837895 0.287318 8.373964
v 178.333547 0.221682 6.664115
v 181.171858 0.272626 5.334384
v 181.171858 0.272626 5.334384
v 187.409530 0.222039 6.634143
v 185.903355 0.351977 9.930316
v 187.409530 0.222039 6.634143
v 190.553412 0.252777 6.065862
v 188.051899 0.322616 9.795503
v 185.903355 0.351977 9.930316
v 187.409530 0.222039 6.634143
v 188.051899 0.322616 9.795503
v 182.165486 28.009465 10.028967
v 185.710098 43.311330 12.045684
v 182.010993 31.586075 10.140507
v 195.086276 51.564282 -3.041879
v 195.892131 49.016237 -1.722908
v 194.353480 49.244189 -0.127439
v 183.488684 95.206237 4.106455
v 182.430249 98.233879 2.326617
v 181.104266 95.772827 2.647972
v 187.317162 81.352043 -2.297042
v 186.855575 83.275431 -2.009499
v 186.729662 81.192690 -0.706136
v 178.951664 21.526200 -4.339591
v 177.674024 7.374073 -4.338069
v 178.859552 20.779759 -2.960372
v 180.664451 77.630014 -10.677188
v 177.620827 76.789004 -5.824449
v 178.886678 81.494779 -6.565057
v 190.379596 69.717115 6.450896
v 187.224773 66.937339 8.466324
v 188.809513 67.158478 8.064757
v 195.200325 56.837672 -5.983998
v 195.465451 55.503159 -5.726259
v 192.821129 60.848922 -9.427080
v 177.808324 3.555185 -2.315242
v 179.635637 20.723016 -1.338292
v 178.859552 20.779759 -2.960372
v 177.772406 0.748659 -4.808200
v 177.693151 3.400732 -3.695566
v 178.584766 2.761633 -4.618978
v 184.793481 37.426406 0.848104
v 184.874960 38.177675 1.450413
v 184.115995 39.023626 0.868710
v 188.241674 83.256507 -5.353794
v 187.955228 82.953477 -5.736334
v 187.715459 83.750332 -5.761732
v 197.127470 52.103375 5.117474
v 196.287593 51.317166 3.963012
v 196.600023 52.160214 5.721423
v 179.954225 65.503055 6.664969
v 179.519774 61.045379 7.085703
v 181.607238 65.181821 8.501628
v 185.727310 66.169715 -8.630586
v 183.240314 72.056771 -10.386447
v 185.543221 65.664483 -9.308449
v 182.282680 3.105646 4.516633
v 184.113291 4.433536 5.133438
v 187.223179 1.095944 5.080591
v 180.386907 86.767060 3.890551
v 180.901708 85.994464 4.170126
v 180.304618 86.054176 3.816914
v 179.575801 26.164496 4.417848
v 180.023278 35.048267 4.407030
v 180.533986 29.694662 2.996371
v 195.799255 55.672860 -4.961144
v 196.646294 53.832048 -4.317593
v 195.465451 55.503159 -5.726259
v 185.958089 78.903240 8.496855
v 185.810799 81.894624 1.756261
v 184.971109 81.844085 4.561112
v 180.261867 86.193365 -1.787290
v 180.350292 85.785342 -3.456333
v 179.174409 84.147823 -2.632307
v 181.693570 1.827437 9.652994
v 180.720155 3.756034 9.029108
v 178.484252 3.575468 8.266810
v 177.767144 3.388852 7.274658
v 178.130507 3.295571 5.927507
v 177.495892 1.151502 6.483895
v 177.701633 53.872693 -3.952854
v 178.522775 51.918096 -6.570274
v 177.180917 51.292796 -2.047701
v 183.752698 60.164749 10.855317
v 183.184199 61.974466 10.423374
v 181.563876 56.645095 10.550334
v 179.390142 11.187124 4.924442
v 181.934796 10.400730 4.694960
v 182.282680 3.105646 4.516633
v 182.489782 3.339666 8.858194
v 184.520298 4.630261 7.625370
v 183.798922 5.858707 8.208242
v 191.180754 48.388963 4.990308
v 190.954276 50.383269 8.908245
v 191.145184 46.337559 8.905905
v 187.772936 95.795411 4.328104
v 183.488684 95.206237 4.106455
v 184.618518 93.026042 4.542200
v 182.937907 46.827359 -10.037724
v 187.491882 50.185490 -10.984323
v 185.460247 44.766036 -10.322727
v 180.214267 87.590594 -4.053028
v 180.661058 87.215406 -4.536690
v 180.445929 87.415332 -4.447761
v 177.417678 73.675215 9.291700
v 177.661883 65.847683 4.147401
v 178.269855 71.300912 8.585595
v 193.135506 61.982459 -8.502899
v 190.956449 65.912455 -10.376247
v 191.357654 64.423263 -8.388259
v 188.691237 77.792043 -8.281102
v 190.956449 65.912455 -10.376247
v 188.061049 73.769999 -12.203124
v 180.778337 79.284209 12.636502
v 180.065594 82.829338 10.753827
v 178.980871 75.763309 12.802686
v 181.029729 85.983724 -4.864524
v 180.908756 87.004507 -3.913115
v 182.403294 86.305559 -6.046062
v 196.008024 53.058993 6.554113
v 196.600023 52.160214 5.721423
v 195.543037 52.811389 4.419826
v 192.572579 66.103750 -2.052073
v 192.588150 73.796481 -4.317114
v 192.904766 74.264395 -2.515379
v 177.689259 12.639183 6.841574
v 179.691387 19.274661 3.804231
v 179.390142 11.187124 4.924442
v 180.961552 26.925022 -1.531128
v 184.115995 39.023626 0.868710
v 183.014479 42.898256 -0.119284
v 183.426524 20.872146 -0.473597
v 181.953705 24.715573 -0.355737
v 179.781431 7.664067 -0.352077
v 179.211173 90.080941 -0.724149
v 179.638309 92.025483 1.149416
v 179.725365 93.518979 1.170551
v 190.356381 77.488297 -3.397132
v 187.851943 78.389287 4.615331
v 190.375723 75.910603 6.091650
v 188.834171 69.954688 -7.253825
v 189.076710 68.905521 -7.220426
v 190.637039 66.171318 -8.300108
v 188.410209 89.080560 -4.808293
v 188.249980 86.474794 -5.943130
v 187.028510 88.334191 -5.352715
v 196.235814 53.573149 6.207882
v 195.887290 53.582024 7.008084
v 196.813920 52.674054 6.172089
v 183.338303 99.156618 1.646630
v 182.430249 98.233879 2.326617
v 184.757690 98.510754 3.081731
v 196.748607 52.154993 6.383933
v 194.058628 53.543370 9.643429
v 197.280248 50.561844 5.530815
v 188.923683 43.892282 1.286831
v 188.450935 41.174808 1.059143
v 190.987268 46.773103 0.500692
v 188.450935 41.174808 1.059143
v 188.130516 27.261734 -1.489960
v 190.987268 46.773103 0.500692
v 187.523134 29.096913 5.484422
v 190.413182 40.507969 7.830780
v 185.248489 24.021616 8.187725
v 185.348529 77.130145 -13.224674
v 186.033333 81.547595 -11.201814
v 188.061049 73.769999 -12.203124
v 190.809471 94.592738 2.696575
v 188.744782 96.749901 3.580296
v 187.772936 95.795411 4.328104
v 179.989299 43.844357 9.401713
v 179.685491 43.528867 7.557340
v 179.753377 32.495296 8.059318
v 189.701348 66.504347 -6.620684
v 191.487688 72.082186 -5.666850
v 190.416813 63.307136 -6.130951
v 176.292391 74.726510 5.984597
v 177.661883 65.847683 4.147401
v 177.417678 73.675215 9.291700
v 189.304681 79.235148 -5.905170
v 187.006927 81.376112 -6.238353
v 189.892517 80.154765 -6.114960
v 186.063996 85.032916 1.495647
v 184.726702 86.575830 2.971585
v 184.294033 85.367560 3.169380
v 183.303800 18.656502 -7.186559
v 184.054602 26.395098 -6.844990
v 185.816649 24.867857 -6.119479
v 190.956449 65.912455 -10.376247
v 192.821129 60.848922 -9.427080
v 190.324503 62.778574 -11.498253
v 197.196522 52.060460 5.731703
v 196.747043 52.441000 5.885515
v 197.127470 52.103375 5.117474
v 184.757690 98.510754 3.081731
v 188.744782 96.749901 3.580296
v 183.338303 99.156618 1.646630
v 182.484539 62.099487 -8.557810
v 185.454630 64.310605 -8.616665
v 184.285557 61.183316 -9.535930
v 178.484252 3.575468 8.266810
v 178.921638 6.613356 9.238800
v 177.740071 6.038708 8.348277
v 186.063996 85.032916 1.495647
v 187.234616 86.378908 1.248712
v 186.115379 87.527078 2.547803
v 195.500519 47.906613 0.837354
v 193.325922 48.397505 3.282460
v 194.353480 49.244189 -0.127439
v 184.864583 78.958386 9.735961
v 182.690805 82.644754 10.153881
v 182.441254 80.931604 11.682384
v 177.808324 3.555185 -2.315242
v 177.674024 7.374073 -4.338069
v 177.693151 3.400732 -3.695566
v 187.067186 64.248156 8.752246
v 188.809513 67.158478 8.064757
v 187.224773 66.937339 8.466324
v 192.531860 42.659795 -2.214729
v 188.436987 27.042595 -2.482874
v 191.526287 37.400976 -4.633361
v 186.850816 24.679634 -2.429545
v 185.220833 23.940334 -0.834194
v 185.482284 21.002302 -2.283577
v 188.193430 62.819642 -11.800053
v 190.572678 57.214385 -8.548916
v 187.993995 60.624767 -10.083011
v 191.526287 37.400976 -4.633361
v 193.261068 45.577878 -4.495922
v 192.531860 42.659795 -2.214729
v 195.061395 48.475217 5.814532
v 194.058628 53.543370 9.643429
v 192.727855 53.817206 9.947090
v 192.629962 48.402959 -0.068320
v 192.308778 51.144862 0.328789
v 192.309194 48.685896 2.952954
v 192.308778 51.144862 0.328789
v 190.972546 52.869892 6.578169
v 191.861917 49.343103 4.068040
v 192.309194 48.685896 2.952954
v 192.308778 51.144862 0.328789
v 191.861917 49.343103 4.068040
v 190.954276 50.383269 8.908245
v 191.861917 49.343103 4.068040
v 190.972546 52.869892 6.578169
v 186.729662 81.192690 -0.706136
v 185.810799 81.894624 1.756261
v 188.090317 79.991281 -1.216696
v 191.187155 95.907783 -1.861062
v 186.830227 93.663103 -5.323137
v 189.614240 97.823655 -1.815098
v 176.508716 52.570171 3.685478
v 177.701633 53.872693 -3.952854
v 177.180917 51.292796 -2.047701
v 181.934796 10.400730 4.694960
v 184.113291 4.433536 5.133438
v 182.282680 3.105646 4.516633
v 187.602525 25.789592 -3.876748
v 187.611642 30.409935 -5.912591
v 191.526287 37.400976 -4.633361
v 187.611642 30.409935 -5.912591
v 191.756010 41.566297 -6.611085
v 191.526287 37.400976 -4.633361
v 182.137301 47.843551 12.342496
v 183.865159 46.983990 12.828575
v 183.051168 51.775175 12.479616
v 180.696213 86.584067 3.874816
v 179.454821 85.074234 2.486042
v 179.160226 84.585333 3.458830
v 179.160226 84.585333 3.458830
v 180.534476 86.162919 3.997590
v 180.304618 86.054176 3.816914
v 179.404092 17.131746 10.593162
v 180.720155 3.756034 9.029108
v 181.962464 18.799060 10.786998
v 188.130516 27.261734 -1.489960
v 188.436987 27.042595 -2.482874
v 192.531860 42.659795 -2.214729
v 181.563876 56.645095 10.550334
v 183.184199 61.974466 10.423374
v 181.607238 65.181821 8.501628
v 183.184199 61.974466 10.423374
v 182.826097 65.654474 8.857023
v 181.607238 65.181821 8.501628
v 190.313673 1.011651 0.030584
v 190.758114 1.016688 -2.058162
v 188.700910 2.256954 -1.349304
v 177.495942 53.380096 7.237010
v 180.282464 52.511471 11.162662
v 179.519774 61.045379 7.085703
v 180.374774 45.906860 -5.177465
v 181.341529 45.602486 -2.956998
v 178.177916 48.138804 -0.537617
v 188.090317 79.991281 -1.216696
v 189.818508 78.450137 -2.656132
v 188.824524 80.257904 -2.454473
v 188.824524 80.257904 -2.454473
v 188.289893 81.070238 -2.426570
v 188.090317 79.991281 -1.216696
v 185.220833 23.940334 -0.834194
v 187.375048 38.036546 0.815946
v 186.100911 38.006034 0.990288
v 184.487940 2.814424 -3.860936
v 189.805107 1.379949 -3.946004
v 187.382472 0.678462 -5.347053
v 186.115379 87.527078 2.547803
v 184.889884 89.844388 3.140604
v 184.726702 86.575830 2.971585
v 186.365319 58.865433 12.757195
v 182.551247 63.780224 13.768989
v 184.850000 59.543675 11.550004
v 184.850000 59.543675 11.550004
v 184.880618 58.670604 11.184859
v 186.365319 58.865433 12.757195
v 189.250049 70.770985 -6.862652
v 188.782179 74.804050 -7.489643
v 191.487688 72.082186 -5.666850
v 191.487688 72.082186 -5.666850
v 189.701348 66.504347 -6.620684
v 189.250049 70.770985 -6.862652
v 178.883663 73.688984 10.040515
v 181.557480 64.965647 12.328763
v 179.520449 72.152406 12.504360
v 189.787263 58.884828 12.490739
v 193.868596 54.492371 9.739887
v 193.154397 56.137805 9.730280
v 184.054602 26.395098 -6.844990
v 183.527039 31.773144 -6.869467
v 185.511345 31.380514 -7.077345
v 195.045756 48.119288 3.412866
v 193.325922 48.397505 3.282460
v 195.500519 47.906613 0.837354
v 187.715459 83.750332 -5.761732
v 188.249980 86.474794 -5.943130
v 187.864991 84.505731 -5.978421
v 195.612501 52.913105 -0.472496
v 194.533432 52.860564 -1.155639
v 195.042411 51.221746 2.015382
v 182.931718 83.066952 6.500216
v 184.864583 78.958386 9.735961
v 184.971109 81.844085 4.561112
v 178.030427 1.539660 7.889857
v 178.484252 3.575468 8.266810
v 177.767144 3.388852 7.274658
v 188.700910 2.256954 -1.349304
v 186.483467 1.583761 -0.151567
v 190.313673 1.011651 0.030584
v 183.051168 51.775175 12.479616
v 184.164649 56.452936 11.394430
v 180.282464 52.511471 11.162662
v 181.573612 84.917361 -6.276849
v 180.350292 85.785342 -3.456333
v 181.029729 85.983724 -4.864524
v 179.681990 91.634769 1.740352
v 180.733745 91.056746 3.042739
v 181.104266 95.772827 2.647972
v 184.069431 9.727597 7.445514
v 184.466928 23.558617 4.991151
v 185.175248 23.691734 6.682421
v 181.995508 84.159786 4.738209
v 180.505332 84.769273 4.073488
v 180.649883 84.166938 5.474792
v 185.727310 66.169715 -8.630586
v 185.454630 64.310605 -8.616665
v 184.973032 66.574908 -7.730384
v 192.223961 47.053712 -0.813844
v 192.531860 42.659795 -2.214729
v 193.261068 45.577878 -4.495922
v 179.687344 87.661255 1.029415
v 180.022681 88.361156 2.206074
v 179.876488 89.287007 1.633226
v 185.563028 18.071983 -5.574523
v 182.660318 3.367299 -4.449996
v 183.303800 18.656502 -7.186559
v 186.837874 65.198790 12.353384
v 185.128524 70.711040 9.185674
v 185.176304 75.520950 9.796439
v 179.621528 91.459579 1.426290
v 179.508340 89.594686 1.562377
v 179.410092 90.574581 1.881383
v 177.620827 76.789004 -5.824449
v 176.463335 77.099652 1.367093
v 178.886678 81.494779 -6.565057
v 176.463335 77.099652 1.367093
v 176.283679 79.689962 5.001342
v 177.063553 82.254386 3.949016
v 192.321180 61.528677 -6.275397
v 195.210021 57.116794 -4.802381
v 191.357654 64.423263 -8.388259
v 197.632122 49.180119 3.718864
v 197.721658 51.458847 0.807333
v 197.461303 50.342678 3.918209
v 187.772936 95.795411 4.328104
v 184.757690 98.510754 3.081731
v 183.488684 95.206237 4.106455
v 179.905830 44.337410 5.191054
v 179.685491 43.528867 7.557340
v 178.867467 46.091750 5.590422
v 190.099310 50.221551 -10.056625
v 187.491882 50.185490 -10.984323
v 187.460623 58.752191 -9.573260
v 183.068345 0.106979 -1.303477
v 178.423779 0.004775 -2.445054
v 178.170333 0.027151 -3.545242
v 178.170333 0.027151 -3.545242
v 180.080902 0.000001 -4.831542
v 183.068345 0.106979 -1.303477
v 180.080902 0.000001 -4.831542
v 182.891397 0.014198 -4.098345
v 183.068345 0.106979 -1.303477
v 182.891397 0.014198 -4.098345
v 184.219604 0.330943 -5.452872
v 185.453337 0.014287 -4.121190
v 187.283244 0.066435 -4.854755
v 189.237016 0.307316 -4.821689
v 189.778680 0.084907 -3.742396
v 189.778680 0.084907 -3.742396
v 190.500696 0.183666 -2.382338
v 187.690332 0.083411 -0.583967
v 190.500696 0.183666 -2.382338
v 188.725089 0.194728 0.168010
v 187.690332 0.083411 -0.583967
v 187.690332 0.083411 -0.583967
v 183.068345 0.106979 -1.303477
v 187.283244 0.066435 -4.854755
v 189.778680 0.084907 -3.742396
v 187.690332 0.083411 -0.583967
v 187.283244 0.066435 -4.854755
v 182.891397 0.014198 -4.098345
v 185.453337 0.014287 -4.121190
v 183.068345 0.106979 -1.303477
v 195.684619 56.125116 -3.820145
v 195.199412 56.436252 -4.433038
v 194.640243 56.676399 -3.743505
v 186.014714 82.200575 -10.613658
v 185.758167 82.313955 -10.618415
v 185.633198 82.476235 -10.039626
v 184.466928 23.558617 4.991151
v 184.069431 9.727597 7.445514
v 182.908589 11.318111 5.308556
v 185.220833 23.940334 -0.834194
v 183.575518 28.779417 0.331869
v 183.426524 20.872146 -0.473597
v 177.701633 53.872693 -3.952854
v 176.508716 52.570171 3.685478
v 178.645345 59.860069 3.455965
v 179.746595 87.351829 -3.936910
v 180.350292 85.785342 -3.456333
v 180.261867 86.193365 -1.787290
v 184.285557 61.183316 -9.535930
v 185.454630 64.310605 -8.616665
v 186.181175 62.174076 -9.312773
v 187.375048 38.036546 0.815946
v 185.220833 23.940334 -0.834194
v 188.130516 27.261734 -1.489960
v 188.787753 55.914914 10.944403
v 190.305362 54.635321 9.643908
v 192.727855 53.817206 9.947090
v 179.194012 72.321647 9.272504
v 177.417678 73.675215 9.291700
v 178.269855 71.300912 8.585595
v 186.743448 51.882040 12.583071
v 184.164649 56.452936 11.394430
v 183.051168 51.775175 12.479616
v 181.879566 24.097282 3.445789
v 185.834842 36.882341 2.078599
v 187.089819 38.782561 2.137902
v 184.864583 78.958386 9.735961
v 185.176304 75.520950 9.796439
v 186.369529 77.670031 8.464542
v 181.341529 45.602486 -2.956998
v 182.968535 45.439774 -0.127797
v 181.979374 46.650070 0.408494
v 184.133311 95.967627 -4.930929
v 185.495799 98.408145 -3.517449
v 186.830227 93.663103 -5.323137
v 196.235814 53.573149 6.207882
v 195.274062 54.255234 7.774485
v 195.887290 53.582024 7.008084
v 184.913118 27.081582 9.152966
v 182.797973 25.919533 10.089592
v 181.962464 18.799060 10.786998
v 190.071685 43.125715 3.534594
v 187.523134 29.096913 5.484422
v 187.089819 38.782561 2.137902
v 187.089819 38.782561 2.137902
v 187.789563 40.701538 2.077173
v 190.071685 43.125715 3.534594
v 187.789563 40.701538 2.077173
v 188.662003 43.743551 1.834357
v 190.071685 43.125715 3.534594
v 179.989299 43.844357 9.401713
v 178.867467 46.091750 5.590422
v 179.685491 43.528867 7.557340
v 189.989775 54.591178 9.189021
v 189.057326 54.048406 10.578736
v 189.447297 51.321899 11.127514
v 181.101838 44.733605 -4.810322
v 181.578482 43.862531 -6.922479
v 181.353595 32.298425 -4.797728
v 185.511345 31.380514 -7.077345
v 185.460247 44.766036 -10.322727
v 189.074506 47.808123 -10.491002
v 189.701348 66.504347 -6.620684
v 190.194532 63.688386 -7.553214
v 189.076710 68.905521 -7.220426
v 186.155945 83.820224 0.197906
v 187.731188 86.267626 -0.148218
v 187.234616 86.378908 1.248712
v 178.584766 2.761633 -4.618978
v 180.978287 0.590492 -5.422450
v 177.772406 0.748659 -4.808200
v 184.604690 82.899308 2.641568
v 184.294033 85.367560 3.169380
v 183.076169 84.572113 3.444947
v 179.746595 87.351829 -3.936910
v 180.531254 89.889527 -5.072297
v 180.214267 87.590594 -4.053028
v 195.199412 56.436252 -4.433038
v 195.684619 56.125116 -3.820145
v 195.210021 57.116794 -4.802381
v 190.564255 92.346918 0.200971
v 191.112830 92.817121 1.210819
v 191.615432 91.021144 1.564009
v 188.834171 69.954688 -7.253825
v 188.597611 69.600576 -6.994394
v 188.594948 69.613284 -6.995233
v 188.834171 69.954688 -7.253825
v 188.605995 69.514632 -7.002070
v 188.597611 69.600576 -6.994394
vn -55.297640 -12.746771 82.338886
vn -55.297640 -12.746771 82.338886
vn -55.297640 -12.746771 82.338886
vn -30.383304 -52.079852 79.778088
vn -30.383304 -52.079852 79.778088
vn -30.383304 -52.079852 79.778088
vn 50.422507 16.511650 84.764009
vn 50.422507 16.511650 84.764009
vn 50.422507 16.511650 84.764009
vn 4.679620 56.979783 82.045144
vn 4.679620 56.979783 82.045144
vn 4.679620 56.979783 82.045144
vn -30.450336 7.779904 94.932867
vn -30.450336 7.779904 94.932867
vn -30.450336 7.779904 94.932867
vn 93.463853 -19.327247 -29.849087
vn 93.463853 -19.327247 -29.849087
vn 93.463853 -19.327247 -29.849087
vn -44.962924 6.703866 -89.069604
vn -44.962924 6.703866 -89.069604
vn -44.962924 6.703866 -89.069604
vn -82.524700 -12.989990 -54.963028
vn -82.524700 -12.989990 -54.963028
vn -82.524700 -12.989990 -54.963028
vn 70.587199 57.149467 -41.849560
vn 70.587199 57.149467 -41.849560
vn 70.587199 57.149467 -41.849560
vn 49.353703 86.579874 -8.254611
vn 49.353703 86.579874 -8.254611
vn 49.353703 86.579874 -8.254611
vn -85.349711 -44.636502 26.888839
vn -85.349711 -44.636502 26.888839
vn -85.349711 -44.636502 26.888839
vn -71.195441 -55.900690 42.500858
vn -71.195441 -55.900690 42.500858
vn -71.195441 -55.900690 42.500858
vn -76.182045 -24.992278 59.763570
vn -76.182045 -24.992278 59.763570
vn -76.182045 -24.992278 59.763570
vn -95.698078 -15.117759 -24.765556
vn -95.698078 -15.117759 -24.765556
vn -95.698078 -15.117759 -24.765556
vn 49.901986 60.726154 -61.823357
vn 49.901986 60.726154 -61.823357
vn 49.901986 60.726154 -61.823357
vn -58.597522 -75.884266 -28.423743
vn -58.597522 -75.884266 -28.423743
vn -58.597522 -75.884266 -28.423743
vn -77.595950 -62.736095 -6.561447
vn -77.595950 -62.736095 -6.561447
vn -77.595950 -62.736095 -6.561447
vn -74.813074 -60.859972 -26.439882
vn -74.813074 -60.859972 -26.439882
vn -74.813074 -60.859972 -26.439882
vn -41.572431 -48.146538 77.159859
vn -41.572431 -48.146538 77.159859
vn -41.572431 -48.146538 77.159859
vn -84.179646 47.403875 -25.819768
vn -84.179646 47.403875 -25.819768
vn -84.179646 47.403875 -25.819768
vn -28.563889 -86.811372 -40.594237
vn -28.563889 -86.811372 -40.594237
vn -28.563889 -86.811372 -40.594237
vn -51.973814 -27.742044 80.802861
vn -51.973814 -27.742044 80.802861
vn -51.973814 -27.742044 80.802861
vn -9.766300 -87.421568 47.561439
vn -9.766300 -87.421568 47.561439
vn -9.766300 -87.421568 47.561439
vn -79.723459 11.804332 59.201598
vn -79.723459 11.804332 59.201598
vn -79.723459 11.804332 59.201598
vn -9.221349 -52.859034 -84.385366
vn -9.221349 -52.859034 -84.385366
vn -9.221349 -52.859034 -84.385366
vn 11.400832 -93.757503 -32.856534
vn 11.400832 -93.757503 -32.856534
vn 11.400832 -93.757503 -32.856534
vn -54.615602 -27.300072 79.194968
vn -54.615602 -27.300072 79.194968
vn -54.615602 -27.300072 79.194968
vn -13.137444 -79.623951 59.054515
vn -13.137444 -79.623951 59.054515
vn -13.137444 -79.623951 59.054515
vn 17.765196 38.292269 90.653737
vn 17.765196 38.292269 90.653737
vn 17.765196 38.292269 90.653737
vn -67.470804 7.528871 -73.423473
vn -67.470804 7.528871 -73.423473
vn -67.470804 7.528871 -73.423473
vn 2.786295 14.179018 98.950453
vn 2.786295 14.179018 98.950453
vn 2.786295 14.179018 98.950453
vn 91.491593 -21.379459 -34.237530
vn 91.491593 -21.379459 -34.237530
vn 91.491593 -21.379459 -34.237530
vn 11.798065 18.501670 97.562769
vn 11.798065 18.501670 97.562769
vn 11.798065 18.501670 97.562769
vn 34.187068 14.003741 -92.925464
vn 34.187068 14.003741 -92.925464
vn 34.187068 14.003741 -92.925464
vn 92.254221 30.179377 -24.049202
vn 92.254221 30.179377 -24.049202
vn 92.254221 30.179377 -24.049202
vn 39.683462 42.182778 -81.522000
vn 39.683462 42.182778 -81.522000
vn 39.683462 42.182778 -81.522000
vn -17.269658 -89.873496 -40.305269
vn -17.269658 -89.873496 -40.305269
vn -17.269658 -89.873496 -40.305269
vn -50.527689 52.770603 -68.280438
vn -50.527689 52.770603 -68.280438
vn -50.527689 52.770603 -68.280438
vn -83.267002 -27.916889 -47.825259
vn -83.267002 -27.916889 -47.825259
vn -83.267002 -27.916889 -47.825259
vn 2.844917 -14.791875 98.859026
vn 2.844917 -14.791875 98.859026
vn 2.844917 -14.791875 98.859026
vn 39.649011 -2.817055 91.760664
vn 39.649011 -2.817055 91.760664
vn 39.649011 -2.817055 91.760664
vn -50.455048 50.579685 69.971312
vn -50.455048 50.579685 69.971312
vn -50.455048 50.579685 69.971312
vn -89.934729 -10.909034 -42.340737
vn -89.934729 -10.909034 -42.340737
vn -89.934729 -10.909034 -42.340737
vn 56.709795 1.216384 -82.356058
vn 56.709795 1.216384 -82.356058
vn 56.709795 1.216384 -82.356058
vn 49.538353 -25.966603 82.895651
vn 49.538353 -25.966603 82.895651
vn 49.538353 -25.966603 82.895651
vn -84.843067 -42.856114 31.064596
vn -84.843067 -42.856114 31.064596
vn -84.843067 -42.856114 31.064596
vn 96.730634 4.461444 -24.965597
vn 96.730634 4.461444 -24.965597
vn 96.730634 4.461444 -24.965597
vn 86.241959 -49.345416 11.285182
vn 86.241959 -49.345416 11.285182
vn 86.241959 -49.345416 11.285182
vn 81.848446 -10.640779 -56.458905
vn 81.848446 -10.640779 -56.458905
vn 81.848446 -10.640779 -56.458905
vn -51.414573 -78.076108 -35.505844
vn -51.414573 -78.076108 -35.505844
vn -51.414573 -78.076108 -35.505844
vn 9.106291 -63.308963 -76.870354
vn 9.106291 -63.308963 -76.870354
vn 9.106291 -63.308963 -76.870354
vn -3.500026 99.684262 7.127338
vn -3.500026 99.684262 7.127338
vn -3.500026 99.684262 7.127338
vn -29.097980 -58.510030 -75.696006
vn -29.097980 -58.510030 -75.696006
vn -29.097980 -58.510030 -75.696006
vn 39.550023 90.530036 -15.495470
vn 39.550023 90.530036 -15.495470
vn 39.550023 90.530036 -15.495470
vn -64.573488 -23.350016 -72.698292
vn -64.573488 -23.350016 -72.698292
vn -64.573488 -23.350016 -72.698292
vn 66.721375 15.068708 -72.946505
vn 66.721375 15.068708 -72.946505
vn 66.721375 15.068708 -72.946505
vn -72.775560 -31.970634 -60.676169
vn -72.775560 -31.970634 -60.676169
vn -72.775560 -31.970634 -60.676169
vn 37.305589 20.916441 -90.392459
vn 37.305589 20.916441 -90.392459
vn 37.305589 20.916441 -90.392459
vn -92.516684 -27.803831 -25.838162
vn -92.516684 -27.803831 -25.838162
vn -92.516684 -27.803831 -25.838162
vn 10.242348 -3.191898 99.422872
vn 10.242348 -3.191898 99.422872
vn 10.242348 -3.191898 99.422872
vn 43.760258 -36.568030 -82.145111
vn 43.760258 -36.568030 -82.145111
vn 43.760258 -36.568030 -82.145111
vn 50.147213 -86.360654 -5.205320
vn 50.147213 -86.360654 -5.205320
vn 50.147213 -86.360654 -5.205320
vn 97.033386 -23.775986 4.384812
vn 97.033386 -23.775986 4.384812
vn 97.033386 -23.775986 4.384812
vn 37.031197 -78.992140 -48.876710
vn 37.031197 -78.992140 -48.876710
vn 37.031197 -78.992140 -48.876710
vn 68.849061 42.325895 58.892506
vn 68.849061 42.325895 58.892506
vn 68.849061 42.325895 58.892506
vn 12.446255 98.005652 -15.491445
vn 12.446255 98.005652 -15.491445
vn 12.446255 98.005652 -15.491445
vn -19.698822 -7.347232 97.764900
vn -19.698822 -7.347232 97.764900
vn -19.698822 -7.347232 97.764900
vn -97.758771 5.593499 -20.296245
vn -97.758771 5.593499 -20.296245
vn -97.758771 5.593499 -20.296245
vn 40.429139 4.764198 -91.338870
vn 40.429139 4.764198 -91.338870
vn 40.429139 4.764198 -91.338870
vn 45.498711 -83.087055 32.037603
vn 45.498711 -83.087055 32.037603
vn 45.498711 -83.087055 32.037603
vn 40.065911 -80.634998 43.505419
vn 40.065911 -80.634998 43.505419
vn 40.065911 -80.634998 43.505419
vn -22.657980 1.676706 97.384829
vn -22.657980 1.676706 97.384829
vn -22.657980 1.676706 97.384829
vn -17.493026 -93.048174 32.187473
vn -17.493026 -93.048174 32.187473
vn -17.493026 -93.048174 32.187473
vn -11.942909 80.310015 58.375239
vn -11.942909 80.310015 58.375239
vn -11.942909 80.310015 58.375239
vn -52.558041 6.083584 84.856603
vn -52.558041 6.083584 84.856603
vn -52.558041 6.083584 84.856603
vn 93.428033 -34.397155 9.382874
vn 93.428033 -34.397155 9.382874
vn 93.428033 -34.397155 9.382874
vn 30.440535 93.688324 17.200915
vn 30.440535 93.688324 17.200915
vn 30.440535 93.688324 17.200915
vn 38.754951 84.098750 -37.755211
vn 38.754951 84.098750 -37.755211
vn 38.754951 84.098750 -37.755211
vn -15.313439 -64.951451 -74.476900
vn -15.313439 -64.951451 -74.476900
vn -15.313439 -64.951451 -74.476900
vn 19.556847 -62.625872 75.468735
vn 19.556847 -62.625872 75.468735
vn 19.556847 -62.625872 75.468735
vn -35.238105 -60.669244 -71.256717
vn -35.238105 -60.669244 -71.256717
vn -35.238105 -60.669244 -71.256717
vn 8.954879 -85.900548 50.407405
vn 8.954879 -85.900548 50.407405
vn 8.954879 -85.900548 50.407405
vn -96.004620 -23.366614 15.398535
vn -96.004620 -23.366614 15.398535
vn -96.004620 -23.366614 15.398535
vn -71.135104 -32.731249 -62.196971
vn -71.135104 -32.731249 -62.196971
vn -71.135104 -32.731249 -62.196971
vn 26.380997 86.350330 42.984463
vn 26.380997 86.350330 42.984463
vn 26.380997 86.350330 42.984463
vn 7.327402 -41.029052 90.900647
vn 7.327402 -41.029052 90.900647
vn 7.327402 -41.029052 90.900647
vn -72.761307 3.761661 -68.495564
vn -72.761307 3.761661 -68.495564
vn -72.761307 3.761661 -68.495564
vn 85.141310 -47.132647 23.010248
vn 85.141310 -47.132647 23.010248
vn 85.141310 -47.132647 23.010248
vn 64.543013 -41.385261 -64.198590
vn 64.543013 -41.385261 -64.198590
vn 64.543013 -41.385261 -64.198590
vn -16.142219 -93.777258 30.744999
vn -16.142219 -93.777258 30.744999
vn -16.142219 -93.777258 30.744999
vn -11.182814 -78.677687 -60.702292
vn -11.182814 -78.677687 -60.702292
vn -11.182814 -78.677687 -60.702292
vn -2.628426 -93.331684 35.809065
vn -2.628426 -93.331684 35.809065
vn -2.628426 -93.331684 35.809065
vn 88.685159 -38.231943 25.947285
vn 88.685159 -38.231943 25.947285
vn 88.685159 -38.231943 25.947285
vn 38.903695 -29.501909 87.270494
vn 38.903695 -29.501909 87.270494
vn 38.903695 -29.501909 87.270494
vn 67.459549 -7.865099 -73.398583
vn 67.459549 -7.865099 -73.398583
vn 67.459549 -7.865099 -73.398583
vn -12.114527 -78.049948 -61.330627
vn -12.114527 -78.049948 -61.330627
vn -12.114527 -78.049948 -61.330627
vn 19.326851 -56.011175 80.555710
vn 19.326851 -56.011175 80.555710
vn 19.326851 -56.011175 80.555710
vn -69.784326 51.996001 49.260164
vn -69.784326 51.996001 49.260164
vn -69.784326 51.996001 49.260164
vn 25.033058 85.381550 -45.643605
vn 25.033058 85.381550 -45.643605
vn 25.033058 85.381550 -45.643605
vn 26.334372 3.598795 96.403066
vn 26.334372 3.598795 96.403066
vn 26.334372 3.598795 96.403066
vn -13.841487 -79.835858 -58.605896
vn -13.841487 -79.835858 -58.605896
vn -13.841487 -79.835858 -58.605896
vn -93.541751 -15.141349 -31.948113
vn -93.541751 -15.141349 -31.948113
vn -93.541751 -15.141349 -31.948113
vn -60.749186 21.147512 -76.565786
vn -60.749186 21.147512 -76.565786
vn -60.749186 21.147512 -76.565786
vn -57.541796 -7.843022 81.409020
vn -57.541796 -7.843022 81.409020
vn -57.541796 -7.843022 81.409020
vn 10.368809 -95.014169 29.407436
vn 10.368809 -95.014169 29.407436
vn 10.368809 -95.014169 29.407436
vn 51.596048 -84.783862 12.228891
vn 51.596048 -84.783862 12.228891
vn 51.596048 -84.783862 12.228891
vn 93.439221 17.811719 30.852153
vn 93.439221 17.811719 30.852153
vn 93.439221 17.811719 30.852153
vn -68.218591 -38.877862 -61.925254
vn -68.218591 -38.877862 -61.925254
vn -68.218591 -38.877862 -61.925254
vn 88.589162 -39.070741 25.008744
vn 88.589162 -39.070741 25.008744
vn 88.589162 -39.070741 25.008744
vn 70.458167 70.905478 2.838978
vn 70.458167 70.905478 2.838978
vn 70.458167 70.905478 2.838978
vn -62.296057 -24.840396 -74.176524
vn -62.296057 -24.840396 -74.176524
vn -62.296057 -24.840396 -74.176524
vn 15.068347 96.582645 -21.088804
vn 15.068347 96.582645 -21.088804
vn 15.068347 96.582645 -21.088804
vn 27.395238 21.488604 93.742957
vn 27.395238 21.488604 93.742957
vn 27.395238 21.488604 93.742957
vn 87.871637 -30.890284 36.391835
vn 87.871637 -30.890284 36.391835
vn 87.871637 -30.890284 36.391835
vn 83.200936 54.016347 -12.642776
vn 83.200936 54.016347 -12.642776
vn 83.200936 54.016347 -12.642776
vn 80.823242 32.822930 48.890278
vn 80.823242 32.822930 48.890278
vn 80.823242 32.822930 48.890278
vn 40.498596 90.640883 -12.003935
vn 40.498596 90.640883 -12.003935
vn 40.498596 90.640883 -12.003935
vn 70.672340 -52.235814 -47.716246
vn 70.672340 -52.235814 -47.716246
vn 70.672340 -52.235814 -47.716246
vn 61.571384 43.001484 66.029073
vn 61.571384 43.001484 66.029073
vn 61.571384 43.001484 66.029073
vn 93.302617 19.466544 30.260136
vn 93.302617 19.466544 30.260136
vn 93.302617 19.466544 30.260136
vn -38.731904 -21.863243 -89.564712
vn -38.731904 -21.863243 -89.564712
vn -38.731904 -21.863243 -89.564712
vn 93.786726 0.589089 34.694429
vn 93.786726 0.589089 34.694429
vn 93.786726 0.589089 34.694429
vn -95.566159 25.521856 14.688243
vn -95.566159 25.521856 14.688243
vn -95.566159 25.521856 14.688243
vn 40.480532 83.172705 37.995101
vn 40.480532 83.172705 37.995101
vn 40.480532 83.172705 37.995101
vn -24.239887 29.834780 -92.316379
vn -24.239887 29.834780 -92.316379
vn -24.239887 29.834780 -92.316379
vn 12.167887 91.478697 38.517413
vn 12.167887 91.478697 38.517413
vn 12.167887 91.478697 38.517413
vn -31.767865 77.556674 -54.550595
vn -31.767865 77.556674 -54.550595
vn -31.767865 77.556674 -54.550595
vn -81.899341 -17.204385 -54.740368
vn -81.899341 -17.204385 -54.740368
vn -81.899341 -17.204385 -54.740368
vn 23.743747 10.278267 -96.594993
vn 23.743747 10.278267 -96.594993
vn 23.743747 10.278267 -96.594993
vn -90.341762 41.938570 -8.917604
vn -90.341762 41.938570 -8.917604
vn -90.341762 41.938570 -8.917604
vn 79.388697 -37.663913 -47.737452
vn 79.388697 -37.663913 -47.737452
vn 79.388697 -37.663913 -47.737452
vn -66.645783 -67.243877 32.196296
vn -66.645783 -67.243877 32.196296
vn -66.645783 -67.243877 32.196296
vn 71.609811 50.434724 -48.253221
vn 71.609811 50.434724 -48.253221
vn 71.609811 50.434724 -48.253221
vn 75.245546 50.720942 42.017809
vn 75.245546 50.720942 42.017809
vn 75.245546 50.720942 42.017809
vn 59.205026 66.514914 -45.503091
vn 59.205026 66.514914 -45.503091
vn 59.205026 66.514914 -45.503091
vn 93.234838 1.348947 36.130977
vn 93.234838 1.348947 36.130977
vn 93.234838 1.348947 36.130977
vn 97.427139 20.303359 -9.784030
vn 97.427139 20.303359 -9.784030
vn 97.427139 20.303359 -9.784030
vn -52.398678 -68.483031 -50.640435
vn -52.398678 -68.483031 -50.640435
vn -52.398678 -68.483031 -50.640435
vn 96.760490 -10.838064 -22.802294
vn 96.760490 -10.838064 -22.802294
vn 96.760490 -10.838064 -22.802294
vn -94.806063 -30.414475 9.315096
vn -94.806063 -30.414475 9.315096
vn -94.806063 -30.414475 9.315096
vn 70.530151 -52.349443 47.802045
vn 70.530151 -52.349443 47.802045
vn 70.530151 -52.349443 47.802045
vn -75.204897 -27.399306 -59.945835
vn -75.204897 -27.399306 -59.945835
vn -75.204897 -27.399306 -59.945835
vn 73.239586 -66.840791 12.971999
vn 73.239586 -66.840791 12.971999
vn 73.239586 -66.840791 12.971999
vn 11.004715 6.951480 99.149251
vn 11.004715 6.951480 99.149251
vn 11.004715 6.951480 99.149251
vn -98.102201 -19.370066 -0.871411
vn -98.102201 -19.370066 -0.871411
vn -98.102201 -19.370066 -0.871411
vn 83.390018 13.697586 -53.464778
vn 83.390018 13.697586 -53.464778
vn 83.390018 13.697586 -53.464778
vn -84.343655 -27.229729 46.310804
vn -84.343655 -27.229729 46.310804
vn -84.343655 -27.229729 46.310804
vn -89.473981 -41.562952 16.337920
vn -89.473981 -41.562952 16.337920
vn -89.473981 -41.562952 16.337920
vn -17.106881 11.796160 -97.817201
vn -17.106881 11.796160 -97.817201
vn -17.106881 11.796160 -97.817201
vn -66.213587 -12.817097 73.834164
vn -66.213587 -12.817097 73.834164
vn -66.213587 -12.817097 73.834164
vn -63.525970 34.087313 -69.300119
vn -63.525970 34.087313 -69.300119
vn -63.525970 34.087313 -69.300119
vn -7.090020 54.736963 83.388232
vn -7.090020 54.736963 83.388232
vn -7.090020 54.736963 83.388232
vn -30.323763 -27.789959 91.149258
vn -30.323763 -27.789959 91.149258
vn -30.323763 -27.789959 91.149258
vn 66.650499 44.584005 -59.749297
vn 66.650499 44.584005 -59.749297
vn 66.650499 44.584005 -59.749297
vn -86.662049 -19.524379 45.918268
vn -86.662049 -19.524379 45.918268
vn -86.662049 -19.524379 45.918268
vn -98.966738 -12.567994 -6.901610
vn -98.966738 -12.567994 -6.901610
vn -98.966738 -12.567994 -6.901610
vn -63.095414 69.957557 33.539668
vn -63.095414 69.957557 33.539668
vn -63.095414 69.957557 33.539668
vn 30.931408 -94.938989 -5.462309
vn 30.931408 -94.938989 -5.462309
vn 30.931408 -94.938989 -5.462309
vn 7.141136 -10.371433 99.204022
vn 7.141136 -10.371433 99.204022
vn 7.141136 -10.371433 99.204022
vn -82.018149 -41.017046 39.882642
vn -82.018149 -41.017046 39.882642
vn -82.018149 -41.017046 39.882642
vn -84.648153 -39.788627 -35.377355
vn -84.648153 -39.788627 -35.377355
vn -84.648153 -39.788627 -35.377355
vn 98.573829 -11.171308 12.585782
vn 98.573829 -11.171308 12.585782
vn 98.573829 -11.171308 12.585782
vn -41.780783 -50.691540 75.397177
vn -41.780783 -50.691540 75.397177
vn -41.780783 -50.691540 75.397177
vn -62.916570 -31.858512 70.898100
vn -62.916570 -31.858512 70.898100
vn -62.916570 -31.858512 70.898100
vn 72.528592 48.438445 -48.921583
vn 72.528592 48.438445 -48.921583
vn 72.528592 48.438445 -48.921583
vn -61.546875 -62.925128 47.459574
vn -61.546875 -62.925128 47.459574
vn -61.546875 -62.925128 47.459574
vn 10.949156 -79.814729 59.242934
vn 10.949156 -79.814729 59.242934
vn 10.949156 -79.814729 59.242934
vn 1.061720 79.048583 61.238839
vn 1.061720 79.048583 61.238839
vn 1.061720 79.048583 61.238839
vn 71.390504 8.861865 -69.461237
vn 71.390504 8.861865 -69.461237
vn 71.390504 8.861865 -69.461237
vn -79.712688 47.770450 36.930661
vn -79.712688 47.770450 36.930661
vn -79.712688 47.770450 36.930661
vn 19.556989 50.128288 84.289260
vn 19.556989 50.128288 84.289260
vn 19.556989 50.128288 84.289260
vn -43.035629 -6.421881 -90.037179
vn -43.035629 -6.421881 -90.037179
vn -43.035629 -6.421881 -90.037179
vn 40.811991 -43.824944 80.085918
vn 40.811991 -43.824944 80.085918
vn 40.811991 -43.824944 80.085918
vn -99.339499 5.286165 -10.184374
vn -99.339499 5.286165 -10.184374
vn -99.339499 5.286165 -10.184374
vn 31.430535 -20.405370 92.713232
vn 31.430535 -20.405370 92.713232
vn 31.430535 -20.405370 92.713232
vn 82.898948 0.994275 55.917584
vn 82.898948 0.994275 55.917584
vn 82.898948 0.994275 55.917584
vn 83.366929 0.483766 55.224296
vn 83.366929 0.483766 55.224296
vn 83.366929 0.483766 55.224296
vn -68.791753 32.065417 -65.111474
vn -68.791753 32.065417 -65.111474
vn -68.791753 32.065417 -65.111474
vn -78.063859 -54.664489 30.295697
vn -78.063859 -54.664489 30.295697
vn -78.063859 -54.664489 30.295697
vn 75.071004 -59.349835 29.016256
vn 75.071004 -59.349835 29.016256
vn 75.071004 -59.349835 29.016256
vn 75.018353 -29.047810 -59.400940
vn 75.018353 -29.047810 -59.400940
vn 75.018353 -29.047810 -59.400940
vn 92.105139 -4.669857 38.663124
vn 92.105139 -4.669857 38.663124
vn 92.105139 -4.669857 38.663124
vn 22.811848 47.786074 -84.829907
vn 22.811848 47.786074 -84.829907
vn 22.811848 47.786074 -84.829907
vn -54.311612 -30.652874 -78.170655
vn -54.311612 -30.652874 -78.170655
vn -54.311612 -30.652874 -78.170655
vn -13.724228 -17.767298 -97.447260
vn -13.724228 -17.767298 -97.447260
vn -13.724228 -17.767298 -97.447260
vn 91.025170 5.862951 40.988362
vn 91.025170 5.862951 40.988362
vn 91.025170 5.862951 40.988362
vn 58.730920 -16.439917 79.249029
vn 58.730920 -16.439917 79.249029
vn 58.730920 -16.439917 79.249029
vn 69.242775 -11.608359 -71.208734
vn 69.242775 -11.608359 -71.208734
vn 69.242775 -11.608359 -71.208734
vn 21.128931 -15.843954 96.449662
vn 21.128931 -15.843954 96.449662
vn 21.128931 -15.843954 96.449662
vn 33.311756 -93.233861 -14.063251
vn 33.311756 -93.233861 -14.063251
vn 33.311756 -93.233861 -14.063251
vn 61.748650 -6.440045 78.394068
vn 61.748650 -6.440045 78.394068
vn 61.748650 -6.440045 78.394068
vn 90.341343 -27.126292 -33.205532
vn 90.341343 -27.126292 -33.205532
vn 90.341343 -27.126292 -33.205532
vn 74.840306 64.230884 16.532468
vn 74.840306 64.230884 16.532468
vn 74.840306 64.230884 16.532468
vn 21.095101 -5.694237 97.583666
vn 21.095101 -5.694237 97.583666
vn 21.095101 -5.694237 97.583666
vn 82.537186 56.299401 -4.241540
vn 82.537186 56.299401 -4.241540
vn 82.537186 56.299401 -4.241540
vn 70.336874 52.882313 47.499324
vn 70.336874 52.882313 47.499324
vn 70.336874 52.882313 47.499324
vn -96.159212 19.449431 19.368185
vn -96.159212 19.449431 19.368185
vn -96.159212 19.449431 19.368185
vn -89.131337 -10.741987 -44.047868
vn -89.131337 -10.741987 -44.047868
vn -89.131337 -10.741987 -44.047868
vn 89.768802 20.406740 -39.052877
vn 89.768802 20.406740 -39.052877
vn 89.768802 20.406740 -39.052877
vn 87.126296 45.995310 17.130162
vn 87.126296 45.995310 17.130162
vn 87.126296 45.995310 17.130162
vn -70.694465 -45.392942 -54.238118
vn -70.694465 -45.392942 -54.238118
vn -70.694465 -45.392942 -54.238118
vn 51.355543 19.706347 83.512094
vn 51.355543 19.706347 83.512094
vn 51.355543 19.706347 83.512094
vn -61.722022 -25.981554 74.265422
vn -61.722022 -25.981554 74.265422
vn -61.722022 -25.981554 74.265422
vn -65.562463 11.399101 74.643321
vn -65.562463 11.399101 74.643321
vn -65.562463 11.399101 74.643321
vn -32.983837 -93.352412 14.049667
vn -32.983837 -93.352412 14.049667
vn -32.983837 -93.352412 14.049667
vn 43.939895 -2.416768 -89.796694
vn 43.939895 -2.416768 -89.796694
vn 43.939895 -2.416768 -89.796694
vn -68.002480 32.624451 -65.660554
vn -68.002480 32.624451 -65.660554
vn -68.002480 32.624451 -65.660554
vn 44.261339 89.634118 2.580857
vn 44.261339 89.634118 2.580857
vn 44.261339 89.634118 2.580857
vn 54.494684 -83.637044 -5.930954
vn 54.494684 -83.637044 -5.930954
vn 54.494684 -83.637044 -5.930954
vn -47.967238 -63.568604 60.482860
vn -47.967238 -63.568604 60.482860
vn -47.967238 -63.568604 60.482860
vn 49.104391 -82.533707 -27.873748
vn 49.104391 -82.533707 -27.873748
vn 49.104391 -82.533707 -27.873748
vn 95.317475 -24.345477 -17.940922
vn 95.317475 -24.345477 -17.940922
vn 95.317475 -24.345477 -17.940922
vn -17.770048 97.963215 -9.350695
vn -17.770048 97.963215 -9.350695
vn -17.770048 97.963215 -9.350695
vn 86.244728 16.310353 -47.914711
vn 86.244728 16.310353 -47.914711
vn 86.244728 16.310353 -47.914711
vn 38.338312 -79.930085 -46.274778
vn 38.338312 -79.930085 -46.274778
vn 38.338312 -79.930085 -46.274778
vn 5.431122 -99.655533 6.267342
vn 5.431122 -99.655533 6.267342
vn 5.431122 -99.655533 6.267342
vn 90.495100 -18.935825 38.106058
vn 90.495100 -18.935825 38.106058
vn 90.495100 -18.935825 38.106058
vn 89.199020 37.489789 25.259676
vn 89.199020 37.489789 25.259676
vn 89.199020 37.489789 25.259676
vn 88.352949 -6.540122 46.378695
vn 88.352949 -6.540122 46.378695
vn 88.352949 -6.540122 46.378695
vn 76.091643 -8.916844 64.269374
vn 76.091643 -8.916844 64.269374
vn 76.091643 -8.916844 64.269374
vn -87.960977 -3.780326 47.419172
vn -87.960977 -3.780326 47.419172
vn -87.960977 -3.780326 47.419172
vn -93.951310 4.691024 -33.928562
vn -93.951310 4.691024 -33.928562
vn -93.951310 4.691024 -33.928562
vn 35.876323 16.397325 91.891335
vn 35.876323 16.397325 91.891335
vn 35.876323 16.397325 91.891335
vn 52.291532 68.428778 -50.824189
vn 52.291532 68.428778 -50.824189
vn 52.291532 68.428778 -50.824189
vn 73.481076 29.166000 61.236236
vn 73.481076 29.166000 61.236236
vn 73.481076 29.166000 61.236236
vn -2.119537 -99.718768 7.188615
vn -2.119537 -99.718768 7.188615
vn -2.119537 -99.718768 7.188615
vn 66.528883 17.688655 72.532882
vn 66.528883 17.688655 72.532882
vn 66.528883 17.688655 72.532882
vn 28.638681 -95.502587 7.686595
vn 28.638681 -95.502587 7.686595
vn 28.638681 -95.502587 7.686595
vn 45.916275 10.279139 -88.238526
vn 45.916275 10.279139 -88.238526
vn 45.916275 10.279139 -88.238526
vn -96.553479 -26.026174 -0.253671
vn -96.553479 -26.026174 -0.253671
vn -96.553479 -26.026174 -0.253671
vn 54.675780 28.612956 78.688372
vn 54.675780 28.612956 78.688372
vn 54.675780 28.612956 78.688372
vn 43.968332 89.702759 -4.494617
vn 43.968332 89.702759 -4.494617
vn 43.968332 89.702759 -4.494617
vn -95.537645 5.872891 28.949434
vn -95.537645 5.872891 28.949434
vn -95.537645 5.872891 28.949434
vn -68.365742 -71.566876 14.293647
vn -68.365742 -71.566876 14.293647
vn -68.365742 -71.566876 14.293647
vn -62.193919 28.796748 72.819393
vn -62.193919 28.796748 72.819393
vn -62.193919 28.796748 72.819393
vn -73.574168 -52.419823 -42.883608
vn -73.574168 -52.419823 -42.883608
vn -73.574168 -52.419823 -42.883608
vn -85.764226 -42.108204 -29.519452
vn -85.764226 -42.108204 -29.519452
vn -85.764226 -42.108204 -29.519452
vn 52.549126 -64.759547 -55.179634
vn 52.549126 -64.759547 -55.179634
vn 52.549126 -64.759547 -55.179634
vn 71.313999 -5.197681 69.909226
vn 71.313999 -5.197681 69.909226
vn 71.313999 -5.197681 69.909226
vn 15.760757 98.750161 0.067724
vn 15.760757 98.750161 0.067724
vn 15.760757 98.750161 0.067724
vn -79.029392 -34.268628 -50.793868
vn -79.029392 -34.268628 -50.793868
vn -79.029392 -34.268628 -50.793868
vn -90.407194 25.960864 -33.949594
vn -90.407194 25.960864 -33.949594
vn -90.407194 25.960864 -33.949594
vn -21.469770 65.217488 -72.703021
vn -21.469770 65.217488 -72.703021
vn -21.469770 65.217488 -72.703021
vn 40.151405 90.802644 -11.947614
vn 40.151405 90.802644 -11.947614
vn 40.151405 90.802644 -11.947614
vn -23.736598 11.767326 -96.426682
vn -23.736598 11.767326 -96.426682
vn -23.736598 11.767326 -96.426682
vn 86.137681 49.501080 11.399354
vn 86.137681 49.501080 11.399354
vn 86.137681 49.501080 11.399354
vn 98.942404 -3.224659 14.142215
vn 98.942404 -3.224659 14.142215
vn 98.942404 -3.224659 14.142215
vn 65.677316 -64.535093 39.009152
vn 65.677316 -64.535093 39.009152
vn 65.677316 -64.535093 39.009152
vn -44.320025 -43.490631 78.385588
vn -44.320025 -43.490631 78.385588
vn -44.320025 -43.490631 78.385588
vn -16.910803 8.128791 -98.223965
vn -16.910803 8.128791 -98.223965
vn -16.910803 8.128791 -98.223965
vn 77.208320 35.398716 -52.780741
vn 77.208320 35.398716 -52.780741
vn 77.208320 35.398716 -52.780741
vn -69.409024 -1.680097 71.969200
vn -69.409024 -1.680097 71.969200
vn -69.409024 -1.680097 71.969200
vn -71.676872 67.853103 16.074288
vn -71.676872 67.853103 16.074288
vn -71.676872 67.853103 16.074288
vn 52.983081 50.447821 -68.174857
vn 52.983081 50.447821 -68.174857
vn 52.983081 50.447821 -68.174857
vn 5.727801 79.650667 60.191070
vn 5.727801 79.650667 60.191070
vn 5.727801 79.650667 60.191070
vn 9.788602 -10.968742 98.913451
vn 9.788602 -10.968742 98.913451
vn 9.788602 -10.968742 98.913451
vn 49.759225 84.344409 -20.249483
vn 49.759225 84.344409 -20.249483
vn 49.759225 84.344409 -20.249483
vn 47.756204 11.276862 87.133114
vn 47.756204 11.276862 87.133114
vn 47.756204 11.276862 87.133114
vn 84.698675 15.451409 50.866398
vn 84.698675 15.451409 50.866398
vn 84.698675 15.451409 50.866398
vn -99.812341 6.071662 0.795079
vn -99.812341 6.071662 0.795079
vn -99.812341 6.071662 0.795079
vn 30.619929 38.316286 87.145180
vn 30.619929 38.316286 87.145180
vn 30.619929 38.316286 87.145180
vn 48.151624 2.431500 87.609986
vn 48.151624 2.431500 87.609986
vn 48.151624 2.431500 87.609986
vn -45.006067 12.544505 -88.414309
vn -45.006067 12.544505 -88.414309
vn -45.006067 12.544505 -88.414309
vn -75.036846 -65.850087 5.765349
vn -75.036846 -65.850087 5.765349
vn -75.036846 -65.850087 5.765349
vn 24.734480 -68.243055 68.782926
vn 24.734480 -68.243055 68.782926
vn 24.734480 -68.243055 68.782926
vn 42.329108 -73.306418 -53.239234
vn 42.329108 -73.306418 -53.239234
vn 42.329108 -73.306418 -53.239234
vn 10.382779 -62.864188 77.073284
vn 10.382779 -62.864188 77.073284
vn 10.382779 -62.864188 77.073284
vn -36.032025 68.335735 63.497415
vn -36.032025 68.335735 63.497415
vn -36.032025 68.335735 63.497415
vn -59.167594 3.668620 80.534087
vn -59.167594 3.668620 80.534087
vn -59.167594 3.668620 80.534087
vn 91.542180 18.347149 35.824763
vn 91.542180 18.347149 35.824763
vn 91.542180 18.347149 35.824763
vn 79.398112 29.357831 53.235878
vn 79.398112 29.357831 53.235878
vn 79.398112 29.357831 53.235878
vn 50.593460 46.456492 72.678033
vn 50.593460 46.456492 72.678033
vn 50.593460 46.456492 72.678033
vn -98.747451 15.393235 3.462634
vn -98.747451 15.393235 3.462634
vn -98.747451 15.393235 3.462634
vn 27.039316 95.248650 -14.020404
vn 27.039316 95.248650 -14.020404
vn 27.039316 95.248650 -14.020404
vn -99.553478 -0.462947 -9.428216
vn -99.553478 -0.462947 -9.428216
vn -99.553478 -0.462947 -9.428216
vn -67.123321 72.367970 16.041704
vn -67.123321 72.367970 16.041704
vn -67.123321 72.367970 16.041704
vn 95.297910 20.344797 22.458800
vn 95.297910 20.344797 22.458800
vn 95.297910 20.344797 22.458800
vn 11.151654 97.093354 21.178359
vn 11.151654 97.093354 21.178359
vn 11.151654 97.093354 21.178359
vn 17.857554 -17.905060 96.749767
vn 17.857554 -17.905060 96.749767
vn 17.857554 -17.905060 96.749767
vn -40.006093 6.425808 91.423312
vn -40.006093 6.425808 91.423312
vn -40.006093 6.425808 91.423312
vn 81.728104 26.324041 51.259762
vn 81.728104 26.324041 51.259762
vn 81.728104 26.324041 51.259762
vn -48.582945 16.495678 85.834664
vn -48.582945 16.495678 85.834664
vn -48.582945 16.495678 85.834664
vn 3.285233 -81.121049 -58.383070
vn 3.285233 -81.121049 -58.383070
vn 3.285233 -81.121049 -58.383070
vn -35.988646 34.388970 86.730719
vn -35.988646 34.388970 86.730719
vn -35.988646 34.388970 86.730719
vn -82.430758 40.261299 39.801978
vn -82.430758 40.261299 39.801978
vn -82.430758 40.261299 39.801978
vn -98.918443 3.800319 14.166838
vn -98.918443 3.800319 14.166838
vn -98.918443 3.800319 14.166838
vn 40.635282 23.788921 -88.220525
vn 40.635282 23.788921 -88.220525
vn 40.635282 23.788921 -88.220525
vn -85.594041 40.782721 31.787299
vn -85.594041 40.782721 31.787299
vn -85.594041 40.782721 31.787299
vn -98.893903 3.566969 14.397026
vn -98.893903 3.566969 14.397026
vn -98.893903 3.566969 14.397026
vn 58.917375 76.503683 25.998667
vn 58.917375 76.503683 25.998667
vn 58.917375 76.503683 25.998667
vn 82.811149 55.970372 3.103411
vn 82.811149 55.970372 3.103411
vn 82.811149 55.970372 3.103411
vn -47.280809 25.731515 84.275822
vn -47.280809 25.731515 84.275822
vn -47.280809 25.731515 84.275822
vn 99.133740 -2.778857 -12.836687
vn 99.133740 -2.778857 -12.836687
vn 99.133740 -2.778857 -12.836687
vn -42.072243 11.586595 89.975982
vn -42.072243 11.586595 89.975982
vn -42.072243 11.586595 89.975982
vn 91.120426 -32.445811 -25.383806
vn 91.120426 -32.445811 -25.383806
vn 91.120426 -32.445811 -25.383806
vn -90.210124 18.284907 39.087032
vn -90.210124 18.284907 39.087032
vn -90.210124 18.284907 39.087032
vn -91.375463 -14.060301 38.116030
vn -91.375463 -14.060301 38.116030
vn -91.375463 -14.060301 38.116030
vn -91.391685 23.483295 -33.107332
vn -91.391685 23.483295 -33.107332
vn -91.391685 23.483295 -33.107332
vn 89.235541 42.233398 15.917303
vn 89.235541 42.233398 15.917303
vn 89.235541 42.233398 15.917303
vn 46.667661 -46.393728 -75.297750
vn 46.667661 -46.393728 -75.297750
vn 46.667661 -46.393728 -75.297750
vn 35.222601 14.468074 -92.466457
vn 35.222601 14.468074 -92.466457
vn 35.222601 14.468074 -92.466457
vn -76.980352 29.129367 56.793550
vn -76.980352 29.129367 56.793550
vn -76.980352 29.129367 56.793550
vn 58.631438 -75.713866 28.805648
vn 58.631438 -75.713866 28.805648
vn 58.631438 -75.713866 28.805648
vn 67.501781 -52.667262 -51.668830
vn 67.501781 -52.667262 -51.668830
vn 67.501781 -52.667262 -51.668830
vn 90.876418 41.619668 -3.046394
vn 90.876418 41.619668 -3.046394
vn 90.876418 41.619668 -3.046394
vn -6.183523 -26.387678 -96.257230
vn -6.183523 -26.387678 -96.257230
vn -6.183523 -26.387678 -96.257230
vn -54.038271 -53.322672 65.088850
vn -54.038271 -53.322672 65.088850
vn -54.038271 -53.322672 65.088850
vn 13.711934 -11.494734 -98.386247
vn 13.711934 -11.494734 -98.386247
vn 13.711934 -11.494734 -98.386247
vn -71.566889 -42.768816 55.217838
vn -71.566889 -42.768816 55.217838
vn -71.566889 -42.768816 55.217838
vn -20.550343 10.857303 97.261517
vn -20.550343 10.857303 97.261517
vn -20.550343 10.857303 97.261517
vn 46.589116 -0.177776 88.484028
vn 46.589116 -0.177776 88.484028
vn 46.589116 -0.177776 88.484028
vn 33.759066 -14.404036 -93.020693
vn 33.759066 -14.404036 -93.020693
vn 33.759066 -14.404036 -93.020693
vn 32.764051 -12.661830 -93.627971
vn 32.764051 -12.661830 -93.627971
vn 32.764051 -12.661830 -93.627971
vn 85.122947 -10.414515 51.435611
vn 85.122947 -10.414515 51.435611
vn 85.122947 -10.414515 51.435611
vn 95.246201 18.612081 -24.119572
vn 95.246201 18.612081 -24.119572
vn 95.246201 18.612081 -24.119572
vn 38.366572 -59.857171 70.321584
vn 38.366572 -59.857171 70.321584
vn 38.366572 -59.857171 70.321584
vn 78.730063 60.565544 11.549579
vn 78.730063 60.565544 11.549579
vn 78.730063 60.565544 11.549579
vn 59.343858 57.021557 -56.805363
vn 59.343858 57.021557 -56.805363
vn 59.343858 57.021557 -56.805363
vn 98.790129 -13.621419 7.414095
vn 98.790129 -13.621419 7.414095
vn 98.790129 -13.621419 7.414095
vn -86.088732 10.522436 49.779623
vn -86.088732 10.522436 49.779623
vn -86.088732 10.522436 49.779623
vn 48.819152 9.054002 86.802745
vn 48.819152 9.054002 86.802745
vn 48.819152 9.054002 86.802745
vn -61.535401 -73.959065 -27.266301
vn -61.535401 -73.959065 -27.266301
vn -61.535401 -73.959065 -27.266301
vn -96.925638 24.217877 4.349237
vn -96.925638 24.217877 4.349237
vn -96.925638 24.217877 4.349237
vn 99.038620 -10.120794 9.429908
vn 99.038620 -10.120794 9.429908
vn 99.038620 -10.120794 9.429908
vn 5.084582 62.914225 77.562546
vn 5.084582 62.914225 77.562546
vn 5.084582 62.914225 77.562546
vn 28.837028 69.050337 66.336099
vn 28.837028 69.050337 66.336099
vn 28.837028 69.050337 66.336099
vn -46.077870 9.353357 88.257269
vn -46.077870 9.353357 88.257269
vn -46.077870 9.353357 88.257269
vn 97.371713 18.962739 12.616079
vn 97.371713 18.962739 12.616079
vn 97.371713 18.962739 12.616079
vn 72.328985 62.625599 29.095587
vn 72.328985 62.625599 29.095587
vn 72.328985 62.625599 29.095587
vn 97.692008 5.098902 -20.743056
vn 97.692008 5.098902 -20.743056
vn 97.692008 5.098902 -20.743056
vn -21.322147 -52.044416 -82.684618
vn -21.322147 -52.044416 -82.684618
vn -21.322147 -52.044416 -82.684618
vn 85.495733 -39.093000 -34.091301
vn 85.495733 -39.093000 -34.091301
vn 85.495733 -39.093000 -34.091301
vn 34.453885 34.357291 87.364230
vn 34.453885 34.357291 87.364230
vn 34.453885 34.357291 87.364230
vn 71.352202 21.765256 66.596832
vn 71.352202 21.765256 66.596832
vn 71.352202 21.765256 66.596832
vn 2.211315 81.049171 58.533271
vn 2.211315 81.049171 58.533271
vn 2.211315 81.049171 58.533271
vn 82.643554 -56.033932 5.499339
vn 82.643554 -56.033932 5.499339
vn 82.643554 -56.033932 5.499339
vn 54.814628 -80.359294 -23.189225
vn 54.814628 -80.359294 -23.189225
vn 54.814628 -80.359294 -23.189225
vn -66.022879 -7.219904 -74.758640
vn -66.022879 -7.219904 -74.758640
vn -66.022879 -7.219904 -74.758640
vn -97.007251 2.600400 -24.141914
vn -97.007251 2.600400 -24.141914
vn -97.007251 2.600400 -24.141914
vn 31.556423 39.036676 86.488903
vn 31.556423 39.036676 86.488903
vn 31.556423 39.036676 86.488903
vn 0.009949 -21.889627 -97.574812
vn 0.009949 -21.889627 -97.574812
vn 0.009949 -21.889627 -97.574812
vn -60.779291 -67.996172 41.017052
vn -60.779291 -67.996172 41.017052
vn -60.779291 -67.996172 41.017052
vn 62.393204 64.382062 -44.294890
vn 62.393204 64.382062 -44.294890
vn 62.393204 64.382062 -44.294890
vn 69.188834 -23.961444 68.108413
vn 69.188834 -23.961444 68.108413
vn 69.188834 -23.961444 68.108413
vn 31.050414 -15.022265 93.862685
vn 31.050414 -15.022265 93.862685
vn 31.050414 -15.022265 93.862685
vn 92.544522 19.721508 32.350803
vn 92.544522 19.721508 32.350803
vn 92.544522 19.721508 32.350803
vn -97.687555 14.446033 15.762440
vn -97.687555 14.446033 15.762440
vn -97.687555 14.446033 15.762440
vn 80.392567 -54.937861 -22.778655
vn 80.392567 -54.937861 -22.778655
vn 80.392567 -54.937861 -22.778655
vn -90.758642 41.517761 6.256664
vn -90.758642 41.517761 6.256664
vn -90.758642 41.517761 6.256664
vn 97.789007 -4.229415 20.479833
vn 97.789007 -4.229415 20.479833
vn 97.789007 -4.229415 20.479833
vn -94.626586 -28.761246 -14.785186
vn -94.626586 -28.761246 -14.785186
vn -94.626586 -28.761246 -14.785186
vn -76.198342 -4.872156 -64.576123
vn -76.198342 -4.872156 -64.576123
vn -76.198342 -4.872156 -64.576123
vn 78.214370 21.338438 58.542148
vn 78.214370 21.338438 58.542148
vn 78.214370 21.338438 58.542148
vn -88.961737 36.027540 28.068251
vn -88.961737 36.027540 28.068251
vn -88.961737 36.027540 28.068251
vn -83.556475 -20.563707 -50.945566
vn -83.556475 -20.563707 -50.945566
vn -83.556475 -20.563707 -50.945566
vn -7.079320 -27.617315 95.849710
vn -7.079320 -27.617315 95.849710
vn -7.079320 -27.617315 95.849710
vn 85.677013 -0.076462 51.569809
vn 85.677013 -0.076462 51.569809
vn 85.677013 -0.076462 51.569809
vn 27.724661 -91.931370 27.927910
vn 27.724661 -91.931370 27.927910
vn 27.724661 -91.931370 27.927910
vn -56.536345 -75.123949 -34.059267
vn -56.536345 -75.123949 -34.059267
vn -56.536345 -75.123949 -34.059267
vn -5.466181 -99.850493 -0.013247
vn -5.466181 -99.850493 -0.013247
vn -5.466181 -99.850493 -0.013247
vn 74.049619 -39.707764 -54.221278
vn 74.049619 -39.707764 -54.221278
vn 74.049619 -39.707764 -54.221278
vn 40.064680 -20.474642 -89.306283
vn 40.064680 -20.474642 -89.306283
vn 40.064680 -20.474642 -89.306283
vn 45.456661 23.824971 -85.825772
vn 45.456661 23.824971 -85.825772
vn 45.456661 23.824971 -85.825772
vn 96.847524 11.011592 -22.345087
vn 96.847524 11.011592 -22.345087
vn 96.847524 11.011592 -22.345087
vn -41.251099 26.473824 -87.163548
vn -41.251099 26.473824 -87.163548
vn -41.251099 26.473824 -87.163548
vn -82.653517 53.215283 -18.344764
vn -82.653517 53.215283 -18.344764
vn -82.653517 53.215283 -18.344764
vn -93.243255 27.093829 23.908575
vn -93.243255 27.093829 23.908575
vn -93.243255 27.093829 23.908575
vn -32.576881 39.190943 86.039624
vn -32.576881 39.190943 86.039624
vn -32.576881 39.190943 86.039624
vn -97.551961 15.070773 -16.015226
vn -97.551961 15.070773 -16.015226
vn -97.551961 15.070773 -16.015226
vn 98.601078 -9.593190 -13.630826
vn 98.601078 -9.593190 -13.630826
vn 98.601078 -9.593190 -13.630826
vn 4.717576 -86.816863 -49.402196
vn 4.717576 -86.816863 -49.402196
vn 4.717576 -86.816863 -49.402196
vn -1.503035 12.353928 99.222587
vn -1.503035 12.353928 99.222587
vn -1.503035 12.353928 99.222587
vn 86.050179 -48.827505 14.534187
vn 86.050179 -48.827505 14.534187
vn 86.050179 -48.827505 14.534187
vn -89.688153 7.036534 43.663746
vn -89.688153 7.036534 43.663746
vn -89.688153 7.036534 43.663746
vn 26.539573 -35.065643 -89.811204
vn 26.539573 -35.065643 -89.811204
vn 26.539573 -35.065643 -89.811204
vn -80.076162 -55.826295 -21.707900
vn -80.076162 -55.826295 -21.707900
vn -80.076162 -55.826295 -21.707900
vn 80.118254 27.715934 -53.036726
vn 80.118254 27.715934 -53.036726
vn 80.118254 27.715934 -53.036726
vn 81.263884 35.542049 46.183805
vn 81.263884 35.542049 46.183805
vn 81.263884 35.542049 46.183805
vn 23.025228 0.284593 -97.312680
vn 23.025228 0.284593 -97.312680
vn 23.025228 0.284593 -97.312680
vn 68.276320 53.930358 -49.293619
vn 68.276320 53.930358 -49.293619
vn 68.276320 53.930358 -49.293619
vn -19.212049 56.995641 -79.889887
vn -19.212049 56.995641 -79.889887
vn -19.212049 56.995641 -79.889887
vn -14.999772 69.956456 -69.864878
vn -14.999772 69.956456 -69.864878
vn -14.999772 69.956456 -69.864878
vn 77.688679 60.127378 18.686039
vn 77.688679 60.127378 18.686039
vn 77.688679 60.127378 18.686039
vn 77.255696 63.160636 -6.503180
vn 77.255696 63.160636 -6.503180
vn 77.255696 63.160636 -6.503180
vn -55.533094 79.589971 24.114557
vn -55.533094 79.589971 24.114557
vn -55.533094 79.589971 24.114557
vn 83.426190 3.904867 54.998403
vn 83.426190 3.904867 54.998403
vn 83.426190 3.904867 54.998403
vn -71.376885 -24.923706 -65.453429
vn -71.376885 -24.923706 -65.453429
vn -71.376885 -24.923706 -65.453429
vn 69.336239 -30.016513 65.509514
vn 69.336239 -30.016513 65.509514
vn 69.336239 -30.016513 65.509514
vn 86.694591 11.217398 48.561494
vn 86.694591 11.217398 48.561494
vn 86.694591 11.217398 48.561494
vn 44.054034 85.405831 -27.660187
vn 44.054034 85.405831 -27.660187
vn 44.054034 85.405831 -27.660187
vn 22.855821 -16.451548 95.952899
vn 22.855821 -16.451548 95.952899
vn 22.855821 -16.451548 95.952899
vn -97.075669 -23.188005 -6.215340
vn -97.075669 -23.188005 -6.215340
vn -97.075669 -23.188005 -6.215340
vn -47.074319 -45.894989 -75.350256
vn -47.074319 -45.894989 -75.350256
vn -47.074319 -45.894989 -75.350256
vn -47.663497 6.090914 87.698871
vn -47.663497 6.090914 87.698871
vn -47.663497 6.090914 87.698871
vn 57.082513 -24.520735 -78.360203
vn 57.082513 -24.520735 -78.360203
vn 57.082513 -24.520735 -78.360203
vn 88.422478 4.156145 46.520869
vn 88.422478 4.156145 46.520869
vn 88.422478 4.156145 46.520869
vn 54.313792 76.246132 35.164476
vn 54.313792 76.246132 35.164476
vn 54.313792 76.246132 35.164476
vn 17.058078 -87.360614 -45.575732
vn 17.058078 -87.360614 -45.575732
vn 17.058078 -87.360614 -45.575732
vn 95.998891 26.296565 -9.628267
vn 95.998891 26.296565 -9.628267
vn 95.998891 26.296565 -9.628267
vn -36.083302 -18.937735 -91.320090
vn -36.083302 -18.937735 -91.320090
vn -36.083302 -18.937735 -91.320090
vn 85.192568 -20.263746 -48.286736
vn 85.192568 -20.263746 -48.286736
vn 85.192568 -20.263746 -48.286736
vn 0.934800 63.898226 76.916469
vn 0.934800 63.898226 76.916469
vn 0.934800 63.898226 76.916469
vn 68.383309 57.228188 -45.262116
vn 68.383309 57.228188 -45.262116
vn 68.383309 57.228188 -45.262116
vn 78.139596 -5.156606 -62.190132
vn 78.139596 -5.156606 -62.190132
vn 78.139596 -5.156606 -62.190132
vn 92.146347 33.049293 -20.415574
vn 92.146347 33.049293 -20.415574
vn 92.146347 33.049293 -20.415574
vn 77.541942 -35.230215 52.403045
vn 77.541942 -35.230215 52.403045
vn 77.541942 -35.230215 52.403045
vn 30.476078 29.665362 -90.505119
vn 30.476078 29.665362 -90.505119
vn 30.476078 29.665362 -90.505119
vn 73.889147 -35.367633 57.354378
vn 73.889147 -35.367633 57.354378
vn 73.889147 -35.367633 57.354378
vn 66.617524 70.481379 24.381993
vn 66.617524 70.481379 24.381993
vn 66.617524 70.481379 24.381993
vn -37.275255 -55.981792 74.004018
vn -37.275255 -55.981792 74.004018
vn -37.275255 -55.981792 74.004018
vn 77.890514 16.756397 60.434200
vn 77.890514 16.756397 60.434200
vn 77.890514 16.756397 60.434200
vn 3.790118 -44.989245 -89.227813
vn 3.790118 -44.989245 -89.227813
vn 3.790118 -44.989245 -89.227813
vn 97.447014 -21.845813 5.180868
vn 97.447014 -21.845813 5.180868
vn 97.447014 -21.845813 5.180868
vn -84.201162 -13.880399 52.129655
vn -84.201162 -13.880399 52.129655
vn -84.201162 -13.880399 52.129655
vn 26.521499 90.027305 34.520931
vn 26.521499 90.027305 34.520931
vn 26.521499 90.027305 34.520931
vn 75.318812 -60.876856 -24.921591
vn 75.318812 -60.876856 -24.921591
vn 75.318812 -60.876856 -24.921591
vn -98.528645 9.028754 14.511657
vn -98.528645 9.028754 14.511657
vn -98.528645 9.028754 14.511657
vn -67.082986 11.431757 -73.274744
vn -67.082986 11.431757 -73.274744
vn -67.082986 11.431757 -73.274744
vn 57.437972 4.535077 81.733185
vn 57.437972 4.535077 81.733185
vn 57.437972 4.535077 81.733185
vn 83.877762 -4.774116 54.237720
vn 83.877762 -4.774116 54.237720
vn 83.877762 -4.774116 54.237720
vn 44.724820 -89.439669 -0.487867
vn 44.724820 -89.439669 -0.487867
vn 44.724820 -89.439669 -0.487867
vn 5.363549 -87.578223 -47.971736
vn 5.363549 -87.578223 -47.971736
vn 5.363549 -87.578223 -47.971736
vn -50.065363 41.667276 75.876860
vn -50.065363 41.667276 75.876860
vn -50.065363 41.667276 75.876860
vn 30.105471 5.935991 95.175764
vn 30.105471 5.935991 95.175764
vn 30.105471 5.935991 95.175764
vn -83.323965 16.211848 -52.861089
vn -83.323965 16.211848 -52.861089
vn -83.323965 16.211848 -52.861089
vn -99.876292 -3.409347 -3.619763
vn -99.876292 -3.409347 -3.619763
vn -99.876292 -3.409347 -3.619763
vn -46.479055 -10.687763 -87.894647
vn -46.479055 -10.687763 -87.894647
vn -46.479055 -10.687763 -87.894647
vn 16.035988 -30.153134 -93.987423
vn 16.035988 -30.153134 -93.987423
vn 16.035988 -30.153134 -93.987423
vn 16.338190 61.656006 77.016889
vn 16.338190 61.656006 77.016889
vn 16.338190 61.656006 77.016889
vn 59.904831 39.208295 69.814911
vn 59.904831 39.208295 69.814911
vn 59.904831 39.208295 69.814911
vn 65.112971 -53.827544 -53.506046
vn 65.112971 -53.827544 -53.506046
vn 65.112971 -53.827544 -53.506046
vn 90.978163 41.495407 -1.051805
vn 90.978163 41.495407 -1.051805
vn 90.978163 41.495407 -1.051805
vn -96.252399 8.947758 25.601052
vn -96.252399 8.947758 25.601052
vn -96.252399 8.947758 25.601052
vn -40.755247 -40.692296 -81.750522
vn -40.755247 -40.692296 -81.750522
vn -40.755247 -40.692296 -81.750522
vn -57.175876 -27.400609 -77.331284
vn -57.175876 -27.400609 -77.331284
vn -57.175876 -27.400609 -77.331284
vn -9.392126 -84.510687 -52.628249
vn -9.392126 -84.510687 -52.628249
vn -9.392126 -84.510687 -52.628249
vn 47.716831 -84.266074 -24.946647
vn 47.716831 -84.266074 -24.946647
vn 47.716831 -84.266074 -24.946647
vn -1.646184 -78.201375 -62.304389
vn -1.646184 -78.201375 -62.304389
vn -1.646184 -78.201375 -62.304389
vn 30.776638 75.305034 58.154533
vn 30.776638 75.305034 58.154533
vn 30.776638 75.305034 58.154533
vn 75.881765 64.967228 4.606328
vn 75.881765 64.967228 4.606328
vn 75.881765 64.967228 4.606328
vn -41.145221 -11.507208 90.413808
vn -41.145221 -11.507208 90.413808
vn -41.145221 -11.507208 90.413808
vn 33.561549 91.503625 -22.376561
vn 33.561549 91.503625 -22.376561
vn 33.561549 91.503625 -22.376561
vn 98.644213 -16.290028 -1.988700
vn 98.644213 -16.290028 -1.988700
vn 98.644213 -16.290028 -1.988700
vn 27.091505 11.263318 -95.599106
vn 27.091505 11.263318 -95.599106
vn 27.091505 11.263318 -95.599106
vn 93.824260 -34.463730 3.043051
vn 93.824260 -34.463730 3.043051
vn 93.824260 -34.463730 3.043051
vn 42.396870 49.155951 -76.067073
vn 42.396870 49.155951 -76.067073
vn 42.396870 49.155951 -76.067073
vn 47.969307 58.364499 65.517416
vn 47.969307 58.364499 65.517416
vn 47.969307 58.364499 65.517416
vn -74.135680 -66.136386 11.396469
vn -74.135680 -66.136386 11.396469
vn -74.135680 -66.136386 11.396469
vn 90.689718 -6.553258 41.622475
vn 90.689718 -6.553258 41.622475
vn 90.689718 -6.553258 41.622475
vn 17.037213 75.331154 63.521274
vn 17.037213 75.331154 63.521274
vn 17.037213 75.331154 63.521274
vn 3.858273 6.569860 -99.709340
vn 3.858273 6.569860 -99.709340
vn 3.858273 6.569860 -99.709340
vn 8.456892 -14.605952 98.565451
vn 8.456892 -14.605952 98.565451
vn 8.456892 -14.605952 98.565451
vn 12.801103 -37.453391 91.833413
vn 12.801103 -37.453391 91.833413
vn 12.801103 -37.453391 91.833413
vn -75.241653 -60.844517 -25.231694
vn -75.241653 -60.844517 -25.231694
vn -75.241653 -60.844517 -25.231694
vn -8.732932 -4.710581 99.506520
vn -8.732932 -4.710581 99.506520
vn -8.732932 -4.710581 99.506520
vn 78.360006 25.374980 56.708216
vn 78.360006 25.374980 56.708216
vn 78.360006 25.374980 56.708216
vn 68.944945 -14.526243 -70.961851
vn 68.944945 -14.526243 -70.961851
vn 68.944945 -14.526243 -70.961851
vn 91.753359 38.525818 -9.853106
vn 91.753359 38.525818 -9.853106
vn 91.753359 38.525818 -9.853106
vn -72.596201 -62.346795 29.028748
vn -72.596201 -62.346795 29.028748
vn -72.596201 -62.346795 29.028748
vn 29.539184 33.197969 89.584215
vn 29.539184 33.197969 89.584215
vn 29.539184 33.197969 89.584215
vn -29.014322 18.946337 93.804091
vn -29.014322 18.946337 93.804091
vn -29.014322 18.946337 93.804091
vn 17.653365 69.565239 -69.635029
vn 17.653365 69.565239 -69.635029
vn 17.653365 69.565239 -69.635029
vn -9.223637 -85.890396 50.376241
vn -9.223637 -85.890396 50.376241
vn -9.223637 -85.890396 50.376241
vn -25.610545 93.757215 -23.530507
vn -25.610545 93.757215 -23.530507
vn -25.610545 93.757215 -23.530507
vn -30.219005 41.933536 -85.606026
vn -30.219005 41.933536 -85.606026
vn -30.219005 41.933536 -85.606026
vn 19.027513 -6.270673 97.972615
vn 19.027513 -6.270673 97.972615
vn 19.027513 -6.270673 97.972615
vn 3.495946 47.420968 87.971761
vn 3.495946 47.420968 87.971761
vn 3.495946 47.420968 87.971761
vn -50.288593 -71.393425 -48.724082
vn -50.288593 -71.393425 -48.724082
vn -50.288593 -71.393425 -48.724082
vn -97.328190 -1.040712 -22.937747
vn -97.328190 -1.040712 -22.937747
vn -97.328190 -1.040712 -22.937747
vn 89.648207 -6.898086 43.767762
vn 89.648207 -6.898086 43.767762
vn 89.648207 -6.898086 43.767762
vn 57.525402 71.842991 -39.107711
vn 57.525402 71.842991 -39.107711
vn 57.525402 71.842991 -39.107711
vn -8.130954 79.230110 60.468824
vn -8.130954 79.230110 60.468824
vn -8.130954 79.230110 60.468824
vn -22.676061 -2.618487 97.359855
vn -22.676061 -2.618487 97.359855
vn -22.676061 -2.618487 97.359855
vn 76.403984 63.682688 10.341464
vn 76.403984 63.682688 10.341464
vn 76.403984 63.682688 10.341464
vn -78.748229 60.408556 -12.227981
vn -78.748229 60.408556 -12.227981
vn -78.748229 60.408556 -12.227981
vn 89.261495 44.258980 -8.574843
vn 89.261495 44.258980 -8.574843
vn 89.261495 44.258980 -8.574843
vn -26.652745 3.290407 -96.326550
vn -26.652745 3.290407 -96.326550
vn -26.652745 3.290407 -96.326550
vn 90.439760 -8.829070 -41.745629
vn 90.439760 -8.829070 -41.745629
vn 90.439760 -8.829070 -41.745629
vn 88.090389 -35.027886 -31.829732
vn 88.090389 -35.027886 -31.829732
vn 88.090389 -35.027886 -31.829732
vn 80.576636 -0.564012 59.220672
vn 80.576636 -0.564012 59.220672
vn 80.576636 -0.564012 59.220672
vn -97.989954 -1.837946 -19.864333
vn -97.989954 -1.837946 -19.864333
vn -97.989954 -1.837946 -19.864333
vn 87.996189 0.970568 47.494525
vn 87.996189 0.970568 47.494525
vn 87.996189 0.970568 47.494525
vn -80.444849 -9.217745 -58.682718
vn -80.444849 -9.217745 -58.682718
vn -80.444849 -9.217745 -58.682718
vn -29.631460 37.464139 -87.854511
vn -29.631460 37.464139 -87.854511
vn -29.631460 37.464139 -87.854511
vn 12.146286 -39.359367 -91.122494
vn 12.146286 -39.359367 -91.122494
vn 12.146286 -39.359367 -91.122494
vn 11.021506 -53.599968 -83.699289
vn 11.021506 -53.599968 -83.699289
vn 11.021506 -53.599968 -83.699289
vn 2.772754 -78.902110 61.374029
vn 2.772754 -78.902110 61.374029
vn 2.772754 -78.902110 61.374029
vn 7.460949 25.154210 -96.496643
vn 7.460949 25.154210 -96.496643
vn 7.460949 25.154210 -96.496643
vn 30.919880 33.573212 -88.976411
vn 30.919880 33.573212 -88.976411
vn 30.919880 33.573212 -88.976411
vn 85.499137 -32.447053 40.460948
vn 85.499137 -32.447053 40.460948
vn 85.499137 -32.447053 40.460948
vn 57.816596 56.462651 58.900005
vn 57.816596 56.462651 58.900005
vn 57.816596 56.462651 58.900005
vn -85.658896 -15.134430 49.330550
vn -85.658896 -15.134430 49.330550
vn -85.658896 -15.134430 49.330550
vn 8.319633 -86.249080 49.918749
vn 8.319633 -86.249080 49.918749
vn 8.319633 -86.249080 49.918749
vn -29.156975 -57.039125 -76.788088
vn -29.156975 -57.039125 -76.788088
vn -29.156975 -57.039125 -76.788088
vn -85.720575 25.600673 -44.683197
vn -85.720575 25.600673 -44.683197
vn -85.720575 25.600673 -44.683197
vn 81.076625 30.548792 49.933489
vn 81.076625 30.548792 49.933489
vn 81.076625 30.548792 49.933489
vn -79.441854 -9.319820 60.017777
vn -79.441854 -9.319820 60.017777
vn -79.441854 -9.319820 60.017777
vn 64.623895 -16.807680 -74.439614
vn 64.623895 -16.807680 -74.439614
vn 64.623895 -16.807680 -74.439614
vn -83.464431 53.349823 -13.692509
vn -83.464431 53.349823 -13.692509
vn -83.464431 53.349823 -13.692509
vn -76.093910 51.846316 39.008671
vn -76.093910 51.846316 39.008671
vn -76.093910 51.846316 39.008671
vn -83.823037 36.128524 40.846428
vn -83.823037 36.128524 40.846428
vn -83.823037 36.128524 40.846428
vn -93.462711 -18.611782 -30.303881
vn -93.462711 -18.611782 -30.303881
vn -93.462711 -18.611782 -30.303881
vn 49.819598 23.901354 83.347073
vn 49.819598 23.901354 83.347073
vn 49.819598 23.901354 83.347073
vn -5.391687 -70.237007 -70.976713
vn -5.391687 -70.237007 -70.976713
vn -5.391687 -70.237007 -70.976713
vn 56.610630 81.230948 -14.027520
vn 56.610630 81.230948 -14.027520
vn 56.610630 81.230948 -14.027520
vn 76.778371 0.909681 64.064460
vn 76.778371 0.909681 64.064460
vn 76.778371 0.909681 64.064460
vn -25.608186 15.127960 -95.474424
vn -25.608186 15.127960 -95.474424
vn -25.608186 15.127960 -95.474424
vn 32.333677 -7.911237 94.297125
vn 32.333677 -7.911237 94.297125
vn 32.333677 -7.911237 94.297125
vn 45.220023 35.820178 -81.682701
vn 45.220023 35.820178 -81.682701
vn 45.220023 35.820178 -81.682701
vn -17.495359 -21.304283 -96.125130
vn -17.495359 -21.304283 -96.125130
vn -17.495359 -21.304283 -96.125130
vn -19.399635 -4.637984 97.990541
vn -19.399635 -4.637984 97.990541
vn -19.399635 -4.637984 97.990541
vn -85.196806 14.411324 50.337044
vn -85.196806 14.411324 50.337044
vn -85.196806 14.411324 50.337044
vn -98.362763 -10.767276 -14.451088
vn -98.362763 -10.767276 -14.451088
vn -98.362763 -10.767276 -14.451088
vn 81.678699 54.823411 17.971731
vn 81.678699 54.823411 17.971731
vn 81.678699 54.823411 17.971731
vn -20.287027 -9.500460 97.458594
vn -20.287027 -9.500460 97.458594
vn -20.287027 -9.500460 97.458594
vn 95.094991 -26.974388 -15.143501
vn 95.094991 -26.974388 -15.143501
vn 95.094991 -26.974388 -15.143501
vn 81.850610 -0.634445 -57.446286
vn 81.850610 -0.634445 -57.446286
vn 81.850610 -0.634445 -57.446286
vn 25.373940 34.767130 90.263006
vn 25.373940 34.767130 90.263006
vn 25.373940 34.767130 90.263006
vn -96.955996 -2.919640 24.310743
vn -96.955996 -2.919640 24.310743
vn -96.955996 -2.919640 24.310743
vn 29.521404 -77.654838 -55.661595
vn 29.521404 -77.654838 -55.661595
vn 29.521404 -77.654838 -55.661595
vn -85.482666 -32.107051 -40.765811
vn -85.482666 -32.107051 -40.765811
vn -85.482666 -32.107051 -40.765811
vn 98.925168 -13.873263 4.619921
vn 98.925168 -13.873263 4.619921
vn 98.925168 -13.873263 4.619921
vn 7.427887 -36.712633 92.720061
vn 7.427887 -36.712633 92.720061
vn 7.427887 -36.712633 92.720061
vn -24.386276 22.479124 -94.339807
vn -24.386276 22.479124 -94.339807
vn -24.386276 22.479124 -94.339807
vn 81.187322 -17.525929 -55.690761
vn 81.187322 -17.525929 -55.690761
vn 81.187322 -17.525929 -55.690761
vn 51.093764 65.209853 -56.009848
vn 51.093764 65.209853 -56.009848
vn 51.093764 65.209853 -56.009848
vn -17.440503 -4.210347 -98.377346
vn -17.440503 -4.210347 -98.377346
vn -17.440503 -4.210347 -98.377346
vn 41.437883 81.624873 40.252721
vn 41.437883 81.624873 40.252721
vn 41.437883 81.624873 40.252721
vn 91.595646 -25.119842 -31.292705
vn 91.595646 -25.119842 -31.292705
vn 91.595646 -25.119842 -31.292705
vn -96.166303 26.289144 7.805353
vn -96.166303 26.289144 7.805353
vn -96.166303 26.289144 7.805353
vn -93.200555 -24.089554 27.080469
vn -93.200555 -24.089554 27.080469
vn -93.200555 -24.089554 27.080469
vn 51.472693 -19.053512 -83.591420
vn 51.472693 -19.053512 -83.591420
vn 51.472693 -19.053512 -83.591420
vn -7.701871 37.849727 92.239258
vn -7.701871 37.849727 92.239258
vn -7.701871 37.849727 92.239258
vn 73.660690 63.748342 22.588758
vn 73.660690 63.748342 22.588758
vn 73.660690 63.748342 22.588758
vn 84.173557 -43.615586 -31.819691
vn 84.173557 -43.615586 -31.819691
vn 84.173557 -43.615586 -31.819691
vn -17.270092 6.052121 -98.311324
vn -17.270092 6.052121 -98.311324
vn -17.270092 6.052121 -98.311324
vn 51.852125 74.221421 42.456309
vn 51.852125 74.221421 42.456309
vn 51.852125 74.221421 42.456309
vn 30.586697 -6.429835 -94.990060
vn 30.586697 -6.429835 -94.990060
vn 30.586697 -6.429835 -94.990060
vn 54.525912 -17.455600 -81.989196
vn 54.525912 -17.455600 -81.989196
vn 54.525912 -17.455600 -81.989196
vn 56.363860 -8.690522 -82.143716
vn 56.363860 -8.690522 -82.143716
vn 56.363860 -8.690522 -82.143716
vn 3.815278 28.614070 95.742780
vn 3.815278 28.614070 95.742780
vn 3.815278 28.614070 95.742780
vn 80.396676 56.422609 18.784725
vn 80.396676 56.422609 18.784725
vn 80.396676 56.422609 18.784725
vn -56.375715 -77.805765 -27.713575
vn -56.375715 -77.805765 -27.713575
vn -56.375715 -77.805765 -27.713575
vn 92.652593 -25.424309 -27.732684
vn 92.652593 -25.424309 -27.732684
vn 92.652593 -25.424309 -27.732684
vn -48.004099 81.384413 -32.744226
vn -48.004099 81.384413 -32.744226
vn -48.004099 81.384413 -32.744226
vn 89.159032 -18.314402 -41.415572
vn 89.159032 -18.314402 -41.415572
vn 89.159032 -18.314402 -41.415572
vn 88.323975 41.923055 21.007932
vn 88.323975 41.923055 21.007932
vn 88.323975 41.923055 21.007932
vn -12.790078 -8.079823 98.849026
vn -12.790078 -8.079823 98.849026
vn -12.790078 -8.079823 98.849026
vn -95.284202 -4.651402 -29.988097
vn -95.284202 -4.651402 -29.988097
vn -95.284202 -4.651402 -29.988097
vn 31.129609 -19.794159 -92.946972
vn 31.129609 -19.794159 -92.946972
vn 31.129609 -19.794159 -92.946972
vn 76.855662 -61.675173 17.011196
vn 76.855662 -61.675173 17.011196
vn 76.855662 -61.675173 17.011196
vn -22.212221 -36.414766 90.446583
vn -22.212221 -36.414766 90.446583
vn -22.212221 -36.414766 90.446583
vn -29.942151 -19.689316 93.358446
vn -29.942151 -19.689316 93.358446
vn -29.942151 -19.689316 93.358446
vn 47.559030 63.558960 60.814450
vn 47.559030 63.558960 60.814450
vn 47.559030 63.558960 60.814450
vn -85.813173 -37.802162 34.743312
vn -85.813173 -37.802162 34.743312
vn -85.813173 -37.802162 34.743312
vn 85.096161 -14.993455 -50.337256
vn 85.096161 -14.993455 -50.337256
vn 85.096161 -14.993455 -50.337256
vn 68.151557 57.571381 45.176333
vn 68.151557 57.571381 45.176333
vn 68.151557 57.571381 45.176333
vn 74.121130 49.175737 -45.692522
vn 74.121130 49.175737 -45.692522
vn 74.121130 49.175737 -45.692522
vn -81.743171 -30.603564 48.800395
vn -81.743171 -30.603564 48.800395
vn -81.743171 -30.603564 48.800395
vn 62.399064 77.221896 11.963931
vn 62.399064 77.221896 11.963931
vn 62.399064 77.221896 11.963931
vn 96.042399 -19.345893 -20.039828
vn 96.042399 -19.345893 -20.039828
vn 96.042399 -19.345893 -20.039828
vn -43.047305 75.441496 -49.553122
vn -43.047305 75.441496 -49.553122
vn -43.047305 75.441496 -49.553122
vn 96.331721 2.141033 -26.750990
vn 96.331721 2.141033 -26.750990
vn 96.331721 2.141033 -26.750990
vn 19.648914 -59.039596 -78.283119
vn 19.648914 -59.039596 -78.283119
vn 19.648914 -59.039596 -78.283119
vn -90.443415 33.918593 -25.875078
vn -90.443415 33.918593 -25.875078
vn -90.443415 33.918593 -25.875078
vn 33.170152 -20.117926 -92.168379
vn 33.170152 -20.117926 -92.168379
vn 33.170152 -20.117926 -92.168379
vn 88.188718 -9.073455 -46.264713
vn 88.188718 -9.073455 -46.264713
vn 88.188718 -9.073455 -46.264713
vn 90.264389 -40.895286 13.413293
vn 90.264389 -40.895286 13.413293
vn 90.264389 -40.895286 13.413293
vn -88.731020 22.864750 -40.050118
vn -88.731020 22.864750 -40.050118
vn -88.731020 22.864750 -40.050118
vn -76.255503 -17.111391 -62.388286
vn -76.255503 -17.111391 -62.388286
vn -76.255503 -17.111391 -62.388286
vn 99.281318 2.472777 -11.709246
vn 99.281318 2.472777 -11.709246
vn 99.281318 2.472777 -11.709246
vn -94.622041 24.621983 20.986370
vn -94.622041 24.621983 20.986370
vn -94.622041 24.621983 20.986370
vn 39.382700 -88.214794 25.829298
vn 39.382700 -88.214794 25.829298
vn 39.382700 -88.214794 25.829298
vn 39.124078 91.078113 -13.194072
vn 39.124078 91.078113 -13.194072
vn 39.124078 91.078113 -13.194072
vn 87.421853 31.629472 -36.837428
vn 87.421853 31.629472 -36.837428
vn 87.421853 31.629472 -36.837428
vn -20.181848 -41.419726 88.753027
vn -20.181848 -41.419726 88.753027
vn -20.181848 -41.419726 88.753027
vn -74.242922 0.950432 66.985705
vn -74.242922 0.950432 66.985705
vn -74.242922 0.950432 66.985705
vn -37.545520 -60.993672 -69.786146
vn -37.545520 -60.993672 -69.786146
vn -37.545520 -60.993672 -69.786146
vn -19.971568 94.605150 -25.514764
vn -19.971568 94.605150 -25.514764
vn -19.971568 94.605150 -25.514764
vn 70.953970 3.288472 70.389780
vn 70.953970 3.288472 70.389780
vn 70.953970 3.288472 70.389780
vn -92.992608 0.406826 36.772408
vn -92.992608 0.406826 36.772408
vn -92.992608 0.406826 36.772408
vn -7.894459 -95.075039 -29.973594
vn -7.894459 -95.075039 -29.973594
vn -7.894459 -95.075039 -29.973594
vn -19.463363 -95.246611 -23.436333
vn -19.463363 -95.246611 -23.436333
vn -19.463363 -95.246611 -23.436333
vn -93.815323 -2.158723 34.554671
vn -93.815323 -2.158723 34.554671
vn -93.815323 -2.158723 34.554671
vn -57.427192 -11.142530 81.104644
vn -57.427192 -11.142530 81.104644
vn -57.427192 -11.142530 81.104644
vn 15.216970 -2.818127 -98.795257
vn 15.216970 -2.818127 -98.795257
vn 15.216970 -2.818127 -98.795257
vn 3.302815 -90.354965 -42.720880
vn 3.302815 -90.354965 -42.720880
vn 3.302815 -90.354965 -42.720880
vn -94.415068 -19.721303 -26.398221
vn -94.415068 -19.721303 -26.398221
vn -94.415068 -19.721303 -26.398221
vn 17.561371 84.252002 50.923472
vn 17.561371 84.252002 50.923472
vn 17.561371 84.252002 50.923472
vn 84.352588 49.263023 -21.396141
vn 84.352588 49.263023 -21.396141
vn 84.352588 49.263023 -21.396141
vn 92.351613 25.891831 28.298313
vn 92.351613 25.891831 28.298313
vn 92.351613 25.891831 28.298313
vn 73.661325 -28.359355 -61.398358
vn 73.661325 -28.359355 -61.398358
vn 73.661325 -28.359355 -61.398358
vn -66.661736 -37.353327 -64.505365
vn -66.661736 -37.353327 -64.505365
vn -66.661736 -37.353327 -64.505365
vn -68.310031 -41.902169 -59.815963
vn -68.310031 -41.902169 -59.815963
vn -68.310031 -41.902169 -59.815963
vn 13.868936 8.040337 98.706671
vn 13.868936 8.040337 98.706671
vn 13.868936 8.040337 98.706671
vn -59.589702 15.191382 78.856132
vn -59.589702 15.191382 78.856132
vn -59.589702 15.191382 78.856132
vn -94.045800 5.255618 -33.582239
vn -94.045800 5.255618 -33.582239
vn -94.045800 5.255618 -33.582239
vn -50.964420 -84.993889 -13.366632
vn -50.964420 -84.993889 -13.366632
vn -50.964420 -84.993889 -13.366632
vn 60.519513 -4.733802 79.466842
vn 60.519513 -4.733802 79.466842
vn 60.519513 -4.733802 79.466842
vn 68.621422 -57.553675 -44.482289
vn 68.621422 -57.553675 -44.482289
vn 68.621422 -57.553675 -44.482289
vn -20.628535 21.029661 -95.562638
vn -20.628535 21.029661 -95.562638
vn -20.628535 21.029661 -95.562638
vn -92.331501 14.011016 -35.757323
vn -92.331501 14.011016 -35.757323
vn -92.331501 14.011016 -35.757323
vn -1.400323 87.070886 49.159958
vn -1.400323 87.070886 49.159958
vn -1.400323 87.070886 49.159958
vn -45.637458 68.382799 -56.929919
vn -45.637458 68.382799 -56.929919
vn -45.637458 68.382799 -56.929919
vn -60.184796 -6.417360 -79.602820
vn -60.184796 -6.417360 -79.602820
vn -60.184796 -6.417360 -79.602820
vn -2.088174 -26.908697 -96.288948
vn -2.088174 -26.908697 -96.288948
vn -2.088174 -26.908697 -96.288948
vn 40.777971 89.963226 -15.613297
vn 40.777971 89.963226 -15.613297
vn 40.777971 89.963226 -15.613297
vn -35.867038 -68.148339 63.791537
vn -35.867038 -68.148339 63.791537
vn -35.867038 -68.148339 63.791537
vn -51.396485 -53.478980 67.070127
vn -51.396485 -53.478980 67.070127
vn -51.396485 -53.478980 67.070127
vn 64.530761 59.830342 -47.498559
vn 64.530761 59.830342 -47.498559
vn 64.530761 59.830342 -47.498559
vn 92.922915 19.627880 -31.306219
vn 92.922915 19.627880 -31.306219
vn 92.922915 19.627880 -31.306219
vn -58.970690 57.776887 56.429519
vn -58.970690 57.776887 56.429519
vn -58.970690 57.776887 56.429519
vn -94.644247 -27.115793 17.527139
vn -94.644247 -27.115793 17.527139
vn -94.644247 -27.115793 17.527139
vn 90.022518 23.561535 36.616970
vn 90.022518 23.561535 36.616970
vn 90.022518 23.561535 36.616970
vn -15.536531 25.075721 95.550113
vn -15.536531 25.075721 95.550113
vn -15.536531 25.075721 95.550113
vn -89.739412 12.733441 42.245673
vn -89.739412 12.733441 42.245673
vn -89.739412 12.733441 42.245673
vn 57.987155 -81.359974 4.248153
vn 57.987155 -81.359974 4.248153
vn 57.987155 -81.359974 4.248153
vn -30.693684 75.304739 -58.198740
vn -30.693684 75.304739 -58.198740
vn -30.693684 75.304739 -58.198740
vn 74.156141 -12.296765 -65.951918
vn 74.156141 -12.296765 -65.951918
vn 74.156141 -12.296765 -65.951918
vn 90.009777 20.513690 -38.437350
vn 90.009777 20.513690 -38.437350
vn 90.009777 20.513690 -38.437350
vn 87.462878 -16.816932 -45.469080
vn 87.462878 -16.816932 -45.469080
vn 87.462878 -16.816932 -45.469080
vn 94.680908 29.019577 -13.906485
vn 94.680908 29.019577 -13.906485
vn 94.680908 29.019577 -13.906485
vn -24.871161 47.525611 -84.396339
vn -24.871161 47.525611 -84.396339
vn -24.871161 47.525611 -84.396339
vn -88.077803 20.162184 42.846100
vn -88.077803 20.162184 42.846100
vn -88.077803 20.162184 42.846100
vn -18.389641 -54.146893 -82.036177
vn -18.389641 -54.146893 -82.036177
vn -18.389641 -54.146893 -82.036177
vn 31.045271 -27.392074 91.026731
vn 31.045271 -27.392074 91.026731
vn 31.045271 -27.392074 91.026731
vn -81.099823 -49.567574 -31.078520
vn -81.099823 -49.567574 -31.078520
vn -81.099823 -49.567574 -31.078520
vn -52.299509 -19.239356 -83.033777
vn -52.299509 -19.239356 -83.033777
vn -52.299509 -19.239356 -83.033777
vn -86.209728 -50.483495 -4.393163
vn -86.209728 -50.483495 -4.393163
vn -86.209728 -50.483495 -4.393163
vn 77.404141 -19.148626 -60.348397
vn 77.404141 -19.148626 -60.348397
vn 77.404141 -19.148626 -60.348397
vn -64.704793 71.079170 -27.586985
vn -64.704793 71.079170 -27.586985
vn -64.704793 71.079170 -27.586985
vn -52.659204 -8.228924 -84.612621
vn -52.659204 -8.228924 -84.612621
vn -52.659204 -8.228924 -84.612621
vn 54.285173 83.910146 -3.493864
vn 54.285173 83.910146 -3.493864
vn 54.285173 83.910146 -3.493864
vn -0.739354 -99.987799 1.376412
vn -0.739354 -99.987799 1.376412
vn -0.739354 -99.987799 1.376412
vn 6.085736 -17.876090 98.200862
vn 6.085736 -17.876090 98.200862
vn 6.085736 -17.876090 98.200862
vn -32.369295 -10.896576 -93.986667
vn -32.369295 -10.896576 -93.986667
vn -32.369295 -10.896576 -93.986667
vn 36.510712 27.651927 88.895102
vn 36.510712 27.651927 88.895102
vn 36.510712 27.651927 88.895102
vn -3.876017 7.741612 99.624517
vn -3.876017 7.741612 99.624517
vn -3.876017 7.741612 99.624517
vn 77.964471 55.418533 29.160378
vn 77.964471 55.418533 29.160378
vn 77.964471 55.418533 29.160378
vn -93.242735 23.787956 27.201609
vn -93.242735 23.787956 27.201609
vn -93.242735 23.787956 27.201609
vn -56.908403 -62.304090 53.662245
vn -56.908403 -62.304090 53.662245
vn -56.908403 -62.304090 53.662245
vn 84.965933 -2.963219 -52.649902
vn 84.965933 -2.963219 -52.649902
vn 84.965933 -2.963219 -52.649902
vn 40.991341 -77.208788 -48.564541
vn 40.991341 -77.208788 -48.564541
vn 40.991341 -77.208788 -48.564541
vn -31.808514 64.838021 69.168276
vn -31.808514 64.838021 69.168276
vn -31.808514 64.838021 69.168276
vn 94.238046 -6.153835 -32.883453
vn 94.238046 -6.153835 -32.883453
vn 94.238046 -6.153835 -32.883453
vn -57.136671 55.752838 -60.224765
vn -57.136671 55.752838 -60.224765
vn -57.136671 55.752838 -60.224765
vn -46.549970 -4.766849 88.376340
vn -46.549970 -4.766849 88.376340
vn -46.549970 -4.766849 88.376340
vn 80.507328 -24.050922 -54.222918
vn 80.507328 -24.050922 -54.222918
vn 80.507328 -24.050922 -54.222918
vn 95.063203 14.071020 -27.658524
vn 95.063203 14.071020 -27.658524
vn 95.063203 14.071020 -27.658524
vn -92.036604 23.685741 -31.116711
vn -92.036604 23.685741 -31.116711
vn -92.036604 23.685741 -31.116711
vn -42.378811 89.706341 -12.522360
vn -42.378811 89.706341 -12.522360
vn -42.378811 89.706341 -12.522360
vn -83.684157 -52.861942 14.232989
vn -83.684157 -52.861942 14.232989
vn -83.684157 -52.861942 14.232989
vn -1.390336 -44.930716 -89.326916
vn -1.390336 -44.930716 -89.326916
vn -1.390336 -44.930716 -89.326916
vn -41.518507 -84.333091 34.119555
vn -41.518507 -84.333091 34.119555
vn -41.518507 -84.333091 34.119555
vn 40.764131 -85.920305 -30.919057
vn 40.764131 -85.920305 -30.919057
vn 40.764131 -85.920305 -30.919057
vn -90.432209 -30.196743 -30.169089
vn -90.432209 -30.196743 -30.169089
vn -90.432209 -30.196743 -30.169089
vn -80.701297 21.428355 -55.028422
vn -80.701297 21.428355 -55.028422
vn -80.701297 21.428355 -55.028422
vn 87.976110 12.906086 -45.756283
vn 87.976110 12.906086 -45.756283
vn 87.976110 12.906086 -45.756283
vn 82.954100 -13.562813 -54.172567
vn 82.954100 -13.562813 -54.172567
vn 82.954100 -13.562813 -54.172567
vn 79.404458 58.076465 17.945954
vn 79.404458 58.076465 17.945954
vn 79.404458 58.076465 17.945954
vn -51.034786 -64.132923 -57.292408
vn -51.034786 -64.132923 -57.292408
vn -51.034786 -64.132923 -57.292408
vn -97.923281 6.693092 19.137232
vn -97.923281 6.693092 19.137232
vn -97.923281 6.693092 19.137232
vn -52.505853 -14.827279 83.805062
vn -52.505853 -14.827279 83.805062
vn -52.505853 -14.827279 83.805062
vn -81.243437 -31.964934 48.762152
vn -81.243437 -31.964934 48.762152
vn -81.243437 -31.964934 48.762152
vn 51.586300 5.900447 -85.463679
vn 51.586300 5.900447 -85.463679
vn 51.586300 5.900447 -85.463679
vn -85.364730 49.066189 -17.474899
vn -85.364730 49.066189 -17.474899
vn -85.364730 49.066189 -17.474899
vn 19.858401 94.301078 26.701136
vn 19.858401 94.301078 26.701136
vn 19.858401 94.301078 26.701136
vn -68.090426 -4.706974 -73.085844
vn -68.090426 -4.706974 -73.085844
vn -68.090426 -4.706974 -73.085844
vn 39.033784 5.200558 91.920179
vn 39.033784 5.200558 91.920179
vn 39.033784 5.200558 91.920179
vn 40.427017 -28.670214 -86.854344
vn 40.427017 -28.670214 -86.854344
vn 40.427017 -28.670214 -86.854344
vn 16.388970 98.519008 5.040601
vn 16.388970 98.519008 5.040601
vn 16.388970 98.519008 5.040601
vn 21.502639 -5.310316 97.516343
vn 21.502639 -5.310316 97.516343
vn 21.502639 -5.310316 97.516343
vn 82.316503 20.379280 -52.996967
vn 82.316503 20.379280 -52.996967
vn 82.316503 20.379280 -52.996967
vn 89.533741 6.882109 -44.003942
vn 89.533741 6.882109 -44.003942
vn 89.533741 6.882109 -44.003942
vn 40.557457 91.388420 1.802953
vn 40.557457 91.388420 1.802953
vn 40.557457 91.388420 1.802953
vn 24.537999 57.732243 77.877308
vn 24.537999 57.732243 77.877308
vn 24.537999 57.732243 77.877308
vn -41.543029 19.217600 88.909280
vn -41.543029 19.217600 88.909280
vn -41.543029 19.217600 88.909280
vn 76.977982 -3.231540 63.749104
vn 76.977982 -3.231540 63.749104
vn 76.977982 -3.231540 63.749104
vn -35.158224 27.542958 -89.472272
vn -35.158224 27.542958 -89.472272
vn -35.158224 27.542958 -89.472272
vn 31.007915 -6.651092 -94.838137
vn 31.007915 -6.651092 -94.838137
vn 31.007915 -6.651092 -94.838137
vn 75.249049 -37.680989 -54.015969
vn 75.249049 -37.680989 -54.015969
vn 75.249049 -37.680989 -54.015969
vn 18.014329 89.663348 40.447107
vn 18.014329 89.663348 40.447107
vn 18.014329 89.663348 40.447107
vn -12.922260 -13.132634 -98.288096
vn -12.922260 -13.132634 -98.288096
vn -12.922260 -13.132634 -98.288096
vn -98.731185 15.773770 -1.828298
vn -98.731185 15.773770 -1.828298
vn -98.731185 15.773770 -1.828298
vn -5.317306 -97.974907 -19.304020
vn -5.317306 -97.974907 -19.304020
vn -5.317306 -97.974907 -19.304020
vn 68.666885 -11.928194 -71.711765
vn 68.666885 -11.928194 -71.711765
vn 68.666885 -11.928194 -71.711765
vn 7.930267 98.609285 14.605466
vn 7.930267 98.609285 14.605466
vn 7.930267 98.609285 14.605466
vn 68.011611 -44.717763 -58.092544
vn 68.011611 -44.717763 -58.092544
vn 68.011611 -44.717763 -58.092544
vn -68.585082 -27.936439 -67.198530
vn -68.585082 -27.936439 -67.198530
vn -68.585082 -27.936439 -67.198530
vn 81.686890 56.449021 -11.864227
vn 81.686890 56.449021 -11.864227
vn 81.686890 56.449021 -11.864227
vn 8.348076 -29.884334 95.064383
vn 8.348076 -29.884334 95.064383
vn 8.348076 -29.884334 95.064383
vn 91.359069 -35.762868 19.353040
vn 91.359069 -35.762868 19.353040
vn 91.359069 -35.762868 19.353040
vn 50.815488 -20.794834 83.578486
vn 50.815488 -20.794834 83.578486
vn 50.815488 -20.794834 83.578486
vn -26.881298 12.037373 -95.564108
vn -26.881298 12.037373 -95.564108
vn -26.881298 12.037373 -95.564108
vn -74.745795 42.602933 -50.971136
vn -74.745795 42.602933 -50.971136
vn -74.745795 42.602933 -50.971136
vn -93.980032 -4.937358 -33.813847
vn -93.980032 -4.937358 -33.813847
vn -93.980032 -4.937358 -33.813847
vn 74.300439 -43.812566 -50.595478
vn 74.300439 -43.812566 -50.595478
vn 74.300439 -43.812566 -50.595478
vn 48.434331 85.757162 17.315506
vn 48.434331 85.757162 17.315506
vn 48.434331 85.757162 17.315506
vn 15.334488 -80.564867 -57.220245
vn 15.334488 -80.564867 -57.220245
vn 15.334488 -80.564867 -57.220245
vn 6.106067 15.822914 98.551270
vn 6.106067 15.822914 98.551270
vn 6.106067 15.822914 98.551270
vn -87.052519 -22.014579 -44.013849
vn -87.052519 -22.014579 -44.013849
vn -87.052519 -22.014579 -44.013849
vn 21.455284 7.581767 -97.376535
vn 21.455284 7.581767 -97.376535
vn 21.455284 7.581767 -97.376535
vn -46.716494 -70.851927 52.892095
vn -46.716494 -70.851927 52.892095
vn -46.716494 -70.851927 52.892095
vn 92.265791 30.337660 -23.804429
vn 92.265791 30.337660 -23.804429
vn 92.265791 30.337660 -23.804429
vn 99.556758 -7.951210 -5.023186
vn 99.556758 -7.951210 -5.023186
vn 99.556758 -7.951210 -5.023186
vn 56.105962 78.836218 -25.238340
vn 56.105962 78.836218 -25.238340
vn 56.105962 78.836218 -25.238340
vn -67.325482 15.863320 -72.219350
vn -67.325482 15.863320 -72.219350
vn -67.325482 15.863320 -72.219350
vn -24.280556 -9.943352 96.496555
vn -24.280556 -9.943352 96.496555
vn -24.280556 -9.943352 96.496555
vn 94.140043 2.760557 33.615952
vn 94.140043 2.760557 33.615952
vn 94.140043 2.760557 33.615952
vn -81.213660 -39.254575 -43.167344
vn -81.213660 -39.254575 -43.167344
vn -81.213660 -39.254575 -43.167344
vn 49.653476 -86.703524 -4.126876
vn 49.653476 -86.703524 -4.126876
vn 49.653476 -86.703524 -4.126876
vn 9.940576 6.175912 99.312863
vn 9.940576 6.175912 99.312863
vn 9.940576 6.175912 99.312863
vn 12.800014 52.761050 83.978762
vn 12.800014 52.761050 83.978762
vn 12.800014 52.761050 83.978762
vn 70.114313 53.874415 46.706861
vn 70.114313 53.874415 46.706861
vn 70.114313 53.874415 46.706861
vn 94.625789 -30.388852 -11.066981
vn 94.625789 -30.388852 -11.066981
vn 94.625789 -30.388852 -11.066981
vn 65.146546 -75.867812 -0.063821
vn 65.146546 -75.867812 -0.063821
vn 65.146546 -75.867812 -0.063821
vn -80.113141 53.594065 -26.637580
vn -80.113141 53.594065 -26.637580
vn -80.113141 53.594065 -26.637580
vn 56.515039 35.099545 -74.659713
vn 56.515039 35.099545 -74.659713
vn 56.515039 35.099545 -74.659713
vn 8.410204 79.408123 -60.196493
vn 8.410204 79.408123 -60.196493
vn 8.410204 79.408123 -60.196493
vn 63.907642 27.745511 -71.735637
vn 63.907642 27.745511 -71.735637
vn 63.907642 27.745511 -71.735637
vn 98.327247 8.939664 -15.869319
vn 98.327247 8.939664 -15.869319
vn 98.327247 8.939664 -15.869319
vn 30.620803 -75.778209 -57.619715
vn 30.620803 -75.778209 -57.619715
vn 30.620803 -75.778209 -57.619715
vn -30.332080 18.445931 93.486435
vn -30.332080 18.445931 93.486435
vn -30.332080 18.445931 93.486435
vn 79.927261 -28.999993 -52.636811
vn 79.927261 -28.999993 -52.636811
vn 79.927261 -28.999993 -52.636811
vn -88.969142 -23.708547 39.017909
vn -88.969142 -23.708547 39.017909
vn -88.969142 -23.708547 39.017909
vn -58.981004 -79.329315 15.103031
vn -58.981004 -79.329315 15.103031
vn -58.981004 -79.329315 15.103031
vn -29.018996 31.221292 90.460652
vn -29.018996 31.221292 90.460652
vn -29.018996 31.221292 90.460652
vn 97.231601 -3.965199 -23.028089
vn 97.231601 -3.965199 -23.028089
vn 97.231601 -3.965199 -23.028089
vn 94.934621 20.259640 24.020126
vn 94.934621 20.259640 24.020126
vn 94.934621 20.259640 24.020126
vn -15.155766 -11.361510 -98.189713
vn -15.155766 -11.361510 -98.189713
vn -15.155766 -11.361510 -98.189713
vn -54.780317 -48.403522 -68.236475
vn -54.780317 -48.403522 -68.236475
vn -54.780317 -48.403522 -68.236475
vn -30.002848 10.442025 94.819801
vn -30.002848 10.442025 94.819801
vn -30.002848 10.442025 94.819801
vn 55.096777 58.805882 -59.213290
vn 55.096777 58.805882 -59.213290
vn 55.096777 58.805882 -59.213290
vn -1.014654 4.677267 -99.885410
vn -1.014654 4.677267 -99.885410
vn -1.014654 4.677267 -99.885410
vn -56.184384 -64.635724 -51.628857
vn -56.184384 -64.635724 -51.628857
vn -56.184384 -64.635724 -51.628857
vn 84.032449 51.079661 18.149862
vn 84.032449 51.079661 18.149862
vn 84.032449 51.079661 18.149862
vn -76.707474 63.841497 -6.342471
vn -76.707474 63.841497 -6.342471
vn -76.707474 63.841497 -6.342471
vn 91.826523 -29.567604 -26.337171
vn 91.826523 -29.567604 -26.337171
vn 91.826523 -29.567604 -26.337171
vn 74.786074 -45.624209 48.223190
vn 74.786074 -45.624209 48.223190
vn 74.786074 -45.624209 48.223190
vn 51.283767 21.121006 -83.209850
vn 51.283767 21.121006 -83.209850
vn 51.283767 21.121006 -83.209850
vn 28.180692 -12.667086 -95.107273
vn 28.180692 -12.667086 -95.107273
vn 28.180692 -12.667086 -95.107273
vn 77.672524 50.294581 -37.913511
vn 77.672524 50.294581 -37.913511
vn 77.672524 50.294581 -37.913511
vn 36.398234 12.911646 92.241305
vn 36.398234 12.911646 92.241305
vn 36.398234 12.911646 92.241305
vn -49.665641 11.253071 -86.062143
vn -49.665641 11.253071 -86.062143
vn -49.665641 11.253071 -86.062143
vn 10.170375 -46.745151 -87.814890
vn 10.170375 -46.745151 -87.814890
vn 10.170375 -46.745151 -87.814890
vn -94.102881 27.655320 19.489293
vn -94.102881 27.655320 19.489293
vn -94.102881 27.655320 19.489293
vn 86.644895 49.621764 5.508406
vn 86.644895 49.621764 5.508406
vn 86.644895 49.621764 5.508406
vn 86.578889 34.492268 -36.254391
vn 86.578889 34.492268 -36.254391
vn 86.578889 34.492268 -36.254391
vn 31.422752 93.899875 -13.979451
vn 31.422752 93.899875 -13.979451
vn 31.422752 93.899875 -13.979451
vn 52.448293 -59.325260 61.071186
vn 52.448293 -59.325260 61.071186
vn 52.448293 -59.325260 61.071186
vn 99.965451 1.843397 1.873774
vn 99.965451 1.843397 1.873774
vn 99.965451 1.843397 1.873774
vn 52.623029 -44.225845 -72.628443
vn 52.623029 -44.225845 -72.628443
vn 52.623029 -44.225845 -72.628443
vn -72.609096 -11.727134 67.752452
vn -72.609096 -11.727134 67.752452
vn -72.609096 -11.727134 67.752452
vn -12.976715 -69.154348 71.058303
vn -12.976715 -69.154348 71.058303
vn -12.976715 -69.154348 71.058303
vn 92.197040 38.272879 -5.907012
vn 92.197040 38.272879 -5.907012
vn 92.197040 38.272879 -5.907012
vn 84.521532 -17.405345 50.528843
vn 84.521532 -17.405345 50.528843
vn 84.521532 -17.405345 50.528843
vn 45.962212 4.156446 88.714149
vn 45.962212 4.156446 88.714149
vn 45.962212 4.156446 88.714149
vn 34.800676 60.003103 -72.031531
vn 34.800676 60.003103 -72.031531
vn 34.800676 60.003103 -72.031531
vn 30.234723 -94.716187 -10.710089
vn 30.234723 -94.716187 -10.710089
vn 30.234723 -94.716187 -10.710089
vn 1.847012 -22.778665 -97.353584
vn 1.847012 -22.778665 -97.353584
vn 1.847012 -22.778665 -97.353584
vn 42.444679 89.382784 -14.462601
vn 42.444679 89.382784 -14.462601
vn 42.444679 89.382784 -14.462601
vn -9.658148 37.536381 -92.183193
vn -9.658148 37.536381 -92.183193
vn -9.658148 37.536381 -92.183193
vn 99.153347 -12.641413 -2.968206
vn 99.153347 -12.641413 -2.968206
vn 99.153347 -12.641413 -2.968206
vn 82.392486 43.006205 -36.904553
vn 82.392486 43.006205 -36.904553
vn 82.392486 43.006205 -36.904553
vn -95.309002 -12.197626 27.702240
vn -95.309002 -12.197626 27.702240
vn -95.309002 -12.197626 27.702240
vn -65.998230 -66.303712 -35.327775
vn -65.998230 -66.303712 -35.327775
vn -65.998230 -66.303712 -35.327775
vn 73.496294 -12.466550 -66.654944
vn 73.496294 -12.466550 -66.654944
vn 73.496294 -12.466550 -66.654944
vn -42.556009 69.004314 -58.543920
vn -42.556009 69.004314 -58.543920
vn -42.556009 69.004314 -58.543920
vn 70.713042 10.050579 69.990379
vn 70.713042 10.050579 69.990379
vn 70.713042 10.050579 69.990379
vn 27.118408 5.559391 96.092069
vn 27.118408 5.559391 96.092069
vn 27.118408 5.559391 96.092069
vn 93.849857 33.423281 -8.665399
vn 93.849857 33.423281 -8.665399
vn 93.849857 33.423281 -8.665399
vn -63.407425 47.978274 -60.643091
vn -63.407425 47.978274 -60.643091
vn -63.407425 47.978274 -60.643091
vn 72.147030 13.026591 68.008199
vn 72.147030 13.026591 68.008199
vn 72.147030 13.026591 68.008199
vn 84.746248 26.940350 45.741574
vn 84.746248 26.940350 45.741574
vn 84.746248 26.940350 45.741574
vn 17.708874 85.654820 -48.473162
vn 17.708874 85.654820 -48.473162
vn 17.708874 85.654820 -48.473162
vn -42.148042 5.809863 90.497454
vn -42.148042 5.809863 90.497454
vn -42.148042 5.809863 90.497454
vn 42.701195 24.871146 -86.936958
vn 42.701195 24.871146 -86.936958
vn 42.701195 24.871146 -86.936958
vn 99.472624 3.023667 -9.800765
vn 99.472624 3.023667 -9.800765
vn 99.472624 3.023667 -9.800765
vn -66.217686 8.532940 -74.447355
vn -66.217686 8.532940 -74.447355
vn -66.217686 8.532940 -74.447355
vn 27.204124 -18.741372 94.385896
vn 27.204124 -18.741372 94.385896
vn 27.204124 -18.741372 94.385896
vn 52.595761 57.025307 -63.101519
vn 52.595761 57.025307 -63.101519
vn 52.595761 57.025307 -63.101519
vn -87.953285 -31.835978 -35.365129
vn -87.953285 -31.835978 -35.365129
vn -87.953285 -31.835978 -35.365129
vn 46.364020 10.687778 -87.955382
vn 46.364020 10.687778 -87.955382
vn 46.364020 10.687778 -87.955382
vn -74.019278 10.441403 -66.423827
vn -74.019278 10.441403 -66.423827
vn -74.019278 10.441403 -66.423827
vn 89.894726 -38.570856 -20.766025
vn 89.894726 -38.570856 -20.766025
vn 89.894726 -38.570856 -20.766025
vn 39.297509 89.755836 19.989906
vn 39.297509 89.755836 19.989906
vn 39.297509 89.755836 19.989906
vn -74.540163 0.694168 -66.657955
vn -74.540163 0.694168 -66.657955
vn -74.540163 0.694168 -66.657955
vn 86.222857 4.108335 -50.485064
vn 86.222857 4.108335 -50.485064
vn 86.222857 4.108335 -50.485064
vn 93.732721 14.833976 -31.529826
vn 93.732721 14.833976 -31.529826
vn 93.732721 14.833976 -31.529826
vn 80.806084 47.894459 34.300118
vn 80.806084 47.894459 34.300118
vn 80.806084 47.894459 34.300118
vn 31.224228 -7.745958 94.683941
vn 31.224228 -7.745958 94.683941
vn 31.224228 -7.745958 94.683941
vn -8.700515 20.577708 -97.472348
vn -8.700515 20.577708 -97.472348
vn -8.700515 20.577708 -97.472348
vn 3.333071 -33.348124 94.216740
vn 3.333071 -33.348124 94.216740
vn 3.333071 -33.348124 94.216740
vn -85.997105 -51.003332 -1.777510
vn -85.997105 -51.003332 -1.777510
vn -85.997105 -51.003332 -1.777510
vn -92.419996 17.347663 34.023580
vn -92.419996 17.347663 34.023580
vn -92.419996 17.347663 34.023580
vn -11.797114 -28.675739 -95.071193
vn -11.797114 -28.675739 -95.071193
vn -11.797114 -28.675739 -95.071193
vn 24.318473 -17.976817 95.317614
vn 24.318473 -17.976817 95.317614
vn 24.318473 -17.976817 95.317614
vn 73.979577 66.396166 10.889069
vn 73.979577 66.396166 10.889069
vn 73.979577 66.396166 10.889069
vn 66.367994 11.171795 73.962708
vn 66.367994 11.171795 73.962708
vn 66.367994 11.171795 73.962708
vn -0.792688 68.463424 72.884373
vn -0.792688 68.463424 72.884373
vn -0.792688 68.463424 72.884373
vn -94.139412 -14.267950 30.564672
vn -94.139412 -14.267950 30.564672
vn -94.139412 -14.267950 30.564672
vn 25.439625 21.656796 -94.253972
vn 25.439625 21.656796 -94.253972
vn 25.439625 21.656796 -94.253972
vn -89.633197 -42.054871 -14.045588
vn -89.633197 -42.054871 -14.045588
vn -89.633197 -42.054871 -14.045588
vn -88.144082 -25.947975 39.462936
vn -88.144082 -25.947975 39.462936
vn -88.144082 -25.947975 39.462936
vn 83.671504 53.298295 12.584558
vn 83.671504 53.298295 12.584558
vn 83.671504 53.298295 12.584558
vn -87.041671 -44.160555 21.762187
vn -87.041671 -44.160555 21.762187
vn -87.041671 -44.160555 21.762187
vn 82.189671 -3.033163 56.882860
vn 82.189671 -3.033163 56.882860
vn 82.189671 -3.033163 56.882860
vn 8.957769 -72.768149 68.004077
vn 8.957769 -72.768149 68.004077
vn 8.957769 -72.768149 68.004077
vn -99.785755 -6.355949 1.551552
vn -99.785755 -6.355949 1.551552
vn -99.785755 -6.355949 1.551552
vn -21.051311 0.992656 -97.754069
vn -21.051311 0.992656 -97.754069
vn -21.051311 0.992656 -97.754069
vn -41.635684 -17.140866 -89.289760
vn -41.635684 -17.140866 -89.289760
vn -41.635684 -17.140866 -89.289760
vn 99.859226 -4.065027 3.407484
vn 99.859226 -4.065027 3.407484
vn 99.859226 -4.065027 3.407484
vn 99.240893 3.879523 11.670275
vn 99.240893 3.879523 11.670275
vn 99.240893 3.879523 11.670275
vn 13.648480 22.499292 -96.475396
vn 13.648480 22.499292 -96.475396
vn 13.648480 22.499292 -96.475396
vn 76.776747 60.913825 19.870490
vn 76.776747 60.913825 19.870490
vn 76.776747 60.913825 19.870490
vn -34.358569 -90.145531 -26.330061
vn -34.358569 -90.145531 -26.330061
vn -34.358569 -90.145531 -26.330061
vn -80.697108 -58.514387 -8.002716
vn -80.697108 -58.514387 -8.002716
vn -80.697108 -58.514387 -8.002716
vn -41.636010 -26.155886 -87.076473
vn -41.636010 -26.155886 -87.076473
vn -41.636010 -26.155886 -87.076473
vn 97.374465 8.740387 21.019527
vn 97.374465 8.740387 21.019527
vn 97.374465 8.740387 21.019527
vn 91.090891 14.659850 38.568625
vn 91.090891 14.659850 38.568625
vn 91.090891 14.659850 38.568625
vn 74.690536 63.213190 -20.625643
vn 74.690536 63.213190 -20.625643
vn 74.690536 63.213190 -20.625643
vn -63.973036 66.045120 39.312775
vn -63.973036 66.045120 39.312775
vn -63.973036 66.045120 39.312775
vn 14.637097 32.953144 93.272966
vn 14.637097 32.953144 93.272966
vn 14.637097 32.953144 93.272966
vn 73.787859 -48.269576 47.174144
vn 73.787859 -48.269576 47.174144
vn 73.787859 -48.269576 47.174144
vn 99.002166 -13.873406 -2.470157
vn 99.002166 -13.873406 -2.470157
vn 99.002166 -13.873406 -2.470157
vn 97.911279 -14.854672 13.882422
vn 97.911279 -14.854672 13.882422
vn 97.911279 -14.854672 13.882422
vn -74.501226 21.080306 63.286569
vn -74.501226 21.080306 63.286569
vn -74.501226 21.080306 63.286569
vn -91.093633 -35.014715 -21.815621
vn -91.093633 -35.014715 -21.815621
vn -91.093633 -35.014715 -21.815621
vn 77.934364 -1.373916 62.644625
vn 77.934364 -1.373916 62.644625
vn 77.934364 -1.373916 62.644625
vn 99.636076 8.521116 0.211967
vn 99.636076 8.521116 0.211967
vn 99.636076 8.521116 0.211967
vn 46.360342 -3.075388 88.550897
vn 46.360342 -3.075388 88.550897
vn 46.360342 -3.075388 88.550897
vn 75.981025 8.665490 64.434408
vn 75.981025 8.665490 64.434408
vn 75.981025 8.665490 64.434408
vn 98.782995 15.084050 3.793697
vn 98.782995 15.084050 3.793697
vn 98.782995 15.084050 3.793697
vn -14.256291 -6.349286 -98.774719
vn -14.256291 -6.349286 -98.774719
vn -14.256291 -6.349286 -98.774719
vn 88.213451 -32.507480 34.082993
vn 88.213451 -32.507480 34.082993
vn 88.213451 -32.507480 34.082993
vn 61.565773 -13.595386 77.619731
vn 61.565773 -13.595386 77.619731
vn 61.565773 -13.595386 77.619731
vn -84.258822 -26.607329 46.824169
vn -84.258822 -26.607329 46.824169
vn -84.258822 -26.607329 46.824169
vn 99.172775 9.091723 9.060995
vn 99.172775 9.091723 9.060995
vn 99.172775 9.091723 9.060995
vn 0.984495 -74.405238 -66.804886
vn 0.984495 -74.405238 -66.804886
vn 0.984495 -74.405238 -66.804886
vn 99.552769 -7.041388 6.298071
vn 99.552769 -7.041388 6.298071
vn 99.552769 -7.041388 6.298071
vn 41.404587 -1.719636 91.009367
vn 41.404587 -1.719636 91.009367
vn 41.404587 -1.719636 91.009367
vn -75.578702 25.658558 -60.245319
vn -75.578702 25.658558 -60.245319
vn -75.578702 25.658558 -60.245319
vn -85.728460 50.858634 8.001913
vn -85.728460 50.858634 8.001913
vn -85.728460 50.858634 8.001913
vn 53.028090 52.180838 -66.822028
vn 53.028090 52.180838 -66.822028
vn 53.028090 52.180838 -66.822028
vn -94.781606 -17.386965 26.723442
vn -94.781606 -17.386965 26.723442
vn -94.781606 -17.386965 26.723442
vn -74.706433 4.176260 66.343862
vn -74.706433 4.176260 66.343862
vn -74.706433 4.176260 66.343862
vn -97.865781 19.664809 5.965426
vn -97.865781 19.664809 5.965426
vn -97.865781 19.664809 5.965426
vn -27.704572 -20.379153 -93.899673
vn -27.704572 -20.379153 -93.899673
vn -27.704572 -20.379153 -93.899673
vn -75.240009 15.123375 -64.111035
vn -75.240009 15.123375 -64.111035
vn -75.240009 15.123375 -64.111035
vn -67.446451 -1.812049 -73.808491
vn -67.446451 -1.812049 -73.808491
vn -67.446451 -1.812049 -73.808491
vn 65.105223 -12.825681 74.811843
vn 65.105223 -12.825681 74.811843
vn 65.105223 -12.825681 74.811843
vn 21.454270 63.266505 74.411455
vn 21.454270 63.266505 74.411455
vn 21.454270 63.266505 74.411455
vn -83.876006 17.521106 51.554113
vn -83.876006 17.521106 51.554113
vn -83.876006 17.521106 51.554113
vn 97.426366 -5.046226 -21.969051
vn 97.426366 -5.046226 -21.969051
vn 97.426366 -5.046226 -21.969051
vn 42.080271 72.057320 55.108926
vn 42.080271 72.057320 55.108926
vn 42.080271 72.057320 55.108926
vn 53.132462 -48.649943 69.355070
vn 53.132462 -48.649943 69.355070
vn 53.132462 -48.649943 69.355070
vn 97.711716 -0.079978 21.270048
vn 97.711716 -0.079978 21.270048
vn 97.711716 -0.079978 21.270048
vn -12.360558 -87.326685 -47.130315
vn -12.360558 -87.326685 -47.130315
vn -12.360558 -87.326685 -47.130315
vn 83.031848 -55.727576 0.387310
vn 83.031848 -55.727576 0.387310
vn 83.031848 -55.727576 0.387310
vn 67.821807 -7.104516 73.141837
vn 67.821807 -7.104516 73.141837
vn 67.821807 -7.104516 73.141837
vn 90.373660 -20.343244 37.666352
vn 90.373660 -20.343244 37.666352
vn 90.373660 -20.343244 37.666352
vn 94.777612 -6.048674 -31.314852
vn 94.777612 -6.048674 -31.314852
vn 94.777612 -6.048674 -31.314852
vn 86.127708 -45.879845 -21.841676
vn 86.127708 -45.879845 -21.841676
vn 86.127708 -45.879845 -21.841676
vn 35.836582 47.062413 -80.627965
vn 35.836582 47.062413 -80.627965
vn 35.836582 47.062413 -80.627965
vn -74.605126 3.455887 -66.499116
vn -74.605126 3.455887 -66.499116
vn -74.605126 3.455887 -66.499116
vn 49.347036 83.807756 23.262249
vn 49.347036 83.807756 23.262249
vn 49.347036 83.807756 23.262249
vn 98.188926 -16.297507 -9.660539
vn 98.188926 -16.297507 -9.660539
vn 98.188926 -16.297507 -9.660539
vn -98.966216 5.384754 -13.292666
vn -98.966216 5.384754 -13.292666
vn -98.966216 5.384754 -13.292666
vn -68.353625 54.759115 -48.262020
vn -68.353625 54.759115 -48.262020
vn -68.353625 54.759115 -48.262020
vn 37.602362 87.531822 -30.401396
vn 37.602362 87.531822 -30.401396
vn 37.602362 87.531822 -30.401396
vn -40.253643 5.816972 91.355394
vn -40.253643 5.816972 91.355394
vn -40.253643 5.816972 91.355394
vn -84.691033 -52.573235 7.967736
vn -84.691033 -52.573235 7.967736
vn -84.691033 -52.573235 7.967736
vn -69.139058 -60.615138 39.314083
vn -69.139058 -60.615138 39.314083
vn -69.139058 -60.615138 39.314083
vn 93.274347 18.981213 30.653049
vn 93.274347 18.981213 30.653049
vn 93.274347 18.981213 30.653049
vn -94.657452 -27.282363 -17.194175
vn -94.657452 -27.282363 -17.194175
vn -94.657452 -27.282363 -17.194175
vn -94.580240 28.161206 16.171718
vn -94.580240 28.161206 16.171718
vn -94.580240 28.161206 16.171718
vn 45.539054 -3.898846 -88.943764
vn 45.539054 -3.898846 -88.943764
vn 45.539054 -3.898846 -88.943764
vn 10.128586 -73.350415 67.209595
vn 10.128586 -73.350415 67.209595
vn 10.128586 -73.350415 67.209595
vn 98.629312 16.470194 0.995371
vn 98.629312 16.470194 0.995371
vn 98.629312 16.470194 0.995371
vn 65.126956 -49.411304 -57.593427
vn 65.126956 -49.411304 -57.593427
vn 65.126956 -49.411304 -57.593427
vn -9.979692 -83.140816 54.662704
vn -9.979692 -83.140816 54.662704
vn -9.979692 -83.140816 54.662704
vn 96.039086 16.292189 -22.606594
vn 96.039086 16.292189 -22.606594
vn 96.039086 16.292189 -22.606594
vn -16.027642 -40.738843 -89.908074
vn -16.027642 -40.738843 -89.908074
vn -16.027642 -40.738843 -89.908074
vn 74.033038 -11.894669 66.163632
vn 74.033038 -11.894669 66.163632
vn 74.033038 -11.894669 66.163632
vn 38.538995 6.598497 -92.039161
vn 38.538995 6.598497 -92.039161
vn 38.538995 6.598497 -92.039161
vn 40.409685 35.573922 -84.270722
vn 40.409685 35.573922 -84.270722
vn 40.409685 35.573922 -84.270722
vn -97.037408 17.320206 16.844969
vn -97.037408 17.320206 16.844969
vn -97.037408 17.320206 16.844969
vn -42.541742 -32.776418 -84.355832
vn -42.541742 -32.776418 -84.355832
vn -42.541742 -32.776418 -84.355832
vn 64.494360 13.899659 -75.148372
vn 64.494360 13.899659 -75.148372
vn 64.494360 13.899659 -75.148372
vn -78.120168 -1.884366 62.399433
vn -78.120168 -1.884366 62.399433
vn -78.120168 -1.884366 62.399433
vn 96.699030 -14.253905 21.121686
vn 96.699030 -14.253905 21.121686
vn 96.699030 -14.253905 21.121686
vn -74.941115 15.810661 64.295041
vn -74.941115 15.810661 64.295041
vn -74.941115 15.810661 64.295041
vn 21.588232 8.308237 97.287830
vn 21.588232 8.308237 97.287830
vn 21.588232 8.308237 97.287830
vn 49.675072 -12.132020 85.937207
vn 49.675072 -12.132020 85.937207
vn 49.675072 -12.132020 85.937207
vn -80.104445 -58.175266 -14.103791
vn -80.104445 -58.175266 -14.103791
vn -80.104445 -58.175266 -14.103791
vn 29.977561 -23.664097 -92.419472
vn 29.977561 -23.664097 -92.419472
vn 29.977561 -23.664097 -92.419472
vn 96.537235 5.892421 25.413410
vn 96.537235 5.892421 25.413410
vn 96.537235 5.892421 25.413410
vn -57.986128 -11.450238 80.662886
vn -57.986128 -11.450238 80.662886
vn -57.986128 -11.450238 80.662886
vn 71.611352 66.028810 22.627668
vn 71.611352 66.028810 22.627668
vn 71.611352 66.028810 22.627668
vn 56.669059 21.674662 79.491061
vn 56.669059 21.674662 79.491061
vn 56.669059 21.674662 79.491061
vn -48.492030 24.411681 83.979721
vn -48.492030 24.411681 83.979721
vn -48.492030 24.411681 83.979721
vn 8.883026 21.079339 97.348622
vn 8.883026 21.079339 97.348622
vn 8.883026 21.079339 97.348622
vn -31.580244 -48.845963 81.343470
vn -31.580244 -48.845963 81.343470
vn -31.580244 -48.845963 81.343470
vn -8.254631 -86.088325 50.206204
vn -8.254631 -86.088325 50.206204
vn -8.254631 -86.088325 50.206204
vn -48.936606 -39.783462 -77.604676
vn -48.936606 -39.783462 -77.604676
vn -48.936606 -39.783462 -77.604676
vn -45.916446 13.702164 -87.772049
vn -45.916446 13.702164 -87.772049
vn -45.916446 13.702164 -87.772049
vn -85.394163 -41.969197 -30.764006
vn -85.394163 -41.969197 -30.764006
vn -85.394163 -41.969197 -30.764006
vn 78.300535 24.847938 57.022874
vn 78.300535 24.847938 57.022874
vn 78.300535 24.847938 57.022874
vn 92.201812 37.529650 9.505393
vn 92.201812 37.529650 9.505393
vn 92.201812 37.529650 9.505393
vn -71.460156 -60.040796 -35.896373
vn -71.460156 -60.040796 -35.896373
vn -71.460156 -60.040796 -35.896373
vn -2.963055 78.663150 61.671136
vn -2.963055 78.663150 61.671136
vn -2.963055 78.663150 61.671136
vn -30.213091 86.408216 40.259041
vn -30.213091 86.408216 40.259041
vn -30.213091 86.408216 40.259041
vn 89.228482 -10.299802 -43.956727
vn 89.228482 -10.299802 -43.956727
vn 89.228482 -10.299802 -43.956727
vn 48.377922 -34.861020 80.276318
vn 48.377922 -34.861020 80.276318
vn 48.377922 -34.861020 80.276318
vn -35.891091 93.337157 0.066220
vn -35.891091 93.337157 0.066220
vn -35.891091 93.337157 0.066220
vn -68.316296 69.738636 21.665806
vn -68.316296 69.738636 21.665806
vn -68.316296 69.738636 21.665806
vn -52.961914 -74.573256 -40.421105
vn -52.961914 -74.573256 -40.421105
vn -52.961914 -74.573256 -40.421105
vn -34.151694 71.556055 60.937618
vn -34.151694 71.556055 60.937618
vn -34.151694 71.556055 60.937618
vn 73.819563 32.169499 59.294142
vn 73.819563 32.169499 59.294142
vn 73.819563 32.169499 59.294142
vn 5.078598 -64.792899 76.000582
vn 5.078598 -64.792899 76.000582
vn 5.078598 -64.792899 76.000582
vn 11.110310 85.270789 51.043662
vn 11.110310 85.270789 51.043662
vn 11.110310 85.270789 51.043662
vn -83.129986 8.825979 -54.877207
vn -83.129986 8.825979 -54.877207
vn -83.129986 8.825979 -54.877207
vn -96.200161 27.304393 -0.002564
vn -96.200161 27.304393 -0.002564
vn -96.200161 27.304393 -0.002564
vn 42.105066 7.146541 90.421737
vn 42.105066 7.146541 90.421737
vn 42.105066 7.146541 90.421737
vn 1.099412 -99.574291 -9.151643
vn 1.099412 -99.574291 -9.151643
vn 1.099412 -99.574291 -9.151643
vn -22.054561 -39.920970 88.993894
vn -22.054561 -39.920970 88.993894
vn -22.054561 -39.920970 88.993894
vn -87.149538 22.047345 -43.804954
vn -87.149538 22.047345 -43.804954
vn -87.149538 22.047345 -43.804954
vn 73.051304 -7.073376 -67.922560
vn 73.051304 -7.073376 -67.922560
vn 73.051304 -7.073376 -67.922560
vn -99.670635 -0.979487 -8.050272
vn -99.670635 -0.979487 -8.050272
vn -99.670635 -0.979487 -8.050272
vn -97.150983 10.064782 21.456645
vn -97.150983 10.064782 21.456645
vn -97.150983 10.064782 21.456645
vn -0.809133 99.101324 -13.351897
vn -0.809133 99.101324 -13.351897
vn -0.809133 99.101324 -13.351897
vn -49.911706 73.118203 -46.503226
vn -49.911706 73.118203 -46.503226
vn -49.911706 73.118203 -46.503226
vn 27.462147 -81.861644 -50.443065
vn 27.462147 -81.861644 -50.443065
vn 27.462147 -81.861644 -50.443065
vn 95.812687 28.628093 0.601871
vn 95.812687 28.628093 0.601871
vn 95.812687 28.628093 0.601871
vn -57.624919 76.965412 27.489931
vn -57.624919 76.965412 27.489931
vn -57.624919 76.965412 27.489931
vn -44.544125 9.308960 -89.045853
vn -44.544125 9.308960 -89.045853
vn -44.544125 9.308960 -89.045853
vn 69.170396 64.728183 32.026855
vn 69.170396 64.728183 32.026855
vn 69.170396 64.728183 32.026855
vn -41.216397 -68.513692 -60.058995
vn -41.216397 -68.513692 -60.058995
vn -41.216397 -68.513692 -60.058995
vn -22.695264 57.723938 -78.440252
vn -22.695264 57.723938 -78.440252
vn -22.695264 57.723938 -78.440252
vn -98.075537 3.628165 19.184002
vn -98.075537 3.628165 19.184002
vn -98.075537 3.628165 19.184002
vn 20.166097 35.150853 91.420710
vn 20.166097 35.150853 91.420710
vn 20.166097 35.150853 91.420710
vn 36.929370 38.692507 84.493261
vn 36.929370 38.692507 84.493261
vn 36.929370 38.692507 84.493261
vn -36.309464 3.321311 -93.116014
vn -36.309464 3.321311 -93.116014
vn -36.309464 3.321311 -93.116014
vn -59.973811 1.989936 -79.994904
vn -59.973811 1.989936 -79.994904
vn -59.973811 1.989936 -79.994904
vn 85.503735 28.767784 43.145395
vn 85.503735 28.767784 43.145395
vn 85.503735 28.767784 43.145395
vn 39.575223 87.785267 -26.973116
vn 39.575223 87.785267 -26.973116
vn 39.575223 87.785267 -26.973116
vn 43.574154 88.898418 -14.084262
vn 43.574154 88.898418 -14.084262
vn 43.574154 88.898418 -14.084262
vn 99.627187 -8.057858 -3.081586
vn 99.627187 -8.057858 -3.081586
vn 99.627187 -8.057858 -3.081586
vn -79.356632 56.062118 23.655113
vn -79.356632 56.062118 23.655113
vn -79.356632 56.062118 23.655113
vn -77.632381 -41.397988 -47.533372
vn -77.632381 -41.397988 -47.533372
vn -77.632381 -41.397988 -47.533372
vn 5.538380 37.380952 -92.585049
vn 5.538380 37.380952 -92.585049
vn 5.538380 37.380952 -92.585049
vn 71.202305 8.756123 69.667509
vn 71.202305 8.756123 69.667509
vn 71.202305 8.756123 69.667509
vn 97.999485 -11.761087 -16.055485
vn 97.999485 -11.761087 -16.055485
vn 97.999485 -11.761087 -16.055485
vn 10.333406 -3.658164 99.397381
vn 10.333406 -3.658164 99.397381
vn 10.333406 -3.658164 99.397381
vn 66.886886 -14.528609 -72.904492
vn 66.886886 -14.528609 -72.904492
vn 66.886886 -14.528609 -72.904492
vn 99.525862 5.099455 8.282487
vn 99.525862 5.099455 8.282487
vn 99.525862 5.099455 8.282487
vn -13.699867 -27.838753 -95.064814
vn -13.699867 -27.838753 -95.064814
vn -13.699867 -27.838753 -95.064814
vn -5.213461 -3.602608 99.799014
vn -5.213461 -3.602608 99.799014
vn -5.213461 -3.602608 99.799014
vn 44.262249 -11.013767 -88.991855
vn 44.262249 -11.013767 -88.991855
vn 44.262249 -11.013767 -88.991855
vn 40.527746 89.595195 18.171511
vn 40.527746 89.595195 18.171511
vn 40.527746 89.595195 18.171511
vn -2.562135 -97.432445 -22.368627
vn -2.562135 -97.432445 -22.368627
vn -2.562135 -97.432445 -22.368627
vn -8.169263 -4.260652 -99.574648
vn -8.169263 -4.260652 -99.574648
vn -8.169263 -4.260652 -99.574648
vn 62.185791 -41.533003 66.392305
vn 62.185791 -41.533003 66.392305
vn 62.185791 -41.533003 66.392305
vn -71.615535 -16.294232 -67.865406
vn -71.615535 -16.294232 -67.865406
vn -71.615535 -16.294232 -67.865406
vn -54.326721 -23.495819 -80.601207
vn -54.326721 -23.495819 -80.601207
vn -54.326721 -23.495819 -80.601207
vn 89.359968 -20.798102 39.777315
vn 89.359968 -20.798102 39.777315
vn 89.359968 -20.798102 39.777315
vn -93.977706 1.693011 -34.136850
vn -93.977706 1.693011 -34.136850
vn -93.977706 1.693011 -34.136850
vn 12.814019 40.769986 90.408016
vn 12.814019 40.769986 90.408016
vn 12.814019 40.769986 90.408016
vn -67.866699 -12.639676 -72.348815
vn -67.866699 -12.639676 -72.348815
vn -67.866699 -12.639676 -72.348815
vn -55.064012 -75.010158 -36.625543
vn -55.064012 -75.010158 -36.625543
vn -55.064012 -75.010158 -36.625543
vn 77.158367 24.740482 -58.604572
vn 77.158367 24.740482 -58.604572
vn 77.158367 24.740482 -58.604572
vn -96.323908 -0.379588 26.861892
vn -96.323908 -0.379588 26.861892
vn -96.323908 -0.379588 26.861892
vn 40.874163 3.414319 91.201126
vn 40.874163 3.414319 91.201126
vn 40.874163 3.414319 91.201126
vn 89.509142 -11.740808 43.014734
vn 89.509142 -11.740808 43.014734
vn 89.509142 -11.740808 43.014734
vn 84.930652 -7.188689 52.298265
vn 84.930652 -7.188689 52.298265
vn 84.930652 -7.188689 52.298265
vn 86.771796 -9.271195 -48.833398
vn 86.771796 -9.271195 -48.833398
vn 86.771796 -9.271195 -48.833398
vn -78.307656 29.231117 -54.894930
vn -78.307656 29.231117 -54.894930
vn -78.307656 29.231117 -54.894930
vn -65.816906 31.390331 -68.430867
vn -65.816906 31.390331 -68.430867
vn -65.816906 31.390331 -68.430867
vn -6.808273 16.190584 -98.445481
vn -6.808273 16.190584 -98.445481
vn -6.808273 16.190584 -98.445481
vn -61.597847 -71.199629 33.709312
vn -61.597847 -71.199629 33.709312
vn -61.597847 -71.199629 33.709312
vn -63.091119 16.031603 75.911131
vn -63.091119 16.031603 75.911131
vn -63.091119 16.031603 75.911131
vn -78.950443 4.824992 -61.184532
vn -78.950443 4.824992 -61.184532
vn -78.950443 4.824992 -61.184532
vn 26.374195 -14.029045 95.433688
vn 26.374195 -14.029045 95.433688
vn 26.374195 -14.029045 95.433688
vn 40.698730 91.261104 3.876350
vn 40.698730 91.261104 3.876350
vn 40.698730 91.261104 3.876350
vn -25.971578 -13.879262 95.565916
vn -25.971578 -13.879262 95.565916
vn -25.971578 -13.879262 95.565916
vn 10.789783 66.216042 -74.155351
vn 10.789783 66.216042 -74.155351
vn 10.789783 66.216042 -74.155351
vn 80.144626 27.538724 53.089151
vn 80.144626 27.538724 53.089151
vn 80.144626 27.538724 53.089151
vn -84.713090 20.254645 -49.126795
vn -84.713090 20.254645 -49.126795
vn -84.713090 20.254645 -49.126795
vn -34.373989 0.060985 -93.906482
vn -34.373989 0.060985 -93.906482
vn -34.373989 0.060985 -93.906482
vn 42.857637 32.040934 -84.478408
vn 42.857637 32.040934 -84.478408
vn 42.857637 32.040934 -84.478408
vn 56.160335 72.148870 -40.503792
vn 56.160335 72.148870 -40.503792
vn 56.160335 72.148870 -40.503792
vn 78.799174 -22.354124 57.367088
vn 78.799174 -22.354124 57.367088
vn 78.799174 -22.354124 57.367088
vn 58.366328 66.228609 -46.980254
vn 58.366328 66.228609 -46.980254
vn 58.366328 66.228609 -46.980254
vn -99.031388 -1.991030 13.741233
vn -99.031388 -1.991030 13.741233
vn -99.031388 -1.991030 13.741233
vn -99.505665 1.272463 -9.849098
vn -99.505665 1.272463 -9.849098
vn -99.505665 1.272463 -9.849098
vn 49.944726 -7.668935 -86.294340
vn 49.944726 -7.668935 -86.294340
vn 49.944726 -7.668935 -86.294340
vn 76.603822 51.011979 39.110539
vn 76.603822 51.011979 39.110539
vn 76.603822 51.011979 39.110539
vn 85.972183 -15.109843 48.790135
vn 85.972183 -15.109843 48.790135
vn 85.972183 -15.109843 48.790135
vn -85.981258 47.649035 -18.351928
vn -85.981258 47.649035 -18.351928
vn -85.981258 47.649035 -18.351928
vn 76.577022 -61.622677 -18.401269
vn 76.577022 -61.622677 -18.401269
vn 76.577022 -61.622677 -18.401269
vn 15.083275 -4.006250 -98.774727
vn 15.083275 -4.006250 -98.774727
vn 15.083275 -4.006250 -98.774727
vn 71.971984 -0.374840 69.425461
vn 71.971984 -0.374840 69.425461
vn 71.971984 -0.374840 69.425461
vn 40.060386 45.899501 79.299454
vn 40.060386 45.899501 79.299454
vn 40.060386 45.899501 79.299454
vn -10.867494 -42.986934 -89.632703
vn -10.867494 -42.986934 -89.632703
vn -10.867494 -42.986934 -89.632703
vn -88.293682 -16.815319 43.834611
vn -88.293682 -16.815319 43.834611
vn -88.293682 -16.815319 43.834611
vn -80.540658 -57.355017 -14.953409
vn -80.540658 -57.355017 -14.953409
vn -80.540658 -57.355017 -14.953409
vn 87.640544 28.217231 39.024642
vn 87.640544 28.217231 39.024642
vn 87.640544 28.217231 39.024642
vn 6.644401 -16.951469 -98.328543
vn 6.644401 -16.951469 -98.328543
vn 6.644401 -16.951469 -98.328543
vn 20.682937 32.557315 92.261790
vn 20.682937 32.557315 92.261790
vn 20.682937 32.557315 92.261790
vn 51.568959 -44.916594 72.959866
vn 51.568959 -44.916594 72.959866
vn 51.568959 -44.916594 72.959866
vn 71.459888 66.834462 20.655257
vn 71.459888 66.834462 20.655257
vn 71.459888 66.834462 20.655257
vn 40.276182 -34.803045 84.655643
vn 40.276182 -34.803045 84.655643
vn 40.276182 -34.803045 84.655643
vn 90.063296 -40.522534 15.701228
vn 90.063296 -40.522534 15.701228
vn 90.063296 -40.522534 15.701228
vn 26.313388 8.233256 -96.123980
vn 26.313388 8.233256 -96.123980
vn 26.313388 8.233256 -96.123980
vn -66.078515 -14.108106 73.719677
vn -66.078515 -14.108106 73.719677
vn -66.078515 -14.108106 73.719677
vn -62.868558 -0.384333 77.765010
vn -62.868558 -0.384333 77.765010
vn -62.868558 -0.384333 77.765010
vn -83.442700 5.880887 54.797182
vn -83.442700 5.880887 54.797182
vn -83.442700 5.880887 54.797182
vn -86.714036 -1.400788 49.786699
vn -86.714036 -1.400788 49.786699
vn -86.714036 -1.400788 49.786699
vn 90.907162 7.556217 -40.973049
vn 90.907162 7.556217 -40.973049
vn 90.907162 7.556217 -40.973049
vn -50.011181 71.207469 -49.278574
vn -50.011181 71.207469 -49.278574
vn -50.011181 71.207469 -49.278574
vn 82.906456 18.159817 52.884233
vn 82.906456 18.159817 52.884233
vn 82.906456 18.159817 52.884233
vn 85.050452 -25.649635 45.918607
vn 85.050452 -25.649635 45.918607
vn 85.050452 -25.649635 45.918607
vn -32.496723 0.882133 -94.568418
vn -32.496723 0.882133 -94.568418
vn -32.496723 0.882133 -94.568418
vn -80.274829 -13.799667 -58.013123
vn -80.274829 -13.799667 -58.013123
vn -80.274829 -13.799667 -58.013123
vn -72.231789 43.365301 -53.870405
vn -72.231789 43.365301 -53.870405
vn -72.231789 43.365301 -53.870405
vn -24.585012 -96.861766 3.657297
vn -24.585012 -96.861766 3.657297
vn -24.585012 -96.861766 3.657297
vn -8.209918 -86.196371 50.027823
vn -8.209918 -86.196371 50.027823
vn -8.209918 -86.196371 50.027823
vn -46.176413 -3.720387 -88.622223
vn -46.176413 -3.720387 -88.622223
vn -46.176413 -3.720387 -88.622223
vn 74.689538 10.323109 65.687956
vn 74.689538 10.323109 65.687956
vn 74.689538 10.323109 65.687956
vn -2.332871 -1.794943 99.956674
vn -2.332871 -1.794943 99.956674
vn -2.332871 -1.794943 99.956674
vn -14.887943 2.976731 98.840724
vn -14.887943 2.976731 98.840724
vn -14.887943 2.976731 98.840724
vn -8.130592 -61.786970 78.206549
vn -8.130592 -61.786970 78.206549
vn -8.130592 -61.786970 78.206549
vn 97.443572 8.396391 20.838689
vn 97.443572 8.396391 20.838689
vn 97.443572 8.396391 20.838689
vn 98.676454 15.150478 5.781123
vn 98.676454 15.150478 5.781123
vn 98.676454 15.150478 5.781123
vn 74.075963 50.566087 -44.224681
vn 74.075963 50.566087 -44.224681
vn 74.075963 50.566087 -44.224681
vn 73.579998 -15.836047 65.842276
vn 73.579998 -15.836047 65.842276
vn 73.579998 -15.836047 65.842276
vn -53.108658 21.368278 -81.993099
vn -53.108658 21.368278 -81.993099
vn -53.108658 21.368278 -81.993099
vn -86.416351 -18.138399 46.938414
vn -86.416351 -18.138399 46.938414
vn -86.416351 -18.138399 46.938414
vn 78.789742 -46.203587 40.711242
vn 78.789742 -46.203587 40.711242
vn 78.789742 -46.203587 40.711242
vn -65.537727 -50.195592 -56.437669
vn -65.537727 -50.195592 -56.437669
vn -65.537727 -50.195592 -56.437669
vn 90.133276 -34.402517 26.314642
vn 90.133276 -34.402517 26.314642
vn 90.133276 -34.402517 26.314642
vn -33.473445 -28.543284 -89.804291
vn -33.473445 -28.543284 -89.804291
vn -33.473445 -28.543284 -89.804291
vn -93.338674 -1.358648 35.861519
vn -93.338674 -1.358648 35.861519
vn -93.338674 -1.358648 35.861519
vn 84.262033 -36.238180 39.833457
vn 84.262033 -36.238180 39.833457
vn 84.262033 -36.238180 39.833457
vn 33.474438 2.738732 -94.191089
vn 33.474438 2.738732 -94.191089
vn 33.474438 2.738732 -94.191089
vn 42.084140 52.302092 74.117585
vn 42.084140 52.302092 74.117585
vn 42.084140 52.302092 74.117585
vn -28.550655 22.645462 93.123810
vn -28.550655 22.645462 93.123810
vn -28.550655 22.645462 93.123810
vn 98.912677 14.148092 4.014351
vn 98.912677 14.148092 4.014351
vn 98.912677 14.148092 4.014351
vn 86.159696 -21.022540 46.201307
vn 86.159696 -21.022540 46.201307
vn 86.159696 -21.022540 46.201307
vn -85.295035 -52.150304 2.258951
vn -85.295035 -52.150304 2.258951
vn -85.295035 -52.150304 2.258951
vn -27.707394 20.153354 -93.947552
vn -27.707394 20.153354 -93.947552
vn -27.707394 20.153354 -93.947552
vn -96.907060 8.333224 -23.228847
vn -96.907060 8.333224 -23.228847
vn -96.907060 8.333224 -23.228847
vn -92.240276 12.112202 -36.674595
vn -92.240276 12.112202 -36.674595
vn -92.240276 12.112202 -36.674595
vn -85.360474 21.288060 -47.543748
vn -85.360474 21.288060 -47.543748
vn -85.360474 21.288060 -47.543748
vn 12.242375 93.713097 32.679995
vn 12.242375 93.713097 32.679995
vn 12.242375 93.713097 32.679995
vn 0.467724 16.975616 98.547507
vn 0.467724 16.975616 98.547507
vn 0.467724 16.975616 98.547507
vn -85.646410 -17.695932 48.492746
vn -85.646410 -17.695932 48.492746
vn -85.646410 -17.695932 48.492746
vn -14.272153 30.061939 94.300517
vn -14.272153 30.061939 94.300517
vn -14.272153 30.061939 94.300517
vn -17.356237 -9.656414 98.007732
vn -17.356237 -9.656414 98.007732
vn -17.356237 -9.656414 98.007732
vn 51.417518 26.783939 81.479212
vn 51.417518 26.783939 81.479212
vn 51.417518 26.783939 81.479212
vn -23.932534 -31.345597 91.894989
vn -23.932534 -31.345597 91.894989
vn -23.932534 -31.345597 91.894989
vn -12.397668 -6.535978 99.013033
vn -12.397668 -6.535978 99.013033
vn -12.397668 -6.535978 99.013033
vn 35.171416 18.493063 -91.765886
vn 35.171416 18.493063 -91.765886
vn 35.171416 18.493063 -91.765886
vn 9.055668 99.019033 -10.640781
vn 9.055668 99.019033 -10.640781
vn 9.055668 99.019033 -10.640781
vn -52.723612 20.781883 -82.391350
vn -52.723612 20.781883 -82.391350
vn -52.723612 20.781883 -82.391350
vn -33.293876 -80.216831 49.565901
vn -33.293876 -80.216831 49.565901
vn -33.293876 -80.216831 49.565901
vn 83.807058 37.499308 -39.625507
vn 83.807058 37.499308 -39.625507
vn 83.807058 37.499308 -39.625507
vn -75.167975 -10.880526 -65.049136
vn -75.167975 -10.880526 -65.049136
vn -75.167975 -10.880526 -65.049136
vn 47.019498 -16.998232 86.603850
vn 47.019498 -16.998232 86.603850
vn 47.019498 -16.998232 86.603850
vn -3.530654 -99.595493 8.262748
vn -3.530654 -99.595493 8.262748
vn -3.530654 -99.595493 8.262748
vn -70.093844 -15.124588 -69.700075
vn -70.093844 -15.124588 -69.700075
vn -70.093844 -15.124588 -69.700075
vn -89.223819 -5.006868 -44.878075
vn -89.223819 -5.006868 -44.878075
vn -89.223819 -5.006868 -44.878075
vn 65.564744 -57.006020 49.513409
vn 65.564744 -57.006020 49.513409
vn 65.564744 -57.006020 49.513409
vn -53.852176 -2.854637 -84.212800
vn -53.852176 -2.854637 -84.212800
vn -53.852176 -2.854637 -84.212800
vn 81.349719 57.046569 11.309842
vn 81.349719 57.046569 11.309842
vn 81.349719 57.046569 11.309842
vn 28.615211 -7.613591 95.515470
vn 28.615211 -7.613591 95.515470
vn 28.615211 -7.613591 95.515470
vn 74.465994 14.266072 65.201951
vn 74.465994 14.266072 65.201951
vn 74.465994 14.266072 65.201951
vn -96.221780 20.295630 -18.150963
vn -96.221780 20.295630 -18.150963
vn -96.221780 20.295630 -18.150963
vn 21.139431 24.077953 -94.727911
vn 21.139431 24.077953 -94.727911
vn 21.139431 24.077953 -94.727911
vn 72.727239 -11.685535 67.632819
vn 72.727239 -11.685535 67.632819
vn 72.727239 -11.685535 67.632819
vn 77.197010 57.933559 -26.159607
vn 77.197010 57.933559 -26.159607
vn 77.197010 57.933559 -26.159607
vn 47.706976 19.610971 -85.670621
vn 47.706976 19.610971 -85.670621
vn 47.706976 19.610971 -85.670621
vn -63.897482 -22.463279 -73.569783
vn -63.897482 -22.463279 -73.569783
vn -63.897482 -22.463279 -73.569783
vn 6.273558 -99.433441 8.581071
vn 6.273558 -99.433441 8.581071
vn 6.273558 -99.433441 8.581071
vn 80.974368 10.870554 57.662671
vn 80.974368 10.870554 57.662671
vn 80.974368 10.870554 57.662671
vn -28.583487 -10.451031 95.256295
vn -28.583487 -10.451031 95.256295
vn -28.583487 -10.451031 95.256295
vn -55.077096 -40.226853 73.132173
vn -55.077096 -40.226853 73.132173
vn -55.077096 -40.226853 73.132173
vn 85.562100 50.019896 13.309282
vn 85.562100 50.019896 13.309282
vn 85.562100 50.019896 13.309282
vn -48.064224 66.143393 -57.575006
vn -48.064224 66.143393 -57.575006
vn -48.064224 66.143393 -57.575006
vn -35.426319 -93.400124 -4.625278
vn -35.426319 -93.400124 -4.625278
vn -35.426319 -93.400124 -4.625278
vn 16.536629 98.579632 -2.932184
vn 16.536629 98.579632 -2.932184
vn 16.536629 98.579632 -2.932184
vn -39.007414 -4.245100 -91.980445
vn -39.007414 -4.245100 -91.980445
vn -39.007414 -4.245100 -91.980445
vn 38.797299 90.460412 -17.654562
vn 38.797299 90.460412 -17.654562
vn 38.797299 90.460412 -17.654562
vn 0.048066 34.753205 -93.766807
vn 0.048066 34.753205 -93.766807
vn 0.048066 34.753205 -93.766807
vn -96.945959 24.424235 2.222301
vn -96.945959 24.424235 2.222301
vn -96.945959 24.424235 2.222301
vn -95.114770 28.281880 -12.382140
vn -95.114770 28.281880 -12.382140
vn -95.114770 28.281880 -12.382140
vn -6.740003 -91.164354 -40.541762
vn -6.740003 -91.164354 -40.541762
vn -6.740003 -91.164354 -40.541762
vn 32.284901 -7.794927 94.323508
vn 32.284901 -7.794927 94.323508
vn 32.284901 -7.794927 94.323508
vn 28.514715 10.935342 -95.222529
vn 28.514715 10.935342 -95.222529
vn 28.514715 10.935342 -95.222529
vn -32.346353 -65.140874 68.632207
vn -32.346353 -65.140874 68.632207
vn -32.346353 -65.140874 68.632207
vn -76.976639 4.738085 63.656495
vn -76.976639 4.738085 63.656495
vn -76.976639 4.738085 63.656495
vn -88.238986 7.961153 -46.373510
vn -88.238986 7.961153 -46.373510
vn -88.238986 7.961153 -46.373510
vn 56.112014 2.640018 82.731331
vn 56.112014 2.640018 82.731331
vn 56.112014 2.640018 82.731331
vn 95.994693 19.621950 -19.999939
vn 95.994693 19.621950 -19.999939
vn 95.994693 19.621950 -19.999939
vn 75.198065 -64.988797 11.032083
vn 75.198065 -64.988797 11.032083
vn 75.198065 -64.988797 11.032083
vn 72.165334 63.845384 26.756885
vn 72.165334 63.845384 26.756885
vn 72.165334 63.845384 26.756885
vn -73.982790 42.702104 -51.991123
vn -73.982790 42.702104 -51.991123
vn -73.982790 42.702104 -51.991123
vn 91.384901 -18.171844 36.312334
vn 91.384901 -18.171844 36.312334
vn 91.384901 -18.171844 36.312334
vn 8.088889 -15.060421 -98.527933
vn 8.088889 -15.060421 -98.527933
vn 8.088889 -15.060421 -98.527933
vn -81.214448 -16.052643 56.093904
vn -81.214448 -16.052643 56.093904
vn -81.214448 -16.052643 56.093904
vn -48.886694 30.869404 -81.591501
vn -48.886694 30.869404 -81.591501
vn -48.886694 30.869404 -81.591501
vn 97.033153 1.304837 -24.142594
vn 97.033153 1.304837 -24.142594
vn 97.033153 1.304837 -24.142594
vn -41.455746 6.470208 90.772018
vn -41.455746 6.470208 90.772018
vn -41.455746 6.470208 90.772018
vn -41.848439 29.722986 -85.821053
vn -41.848439 29.722986 -85.821053
vn -41.848439 29.722986 -85.821053
vn 79.589620 -7.082734 60.127601
vn 79.589620 -7.082734 60.127601
vn 79.589620 -7.082734 60.127601
vn -96.240996 25.772834 -8.569308
vn -96.240996 25.772834 -8.569308
vn -96.240996 25.772834 -8.569308
vn 36.528035 6.067239 92.891835
vn 36.528035 6.067239 92.891835
vn 36.528035 6.067239 92.891835
vn 59.013346 56.173646 57.982297
vn 59.013346 56.173646 57.982297
vn 59.013346 56.173646 57.982297
vn -12.292486 -79.712774 59.116584
vn -12.292486 -79.712774 59.116584
vn -12.292486 -79.712774 59.116584
vn -93.301819 -33.834466 -12.247462
vn -93.301819 -33.834466 -12.247462
vn -93.301819 -33.834466 -12.247462
vn 37.421641 89.839264 22.989761
vn 37.421641 89.839264 22.989761
vn 37.421641 89.839264 22.989761
vn -5.352699 83.146284 55.299602
vn -5.352699 83.146284 55.299602
vn -5.352699 83.146284 55.299602
vn 43.912840 21.684917 87.186163
vn 43.912840 21.684917 87.186163
vn 43.912840 21.684917 87.186163
vn 1.989294 52.354564 85.176540
vn 1.989294 52.354564 85.176540
vn 1.989294 52.354564 85.176540
vn 15.142758 7.442012 98.566290
vn 15.142758 7.442012 98.566290
vn 15.142758 7.442012 98.566290
vn -94.164551 16.570784 29.299273
vn -94.164551 16.570784 29.299273
vn -94.164551 16.570784 29.299273
vn 77.245987 58.186877 25.443012
vn 77.245987 58.186877 25.443012
vn 77.245987 58.186877 25.443012
vn 66.981589 -16.919185 -72.299430
vn 66.981589 -16.919185 -72.299430
vn 66.981589 -16.919185 -72.299430
vn 7.302115 -41.323633 90.769140
vn 7.302115 -41.323633 90.769140
vn 7.302115 -41.323633 90.769140
vn 79.094784 -51.191119 -33.518434
vn 79.094784 -51.191119 -33.518434
vn 79.094784 -51.191119 -33.518434
vn -64.490992 12.463061 75.402814
vn -64.490992 12.463061 75.402814
vn -64.490992 12.463061 75.402814
vn -2.891445 37.823536 92.525783
vn -2.891445 37.823536 92.525783
vn -2.891445 37.823536 92.525783
vn -66.465548 -4.290666 -74.591703
vn -66.465548 -4.290666 -74.591703
vn -66.465548 -4.290666 -74.591703
vn 91.971603 -39.045682 4.081786
vn 91.971603 -39.045682 4.081786
vn 91.971603 -39.045682 4.081786
vn 30.885293 -17.828298 93.425115
vn 30.885293 -17.828298 93.425115
vn 30.885293 -17.828298 93.425115
vn 24.226220 62.827284 73.931202
vn 24.226220 62.827284 73.931202
vn 24.226220 62.827284 73.931202
vn 87.454258 29.520156 38.474839
vn 87.454258 29.520156 38.474839
vn 87.454258 29.520156 38.474839
vn -10.595108 -58.224323 80.608144
vn -10.595108 -58.224323 80.608144
vn -10.595108 -58.224323 80.608144
vn 98.944591 -10.132563 -10.358545
vn 98.944591 -10.132563 -10.358545
vn 98.944591 -10.132563 -10.358545
vn 91.121569 -35.604654 -20.716389
vn 91.121569 -35.604654 -20.716389
vn 91.121569 -35.604654 -20.716389
vn 46.060378 -23.953780 -85.467296
vn 46.060378 -23.953780 -85.467296
vn 46.060378 -23.953780 -85.467296
vn 73.497355 22.848302 63.844303
vn 73.497355 22.848302 63.844303
vn 73.497355 22.848302 63.844303
vn 83.850260 -6.630929 54.084802
vn 83.850260 -6.630929 54.084802
vn 83.850260 -6.630929 54.084802
vn 49.412584 -0.451592 86.937868
vn 49.412584 -0.451592 86.937868
vn 49.412584 -0.451592 86.937868
vn 54.810486 30.643492 77.825370
vn 54.810486 30.643492 77.825370
vn 54.810486 30.643492 77.825370
vn 67.728750 9.860946 72.908013
vn 67.728750 9.860946 72.908013
vn 67.728750 9.860946 72.908013
vn -78.639313 -34.950065 -50.934785
vn -78.639313 -34.950065 -50.934785
vn -78.639313 -34.950065 -50.934785
vn 84.678348 16.024727 50.722638
vn 84.678348 16.024727 50.722638
vn 84.678348 16.024727 50.722638
vn 99.949885 0.114701 3.163622
vn 99.949885 0.114701 3.163622
vn 99.949885 0.114701 3.163622
vn 11.950144 11.671526 98.594982
vn 11.950144 11.671526 98.594982
vn 11.950144 11.671526 98.594982
vn 96.903258 22.902140 -9.233146
vn 96.903258 22.902140 -9.233146
vn 96.903258 22.902140 -9.233146
vn 96.099358 -2.184692 27.570653
vn 96.099358 -2.184692 27.570653
vn 96.099358 -2.184692 27.570653
vn 37.979364 -16.876812 -90.954614
vn 37.979364 -16.876812 -90.954614
vn 37.979364 -16.876812 -90.954614
vn -44.535166 86.675439 -22.449706
vn -44.535166 86.675439 -22.449706
vn -44.535166 86.675439 -22.449706
vn -8.811340 75.106809 -65.431850
vn -8.811340 75.106809 -65.431850
vn -8.811340 75.106809 -65.431850
vn -41.282972 24.519107 -87.718472
vn -41.282972 24.519107 -87.718472
vn -41.282972 24.519107 -87.718472
vn 94.307025 -20.843318 25.918003
vn 94.307025 -20.843318 25.918003
vn 94.307025 -20.843318 25.918003
vn 35.536453 89.368811 27.393018
vn 35.536453 89.368811 27.393018
vn 35.536453 89.368811 27.393018
vn -41.324308 12.041412 -90.262438
vn -41.324308 12.041412 -90.262438
vn -41.324308 12.041412 -90.262438
vn 68.944951 -50.421721 52.002348
vn 68.944951 -50.421721 52.002348
vn 68.944951 -50.421721 52.002348
vn -39.498494 -0.040065 -91.868755
vn -39.498494 -0.040065 -91.868755
vn -39.498494 -0.040065 -91.868755
vn -15.469824 -74.094613 65.350383
vn -15.469824 -74.094613 65.350383
vn -15.469824 -74.094613 65.350383
vn -6.725332 32.751979 -94.244777
vn -6.725332 32.751979 -94.244777
vn -6.725332 32.751979 -94.244777
vn 98.587929 -7.262929 -15.088733
vn 98.587929 -7.262929 -15.088733
vn 98.587929 -7.262929 -15.088733
vn -29.388819 -25.263762 92.184812
vn -29.388819 -25.263762 92.184812
vn -29.388819 -25.263762 92.184812
vn 26.797444 64.788277 -71.304817
vn 26.797444 64.788277 -71.304817
vn 26.797444 64.788277 -71.304817
vn -93.915954 28.146072 19.687387
vn -93.915954 28.146072 19.687387
vn -93.915954 28.146072 19.687387
vn 57.071982 -5.833099 81.907043
vn 57.071982 -5.833099 81.907043
vn 57.071982 -5.833099 81.907043
vn 47.142558 -19.772571 85.945478
vn 47.142558 -19.772571 85.945478
vn 47.142558 -19.772571 85.945478
vn 91.494440 -11.334855 -38.733558
vn 91.494440 -11.334855 -38.733558
vn 91.494440 -11.334855 -38.733558
vn -49.262012 -70.763326 -50.653783
vn -49.262012 -70.763326 -50.653783
vn -49.262012 -70.763326 -50.653783
vn 60.217989 17.628369 77.865494
vn 60.217989 17.628369 77.865494
vn 60.217989 17.628369 77.865494
vn 51.657453 78.466312 -34.271634
vn 51.657453 78.466312 -34.271634
vn 51.657453 78.466312 -34.271634
vn 10.332771 99.308002 -5.581645
vn 10.332771 99.308002 -5.581645
vn 10.332771 99.308002 -5.581645
vn -51.490794 -36.551771 77.541387
vn -51.490794 -36.551771 77.541387
vn -51.490794 -36.551771 77.541387
vn -97.273917 12.214985 19.712408
vn -97.273917 12.214985 19.712408
vn -97.273917 12.214985 19.712408
vn 84.662661 14.475535 -51.212243
vn 84.662661 14.475535 -51.212243
vn 84.662661 14.475535 -51.212243
vn -74.903707 -2.164350 66.217463
vn -74.903707 -2.164350 66.217463
vn -74.903707 -2.164350 66.217463
vn 32.691872 48.770942 -80.948370
vn 32.691872 48.770942 -80.948370
vn 32.691872 48.770942 -80.948370
vn -98.785869 -15.488113 1.213609
vn -98.785869 -15.488113 1.213609
vn -98.785869 -15.488113 1.213609
vn 26.918657 57.357694 77.365891
vn 26.918657 57.357694 77.365891
vn 26.918657 57.357694 77.365891
vn 85.554644 -51.751690 -1.471723
vn 85.554644 -51.751690 -1.471723
vn 85.554644 -51.751690 -1.471723
vn -3.348142 96.042640 -27.651443
vn -3.348142 96.042640 -27.651443
vn -3.348142 96.042640 -27.651443
vn -93.486861 -30.976077 -17.340475
vn -93.486861 -30.976077 -17.340475
vn -93.486861 -30.976077 -17.340475
vn -95.031043 28.584403 -12.330211
vn -95.031043 28.584403 -12.330211
vn -95.031043 28.584403 -12.330211
vn -19.216826 -78.635879 58.712131
vn -19.216826 -78.635879 58.712131
vn -19.216826 -78.635879 58.712131
vn 98.443244 -14.482109 -9.959721
vn 98.443244 -14.482109 -9.959721
vn 98.443244 -14.482109 -9.959721
vn 32.339679 -26.788050 90.755423
vn 32.339679 -26.788050 90.755423
vn 32.339679 -26.788050 90.755423
vn -46.534604 41.880501 -77.977923
vn -46.534604 41.880501 -77.977923
vn -46.534604 41.880501 -77.977923
vn 92.697413 -9.463752 36.299152
vn 92.697413 -9.463752 36.299152
vn 92.697413 -9.463752 36.299152
vn 47.190903 -1.281947 88.155413
vn 47.190903 -1.281947 88.155413
vn 47.190903 -1.281947 88.155413
vn -84.332317 -19.246373 -50.176080
vn -84.332317 -19.246373 -50.176080
vn -84.332317 -19.246373 -50.176080
vn -90.494985 11.123356 41.072256
vn -90.494985 11.123356 41.072256
vn -90.494985 11.123356 41.072256
vn 75.793142 61.697670 -21.184840
vn 75.793142 61.697670 -21.184840
vn 75.793142 61.697670 -21.184840
vn -50.980223 -49.282548 -70.514176
vn -50.980223 -49.282548 -70.514176
vn -50.980223 -49.282548 -70.514176
vn -53.654497 5.081986 84.234008
vn -53.654497 5.081986 84.234008
vn -53.654497 5.081986 84.234008
vn 38.215281 91.478017 13.090677
vn 38.215281 91.478017 13.090677
vn 38.215281 91.478017 13.090677
vn -65.725762 -72.025777 -22.190380
vn -65.725762 -72.025777 -22.190380
vn -65.725762 -72.025777 -22.190380
vn 59.400350 -9.633274 -79.867387
vn 59.400350 -9.633274 -79.867387
vn 59.400350 -9.633274 -79.867387
vn 9.514906 3.468001 -99.485876
vn 9.514906 3.468001 -99.485876
vn 9.514906 3.468001 -99.485876
vn 34.843091 1.364592 93.723515
vn 34.843091 1.364592 93.723515
vn 34.843091 1.364592 93.723515
vn 67.575748 -15.733103 -72.013805
vn 67.575748 -15.733103 -72.013805
vn 67.575748 -15.733103 -72.013805
vn -28.533339 -8.786596 -95.439228
vn -28.533339 -8.786596 -95.439228
vn -28.533339 -8.786596 -95.439228
vn -68.787290 47.484470 -54.895663
vn -68.787290 47.484470 -54.895663
vn -68.787290 47.484470 -54.895663
vn 65.617374 70.438638 -27.069527
vn 65.617374 70.438638 -27.069527
vn 65.617374 70.438638 -27.069527
vn -2.989794 6.755470 99.726756
vn -2.989794 6.755470 99.726756
vn -2.989794 6.755470 99.726756
vn -99.674573 5.729810 5.670059
vn -99.674573 5.729810 5.670059
vn -99.674573 5.729810 5.670059
vn -91.158769 35.924547 19.987656
vn -91.158769 35.924547 19.987656
vn -91.158769 35.924547 19.987656
vn 14.656275 55.293043 82.023614
vn 14.656275 55.293043 82.023614
vn 14.656275 55.293043 82.023614
vn 78.002583 -51.560307 35.456066
vn 78.002583 -51.560307 35.456066
vn 78.002583 -51.560307 35.456066
vn -8.109712 -12.362658 98.900949
vn -8.109712 -12.362658 98.900949
vn -8.109712 -12.362658 98.900949
vn -70.646732 67.809400 20.271308
vn -70.646732 67.809400 20.271308
vn -70.646732 67.809400 20.271308
vn -63.319428 -15.723110 75.785444
vn -63.319428 -15.723110 75.785444
vn -63.319428 -15.723110 75.785444
vn 62.245371 -12.410500 77.275441
vn 62.245371 -12.410500 77.275441
vn 62.245371 -12.410500 77.275441
vn 18.165912 -12.892344 97.487373
vn 18.165912 -12.892344 97.487373
vn 18.165912 -12.892344 97.487373
vn 20.230575 63.219161 74.793469
vn 20.230575 63.219161 74.793469
vn 20.230575 63.219161 74.793469
vn 60.261222 -40.745250 68.617845
vn 60.261222 -40.745250 68.617845
vn 60.261222 -40.745250 68.617845
vn 55.178955 75.870476 -34.625908
vn 55.178955 75.870476 -34.625908
vn 55.178955 75.870476 -34.625908
vn -81.413531 35.236434 -46.154426
vn -81.413531 35.236434 -46.154426
vn -81.413531 35.236434 -46.154426
vn 64.735902 -18.434564 -73.955597
vn 64.735902 -18.434564 -73.955597
vn 64.735902 -18.434564 -73.955597
vn -98.486881 2.585261 17.136248
vn -98.486881 2.585261 17.136248
vn -98.486881 2.585261 17.136248
vn 66.932087 67.129609 -31.838850
vn 66.932087 67.129609 -31.838850
vn 66.932087 67.129609 -31.838850
vn 91.557750 19.784521 -35.010739
vn 91.557750 19.784521 -35.010739
vn 91.557750 19.784521 -35.010739
vn 15.722911 82.842804 -53.757424
vn 15.722911 82.842804 -53.757424
vn 15.722911 82.842804 -53.757424
vn -69.780740 -11.400508 70.715480
vn -69.780740 -11.400508 70.715480
vn -69.780740 -11.400508 70.715480
vn 32.473102 41.588804 84.946272
vn 32.473102 41.588804 84.946272
vn 32.473102 41.588804 84.946272
vn -33.576096 21.469952 91.715256
vn -33.576096 21.469952 91.715256
vn -33.576096 21.469952 91.715256
vn 58.422531 23.836403 77.579854
vn 58.422531 23.836403 77.579854
vn 58.422531 23.836403 77.579854
vn -99.905877 -1.010969 -4.218256
vn -99.905877 -1.010969 -4.218256
vn -99.905877 -1.010969 -4.218256
vn -99.273410 -8.805609 -8.200722
vn -99.273410 -8.805609 -8.200722
vn -99.273410 -8.805609 -8.200722
vn 53.844661 56.876021 -62.176135
vn 53.844661 56.876021 -62.176135
vn 53.844661 56.876021 -62.176135
vn 85.057701 13.211425 50.898385
vn 85.057701 13.211425 50.898385
vn 85.057701 13.211425 50.898385
vn 21.921742 -1.551605 97.555272
vn 21.921742 -1.551605 97.555272
vn 21.921742 -1.551605 97.555272
vn 95.221383 27.527979 13.232493
vn 95.221383 27.527979 13.232493
vn 95.221383 27.527979 13.232493
vn 61.537594 -23.345330 75.286927
vn 61.537594 -23.345330 75.286927
vn 61.537594 -23.345330 75.286927
vn 96.494345 -5.063045 25.752839
vn 96.494345 -5.063045 25.752839
vn 96.494345 -5.063045 25.752839
vn 45.588866 -76.622076 -45.284806
vn 45.588866 -76.622076 -45.284806
vn 45.588866 -76.622076 -45.284806
vn 34.079959 13.014701 93.108410
vn 34.079959 13.014701 93.108410
vn 34.079959 13.014701 93.108410
vn 57.899316 12.000180 -80.645308
vn 57.899316 12.000180 -80.645308
vn 57.899316 12.000180 -80.645308
vn 69.857693 0.701560 71.550068
vn 69.857693 0.701560 71.550068
vn 69.857693 0.701560 71.550068
vn -88.649365 30.112840 -35.135578
vn -88.649365 30.112840 -35.135578
vn -88.649365 30.112840 -35.135578
vn -87.841835 -43.287177 20.249259
vn -87.841835 -43.287177 20.249259
vn -87.841835 -43.287177 20.249259
vn -51.680037 -85.208281 -8.289880
vn -51.680037 -85.208281 -8.289880
vn -51.680037 -85.208281 -8.289880
vn 51.748600 -28.024885 -80.849796
vn 51.748600 -28.024885 -80.849796
vn 51.748600 -28.024885 -80.849796
vn 99.589014 9.016006 -0.860731
vn 99.589014 9.016006 -0.860731
vn 99.589014 9.016006 -0.860731
vn -11.516729 -72.740021 -67.648029
vn -11.516729 -72.740021 -67.648029
vn -11.516729 -72.740021 -67.648029
vn 81.773521 39.792201 -41.589312
vn 81.773521 39.792201 -41.589312
vn 81.773521 39.792201 -41.589312
vn 97.055845 -23.718262 -4.196147
vn 97.055845 -23.718262 -4.196147
vn 97.055845 -23.718262 -4.196147
vn 35.899600 10.905166 -92.694643
vn 35.899600 10.905166 -92.694643
vn 35.899600 10.905166 -92.694643
vn 5.022114 -23.907064 96.970266
vn 5.022114 -23.907064 96.970266
vn 5.022114 -23.907064 96.970266
vn 41.194268 90.196667 -12.945783
vn 41.194268 90.196667 -12.945783
vn 41.194268 90.196667 -12.945783
vn -60.771195 29.746625 73.634232
vn -60.771195 29.746625 73.634232
vn -60.771195 29.746625 73.634232
vn 74.693720 45.921395 -48.084026
vn 74.693720 45.921395 -48.084026
vn 74.693720 45.921395 -48.084026
vn 44.417751 23.699215 -86.402617
vn 44.417751 23.699215 -86.402617
vn 44.417751 23.699215 -86.402617
vn -38.556678 -51.683487 76.434285
vn -38.556678 -51.683487 76.434285
vn -38.556678 -51.683487 76.434285
vn 66.881083 -20.351059 -71.503535
vn 66.881083 -20.351059 -71.503535
vn 66.881083 -20.351059 -71.503535
vn -95.678028 -28.003675 7.842792
vn -95.678028 -28.003675 7.842792
vn -95.678028 -28.003675 7.842792
vn 71.926637 -17.393432 67.260903
vn 71.926637 -17.393432 67.260903
vn 71.926637 -17.393432 67.260903
vn -85.121819 4.835772 -52.257937
vn -85.121819 4.835772 -52.257937
vn -85.121819 4.835772 -52.257937
vn -5.627418 -14.291100 -98.813445
vn -5.627418 -14.291100 -98.813445
vn -5.627418 -14.291100 -98.813445
vn 40.570915 91.323153 3.752962
vn 40.570915 91.323153 3.752962
vn 40.570915 91.323153 3.752962
vn -11.518172 13.024659 98.476849
vn -11.518172 13.024659 98.476849
vn -11.518172 13.024659 98.476849
vn 6.473110 9.978698 -99.290108
vn 6.473110 9.978698 -99.290108
vn 6.473110 9.978698 -99.290108
vn 74.848757 24.542148 -61.606395
vn 74.848757 24.542148 -61.606395
vn 74.848757 24.542148 -61.606395
vn 68.966492 18.988280 -69.878953
vn 68.966492 18.988280 -69.878953
vn 68.966492 18.988280 -69.878953
vn 17.504049 -12.037140 97.717536
vn 17.504049 -12.037140 97.717536
vn 17.504049 -12.037140 97.717536
vn -84.581286 -1.587903 -53.324345
vn -84.581286 -1.587903 -53.324345
vn -84.581286 -1.587903 -53.324345
vn 88.647686 -5.755369 45.918022
vn 88.647686 -5.755369 45.918022
vn 88.647686 -5.755369 45.918022
vn 90.421273 1.761410 42.671914
vn 90.421273 1.761410 42.671914
vn 90.421273 1.761410 42.671914
vn -25.661501 -6.080004 96.459953
vn -25.661501 -6.080004 96.459953
vn -25.661501 -6.080004 96.459953
vn 60.297522 72.216726 33.896215
vn 60.297522 72.216726 33.896215
vn 60.297522 72.216726 33.896215
vn -77.303369 63.071941 -6.791120
vn -77.303369 63.071941 -6.791120
vn -77.303369 63.071941 -6.791120
vn 21.969300 -18.083416 -95.866271
vn 21.969300 -18.083416 -95.866271
vn 21.969300 -18.083416 -95.866271
vn 97.372260 5.900703 21.996000
vn 97.372260 5.900703 21.996000
vn 97.372260 5.900703 21.996000
vn -92.388348 -38.150889 2.983918
vn -92.388348 -38.150889 2.983918
vn -92.388348 -38.150889 2.983918
vn -62.306651 30.454758 72.044350
vn -62.306651 30.454758 72.044350
vn -62.306651 30.454758 72.044350
vn 85.120994 -10.514081 51.418595
vn 85.120994 -10.514081 51.418595
vn 85.120994 -10.514081 51.418595
vn -81.197830 27.281137 -51.600900
vn -81.197830 27.281137 -51.600900
vn -81.197830 27.281137 -51.600900
vn 75.020402 14.074397 64.605362
vn 75.020402 14.074397 64.605362
vn 75.020402 14.074397 64.605362
vn 47.399359 26.934981 83.832023
vn 47.399359 26.934981 83.832023
vn 47.399359 26.934981 83.832023
vn 3.669405 -9.061849 -99.520948
vn 3.669405 -9.061849 -99.520948
vn 3.669405 -9.061849 -99.520948
vn 5.821850 63.501873 77.029982
vn 5.821850 63.501873 77.029982
vn 5.821850 63.501873 77.029982
vn 32.337591 79.817200 -50.828089
vn 32.337591 79.817200 -50.828089
vn 32.337591 79.817200 -50.828089
vn -17.821142 10.322690 97.856276
vn -17.821142 10.322690 97.856276
vn -17.821142 10.322690 97.856276
vn -92.921770 -35.020399 -11.794746
vn -92.921770 -35.020399 -11.794746
vn -92.921770 -35.020399 -11.794746
vn -92.161301 -36.034628 -14.415334
vn -92.161301 -36.034628 -14.415334
vn -92.161301 -36.034628 -14.415334
vn -96.239067 -26.215431 -7.126928
vn -96.239067 -26.215431 -7.126928
vn -96.239067 -26.215431 -7.126928
vn 21.345537 -16.874162 96.226974
vn 21.345537 -16.874162 96.226974
vn 21.345537 -16.874162 96.226974
vn 23.205227 -4.408312 97.170382
vn 23.205227 -4.408312 97.170382
vn 23.205227 -4.408312 97.170382
vn 65.232247 51.251177 -55.839691
vn 65.232247 51.251177 -55.839691
vn 65.232247 51.251177 -55.839691
vn 24.135372 -50.393557 82.933554
vn 24.135372 -50.393557 82.933554
vn 24.135372 -50.393557 82.933554
vn -24.406275 76.514624 59.580580
vn -24.406275 76.514624 59.580580
vn -24.406275 76.514624 59.580580
vn 97.789578 9.407037 18.673691
vn 97.789578 9.407037 18.673691
vn 97.789578 9.407037 18.673691
vn 0.299804 68.897071 72.478306
vn 0.299804 68.897071 72.478306
vn 0.299804 68.897071 72.478306
vn -98.033952 -12.536886 -15.237191
vn -98.033952 -12.536886 -15.237191
vn -98.033952 -12.536886 -15.237191
vn -97.093874 -14.415655 -19.104132
vn -97.093874 -14.415655 -19.104132
vn -97.093874 -14.415655 -19.104132
vn 52.558512 49.549258 -69.155440
vn 52.558512 49.549258 -69.155440
vn 52.558512 49.549258 -69.155440
vn 91.441324 15.617285 -37.344136
vn 91.441324 15.617285 -37.344136
vn 91.441324 15.617285 -37.344136
vn 88.220777 -9.298738 -46.158727
vn 88.220777 -9.298738 -46.158727
vn 88.220777 -9.298738 -46.158727
vn 88.247707 -9.057442 -46.155228
vn 88.247707 -9.057442 -46.155228
vn 88.247707 -9.057442 -46.155228
vn -88.037977 23.203131 -41.363395
vn -88.037977 23.203131 -41.363395
vn -88.037977 23.203131 -41.363395
vn -50.813092 18.333695 -84.154062
vn -50.813092 18.333695 -84.154062
vn -50.813092 18.333695 -84.154062
vn 20.104338 2.928922 -97.914445
vn 20.104338 2.928922 -97.914445
vn 20.104338 2.928922 -97.914445
vn -94.214527 -32.696373 7.387183
vn -94.214527 -32.696373 7.387183
vn -94.214527 -32.696373 7.387183
vn -93.392061 -33.792737 -11.660779
vn -93.392061 -33.792737 -11.660779
vn -93.392061 -33.792737 -11.660779
vn 26.928139 94.817775 -16.866097
vn 26.928139 94.817775 -16.866097
vn 26.928139 94.817775 -16.866097
vn -28.615425 22.334905 -93.178908
vn -28.615425 22.334905 -93.178908
vn -28.615425 22.334905 -93.178908
vn -95.759294 6.413863 -28.089517
vn -95.759294 6.413863 -28.089517
vn -95.759294 6.413863 -28.089517
vn 87.673308 -36.519272 -31.300730
vn 87.673308 -36.519272 -31.300730
vn 87.673308 -36.519272 -31.300730
vn -96.537239 -26.015324 1.940718
vn -96.537239 -26.015324 1.940718
vn -96.537239 -26.015324 1.940718
vn 23.685447 -14.393069 96.082464
vn 23.685447 -14.393069 96.082464
vn 23.685447 -14.393069 96.082464
vn 1.792013 33.424125 -94.231720
vn 1.792013 33.424125 -94.231720
vn 1.792013 33.424125 -94.231720
vn -0.258113 31.271718 -94.984275
vn -0.258113 31.271718 -94.984275
vn -0.258113 31.271718 -94.984275
vn -96.964144 -6.149054 -23.667361
vn -96.964144 -6.149054 -23.667361
vn -96.964144 -6.149054 -23.667361
vn -33.925548 24.764371 -90.751225
vn -33.925548 24.764371 -90.751225
vn -33.925548 24.764371 -90.751225
vn -89.788925 -15.469089 -41.214771
vn -89.788925 -15.469089 -41.214771
vn -89.788925 -15.469089 -41.214771
vn 72.589966 34.936224 59.246581
vn 72.589966 34.936224 59.246581
vn 72.589966 34.936224 59.246581
vn -33.804073 -15.578493 -92.814847
vn -33.804073 -15.578493 -92.814847
vn -33.804073 -15.578493 -92.814847
vn -43.989284 -10.277535 89.215004
vn -43.989284 -10.277535 89.215004
vn -43.989284 -10.277535 89.215004
vn -35.715553 -20.227328 91.188021
vn -35.715553 -20.227328 91.188021
vn -35.715553 -20.227328 91.188021
vn 96.603910 21.854740 13.786034
vn 96.603910 21.854740 13.786034
vn 96.603910 21.854740 13.786034
vn 21.825760 -97.470845 4.803235
vn 21.825760 -97.470845 4.803235
vn 21.825760 -97.470845 4.803235
vn 0.691617 -99.992466 1.014405
vn 0.691617 -99.992466 1.014405
vn 0.691617 -99.992466 1.014405
vn 3.154117 -99.908024 2.904841
vn 3.154117 -99.908024 2.904841
vn 3.154117 -99.908024 2.904841
vn -1.489537 -99.935782 3.258917
vn -1.489537 -99.935782 3.258917
vn -1.489537 -99.935782 3.258917
vn 1.496978 -99.947435 2.875589
vn 1.496978 -99.947435 2.875589
vn 1.496978 -99.947435 2.875589
vn -1.151508 -99.935103 3.413351
vn -1.151508 -99.935103 3.413351
vn -1.151508 -99.935103 3.413351
vn -34.342210 -4.409125 93.814562
vn -34.342210 -4.409125 93.814562
vn -34.342210 -4.409125 93.814562
vn -65.807624 -49.968647 -56.324876
vn -65.807624 -49.968647 -56.324876
vn -65.807624 -49.968647 -56.324876
vn -43.024572 34.095358 83.584645
vn -43.024572 34.095358 83.584645
vn -43.024572 34.095358 83.584645
vn 91.928437 16.735780 35.624120
vn 91.928437 16.735780 35.624120
vn 91.928437 16.735780 35.624120
vn -99.579107 8.989720 -1.785114
vn -99.579107 8.989720 -1.785114
vn -99.579107 8.989720 -1.785114
vn -84.914063 14.865379 -50.681583
vn -84.914063 14.865379 -50.681583
vn -84.914063 14.865379 -50.681583
vn 15.845711 45.536084 87.609242
vn 15.845711 45.536084 87.609242
vn 15.845711 45.536084 87.609242
vn 85.790367 7.218816 -50.871447
vn 85.790367 7.218816 -50.871447
vn 85.790367 7.218816 -50.871447
vn -89.881756 7.105534 43.252538
vn -89.881756 7.105534 43.252538
vn -89.881756 7.105534 43.252538
vn -57.236951 30.262602 -76.210941
vn -57.236951 30.262602 -76.210941
vn -57.236951 30.262602 -76.210941
vn -78.008640 -33.768124 52.672247
vn -78.008640 -33.768124 52.672247
vn -78.008640 -33.768124 52.672247
vn 70.709141 19.105910 -68.082179
vn 70.709141 19.105910 -68.082179
vn 70.709141 19.105910 -68.082179
vn -32.080163 87.502155 -36.252388
vn -32.080163 87.502155 -36.252388
vn -32.080163 87.502155 -36.252388
vn -72.473935 13.441691 67.578475
vn -72.473935 13.441691 67.578475
vn -72.473935 13.441691 67.578475
vn -87.429582 -24.423687 41.947014
vn -87.429582 -24.423687 41.947014
vn -87.429582 -24.423687 41.947014
vn 18.717544 18.966684 -96.384236
vn 18.717544 18.966684 -96.384236
vn 18.717544 18.966684 -96.384236
vn 51.111918 2.973050 -85.899561
vn 51.111918 2.973050 -85.899561
vn 51.111918 2.973050 -85.899561
vn -87.514630 4.349441 -48.189967
vn -87.514630 4.349441 -48.189967
vn -87.514630 4.349441 -48.189967
vn 86.675032 24.744299 -43.303108
vn 86.675032 24.744299 -43.303108
vn 86.675032 24.744299 -43.303108
vn 77.448720 58.431167 24.238299
vn 77.448720 58.431167 24.238299
vn 77.448720 58.431167 24.238299
vn -83.904021 51.658559 -17.073683
vn -83.904021 51.658559 -17.073683
vn -83.904021 51.658559 -17.073683
vn -32.951832 13.592667 93.431356
vn -32.951832 13.592667 93.431356
vn -32.951832 13.592667 93.431356
vn -94.048512 20.879036 -26.813128
vn -94.048512 20.879036 -26.813128
vn -94.048512 20.879036 -26.813128
vn -95.783203 -1.841913 -28.673789
vn -95.783203 -1.841913 -28.673789
vn -95.783203 -1.841913 -28.673789
vn -32.587533 12.141346 93.758420
vn -32.587533 12.141346 93.758420
vn -32.587533 12.141346 93.758420
vn -8.355257 2.036987 -99.629517
vn -8.355257 2.036987 -99.629517
vn -8.355257 2.036987 -99.629517
vn 55.044160 -7.144271 83.181138
vn 55.044160 -7.144271 83.181138
vn 55.044160 -7.144271 83.181138
vn 99.832075 4.708930 3.373954
vn 99.832075 4.708930 3.373954
vn 99.832075 4.708930 3.373954
vn -7.281193 15.905074 98.458175
vn -7.281193 15.905074 98.458175
vn -7.281193 15.905074 98.458175
vn -16.045342 -6.012189 -98.521071
vn -16.045342 -6.012189 -98.521071
vn -16.045342 -6.012189 -98.521071
vn 69.845268 70.932586 9.497702
vn 69.845268 70.932586 9.497702
vn 69.845268 70.932586 9.497702
vn -67.022186 -42.209657 61.044023
vn -67.022186 -42.209657 61.044023
vn -67.022186 -42.209657 61.044023
vn 78.606698 56.029981 26.108035
vn 78.606698 56.029981 26.108035
vn 78.606698 56.029981 26.108035
vn 89.065595 23.814195 -38.732462
vn 89.065595 23.814195 -38.732462
vn 89.065595 23.814195 -38.732462
vn -53.460260 31.002843 78.618233
vn -53.460260 31.002843 78.618233
vn -53.460260 31.002843 78.618233
vn -63.241709 48.671958 -60.262146
vn -63.241709 48.671958 -60.262146
vn -63.241709 48.671958 -60.262146
vn 70.043557 67.531594 -23.095086
vn 70.043557 67.531594 -23.095086
vn 70.043557 67.531594 -23.095086
vn 98.581537 -4.923781 -16.044843
vn 98.581537 -4.923781 -16.044843
vn 98.581537 -4.923781 -16.044843
vn -76.868200 -5.957873 -63.685046
vn -76.868200 -5.957873 -63.685046
vn -76.868200 -5.957873 -63.685046
vn -63.942508 1.423499 76.872160
vn -63.942508 1.423499 76.872160
vn -63.942508 1.423499 76.872160
vn 6.036569 -0.747601 99.814840
vn 6.036569 -0.747601 99.814840
vn 6.036569 -0.747601 99.814840
vn -98.436627 5.501105 16.732259
vn -98.436627 5.501105 16.732259
vn -98.436627 5.501105 16.732259
vn 65.815632 74.290146 12.217915
vn 65.815632 74.290146 12.217915
vn 65.815632 74.290146 12.217915
vn 76.723667 19.679624 61.042540
vn 76.723667 19.679624 61.042540
vn 76.723667 19.679624 61.042540
vn 14.942217 38.706660 -90.986402
vn 14.942217 38.706660 -90.986402
vn 14.942217 38.706660 -90.986402
vn 79.669834 49.866998 34.146753
vn 79.669834 49.866998 34.146753
vn 79.669834 49.866998 34.146753
vn -28.678325 73.500358 61.443076
vn -28.678325 73.500358 61.443076
vn -28.678325 73.500358 61.443076
vn 74.476208 -10.441740 65.911036
vn 74.476208 -10.441740 65.911036
vn 74.476208 -10.441740 65.911036
vn 54.208540 -16.336898 82.429002
vn 54.208540 -16.336898 82.429002
vn 54.208540 -16.336898 82.429002
vn 54.230088 -16.348253 82.412583
vn 54.230088 -16.348253 82.412583
vn 54.230088 -16.348253 82.412583
vn 92.676322 -28.503019 24.467932
vn 92.676322 -28.503019 24.467932
vn 92.676322 -28.503019 24.467932
vn 60.038856 25.414812 -75.824958
vn 60.038856 25.414812 -75.824958
vn 60.038856 25.414812 -75.824958
vn 51.173095 14.271980 84.720869
vn 51.173095 14.271980 84.720869
vn 51.173095 14.271980 84.720869
vn -98.673858 0.131343 16.231251
vn -98.673858 0.131343 16.231251
vn -98.673858 0.131343 16.231251
vn 51.181743 -1.703274 -85.892542
vn 51.181743 -1.703274 -85.892542
vn 51.181743 -1.703274 -85.892542
vn -94.529113 -19.925268 25.830816
vn -94.529113 -19.925268 25.830816
vn -94.529113 -19.925268 25.830816
vn -4.146583 -19.694711 -97.953684
vn -4.146583 -19.694711 -97.953684
vn -4.146583 -19.694711 -97.953684
vn 67.003977 -12.001364 73.255950
vn 67.003977 -12.001364 73.255950
vn 67.003977 -12.001364 73.255950
vn 38.337490 0.357037 -92.358599
vn 38.337490 0.357037 -92.358599
vn 38.337490 0.357037 -92.358599
vn 68.659161 11.837500 -71.734198
vn 68.659161 11.837500 -71.734198
vn 68.659161 11.837500 -71.734198
vn -64.230911 -76.621821 1.867880
vn -64.230911 -76.621821 1.867880
vn -64.230911 -76.621821 1.867880
vn 40.250449 91.531352 1.383830
vn 40.250449 91.531352 1.383830
vn 40.250449 91.531352 1.383830
vn -29.185882 36.854666 -88.260522
vn -29.185882 36.854666 -88.260522
vn -29.185882 36.854666 -88.260522
vn -53.127563 -18.782881 82.611537
vn -53.127563 -18.782881 82.611537
vn -53.127563 -18.782881 82.611537
vn 54.695014 -33.492873 76.724724
vn 54.695014 -33.492873 76.724724
vn 54.695014 -33.492873 76.724724
vn -56.731414 -74.285764 -35.541129
vn -56.731414 -74.285764 -35.541129
vn -56.731414 -74.285764 -35.541129
vn 74.710700 37.861757 54.633328
vn 74.710700 37.861757 54.633328
vn 74.710700 37.861757 54.633328
vn -99.657940 0.849512 8.220338
vn -99.657940 0.849512 8.220338
vn -99.657940 0.849512 8.220338
vn 23.292314 8.931279 96.838531
vn 23.292314 8.931279 96.838531
vn 23.292314 8.931279 96.838531
vn 95.524142 -25.309647 15.315387
vn 95.524142 -25.309647 15.315387
vn 95.524142 -25.309647 15.315387
vn 73.271896 -24.752118 63.392139
vn 73.271896 -24.752118 63.392139
vn 73.271896 -24.752118 63.392139
vn -30.003260 -57.070518 -76.437957
vn -30.003260 -57.070518 -76.437957
vn -30.003260 -57.070518 -76.437957
vn 97.702623 -20.805823 4.617004
vn 97.702623 -20.805823 4.617004
vn 97.702623 -20.805823 4.617004
vn 6.081579 -59.399221 80.216880
vn 6.081579 -59.399221 80.216880
vn 6.081579 -59.399221 80.216880
vn 99.016881 10.214749 9.556020
vn 99.016881 10.214749 9.556020
vn 99.016881 10.214749 9.556020
vn 97.697285 12.157756 17.533664
vn 97.697285 12.157756 17.533664
vn 97.697285 12.157756 17.533664
vn 94.084235 24.733107 23.160967
vn 94.084235 24.733107 23.160967
vn 94.084235 24.733107 23.160967
vn 97.850491 13.713437 15.402055
vn 97.850491 13.713437 15.402055
vn 97.850491 13.713437 15.402055
vn 66.943422 74.188216 3.832409
vn 66.943422 74.188216 3.832409
vn 66.943422 74.188216 3.832409
vn 44.470434 38.450334 -80.894709
vn 44.470434 38.450334 -80.894709
vn 44.470434 38.450334 -80.894709
vn -98.571256 9.755523 -13.730901
vn -98.571256 9.755523 -13.730901
vn -98.571256 9.755523 -13.730901
vn 29.461447 3.739140 -95.488452
vn 29.461447 3.739140 -95.488452
vn 29.461447 3.739140 -95.488452
vn 71.472510 -28.319363 -63.950718
vn 71.472510 -28.319363 -63.950718
vn 71.472510 -28.319363 -63.950718
vn 75.272301 -31.578841 -57.765541
vn 75.272301 -31.578841 -57.765541
vn 75.272301 -31.578841 -57.765541
vn -25.851478 2.641131 96.564627
vn -25.851478 2.641131 96.564627
vn -25.851478 2.641131 96.564627
vn -79.748722 60.032527 6.019795
vn -79.748722 60.032527 6.019795
vn -79.748722 60.032527 6.019795
vn -67.599655 37.154110 63.638512
vn -67.599655 37.154110 63.638512
vn -67.599655 37.154110 63.638512
vn 0.041138 -11.610118 99.323732
vn 0.041138 -11.610118 99.323732
vn 0.041138 -11.610118 99.323732
vn 91.004262 -24.436476 33.482577
vn 91.004262 -24.436476 33.482577
vn 91.004262 -24.436476 33.482577
vn -57.483975 19.371125 79.500646
vn -57.483975 19.371125 79.500646
vn -57.483975 19.371125 79.500646
vn -38.010507 33.068217 86.381103
vn -38.010507 33.068217 86.381103
vn -38.010507 33.068217 86.381103
vn 54.209126 83.208515 11.735209
vn 54.209126 83.208515 11.735209
vn 54.209126 83.208515 11.735209
vn -77.304269 21.587761 59.649146
vn -77.304269 21.587761 59.649146
vn -77.304269 21.587761 59.649146
vn -55.756593 -81.983069 13.037580
vn -55.756593 -81.983069 13.037580
vn -55.756593 -81.983069 13.037580
vn 76.561940 36.161901 53.203260
vn 76.561940 36.161901 53.203260
vn 76.561940 36.161901 53.203260
vn 71.925665 45.534798 52.471729
vn 71.925665 45.534798 52.471729
vn 71.925665 45.534798 52.471729
vn 13.750441 -13.586836 98.113831
vn 13.750441 -13.586836 98.113831
vn 13.750441 -13.586836 98.113831
vn 18.238229 71.599724 -67.385806
vn 18.238229 71.599724 -67.385806
vn 18.238229 71.599724 -67.385806
vn 33.186951 -6.523185 94.106724
vn 33.186951 -6.523185 94.106724
vn 33.186951 -6.523185 94.106724
vn -64.564271 -59.864406 47.409994
vn -64.564271 -59.864406 47.409994
vn -64.564271 -59.864406 47.409994
vn -67.319567 -30.528991 67.350262
vn -67.319567 -30.528991 67.350262
vn -67.319567 -30.528991 67.350262
vn 50.395024 -7.530458 -86.044372
vn 50.395024 -7.530458 -86.044372
vn 50.395024 -7.530458 -86.044372
vn 47.139309 -0.015409 -88.192333
vn 47.139309 -0.015409 -88.192333
vn 47.139309 -0.015409 -88.192333
vn -95.873658 -27.363190 7.713536
vn -95.873658 -27.363190 7.713536
vn -95.873658 -27.363190 7.713536
vn 74.413231 32.639222 58.286813
vn 74.413231 32.639222 58.286813
vn 74.413231 32.639222 58.286813
vn -10.712059 -1.503285 -99.413246
vn -10.712059 -1.503285 -99.413246
vn -10.712059 -1.503285 -99.413246
vn -16.335170 -98.516964 5.250797
vn -16.335170 -98.516964 5.250797
vn -16.335170 -98.516964 5.250797
vn -98.136103 19.201419 -0.782502
vn -98.136103 19.201419 -0.782502
vn -98.136103 19.201419 -0.782502
vn -33.979841 81.216073 47.427001
vn -33.979841 81.216073 47.427001
vn -33.979841 81.216073 47.427001
vn 70.578312 61.244917 35.605652
vn 70.578312 61.244917 35.605652
vn 70.578312 61.244917 35.605652
vn -81.483052 7.521326 57.479933
vn -81.483052 7.521326 57.479933
vn -81.483052 7.521326 57.479933
vn 8.892197 78.891250 60.803789
vn 8.892197 78.891250 60.803789
vn 8.892197 78.891250 60.803789
vn -34.725004 28.957839 89.194278
vn -34.725004 28.957839 89.194278
vn -34.725004 28.957839 89.194278
vn -90.164395 9.801623 -42.122564
vn -90.164395 9.801623 -42.122564
vn -90.164395 9.801623 -42.122564
vn -74.773795 11.350902 65.421994
vn -74.773795 11.350902 65.421994
vn -74.773795 11.350902 65.421994
vn 92.092795 -9.360233 -37.832577
vn 92.092795 -9.360233 -37.832577
vn 92.092795 -9.360233 -37.832577
vn 20.644962 90.647915 36.833988
vn 20.644962 90.647915 36.833988
vn 20.644962 90.647915 36.833988
vn -73.898555 10.340329 -66.573879
vn -73.898555 10.340329 -66.573879
vn -73.898555 10.340329 -66.573879
vn 96.001539 -2.171299 27.910425
vn 96.001539 -2.171299 27.910425
vn 96.001539 -2.171299 27.910425
vn -96.363636 1.298252 26.690171
vn -96.363636 1.298252 26.690171
vn -96.363636 1.298252 26.690171
vn 54.284097 -17.005224 -82.243907
vn 54.284097 -17.005224 -82.243907
vn 54.284097 -17.005224 -82.243907
vn 90.896122 4.361595 -41.459276
vn 90.896122 4.361595 -41.459276
vn 90.896122 4.361595 -41.459276
vn -92.684133 2.893741 -37.433642
vn -92.684133 2.893741 -37.433642
vn -92.684133 2.893741 -37.433642
vn -95.872604 23.203333 -16.433151
vn -95.872604 23.203333 -16.433151
vn -95.872604 23.203333 -16.433151
vn -95.754543 21.027560 -19.720794
vn -95.754543 21.027560 -19.720794
vn -95.754543 21.027560 -19.720794
vn 63.013879 58.361018 51.217620
vn 63.013879 58.361018 51.217620
vn 63.013879 58.361018 51.217620
vn 98.432019 12.294246 12.648759
vn 98.432019 12.294246 12.648759
vn 98.432019 12.294246 12.648759
vn -9.368065 32.752731 94.018608
vn -9.368065 32.752731 94.018608
vn -9.368065 32.752731 94.018608
vn -85.892551 -45.479932 -23.538220
vn -85.892551 -45.479932 -23.538220
vn -85.892551 -45.479932 -23.538220
vn 32.927571 15.463129 -93.148638
vn 32.927571 15.463129 -93.148638
vn 32.927571 15.463129 -93.148638
vn 2.860254 -99.922854 -2.691143
vn 2.860254 -99.922854 -2.691143
vn 2.860254 -99.922854 -2.691143
vn 0.394993 -99.962855 2.696610
vn 0.394993 -99.962855 2.696610
vn 0.394993 -99.962855 2.696610
vn -0.366718 -99.943507 3.341014
vn -0.366718 -99.943507 3.341014
vn -0.366718 -99.943507 3.341014
vn -0.201317 -97.329008 -22.957009
vn -0.201317 -97.329008 -22.957009
vn -0.201317 -97.329008 -22.957009
vn 12.250568 -95.809960 -25.891640
vn 12.250568 -95.809960 -25.891640
vn 12.250568 -95.809960 -25.891640
vn 6.114749 -99.732858 3.995820
vn 6.114749 -99.732858 3.995820
vn 6.114749 -99.732858 3.995820
vn 6.908088 -99.623311 5.241696
vn 6.908088 -99.623311 5.241696
vn 6.908088 -99.623311 5.241696
vn -0.580382 -99.997288 0.452783
vn -0.580382 -99.997288 0.452783
vn -0.580382 -99.997288 0.452783
vn 0.587997 -99.997687 0.341415
vn 0.587997 -99.997687 0.341415
vn 0.587997 -99.997687 0.341415
vn 0.033048 -99.945009 3.315754
vn 0.033048 -99.945009 3.315754
vn 0.033048 -99.945009 3.315754
vn 46.978843 87.961945 7.462289
vn 46.978843 87.961945 7.462289
vn 46.978843 87.961945 7.462289
vn 40.119503 90.083597 -16.594322
vn 40.119503 90.083597 -16.594322
vn 40.119503 90.083597 -16.594322
vn 83.218428 -11.998326 -54.136258
vn 83.218428 -11.998326 -54.136258
vn 83.218428 -11.998326 -54.136258
vn 35.957664 -10.126482 92.760454
vn 35.957664 -10.126482 92.760454
vn 35.957664 -10.126482 92.760454
vn -95.548662 27.683601 -10.201540
vn -95.548662 27.683601 -10.201540
vn -95.548662 27.683601 -10.201540
vn -93.615098 -34.975955 3.591126
vn -93.615098 -34.975955 3.591126
vn -93.615098 -34.975955 3.591126
vn -4.258506 29.638256 -95.411947
vn -4.258506 29.638256 -95.411947
vn -4.258506 29.638256 -95.411947
vn 39.325630 -16.596115 90.432655
vn 39.325630 -16.596115 90.432655
vn 39.325630 -16.596115 90.432655
vn -33.667869 -83.724147 43.089937
vn -33.667869 -83.724147 43.089937
vn -33.667869 -83.724147 43.089937
vn -26.553308 -36.114787 89.390402
vn -26.553308 -36.114787 89.390402
vn -26.553308 -36.114787 89.390402
vn -3.398525 23.352678 97.175631
vn -3.398525 23.352678 97.175631
vn -3.398525 23.352678 97.175631
vn 35.814827 -20.812969 -91.017138
vn 35.814827 -20.812969 -91.017138
vn 35.814827 -20.812969 -91.017138
vn 68.000467 7.449910 72.941314
vn 68.000467 7.449910 72.941314
vn 68.000467 7.449910 72.941314
vn -65.119630 -68.080476 33.533302
vn -65.119630 -68.080476 33.533302
vn -65.119630 -68.080476 33.533302
vn 21.113162 39.894616 -89.233707
vn 21.113162 39.894616 -89.233707
vn 21.113162 39.894616 -89.233707
vn 85.674460 36.015152 36.916068
vn 85.674460 36.015152 36.916068
vn 85.674460 36.015152 36.916068
vn 38.355051 4.533856 92.240635
vn 38.355051 4.533856 92.240635
vn 38.355051 4.533856 92.240635
vn 65.747725 -21.961729 -72.075802
vn 65.747725 -21.961729 -72.075802
vn 65.747725 -21.961729 -72.075802
vn 70.969911 -27.925672 -64.679442
vn 70.969911 -27.925672 -64.679442
vn 70.969911 -27.925672 -64.679442
vn 69.739980 -25.351988 -67.034420
vn 69.739980 -25.351988 -67.034420
vn 69.739980 -25.351988 -67.034420
vn -96.826731 -16.498687 18.771757
vn -96.826731 -16.498687 18.771757
vn -96.826731 -16.498687 18.771757
vn 76.397093 23.056918 60.264942
vn 76.397093 23.056918 60.264942
vn 76.397093 23.056918 60.264942
vn -97.701440 -1.999522 -21.223360
vn -97.701440 -1.999522 -21.223360
vn -97.701440 -1.999522 -21.223360
vn 15.086150 -23.238720 -96.085232
vn 15.086150 -23.238720 -96.085232
vn 15.086150 -23.238720 -96.085232
vn 96.610328 21.601381 -14.135968
vn 96.610328 21.601381 -14.135968
vn 96.610328 21.601381 -14.135968
vn 81.485326 -47.811884 32.774463
vn 81.485326 -47.811884 32.774463
vn 81.485326 -47.811884 32.774463
vn -17.789717 16.301655 -97.045258
vn -17.789717 16.301655 -97.045258
vn -17.789717 16.301655 -97.045258
vn 31.618864 -16.016141 93.507923
vn 31.618864 -16.016141 93.507923
vn 31.618864 -16.016141 93.507923
vn -2.159048 -40.273096 -91.506371
vn -2.159048 -40.273096 -91.506371
vn -2.159048 -40.273096 -91.506371
vn -62.068027 38.144673 68.502164
vn -62.068027 38.144673 68.502164
vn -62.068027 38.144673 68.502164
vn 84.339388 13.368288 -52.039952
vn 84.339388 13.368288 -52.039952
vn 84.339388 13.368288 -52.039952
vn -59.542450 -17.652057 -78.377945
vn -59.542450 -17.652057 -78.377945
vn -59.542450 -17.652057 -78.377945
vn -73.170370 -1.049991 -68.154203
vn -73.170370 -1.049991 -68.154203
vn -73.170370 -1.049991 -68.154203
f 1//1 2//2 3//3
f 4//4 5//5 6//6
f 7//7 8//8 9//9
f 10//10 11//11 12//12
f 13//13 14//14 15//15
f 16//16 17//17 18//18
f 19//19 20//20 21//21
f 22//22 23//23 24//24
f 25//25 26//26 27//27
f 28//28 29//29 30//30
f 31//31 32//32 33//33
f 34//34 35//35 36//36
f 37//37 38//38 39//39
f 40//40 41//41 42//42
f 43//43 44//44 45//45
f 46//46 47//47 48//48
f 49//49 50//50 51//51
f 52//52 53//53 54//54
f 55//55 56//56 57//57
f 58//58 59//59 60//60
f 61//61 62//62 63//63
f 64//64 65//65 66//66
f 67//67 68//68 69//69
f 70//70 71//71 72//72
f 73//73 74//74 75//75
f 76//76 77//77 78//78
f 79//79 80//80 81//81
f 82//82 83//83 84//84
f 85//85 86//86 87//87
f 88//88 89//89 90//90
f 91//91 92//92 93//93
f 94//94 95//95 96//96
f 97//97 98//98 99//99
f 100//100 101//101 102//102
f 103//103 104//104 105//105
f 106//106 107//107 108//108
f 109//109 110//110 111//111
f 112//112 113//113 114//114
f 115//115 116//116 117//117
f 118//118 119//119 120//120
f 121//121 122//122 123//123
f 124//124 125//125 126//126
f 127//127 128//128 129//129
f 130//130 131//131 132//132
f 133//133 134//134 135//135
f 136//136 137//137 138//138
f 139//139 140//140 141//141
f 142//142 143//143 144//144
f 145//145 146//146 147//147
f 148//148 149//149 150//150
f 151//151 152//152 153//153
f 154//154 155//155 156//156
f 157//157 158//158 159//159
f 160//160 161//161 162//162
f 163//163 164//164 165//165
f 166//166 167//167 168//168
f 169//169 170//170 171//171
f 172//172 173//173 174//174
f 175//175 176//176 177//177
f 178//178 179//179 180//180
f 181//181 182//182 183//183
f 184//184 185//185 186//186
f 187//187 188//188 189//189
f 190//190 191//191 192//192
f 193//193 194//194 195//195
f 196//196 197//197 198//198
f 199//199 200//200 201//201
f 202//202 203//203 204//204
f 205//205 206//206 207//207
f 208//208 209//209 210//210
f 211//211 212//212 213//213
f 214//214 215//215 216//216
f 217//217 218//218 219//219
f 220//220 221//221 222//222
f 223//223 224//224 225//225
f 226//226 227//227 228//228
f 229//229 230//230 231//231
f 232//232 233//233 234//234
f 235//235 236//236 237//237
f 238//238 239//239 240//240
f 241//241 242//242 243//243
f 244//244 245//245 246//246
f 247//247 248//248 249//249
f 250//250 251//251 252//252
f 253//253 254//254 255//255
f 256//256 257//257 258//258
f 259//259 260//260 261//261
f 262//262 263//263 264//264
f 265//265 266//266 267//267
f 268//268 269//269 270//270
f 271//271 272//272 273//273
f 274//274 275//275 276//276
f 277//277 278//278 279//279
f 280//280 281//281 282//282
f 283//283 284//284 285//285
f 286//286 287//287 288//288
f 289//289 290//290 291//291
f 292//292 293//293 294//294
f 295//295 296//296 297//297
f 298//298 299//299 300//300
f 301//301 302//302 303//303
f 304//304 305//305 306//306
f 307//307 308//308 309//309
f 310//310 311//311 312//312
f 313//313 314//314 315//315
f 316//316 317//317 318//318
f 319//319 320//320 321//321
f 322//322 323//323 324//324
f 325//325 326//326 327//327
f 328//328 329//329 330//330
f 331//331 332//332 333//333
f 334//334 335//335 336//336
f 337//337 338//338 339//339
f 340//340 341//341 342//342
f 343//343 344//344 345//345
f 346//346 347//347 348//348
f 349//349 350//350 351//351
f 352//352 353//353 354//354
f 355//355 356//356 357//357
f 358//358 359//359 360//360
f 361//361 362//362 363//363
f 364//364 365//365 366//366
f 367//367 368//368 369//369
f 370//370 371//371 372//372
f 373//373 374//374 375//375
f 376//376 377//377 378//378
f 379//379 380//380 381//381
f 382//382 383//383 384//384
f 385//385 386//386 387//387
f 388//388 389//389 390//390
f 391//391 392//392 393//393
f 394//394 395//395 396//396
f 397//397 398//398 399//399
f 400//400 401//401 402//402
f 403//403 404//404 405//405
f 406//406 407//407 408//408
f 409//409 410//410 411//411
f 412//412 413//413 414//414
f 415//415 416//416 417//417
f 418//418 419//419 420//420
f 421//421 422//422 423//423
f 424//424 425//425 426//426
f 427//427 428//428 429//429
f 430//430 431//431 432//432
f 433//433 434//434 435//435
f 436//436 437//437 438//438
f 439//439 440//440 441//441
f 442//442 443//443 444//444
f 445//445 446//446 447//447
f 448//448 449//449 450//450
f 451//451 452//452 453//453
f 454//454 455//455 456//456
f 457//457 458//458 459//459
f 460//460 461//461 462//462
f 463//463 464//464 465//465
f 466//466 467//467 468//468
f 469//469 470//470 471//471
f 472//472 473//473 474//474
f 475//475 476//476 477//477
f 478//478 479//479 480//480
f 481//481 482//482 483//483
f 484//484 485//485 486//486
f 487//487 488//488 489//489
f 490//490 491//491 492//492
f 493//493 494//494 495//495
f 496//496 497//497 498//498
f 499//499 500//500 501//501
f 502//502 503//503 504//504
f 505//505 506//506 507//507
f 508//508 509//509 510//510
f 511//511 512//512 513//513
f 514//514 515//515 516//516
f 517//517 518//518 519//519
f 520//520 521//521 522//522
f 523//523 524//524 525//525
f 526//526 527//527 528//528
f 529//529 530//530 531//531
f 532//532 533//533 534//534
f 535//535 536//536 537//537
f 538//538 539//539 540//540
f 541//541 542//542 543//543
f 544//544 545//545 546//546
f 547//547 548//548 549//549
f 550//550 551//551 552//552
f 553//553 554//554 555//555
f 556//556 557//557 558//558
f 559//559 560//560 561//561
f 562//562 563//563 564//564
f 565//565 566//566 567//567
f 568//568 569//569 570//570
f 571//571 572//572 573//573
f 574//574 575//575 576//576
f 577//577 578//578 579//579
f 580//580 581//581 582//582
f 583//583 584//584 585//585
f 586//586 587//587 588//588
f 589//589 590//590 591//591
f 592//592 593//593 594//594
f 595//595 596//596 597//597
f 598//598 599//599 600//600
f 601//601 602//602 603//603
f 604//604 605//605 606//606
f 607//607 608//608 609//609
f 610//610 611//611 612//612
f 613//613 614//614 615//615
f 616//616 617//617 618//618
f 619//619 620//620 621//621
f 622//622 623//623 624//624
f 625//625 626//626 627//627
f 628//628 629//629 630//630
f 631//631 632//632 633//633
f 634//634 635//635 636//636
f 637//637 638//638 639//639
f 640//640 641//641 642//642
f 643//643 644//644 645//645
f 646//646 647//647 648//648
f 649//649 650//650 651//651
f 652//652 653//653 654//654
f 655//655 656//656 657//657
f 658//658 659//659 660//660
f 661//661 662//662 663//663
f 664//664 665//665 666//666
f 667//667 668//668 669//669
f 670//670 671//671 672//672
f 673//673 674//674 675//675
f 676//676 677//677 678//678
f 679//679 680//680 681//681
f 682//682 683//683 684//684
f 685//685 686//686 687//687
f 688//688 689//689 690//690
f 691//691 692//692 693//693
f 694//694 695//695 696//696
f 697//697 698//698 699//699
f 700//700 701//701 702//702
f 703//703 704//704 705//705
f 706//706 707//707 708//708
f 709//709 710//710 711//711
f 712//712 713//713 714//714
f 715//715 716//716 717//717
f 718//718 719//719 720//720
f 721//721 722//722 723//723
f 724//724 725//725 726//726
f 727//727 728//728 729//729
f 730//730 731//731 732//732
f 733//733 734//734 735//735
f 736//736 737//737 738//738
f 739//739 740//740 741//741
f 742//742 743//743 744//744
f 745//745 746//746 747//747
f 748//748 749//749 750//750
f 751//751 752//752 753//753
f 754//754 755//755 756//756
f 757//757 758//758 759//759
f 760//760 761//761 762//762
f 763//763 764//764 765//765
f 766//766 767//767 768//768
f 769//769 770//770 771//771
f 772//772 773//773 774//774
f 775//775 776//776 777//777
f 778//778 779//779 780//780
f 781//781 782//782 783//783
f 784//784 785//785 786//786
f 787//787 788//788 789//789
f 790//790 791//791 792//792
f 793//793 794//794 795//795
f 796//796 797//797 798//798
f 799//799 800//800 801//801
f 802//802 803//803 804//804
f 805//805 806//806 807//807
f 808//808 809//809 810//810
f 811//811 812//812 813//813
f 814//814 815//815 816//816
f 817//817 818//818 819//819
f 820//820 821//821 822//822
f 823//823 824//824 825//825
f 826//826 827//827 828//828
f 829//829 830//830 831//831
f 832//832 833//833 834//834
f 835//835 836//836 837//837
f 838//838 839//839 840//840
f 841//841 842//842 843//843
f 844//844 845//845 846//846
f 847//847 848//848 849//849
f 850//850 851//851 852//852
f 853//853 854//854 855//855
f 856//856 857//857 858//858
f 859//859 860//860 861//861
f 862//862 863//863 864//864
f 865//865 866//866 867//867
f 868//868 869//869 870//870
f 871//871 872//872 873//873
f 874//874 875//875 876//876
f 877//877 878//878 879//879
f 880//880 881//881 882//882
f 883//883 884//884 885//885
f 886//886 887//887 888//888
f 889//889 890//890 891//891
f 892//892 893//893 894//894
f 895//895 896//896 897//897
f 898//898 899//899 900//900
f 901//901 902//902 903//903
f 904//904 905//905 906//906
f 907//907 908//908 909//909
f 910//910 911//911 912//912
f 913//913 914//914 915//915
f 916//916 917//917 918//918
f 919//919 920//920 921//921
f 922//922 923//923 924//924
f 925//925 926//926 927//927
f 928//928 929//929 930//930
f 931//931 932//932 933//933
f 934//934 935//935 936//936
f 937//937 938//938 939//939
f 940//940 941//941 942//942
f 943//943 944//944 945//945
f 946//946 947//947 948//948
f 949//949 950//950 951//951
f 952//952 953//953 954//954
f 955//955 956//956 957//957
f 958//958 959//959 960//960
f 961//961 962//962 963//963
f 964//964 965//965 966//966
f 967//967 968//968 969//969
f 970//970 971//971 972//972
f 973//973 974//974 975//975
f 976//976 977//977 978//978
f 979//979 980//980 981//981
f 982//982 983//983 984//984
f 985//985 986//986 987//987
f 988//988 989//989 990//990
f 991//991 992//992 993//993
f 994//994 995//995 996//996
f 997//997 998//998 999//999
f 1000//1000 1001//1001 1002//1002
f 1003//1003 1004//1004 1005//1005
f 1006//1006 1007//1007 1008//1008
f 1009//1009 1010//1010 1011//1011
f 1012//1012 1013//1013 1014//1014
f 1015//1015 1016//1016 1017//1017
f 1018//1018 1019//1019 1020//1020
f 1021//1021 1022//1022 1023//1023
f 1024//1024 1025//1025 1026//1026
f 1027//1027 1028//1028 1029//1029
f 1030//1030 1031//1031 1032//1032
f 1033//1033 1034//1034 1035//1035
f 1036//1036 1037//1037 1038//1038
f 1039//1039 1040//1040 1041//1041
f 1042//1042 1043//1043 1044//1044
f 1045//1045 1046//1046 1047//1047
f 1048//1048 1049//1049 1050//1050
f 1051//1051 1052//1052 1053//1053
f 1054//1054 1055//1055 1056//1056
f 1057//1057 1058//1058 1059//1059
f 1060//1060 1061//1061 1062//1062
f 1063//1063 1064//1064 1065//1065
f 1066//1066 1067//1067 1068//1068
f 1069//1069 1070//1070 1071//1071
f 1072//1072 1073//1073 1074//1074
f 1075//1075 1076//1076 1077//1077
f 1078//1078 1079//1079 1080//1080
f 1081//1081 1082//1082 1083//1083
f 1084//1084 1085//1085 1086//1086
f 1087//1087 1088//1088 1089//1089
f 1090//1090 1091//1091 1092//1092
f 1093//1093 1094//1094 1095//1095
f 1096//1096 1097//1097 1098//1098
f 1099//1099 1100//1100 1101//1101
f 1102//1102 1103//1103 1104//1104
f 1105//1105 1106//1106 1107//1107
f 1108//1108 1109//1109 1110//1110
f 1111//1111 1112//1112 1113//1113
f 1114//1114 1115//1115 1116//1116
f 1117//1117 1118//1118 1119//1119
f 1120//1120 1121//1121 1122//1122
f 1123//1123 1124//1124 1125//1125
f 1126//1126 1127//1127 1128//1128
f 1129//1129 1130//1130 1131//1131
f 1132//1132 1133//1133 1134//1134
f 1135//1135 1136//1136 1137//1137
f 1138//1138 1139//1139 1140//1140
f 1141//1141 1142//1142 1143//1143
f 1144//1144 1145//1145 1146//1146
f 1147//1147 1148//1148 1149//1149
f 1150//1150 1151//1151 1152//1152
f 1153//1153 1154//1154 1155//1155
f 1156//1156 1157//1157 1158//1158
f 1159//1159 1160//1160 1161//1161
f 1162//1162 1163//1163 1164//1164
f 1165//1165 1166//1166 1167//1167
f 1168//1168 1169//1169 1170//1170
f 1171//1171 1172//1172 1173//1173
f 1174//1174 1175//1175 1176//1176
f 1177//1177 1178//1178 1179//1179
f 1180//1180 1181//1181 1182//1182
f 1183//1183 1184//1184 1185//1185
f 1186//1186 1187//1187 1188//1188
f 1189//1189 1190//1190 1191//1191
f 1192//1192 1193//1193 1194//1194
f 1195//1195 1196//1196 1197//1197
f 1198//1198 1199//1199 1200//1200
f 1201//1201 1202//1202 1203//1203
f 1204//1204 1205//1205 1206//1206
f 1207//1207 1208//1208 1209//1209
f 1210//1210 1211//1211 1212//1212
f 1213//1213 1214//1214 1215//1215
f 1216//1216 1217//1217 1218//1218
f 1219//1219 1220//1220 1221//1221
f 1222//1222 1223//1223 1224//1224
f 1225//1225 1226//1226 1227//1227
f 1228//1228 1229//1229 1230//1230
f 1231//1231 1232//1232 1233//1233
f 1234//1234 1235//1235 1236//1236
f 1237//1237 1238//1238 1239//1239
f 1240//1240 1241//1241 1242//1242
f 1243//1243 1244//1244 1245//1245
f 1246//1246 1247//1247 1248//1248
f 1249//1249 1250//1250 1251//1251
f 1252//1252 1253//1253 1254//1254
f 1255//1255 1256//1256 1257//1257
f 1258//1258 1259//1259 1260//1260
f 1261//1261 1262//1262 1263//1263
f 1264//1264 1265//1265 1266//1266
f 1267//1267 1268//1268 1269//1269
f 1270//1270 1271//1271 1272//1272
f 1273//1273 1274//1274 1275//1275
f 1276//1276 1277//1277 1278//1278
f 1279//1279 1280//1280 1281//1281
f 1282//1282 1283//1283 1284//1284
f 1285//1285 1286//1286 1287//1287
f 1288//1288 1289//1289 1290//1290
f 1291//1291 1292//1292 1293//1293
f 1294//1294 1295//1295 1296//1296
f 1297//1297 1298//1298 1299//1299
f 1300//1300 1301//1301 1302//1302
f 1303//1303 1304//1304 1305//1305
f 1306//1306 1307//1307 1308//1308
f 1309//1309 1310//1310 1311//1311
f 1312//1312 1313//1313 1314//1314
f 1315//1315 1316//1316 1317//1317
f 1318//1318 1319//1319 1320//1320
f 1321//1321 1322//1322 1323//1323
f 1324//1324 1325//1325 1326//1326
f 1327//1327 1328//1328 1329//1329
f 1330//1330 1331//1331 1332//1332
f 1333//1333 1334//1334 1335//1335
f 1336//1336 1337//1337 1338//1338
f 1339//1339 1340//1340 1341//1341
f 1342//1342 1343//1343 1344//1344
f 1345//1345 1346//1346 1347//1347
f 1348//1348 1349//1349 1350//1350
f 1351//1351 1352//1352 1353//1353
f 1354//1354 1355//1355 1356//1356
f 1357//1357 1358//1358 1359//1359
f 1360//1360 1361//1361 1362//1362
f 1363//1363 1364//1364 1365//1365
f 1366//1366 1367//1367 1368//1368
f 1369//1369 1370//1370 1371//1371
f 1372//1372 1373//1373 1374//1374
f 1375//1375 1376//1376 1377//1377
f 1378//1378 1379//1379 1380//1380
f 1381//1381 1382//1382 1383//1383
f 1384//1384 1385//1385 1386//1386
f 1387//1387 1388//1388 1389//1389
f 1390//1390 1391//1391 1392//1392
f 1393//1393 1394//1394 1395//1395
f 1396//1396 1397//1397 1398//1398
f 1399//1399 1400//1400 1401//1401
f 1402//1402 1403//1403 1404//1404
f 1405//1405 1406//1406 1407//1407
f 1408//1408 1409//1409 1410//1410
f 1411//1411 1412//1412 1413//1413
f 1414//1414 1415//1415 1416//1416
f 1417//1417 1418//1418 1419//1419
f 1420//1420 1421//1421 1422//1422
f 1423//1423 1424//1424 1425//1425
f 1426//1426 1427//1427 1428//1428
f 1429//1429 1430//1430 1431//1431
f 1432//1432 1433//1433 1434//1434
f 1435//1435 1436//1436 1437//1437
f 1438//1438 1439//1439 1440//1440
f 1441//1441 1442//1442 1443//1443
f 1444//1444 1445//1445 1446//1446
f 1447//1447 1448//1448 1449//1449
f 1450//1450 1451//1451 1452//1452
f 1453//1453 1454//1454 1455//1455
f 1456//1456 1457//1457 1458//1458
f 1459//1459 1460//1460 1461//1461
f 1462//1462 1463//1463 1464//1464
f 1465//1465 1466//1466 1467//1467
f 1468//1468 1469//1469 1470//1470
f 1471//1471 1472//1472 1473//1473
f 1474//1474 1475//1475 1476//1476
f 1477//1477 1478//1478 1479//1479
f 1480//1480 1481//1481 1482//1482
f 1483//1483 1484//1484 1485//1485
f 1486//1486 1487//1487 1488//1488
f 1489//1489 1490//1490 1491//1491
f 1492//1492 1493//1493 1494//1494
f 1495//1495 1496//1496 1497//1497
f 1498//1498 1499//1499 1500//1500
f 1501//1501 1502//1502 1503//1503
f 1504//1504 1505//1505 1506//1506
f 1507//1507 1508//1508 1509//1509
f 1510//1510 1511//1511 1512//1512
f 1513//1513 1514//1514 1515//1515
f 1516//1516 1517//1517 1518//1518
f 1519//1519 1520//1520 1521//1521
f 1522//1522 1523//1523 1524//1524
f 1525//1525 1526//1526 1527//1527
f 1528//1528 1529//1529 1530//1530
f 1531//1531 1532//1532 1533//1533
f 1534//1534 1535//1535 1536//1536
f 1537//1537 1538//1538 1539//1539
f 1540//1540 1541//1541 1542//1542
f 1543//1543 1544//1544 1545//1545
f 1546//1546 1547//1547 1548//1548
f 1549//1549 1550//1550 1551//1551
f 1552//1552 1553//1553 1554//1554
f 1555//1555 1556//1556 1557//1557
f 1558//1558 1559//1559 1560//1560
f 1561//1561 1562//1562 1563//1563
f 1564//1564 1565//1565 1566//1566
f 1567//1567 1568//1568 1569//1569
f 1570//1570 1571//1571 1572//1572
f 1573//1573 1574//1574 1575//1575
f 1576//1576 1577//1577 1578//1578
f 1579//1579 1580//1580 1581//1581
f 1582//1582 1583//1583 1584//1584
f 1585//1585 1586//1586 1587//1587
f 1588//1588 1589//1589 1590//1590
f 1591//1591 1592//1592 1593//1593
f 1594//1594 1595//1595 1596//1596
f 1597//1597 1598//1598 1599//1599
f 1600//1600 1601//1601 1602//1602
f 1603//1603 1604//1604 1605//1605
f 1606//1606 1607//1607 1608//1608
f 1609//1609 1610//1610 1611//1611
f 1612//1612 1613//1613 1614//1614
f 1615//1615 1616//1616 1617//1617
f 1618//1618 1619//1619 1620//1620
f 1621//1621 1622//1622 1623//1623
f 1624//1624 1625//1625 1626//1626
f 1627//1627 1628//1628 1629//1629
f 1630//1630 1631//1631 1632//1632
f 1633//1633 1634//1634 1635//1635
f 1636//1636 1637//1637 1638//1638
f 1639//1639 1640//1640 1641//1641
f 1642//1642 1643//1643 1644//1644
f 1645//1645 1646//1646 1647//1647
f 1648//1648 1649//1649 1650//1650
f 1651//1651 1652//1652 1653//1653
f 1654//1654 1655//1655 1656//1656
f 1657//1657 1658//1658 1659//1659
f 1660//1660 1661//1661 1662//1662
f 1663//1663 1664//1664 1665//1665
f 1666//1666 1667//1667 1668//1668
f 1669//1669 1670//1670 1671//1671
f 1672//1672 1673//1673 1674//1674
f 1675//1675 1676//1676 1677//1677
f 1678//1678 1679//1679 1680//1680
f 1681//1681 1682//1682 1683//1683
f 1684//1684 1685//1685 1686//1686
f 1687//1687 1688//1688 1689//1689
f 1690//1690 1691//1691 1692//1692
f 1693//1693 1694//1694 1695//1695
f 1696//1696 1697//1697 1698//1698
f 1699//1699 1700//1700 1701//1701
f 1702//1702 1703//1703 1704//1704
f 1705//1705 1706//1706 1707//1707
f 1708//1708 1709//1709 1710//1710
f 1711//1711 1712//1712 1713//1713
f 1714//1714 1715//1715 1716//1716
f 1717//1717 1718//1718 1719//1719
f 1720//1720 1721//1721 1722//1722
f 1723//1723 1724//1724 1725//1725
f 1726//1726 1727//1727 1728//1728
f 1729//1729 1730//1730 1731//1731
f 1732//1732 1733//1733 1734//1734
f 1735//1735 1736//1736 1737//1737
f 1738//1738 1739//1739 1740//1740
f 1741//1741 1742//1742 1743//1743
f 1744//1744 1745//1745 1746//1746
f 1747//1747 1748//1748 1749//1749
f 1750//1750 1751//1751 1752//1752
f 1753//1753 1754//1754 1755//1755
f 1756//1756 1757//1757 1758//1758
f 1759//1759 1760//1760 1761//1761
f 1762//1762 1763//1763 1764//1764
f 1765//1765 1766//1766 1767//1767
f 1768//1768 1769//1769 1770//1770
f 1771//1771 1772//1772 1773//1773
f 1774//1774 1775//1775 1776//1776
f 1777//1777 1778//1778 1779//1779
f 1780//1780 1781//1781 1782//1782
f 1783//1783 1784//1784 1785//1785
f 1786//1786 1787//1787 1788//1788
f 1789//1789 1790//1790 1791//1791
f 1792//1792 1793//1793 1794//1794
f 1795//1795 1796//1796 1797//1797
f 1798//1798 1799//1799 1800//1800
f 1801//1801 1802//1802 1803//1803
f 1804//1804 1805//1805 1806//1806
f 1807//1807 1808//1808 1809//1809
f 1810//1810 1811//1811 1812//1812
f 1813//1813 1814//1814 1815//1815
f 1816//1816 1817//1817 1818//1818
f 1819//1819 1820//1820 1821//1821
f 1822//1822 1823//1823 1824//1824
f 1825//1825 1826//1826 1827//1827
f 1828//1828 1829//1829 1830//1830
f 1831//1831 1832//1832 1833//1833
f 1834//1834 1835//1835 1836//1836
f 1837//1837 1838//1838 1839//1839
f 1840//1840 1841//1841 1842//1842
f 1843//1843 1844//1844 1845//1845
f 1846//1846 1847//1847 1848//1848
f 1849//1849 1850//1850 1851//1851
f 1852//1852 1853//1853 1854//1854
f 1855//1855 1856//1856 1857//1857
f 1858//1858 1859//1859 1860//1860
f 1861//1861 1862//1862 1863//1863
f 1864//1864 1865//1865 1866//1866
f 1867//1867 1868//1868 1869//1869
f 1870//1870 1871//1871 1872//1872
f 1873//1873 1874//1874 1875//1875
f 1876//1876 1877//1877 1878//1878
f 1879//1879 1880//1880 1881//1881
f 1882//1882 1883//1883 1884//1884
f 1885//1885 1886//1886 1887//1887
f 1888//1888 1889//1889 1890//1890
f 1891//1891 1892//1892 1893//1893
f 1894//1894 1895//1895 1896//1896
f 1897//1897 1898//1898 1899//1899
f 1900//1900 1901//1901 1902//1902
f 1903//1903 1904//1904 1905//1905
f 1906//1906 1907//1907 1908//1908
f 1909//1909 1910//1910 1911//1911
f 1912//1912 1913//1913 1914//1914
f 1915//1915 1916//1916 1917//1917
f 1918//1918 1919//1919 1920//1920
f 1921//1921 1922//1922 1923//1923
f 1924//1924 1925//1925 1926//1926
f 1927//1927 1928//1928 1929//1929
f 1930//1930 1931//1931 1932//1932
f 1933//1933 1934//1934 1935//1935
f 1936//1936 1937//1937 1938//1938
f 1939//1939 1940//1940 1941//1941
f 1942//1942 1943//1943 1944//1944
f 1945//1945 1946//1946 1947//1947
f 1948//1948 1949//1949 1950//1950
f 1951//1951 1952//1952 1953//1953
f 1954//1954 1955//1955 1956//1956
f 1957//1957 1958//1958 1959//1959
f 1960//1960 1961//1961 1962//1962
f 1963//1963 1964//1964 1965//1965
f 1966//1966 1967//1967 1968//1968
f 1969//1969 1970//1970 1971//1971
f 1972//1972 1973//1973 1974//1974
f 1975//1975 1976//1976 1977//1977
f 1978//1978 1979//1979 1980//1980
f 1981//1981 1982//1982 1983//1983
f 1984//1984 1985//1985 1986//1986
f 1987//1987 1988//1988 1989//1989
f 1990//1990 1991//1991 1992//1992
f 1993//1993 1994//1994 1995//1995
f 1996//1996 1997//1997 1998//1998
f 1999//1999 2000//2000 2001//2001
f 2002//2002 2003//2003 2004//2004
f 2005//2005 2006//2006 2007//2007
f 2008//2008 2009//2009 2010//2010
f 2011//2011 2012//2012 2013//2013
f 2014//2014 2015//2015 2016//2016
f 2017//2017 2018//2018 2019//2019
f 2020//2020 2021//2021 2022//2022
f 2023//2023 2024//2024 2025//2025
f 2026//2026 2027//2027 2028//2028
f 2029//2029 2030//2030 2031//2031
f 2032//2032 2033//2033 2034//2034
f 2035//2035 2036//2036 2037//2037
f 2038//2038 2039//2039 2040//2040
f 2041//2041 2042//2042 2043//2043
f 2044//2044 2045//2045 2046//2046
f 2047//2047 2048//2048 2049//2049
f 2050//2050 2051//2051 2052//2052
f 2053//2053 2054//2054 2055//2055
f 2056//2056 2057//2057 2058//2058
f 2059//2059 2060//2060 2061//2061
f 2062//2062 2063//2063 2064//2064
f 2065//2065 2066//2066 2067//2067
f 2068//2068 2069//2069 2070//2070
f 2071//2071 2072//2072 2073//2073
f 2074//2074 2075//2075 2076//2076
f 2077//2077 2078//2078 2079//2079
f 2080//2080 2081//2081 2082//2082
f 2083//2083 2084//2084 2085//2085
f 2086//2086 2087//2087 2088//2088
f 2089//2089 2090//2090 2091//2091
f 2092//2092 2093//2093 2094//2094
f 2095//2095 2096//2096 2097//2097
f 2098//2098 2099//2099 2100//2100
f 2101//2101 2102//2102 2103//2103
f 2104//2104 2105//2105 2106//2106
f 2107//2107 2108//2108 2109//2109
f 2110//2110 2111//2111 2112//2112
f 2113//2113 2114//2114 2115//2115
f 2116//2116 2117//2117 2118//2118
f 2119//2119 2120//2120 2121//2121
f 2122//2122 2123//2123 2124//2124
f 2125//2125 2126//2126 2127//2127
f 2128//2128 2129//2129 2130//2130
f 2131//2131 2132//2132 2133//2133
f 2134//2134 2135//2135 2136//2136
f 2137//2137 2138//2138 2139//2139
f 2140//2140 2141//2141 2142//2142
f 2143//2143 2144//2144 2145//2145
f 2146//2146 2147//2147 2148//2148
f 2149//2149 2150//2150 2151//2151
f 2152//2152 2153//2153 2154//2154
f 2155//2155 2156//2156 2157//2157
f 2158//2158 2159//2159 2160//2160
f 2161//2161 2162//2162 2163//2163
f 2164//2164 2165//2165 2166//2166
f 2167//2167 2168//2168 2169//2169
f 2170//2170 2171//2171 2172//2172
f 2173//2173 2174//2174 2175//2175
f 2176//2176 2177//2177 2178//2178
f 2179//2179 2180//2180 2181//2181
f 2182//2182 2183//2183 2184//2184
f 2185//2185 2186//2186 2187//2187
f 2188//2188 2189//2189 2190//2190
f 2191//2191 2192//2192 2193//2193
f 2194//2194 2195//2195 2196//2196
f 2197//2197 2198//2198 2199//2199
f 2200//2200 2201//2201 2202//2202
f 2203//2203 2204//2204 2205//2205
f 2206//2206 2207//2207 2208//2208
f 2209//2209 2210//2210 2211//2211
f 2212//2212 2213//2213 2214//2214
f 2215//2215 2216//2216 2217//2217
f 2218//2218 2219//2219 2220//2220
f 2221//2221 2222//2222 2223//2223
f 2224//2224 2225//2225 2226//2226
f 2227//2227 2228//2228 2229//2229
f 2230//2230 2231//2231 2232//2232
f 2233//2233 2234//2234 2235//2235
f 2236//2236 2237//2237 2238//2238
f 2239//2239 2240//2240 2241//2241
f 2242//2242 2243//2243 2244//2244
f 2245//2245 2246//2246 2247//2247
f 2248//2248 2249//2249 2250//2250
f 2251//2251 2252//2252 2253//2253
f 2254//2254 2255//2255 2256//2256
f 2257//2257 2258//2258 2259//2259
f 2260//2260 2261//2261 2262//2262
f 2263//2263 2264//2264 2265//2265
f 2266//2266 2267//2267 2268//2268
f 2269//2269 2270//2270 2271//2271
f 2272//2272 2273//2273 2274//2274
f 2275//2275 2276//2276 2277//2277
f 2278//2278 2279//2279 2280//2280
f 2281//2281 2282//2282 2283//2283
f 2284//2284 2285//2285 2286//2286
f 2287//2287 2288//2288 2289//2289
f 2290//2290 2291//2291 2292//2292
f 2293//2293 2294//2294 2295//2295
f 2296//2296 2297//2297 2298//2298
f 2299//2299 2300//2300 2301//2301
f 2302//2302 2303//2303 2304//2304
f 2305//2305 2306//2306 2307//2307
f 2308//2308 2309//2309 2310//2310
f 2311//2311 2312//2312 2313//2313
f 2314//2314 2315//2315 2316//2316
f 2317//2317 2318//2318 2319//2319
f 2320//2320 2321//2321 2322//2322
f 2323//2323 2324//2324 2325//2325
f 2326//2326 2327//2327 2328//2328
f 2329//2329 2330//2330 2331//2331
f 2332//2332 2333//2333 2334//2334
f 2335//2335 2336//2336 2337//2337
f 2338//2338 2339//2339 2340//2340
f 2341//2341 2342//2342 2343//2343
f 2344//2344 2345//2345 2346//2346
f 2347//2347 2348//2348 2349//2349
f 2350//2350 2351//2351 2352//2352
f 2353//2353 2354//2354 2355//2355
f 2356//2356 2357//2357 2358//2358
f 2359//2359 2360//2360 2361//2361
f 2362//2362 2363//2363 2364//2364
f 2365//2365 2366//2366 2367//2367
f 2368//2368 2369//2369 2370//2370
f 2371//2371 2372//2372 2373//2373
f 2374//2374 2375//2375 2376//2376
f 2377//2377 2378//2378 2379//2379
f 2380//2380 2381//2381 2382//2382
f 2383//2383 2384//2384 2385//2385
f 2386//2386 2387//2387 2388//2388
f 2389//2389 2390//2390 2391//2391
f 2392//2392 2393//2393 2394//2394
f 2395//2395 2396//2396 2397//2397
f 2398//2398 2399//2399 2400//2400
f 2401//2401 2402//2402 2403//2403
f 2404//2404 2405//2405 2406//2406
f 2407//2407 2408//2408 2409//2409
f 2410//2410 2411//2411 2412//2412
f 2413//2413 2414//2414 2415//2415
f 2416//2416 2417//2417 2418//2418
f 2419//2419 2420//2420 2421//2421
f 2422//2422 2423//2423 2424//2424
f 2425//2425 2426//2426 2427//2427
f 2428//2428 2429//2429 2430//2430
f 2431//2431 2432//2432 2433//2433
f 2434//2434 2435//2435 2436//2436
f 2437//2437 2438//2438 2439//2439
f 2440//2440 2441//2441 2442//2442
f 2443//2443 2444//2444 2445//2445
f 2446//2446 2447//2447 2448//2448
f 2449//2449 2450//2450 2451//2451
f 2452//2452 2453//2453 2454//2454
f 2455//2455 2456//2456 2457//2457
f 2458//2458 2459//2459 2460//2460
f 2461//2461 2462//2462 2463//2463
f 2464//2464 2465//2465 2466//2466
f 2467//2467 2468//2468 2469//2469
f 2470//2470 2471//2471 2472//2472
f 2473//2473 2474//2474 2475//2475
f 2476//2476 2477//2477 2478//2478
f 2479//2479 2480//2480 2481//2481
f 2482//2482 2483//2483 2484//2484
f 2485//2485 2486//2486 2487//2487
f 2488//2488 2489//2489 2490//2490
f 2491//2491 2492//2492 2493//2493
f 2494//2494 2495//2495 2496//2496
f 2497//2497 2498//2498 2499//2499
f 2500//2500 2501//2501 2502//2502
f 2503//2503 2504//2504 2505//2505
f 2506//2506 2507//2507 2508//2508
f 2509//2509 2510//2510 2511//2511
f 2512//2512 2513//2513 2514//2514
f 2515//2515 2516//2516 2517//2517
f 2518//2518 2519//2519 2520//2520
f 2521//2521 2522//2522 2523//2523
f 2524//2524 2525//2525 2526//2526
f 2527//2527 2528//2528 2529//2529
f 2530//2530 2531//2531 2532//2532
f 2533//2533 2534//2534 2535//2535
f 2536//2536 2537//2537 2538//2538
f 2539//2539 2540//2540 2541//2541
f 2542//2542 2543//2543 2544//2544
f 2545//2545 2546//2546 2547//2547
f 2548//2548 2549//2549 2550//2550
f 2551//2551 2552//2552 2553//2553
f 2554//2554 2555//2555 2556//2556
f 2557//2557 2558//2558 2559//2559
f 2560//2560 2561//2561 2562//2562
f 2563//2563 2564//2564 2565//2565
f 2566//2566 2567//2567 2568//2568
f 2569//2569 2570//2570 2571//2571
f 2572//2572 2573//2573 2574//2574
f 2575//2575 2576//2576 2577//2577
f 2578//2578 2579//2579 2580//2580
f 2581//2581 2582//2582 2583//2583
f 2584//2584 2585//2585 2586//2586
f 2587//2587 2588//2588 2589//2589
f 2590//2590 2591//2591 2592//2592
f 2593//2593 2594//2594 2595//2595
f 2596//2596 2597//2597 2598//2598
f 2599//2599 2600//2600 2601//2601
f 2602//2602 2603//2603 2604//2604
f 2605//2605 2606//2606 2607//2607
f 2608//2608 2609//2609 2610//2610
f 2611//2611 2612//2612 2613//2613
f 2614//2614 2615//2615 2616//2616
f 2617//2617 2618//2618 2619//2619
f 2620//2620 2621//2621 2622//2622
f 2623//2623 2624//2624 2625//2625
f 2626//2626 2627//2627 2628//2628
f 2629//2629 2630//2630 2631//2631
f 2632//2632 2633//2633 2634//2634
f 2635//2635 2636//2636 2637//2637
f 2638//2638 2639//2639 2640//2640
f 2641//2641 2642//2642 2643//2643
f 2644//2644 2645//2645 2646//2646
f 2647//2647 2648//2648 2649//2649
f 2650//2650 2651//2651 2652//2652
f 2653//2653 2654//2654 2655//2655
f 2656//2656 2657//2657 2658//2658
f 2659//2659 2660//2660 2661//2661
f 2662//2662 2663//2663 2664//2664
f 2665//2665 2666//2666 2667//2667
f 2668//2668 2669//2669 2670//2670
f 2671//2671 2672//2672 2673//2673
f 2674//2674 2675//2675 2676//2676
f 2677//2677 2678//2678 2679//2679
f 2680//2680 2681//2681 2682//2682
f 2683//2683 2684//2684 2685//2685
f 2686//2686 2687//2687 2688//2688
f 2689//2689 2690//2690 2691//2691
f 2692//2692 2693//2693 2694//2694
f 2695//2695 2696//2696 2697//2697
f 2698//2698 2699//2699 2700//2700
f 2701//2701 2702//2702 2703//2703
f 2704//2704 2705//2705 2706//2706
f 2707//2707 2708//2708 2709//2709
f 2710//2710 2711//2711 2712//2712
f 2713//2713 2714//2714 2715//2715
f 2716//2716 2717//2717 2718//2718
f 2719//2719 2720//2720 2721//2721
f 2722//2722 2723//2723 2724//2724
f 2725//2725 2726//2726 2727//2727
f 2728//2728 2729//2729 2730//2730
f 2731//2731 2732//2732 2733//2733
f 2734//2734 2735//2735 2736//2736
f 2737//2737 2738//2738 2739//2739
f 2740//2740 2741//2741 2742//2742
f 2743//2743 2744//2744 2745//2745
f 2746//2746 2747//2747 2748//2748
f 2749//2749 2750//2750 2751//2751
f 2752//2752 2753//2753 2754//2754
f 2755//2755 2756//2756 2757//2757
f 2758//2758 2759//2759 2760//2760
f 2761//2761 2762//2762 2763//2763
f 2764//2764 2765//2765 2766//2766
f 2767//2767 2768//2768 2769//2769
f 2770//2770 2771//2771 2772//2772
f 2773//2773 2774//2774 2775//2775
f 2776//2776 2777//2777 2778//2778
f 2779//2779 2780//2780 2781//2781
f 2782//2782 2783//2783 2784//2784
f 2785//2785 2786//2786 2787//2787
f 2788//2788 2789//2789 2790//2790
f 2791//2791 2792//2792 2793//2793
f 2794//2794 2795//2795 2796//2796
f 2797//2797 2798//2798 2799//2799
f 2800//2800 2801//2801 2802//2802
f 2803//2803 2804//2804 2805//2805
f 2806//2806 2807//2807 2808//2808
f 2809//2809 2810//2810 2811//2811
f 2812//2812 2813//2813 2814//2814
f 2815//2815 2816//2816 2817//2817
f 2818//2818 2819//2819 2820//2820
f 2821//2821 2822//2822 2823//2823
f 2824//2824 2825//2825 2826//2826
f 2827//2827 2828//2828 2829//2829
f 2830//2830 2831//2831 2832//2832
f 2833//2833 2834//2834 2835//2835
f 2836//2836 2837//2837 2838//2838
f 2839//2839 2840//2840 2841//2841
f 2842//2842 2843//2843 2844//2844
f 2845//2845 2846//2846 2847//2847
f 2848//2848 2849//2849 2850//2850
f 2851//2851 2852//2852 2853//2853
f 2854//2854 2855//2855 2856//2856
f 2857//2857 2858//2858 2859//2859
f 2860//2860 2861//2861 2862//2862
f 2863//2863 2864//2864 2865//2865
f 2866//2866 2867//2867 2868//2868
f 2869//2869 2870//2870 2871//2871
f 2872//2872 2873//2873 2874//2874
f 2875//2875 2876//2876 2877//2877
f 2878//2878 2879//2879 2880//2880
f 2881//2881 2882//2882 2883//2883
f 2884//2884 2885//2885 2886//2886
f 2887//2887 2888//2888 2889//2889
f 2890//2890 2891//2891 2892//2892
f 2893//2893 2894//2894 2895//2895
f 2896//2896 2897//2897 2898//2898
f 2899//2899 2900//2900 2901//2901
f 2902//2902 2903//2903 2904//2904
f 2905//2905 2906//2906 2907//2907
f 2908//2908 2909//2909 2910//2910
f 2911//2911 2912//2912 2913//2913
f 2914//2914 2915//2915 2916//2916
f 2917//2917 2918//2918 2919//2919
f 2920//2920 2921//2921 2922//2922
f 2923//2923 2924//2924 2925//2925
f 2926//2926 2927//2927 2928//2928
f 2929//2929 2930//2930 2931//2931
f 2932//2932 2933//2933 2934//2934
f 2935//2935 2936//2936 2937//2937
f 2938//2938 2939//2939 2940//2940
f 2941//2941 2942//2942 2943//2943
f 2944//2944 2945//2945 2946//2946
f 2947//2947 2948//2948 2949//2949
f 2950//2950 2951//2951 2952//2952
f 2953//2953 2954//2954 2955//2955
f 2956//2956 2957//2957 2958//2958
f 2959//2959 2960//2960 2961//2961
f 2962//2962 2963//2963 2964//2964
f 2965//2965 2966//2966 2967//2967
f 2968//2968 2969//2969 2970//2970
f 2971//2971 2972//2972 2973//2973
f 2974//2974 2975//2975 2976//2976
f 2977//2977 2978//2978 2979//2979
f 2980//2980 2981//2981 2982//2982
f 2983//2983 2984//2984 2985//2985
f 2986//2986 2987//2987 2988//2988
f 2989//2989 2990//2990 2991//2991
f 2992//2992 2993//2993 2994//2994
f 2995//2995 2996//2996 2997//2997
f 2998//2998 2999//2999 3000//3000
f 3001//3001 3002//3002 3003//3003
f 3004//3004 3005//3005 3006//3006
f 3007//3007 3008//3008 3009//3009
f 3010//3010 3011//3011 3012//3012
f 3013//3013 3014//3014 3015//3015
f 3016//3016 3017//3017 3018//3018
f 3019//3019 3020//3020 3021//3021
f 3022//3022 3023//3023 3024//3024
f 3025//3025 3026//3026 3027//3027
f 3028//3028 3029//3029 3030//3030
f 3031//3031 3032//3032 3033//3033
f 3034//3034 3035//3035 3036//3036
f 3037//3037 3038//3038 3039//3039
f 3040//3040 3041//3041 3042//3042
f 3043//3043 3044//3044 3045//3045
f 3046//3046 3047//3047 3048//3048
f 3049//3049 3050//3050 3051//3051
f 3052//3052 3053//3053 3054//3054
f 3055//3055 3056//3056 3057//3057
f 3058//3058 3059//3059 3060//3060
f 3061//3061 3062//3062 3063//3063
f 3064//3064 3065//3065 3066//3066
f 3067//3067 3068//3068 3069//3069
f 3070//3070 3071//3071 3072//3072
f 3073//3073 3074//3074 3075//3075
f 3076//3076 3077//3077 3078//3078
f 3079//3079 3080//3080 3081//3081
f 3082//3082 3083//3083 3084//3084
f 3085//3085 3086//3086 3087//3087
f 3088//3088 3089//3089 3090//3090
f 3091//3091 3092//3092 3093//3093
f 3094//3094 3095//3095 3096//3096
f 3097//3097 3098//3098 3099//3099
f 3100//3100 3101//3101 3102//3102
f 3103//3103 3104//3104 3105//3105
f 3106//3106 3107//3107 3108//3108
f 3109//3109 3110//3110 3111//3111
f 3112//3112 3113//3113 3114//3114
f 3115//3115 3116//3116 3117//3117
f 3118//3118 3119//3119 3120//3120
f 3121//3121 3122//3122 3123//3123
f 3124//3124 3125//3125 3126//3126
f 3127//3127 3128//3128 3129//3129
f 3130//3130 3131//3131 3132//3132
f 3133//3133 3134//3134 3135//3135
f 3136//3136 3137//3137 3138//3138
f 3139//3139 3140//3140 3141//3141
f 3142//3142 3143//3143 3144//3144
f 3145//3145 3146//3146 3147//3147
f 3148//3148 3149//3149 3150//3150
f 3151//3151 3152//3152 3153//3153
f 3154//3154 3155//3155 3156//3156
f 3157//3157 3158//3158 3159//3159
f 3160//3160 3161//3161 3162//3162
f 3163//3163 3164//3164 3165//3165
f 3166//3166 3167//3167 3168//3168
f 3169//3169 3170//3170 3171//3171
f 3172//3172 3173//3173 3174//3174
f 3175//3175 3176//3176 3177//3177
f 3178//3178 3179//3179 3180//3180
f 3181//3181 3182//3182 3183//3183
f 3184//3184 3185//3185 3186//3186
f 3187//3187 3188//3188 3189//3189
f 3190//3190 3191//3191 3192//3192
f 3193//3193 3194//3194 3195//3195
f 3196//3196 3197//3197 3198//3198
f 3199//3199 3200//3200 3201//3201
f 3202//3202 3203//3203 3204//3204
f 3205//3205 3206//3206 3207//3207
f 3208//3208 3209//3209 3210//3210
f 3211//3211 3212//3212 3213//3213
f 3214//3214 3215//3215 3216//3216
f 3217//3217 3218//3218 3219//3219
f 3220//3220 3221//3221 3222//3222
f 3223//3223 3224//3224 3225//3225
f 3226//3226 3227//3227 3228//3228
f 3229//3229 3230//3230 3231//3231
f 3232//3232 3233//3233 3234//3234
f 3235//3235 3236//3236 3237//3237
f 3238//3238 3239//3239 3240//3240
f 3241//3241 3242//3242 3243//3243
f 3244//3244 3245//3245 3246//3246
f 3247//3247 3248//3248 3249//3249
f 3250//3250 3251//3251 3252//3252
f 3253//3253 3254//3254 3255//3255
f 3256//3256 3257//3257 3258//3258
f 3259//3259 3260//3260 3261//3261
f 3262//3262 3263//3263 3264//3264
f 3265//3265 3266//3266 3267//3267
f 3268//3268 3269//3269 3270//3270
f 3271//3271 3272//3272 3273//3273
f 3274//3274 3275//3275 3276//3276
f 3277//3277 3278//3278 3279//3279
f 3280//3280 3281//3281 3282//3282
f 3283//3283 3284//3284 3285//3285
f 3286//3286 3287//3287 3288//3288
f 3289//3289 3290//3290 3291//3291
f 3292//3292 3293//3293 3294//3294
f 3295//3295 3296//3296 3297//3297
f 3298//3298 3299//3299 3300//3300
f 3301//3301 3302//3302 3303//3303
f 3304//3304 3305//3305 3306//3306
f 3307//3307 3308//3308 3309//3309
f 3310//3310 3311//3311 3312//3312
f 3313//3313 3314//3314 3315//3315
f 3316//3316 3317//3317 3318//3318
f 3319//3319 3320//3320 3321//3321
f 3322//3322 3323//3323 3324//3324
f 3325//3325 3326//3326 3327//3327
f 3328//3328 3329//3329 3330//3330
f 3331//3331 3332//3332 3333//3333
f 3334//3334 3335//3335 3336//3336
f 3337//3337 3338//3338 3339//3339
f 3340//3340 3341//3341 3342//3342
f 3343//3343 3344//3344 3345//3345
f 3346//3346 3347//3347 3348//3348
f 3349//3349 3350//3350 3351//3351
f 3352//3352 3353//3353 3354//3354
f 3355//3355 3356//3356 3357//3357
f 3358//3358 3359//3359 3360//3360
f 3361//3361 3362//3362 3363//3363
f 3364//3364 3365//3365 3366//3366
f 3367//3367 3368//3368 3369//3369
f 3370//3370 3371//3371 3372//3372
f 3373//3373 3374//3374 3375//3375
f 3376//3376 3377//3377 3378//3378
f 3379//3379 3380//3380 3381//3381
f 3382//3382 3383//3383 3384//3384
f 3385//3385 3386//3386 3387//3387
f 3388//3388 3389//3389 3390//3390
f 3391//3391 3392//3392 3393//3393
f 3394//3394 3395//3395 3396//3396
f 3397//3397 3398//3398 3399//3399
f 3400//3400 3401//3401 3402//3402
f 3403//3403 3404//3404 3405//3405
f 3406//3406 3407//3407 3408//3408
f 3409//3409 3410//3410 3411//3411
f 3412//3412 3413//3413 3414//3414
f 3415//3415 3416//3416 3417//3417
f 3418//3418 3419//3419 3420//3420
f 3421//3421 3422//3422 3423//3423
f 3424//3424 3425//3425 3426//3426
f 3427//3427 3428//3428 3429//3429
f 3430//3430 3431//3431 3432//3432
f 3433//3433 3434//3434 3435//3435
f 3436//3436 3437//3437 3438//3438
f 3439//3439 3440//3440 3441//3441
f 3442//3442 3443//3443 3444//3444
f 3445//3445 3446//3446 3447//3447
f 3448//3448 3449//3449 3450//3450
f 3451//3451 3452//3452 3453//3453
f 3454//3454 3455//3455 3456//3456
f 3457//3457 3458//3458 3459//3459
f 3460//3460 3461//3461 3462//3462
f 3463//3463 3464//3464 3465//3465
f 3466//3466 3467//3467 3468//3468
f 3469//3469 3470//3470 3471//3471
f 3472//3472 3473//3473 3474//3474
f 3475//3475 3476//3476 3477//3477
f 3478//3478 3479//3479 3480//3480
f 3481//3481 3482//3482 3483//3483
f 3484//3484 3485//3485 3486//3486
f 3487//3487 3488//3488 3489//3489
f 3490//3490 3491//3491 3492//3492
f 3493//3493 3494//3494 3495//3495
f 3496//3496 3497//3497 3498//3498
f 3499//3499 3500//3500 3501//3501
f 3502//3502 3503//3503 3504//3504
f 3505//3505 3506//3506 3507//3507
f 3508//3508 3509//3509 3510//3510
f 3511//3511 3512//3512 3513//3513
f 3514//3514 3515//3515 3516//3516
f 3517//3517 3518//3518 3519//3519
f 3520//3520 3521//3521 3522//3522
f 3523//3523 3524//3524 3525//3525
f 3526//3526 3527//3527 3528//3528
f 3529//3529 3530//3530 3531//3531
f 3532//3532 3533//3533 3534//3534
f 3535//3535 3536//3536 3537//3537
f 3538//3538 3539//3539 3540//3540
f 3541//3541 3542//3542 3543//3543
f 3544//3544 3545//3545 3546//3546
f 3547//3547 3548//3548 3549//3549
f 3550//3550 3551//3551 3552//3552
f 3553//3553 3554//3554 3555//3555
f 3556//3556 3557//3557 3558//3558
f 3559//3559 3560//3560 3561//3561
f 3562//3562 3563//3563 3564//3564
f 3565//3565 3566//3566 3567//3567
f 3568//3568 3569//3569 3570//3570
f 3571//3571 3572//3572 3573//3573
f 3574//3574 3575//3575 3576//3576
f 3577//3577 3578//3578 3579//3579
f 3580//3580 3581//3581 3582//3582
f 3583//3583 3584//3584 3585//3585
f 3586//3586 3587//3587 3588//3588
f 3589//3589 3590//3590 3591//3591
f 3592//3592 3593//3593 3594//3594
f 3595//3595 3596//3596 3597//3597
f 3598//3598 3599//3599 3600//3600
f 3601//3601 3602//3602 3603//3603
f 3604//3604 3605//3605 3606//3606
f 3607//3607 3608//3608 3609//3609
f 3610//3610 3611//3611 3612//3612
f 3613//3613 3614//3614 3615//3615
f 3616//3616 3617//3617 3618//3618
f 3619//3619 3620//3620 3621//3621
f 3622//3622 3623//3623 3624//3624
f 3625//3625 3626//3626 3627//3627
f 3628//3628 3629//3629 3630//3630
f 3631//3631 3632//3632 3633//3633
f 3634//3634 3635//3635 3636//3636
f 3637//3637 3638//3638 3639//3639
f 3640//3640 3641//3641 3642//3642
f 3643//3643 3644//3644 3645//3645
f 3646//3646 3647//3647 3648//3648
f 3649//3649 3650//3650 3651//3651
f 3652//3652 3653//3653 3654//3654
f 3655//3655 3656//3656 3657//3657
f 3658//3658 3659//3659 3660//3660
f 3661//3661 3662//3662 3663//3663
f 3664//3664 3665//3665 3666//3666
f 3667//3667 3668//3668 3669//3669
f 3670//3670 3671//3671 3672//3672
f 3673//3673 3674//3674 3675//3675
f 3676//3676 3677//3677 3678//3678
f 3679//3679 3680//3680 3681//3681
f 3682//3682 3683//3683 3684//3684
f 3685//3685 3686//3686 3687//3687
f 3688//3688 3689//3689 3690//3690
f 3691//3691 3692//3692 3693//3693
f 3694//3694 3695//3695 3696//3696
f 3697//3697 3698//3698 3699//3699
f 3700//3700 3701//3701 3702//3702
f 3703//3703 3704//3704 3705//3705
f 3706//3706 3707//3707 3708//3708
f 3709//3709 3710//3710 3711//3711
f 3712//3712 3713//3713 3714//3714
f 3715//3715 3716//3716 3717//3717
f 3718//3718 3719//3719 3720//3720
f 3721//3721 3722//3722 3723//3723
f 3724//3724 3725//3725 3726//3726
f 3727//3727 3728//3728 3729//3729
f 3730//3730 3731//3731 3732//3732
f 3733//3733 3734//3734 3735//3735
f 3736//3736 3737//3737 3738//3738
f 3739//3739 3740//3740 3741//3741
f 3742//3742 3743//3743 3744//3744
f 3745//3745 3746//3746 3747//3747
f 3748//3748 3749//3749 3750//3750
f 3751//3751 3752//3752 3753//3753
f 3754//3754 3755//3755 3756//3756
f 3757//3757 3758//3758 3759//3759
f 3760//3760 3761//3761 3762//3762
f 3763//3763 3764//3764 3765//3765
f 3766//3766 3767//3767 3768//3768
f 3769//3769 3770//3770 3771//3771
f 3772//3772 3773//3773 3774//3774
f 3775//3775 3776//3776 3777//3777
f 3778//3778 3779//3779 3780//3780
f 3781//3781 3782//3782 3783//3783
f 3784//3784 3785//3785 3786//3786
f 3787//3787 3788//3788 3789//3789
f 3790//3790 3791//3791 3792//3792
f 3793//3793 3794//3794 3795//3795
f 3796//3796 3797//3797 3798//3798
f 3799//3799 3800//3800 3801//3801
f 3802//3802 3803//3803 3804//3804
f 3805//3805 3806//3806 3807//3807
f 3808//3808 3809//3809 3810//3810
f 3811//3811 3812//3812 3813//3813
f 3814//3814 3815//3815 3816//3816
f 3817//3817 3818//3818 3819//3819
f 3820//3820 3821//3821 3822//3822
f 3823//3823 3824//3824 3825//3825
f 3826//3826 3827//3827 3828//3828
f 3829//3829 3830//3830 3831//3831
f 3832//3832 3833//3833 3834//3834
f 3835//3835 3836//3836 3837//3837
f 3838//3838 3839//3839 3840//3840
f 3841//3841 3842//3842 3843//3843
f 3844//3844 3845//3845 3846//3846
f 3847//3847 3848//3848 3849//3849
f 3850//3850 3851//3851 3852//3852
f 3853//3853 3854//3854 3855//3855
f 3856//3856 3857//3857 3858//3858
f 3859//3859 3860//3860 3861//3861
f 3862//3862 3863//3863 3864//3864
f 3865//3865 3866//3866 3867//3867
f 3868//3868 3869//3869 3870//3870
f 3871//3871 3872//3872 3873//3873
f 3874//3874 3875//3875 3876//3876
f 3877//3877 3878//3878 3879//3879
f 3880//3880 3881//3881 3882//3882
f 3883//3883 3884//3884 3885//3885
f 3886//3886 3887//3887 3888//3888
f 3889//3889 3890//3890 3891//3891
f 3892//3892 3893//3893 3894//3894
f 3895//3895 3896//3896 3897//3897
f 3898//3898 3899//3899 3900//3900
f 3901//3901 3902//3902 3903//3903
f 3904//3904 3905//3905 3906//3906
f 3907//3907 3908//3908 3909//3909
f 3910//3910 3911//3911 3912//3912
f 3913//3913 3914//3914 3915//3915
f 3916//3916 3917//3917 3918//3918
f 3919//3919 3920//3920 3921//3921
f 3922//3922 3923//3923 3924//3924
f 3925//3925 3926//3926 3927//3927
f 3928//3928 3929//3929 3930//3930
f 3931//3931 3932//3932 3933//3933
f 3934//3934 3935//3935 3936//3936
f 3937//3937 3938//3938 3939//3939
f 3940//3940 3941//3941 3942//3942
f 3943//3943 3944//3944 3945//3945
f 3946//3946 3947//3947 3948//3948
f 3949//3949 3950//3950 3951//3951
f 3952//3952 3953//3953 3954//3954
f 3955//3955 3956//3956 3957//3957
f 3958//3958 3959//3959 3960//3960
f 3961//3961 3962//3962 3963//3963
f 3964//3964 3965//3965 3966//3966
f 3967//3967 3968//3968 3969//3969
f 3970//3970 3971//3971 3972//3972
f 3973//3973 3974//3974 3975//3975
f 3976//3976 3977//3977 3978//3978
f 3979//3979 3980//3980 3981//3981
f 3982//3982 3983//3983 3984//3984
f 3985//3985 3986//3986 3987//3987
f 3988//3988 3989//3989 3990//3990
f 3991//3991 3992//3992 3993//3993
f 3994//3994 3995//3995 3996//3996
f 3997//3997 3998//3998 3999//3999
f 4000//4000 4001//4001 4002//4002
f 4003//4003 4004//4004 4005//4005
f 4006//4006 4007//4007 4008//4008
f 4009//4009 4010//4010 4011//4011
f 4012//4012 4013//4013 4014//4014
f 4015//4015 4016//4016 4017//4017
f 4018//4018 4019//4019 4020//4020
f 4021//4021 4022//4022 4023//4023
f 4024//4024 4025//4025 4026//4026
f 4027//4027 4028//4028 4029//4029
f 4030//4030 4031//4031 4032//4032
f 4033//4033 4034//4034 4035//4035
f 4036//4036 4037//4037 4038//4038
f 4039//4039 4040//4040 4041//4041
f 4042//4042 4043//4043 4044//4044
f 4045//4045 4046//4046 4047//4047
f 4048//4048 4049//4049 4050//4050
f 4051//4051 4052//4052 4053//4053
f 4054//4054 4055//4055 4056//4056
f 4057//4057 4058//4058 4059//4059
f 4060//4060 4061//4061 4062//4062
f 4063//4063 4064//4064 4065//4065
f 4066//4066 4067//4067 4068//4068
f 4069//4069 4070//4070 4071//4071
f 4072//4072 4073//4073 4074//4074
f 4075//4075 4076//4076 4077//4077
f 4078//4078 4079//4079 4080//4080
f 4081//4081 4082//4082 4083//4083
f 4084//4084 4085//4085 4086//4086
f 4087//4087 4088//4088 4089//4089
f 4090//4090 4091//4091 4092//4092
f 4093//4093 4094//4094 4095//4095
f 4096//4096 4097//4097 4098//4098
f 4099//4099 4100//4100 4101//4101
f 4102//4102 4103//4103 4104//4104
f 4105//4105 4106//4106 4107//4107
f 4108//4108 4109//4109 4110//4110
f 4111//4111 4112//4112 4113//4113
f 4114//4114 4115//4115 4116//4116
f 4117//4117 4118//4118 4119//4119
f 4120//4120 4121//4121 4122//4122
f 4123//4123 4124//4124 4125//4125
f 4126//4126 4127//4127 4128//4128
f 4129//4129 4130//4130 4131//4131
f 4132//4132 4133//4133 4134//4134
f 4135//4135 4136//4136 4137//4137
f 4138//4138 4139//4139 4140//4140
f 4141//4141 4142//4142 4143//4143
f 4144//4144 4145//4145 4146//4146
f 4147//4147 4148//4148 4149//4149
f 4150//4150 4151//4151 4152//4152
f 4153//4153 4154//4154 4155//4155
f 4156//4156 4157//4157 4158//4158
f 4159//4159 4160//4160 4161//4161
f 4162//4162 4163//4163 4164//4164
f 4165//4165 4166//4166 4167//4167
f 4168//4168 4169//4169 4170//4170
f 4171//4171 4172//4172 4173//4173
f 4174//4174 4175//4175 4176//4176
f 4177//4177 4178//4178 4179//4179
f 4180//4180 4181//4181 4182//4182
f 4183//4183 4184//4184 4185//4185
f 4186//4186 4187//4187 4188//4188
f 4189//4189 4190//4190 4191//4191
f 4192//4192 4193//4193 4194//4194
f 4195//4195 4196//4196 4197//4197
f 4198//4198 4199//4199 4200//4200
f 4201//4201 4202//4202 4203//4203
f 4204//4204 4205//4205 4206//4206
f 4207//4207 4208//4208 4209//4209
f 4210//4210 4211//4211 4212//4212
f 4213//4213 4214//4214 4215//4215
f 4216//4216 4217//4217 4218//4218
f 4219//4219 4220//4220 4221//4221
f 4222//4222 4223//4223 4224//4224
f 4225//4225 4226//4226 4227//4227
f 4228//4228 4229//4229 4230//4230
f 4231//4231 4232//4232 4233//4233
f 4234//4234 4235//4235 4236//4236
f 4237//4237 4238//4238 4239//4239
f 4240//4240 4241//4241 4242//4242
f 4243//4243 4244//4244 4245//4245
f 4246//4246 4247//4247 4248//4248
f 4249//4249 4250//4250 4251//4251
f 4252//4252 4253//4253 4254//4254
f 4255//4255 4256//4256 4257//4257
f 4258//4258 4259//4259 4260//4260
f 4261//4261 4262//4262 4263//4263
f 4264//4264 4265//4265 4266//4266
f 4267//4267 4268//4268 4269//4269
f 4270//4270 4271//4271 4272//4272
f 4273//4273 4274//4274 4275//4275
f 4276//4276 4277//4277 4278//4278
f 4279//4279 4280//4280 4281//4281
f 4282//4282 4283//4283 4284//4284
f 4285//4285 4286//4286 4287//4287
f 4288//4288 4289//4289 4290//4290
f 4291//4291 4292//4292 4293//4293
f 4294//4294 4295//4295 4296//4296
f 4297//4297 4298//4298 4299//4299
f 4300//4300 4301//4301 4302//4302
f 4303//4303 4304//4304 4305//4305
f 4306//4306 4307//4307 4308//4308
f 4309//4309 4310//4310 4311//4311
f 4312//4312 4313//4313 4314//4314
f 4315//4315 4316//4316 4317//4317
f 4318//4318 4319//4319 4320//4320
f 4321//4321 4322//4322 4323//4323
f 4324//4324 4325//4325 4326//4326
f 4327//4327 4328//4328 4329//4329
f 4330//4330 4331//4331 4332//4332
f 4333//4333 4334//4334 4335//4335
f 4336//4336 4337//4337 4338//4338
f 4339//4339 4340//4340 4341//4341
f 4342//4342 4343//4343 4344//4344
f 4345//4345 4346//4346 4347//4347
f 4348//4348 4349//4349 4350//4350
f 4351//4351 4352//4352 4353//4353
f 4354//4354 4355//4355 4356//4356
f 4357//4357 4358//4358 4359//4359
f 4360//4360 4361//4361 4362//4362
f 4363//4363 4364//4364 4365//4365
f 4366//4366 4367//4367 4368//4368
f 4369//4369 4370//4370 4371//4371
f 4372//4372 4373//4373 4374//4374
f 4375//4375 4376//4376 4377//4377
f 4378//4378 4379//4379 4380//4380
f 4381//4381 4382//4382 4383//4383
f 4384//4384 4385//4385 4386//4386
f 4387//4387 4388//4388 4389//4389
f 4390//4390 4391//4391 4392//4392
f 4393//4393 4394//4394 4395//4395
f 4396//4396 4397//4397 4398//4398
f 4399//4399 4400//4400 4401//4401
f 4402//4402 4403//4403 4404//4404
f 4405//4405 4406//4406 4407//4407
f 4408//4408 4409//4409 4410//4410
f 4411//4411 4412//4412 4413//4413
f 4414//4414 4415//4415 4416//4416
f 4417//4417 4418//4418 4419//4419
f 4420//4420 4421//4421 4422//4422
f 4423//4423 4424//4424 4425//4425
f 4426//4426 4427//4427 4428//4428
f 4429//4429 4430//4430 4431//4431
f 4432//4432 4433//4433 4434//4434
f 4435//4435 4436//4436 4437//4437
f 4438//4438 4439//4439 4440//4440
f 4441//4441 4442//4442 4443//4443
f 4444//4444 4445//4445 4446//4446
f 4447//4447 4448//4448 4449//4449
f 4450//4450 4451//4451 4452//4452
f 4453//4453 4454//4454 4455//4455
f 4456//4456 4457//4457 4458//4458
f 4459//4459 4460//4460 4461//4461
f 4462//4462 4463//4463 4464//4464
f 4465//4465 4466//4466 4467//4467
f 4468//4468 4469//4469 4470//4470
f 4471//4471 4472//4472 4473//4473
f 4474//4474 4475//4475 4476//4476
f 4477//4477 4478//4478 4479//4479
f 4480//4480 4481//4481 4482//4482
f 4483//4483 4484//4484 4485//4485
f 4486//4486 4487//4487 4488//4488
f 4489//4489 4490//4490 4491//4491
f 4492//4492 4493//4493 4494//4494
f 4495//4495 4496//4496 4497//4497
f 4498//4498 4499//4499 4500//4500
