# 02_person — split from wip_-_lowpoly_people_-_1.glb
# WIP - Lowpoly People - 1 by Loic Norgeot, CC-BY-4.0
# https://sketchfab.com/3d-models/wip-lowpoly-people-1-8cfd467af4334ea384d854109865f939
v 168.831580 11.613934 -85.744572
v 169.554120 11.730917 -88.439696
v 175.005399 8.224417 -86.209088
v 140.748541 30.479438 -84.853740
v 135.431623 19.337167 -87.421120
v 136.677011 26.417039 -87.301963
v 179.338734 14.999027 -88.350024
v 180.320633 8.742304 -86.029469
v 177.882421 13.902257 -90.859053
v 159.588957 31.149115 -96.152924
v 158.440531 32.049703 -97.127704
v 159.678584 33.087044 -97.582153
v 169.564011 54.648112 -91.049603
v 169.591940 54.791044 -90.760449
v 169.543759 54.681956 -91.054598
v 148.112536 64.310563 -85.415774
v 146.632373 65.356815 -86.243736
v 146.800341 63.128317 -85.804026
v 154.592497 2.802897 -59.630532
v 152.189907 17.949740 -59.283290
v 150.355514 7.698457 -57.608814
v 163.515443 22.188563 -97.463355
v 166.821644 21.893428 -97.909987
v 170.596488 18.555541 -100.212012
v 150.355514 7.698457 -57.608814
v 151.313705 17.015613 -58.343977
v 151.408413 17.145584 -58.606174
v 151.313705 17.015613 -58.343977
v 151.421880 17.020474 -58.567577
v 151.408413 17.145584 -58.606174
v 150.570878 19.286166 -58.211541
v 151.421880 17.020474 -58.567577
v 151.313705 17.015613 -58.343977
v 154.808688 65.793163 -76.961517
v 154.639132 61.948610 -78.997049
v 150.636191 70.870376 -84.128841
v 135.931677 32.859637 -83.744190
v 136.677011 26.417039 -87.301963
v 131.983312 25.326638 -84.747567
v 166.231942 10.925397 -77.383917
v 170.472941 9.431483 -78.486255
v 169.451510 9.095367 -79.933236
v 160.224462 40.033411 -99.280862
v 159.904972 41.740297 -98.668088
v 160.506435 39.143836 -98.532063
v 160.461799 11.962670 -75.673476
v 164.196368 13.465893 -77.106993
v 159.770267 11.774403 -76.334033
v 147.176771 80.466027 -77.335155
v 150.288980 79.913688 -73.604657
v 149.472354 77.436841 -74.399707
v 183.252468 1.971282 -81.040824
v 184.196292 6.776650 -82.136750
v 183.244285 3.687857 -76.695030
v 151.279218 19.346992 -58.504667
v 152.189907 17.949740 -59.283290
v 150.905915 22.008821 -58.607931
v 164.269853 70.646047 -78.252463
v 162.684894 68.301570 -77.795560
v 163.444906 70.003676 -78.507206
v 146.690984 45.292787 -62.328500
v 145.941149 34.694724 -62.446008
v 150.102721 35.663707 -61.174216
v 151.024093 18.848611 -58.456431
v 151.313705 17.015613 -58.343977
v 151.418027 17.238478 -58.664066
v 151.418027 17.238478 -58.664066
v 151.408413 17.145584 -58.606174
v 151.024093 18.848611 -58.456431
v 150.905915 22.008821 -58.607931
v 150.946471 19.901545 -58.282978
v 151.024093 18.848611 -58.456431
v 151.027873 19.499819 -58.430717
v 151.279218 19.346992 -58.504667
v 151.024093 18.848611 -58.456431
v 151.027873 19.499819 -58.430717
v 150.570878 19.286166 -58.211541
v 150.946471 19.901545 -58.282978
v 151.279218 19.346992 -58.504667
v 151.027873 19.499819 -58.430717
v 150.946471 19.901545 -58.282978
v 151.279218 19.346992 -58.504667
v 150.977518 19.726585 -58.393987
v 152.189907 17.949740 -59.283290
v 150.977518 19.726585 -58.393987
v 151.279218 19.346992 -58.504667
v 150.946471 19.901545 -58.282978
v 159.678584 33.087044 -97.582153
v 162.268909 30.136394 -97.916967
v 159.588957 31.149115 -96.152924
v 160.535730 58.498287 -77.548190
v 161.650318 56.353569 -76.966836
v 160.345670 58.869970 -77.163972
v 160.644226 49.250909 -78.548110
v 162.662649 48.372140 -78.106088
v 160.169966 48.338711 -77.636078
v 151.582929 76.333356 -73.752142
v 149.472354 77.436841 -74.399707
v 151.728950 78.868265 -72.858101
v 164.504269 48.273402 -78.287101
v 160.773515 51.999259 -77.606714
v 161.054363 49.116587 -77.223721
v 163.202230 7.676350 -96.029177
v 161.054602 2.905022 -94.924740
v 160.190560 9.589746 -92.956160
v 138.287186 50.366558 -78.745223
v 137.998676 50.553091 -78.277520
v 138.042063 50.606336 -76.942300
v 151.582929 76.333356 -73.752142
v 155.265240 70.904815 -76.723122
v 148.078075 76.075089 -83.916309
v 172.840367 50.343888 -85.254370
v 172.520760 48.078941 -84.335550
v 173.073946 48.215325 -85.249821
v 168.062356 50.561796 -92.327483
v 168.846988 51.261007 -91.966595
v 168.399836 50.841235 -92.413650
v 169.922384 56.900345 -81.081571
v 172.234317 52.064966 -84.351248
v 172.564613 52.378850 -86.634631
v 186.730504 9.405264 -104.520241
v 184.983852 6.786177 -101.538838
v 184.464453 7.976222 -105.608040
v 145.714665 95.754064 -73.974186
v 141.048305 85.817803 -71.198235
v 143.200899 84.659196 -68.937058
v 157.623152 46.309015 -79.397278
v 157.164647 47.959071 -79.320997
v 157.033090 48.348862 -80.012875
v 155.587290 55.862737 -76.067449
v 159.397620 58.732939 -75.810186
v 155.771258 60.605419 -74.821475
v 154.953197 60.493517 -69.774278
v 155.629974 62.266803 -69.575445
v 150.570791 62.608195 -67.271834
v 181.957657 7.746071 -97.650592
v 186.555552 10.040531 -99.673911
v 178.710791 13.852073 -93.430881
v 155.393897 70.116342 -68.427029
v 155.265240 70.904815 -76.723122
v 153.892474 71.840048 -71.083518
v 160.101593 65.190983 -72.348511
v 157.125320 64.287639 -67.101245
v 157.440463 62.425363 -69.496426
v 162.722920 69.665545 -78.943880
v 159.803377 68.217105 -78.373837
v 160.047777 70.982927 -78.531533
v 136.471175 50.942411 -75.904992
v 136.198077 51.346453 -76.189074
v 136.269172 52.098538 -76.506699
v 162.106118 64.804667 -74.459637
v 162.385054 61.647248 -77.166930
v 161.346008 63.869405 -79.156231
v 169.746553 54.882907 -91.167806
v 169.747354 54.392068 -91.359196
v 168.952609 54.665683 -91.745899
v 153.892474 71.840048 -71.083518
v 151.582929 76.333356 -73.752142
v 151.908359 78.326464 -72.547900
v 161.885984 75.789368 -72.501306
v 161.850558 74.045515 -70.819032
v 161.373506 68.442273 -74.085013
v 176.615089 5.354862 -75.145301
v 177.362412 2.012845 -76.098685
v 183.244285 3.687857 -76.695030
v 169.543759 54.681956 -91.054598
v 171.320113 54.291342 -88.833890
v 169.101822 54.866384 -90.929492
v 168.390941 54.641001 -89.004423
v 169.543759 54.681956 -91.054598
v 169.591940 54.791044 -90.760449
v 169.756420 53.288381 -91.219730
v 169.586550 54.601126 -90.832338
v 169.564011 54.648112 -91.049603
v 169.591940 54.791044 -90.760449
v 171.320113 54.291342 -88.833890
v 169.586550 54.601126 -90.832338
v 160.498133 9.708451 -101.702925
v 159.165436 11.795940 -102.753717
v 159.863804 12.792726 -103.272415
v 143.489625 82.069029 -67.222248
v 142.810729 81.360419 -66.684300
v 143.630996 83.273102 -67.533900
v 147.386516 53.771925 -83.574056
v 144.059574 53.888256 -84.073802
v 144.787781 57.532687 -86.043463
v 162.628173 75.630086 -75.605307
v 160.163880 77.686006 -76.436459
v 162.654933 81.564838 -72.706168
v 170.775264 22.184926 -97.857631
v 169.935622 21.451141 -97.868890
v 169.688072 22.515611 -97.777854
v 157.742110 31.438452 -90.828208
v 158.284575 29.845851 -90.500821
v 157.048761 34.370675 -92.658871
v 151.640699 80.709231 -73.254655
v 151.841091 80.307460 -71.927014
v 151.500055 79.415215 -71.601427
v 131.628109 4.877855 -84.886366
v 132.345132 2.293788 -87.497414
v 135.360333 3.501992 -85.064967
v 136.471175 50.942411 -75.904992
v 137.990145 49.076347 -80.282729
v 137.762021 44.493516 -77.419528
v 159.678584 33.087044 -97.582153
v 159.033680 33.765804 -100.059437
v 160.506435 39.143836 -98.532063
v 168.831580 11.613934 -85.744572
v 165.295364 11.558731 -90.883929
v 169.554120 11.730917 -88.439696
v 167.221087 50.717401 -79.975105
v 167.120024 50.888532 -80.378481
v 167.780018 50.122385 -79.849616
v 163.202230 7.676350 -96.029177
v 160.190560 9.589746 -92.956160
v 169.521145 11.733358 -97.954795
v 144.212596 82.849134 -66.868265
v 144.836358 83.952136 -67.828113
v 148.140180 91.374678 -70.650349
v 150.102721 35.663707 -61.174216
v 152.220703 28.575177 -62.989189
v 154.207804 44.953353 -64.266507
v 157.623152 46.309015 -79.397278
v 157.346664 47.645620 -79.489066
v 158.287327 46.324709 -79.878920
v 141.589948 65.801837 -68.153307
v 147.200475 66.606916 -67.509691
v 144.940628 74.916173 -63.776521
v 143.630996 83.273102 -67.533900
v 148.140180 91.374678 -70.650349
v 144.836358 83.952136 -67.828113
v 153.892474 71.840048 -71.083518
v 151.500055 79.415215 -71.601427
v 150.340882 79.319776 -67.972720
v 150.288980 79.913688 -73.604657
v 151.500055 79.415215 -71.601427
v 151.728950 78.868265 -72.858101
v 136.642694 4.910428 -87.569656
v 135.360333 3.501992 -85.064967
v 138.263564 3.309662 -88.794944
v 151.640699 80.709231 -73.254655
v 151.968794 85.411716 -71.738992
v 152.312391 79.067851 -72.840149
v 151.640699 80.709231 -73.254655
v 150.357636 81.269307 -74.894308
v 151.548524 83.915604 -74.278167
v 165.448696 52.569580 -77.642040
v 167.120024 50.888532 -80.378481
v 167.221087 50.717401 -79.975105
v 129.896504 4.619093 -85.416721
v 129.372495 5.856972 -82.766896
v 128.168624 6.837993 -84.243634
v 130.672374 12.456100 -83.895553
v 128.168624 6.837993 -84.243634
v 129.372495 5.856972 -82.766896
v 156.250316 59.101927 -81.352303
v 161.049202 58.132916 -83.430154
v 158.823379 57.261407 -82.637139
v 153.950804 59.674990 -83.224990
v 148.207183 66.055197 -88.062870
v 150.515953 61.285031 -84.469719
v 135.431623 19.337167 -87.421120
v 138.458069 24.666673 -80.700190
v 135.684424 14.657612 -85.208708
v 163.394386 46.560916 -81.347504
v 162.239875 45.610636 -83.491439
v 166.676839 46.223234 -81.040629
v 160.574554 12.105831 -101.730810
v 162.309525 12.132587 -102.224783
v 163.454667 12.737827 -99.975116
v 159.118496 52.725231 -86.736876
v 159.692940 52.752190 -85.919634
v 157.156126 51.272130 -88.884470
v 152.673018 3.215158 -80.780712
v 155.103999 5.270228 -81.001302
v 155.303886 1.140061 -79.989956
v 155.080777 51.773972 -69.402089
v 155.587290 55.862737 -76.067449
v 155.771258 60.605419 -74.821475
v 130.242757 10.104342 -87.886639
v 129.896504 4.619093 -85.416721
v 128.168624 6.837993 -84.243634
v 135.248681 9.524579 -87.355905
v 136.642694 4.910428 -87.569656
v 133.527748 7.687832 -89.124050
v 169.935622 21.451141 -97.868890
v 166.821644 21.893428 -97.909987
v 169.171419 22.238988 -97.555030
v 139.192706 84.373714 -79.532006
v 139.221971 83.560116 -80.231339
v 139.217642 84.974636 -79.137533
v 159.863804 12.792726 -103.272415
v 159.165436 11.795940 -102.753717
v 158.733176 13.190975 -102.453310
v 164.504269 48.273402 -78.287101
v 166.504460 49.313828 -78.938441
v 162.991007 49.215516 -78.625413
v 146.383958 44.857887 -73.707700
v 148.545909 45.250366 -74.259045
v 148.617231 43.928618 -72.524356
v 157.487801 24.370881 -102.973071
v 157.678170 30.080830 -102.779373
v 162.309525 12.132587 -102.224783
v 143.242465 82.226820 -67.360654
v 144.836358 83.952136 -67.828113
v 147.101646 84.072209 -67.865050
v 159.976829 52.733743 -87.517558
v 161.189627 53.905284 -87.113921
v 163.392362 53.803491 -91.365574
v 144.787781 57.532687 -86.043463
v 147.995925 62.390238 -85.127154
v 147.386516 53.771925 -83.574056
v 162.654933 81.564838 -72.706168
v 160.959312 80.125135 -69.907355
v 161.885984 75.789368 -72.501306
v 157.033090 48.348862 -80.012875
v 156.851443 51.720119 -79.486358
v 155.368056 54.626370 -81.402438
v 159.692940 52.752190 -85.919634
v 162.188012 53.600329 -86.825291
v 159.976829 52.733743 -87.517558
v 165.905261 56.224119 -87.672314
v 168.952609 54.665683 -91.745899
v 163.392362 53.803491 -91.365574
v 142.810729 81.360419 -66.684300
v 143.489625 82.069029 -67.222248
v 143.662864 81.203695 -66.225898
v 161.054602 2.905022 -94.924740
v 161.939326 0.000002 -93.807629
v 159.084846 8.315578 -90.053227
v 155.265240 70.904815 -76.723122
v 154.808688 65.793163 -76.961517
v 150.636191 70.870376 -84.128841
v 137.505848 46.982939 -78.898423
v 138.598735 46.180074 -78.822807
v 138.430301 45.322276 -82.190978
v 162.873634 50.933181 -91.175775
v 163.392362 53.803491 -91.365574
v 165.270418 51.980846 -90.273559
v 138.811706 83.440001 -78.974629
v 140.429646 85.869498 -78.768652
v 140.152845 85.739316 -78.738924
v 169.756420 53.288381 -91.219730
v 168.952609 54.665683 -91.745899
v 169.543759 54.681956 -91.054598
v 154.082318 90.462005 -76.829524
v 151.499049 92.008519 -81.704759
v 152.885998 94.059641 -77.916819
v 160.644226 49.250909 -78.548110
v 162.261406 50.049394 -78.717725
v 163.062222 49.204218 -79.671724
v 143.630996 83.273102 -67.533900
v 147.101646 84.072209 -67.865050
v 148.140180 91.374678 -70.650349
v 146.844459 12.669022 -61.251799
v 145.565117 7.942079 -59.805071
v 146.719053 12.839068 -59.024028
v 157.346664 47.645620 -79.489066
v 162.824842 46.585249 -80.675375
v 160.038071 47.716394 -78.097772
v 140.089615 54.032035 -81.850333
v 141.332710 55.086411 -84.542052
v 144.059574 53.888256 -84.073802
v 160.154954 50.759059 -78.168539
v 156.851443 51.720119 -79.486358
v 159.047144 49.702099 -78.727023
v 159.513520 25.013849 -88.377567
v 158.990167 30.573898 -88.733150
v 158.262386 29.784327 -89.117452
v 176.724289 10.590159 -77.088543
v 166.485221 17.614906 -78.618999
v 166.305964 15.486252 -79.804828
v 149.377705 82.786048 -79.273756
v 149.177284 82.006026 -76.464213
v 147.176771 80.466027 -77.335155
v 161.049202 58.132916 -83.430154
v 156.250316 59.101927 -81.352303
v 157.370697 62.498039 -79.012337
v 136.458701 52.366324 -75.936128
v 136.171079 55.955531 -77.799905
v 136.204200 52.615024 -76.002633
v 157.623152 46.309015 -79.397278
v 157.033090 48.348862 -80.012875
v 157.346664 47.645620 -79.489066
v 168.413761 50.888656 -92.321623
v 168.062356 50.561796 -92.327483
v 168.341369 50.846123 -92.343134
v 178.710791 13.852073 -93.430881
v 186.392908 12.874988 -101.202106
v 179.088357 18.577281 -98.713407
v 162.628173 75.630086 -75.605307
v 161.885984 75.789368 -72.501306
v 163.766993 71.873259 -75.629951
v 138.695691 52.940793 -81.575561
v 138.779906 53.621728 -82.196603
v 139.254466 53.456671 -81.396108
v 169.408021 33.861904 -98.472453
v 160.506435 39.143836 -98.532063
v 166.164498 41.245647 -98.956865
v 147.995925 62.390238 -85.127154
v 146.800341 63.128317 -85.804026
v 148.972163 62.613738 -85.662930
v 163.766993 71.873259 -75.629951
v 164.621378 68.855327 -77.156920
v 164.714325 69.614750 -78.125452
v 168.564502 50.949603 -80.478298
v 167.780018 50.122385 -79.849616
v 170.356892 48.543932 -80.215039
v 139.160474 84.432824 -79.312194
v 139.192706 84.373714 -79.532006
v 139.190735 84.521593 -79.495447
v 162.880682 0.323414 -91.976324
v 164.654334 1.746826 -90.891662
v 159.084846 8.315578 -90.053227
v 136.552940 78.243603 -81.179795
v 136.705885 77.516372 -77.800208
v 138.811706 83.440001 -78.974629
v 157.188270 18.676811 -101.093929
v 154.502931 26.572904 -98.744485
v 154.944147 25.348001 -101.210480
v 157.597507 49.204808 -84.425328
v 156.931476 51.417440 -84.879410
v 157.754291 50.003892 -87.588402
v 156.931476 51.417440 -84.879410
v 157.653076 49.103427 -84.364385
v 159.015638 47.860208 -86.014190
v 157.529234 49.239224 -84.361475
v 157.653076 49.103427 -84.364385
v 156.931476 51.417440 -84.879410
v 157.529234 49.239224 -84.361475
v 156.931476 51.417440 -84.879410
v 157.597507 49.204808 -84.425328
v 157.597507 49.204808 -84.425328
v 159.015638 47.860208 -86.014190
v 157.653076 49.103427 -84.364385
v 161.850558 74.045515 -70.819032
v 158.239093 72.158766 -69.233827
v 160.101593 65.190983 -72.348511
v 162.239875 45.610636 -83.491439
v 163.168855 44.698095 -81.056248
v 166.676839 46.223234 -81.040629
v 137.990667 48.592897 -78.800126
v 138.515628 48.781387 -79.732017
v 138.168648 50.187565 -79.318375
v 137.480192 50.978495 -78.421789
v 138.168648 50.187565 -79.318375
v 137.990145 49.076347 -80.282729
v 167.662479 51.706498 -91.698607
v 168.341369 50.846123 -92.343134
v 168.846988 51.261007 -91.966595
v 169.756420 53.288381 -91.219730
v 168.413761 50.888656 -92.321623
v 167.662479 51.706498 -91.698607
v 160.461799 11.962670 -75.673476
v 163.026648 34.867304 -79.371386
v 164.286832 22.270677 -80.035660
v 137.998676 50.553091 -78.277520
v 138.287186 50.366558 -78.745223
v 138.168648 50.187565 -79.318375
v 136.161679 53.667302 -77.790043
v 136.269172 52.098538 -76.506699
v 136.337980 53.650732 -76.835670
v 162.188012 53.600329 -86.825291
v 165.905261 56.224119 -87.672314
v 163.392362 53.803491 -91.365574
v 157.227609 33.399704 -91.368838
v 156.727375 33.243432 -90.941876
v 157.298744 32.918548 -90.569358
v 156.739958 71.002281 -76.364180
v 157.377153 70.747805 -79.794341
v 157.562438 66.361702 -78.515692
v 136.161679 53.667302 -77.790043
v 135.927904 53.583290 -77.118298
v 136.016745 51.740243 -76.832228
v 138.200807 46.940343 -81.850145
v 138.113108 45.602269 -82.508040
v 137.733204 44.246442 -82.304917
v 167.221087 50.717401 -79.975105
v 167.535964 50.398194 -80.073938
v 166.525413 49.548143 -79.334743
v 163.633403 61.139786 -75.309602
v 162.385054 61.647248 -77.166930
v 162.740993 63.825989 -74.819327
v 159.795473 41.262736 -100.136514
v 160.272259 40.844463 -99.743555
v 160.224462 40.033411 -99.280862
v 158.588615 19.317728 -91.725314
v 159.226951 25.344914 -91.887291
v 159.127386 24.532969 -95.643451
v 159.795473 41.262736 -100.136514
v 159.904972 41.740297 -98.668088
v 160.270427 40.665807 -99.235669
v 159.904972 41.740297 -98.668088
v 159.574630 45.596655 -99.417352
v 161.940508 48.061149 -97.241554
v 160.013486 47.627666 -88.727066
v 162.239875 45.610636 -83.491439
v 160.816770 48.290264 -86.933320
v 162.628173 75.630086 -75.605307
v 162.654933 81.564838 -72.706168
v 161.885984 75.789368 -72.501306
v 162.106118 64.804667 -74.459637
v 162.740993 63.825989 -74.819327
v 162.385054 61.647248 -77.166930
v 147.386516 53.771925 -83.574056
v 149.624658 53.235454 -84.370139
v 144.059574 53.888256 -84.073802
v 169.087659 32.352721 -83.379840
v 166.408839 28.280427 -82.499635
v 171.122939 27.809878 -83.030269
v 137.778876 58.642222 -75.775658
v 137.772526 58.798791 -75.898694
v 137.789755 58.607258 -75.803703
v 171.264349 8.245937 -100.423101
v 177.887454 11.330736 -105.097185
v 181.495757 6.577835 -104.017362
v 154.592497 2.802897 -59.630532
v 150.355514 7.698457 -57.608814
v 150.126917 2.904172 -58.578902
v 164.269853 70.646047 -78.252463
v 164.714325 69.614750 -78.125452
v 163.863524 69.309288 -78.378273
v 148.112536 64.310563 -85.415774
v 147.995925 62.390238 -85.127154
v 148.972163 62.613738 -85.662930
v 160.270427 40.665807 -99.235669
v 159.904972 41.740297 -98.668088
v 160.034431 38.896867 -99.915182
v 144.940628 74.916173 -63.776521
v 140.867494 75.379910 -68.154416
v 141.589948 65.801837 -68.153307
v 151.841091 80.307460 -71.927014
v 152.312391 79.067851 -72.840149
v 151.968794 85.411716 -71.738992
v 154.639132 61.948610 -78.997049
v 156.250316 59.101927 -81.352303
v 153.600923 59.926355 -80.539211
v 159.692940 52.752190 -85.919634
v 157.151245 54.095572 -84.468804
v 158.695567 54.250335 -83.441828
v 136.672623 75.364257 -78.800894
v 136.862036 75.748028 -78.400337
v 136.705885 77.516372 -77.800208
v 139.254466 53.456671 -81.396108
v 140.059703 53.267516 -81.242634
v 138.856868 53.329511 -80.424656
v 139.221971 83.560116 -80.231339
v 138.811706 83.440001 -78.974629
v 139.160474 84.432824 -79.312194
v 157.297636 49.649978 -83.108284
v 158.100886 49.257684 -84.272884
v 157.653076 49.103427 -84.364385
v 158.568052 48.855757 -83.992841
v 157.597507 49.204808 -84.425328
v 157.653076 49.103427 -84.364385
v 157.529234 49.239224 -84.361475
v 157.297636 49.649978 -83.108284
v 157.653076 49.103427 -84.364385
v 139.160474 84.432824 -79.312194
v 139.190735 84.521593 -79.495447
v 140.047026 85.824336 -78.627406
v 137.923971 49.910162 -78.458609
v 138.559237 49.926589 -78.821597
v 137.998676 50.553091 -78.277520
v 170.593816 50.816893 -81.560192
v 169.922384 56.900345 -81.081571
v 168.564502 50.949603 -80.478298
v 140.152845 85.739316 -78.738924
v 139.916189 85.005320 -79.738800
v 140.859489 87.253882 -78.807835
v 150.288980 79.913688 -73.604657
v 147.176771 80.466027 -77.335155
v 150.357636 81.269307 -74.894308
v 149.177284 82.006026 -76.464213
v 149.811601 83.644665 -74.911734
v 150.357636 81.269307 -74.894308
v 158.588615 19.317728 -91.725314
v 159.513520 25.013849 -88.377567
v 159.226951 25.344914 -91.887291
v 157.125320 64.287639 -67.101245
v 160.101593 65.190983 -72.348511
v 158.239093 72.158766 -69.233827
v 157.529234 49.239224 -84.361475
v 157.597507 49.204808 -84.425328
v 157.297636 49.649978 -83.108284
v 145.759865 82.537634 -81.735454
v 145.632225 80.851061 -79.416179
v 146.435788 79.595268 -84.417179
v 154.994215 53.733408 -83.937561
v 156.931476 51.417440 -84.879410
v 157.297636 49.649978 -83.108284
v 157.033090 48.348862 -80.012875
v 155.368056 54.626370 -81.402438
v 157.297636 49.649978 -83.108284
v 160.034431 38.896867 -99.915182
v 160.224462 40.033411 -99.280862
v 160.270427 40.665807 -99.235669
v 181.957657 7.746071 -97.650592
v 178.710791 13.852073 -93.430881
v 174.758763 11.127217 -93.407681
v 159.084846 8.315578 -90.053227
v 160.190560 9.589746 -92.956160
v 161.054602 2.905022 -94.924740
v 136.438772 77.580430 -77.201933
v 137.080002 76.577975 -77.697110
v 136.981382 76.006706 -74.116467
v 136.799474 76.451255 -78.614986
v 136.705885 77.516372 -77.800208
v 136.862036 75.748028 -78.400337
v 169.935622 21.451141 -97.868890
v 170.775264 22.184926 -97.857631
v 177.018600 17.921818 -102.533544
v 153.600923 59.926355 -80.539211
v 156.250316 59.101927 -81.352303
v 153.950804 59.674990 -83.224990
v 174.319748 36.761035 -93.306283
v 172.579213 42.794855 -93.587299
v 175.381906 37.964733 -89.394263
v 139.160474 84.432824 -79.312194
v 139.217642 84.974636 -79.137533
v 139.221971 83.560116 -80.231339
v 150.636191 70.870376 -84.128841
v 147.015356 69.755686 -86.001329
v 148.078075 76.075089 -83.916309
v 139.916189 85.005320 -79.738800
v 140.047026 85.824336 -78.627406
v 139.190735 84.521593 -79.495447
v 186.392908 12.874988 -101.202106
v 186.555552 10.040531 -99.673911
v 186.730504 9.405264 -104.520241
v 186.730504 9.405264 -104.520241
v 184.464453 7.976222 -105.608040
v 185.035187 11.826822 -105.596593
v 145.632225 80.851061 -79.416179
v 146.379721 84.789062 -81.122313
v 147.176771 80.466027 -77.335155
v 145.632225 80.851061 -79.416179
v 145.759865 82.537634 -81.735454
v 146.379721 84.789062 -81.122313
v 165.896180 48.518860 -79.935370
v 166.525413 49.548143 -79.334743
v 164.504269 48.273402 -78.287101
v 148.078075 76.075089 -83.916309
v 146.435788 79.595268 -84.417179
v 145.632225 80.851061 -79.416179
v 157.033090 48.348862 -80.012875
v 159.047144 49.702099 -78.727023
v 156.851443 51.720119 -79.486358
v 146.383958 44.857887 -73.707700
v 138.458069 24.666673 -80.700190
v 149.165360 47.155074 -77.351898
v 162.154423 67.242497 -74.503434
v 162.684894 68.301570 -77.795560
v 161.673116 66.850436 -74.028479
v 157.678170 30.080830 -102.779373
v 153.656165 29.581081 -100.105250
v 156.524362 38.913112 -100.106396
v 168.846988 51.261007 -91.966595
v 168.034583 49.225365 -91.106659
v 168.413761 50.888656 -92.321623
v 145.714665 95.754064 -73.974186
v 150.632643 93.940467 -72.436011
v 148.654700 96.788538 -76.463556
v 155.393897 70.116342 -68.427029
v 151.952192 76.643277 -67.029996
v 149.891645 75.023360 -63.160099
v 155.172078 39.731752 -98.160126
v 154.849176 38.250163 -97.068158
v 154.832043 38.865247 -97.092027
v 169.746553 54.882907 -91.167806
v 169.586550 54.601126 -90.832338
v 171.320113 54.291342 -88.833890
v 165.585135 4.936497 -92.774877
v 163.947053 4.646014 -94.713269
v 169.864138 6.268503 -95.149423
v 164.196368 13.465893 -77.106993
v 166.485221 17.614906 -78.618999
v 165.502506 13.269430 -75.280439
v 164.320335 17.647799 -79.335361
v 166.305964 15.486252 -79.804828
v 164.196368 13.465893 -77.106993
v 173.244737 50.195102 -88.706908
v 172.840367 50.343888 -85.254370
v 173.073946 48.215325 -85.249821
v 141.414392 44.432120 -74.016591
v 135.256638 32.050808 -80.270673
v 136.710651 27.046190 -79.144002
v 164.331706 35.674882 -77.923693
v 170.276316 40.781116 -77.499208
v 163.632313 44.893157 -81.212755
v 172.461707 48.211055 -83.715100
v 172.751672 49.136119 -83.405501
v 170.356892 48.543932 -80.215039
v 169.963064 22.145167 -95.980222
v 170.775264 22.184926 -97.857631
v 169.171419 22.238988 -97.555030
v 165.270418 51.980846 -90.273559
v 167.662479 51.706498 -91.698607
v 168.034583 49.225365 -91.106659
v 151.841091 80.307460 -71.927014
v 151.728950 78.868265 -72.858101
v 151.908359 78.326464 -72.547900
v 161.138109 19.061121 -83.128046
v 162.850003 25.900655 -83.712295
v 159.513520 25.013849 -88.377567
v 171.476379 9.276985 -79.496046
v 171.851360 8.989235 -79.363449
v 169.451510 9.095367 -79.933236
v 177.882421 13.902257 -90.859053
v 174.758763 11.127217 -93.407681
v 178.710791 13.852073 -93.430881
v 172.700405 47.810160 -84.403073
v 171.800596 46.546595 -85.802151
v 173.073946 48.215325 -85.249821
v 170.472941 9.431483 -78.486255
v 173.439807 9.354078 -77.896997
v 171.851360 8.989235 -79.363449
v 169.451510 9.095367 -79.933236
v 170.472941 9.431483 -78.486255
v 171.578819 9.895464 -79.317067
v 169.451510 9.095367 -79.933236
v 171.578819 9.895464 -79.317067
v 171.476379 9.276985 -79.496046
v 161.138109 19.061121 -83.128046
v 164.286832 22.270677 -80.035660
v 162.850003 25.900655 -83.712295
v 169.934696 9.880819 -81.439348
v 169.451510 9.095367 -79.933236
v 171.851360 8.989235 -79.363449
v 138.287186 50.366558 -78.745223
v 138.559237 49.926589 -78.821597
v 137.923971 49.910162 -78.458609
v 148.014731 80.815710 -68.107385
v 150.340882 79.319776 -67.972720
v 151.968794 85.411716 -71.738992
v 175.381906 37.964733 -89.394263
v 173.489271 38.434313 -84.836846
v 174.666917 31.491135 -88.599992
v 144.331304 66.362566 -91.425584
v 139.132386 74.843348 -87.089713
v 140.058562 79.610134 -87.128280
v 143.298381 80.421592 -66.017350
v 142.810729 81.360419 -66.684300
v 143.373479 80.506767 -66.638742
v 152.885998 94.059641 -77.916819
v 150.632643 93.940467 -72.436011
v 154.082318 90.462005 -76.829524
v 171.320113 54.291342 -88.833890
v 169.756420 53.288381 -91.219730
v 169.747354 54.392068 -91.359196
v 162.662649 48.372140 -78.106088
v 160.038071 47.716394 -78.097772
v 160.169966 48.338711 -77.636078
v 156.989415 13.942146 -78.645491
v 161.301395 11.309236 -79.813341
v 158.461046 12.276706 -80.276574
v 153.950804 59.674990 -83.224990
v 150.724500 61.590410 -83.386964
v 153.600923 59.926355 -80.539211
v 159.047144 49.702099 -78.727023
v 160.169966 48.338711 -77.636078
v 160.038071 47.716394 -78.097772
v 157.164647 47.959071 -79.320997
v 159.229636 47.978353 -77.610484
v 159.047144 49.702099 -78.727023
v 164.504269 48.273402 -78.287101
v 162.662649 48.372140 -78.106088
v 163.157356 48.056888 -79.128988
v 162.662649 48.372140 -78.106088
v 163.062222 49.204218 -79.671724
v 163.157356 48.056888 -79.128988
v 141.699919 83.131720 -83.015374
v 142.439120 81.438447 -85.741004
v 140.058562 79.610134 -87.128280
v 162.991007 49.215516 -78.625413
v 166.504460 49.313828 -78.938441
v 166.525413 49.548143 -79.334743
v 164.504269 48.273402 -78.287101
v 166.525413 49.548143 -79.334743
v 166.472899 48.952701 -79.093858
v 169.389733 46.749242 -82.052594
v 167.340545 48.237290 -80.837355
v 166.676839 46.223234 -81.040629
v 172.563192 48.668300 -83.930944
v 172.700405 47.810160 -84.403073
v 172.461707 48.211055 -83.715100
v 172.751672 49.136119 -83.405501
v 172.840367 50.343888 -85.254370
v 172.234317 52.064966 -84.351248
v 143.298381 80.421592 -66.017350
v 147.274799 80.225397 -64.365022
v 144.212596 82.849134 -66.868265
v 147.274799 80.225397 -64.365022
v 149.891645 75.023360 -63.160099
v 151.952192 76.643277 -67.029996
v 159.397620 58.732939 -75.810186
v 160.888892 58.994031 -77.472686
v 160.453678 60.296404 -76.872393
v 177.311400 17.221261 -91.362449
v 179.338734 14.999027 -88.350024
v 177.882421 13.902257 -90.859053
v 157.567509 77.068079 -74.733923
v 156.022366 79.233581 -74.147189
v 160.163880 77.686006 -76.436459
v 168.399836 50.841235 -92.413650
v 168.846988 51.261007 -91.966595
v 168.413761 50.888656 -92.321623
v 166.689340 0.538077 -93.512341
v 161.939326 0.000002 -93.807629
v 164.251631 1.021569 -95.901707
v 163.168855 44.698095 -81.056248
v 163.632313 44.893157 -81.212755
v 166.676839 46.223234 -81.040629
v 166.536412 49.298438 -79.037863
v 166.472899 48.952701 -79.093858
v 166.525413 49.548143 -79.334743
v 165.896180 48.518860 -79.935370
v 166.504460 49.313828 -78.938441
v 166.472899 48.952701 -79.093858
v 166.536412 49.298438 -79.037863
v 165.896180 48.518860 -79.935370
v 166.472899 48.952701 -79.093858
v 167.217527 49.632060 -79.557712
v 165.896180 48.518860 -79.935370
v 166.536412 49.298438 -79.037863
v 167.217527 49.632060 -79.557712
v 166.536412 49.298438 -79.037863
v 166.504460 49.313828 -78.938441
v 167.340545 48.237290 -80.837355
v 167.217527 49.632060 -79.557712
v 166.504460 49.313828 -78.938441
v 167.340545 48.237290 -80.837355
v 167.780018 50.122385 -79.849616
v 167.535964 50.398194 -80.073938
v 154.715074 38.562741 -97.373478
v 155.438403 40.090841 -96.202192
v 155.172078 39.731752 -98.160126
v 155.172078 39.731752 -98.160126
v 154.832043 38.865247 -97.092027
v 154.715074 38.562741 -97.373478
v 154.557037 38.338103 -97.243546
v 154.778333 38.710725 -97.341816
v 154.832043 38.865247 -97.092027
v 143.132370 63.816840 -90.307428
v 140.546330 70.684946 -86.205683
v 139.132386 74.843348 -87.089713
v 166.821644 21.893428 -97.909987
v 163.515443 22.188563 -97.463355
v 162.874142 25.727068 -98.757396
v 154.176972 36.473122 -98.344845
v 154.597671 37.229207 -97.762236
v 156.524362 38.913112 -100.106396
v 154.778333 38.710725 -97.341816
v 155.172078 39.731752 -98.160126
v 154.899892 38.096648 -97.360904
v 154.313384 36.263811 -97.332836
v 154.849176 38.250163 -97.068158
v 154.597671 37.229207 -97.762236
v 154.849176 38.250163 -97.068158
v 154.313384 36.263811 -97.332836
v 155.438403 40.090841 -96.202192
v 172.751672 49.136119 -83.405501
v 173.073946 48.215325 -85.249821
v 172.520760 48.078941 -84.335550
v 172.563192 48.668300 -83.930944
v 172.751672 49.136119 -83.405501
v 172.520760 48.078941 -84.335550
v 165.502506 13.269430 -75.280439
v 166.231942 10.925397 -77.383917
v 164.196368 13.465893 -77.106993
v 157.154052 79.823065 -74.716149
v 158.676073 83.743608 -73.834520
v 160.091943 83.346605 -73.608075
v 150.724500 61.590410 -83.386964
v 150.515953 61.285031 -84.469719
v 147.995925 62.390238 -85.127154
v 158.440531 32.049703 -97.127704
v 156.674162 34.535592 -95.741312
v 154.502931 26.572904 -98.744485
v 160.169966 48.338711 -77.636078
v 159.047144 49.702099 -78.727023
v 159.229636 47.978353 -77.610484
v 143.864679 94.227935 -77.381908
v 149.008068 95.049596 -80.575488
v 145.309891 89.902646 -82.104303
v 160.644226 49.250909 -78.548110
v 161.054363 49.116587 -77.223721
v 160.154954 50.759059 -78.168539
v 162.261406 50.049394 -78.717725
v 159.047144 49.702099 -78.727023
v 161.889383 51.049214 -79.270143
v 163.062222 49.204218 -79.671724
v 167.120024 50.888532 -80.378481
v 161.889383 51.049214 -79.270143
v 160.773515 51.999259 -77.606714
v 162.261406 50.049394 -78.717725
v 161.889383 51.049214 -79.270143
v 159.922464 58.478159 -77.373624
v 160.888892 58.994031 -77.472686
v 162.385054 61.647248 -77.166930
v 161.010100 53.919053 -78.021415
v 160.773515 51.999259 -77.606714
v 161.889383 51.049214 -79.270143
v 159.922464 58.478159 -77.373624
v 159.529336 55.416387 -76.610451
v 161.650318 56.353569 -76.966836
v 136.542695 54.965629 -78.634897
v 137.364622 58.678843 -80.759376
v 141.332710 55.086411 -84.542052
v 157.678170 30.080830 -102.779373
v 159.033680 33.765804 -100.059437
v 162.309525 12.132587 -102.224783
v 159.397620 58.732939 -75.810186
v 160.453678 60.296404 -76.872393
v 163.633403 61.139786 -75.309602
v 159.529336 55.416387 -76.610451
v 161.010100 53.919053 -78.021415
v 161.650318 56.353569 -76.966836
v 149.352866 3.387065 -61.749009
v 155.131783 2.499319 -62.501433
v 154.592497 2.802897 -59.630532
v 159.397620 58.732939 -75.810186
v 160.345670 58.869970 -77.163972
v 161.650318 56.353569 -76.966836
v 144.367709 22.048689 -59.876140
v 148.294362 7.696603 -57.363805
v 146.292122 27.252717 -58.459078
v 160.345670 58.869970 -77.163972
v 159.922464 58.478159 -77.373624
v 160.453678 60.296404 -76.872393
v 162.309525 12.132587 -102.224783
v 160.498133 9.708451 -101.702925
v 159.863804 12.792726 -103.272415
v 160.535730 58.498287 -77.548190
v 160.888892 58.994031 -77.472686
v 159.922464 58.478159 -77.373624
v 172.579213 42.794855 -93.587299
v 168.034583 49.225365 -91.106659
v 170.993551 47.333895 -89.038841
v 138.598735 46.180074 -78.822807
v 138.383971 47.449185 -80.257675
v 138.430301 45.322276 -82.190978
v 147.073126 61.101097 -87.923692
v 143.132370 63.816840 -90.307428
v 147.931640 60.575271 -90.535985
v 169.389733 46.749242 -82.052594
v 171.800596 46.546595 -85.802151
v 172.520760 48.078941 -84.335550
v 164.654334 1.746826 -90.891662
v 165.283126 3.035333 -92.335382
v 165.097476 9.084987 -91.282491
v 145.632225 80.851061 -79.416179
v 147.176771 80.466027 -77.335155
v 149.472354 77.436841 -74.399707
v 167.120024 50.888532 -80.378481
v 168.570062 50.631493 -81.293314
v 167.780018 50.122385 -79.849616
v 170.593816 50.816893 -81.560192
v 167.120024 50.888532 -80.378481
v 167.535964 50.398194 -80.073938
v 162.268909 30.136394 -97.916967
v 159.127386 24.532969 -95.643451
v 159.588957 31.149115 -96.152924
v 158.489042 71.862161 -77.448164
v 157.377153 70.747805 -79.794341
v 156.739958 71.002281 -76.364180
v 137.086464 40.926970 -80.597661
v 135.931677 32.859637 -83.744190
v 135.256638 32.050808 -80.270673
v 162.048744 67.523777 -74.006477
v 161.373506 68.442273 -74.085013
v 161.575792 67.427641 -74.662695
v 160.047777 70.982927 -78.531533
v 157.562438 66.361702 -78.515692
v 157.377153 70.747805 -79.794341
v 160.034431 38.896867 -99.915182
v 157.678170 30.080830 -102.779373
v 156.524362 38.913112 -100.106396
v 162.722920 69.665545 -78.943880
v 164.714325 69.614750 -78.125452
v 163.656281 69.079703 -78.522166
v 159.976829 52.733743 -87.517558
v 160.454962 56.133717 -86.449674
v 161.189627 53.905284 -87.113921
v 160.190560 9.589746 -92.956160
v 159.084846 8.315578 -90.053227
v 160.109829 10.350257 -90.749815
v 152.220703 28.575177 -62.989189
v 152.189907 17.949740 -59.283290
v 152.149212 16.373963 -60.624159
v 167.217527 49.632060 -79.557712
v 167.221087 50.717401 -79.975105
v 167.780018 50.122385 -79.849616
v 167.217527 49.632060 -79.557712
v 167.780018 50.122385 -79.849616
v 166.525413 49.548143 -79.334743
v 159.922464 58.478159 -77.373624
v 159.397620 58.732939 -75.810186
v 159.529336 55.416387 -76.610451
v 167.217527 49.632060 -79.557712
v 167.535964 50.398194 -80.073938
v 167.221087 50.717401 -79.975105
v 167.535964 50.398194 -80.073938
v 167.780018 50.122385 -79.849616
v 168.570062 50.631493 -81.293314
v 168.564502 50.949603 -80.478298
v 168.570062 50.631493 -81.293314
v 167.120024 50.888532 -80.378481
v 167.120024 50.888532 -80.378481
v 170.593816 50.816893 -81.560192
v 168.564502 50.949603 -80.478298
v 159.631139 62.918842 -74.368146
v 162.020991 62.316191 -73.769854
v 160.101593 65.190983 -72.348511
v 160.101593 65.190983 -72.348511
v 161.907558 64.397222 -73.359596
v 161.884746 64.254349 -73.329962
v 162.740993 63.825989 -74.819327
v 161.673116 66.850436 -74.028479
v 160.101593 65.190983 -72.348511
v 161.907558 64.397222 -73.359596
v 162.740993 63.825989 -74.819327
v 162.106118 64.804667 -74.459637
v 156.540482 35.233244 -91.260856
v 158.958700 42.031061 -87.028281
v 155.438403 40.090841 -96.202192
v 138.430301 45.322276 -82.190978
v 137.990145 49.076347 -80.282729
v 138.486122 45.799265 -82.317927
v 162.048744 67.523777 -74.006477
v 162.876406 69.050324 -76.096811
v 161.373506 68.442273 -74.085013
v 161.673116 66.850436 -74.028479
v 162.684894 68.301570 -77.795560
v 161.575792 67.427641 -74.662695
v 160.959312 80.125135 -69.907355
v 159.306160 78.537190 -70.929454
v 161.885984 75.789368 -72.501306
v 161.346008 63.869405 -79.156231
v 157.562438 66.361702 -78.515692
v 159.803377 68.217105 -78.373837
v 171.800596 46.546595 -85.802151
v 173.489271 38.434313 -84.836846
v 175.381906 37.964733 -89.394263
v 162.526117 31.024110 -83.647537
v 156.943544 34.973138 -90.906801
v 158.990167 30.573898 -88.733150
v 158.489042 71.862161 -77.448164
v 160.047777 70.982927 -78.531533
v 157.377153 70.747805 -79.794341
v 161.799269 67.228293 -74.176115
v 162.154423 67.242497 -74.503434
v 161.673116 66.850436 -74.028479
v 150.570878 19.286166 -58.211541
v 150.977518 19.726585 -58.393987
v 150.905915 22.008821 -58.607931
v 140.047026 85.824336 -78.627406
v 139.192706 84.373714 -79.532006
v 138.811706 83.440001 -78.974629
v 155.393897 70.116342 -68.427029
v 153.892474 71.840048 -71.083518
v 151.952192 76.643277 -67.029996
v 140.859489 87.253882 -78.807835
v 143.864679 94.227935 -77.381908
v 145.309891 89.902646 -82.104303
v 158.440531 32.049703 -97.127704
v 162.309525 12.132587 -102.224783
v 159.033680 33.765804 -100.059437
v 164.714325 69.614750 -78.125452
v 164.621378 68.855327 -77.156920
v 163.656281 69.079703 -78.522166
v 169.171419 22.238988 -97.555030
v 168.170029 22.650021 -96.816954
v 169.935622 21.451141 -97.868890
v 152.885998 94.059641 -77.916819
v 149.008068 95.049596 -80.575488
v 148.654700 96.788538 -76.463556
v 181.957657 7.746071 -97.650592
v 173.601182 6.222011 -99.001948
v 184.983852 6.786177 -101.538838
v 149.624658 53.235454 -84.370139
v 148.274575 50.055713 -81.456014
v 145.439302 50.402028 -83.874180
v 162.628173 75.630086 -75.605307
v 163.766993 71.873259 -75.629951
v 164.269853 70.646047 -78.252463
v 135.927904 53.583290 -77.118298
v 136.337980 53.650732 -76.835670
v 136.269172 52.098538 -76.506699
v 133.518702 10.769884 -84.307502
v 130.672374 12.456100 -83.895553
v 131.841610 8.127515 -83.339980
v 160.062556 75.165164 -76.469080
v 160.163880 77.686006 -76.436459
v 162.628173 75.630086 -75.605307
v 164.269853 70.646047 -78.252463
v 160.062556 75.165164 -76.469080
v 162.628173 75.630086 -75.605307
v 150.724500 61.590410 -83.386964
v 148.112536 64.310563 -85.415774
v 150.636191 70.870376 -84.128841
v 166.472899 48.952701 -79.093858
v 166.504460 49.313828 -78.938441
v 164.504269 48.273402 -78.287101
v 160.741661 50.729668 -89.515592
v 163.392362 53.803491 -91.365574
v 162.873634 50.933181 -91.175775
v 168.413761 50.888656 -92.321623
v 168.034583 49.225365 -91.106659
v 168.062356 50.561796 -92.327483
v 165.921501 60.569876 -79.890110
v 170.544618 58.583890 -84.192975
v 168.254902 58.406948 -86.225523
v 156.807357 81.999517 -73.004981
v 156.022366 79.233581 -74.147189
v 157.957040 82.712043 -69.602425
v 157.963537 78.699172 -72.469502
v 158.268096 79.588473 -74.236169
v 157.577450 78.298664 -74.350548
v 158.268096 79.588473 -74.236169
v 160.163880 77.686006 -76.436459
v 157.577450 78.298664 -74.350548
v 148.617231 43.928618 -72.524356
v 152.334116 48.901430 -72.824422
v 148.673701 25.249524 -65.056070
v 172.520760 48.078941 -84.335550
v 172.700405 47.810160 -84.403073
v 172.563192 48.668300 -83.930944
v 163.026648 34.867304 -79.371386
v 166.155142 30.528187 -81.257859
v 164.286832 22.270677 -80.035660
v 159.306160 78.537190 -70.929454
v 161.850558 74.045515 -70.819032
v 161.885984 75.789368 -72.501306
v 132.345132 2.293788 -87.497414
v 130.242757 10.104342 -87.886639
v 135.971586 2.185268 -90.511078
v 159.306160 78.537190 -70.929454
v 160.959312 80.125135 -69.907355
v 157.957040 82.712043 -69.602425
v 137.480192 50.978495 -78.421789
v 137.998676 50.553091 -78.277520
v 138.168648 50.187565 -79.318375
v 157.154052 79.823065 -74.716149
v 157.577450 78.298664 -74.350548
v 160.163880 77.686006 -76.436459
v 171.476379 9.276985 -79.496046
v 171.578819 9.895464 -79.317067
v 169.934696 9.880819 -81.439348
v 151.968794 85.411716 -71.738992
v 151.548524 83.915604 -74.278167
v 154.082318 90.462005 -76.829524
v 159.827537 85.861826 -73.575130
v 160.091943 83.346605 -73.608075
v 158.676073 83.743608 -73.834520
v 163.947053 4.646014 -94.713269
v 164.251631 1.021569 -95.901707
v 161.054602 2.905022 -94.924740
v 135.380295 52.514197 -76.891811
v 135.927904 53.583290 -77.118298
v 136.161679 53.667302 -77.790043
v 155.820373 67.763323 -66.482425
v 158.239093 72.158766 -69.233827
v 155.393897 70.116342 -68.427029
v 160.993426 84.465480 -71.065120
v 162.654933 81.564838 -72.706168
v 160.091943 83.346605 -73.608075
v 172.840367 50.343888 -85.254370
v 172.461707 48.211055 -83.715100
v 172.520760 48.078941 -84.335550
v 175.005399 8.224417 -86.209088
v 177.882421 13.902257 -90.859053
v 180.320633 8.742304 -86.029469
v 184.983852 6.786177 -101.538838
v 186.730504 9.405264 -104.520241
v 186.555552 10.040531 -99.673911
v 133.527748 7.687832 -89.124050
v 130.242757 10.104342 -87.886639
v 136.677011 26.417039 -87.301963
v 162.526117 31.024110 -83.647537
v 167.983745 31.690588 -82.419471
v 162.479715 34.680575 -81.630580
v 148.294362 7.696603 -57.363805
v 146.719053 12.839068 -59.024028
v 145.565117 7.942079 -59.805071
v 156.807357 81.999517 -73.004981
v 157.957040 82.712043 -69.602425
v 158.676073 83.743608 -73.834520
v 161.301395 11.309236 -79.813341
v 162.411254 7.138967 -81.406768
v 159.015230 6.492948 -80.290759
v 155.172078 39.731752 -98.160126
v 154.597671 37.229207 -97.762236
v 154.899892 38.096648 -97.360904
v 145.714665 95.754064 -73.974186
v 148.654700 96.788538 -76.463556
v 143.864679 94.227935 -77.381908
v 137.923971 49.910162 -78.458609
v 137.998676 50.553091 -78.277520
v 137.480192 50.978495 -78.421789
v 131.983312 25.326638 -84.747567
v 130.672374 12.456100 -83.895553
v 131.791719 23.802881 -81.641386
v 169.746553 54.882907 -91.167806
v 169.564011 54.648112 -91.049603
v 169.586550 54.601126 -90.832338
v 159.050879 12.639888 -101.880579
v 158.733176 13.190975 -102.453310
v 159.450292 13.200005 -101.721279
v 159.863804 12.792726 -103.272415
v 159.050879 12.639888 -101.880579
v 158.847533 13.633462 -102.629991
v 159.863804 12.792726 -103.272415
v 158.733176 13.190975 -102.453310
v 159.050879 12.639888 -101.880579
v 147.386516 53.771925 -83.574056
v 151.008583 59.147251 -85.144578
v 149.624658 53.235454 -84.370139
v 156.727375 33.243432 -90.941876
v 157.227609 33.399704 -91.368838
v 157.548347 33.366200 -91.525886
v 169.963064 22.145167 -95.980222
v 171.923548 21.181621 -94.110557
v 170.775264 22.184926 -97.857631
v 157.298744 32.918548 -90.569358
v 158.082494 31.219467 -90.802780
v 157.742110 31.438452 -90.828208
v 163.026648 34.867304 -79.371386
v 161.793876 10.489687 -73.523349
v 164.331706 35.674882 -77.923693
v 157.742110 31.438452 -90.828208
v 158.082494 31.219467 -90.802780
v 157.770364 31.632346 -90.140423
v 159.450292 13.200005 -101.721279
v 158.847533 13.633462 -102.629991
v 160.574554 12.105831 -101.730810
v 164.269853 70.646047 -78.252463
v 163.766993 71.873259 -75.629951
v 164.714325 69.614750 -78.125452
v 139.916189 85.005320 -79.738800
v 140.429646 85.869498 -78.768652
v 143.440437 86.368842 -81.470222
v 139.192706 84.373714 -79.532006
v 139.217642 84.974636 -79.137533
v 139.190735 84.521593 -79.495447
v 165.921501 60.569876 -79.890110
v 161.049202 58.132916 -83.430154
v 163.808793 60.140061 -79.734966
v 162.991007 49.215516 -78.625413
v 162.824842 46.585249 -80.675375
v 163.157356 48.056888 -79.128988
v 159.397620 58.732939 -75.810186
v 155.587290 55.862737 -76.067449
v 159.529336 55.416387 -76.610451
v 135.971586 2.185268 -90.511078
v 133.527748 7.687832 -89.124050
v 136.642694 4.910428 -87.569656
v 144.754970 84.201790 -67.799655
v 143.630996 83.273102 -67.533900
v 144.836358 83.952136 -67.828113
v 136.092312 51.862194 -75.898973
v 136.458701 52.366324 -75.936128
v 136.269172 52.098538 -76.506699
v 136.204200 52.615024 -76.002633
v 136.092312 51.862194 -75.898973
v 135.927904 53.583290 -77.118298
v 138.732498 32.977952 -85.482288
v 135.931677 32.859637 -83.744190
v 137.733204 44.246442 -82.304917
v 160.224462 40.033411 -99.280862
v 160.034431 38.896867 -99.915182
v 159.795473 41.262736 -100.136514
v 136.672623 75.364257 -78.800894
v 136.405044 59.457506 -79.239642
v 138.040643 58.481444 -72.776225
v 144.111321 45.904855 -66.175219
v 144.010219 46.011366 -69.515416
v 146.197054 32.795198 -65.444216
v 158.440531 32.049703 -97.127704
v 160.831280 17.695951 -100.483193
v 162.309525 12.132587 -102.224783
v 136.552940 78.243603 -81.179795
v 136.799474 76.451255 -78.614986
v 137.080002 76.577975 -77.697110
v 159.306160 78.537190 -70.929454
v 157.963537 78.699172 -72.469502
v 158.239093 72.158766 -69.233827
v 160.993426 84.465480 -71.065120
v 161.691129 85.301191 -72.423596
v 159.827537 85.861826 -73.575130
v 136.552940 78.243603 -81.179795
v 136.405044 59.457506 -79.239642
v 136.672623 75.364257 -78.800894
v 156.739958 71.002281 -76.364180
v 157.567509 77.068079 -74.733923
v 158.489042 71.862161 -77.448164
v 157.981258 14.624988 -100.753031
v 160.831280 17.695951 -100.483193
v 157.188270 18.676811 -101.093929
v 164.331706 35.674882 -77.923693
v 165.849608 19.345390 -74.495867
v 167.864624 32.532229 -77.056453
v 158.082494 31.219467 -90.802780
v 158.990167 30.573898 -88.733150
v 157.770364 31.632346 -90.140423
v 150.946471 19.901545 -58.282978
v 150.570878 19.286166 -58.211541
v 151.024093 18.848611 -58.456431
v 146.844459 12.669022 -61.251799
v 149.352866 3.387065 -61.749009
v 145.565117 7.942079 -59.805071
v 144.901595 76.364232 -87.917120
v 142.439120 81.438447 -85.741004
v 146.435788 79.595268 -84.417179
v 137.997521 49.574973 -78.824567
v 138.515628 48.781387 -79.732017
v 137.990667 48.592897 -78.800126
v 169.087659 32.352721 -83.379840
v 174.666917 31.491135 -88.599992
v 173.489271 38.434313 -84.836846
v 160.993426 84.465480 -71.065120
v 160.959312 80.125135 -69.907355
v 162.654933 81.564838 -72.706168
v 157.752315 61.770284 -73.903707
v 159.397620 58.732939 -75.810186
v 159.631139 62.918842 -74.368146
v 170.775264 22.184926 -97.857631
v 168.170029 22.650021 -96.816954
v 169.171419 22.238988 -97.555030
v 156.022366 79.233581 -74.147189
v 157.963537 78.699172 -72.469502
v 157.957040 82.712043 -69.602425
v 183.244285 3.687857 -76.695030
v 176.724289 10.590159 -77.088543
v 176.615089 5.354862 -75.145301
v 161.049202 58.132916 -83.430154
v 165.905261 56.224119 -87.672314
v 162.188012 53.600329 -86.825291
v 136.833616 49.018957 -71.866299
v 136.204200 52.615024 -76.002633
v 136.171079 55.955531 -77.799905
v 169.935622 21.451141 -97.868890
v 169.963064 22.145167 -95.980222
v 169.688072 22.515611 -97.777854
v 148.972163 62.613738 -85.662930
v 147.073126 61.101097 -87.923692
v 151.008583 59.147251 -85.144578
v 151.686660 85.938561 -80.549659
v 146.379721 84.789062 -81.122313
v 145.309891 89.902646 -82.104303
v 170.596488 18.555541 -100.212012
v 177.887454 11.330736 -105.097185
v 163.354556 16.667055 -96.545339
v 161.768210 48.033645 -83.318588
v 160.816770 48.290264 -86.933320
v 162.239875 45.610636 -83.491439
v 173.073946 48.215325 -85.249821
v 172.751672 49.136119 -83.405501
v 172.700405 47.810160 -84.403073
v 136.016745 51.740243 -76.832228
v 135.927904 53.583290 -77.118298
v 136.092312 51.862194 -75.898973
v 169.564011 54.648112 -91.049603
v 169.746553 54.882907 -91.167806
v 169.101822 54.866384 -90.929492
v 162.765052 61.009246 -79.445099
v 161.346008 63.869405 -79.156231
v 162.385054 61.647248 -77.166930
v 140.747863 57.373859 -69.949335
v 138.040643 58.481444 -72.776225
v 136.833616 49.018957 -71.866299
v 159.615540 37.482705 -87.269289
v 159.631360 37.447136 -87.251687
v 159.619557 37.448483 -87.255978
v 155.629974 62.266803 -69.575445
v 154.953197 60.493517 -69.774278
v 157.109526 62.995696 -72.120504
v 161.049202 58.132916 -83.430154
v 157.370697 62.498039 -79.012337
v 162.765052 61.009246 -79.445099
v 136.705885 77.516372 -77.800208
v 138.343840 82.690717 -76.145727
v 138.811706 83.440001 -78.974629
v 158.262386 29.784327 -89.117452
v 156.727375 33.243432 -90.941876
v 159.513520 25.013849 -88.377567
v 169.934696 9.880819 -81.439348
v 171.877701 9.007846 -79.336203
v 171.476379 9.276985 -79.496046
v 160.047777 70.982927 -78.531533
v 158.489042 71.862161 -77.448164
v 160.062556 75.165164 -76.469080
v 143.630996 83.273102 -67.533900
v 144.212596 82.849134 -66.868265
v 143.489625 82.069029 -67.222248
v 153.980315 5.000922 -76.489750
v 156.989415 13.942146 -78.645491
v 152.261480 2.232242 -78.112714
v 150.905915 22.008821 -58.607931
v 150.102721 35.663707 -61.174216
v 146.292122 27.252717 -58.459078
v 166.164498 41.245647 -98.956865
v 160.506435 39.143836 -98.532063
v 161.940508 48.061149 -97.241554
v 184.983852 6.786177 -101.538838
v 186.555552 10.040531 -99.673911
v 181.957657 7.746071 -97.650592
v 139.254466 53.456671 -81.396108
v 138.779906 53.621728 -82.196603
v 140.059703 53.267516 -81.242634
v 171.800596 46.546595 -85.802151
v 175.381906 37.964733 -89.394263
v 172.579213 42.794855 -93.587299
v 140.089615 54.032035 -81.850333
v 144.059574 53.888256 -84.073802
v 140.059703 53.267516 -81.242634
v 138.693736 50.313730 -80.273520
v 138.200807 46.940343 -81.850145
v 138.559237 49.926589 -78.821597
v 143.298381 80.421592 -66.017350
v 143.662864 81.203695 -66.225898
v 142.910949 81.590392 -66.489194
v 159.033680 33.765804 -100.059437
v 159.678584 33.087044 -97.582153
v 158.440531 32.049703 -97.127704
v 163.157356 48.056888 -79.128988
v 163.632313 44.893157 -81.212755
v 165.896180 48.518860 -79.935370
v 137.733204 44.246442 -82.304917
v 138.430301 45.322276 -82.190978
v 139.200109 45.183058 -83.785171
v 149.811601 83.644665 -74.911734
v 149.377705 82.786048 -79.273756
v 151.686660 85.938561 -80.549659
v 153.749638 53.599501 -80.686133
v 155.368056 54.626370 -81.402438
v 155.001598 54.206819 -78.427752
v 158.206803 46.721047 -79.548815
v 157.623152 46.309015 -79.397278
v 162.824842 46.585249 -80.675375
v 161.768210 48.033645 -83.318588
v 159.015638 47.860208 -86.014190
v 160.816770 48.290264 -86.933320
v 166.485221 17.614906 -78.618999
v 166.837604 20.845094 -77.992260
v 165.502506 13.269430 -75.280439
v 157.188270 18.676811 -101.093929
v 159.863804 12.792726 -103.272415
v 158.847533 13.633462 -102.629991
v 151.418027 17.238478 -58.664066
v 151.421880 17.020474 -58.567577
v 150.570878 19.286166 -58.211541
v 154.832043 38.865247 -97.092027
v 155.438403 40.090841 -96.202192
v 154.557037 38.338103 -97.243546
v 165.502506 13.269430 -75.280439
v 165.849608 19.345390 -74.495867
v 161.793876 10.489687 -73.523349
v 161.673116 66.850436 -74.028479
v 161.907558 64.397222 -73.359596
v 162.020991 62.316191 -73.769854
v 163.394386 46.560916 -81.347504
v 157.623152 46.309015 -79.397278
v 158.287327 46.324709 -79.878920
v 179.088357 18.577281 -98.713407
v 171.923548 21.181621 -94.110557
v 177.311400 17.221261 -91.362449
v 155.587290 55.862737 -76.067449
v 155.001598 54.206819 -78.427752
v 156.851443 51.720119 -79.486358
v 137.080002 76.577975 -77.697110
v 139.022997 71.349873 -73.051867
v 136.981382 76.006706 -74.116467
v 160.022630 15.752994 -90.830155
v 161.138109 19.061121 -83.128046
v 158.588615 19.317728 -91.725314
v 150.977518 19.726585 -58.393987
v 150.946471 19.901545 -58.282978
v 150.905915 22.008821 -58.607931
v 148.140180 91.374678 -70.650349
v 147.101646 84.072209 -67.865050
v 150.632643 93.940467 -72.436011
v 152.885998 94.059641 -77.916819
v 148.654700 96.788538 -76.463556
v 150.632643 93.940467 -72.436011
v 153.656165 29.581081 -100.105250
v 154.176972 36.473122 -98.344845
v 156.524362 38.913112 -100.106396
v 159.494117 26.569127 -92.219825
v 159.743600 25.454172 -91.147732
v 158.284575 29.845851 -90.500821
v 144.010219 46.011366 -69.515416
v 141.414392 44.432120 -74.016591
v 146.383958 44.857887 -73.707700
v 151.582929 76.333356 -73.752142
v 152.312391 79.067851 -72.840149
v 151.908359 78.326464 -72.547900
v 161.138109 19.061121 -83.128046
v 160.022630 15.752994 -90.830155
v 163.406663 14.773580 -82.590257
v 166.676839 46.223234 -81.040629
v 173.167983 41.890656 -80.096131
v 169.389733 46.749242 -82.052594
v 160.154954 50.759059 -78.168539
v 162.261406 50.049394 -78.717725
v 160.644226 49.250909 -78.548110
v 138.287186 50.366558 -78.745223
v 137.923971 49.910162 -78.458609
v 137.966255 49.548273 -78.441260
v 146.197054 32.795198 -65.444216
v 144.367709 22.048689 -59.876140
v 145.941149 34.694724 -62.446008
v 157.188053 4.326201 -78.906856
v 161.300221 5.124667 -78.958224
v 159.395149 7.142252 -75.786896
v 148.545909 45.250366 -74.259045
v 152.334116 48.901430 -72.824422
v 148.617231 43.928618 -72.524356
v 170.528148 41.962583 -97.295434
v 174.319748 36.761035 -93.306283
v 169.408021 33.861904 -98.472453
v 137.480192 50.978495 -78.421789
v 136.471175 50.942411 -75.904992
v 136.016745 51.740243 -76.832228
v 163.454667 12.737827 -99.975116
v 160.831280 17.695951 -100.483193
v 157.981258 14.624988 -100.753031
v 135.687041 56.429161 -78.906680
v 137.364622 58.678843 -80.759376
v 136.542695 54.965629 -78.634897
v 170.528148 41.962583 -97.295434
v 161.940508 48.061149 -97.241554
v 168.034583 49.225365 -91.106659
v 154.207804 44.953353 -64.266507
v 155.080777 51.773972 -69.402089
v 154.953197 60.493517 -69.774278
v 143.424665 54.685850 -64.449529
v 141.148454 47.639684 -65.717284
v 145.822313 49.499087 -62.076173
v 171.230698 30.400263 -78.886088
v 171.678554 35.804670 -79.156692
v 165.849608 19.345390 -74.495867
v 138.811706 83.440001 -78.974629
v 140.152845 85.739316 -78.738924
v 140.047026 85.824336 -78.627406
v 169.591940 54.791044 -90.760449
v 169.586550 54.601126 -90.832338
v 168.390941 54.641001 -89.004423
v 159.450292 13.200005 -101.721279
v 157.981258 14.624988 -100.753031
v 159.050879 12.639888 -101.880579
v 141.589948 65.801837 -68.153307
v 139.022997 71.349873 -73.051867
v 144.824782 60.014356 -67.431421
v 144.367709 22.048689 -59.876140
v 146.844459 12.669022 -61.251799
v 146.719053 12.839068 -59.024028
v 161.768210 48.033645 -83.318588
v 157.297636 49.649978 -83.108284
v 158.568052 48.855757 -83.992841
v 164.654334 1.746826 -90.891662
v 166.689340 0.538077 -93.512341
v 165.283126 3.035333 -92.335382
v 162.654933 81.564838 -72.706168
v 160.163880 77.686006 -76.436459
v 160.091943 83.346605 -73.608075
v 172.751672 49.136119 -83.405501
v 170.593816 50.816893 -81.560192
v 170.356892 48.543932 -80.215039
v 158.287327 46.324709 -79.878920
v 157.164647 47.959071 -79.320997
v 158.206803 46.721047 -79.548815
v 143.662864 81.203695 -66.225898
v 143.298381 80.421592 -66.017350
v 144.212596 82.849134 -66.868265
v 159.770267 11.774403 -76.334033
v 156.989415 13.942146 -78.645491
v 153.980315 5.000922 -76.489750
v 136.542695 54.965629 -78.634897
v 136.171079 55.955531 -77.799905
v 136.253055 56.827070 -78.997446
v 165.295364 11.558731 -90.883929
v 174.758763 11.127217 -93.407681
v 169.554120 11.730917 -88.439696
v 144.824782 60.014356 -67.431421
v 148.535759 58.062709 -64.190053
v 144.646923 62.263728 -66.430613
v 177.018600 17.921818 -102.533544
v 185.035187 11.826822 -105.596593
v 177.887454 11.330736 -105.097185
v 162.873634 50.933181 -91.175775
v 168.034583 49.225365 -91.106659
v 161.940508 48.061149 -97.241554
v 169.586550 54.601126 -90.832338
v 169.101822 54.866384 -90.929492
v 168.390941 54.641001 -89.004423
v 161.189627 53.905284 -87.113921
v 162.188012 53.600329 -86.825291
v 163.392362 53.803491 -91.365574
v 168.393371 23.150294 -80.092077
v 171.122939 27.809878 -83.030269
v 166.208642 25.801312 -81.198054
v 168.846988 51.261007 -91.966595
v 168.341369 50.846123 -92.343134
v 168.586234 51.053267 -92.250416
v 157.188270 18.676811 -101.093929
v 160.831280 17.695951 -100.483193
v 154.502931 26.572904 -98.744485
v 175.005399 8.224417 -86.209088
v 169.554120 11.730917 -88.439696
v 177.882421 13.902257 -90.859053
v 136.471175 50.942411 -75.904992
v 137.599635 48.920186 -73.455057
v 136.458701 52.366324 -75.936128
v 168.170029 22.650021 -96.816954
v 169.688072 22.515611 -97.777854
v 166.821644 21.893428 -97.909987
v 156.540482 35.233244 -91.260856
v 156.943544 34.973138 -90.906801
v 158.958700 42.031061 -87.028281
v 155.368056 54.626370 -81.402438
v 154.994215 53.733408 -83.937561
v 157.297636 49.649978 -83.108284
v 169.934696 9.880819 -81.439348
v 173.439807 9.354078 -77.896997
v 171.877701 9.007846 -79.336203
v 158.568052 48.855757 -83.992841
v 157.653076 49.103427 -84.364385
v 158.100886 49.257684 -84.272884
v 161.346008 63.869405 -79.156231
v 159.803377 68.217105 -78.373837
v 162.722920 69.665545 -78.943880
v 140.059703 53.267516 -81.242634
v 138.779906 53.621728 -82.196603
v 139.546477 53.621615 -81.842365
v 140.059703 53.267516 -81.242634
v 139.200109 45.183058 -83.785171
v 137.990145 49.076347 -80.282729
v 173.905809 26.075627 -93.905387
v 174.666917 31.491135 -88.599992
v 173.365965 26.279722 -85.134721
v 160.034431 38.896867 -99.915182
v 160.506435 39.143836 -98.532063
v 159.033680 33.765804 -100.059437
v 148.207183 66.055197 -88.062870
v 146.632373 65.356815 -86.243736
v 150.515953 61.285031 -84.469719
v 166.155142 30.528187 -81.257859
v 166.856713 26.214212 -80.344991
v 164.286832 22.270677 -80.035660
v 141.148454 47.639684 -65.717284
v 144.111321 45.904855 -66.175219
v 146.690984 45.292787 -62.328500
v 143.864679 94.227935 -77.381908
v 148.654700 96.788538 -76.463556
v 149.008068 95.049596 -80.575488
v 151.313705 17.015613 -58.343977
v 152.189907 17.949740 -59.283290
v 151.418027 17.238478 -58.664066
v 139.217642 84.974636 -79.137533
v 139.160474 84.432824 -79.312194
v 140.047026 85.824336 -78.627406
v 144.824782 60.014356 -67.431421
v 144.646923 62.263728 -66.430613
v 141.589948 65.801837 -68.153307
v 158.440531 32.049703 -97.127704
v 154.502931 26.572904 -98.744485
v 160.831280 17.695951 -100.483193
v 169.521145 11.733358 -97.954795
v 171.264349 8.245937 -100.423101
v 163.202230 7.676350 -96.029177
v 141.783885 82.526387 -67.051453
v 142.810729 81.360419 -66.684300
v 143.298381 80.421592 -66.017350
v 184.196292 6.776650 -82.136750
v 183.252468 1.971282 -81.040824
v 181.711192 2.952833 -84.114104
v 141.783885 82.526387 -67.051453
v 143.630996 83.273102 -67.533900
v 143.200899 84.659196 -68.937058
v 142.910949 81.590392 -66.489194
v 142.810729 81.360419 -66.684300
v 144.212596 82.849134 -66.868265
v 162.740993 63.825989 -74.819327
v 161.907558 64.397222 -73.359596
v 161.673116 66.850436 -74.028479
v 137.364622 58.678843 -80.759376
v 145.049723 66.398079 -85.803331
v 141.332710 55.086411 -84.542052
v 162.740993 63.825989 -74.819327
v 161.884746 64.254349 -73.329962
v 162.020991 62.316191 -73.769854
v 164.504269 48.273402 -78.287101
v 163.157356 48.056888 -79.128988
v 165.896180 48.518860 -79.935370
v 146.199048 66.128892 -85.680522
v 147.015356 69.755686 -86.001329
v 148.112536 64.310563 -85.415774
v 157.567509 77.068079 -74.733923
v 157.199181 79.081238 -74.232972
v 156.022366 79.233581 -74.147189
v 177.887454 11.330736 -105.097185
v 184.464453 7.976222 -105.608040
v 181.495757 6.577835 -104.017362
v 138.287186 50.366558 -78.745223
v 137.997521 49.574973 -78.824567
v 138.168648 50.187565 -79.318375
v 151.968794 85.411716 -71.738992
v 151.640699 80.709231 -73.254655
v 151.548524 83.915604 -74.278167
v 174.620939 22.815099 -85.321821
v 171.923548 21.181621 -94.110557
v 173.905809 26.075627 -93.905387
v 137.997521 49.574973 -78.824567
v 137.966255 49.548273 -78.441260
v 137.923971 49.910162 -78.458609
v 136.204200 52.615024 -76.002633
v 136.269172 52.098538 -76.506699
v 136.458701 52.366324 -75.936128
v 173.439807 9.354078 -77.896997
v 169.934696 9.880819 -81.439348
v 171.851360 8.989235 -79.363449
v 159.588957 31.149115 -96.152924
v 156.674162 34.535592 -95.741312
v 158.440531 32.049703 -97.127704
v 154.557037 38.338103 -97.243546
v 154.899892 38.096648 -97.360904
v 154.849176 38.250163 -97.068158
v 143.489625 82.069029 -67.222248
v 143.373479 80.506767 -66.638742
v 143.662864 81.203695 -66.225898
v 157.345920 33.434125 -90.766439
v 156.727375 33.243432 -90.941876
v 157.548347 33.366200 -91.525886
v 135.380295 52.514197 -76.891811
v 137.480192 50.978495 -78.421789
v 136.016745 51.740243 -76.832228
v 182.065891 13.217549 -81.758166
v 174.682749 20.927443 -80.513729
v 183.244285 3.687857 -76.695030
v 157.577450 78.298664 -74.350548
v 157.199181 79.081238 -74.232972
v 157.567509 77.068079 -74.733923
v 148.207183 66.055197 -88.062870
v 144.901595 76.364232 -87.917120
v 147.015356 69.755686 -86.001329
v 162.991007 49.215516 -78.625413
v 162.261406 50.049394 -78.717725
v 160.773515 51.999259 -77.606714
v 169.591940 54.791044 -90.760449
v 169.101822 54.866384 -90.929492
v 171.320113 54.291342 -88.833890
v 161.907558 64.397222 -73.359596
v 162.106118 64.804667 -74.459637
v 161.884746 64.254349 -73.329962
v 161.054602 2.905022 -94.924740
v 164.251631 1.021569 -95.901707
v 161.939326 0.000002 -93.807629
v 151.548524 83.915604 -74.278167
v 149.811601 83.644665 -74.911734
v 151.686660 85.938561 -80.549659
v 162.526117 31.024110 -83.647537
v 166.408839 28.280427 -82.499635
v 167.983745 31.690588 -82.419471
v 157.109526 62.995696 -72.120504
v 154.953197 60.493517 -69.774278
v 155.367530 63.054896 -74.666288
v 157.548347 33.366200 -91.525886
v 157.048761 34.370675 -92.658871
v 159.494117 26.569127 -92.219825
v 157.440463 62.425363 -69.496426
v 157.109526 62.995696 -72.120504
v 160.101593 65.190983 -72.348511
v 140.747863 57.373859 -69.949335
v 140.295451 58.583482 -69.176069
v 139.022997 71.349873 -73.051867
v 161.884746 64.254349 -73.329962
v 161.673116 66.850436 -74.028479
v 162.020991 62.316191 -73.769854
v 154.953197 60.493517 -69.774278
v 150.570791 62.608195 -67.271834
v 150.663683 51.922918 -62.028563
v 155.602860 62.819249 -75.947488
v 154.639132 61.948610 -78.997049
v 155.252445 62.607903 -75.854178
v 157.370697 62.498039 -79.012337
v 161.346008 63.869405 -79.156231
v 162.765052 61.009246 -79.445099
v 138.486122 45.799265 -82.317927
v 137.505848 46.982939 -78.898423
v 137.733204 44.246442 -82.304917
v 162.106118 64.804667 -74.459637
v 162.048744 67.523777 -74.006477
v 161.673116 66.850436 -74.028479
v 148.617231 43.928618 -72.524356
v 144.010219 46.011366 -69.515416
v 146.383958 44.857887 -73.707700
v 137.092926 1.648302 -87.762763
v 135.971586 2.185268 -90.511078
v 138.263564 3.309662 -88.794944
v 158.847533 13.633462 -102.629991
v 158.733176 13.190975 -102.453310
v 157.981258 14.624988 -100.753031
v 152.261480 2.232242 -78.112714
v 155.303886 1.140061 -79.989956
v 153.980315 5.000922 -76.489750
v 155.265240 70.904815 -76.723122
v 155.393897 70.116342 -68.427029
v 156.739958 71.002281 -76.364180
v 166.676839 46.223234 -81.040629
v 167.340545 48.237290 -80.837355
v 163.394386 46.560916 -81.347504
v 159.922464 58.478159 -77.373624
v 162.385054 61.647248 -77.166930
v 160.453678 60.296404 -76.872393
v 168.399836 50.841235 -92.413650
v 168.341369 50.846123 -92.343134
v 168.062356 50.561796 -92.327483
v 162.020991 62.316191 -73.769854
v 161.907558 64.397222 -73.359596
v 160.101593 65.190983 -72.348511
v 140.567078 86.682905 -78.833913
v 140.152845 85.739316 -78.738924
v 140.859489 87.253882 -78.807835
v 154.778333 38.710725 -97.341816
v 154.715074 38.562741 -97.373478
v 154.832043 38.865247 -97.092027
v 157.597507 49.204808 -84.425328
v 157.754291 50.003892 -87.588402
v 159.015638 47.860208 -86.014190
v 146.379721 84.789062 -81.122313
v 149.377705 82.786048 -79.273756
v 147.176771 80.466027 -77.335155
v 141.699919 83.131720 -83.015374
v 139.916189 85.005320 -79.738800
v 143.440437 86.368842 -81.470222
v 152.334116 48.901430 -72.824422
v 152.220703 28.575177 -62.989189
v 148.673701 25.249524 -65.056070
v 148.112536 64.310563 -85.415774
v 147.015356 69.755686 -86.001329
v 150.636191 70.870376 -84.128841
v 159.306160 78.537190 -70.929454
v 157.957040 82.712043 -69.602425
v 157.963537 78.699172 -72.469502
v 147.274799 80.225397 -64.365022
v 148.014731 80.815710 -68.107385
v 147.101646 84.072209 -67.865050
v 184.196292 6.776650 -82.136750
v 181.711192 2.952833 -84.114104
v 180.320633 8.742304 -86.029469
v 143.200899 84.659196 -68.937058
v 141.048305 85.817803 -71.198235
v 140.867494 75.379910 -68.154416
v 157.154052 79.823065 -74.716149
v 160.091943 83.346605 -73.608075
v 158.268096 79.588473 -74.236169
v 168.413761 50.888656 -92.321623
v 168.586234 51.053267 -92.250416
v 168.399836 50.841235 -92.413650
v 170.596488 18.555541 -100.212012
v 166.821644 21.893428 -97.909987
v 169.935622 21.451141 -97.868890
v 133.527748 7.687832 -89.124050
v 135.431623 19.337167 -87.421120
v 135.248681 9.524579 -87.355905
v 157.164647 47.959071 -79.320997
v 157.623152 46.309015 -79.397278
v 158.206803 46.721047 -79.548815
v 152.220703 28.575177 -62.989189
v 152.334116 48.901430 -72.824422
v 155.080777 51.773972 -69.402089
v 157.227609 33.399704 -91.368838
v 156.943544 34.973138 -90.906801
v 157.548347 33.366200 -91.525886
v 155.252445 62.607903 -75.854178
v 154.808688 65.793163 -76.961517
v 155.367530 63.054896 -74.666288
v 162.684894 68.301570 -77.795560
v 163.656281 69.079703 -78.522166
v 163.863524 69.309288 -78.378273
v 136.458701 52.366324 -75.936128
v 135.927904 53.583290 -77.118298
v 136.171079 55.955531 -77.799905
v 166.525413 49.548143 -79.334743
v 165.896180 48.518860 -79.935370
v 167.217527 49.632060 -79.557712
v 165.295364 11.558731 -90.883929
v 168.831580 11.613934 -85.744572
v 163.406663 14.773580 -82.590257
v 146.292122 27.252717 -58.459078
v 150.102721 35.663707 -61.174216
v 145.941149 34.694724 -62.446008
v 185.035187 11.826822 -105.596593
v 186.392908 12.874988 -101.202106
v 186.730504 9.405264 -104.520241
v 177.887454 11.330736 -105.097185
v 171.264349 8.245937 -100.423101
v 169.521145 11.733358 -97.954795
v 154.557037 38.338103 -97.243546
v 155.438403 40.090841 -96.202192
v 154.715074 38.562741 -97.373478
v 163.515443 22.188563 -97.463355
v 170.596488 18.555541 -100.212012
v 163.354556 16.667055 -96.545339
v 170.356892 48.543932 -80.215039
v 167.780018 50.122385 -79.849616
v 167.340545 48.237290 -80.837355
v 157.298744 32.918548 -90.569358
v 157.345920 33.434125 -90.766439
v 157.548347 33.366200 -91.525886
v 165.270418 51.980846 -90.273559
v 168.034583 49.225365 -91.106659
v 162.873634 50.933181 -91.175775
v 147.274799 80.225397 -64.365022
v 151.952192 76.643277 -67.029996
v 150.340882 79.319776 -67.972720
v 175.005399 8.224417 -86.209088
v 175.945502 2.308841 -81.973212
v 169.934696 9.880819 -81.439348
v 160.816770 48.290264 -86.933320
v 160.741661 50.729668 -89.515592
v 160.013486 47.627666 -88.727066
v 162.188012 53.600329 -86.825291
v 159.118496 52.725231 -86.736876
v 159.976829 52.733743 -87.517558
v 138.811706 83.440001 -78.974629
v 138.343840 82.690717 -76.145727
v 140.429646 85.869498 -78.768652
v 158.990167 30.573898 -88.733150
v 162.850003 25.900655 -83.712295
v 162.526117 31.024110 -83.647537
v 151.418027 17.238478 -58.664066
v 152.189907 17.949740 -59.283290
v 151.421880 17.020474 -58.567577
v 136.198077 51.346453 -76.189074
v 135.380295 52.514197 -76.891811
v 136.016745 51.740243 -76.832228
v 144.901595 76.364232 -87.917120
v 140.058562 79.610134 -87.128280
v 142.439120 81.438447 -85.741004
v 157.770364 31.632346 -90.140423
v 157.345920 33.434125 -90.766439
v 157.298744 32.918548 -90.569358
v 159.050879 12.639888 -101.880579
v 159.165436 11.795940 -102.753717
v 160.498133 9.708451 -101.702925
v 148.545909 45.250366 -74.259045
v 149.165360 47.155074 -77.351898
v 152.334116 48.901430 -72.824422
v 176.724289 10.590159 -77.088543
v 183.244285 3.687857 -76.695030
v 174.682749 20.927443 -80.513729
v 136.471175 50.942411 -75.904992
v 136.269172 52.098538 -76.506699
v 136.016745 51.740243 -76.832228
v 163.202230 7.676350 -96.029177
v 171.264349 8.245937 -100.423101
v 173.601182 6.222011 -99.001948
v 136.171079 55.955531 -77.799905
v 136.337980 53.650732 -76.835670
v 136.833616 49.018957 -71.866299
v 161.793876 10.489687 -73.523349
v 165.563756 6.214121 -75.626372
v 166.168741 9.175002 -75.493304
v 162.684894 68.301570 -77.795560
v 162.106118 64.804667 -74.459637
v 161.346008 63.869405 -79.156231
v 159.494117 26.569127 -92.219825
v 157.048761 34.370675 -92.658871
v 159.226951 25.344914 -91.887291
v 179.088357 18.577281 -98.713407
v 185.035187 11.826822 -105.596593
v 177.018600 17.921818 -102.533544
v 167.108216 6.928002 -80.563374
v 167.800845 4.441255 -79.812796
v 162.411254 7.138967 -81.406768
v 158.568052 48.855757 -83.992841
v 159.015638 47.860208 -86.014190
v 161.768210 48.033645 -83.318588
v 160.272259 40.844463 -99.743555
v 160.506435 39.143836 -98.532063
v 160.034431 38.896867 -99.915182
v 162.880682 0.323414 -91.976324
v 166.689340 0.538077 -93.512341
v 164.654334 1.746826 -90.891662
v 154.849176 38.250163 -97.068158
v 154.778333 38.710725 -97.341816
v 154.557037 38.338103 -97.243546
v 169.688072 22.515611 -97.777854
v 169.171419 22.238988 -97.555030
v 166.821644 21.893428 -97.909987
v 151.686660 85.938561 -80.549659
v 151.499049 92.008519 -81.704759
v 154.082318 90.462005 -76.829524
v 135.927904 53.583290 -77.118298
v 136.458701 52.366324 -75.936128
v 136.337980 53.650732 -76.835670
v 162.268909 30.136394 -97.916967
v 169.408021 33.861904 -98.472453
v 168.170029 22.650021 -96.816954
v 143.298381 80.421592 -66.017350
v 140.867494 75.379910 -68.154416
v 144.940628 74.916173 -63.776521
v 168.254902 58.406948 -86.225523
v 168.390941 54.641001 -89.004423
v 165.905261 56.224119 -87.672314
v 172.579213 42.794855 -93.587299
v 170.528148 41.962583 -97.295434
v 168.034583 49.225365 -91.106659
v 171.851360 8.989235 -79.363449
v 171.578819 9.895464 -79.317067
v 170.472941 9.431483 -78.486255
v 136.269172 52.098538 -76.506699
v 136.198077 51.346453 -76.189074
v 136.092312 51.862194 -75.898973
v 140.047026 85.824336 -78.627406
v 140.859489 87.253882 -78.807835
v 139.217642 84.974636 -79.137533
v 178.616491 0.826930 -79.841958
v 175.945502 2.308841 -81.973212
v 181.711192 2.952833 -84.114104
v 159.047144 49.702099 -78.727023
v 162.261406 50.049394 -78.717725
v 160.154954 50.759059 -78.168539
v 157.297636 49.649978 -83.108284
v 157.597507 49.204808 -84.425328
v 158.568052 48.855757 -83.992841
v 148.673701 25.249524 -65.056070
v 146.844459 12.669022 -61.251799
v 146.197054 32.795198 -65.444216
v 168.393371 23.150294 -80.092077
v 166.856713 26.214212 -80.344991
v 166.837604 20.845094 -77.992260
v 182.065891 13.217549 -81.758166
v 174.620939 22.815099 -85.321821
v 174.682749 20.927443 -80.513729
v 154.176972 36.473122 -98.344845
v 154.557037 38.338103 -97.243546
v 154.715074 38.562741 -97.373478
v 139.546477 53.621615 -81.842365
v 139.254466 53.456671 -81.396108
v 140.089615 54.032035 -81.850333
v 143.424665 54.685850 -64.449529
v 140.295451 58.583482 -69.176069
v 140.747863 57.373859 -69.949335
v 155.001598 54.206819 -78.427752
v 155.368056 54.626370 -81.402438
v 156.851443 51.720119 -79.486358
v 154.313384 36.263811 -97.332836
v 156.674162 34.535592 -95.741312
v 155.438403 40.090841 -96.202192
v 137.990145 49.076347 -80.282729
v 138.168648 50.187565 -79.318375
v 138.693736 50.313730 -80.273520
v 130.672374 12.456100 -83.895553
v 136.710651 27.046190 -79.144002
v 131.791719 23.802881 -81.641386
v 151.408413 17.145584 -58.606174
v 150.570878 19.286166 -58.211541
v 150.355514 7.698457 -57.608814
v 176.615089 5.354862 -75.145301
v 173.439807 9.354078 -77.896997
v 166.168741 9.175002 -75.493304
v 169.756420 53.288381 -91.219730
v 168.846988 51.261007 -91.966595
v 168.586234 51.053267 -92.250416
v 162.876406 69.050324 -76.096811
v 163.766993 71.873259 -75.629951
v 161.885984 75.789368 -72.501306
v 168.170029 22.650021 -96.816954
v 170.775264 22.184926 -97.857631
v 169.688072 22.515611 -97.777854
v 129.896504 4.619093 -85.416721
v 132.345132 2.293788 -87.497414
v 131.628109 4.877855 -84.886366
v 136.799474 76.451255 -78.614986
v 136.672623 75.364257 -78.800894
v 136.438772 77.580430 -77.201933
v 136.672623 75.364257 -78.800894
v 136.705885 77.516372 -77.800208
v 137.080002 76.577975 -77.697110
v 157.577450 78.298664 -74.350548
v 157.154052 79.823065 -74.716149
v 157.199181 79.081238 -74.232972
v 165.448696 52.569580 -77.642040
v 167.221087 50.717401 -79.975105
v 168.564502 50.949603 -80.478298
v 141.783885 82.526387 -67.051453
v 143.242465 82.226820 -67.360654
v 142.810729 81.360419 -66.684300
v 155.393897 70.116342 -68.427029
v 157.577450 78.298664 -74.350548
v 156.739958 71.002281 -76.364180
v 158.268096 79.588473 -74.236169
v 157.963537 78.699172 -72.469502
v 157.199181 79.081238 -74.232972
v 149.165360 47.155074 -77.351898
v 155.001598 54.206819 -78.427752
v 152.334116 48.901430 -72.824422
v 161.691129 85.301191 -72.423596
v 160.091943 83.346605 -73.608075
v 159.827537 85.861826 -73.575130
v 163.656281 69.079703 -78.522166
v 164.621378 68.855327 -77.156920
v 163.863524 69.309288 -78.378273
v 138.693736 50.313730 -80.273520
v 138.515628 48.781387 -79.732017
v 138.383971 47.449185 -80.257675
v 140.567078 86.682905 -78.833913
v 140.047026 85.824336 -78.627406
v 140.152845 85.739316 -78.738924
v 171.230698 30.400263 -78.886088
v 165.849608 19.345390 -74.495867
v 165.502506 13.269430 -75.280439
v 149.008068 95.049596 -80.575488
v 152.885998 94.059641 -77.916819
v 151.499049 92.008519 -81.704759
v 177.362412 2.012845 -76.098685
v 176.615089 5.354862 -75.145301
v 165.563756 6.214121 -75.626372
v 130.672374 12.456100 -83.895553
v 133.518702 10.769884 -84.307502
v 136.710651 27.046190 -79.144002
v 160.272259 40.844463 -99.743555
v 160.034431 38.896867 -99.915182
v 159.904972 41.740297 -98.668088
v 165.502506 13.269430 -75.280439
v 166.168741 9.175002 -75.493304
v 166.231942 10.925397 -77.383917
v 167.120024 50.888532 -80.378481
v 163.062222 49.204218 -79.671724
v 167.535964 50.398194 -80.073938
v 143.200899 84.659196 -68.937058
v 143.630996 83.273102 -67.533900
v 144.754970 84.201790 -67.799655
v 164.251631 1.021569 -95.901707
v 165.283126 3.035333 -92.335382
v 166.689340 0.538077 -93.512341
v 154.597671 37.229207 -97.762236
v 154.715074 38.562741 -97.373478
v 154.313384 36.263811 -97.332836
v 161.049202 58.132916 -83.430154
v 162.765052 61.009246 -79.445099
v 163.808793 60.140061 -79.734966
v 147.200475 66.606916 -67.509691
v 150.570791 62.608195 -67.271834
v 155.629974 62.266803 -69.575445
v 143.242465 82.226820 -67.360654
v 143.373479 80.506767 -66.638742
v 143.489625 82.069029 -67.222248
v 154.082318 90.462005 -76.829524
v 150.632643 93.940467 -72.436011
v 151.968794 85.411716 -71.738992
v 140.859489 87.253882 -78.807835
v 140.429646 85.869498 -78.768652
v 140.567078 86.682905 -78.833913
v 162.684894 68.301570 -77.795560
v 162.722920 69.665545 -78.943880
v 163.656281 69.079703 -78.522166
v 156.674162 34.535592 -95.741312
v 159.494117 26.569127 -92.219825
v 159.226951 25.344914 -91.887291
v 169.864138 6.268503 -95.149423
v 165.295364 11.558731 -90.883929
v 167.349615 8.823358 -91.546373
v 159.631139 62.918842 -74.368146
v 160.101593 65.190983 -72.348511
v 157.109526 62.995696 -72.120504
v 163.444906 70.003676 -78.507206
v 163.863524 69.309288 -78.378273
v 164.714325 69.614750 -78.125452
v 177.362412 2.012845 -76.098685
v 178.616491 0.826930 -79.841958
v 183.252468 1.971282 -81.040824
v 138.486122 45.799265 -82.317927
v 138.113108 45.602269 -82.508040
v 138.430301 45.322276 -82.190978
v 154.313384 36.263811 -97.332836
v 154.899892 38.096648 -97.360904
v 154.557037 38.338103 -97.243546
v 168.393371 23.150294 -80.092077
v 166.208642 25.801312 -81.198054
v 166.856713 26.214212 -80.344991
v 148.207183 66.055197 -88.062870
v 147.015356 69.755686 -86.001329
v 146.199048 66.128892 -85.680522
v 133.518702 10.769884 -84.307502
v 136.642694 4.910428 -87.569656
v 135.248681 9.524579 -87.355905
v 140.089615 54.032035 -81.850333
v 140.059703 53.267516 -81.242634
v 139.546477 53.621615 -81.842365
v 136.092312 51.862194 -75.898973
v 136.198077 51.346453 -76.189074
v 136.016745 51.740243 -76.832228
v 169.451510 9.095367 -79.933236
v 167.108216 6.928002 -80.563374
v 161.301395 11.309236 -79.813341
v 177.887454 11.330736 -105.097185
v 169.521145 11.733358 -97.954795
v 163.354556 16.667055 -96.545339
v 136.542695 54.965629 -78.634897
v 136.161679 53.667302 -77.790043
v 136.337980 53.650732 -76.835670
v 148.745752 64.746791 -90.076437
v 148.207183 66.055197 -88.062870
v 158.823379 57.261407 -82.637139
v 154.899892 38.096648 -97.360904
v 154.313384 36.263811 -97.332836
v 154.715074 38.562741 -97.373478
v 161.575792 67.427641 -74.662695
v 161.373506 68.442273 -74.085013
v 161.673116 66.850436 -74.028479
v 161.373506 68.442273 -74.085013
v 160.101593 65.190983 -72.348511
v 161.673116 66.850436 -74.028479
v 157.957040 82.712043 -69.602425
v 160.959312 80.125135 -69.907355
v 160.993426 84.465480 -71.065120
v 172.840367 50.343888 -85.254370
v 172.563192 48.668300 -83.930944
v 172.461707 48.211055 -83.715100
v 165.563756 6.214121 -75.626372
v 176.615089 5.354862 -75.145301
v 166.168741 9.175002 -75.493304
v 159.127386 24.532969 -95.643451
v 163.515443 22.188563 -97.463355
v 158.588615 19.317728 -91.725314
v 184.983852 6.786177 -101.538838
v 173.601182 6.222011 -99.001948
v 181.495757 6.577835 -104.017362
v 159.229636 47.978353 -77.610484
v 157.346664 47.645620 -79.489066
v 160.038071 47.716394 -78.097772
v 147.539535 71.134437 -63.792248
v 155.820373 67.763323 -66.482425
v 149.891645 75.023360 -63.160099
v 171.264349 8.245937 -100.423101
v 181.495757 6.577835 -104.017362
v 173.601182 6.222011 -99.001948
v 139.200109 45.183058 -83.785171
v 138.732498 32.977952 -85.482288
v 137.733204 44.246442 -82.304917
v 143.373479 80.506767 -66.638742
v 142.910949 81.590392 -66.489194
v 143.662864 81.203695 -66.225898
v 162.106118 64.804667 -74.459637
v 161.673116 66.850436 -74.028479
v 161.884746 64.254349 -73.329962
v 160.091943 83.346605 -73.608075
v 160.163880 77.686006 -76.436459
v 158.268096 79.588473 -74.236169
v 159.084846 8.315578 -90.053227
v 164.654334 1.746826 -90.891662
v 165.097476 9.084987 -91.282491
v 169.935622 21.451141 -97.868890
v 168.170029 22.650021 -96.816954
v 169.963064 22.145167 -95.980222
v 162.850003 25.900655 -83.712295
v 166.408839 28.280427 -82.499635
v 162.526117 31.024110 -83.647537
v 136.171079 55.955531 -77.799905
v 135.927904 53.583290 -77.118298
v 136.405044 59.457506 -79.239642
v 167.662479 51.706498 -91.698607
v 168.846988 51.261007 -91.966595
v 168.062356 50.561796 -92.327483
v 154.639132 61.948610 -78.997049
v 157.370697 62.498039 -79.012337
v 156.250316 59.101927 -81.352303
v 172.563192 48.668300 -83.930944
v 172.840367 50.343888 -85.254370
v 172.751672 49.136119 -83.405501
v 144.367709 22.048689 -59.876140
v 146.197054 32.795198 -65.444216
v 146.844459 12.669022 -61.251799
v 145.309891 89.902646 -82.104303
v 146.379721 84.789062 -81.122313
v 143.440437 86.368842 -81.470222
v 164.269853 70.646047 -78.252463
v 163.863524 69.309288 -78.378273
v 164.621378 68.855327 -77.156920
v 138.779906 53.621728 -82.196603
v 141.332710 55.086411 -84.542052
v 139.546477 53.621615 -81.842365
v 162.048744 67.523777 -74.006477
v 161.575792 67.427641 -74.662695
v 161.799269 67.228293 -74.176115
v 136.471175 50.942411 -75.904992
v 136.458701 52.366324 -75.936128
v 136.092312 51.862194 -75.898973
v 169.591940 54.791044 -90.760449
v 169.564011 54.648112 -91.049603
v 169.101822 54.866384 -90.929492
v 184.983852 6.786177 -101.538838
v 181.495757 6.577835 -104.017362
v 184.464453 7.976222 -105.608040
v 159.529336 55.416387 -76.610451
v 155.587290 55.862737 -76.067449
v 156.851443 51.720119 -79.486358
v 156.674162 34.535592 -95.741312
v 154.313384 36.263811 -97.332836
v 154.502931 26.572904 -98.744485
v 149.811601 83.644665 -74.911734
v 151.548524 83.915604 -74.278167
v 150.357636 81.269307 -74.894308
v 147.931640 60.575271 -90.535985
v 157.151245 54.095572 -84.468804
v 154.994215 53.733408 -83.937561
v 158.284575 29.845851 -90.500821
v 157.770364 31.632346 -90.140423
v 158.262386 29.784327 -89.117452
v 179.088357 18.577281 -98.713407
v 177.018600 17.921818 -102.533544
v 170.775264 22.184926 -97.857631
v 159.015230 6.492948 -80.290759
v 162.411254 7.138967 -81.406768
v 161.300221 5.124667 -78.958224
v 138.042063 50.606336 -76.942300
v 137.505848 46.982939 -78.898423
v 137.480192 50.978495 -78.421789
v 156.931476 51.417440 -84.879410
v 159.015638 47.860208 -86.014190
v 158.100886 49.257684 -84.272884
v 149.165360 47.155074 -77.351898
v 148.545909 45.250366 -74.259045
v 146.383958 44.857887 -73.707700
v 148.274575 50.055713 -81.456014
v 153.749638 53.599501 -80.686133
v 149.165360 47.155074 -77.351898
v 160.644226 49.250909 -78.548110
v 160.038071 47.716394 -78.097772
v 162.824842 46.585249 -80.675375
v 138.040643 58.481444 -72.776225
v 140.747863 57.373859 -69.949335
v 136.672623 75.364257 -78.800894
v 177.311400 17.221261 -91.362449
v 174.875523 19.197805 -88.240680
v 179.338734 14.999027 -88.350024
v 158.284575 29.845851 -90.500821
v 158.990167 30.573898 -88.733150
v 158.082494 31.219467 -90.802780
v 136.862036 75.748028 -78.400337
v 137.080002 76.577975 -77.697110
v 136.799474 76.451255 -78.614986
v 138.113108 45.602269 -82.508040
v 139.200109 45.183058 -83.785171
v 138.430301 45.322276 -82.190978
v 144.940628 74.916173 -63.776521
v 149.891645 75.023360 -63.160099
v 147.274799 80.225397 -64.365022
v 166.305964 15.486252 -79.804828
v 169.934696 9.880819 -81.439348
v 171.578819 9.895464 -79.317067
v 148.535759 58.062709 -64.190053
v 145.822313 49.499087 -62.076173
v 150.663683 51.922918 -62.028563
v 156.727375 33.243432 -90.941876
v 157.770364 31.632346 -90.140423
v 157.298744 32.918548 -90.569358
v 150.724500 61.590410 -83.386964
v 154.639132 61.948610 -78.997049
v 153.600923 59.926355 -80.539211
v 138.113108 45.602269 -82.508040
v 138.486122 45.799265 -82.317927
v 137.733204 44.246442 -82.304917
v 138.200807 46.940343 -81.850145
v 137.990145 49.076347 -80.282729
v 138.515628 48.781387 -79.732017
v 141.783885 82.526387 -67.051453
v 143.298381 80.421592 -66.017350
v 142.910949 81.590392 -66.489194
v 144.836358 83.952136 -67.828113
v 144.212596 82.849134 -66.868265
v 147.101646 84.072209 -67.865050
v 163.229616 37.720447 -80.295555
v 163.168855 44.698095 -81.056248
v 162.479715 34.680575 -81.630580
v 157.156126 51.272130 -88.884470
v 159.692940 52.752190 -85.919634
v 160.741661 50.729668 -89.515592
v 160.013486 47.627666 -88.727066
v 162.873634 50.933181 -91.175775
v 158.014465 47.218993 -96.418547
v 171.122939 27.809878 -83.030269
v 174.682749 20.927443 -80.513729
v 173.365965 26.279722 -85.134721
v 159.015230 6.492948 -80.290759
v 157.188053 4.326201 -78.906856
v 155.103999 5.270228 -81.001302
v 166.305964 15.486252 -79.804828
v 164.320335 17.647799 -79.335361
v 163.406663 14.773580 -82.590257
v 182.065891 13.217549 -81.758166
v 183.244285 3.687857 -76.695030
v 184.196292 6.776650 -82.136750
v 139.160474 84.432824 -79.312194
v 138.811706 83.440001 -78.974629
v 139.192706 84.373714 -79.532006
v 160.574554 12.105831 -101.730810
v 158.847533 13.633462 -102.629991
v 159.050879 12.639888 -101.880579
v 137.599635 48.920186 -73.455057
v 144.111321 45.904855 -66.175219
v 141.148454 47.639684 -65.717284
v 167.662479 51.706498 -91.698607
v 168.413761 50.888656 -92.321623
v 168.341369 50.846123 -92.343134
v 158.082494 31.219467 -90.802780
v 157.298744 32.918548 -90.569358
v 157.548347 33.366200 -91.525886
v 138.168648 50.187565 -79.318375
v 137.997521 49.574973 -78.824567
v 137.923971 49.910162 -78.458609
v 143.082339 69.587547 -85.858815
v 140.546330 70.684946 -86.205683
v 143.132370 63.816840 -90.307428
v 161.010100 53.919053 -78.021415
v 165.448696 52.569580 -77.642040
v 161.650318 56.353569 -76.966836
v 136.161679 53.667302 -77.790043
v 138.779906 53.621728 -82.196603
v 135.380295 52.514197 -76.891811
v 157.199181 79.081238 -74.232972
v 157.963537 78.699172 -72.469502
v 156.022366 79.233581 -74.147189
v 149.472354 77.436841 -74.399707
v 151.582929 76.333356 -73.752142
v 148.078075 76.075089 -83.916309
v 158.014465 47.218993 -96.418547
v 155.172078 39.731752 -98.160126
v 155.438403 40.090841 -96.202192
v 137.990145 49.076347 -80.282729
v 138.383971 47.449185 -80.257675
v 138.515628 48.781387 -79.732017
v 135.927904 53.583290 -77.118298
v 136.253055 56.827070 -78.997446
v 136.405044 59.457506 -79.239642
v 168.254902 58.406948 -86.225523
v 170.544618 58.583890 -84.192975
v 171.320113 54.291342 -88.833890
v 149.472354 77.436841 -74.399707
v 150.288980 79.913688 -73.604657
v 151.728950 78.868265 -72.858101
v 133.518702 10.769884 -84.307502
v 131.841610 8.127515 -83.339980
v 136.642694 4.910428 -87.569656
v 163.632313 44.893157 -81.212755
v 163.394386 46.560916 -81.347504
v 165.896180 48.518860 -79.935370
v 146.199048 66.128892 -85.680522
v 146.632373 65.356815 -86.243736
v 148.207183 66.055197 -88.062870
v 136.542695 54.965629 -78.634897
v 135.927904 53.583290 -77.118298
v 135.687041 56.429161 -78.906680
v 173.167983 41.890656 -80.096131
v 171.678554 35.804670 -79.156692
v 173.489271 38.434313 -84.836846
v 162.479715 34.680575 -81.630580
v 167.983745 31.690588 -82.419471
v 166.155142 30.528187 -81.257859
v 137.997521 49.574973 -78.824567
v 138.287186 50.366558 -78.745223
v 138.515628 48.781387 -79.732017
v 162.874142 25.727068 -98.757396
v 163.515443 22.188563 -97.463355
v 159.127386 24.532969 -95.643451
v 162.684894 68.301570 -77.795560
v 161.346008 63.869405 -79.156231
v 162.722920 69.665545 -78.943880
v 163.632313 44.893157 -81.212755
v 163.229616 37.720447 -80.295555
v 164.331706 35.674882 -77.923693
v 144.940628 74.916173 -63.776521
v 147.539535 71.134437 -63.792248
v 149.891645 75.023360 -63.160099
v 161.054363 49.116587 -77.223721
v 162.662649 48.372140 -78.106088
v 164.504269 48.273402 -78.287101
v 137.364622 58.678843 -80.759376
v 135.687041 56.429161 -78.906680
v 136.253055 56.827070 -78.997446
v 165.448696 52.569580 -77.642040
v 165.921501 60.569876 -79.890110
v 161.650318 56.353569 -76.966836
v 151.582929 76.333356 -73.752142
v 151.728950 78.868265 -72.858101
v 152.312391 79.067851 -72.840149
v 159.450292 13.200005 -101.721279
v 158.733176 13.190975 -102.453310
v 158.847533 13.633462 -102.629991
v 160.498133 9.708451 -101.702925
v 160.574554 12.105831 -101.730810
v 159.050879 12.639888 -101.880579
v 158.287327 46.324709 -79.878920
v 157.346664 47.645620 -79.489066
v 157.164647 47.959071 -79.320997
v 138.598735 46.180074 -78.822807
v 137.990667 48.592897 -78.800126
v 138.383971 47.449185 -80.257675
v 155.097015 4.631645 -60.941173
v 155.131783 2.499319 -62.501433
v 149.473875 10.698099 -62.260746
v 157.151245 54.095572 -84.468804
v 159.118496 52.725231 -86.736876
v 156.931476 51.417440 -84.879410
v 136.092312 51.862194 -75.898973
v 136.833616 49.018957 -71.866299
v 136.471175 50.942411 -75.904992
v 139.132386 74.843348 -87.089713
v 136.552940 78.243603 -81.179795
v 140.058562 79.610134 -87.128280
v 169.747354 54.392068 -91.359196
v 169.543759 54.681956 -91.054598
v 168.952609 54.665683 -91.745899
v 137.923971 49.910162 -78.458609
v 137.480192 50.978495 -78.421789
v 137.505848 46.982939 -78.898423
v 155.303886 1.140061 -79.989956
v 155.103999 5.270228 -81.001302
v 157.188053 4.326201 -78.906856
v 173.905809 26.075627 -93.905387
v 169.963064 22.145167 -95.980222
v 169.408021 33.861904 -98.472453
v 155.265240 70.904815 -76.723122
v 151.582929 76.333356 -73.752142
v 153.892474 71.840048 -71.083518
v 136.833616 49.018957 -71.866299
v 137.599635 48.920186 -73.455057
v 141.148454 47.639684 -65.717284
v 137.092926 1.648302 -87.762763
v 135.360333 3.501992 -85.064967
v 132.345132 2.293788 -87.497414
v 140.546330 70.684946 -86.205683
v 138.402923 69.835461 -84.434792
v 139.132386 74.843348 -87.089713
v 157.370697 62.498039 -79.012337
v 154.639132 61.948610 -78.997049
v 155.602860 62.819249 -75.947488
v 166.504460 49.313828 -78.938441
v 166.536412 49.298438 -79.037863
v 166.525413 49.548143 -79.334743
v 136.405044 59.457506 -79.239642
v 137.364622 58.678843 -80.759376
v 136.171079 55.955531 -77.799905
v 176.724289 10.590159 -77.088543
v 168.393371 23.150294 -80.092077
v 166.485221 17.614906 -78.618999
v 135.684424 14.657612 -85.208708
v 138.458069 24.666673 -80.700190
v 133.518702 10.769884 -84.307502
v 136.710651 27.046190 -79.144002
v 146.383958 44.857887 -73.707700
v 141.414392 44.432120 -74.016591
v 184.196292 6.776650 -82.136750
v 179.338734 14.999027 -88.350024
v 182.065891 13.217549 -81.758166
v 161.575792 67.427641 -74.662695
v 162.154423 67.242497 -74.503434
v 161.799269 67.228293 -74.176115
v 173.365965 26.279722 -85.134721
v 174.682749 20.927443 -80.513729
v 174.620939 22.815099 -85.321821
v 169.389733 46.749242 -82.052594
v 170.356892 48.543932 -80.215039
v 167.340545 48.237290 -80.837355
v 136.705885 77.516372 -77.800208
v 136.799474 76.451255 -78.614986
v 136.438772 77.580430 -77.201933
v 159.574630 45.596655 -99.417352
v 155.172078 39.731752 -98.160126
v 158.014465 47.218993 -96.418547
v 150.632643 93.940467 -72.436011
v 145.714665 95.754064 -73.974186
v 148.140180 91.374678 -70.650349
v 165.563756 6.214121 -75.626372
v 161.300221 5.124667 -78.958224
v 177.362412 2.012845 -76.098685
v 156.807357 81.999517 -73.004981
v 157.154052 79.823065 -74.716149
v 156.022366 79.233581 -74.147189
v 150.357636 81.269307 -74.894308
v 151.640699 80.709231 -73.254655
v 150.288980 79.913688 -73.604657
v 146.690984 45.292787 -62.328500
v 150.663683 51.922918 -62.028563
v 145.822313 49.499087 -62.076173
v 159.015638 47.860208 -86.014190
v 157.754291 50.003892 -87.588402
v 160.816770 48.290264 -86.933320
v 151.008583 59.147251 -85.144578
v 147.073126 61.101097 -87.923692
v 154.994215 53.733408 -83.937561
v 171.063918 32.881459 -81.730371
v 169.087659 32.352721 -83.379840
v 173.489271 38.434313 -84.836846
v 145.714665 95.754064 -73.974186
v 143.864679 94.227935 -77.381908
v 141.048305 85.817803 -71.198235
v 138.402923 69.835461 -84.434792
v 140.546330 70.684946 -86.205683
v 143.082339 69.587547 -85.858815
v 139.132386 74.843348 -87.089713
v 138.402923 69.835461 -84.434792
v 136.552940 78.243603 -81.179795
v 170.593816 50.816893 -81.560192
v 167.535964 50.398194 -80.073938
v 168.570062 50.631493 -81.293314
v 172.840367 50.343888 -85.254370
v 173.244737 50.195102 -88.706908
v 172.564613 52.378850 -86.634631
v 152.220703 28.575177 -62.989189
v 150.102721 35.663707 -61.174216
v 152.189907 17.949740 -59.283290
v 141.332710 55.086411 -84.542052
v 144.787781 57.532687 -86.043463
v 144.059574 53.888256 -84.073802
v 158.489042 71.862161 -77.448164
v 157.567509 77.068079 -74.733923
v 160.062556 75.165164 -76.469080
v 161.054602 2.905022 -94.924740
v 163.202230 7.676350 -96.029177
v 163.947053 4.646014 -94.713269
v 166.305964 15.486252 -79.804828
v 166.485221 17.614906 -78.618999
v 164.196368 13.465893 -77.106993
v 157.048761 34.370675 -92.658871
v 156.540482 35.233244 -91.260856
v 157.227609 33.399704 -91.368838
v 160.993426 84.465480 -71.065120
v 160.091943 83.346605 -73.608075
v 161.691129 85.301191 -72.423596
v 171.320113 54.291342 -88.833890
v 170.544618 58.583890 -84.192975
v 172.564613 52.378850 -86.634631
v 162.876406 69.050324 -76.096811
v 161.575792 67.427641 -74.662695
v 162.684894 68.301570 -77.795560
v 160.644226 49.250909 -78.548110
v 161.889383 51.049214 -79.270143
v 159.047144 49.702099 -78.727023
v 138.263564 3.309662 -88.794944
v 135.971586 2.185268 -90.511078
v 136.642694 4.910428 -87.569656
v 172.461707 48.211055 -83.715100
v 172.700405 47.810160 -84.403073
v 172.751672 49.136119 -83.405501
v 159.494117 26.569127 -92.219825
v 159.127386 24.532969 -95.643451
v 159.743600 25.454172 -91.147732
v 157.346664 47.645620 -79.489066
v 158.206803 46.721047 -79.548815
v 162.824842 46.585249 -80.675375
v 160.272259 40.844463 -99.743555
v 160.270427 40.665807 -99.235669
v 160.506435 39.143836 -98.532063
v 172.700405 47.810160 -84.403073
v 172.520760 48.078941 -84.335550
v 171.800596 46.546595 -85.802151
v 154.597671 37.229207 -97.762236
v 154.849176 38.250163 -97.068158
v 154.899892 38.096648 -97.360904
v 143.242465 82.226820 -67.360654
v 143.630996 83.273102 -67.533900
v 142.810729 81.360419 -66.684300
v 138.732498 32.977952 -85.482288
v 139.200109 45.183058 -83.785171
v 144.059574 53.888256 -84.073802
v 135.380295 52.514197 -76.891811
v 138.040643 58.481444 -72.776225
v 136.405044 59.457506 -79.239642
v 157.297636 49.649978 -83.108284
v 161.768210 48.033645 -83.318588
v 158.287327 46.324709 -79.878920
v 154.176972 36.473122 -98.344845
v 154.715074 38.562741 -97.373478
v 154.597671 37.229207 -97.762236
v 147.200475 66.606916 -67.509691
v 141.589948 65.801837 -68.153307
v 150.570791 62.608195 -67.271834
v 155.252445 62.607903 -75.854178
v 155.367530 63.054896 -74.666288
v 154.953197 60.493517 -69.774278
v 140.859489 87.253882 -78.807835
v 143.440437 86.368842 -81.470222
v 140.429646 85.869498 -78.768652
v 167.340545 48.237290 -80.837355
v 167.535964 50.398194 -80.073938
v 167.217527 49.632060 -79.557712
v 162.740993 63.825989 -74.819327
v 162.020991 62.316191 -73.769854
v 163.633403 61.139786 -75.309602
v 160.047777 70.982927 -78.531533
v 160.062556 75.165164 -76.469080
v 164.269853 70.646047 -78.252463
v 170.276316 40.781116 -77.499208
v 171.678554 35.804670 -79.156692
v 173.167983 41.890656 -80.096131
v 159.922464 58.478159 -77.373624
v 160.345670 58.869970 -77.163972
v 159.397620 58.732939 -75.810186
v 161.373506 68.442273 -74.085013
v 162.876406 69.050324 -76.096811
v 161.885984 75.789368 -72.501306
v 138.779906 53.621728 -82.196603
v 138.695691 52.940793 -81.575561
v 137.480192 50.978495 -78.421789
v 137.480192 50.978495 -78.421789
v 135.380295 52.514197 -76.891811
v 138.779906 53.621728 -82.196603
v 137.778876 58.642222 -75.775658
v 137.789755 58.607258 -75.803703
v 137.772526 58.798791 -75.898694
v 150.570791 62.608195 -67.271834
v 148.535759 58.062709 -64.190053
v 150.663683 51.922918 -62.028563
v 147.995925 62.390238 -85.127154
v 150.515953 61.285031 -84.469719
v 147.386516 53.771925 -83.574056
v 136.833616 49.018957 -71.866299
v 136.337980 53.650732 -76.835670
v 136.458701 52.366324 -75.936128
v 163.633403 61.139786 -75.309602
v 160.453678 60.296404 -76.872393
v 162.385054 61.647248 -77.166930
v 161.189627 53.905284 -87.113921
v 159.692940 52.752190 -85.919634
v 159.118496 52.725231 -86.736876
v 171.320113 54.291342 -88.833890
v 169.747354 54.392068 -91.359196
v 169.746553 54.882907 -91.167806
v 169.101822 54.866384 -90.929492
v 165.905261 56.224119 -87.672314
v 168.390941 54.641001 -89.004423
v 138.856868 53.329511 -80.424656
v 140.059703 53.267516 -81.242634
v 138.042063 50.606336 -76.942300
v 159.050879 12.639888 -101.880579
v 157.981258 14.624988 -100.753031
v 159.165436 11.795940 -102.753717
v 162.479715 34.680575 -81.630580
v 158.958700 42.031061 -87.028281
v 162.526117 31.024110 -83.647537
v 163.062222 49.204218 -79.671724
v 166.525413 49.548143 -79.334743
v 167.535964 50.398194 -80.073938
v 161.301395 11.309236 -79.813341
v 167.108216 6.928002 -80.563374
v 162.411254 7.138967 -81.406768
v 135.687041 56.429161 -78.906680
v 136.405044 59.457506 -79.239642
v 136.253055 56.827070 -78.997446
v 156.540482 35.233244 -91.260856
v 156.727375 33.243432 -90.941876
v 157.345920 33.434125 -90.766439
v 163.026648 34.867304 -79.371386
v 163.229616 37.720447 -80.295555
v 162.479715 34.680575 -81.630580
v 136.171079 55.955531 -77.799905
v 136.542695 54.965629 -78.634897
v 136.337980 53.650732 -76.835670
v 137.733204 44.246442 -82.304917
v 137.505848 46.982939 -78.898423
v 138.430301 45.322276 -82.190978
v 136.171079 55.955531 -77.799905
v 137.364622 58.678843 -80.759376
v 136.253055 56.827070 -78.997446
v 162.684894 68.301570 -77.795560
v 164.621378 68.855327 -77.156920
v 162.876406 69.050324 -76.096811
v 138.343840 82.690717 -76.145727
v 140.047026 85.824336 -78.627406
v 140.429646 85.869498 -78.768652
v 155.771258 60.605419 -74.821475
v 159.397620 58.732939 -75.810186
v 157.752315 61.770284 -73.903707
v 154.808688 65.793163 -76.961517
v 156.739958 71.002281 -76.364180
v 157.562438 66.361702 -78.515692
v 158.461046 12.276706 -80.276574
v 159.015230 6.492948 -80.290759
v 155.103999 5.270228 -81.001302
v 138.042063 50.606336 -76.942300
v 138.559237 49.926589 -78.821597
v 137.966255 49.548273 -78.441260
v 160.038071 47.716394 -78.097772
v 161.054363 49.116587 -77.223721
v 159.229636 47.978353 -77.610484
v 151.024093 18.848611 -58.456431
v 151.408413 17.145584 -58.606174
v 152.189907 17.949740 -59.283290
v 161.138109 19.061121 -83.128046
v 163.406663 14.773580 -82.590257
v 164.320335 17.647799 -79.335361
v 168.570062 50.631493 -81.293314
v 170.356892 48.543932 -80.215039
v 170.593816 50.816893 -81.560192
v 159.619557 37.448483 -87.255978
v 159.631360 37.447136 -87.251687
v 159.615540 37.482705 -87.269289
v 138.042063 50.606336 -76.942300
v 137.998676 50.553091 -78.277520
v 138.559237 49.926589 -78.821597
v 160.498133 9.708451 -101.702925
v 162.309525 12.132587 -102.224783
v 160.574554 12.105831 -101.730810
v 169.451510 9.095367 -79.933236
v 161.301395 11.309236 -79.813341
v 166.231942 10.925397 -77.383917
v 157.678170 30.080830 -102.779373
v 154.944147 25.348001 -101.210480
v 153.656165 29.581081 -100.105250
v 164.504269 48.273402 -78.287101
v 162.991007 49.215516 -78.625413
v 160.773515 51.999259 -77.606714
v 154.082318 90.462005 -76.829524
v 151.548524 83.915604 -74.278167
v 151.686660 85.938561 -80.549659
v 138.200807 46.940343 -81.850145
v 138.486122 45.799265 -82.317927
v 139.200109 45.183058 -83.785171
v 164.751623 11.984401 -93.179461
v 160.190560 9.589746 -92.956160
v 160.109829 10.350257 -90.749815
v 162.188012 53.600329 -86.825291
v 161.189627 53.905284 -87.113921
v 159.118496 52.725231 -86.736876
v 130.672374 12.456100 -83.895553
v 129.372495 5.856972 -82.766896
v 131.841610 8.127515 -83.339980
v 135.248681 9.524579 -87.355905
v 135.431623 19.337167 -87.421120
v 135.684424 14.657612 -85.208708
v 164.751623 11.984401 -93.179461
v 160.109829 10.350257 -90.749815
v 165.097476 9.084987 -91.282491
v 148.535759 58.062709 -64.190053
v 144.824782 60.014356 -67.431421
v 143.424665 54.685850 -64.449529
v 137.762021 44.493516 -77.419528
v 135.256638 32.050808 -80.270673
v 141.414392 44.432120 -74.016591
v 156.674162 34.535592 -95.741312
v 156.540482 35.233244 -91.260856
v 155.438403 40.090841 -96.202192
v 159.226951 25.344914 -91.887291
v 159.513520 25.013849 -88.377567
v 156.727375 33.243432 -90.941876
v 159.904972 41.740297 -98.668088
v 159.795473 41.262736 -100.136514
v 159.574630 45.596655 -99.417352
v 169.521145 11.733358 -97.954795
v 160.190560 9.589746 -92.956160
v 164.751623 11.984401 -93.179461
v 138.695691 52.940793 -81.575561
v 138.856868 53.329511 -80.424656
v 137.480192 50.978495 -78.421789
v 161.301395 11.309236 -79.813341
v 159.770267 11.774403 -76.334033
v 166.231942 10.925397 -77.383917
v 159.226951 25.344914 -91.887291
v 156.727375 33.243432 -90.941876
v 156.674162 34.535592 -95.741312
v 153.656165 29.581081 -100.105250
v 154.502931 26.572904 -98.744485
v 154.313384 36.263811 -97.332836
v 144.646923 62.263728 -66.430613
v 150.570791 62.608195 -67.271834
v 141.589948 65.801837 -68.153307
v 162.824842 46.585249 -80.675375
v 157.623152 46.309015 -79.397278
v 163.394386 46.560916 -81.347504
v 135.360333 3.501992 -85.064967
v 131.841610 8.127515 -83.339980
v 131.628109 4.877855 -84.886366
v 138.695691 52.940793 -81.575561
v 140.089615 54.032035 -81.850333
v 138.856868 53.329511 -80.424656
v 174.666917 31.491135 -88.599992
v 171.122939 27.809878 -83.030269
v 173.365965 26.279722 -85.134721
v 147.073126 61.101097 -87.923692
v 146.800341 63.128317 -85.804026
v 146.632373 65.356815 -86.243736
v 137.762021 44.493516 -77.419528
v 137.733204 44.246442 -82.304917
v 137.086464 40.926970 -80.597661
v 157.752315 61.770284 -73.903707
v 155.367530 63.054896 -74.666288
v 155.771258 60.605419 -74.821475
v 151.027873 19.499819 -58.430717
v 152.189907 17.949740 -59.283290
v 150.977518 19.726585 -58.393987
v 161.300221 5.124667 -78.958224
v 157.188053 4.326201 -78.906856
v 159.015230 6.492948 -80.290759
v 170.544618 58.583890 -84.192975
v 165.921501 60.569876 -79.890110
v 169.922384 56.900345 -81.081571
v 152.261480 2.232242 -78.112714
v 156.989415 13.942146 -78.645491
v 152.673018 3.215158 -80.780712
v 139.022997 71.349873 -73.051867
v 141.589948 65.801837 -68.153307
v 140.867494 75.379910 -68.154416
v 148.294362 7.696603 -57.363805
v 145.565117 7.942079 -59.805071
v 150.126917 2.904172 -58.578902
v 168.062356 50.561796 -92.327483
v 168.034583 49.225365 -91.106659
v 167.662479 51.706498 -91.698607
v 148.972163 62.613738 -85.662930
v 146.800341 63.128317 -85.804026
v 147.073126 61.101097 -87.923692
v 162.106118 64.804667 -74.459637
v 162.684894 68.301570 -77.795560
v 162.154423 67.242497 -74.503434
v 162.873634 50.933181 -91.175775
v 161.940508 48.061149 -97.241554
v 158.014465 47.218993 -96.418547
v 156.851443 51.720119 -79.486358
v 160.154954 50.759059 -78.168539
v 160.773515 51.999259 -77.606714
v 160.773515 51.999259 -77.606714
v 160.154954 50.759059 -78.168539
v 161.054363 49.116587 -77.223721
v 180.320633 8.742304 -86.029469
v 181.711192 2.952833 -84.114104
v 175.005399 8.224417 -86.209088
v 146.632373 65.356815 -86.243736
v 148.972163 62.613738 -85.662930
v 150.515953 61.285031 -84.469719
v 160.461799 11.962670 -75.673476
v 159.770267 11.774403 -76.334033
v 159.395149 7.142252 -75.786896
v 143.242465 82.226820 -67.360654
v 140.867494 75.379910 -68.154416
v 143.373479 80.506767 -66.638742
v 173.244737 50.195102 -88.706908
v 169.756420 53.288381 -91.219730
v 172.564613 52.378850 -86.634631
v 158.100886 49.257684 -84.272884
v 157.297636 49.649978 -83.108284
v 156.931476 51.417440 -84.879410
v 172.520760 48.078941 -84.335550
v 172.461707 48.211055 -83.715100
v 170.356892 48.543932 -80.215039
v 163.394386 46.560916 -81.347504
v 158.287327 46.324709 -79.878920
v 161.768210 48.033645 -83.318588
v 136.833616 49.018957 -71.866299
v 136.458701 52.366324 -75.936128
v 137.599635 48.920186 -73.455057
v 158.014465 47.218993 -96.418547
v 155.438403 40.090841 -96.202192
v 157.245386 43.155276 -89.918562
v 131.628109 4.877855 -84.886366
v 131.841610 8.127515 -83.339980
v 129.372495 5.856972 -82.766896
v 160.574554 12.105831 -101.730810
v 157.981258 14.624988 -100.753031
v 159.450292 13.200005 -101.721279
v 158.082494 31.219467 -90.802780
v 159.494117 26.569127 -92.219825
v 158.284575 29.845851 -90.500821
v 158.676073 83.743608 -73.834520
v 157.957040 82.712043 -69.602425
v 159.827537 85.861826 -73.575130
v 174.666917 31.491135 -88.599992
v 169.087659 32.352721 -83.379840
v 171.122939 27.809878 -83.030269
v 135.931677 32.859637 -83.744190
v 131.983312 25.326638 -84.747567
v 135.256638 32.050808 -80.270673
v 136.672623 75.364257 -78.800894
v 140.747863 57.373859 -69.949335
v 139.022997 71.349873 -73.051867
v 183.244285 3.687857 -76.695030
v 177.362412 2.012845 -76.098685
v 183.252468 1.971282 -81.040824
v 163.444906 70.003676 -78.507206
v 162.684894 68.301570 -77.795560
v 163.863524 69.309288 -78.378273
v 162.824842 46.585249 -80.675375
v 163.229616 37.720447 -80.295555
v 163.632313 44.893157 -81.212755
v 166.525413 49.548143 -79.334743
v 168.564502 50.949603 -80.478298
v 167.221087 50.717401 -79.975105
v 160.506435 39.143836 -98.532063
v 162.268909 30.136394 -97.916967
v 159.678584 33.087044 -97.582153
v 135.927904 53.583290 -77.118298
v 136.542695 54.965629 -78.634897
v 136.253055 56.827070 -78.997446
v 162.991007 49.215516 -78.625413
v 163.062222 49.204218 -79.671724
v 162.662649 48.372140 -78.106088
v 136.204200 52.615024 -76.002633
v 136.833616 49.018957 -71.866299
v 136.092312 51.862194 -75.898973
v 166.155142 30.528187 -81.257859
v 163.026648 34.867304 -79.371386
v 162.479715 34.680575 -81.630580
v 157.487801 24.370881 -102.973071
v 157.188270 18.676811 -101.093929
v 154.944147 25.348001 -101.210480
v 140.058562 79.610134 -87.128280
v 139.221971 83.560116 -80.231339
v 141.699919 83.131720 -83.015374
v 166.168741 9.175002 -75.493304
v 165.502506 13.269430 -75.280439
v 161.793876 10.489687 -73.523349
v 163.808793 60.140061 -79.734966
v 162.765052 61.009246 -79.445099
v 160.888892 58.994031 -77.472686
v 160.773515 51.999259 -77.606714
v 161.010100 53.919053 -78.021415
v 159.529336 55.416387 -76.610451
v 147.274799 80.225397 -64.365022
v 150.340882 79.319776 -67.972720
v 148.014731 80.815710 -68.107385
v 173.365965 26.279722 -85.134721
v 174.620939 22.815099 -85.321821
v 173.905809 26.075627 -93.905387
v 167.340545 48.237290 -80.837355
v 165.896180 48.518860 -79.935370
v 163.394386 46.560916 -81.347504
v 144.754970 84.201790 -67.799655
v 148.140180 91.374678 -70.650349
v 143.200899 84.659196 -68.937058
v 148.274575 50.055713 -81.456014
v 149.165360 47.155074 -77.351898
v 140.748541 30.479438 -84.853740
v 166.231942 10.925397 -77.383917
v 173.439807 9.354078 -77.896997
v 170.472941 9.431483 -78.486255
v 159.631139 62.918842 -74.368146
v 157.109526 62.995696 -72.120504
v 157.752315 61.770284 -73.903707
v 162.020991 62.316191 -73.769854
v 159.397620 58.732939 -75.810186
v 163.633403 61.139786 -75.309602
v 183.252468 1.971282 -81.040824
v 178.616491 0.826930 -79.841958
v 181.711192 2.952833 -84.114104
v 139.221971 83.560116 -80.231339
v 140.058562 79.610134 -87.128280
v 136.552940 78.243603 -81.179795
v 136.552940 78.243603 -81.179795
v 138.811706 83.440001 -78.974629
v 139.221971 83.560116 -80.231339
v 179.338734 14.999027 -88.350024
v 174.875523 19.197805 -88.240680
v 174.620939 22.815099 -85.321821
v 162.268909 30.136394 -97.916967
v 162.874142 25.727068 -98.757396
v 159.127386 24.532969 -95.643451
v 160.741661 50.729668 -89.515592
v 159.692940 52.752190 -85.919634
v 159.976829 52.733743 -87.517558
v 136.705885 77.516372 -77.800208
v 136.438772 77.580430 -77.201933
v 138.343840 82.690717 -76.145727
v 136.438772 77.580430 -77.201933
v 136.981382 76.006706 -74.116467
v 138.343840 82.690717 -76.145727
v 159.692940 52.752190 -85.919634
v 160.454962 56.133717 -86.449674
v 157.151245 54.095572 -84.468804
v 145.759865 82.537634 -81.735454
v 141.699919 83.131720 -83.015374
v 143.440437 86.368842 -81.470222
v 137.092926 1.648302 -87.762763
v 132.345132 2.293788 -87.497414
v 135.971586 2.185268 -90.511078
v 163.392362 53.803491 -91.365574
v 167.662479 51.706498 -91.698607
v 165.270418 51.980846 -90.273559
v 154.207804 44.953353 -64.266507
v 152.220703 28.575177 -62.989189
v 155.080777 51.773972 -69.402089
v 166.408839 28.280427 -82.499635
v 162.850003 25.900655 -83.712295
v 166.208642 25.801312 -81.198054
v 136.471175 50.942411 -75.904992
v 135.380295 52.514197 -76.891811
v 136.198077 51.346453 -76.189074
v 167.864624 32.532229 -77.056453
v 170.276316 40.781116 -77.499208
v 164.331706 35.674882 -77.923693
v 161.189627 53.905284 -87.113921
v 160.454962 56.133717 -86.449674
v 159.692940 52.752190 -85.919634
v 153.950804 59.674990 -83.224990
v 150.515953 61.285031 -84.469719
v 150.724500 61.590410 -83.386964
v 159.047144 49.702099 -78.727023
v 157.033090 48.348862 -80.012875
v 157.164647 47.959071 -79.320997
v 144.212596 82.849134 -66.868265
v 147.274799 80.225397 -64.365022
v 147.101646 84.072209 -67.865050
v 167.983745 31.690588 -82.419471
v 166.408839 28.280427 -82.499635
v 169.087659 32.352721 -83.379840
v 136.677011 26.417039 -87.301963
v 135.431623 19.337167 -87.421120
v 133.527748 7.687832 -89.124050
v 158.823379 57.261407 -82.637139
v 157.151245 54.095572 -84.468804
v 148.745752 64.746791 -90.076437
v 157.048761 34.370675 -92.658871
v 156.943544 34.973138 -90.906801
v 156.540482 35.233244 -91.260856
v 171.063918 32.881459 -81.730371
v 171.230698 30.400263 -78.886088
v 166.837604 20.845094 -77.992260
v 171.230698 30.400263 -78.886088
v 165.502506 13.269430 -75.280439
v 166.837604 20.845094 -77.992260
v 146.435788 79.595268 -84.417179
v 141.699919 83.131720 -83.015374
v 145.759865 82.537634 -81.735454
v 155.368056 54.626370 -81.402438
v 151.008583 59.147251 -85.144578
v 154.994215 53.733408 -83.937561
v 169.864138 6.268503 -95.149423
v 163.947053 4.646014 -94.713269
v 173.601182 6.222011 -99.001948
v 168.570062 50.631493 -81.293314
v 168.564502 50.949603 -80.478298
v 170.356892 48.543932 -80.215039
v 155.303886 1.140061 -79.989956
v 152.261480 2.232242 -78.112714
v 152.673018 3.215158 -80.780712
v 169.934696 9.880819 -81.439348
v 167.108216 6.928002 -80.563374
v 169.451510 9.095367 -79.933236
v 166.837604 20.845094 -77.992260
v 166.485221 17.614906 -78.618999
v 168.393371 23.150294 -80.092077
v 158.206803 46.721047 -79.548815
v 157.346664 47.645620 -79.489066
v 157.033090 48.348862 -80.012875
v 163.354556 16.667055 -96.545339
v 158.588615 19.317728 -91.725314
v 163.515443 22.188563 -97.463355
v 149.177284 82.006026 -76.464213
v 149.377705 82.786048 -79.273756
v 149.811601 83.644665 -74.911734
v 155.265240 70.904815 -76.723122
v 150.636191 70.870376 -84.128841
v 148.078075 76.075089 -83.916309
v 168.846988 51.261007 -91.966595
v 170.993551 47.333895 -89.038841
v 168.034583 49.225365 -91.106659
v 155.252445 62.607903 -75.854178
v 155.080777 51.773972 -69.402089
v 155.771258 60.605419 -74.821475
v 140.059703 53.267516 -81.242634
v 144.059574 53.888256 -84.073802
v 139.200109 45.183058 -83.785171
v 162.740993 63.825989 -74.819327
v 160.101593 65.190983 -72.348511
v 161.884746 64.254349 -73.329962
v 136.204200 52.615024 -76.002633
v 135.927904 53.583290 -77.118298
v 136.269172 52.098538 -76.506699
v 159.770267 11.774403 -76.334033
v 161.301395 11.309236 -79.813341
v 156.989415 13.942146 -78.645491
v 165.097476 9.084987 -91.282491
v 165.585135 4.936497 -92.774877
v 167.349615 8.823358 -91.546373
v 143.242465 82.226820 -67.360654
v 144.212596 82.849134 -66.868265
v 144.754970 84.201790 -67.799655
v 148.972163 62.613738 -85.662930
v 146.632373 65.356815 -86.243736
v 148.112536 64.310563 -85.415774
v 145.439302 50.402028 -83.874180
v 148.274575 50.055713 -81.456014
v 140.748541 30.479438 -84.853740
v 161.793876 10.489687 -73.523349
v 159.395149 7.142252 -75.786896
v 165.563756 6.214121 -75.626372
v 129.372495 5.856972 -82.766896
v 129.896504 4.619093 -85.416721
v 131.628109 4.877855 -84.886366
v 154.849176 38.250163 -97.068158
v 155.172078 39.731752 -98.160126
v 154.778333 38.710725 -97.341816
v 138.559237 49.926589 -78.821597
v 138.200807 46.940343 -81.850145
v 138.515628 48.781387 -79.732017
v 144.212596 82.849134 -66.868265
v 142.810729 81.360419 -66.684300
v 143.662864 81.203695 -66.225898
v 185.035187 11.826822 -105.596593
v 184.464453 7.976222 -105.608040
v 177.887454 11.330736 -105.097185
v 172.564613 52.378850 -86.634631
v 172.234317 52.064966 -84.351248
v 172.840367 50.343888 -85.254370
v 140.047026 85.824336 -78.627406
v 143.864679 94.227935 -77.381908
v 140.859489 87.253882 -78.807835
v 161.301395 11.309236 -79.813341
v 159.015230 6.492948 -80.290759
v 158.461046 12.276706 -80.276574
v 159.229636 47.978353 -77.610484
v 157.164647 47.959071 -79.320997
v 157.346664 47.645620 -79.489066
v 165.585135 4.936497 -92.774877
v 169.864138 6.268503 -95.149423
v 167.349615 8.823358 -91.546373
v 136.405044 59.457506 -79.239642
v 138.402923 69.835461 -84.434792
v 137.364622 58.678843 -80.759376
v 137.480192 50.978495 -78.421789
v 138.856868 53.329511 -80.424656
v 138.042063 50.606336 -76.942300
v 139.022997 71.349873 -73.051867
v 140.867494 75.379910 -68.154416
v 136.981382 76.006706 -74.116467
v 135.971586 2.185268 -90.511078
v 130.242757 10.104342 -87.886639
v 133.527748 7.687832 -89.124050
v 151.908359 78.326464 -72.547900
v 151.728950 78.868265 -72.858101
v 151.500055 79.415215 -71.601427
v 159.743600 25.454172 -91.147732
v 159.127386 24.532969 -95.643451
v 159.226951 25.344914 -91.887291
v 160.741661 50.729668 -89.515592
v 160.816770 48.290264 -86.933320
v 157.754291 50.003892 -87.588402
v 163.632313 44.893157 -81.212755
v 163.168855 44.698095 -81.056248
v 163.394386 46.560916 -81.347504
v 139.217642 84.974636 -79.137533
v 139.916189 85.005320 -79.738800
v 139.190735 84.521593 -79.495447
v 157.156126 51.272130 -88.884470
v 156.931476 51.417440 -84.879410
v 159.118496 52.725231 -86.736876
v 151.500055 79.415215 -71.601427
v 151.841091 80.307460 -71.927014
v 151.968794 85.411716 -71.738992
v 162.876406 69.050324 -76.096811
v 162.154423 67.242497 -74.503434
v 161.575792 67.427641 -74.662695
v 138.559237 49.926589 -78.821597
v 138.287186 50.366558 -78.745223
v 138.693736 50.313730 -80.273520
v 133.518702 10.769884 -84.307502
v 135.248681 9.524579 -87.355905
v 135.684424 14.657612 -85.208708
v 169.543759 54.681956 -91.054598
v 169.586550 54.601126 -90.832338
v 169.756420 53.288381 -91.219730
v 148.673701 25.249524 -65.056070
v 152.149212 16.373963 -60.624159
v 149.473875 10.698099 -62.260746
v 139.022997 71.349873 -73.051867
v 140.295451 58.583482 -69.176069
v 144.824782 60.014356 -67.431421
v 138.287186 50.366558 -78.745223
v 137.966255 49.548273 -78.441260
v 138.515628 48.781387 -79.732017
v 137.966255 49.548273 -78.441260
v 138.559237 49.926589 -78.821597
v 138.515628 48.781387 -79.732017
v 163.157356 48.056888 -79.128988
v 162.261406 50.049394 -78.717725
v 162.991007 49.215516 -78.625413
v 162.880682 0.323414 -91.976324
v 159.084846 8.315578 -90.053227
v 161.939326 0.000002 -93.807629
v 131.983312 25.326638 -84.747567
v 136.677011 26.417039 -87.301963
v 130.242757 10.104342 -87.886639
v 156.250316 59.101927 -81.352303
v 158.823379 57.261407 -82.637139
v 153.950804 59.674990 -83.224990
v 151.027873 19.499819 -58.430717
v 151.024093 18.848611 -58.456431
v 152.189907 17.949740 -59.283290
v 173.244737 50.195102 -88.706908
v 168.846988 51.261007 -91.966595
v 169.756420 53.288381 -91.219730
v 150.288980 79.913688 -73.604657
v 151.640699 80.709231 -73.254655
v 151.500055 79.415215 -71.601427
v 151.908359 78.326464 -72.547900
v 152.312391 79.067851 -72.840149
v 151.841091 80.307460 -71.927014
v 179.338734 14.999027 -88.350024
v 184.196292 6.776650 -82.136750
v 180.320633 8.742304 -86.029469
v 157.154052 79.823065 -74.716149
v 160.163880 77.686006 -76.436459
v 156.022366 79.233581 -74.147189
v 141.048305 85.817803 -71.198235
v 136.981382 76.006706 -74.116467
v 140.867494 75.379910 -68.154416
v 159.692940 52.752190 -85.919634
v 158.695567 54.250335 -83.441828
v 162.188012 53.600329 -86.825291
v 148.140180 91.374678 -70.650349
v 145.714665 95.754064 -73.974186
v 143.200899 84.659196 -68.937058
v 137.923971 49.910162 -78.458609
v 137.990667 48.592897 -78.800126
v 138.168648 50.187565 -79.318375
v 153.950804 59.674990 -83.224990
v 158.823379 57.261407 -82.637139
v 148.207183 66.055197 -88.062870
v 167.340545 48.237290 -80.837355
v 166.504460 49.313828 -78.938441
v 165.896180 48.518860 -79.935370
v 155.080777 51.773972 -69.402089
v 155.001598 54.206819 -78.427752
v 155.587290 55.862737 -76.067449
v 137.505848 46.982939 -78.898423
v 138.383971 47.449185 -80.257675
v 137.990667 48.592897 -78.800126
v 155.080777 51.773972 -69.402089
v 152.334116 48.901430 -72.824422
v 155.001598 54.206819 -78.427752
v 149.891645 75.023360 -63.160099
v 155.820373 67.763323 -66.482425
v 155.393897 70.116342 -68.427029
v 177.882421 13.902257 -90.859053
v 169.554120 11.730917 -88.439696
v 174.758763 11.127217 -93.407681
v 155.172078 39.731752 -98.160126
v 159.574630 45.596655 -99.417352
v 156.524362 38.913112 -100.106396
v 138.343840 82.690717 -76.145727
v 136.981382 76.006706 -74.116467
v 141.048305 85.817803 -71.198235
v 136.161679 53.667302 -77.790043
v 136.016745 51.740243 -76.832228
v 136.269172 52.098538 -76.506699
v 145.049723 66.398079 -85.803331
v 143.132370 63.816840 -90.307428
v 146.632373 65.356815 -86.243736
v 137.599635 48.920186 -73.455057
v 137.762021 44.493516 -77.419528
v 144.010219 46.011366 -69.515416
v 151.841091 80.307460 -71.927014
v 151.640699 80.709231 -73.254655
v 151.728950 78.868265 -72.858101
v 171.476379 9.276985 -79.496046
v 171.877701 9.007846 -79.336203
v 171.851360 8.989235 -79.363449
v 171.320113 54.291342 -88.833890
v 172.564613 52.378850 -86.634631
v 169.756420 53.288381 -91.219730
v 143.298381 80.421592 -66.017350
v 144.940628 74.916173 -63.776521
v 147.274799 80.225397 -64.365022
v 138.693736 50.313730 -80.273520
v 138.168648 50.187565 -79.318375
v 138.515628 48.781387 -79.732017
v 162.526117 31.024110 -83.647537
v 158.958700 42.031061 -87.028281
v 156.943544 34.973138 -90.906801
v 150.570878 19.286166 -58.211541
v 151.027873 19.499819 -58.430717
v 150.977518 19.726585 -58.393987
v 140.047026 85.824336 -78.627406
v 139.916189 85.005320 -79.738800
v 139.192706 84.373714 -79.532006
v 156.931476 51.417440 -84.879410
v 157.156126 51.272130 -88.884470
v 157.754291 50.003892 -87.588402
v 139.254466 53.456671 -81.396108
v 138.856868 53.329511 -80.424656
v 140.089615 54.032035 -81.850333
v 150.663683 51.922918 -62.028563
v 154.207804 44.953353 -64.266507
v 154.953197 60.493517 -69.774278
v 169.389733 46.749242 -82.052594
v 173.167983 41.890656 -80.096131
v 171.800596 46.546595 -85.802151
v 166.168741 9.175002 -75.493304
v 173.439807 9.354078 -77.896997
v 166.231942 10.925397 -77.383917
v 146.800341 63.128317 -85.804026
v 144.787781 57.532687 -86.043463
v 141.332710 55.086411 -84.542052
v 131.791719 23.802881 -81.641386
v 135.256638 32.050808 -80.270673
v 131.983312 25.326638 -84.747567
v 160.888892 58.994031 -77.472686
v 160.345670 58.869970 -77.163972
v 160.453678 60.296404 -76.872393
v 156.540482 35.233244 -91.260856
v 157.345920 33.434125 -90.766439
v 157.227609 33.399704 -91.368838
v 165.295364 11.558731 -90.883929
v 164.751623 11.984401 -93.179461
v 165.097476 9.084987 -91.282491
v 169.586550 54.601126 -90.832338
v 169.543759 54.681956 -91.054598
v 169.101822 54.866384 -90.929492
v 148.673701 25.249524 -65.056070
v 152.220703 28.575177 -62.989189
v 152.149212 16.373963 -60.624159
v 157.742110 31.438452 -90.828208
v 157.227609 33.399704 -91.368838
v 157.298744 32.918548 -90.569358
v 150.126917 2.904172 -58.578902
v 145.565117 7.942079 -59.805071
v 149.352866 3.387065 -61.749009
v 171.800596 46.546595 -85.802151
v 173.167983 41.890656 -80.096131
v 173.489271 38.434313 -84.836846
v 156.989415 13.942146 -78.645491
v 155.103999 5.270228 -81.001302
v 152.673018 3.215158 -80.780712
v 168.399836 50.841235 -92.413650
v 168.586234 51.053267 -92.250416
v 168.341369 50.846123 -92.343134
v 154.778333 38.710725 -97.341816
v 154.899892 38.096648 -97.360904
v 154.715074 38.562741 -97.373478
v 168.413761 50.888656 -92.321623
v 169.756420 53.288381 -91.219730
v 168.586234 51.053267 -92.250416
v 158.239093 72.158766 -69.233827
v 157.577450 78.298664 -74.350548
v 155.393897 70.116342 -68.427029
v 157.770364 31.632346 -90.140423
v 158.990167 30.573898 -88.733150
v 157.345920 33.434125 -90.766439
v 163.406663 14.773580 -82.590257
v 160.022630 15.752994 -90.830155
v 165.295364 11.558731 -90.883929
v 160.013486 47.627666 -88.727066
v 157.245386 43.155276 -89.918562
v 158.958700 42.031061 -87.028281
v 169.756420 53.288381 -91.219730
v 169.564011 54.648112 -91.049603
v 169.747354 54.392068 -91.359196
v 158.262386 29.784327 -89.117452
v 157.770364 31.632346 -90.140423
v 156.727375 33.243432 -90.941876
v 151.408413 17.145584 -58.606174
v 151.418027 17.238478 -58.664066
v 150.570878 19.286166 -58.211541
v 161.889383 51.049214 -79.270143
v 167.120024 50.888532 -80.378481
v 161.010100 53.919053 -78.021415
v 157.199181 79.081238 -74.232972
v 157.154052 79.823065 -74.716149
v 158.268096 79.588473 -74.236169
v 150.515953 61.285031 -84.469719
v 148.972163 62.613738 -85.662930
v 151.008583 59.147251 -85.144578
v 147.539535 71.134437 -63.792248
v 157.125320 64.287639 -67.101245
v 155.820373 67.763323 -66.482425
v 165.097476 9.084987 -91.282491
v 160.109829 10.350257 -90.749815
v 159.084846 8.315578 -90.053227
v 158.284575 29.845851 -90.500821
v 158.262386 29.784327 -89.117452
v 158.990167 30.573898 -88.733150
v 160.644226 49.250909 -78.548110
v 159.047144 49.702099 -78.727023
v 160.038071 47.716394 -78.097772
v 155.771258 60.605419 -74.821475
v 155.602860 62.819249 -75.947488
v 155.252445 62.607903 -75.854178
v 162.385054 61.647248 -77.166930
v 160.888892 58.994031 -77.472686
v 162.765052 61.009246 -79.445099
v 143.132370 63.816840 -90.307428
v 144.331304 66.362566 -91.425584
v 147.931640 60.575271 -90.535985
v 163.406663 14.773580 -82.590257
v 169.934696 9.880819 -81.439348
v 166.305964 15.486252 -79.804828
v 159.395149 7.142252 -75.786896
v 159.770267 11.774403 -76.334033
v 153.980315 5.000922 -76.489750
v 167.349615 8.823358 -91.546373
v 165.295364 11.558731 -90.883929
v 165.097476 9.084987 -91.282491
v 146.632373 65.356815 -86.243736
v 146.199048 66.128892 -85.680522
v 145.049723 66.398079 -85.803331
v 160.644226 49.250909 -78.548110
v 163.062222 49.204218 -79.671724
v 161.889383 51.049214 -79.270143
v 160.272259 40.844463 -99.743555
v 159.795473 41.262736 -100.136514
v 160.270427 40.665807 -99.235669
v 178.616491 0.826930 -79.841958
v 167.800845 4.441255 -79.812796
v 175.945502 2.308841 -81.973212
v 157.577450 78.298664 -74.350548
v 157.567509 77.068079 -74.733923
v 156.739958 71.002281 -76.364180
v 171.678554 35.804670 -79.156692
v 171.063918 32.881459 -81.730371
v 173.489271 38.434313 -84.836846
v 154.592497 2.802897 -59.630532
v 155.131783 2.499319 -62.501433
v 155.097015 4.631645 -60.941173
v 171.678554 35.804670 -79.156692
v 167.864624 32.532229 -77.056453
v 165.849608 19.345390 -74.495867
v 140.047026 85.824336 -78.627406
v 140.567078 86.682905 -78.833913
v 140.429646 85.869498 -78.768652
v 138.200807 46.940343 -81.850145
v 137.505848 46.982939 -78.898423
v 138.486122 45.799265 -82.317927
v 144.010219 46.011366 -69.515416
v 137.762021 44.493516 -77.419528
v 141.414392 44.432120 -74.016591
v 156.674162 34.535592 -95.741312
v 156.727375 33.243432 -90.941876
v 156.540482 35.233244 -91.260856
v 163.168855 44.698095 -81.056248
v 158.958700 42.031061 -87.028281
v 162.479715 34.680575 -81.630580
v 168.952609 54.665683 -91.745899
v 167.662479 51.706498 -91.698607
v 163.392362 53.803491 -91.365574
v 166.525413 49.548143 -79.334743
v 167.780018 50.122385 -79.849616
v 168.564502 50.949603 -80.478298
v 157.151245 54.095572 -84.468804
v 158.823379 57.261407 -82.637139
v 158.695567 54.250335 -83.441828
v 140.748541 30.479438 -84.853740
v 149.165360 47.155074 -77.351898
v 138.458069 24.666673 -80.700190
v 150.905915 22.008821 -58.607931
v 151.024093 18.848611 -58.456431
v 151.279218 19.346992 -58.504667
v 157.048761 34.370675 -92.658871
v 157.548347 33.366200 -91.525886
v 156.943544 34.973138 -90.906801
v 171.877701 9.007846 -79.336203
v 171.578819 9.895464 -79.317067
v 171.851360 8.989235 -79.363449
v 168.846988 51.261007 -91.966595
v 173.244737 50.195102 -88.706908
v 170.993551 47.333895 -89.038841
v 156.739958 71.002281 -76.364180
v 154.808688 65.793163 -76.961517
v 155.265240 70.904815 -76.723122
v 171.122939 27.809878 -83.030269
v 166.408839 28.280427 -82.499635
v 166.208642 25.801312 -81.198054
v 160.773515 51.999259 -77.606714
v 159.529336 55.416387 -76.610451
v 156.851443 51.720119 -79.486358
v 163.157356 48.056888 -79.128988
v 163.062222 49.204218 -79.671724
v 162.261406 50.049394 -78.717725
v 151.952192 76.643277 -67.029996
v 153.892474 71.840048 -71.083518
v 150.340882 79.319776 -67.972720
v 147.539535 71.134437 -63.792248
v 144.940628 74.916173 -63.776521
v 147.200475 66.606916 -67.509691
v 160.741661 50.729668 -89.515592
v 162.873634 50.933181 -91.175775
v 160.013486 47.627666 -88.727066
v 152.189907 17.949740 -59.283290
v 151.313705 17.015613 -58.343977
v 150.355514 7.698457 -57.608814
v 181.711192 2.952833 -84.114104
v 175.945502 2.308841 -81.973212
v 175.005399 8.224417 -86.209088
v 158.014465 47.218993 -96.418547
v 157.245386 43.155276 -89.918562
v 160.013486 47.627666 -88.727066
v 135.931677 32.859637 -83.744190
v 138.732498 32.977952 -85.482288
v 136.677011 26.417039 -87.301963
v 164.269853 70.646047 -78.252463
v 164.621378 68.855327 -77.156920
v 162.684894 68.301570 -77.795560
v 154.597671 37.229207 -97.762236
v 155.172078 39.731752 -98.160126
v 156.524362 38.913112 -100.106396
v 166.231942 10.925397 -77.383917
v 159.770267 11.774403 -76.334033
v 164.196368 13.465893 -77.106993
v 161.373506 68.442273 -74.085013
v 161.850558 74.045515 -70.819032
v 160.101593 65.190983 -72.348511
v 145.309891 89.902646 -82.104303
v 149.008068 95.049596 -80.575488
v 151.499049 92.008519 -81.704759
v 157.125320 64.287639 -67.101245
v 158.239093 72.158766 -69.233827
v 155.820373 67.763323 -66.482425
v 136.642694 4.910428 -87.569656
v 131.841610 8.127515 -83.339980
v 135.360333 3.501992 -85.064967
v 146.199048 66.128892 -85.680522
v 148.112536 64.310563 -85.415774
v 146.800341 63.128317 -85.804026
v 160.022630 15.752994 -90.830155
v 164.751623 11.984401 -93.179461
v 165.295364 11.558731 -90.883929
v 130.242757 10.104342 -87.886639
v 132.345132 2.293788 -87.497414
v 129.896504 4.619093 -85.416721
v 135.687041 56.429161 -78.906680
v 135.380295 52.514197 -76.891811
v 136.405044 59.457506 -79.239642
v 153.980315 5.000922 -76.489750
v 155.303886 1.140061 -79.989956
v 157.188053 4.326201 -78.906856
v 157.577450 78.298664 -74.350548
v 158.239093 72.158766 -69.233827
v 157.963537 78.699172 -72.469502
v 177.362412 2.012845 -76.098685
v 161.300221 5.124667 -78.958224
v 178.616491 0.826930 -79.841958
v 157.370697 62.498039 -79.012337
v 155.602860 62.819249 -75.947488
v 157.562438 66.361702 -78.515692
v 174.758763 11.127217 -93.407681
v 169.864138 6.268503 -95.149423
v 181.957657 7.746071 -97.650592
v 164.751623 11.984401 -93.179461
v 163.354556 16.667055 -96.545339
v 169.521145 11.733358 -97.954795
v 168.564502 50.949603 -80.478298
v 169.922384 56.900345 -81.081571
v 165.448696 52.569580 -77.642040
v 161.793876 10.489687 -73.523349
v 160.461799 11.962670 -75.673476
v 159.395149 7.142252 -75.786896
v 161.138109 19.061121 -83.128046
v 164.320335 17.647799 -79.335361
v 164.286832 22.270677 -80.035660
v 140.867494 75.379910 -68.154416
v 143.298381 80.421592 -66.017350
v 143.373479 80.506767 -66.638742
v 144.111321 45.904855 -66.175219
v 145.941149 34.694724 -62.446008
v 146.690984 45.292787 -62.328500
v 144.059574 53.888256 -84.073802
v 149.624658 53.235454 -84.370139
v 145.439302 50.402028 -83.874180
v 154.832043 38.865247 -97.092027
v 154.849176 38.250163 -97.068158
v 155.438403 40.090841 -96.202192
v 158.588615 19.317728 -91.725314
v 163.354556 16.667055 -96.545339
v 160.022630 15.752994 -90.830155
v 161.940508 48.061149 -97.241554
v 159.574630 45.596655 -99.417352
v 158.014465 47.218993 -96.418547
v 152.189907 17.949740 -59.283290
v 154.592497 2.802897 -59.630532
v 155.097015 4.631645 -60.941173
v 176.724289 10.590159 -77.088543
v 171.578819 9.895464 -79.317067
v 173.439807 9.354078 -77.896997
v 163.766993 71.873259 -75.629951
v 162.876406 69.050324 -76.096811
v 164.621378 68.855327 -77.156920
v 143.424665 54.685850 -64.449529
v 136.833616 49.018957 -71.866299
v 141.148454 47.639684 -65.717284
v 162.411254 7.138967 -81.406768
v 167.800845 4.441255 -79.812796
v 161.300221 5.124667 -78.958224
v 160.454962 56.133717 -86.449674
v 159.976829 52.733743 -87.517558
v 157.151245 54.095572 -84.468804
v 153.749638 53.599501 -80.686133
v 151.008583 59.147251 -85.144578
v 155.368056 54.626370 -81.402438
v 139.916189 85.005320 -79.738800
v 140.152845 85.739316 -78.738924
v 140.429646 85.869498 -78.768652
v 166.856713 26.214212 -80.344991
v 167.983745 31.690588 -82.419471
v 171.063918 32.881459 -81.730371
v 164.331706 35.674882 -77.923693
v 161.793876 10.489687 -73.523349
v 165.849608 19.345390 -74.495867
v 160.169966 48.338711 -77.636078
v 161.054363 49.116587 -77.223721
v 160.644226 49.250909 -78.548110
v 148.673701 25.249524 -65.056070
v 149.473875 10.698099 -62.260746
v 146.844459 12.669022 -61.251799
v 151.728950 78.868265 -72.858101
v 151.640699 80.709231 -73.254655
v 152.312391 79.067851 -72.840149
v 130.672374 12.456100 -83.895553
v 130.242757 10.104342 -87.886639
v 128.168624 6.837993 -84.243634
v 179.088357 18.577281 -98.713407
v 170.775264 22.184926 -97.857631
v 171.923548 21.181621 -94.110557
v 171.320113 54.291342 -88.833890
v 169.543759 54.681956 -91.054598
v 168.390941 54.641001 -89.004423
v 139.221971 83.560116 -80.231339
v 139.916189 85.005320 -79.738800
v 141.699919 83.131720 -83.015374
v 155.629974 62.266803 -69.575445
v 157.125320 64.287639 -67.101245
v 147.200475 66.606916 -67.509691
v 168.390941 54.641001 -89.004423
v 168.254902 58.406948 -86.225523
v 171.320113 54.291342 -88.833890
v 166.676839 46.223234 -81.040629
v 170.276316 40.781116 -77.499208
v 173.167983 41.890656 -80.096131
v 136.705885 77.516372 -77.800208
v 136.552940 78.243603 -81.179795
v 137.080002 76.577975 -77.697110
v 162.239875 45.610636 -83.491439
v 163.394386 46.560916 -81.347504
v 161.768210 48.033645 -83.318588
v 141.048305 85.817803 -71.198235
v 143.864679 94.227935 -77.381908
v 138.343840 82.690717 -76.145727
v 144.901595 76.364232 -87.917120
v 148.078075 76.075089 -83.916309
v 147.015356 69.755686 -86.001329
v 140.748541 30.479438 -84.853740
v 136.677011 26.417039 -87.301963
v 138.732498 32.977952 -85.482288
v 139.546477 53.621615 -81.842365
v 141.332710 55.086411 -84.542052
v 138.695691 52.940793 -81.575561
v 159.631139 62.918842 -74.368146
v 159.397620 58.732939 -75.810186
v 162.020991 62.316191 -73.769854
v 157.981258 14.624988 -100.753031
v 157.188270 18.676811 -101.093929
v 158.847533 13.633462 -102.629991
v 158.733176 13.190975 -102.453310
v 159.165436 11.795940 -102.753717
v 157.981258 14.624988 -100.753031
v 145.439302 50.402028 -83.874180
v 138.732498 32.977952 -85.482288
v 144.059574 53.888256 -84.073802
v 170.528148 41.962583 -97.295434
v 166.164498 41.245647 -98.956865
v 161.940508 48.061149 -97.241554
v 162.824842 46.585249 -80.675375
v 163.168855 44.698095 -81.056248
v 163.229616 37.720447 -80.295555
v 164.286832 22.270677 -80.035660
v 166.856713 26.214212 -80.344991
v 166.208642 25.801312 -81.198054
v 161.850558 74.045515 -70.819032
v 159.306160 78.537190 -70.929454
v 158.239093 72.158766 -69.233827
v 162.876406 69.050324 -76.096811
v 162.048744 67.523777 -74.006477
v 162.154423 67.242497 -74.503434
v 169.688072 22.515611 -97.777854
v 169.963064 22.145167 -95.980222
v 169.171419 22.238988 -97.555030
v 160.741661 50.729668 -89.515592
v 157.754291 50.003892 -87.588402
v 157.156126 51.272130 -88.884470
v 176.615089 5.354862 -75.145301
v 176.724289 10.590159 -77.088543
v 173.439807 9.354078 -77.896997
v 141.783885 82.526387 -67.051453
v 143.200899 84.659196 -68.937058
v 143.242465 82.226820 -67.360654
v 137.505848 46.982939 -78.898423
v 138.200807 46.940343 -81.850145
v 138.383971 47.449185 -80.257675
v 138.200807 46.940343 -81.850145
v 138.693736 50.313730 -80.273520
v 138.383971 47.449185 -80.257675
v 162.850003 25.900655 -83.712295
v 164.286832 22.270677 -80.035660
v 166.208642 25.801312 -81.198054
v 137.092926 1.648302 -87.762763
v 138.263564 3.309662 -88.794944
v 135.360333 3.501992 -85.064967
v 158.284575 29.845851 -90.500821
v 157.742110 31.438452 -90.828208
v 157.770364 31.632346 -90.140423
v 158.990167 30.573898 -88.733150
v 156.943544 34.973138 -90.906801
v 157.345920 33.434125 -90.766439
v 162.874142 25.727068 -98.757396
v 162.268909 30.136394 -97.916967
v 168.170029 22.650021 -96.816954
v 171.063918 32.881459 -81.730371
v 166.837604 20.845094 -77.992260
v 166.856713 26.214212 -80.344991
v 177.887454 11.330736 -105.097185
v 170.596488 18.555541 -100.212012
v 177.018600 17.921818 -102.533544
v 157.033090 48.348862 -80.012875
v 158.287327 46.324709 -79.878920
v 158.206803 46.721047 -79.548815
v 174.875523 19.197805 -88.240680
v 171.923548 21.181621 -94.110557
v 174.620939 22.815099 -85.321821
v 162.662649 48.372140 -78.106088
v 160.644226 49.250909 -78.548110
v 162.991007 49.215516 -78.625413
v 136.471175 50.942411 -75.904992
v 137.762021 44.493516 -77.419528
v 137.599635 48.920186 -73.455057
v 140.859489 87.253882 -78.807835
v 145.309891 89.902646 -82.104303
v 143.440437 86.368842 -81.470222
v 151.686660 85.938561 -80.549659
v 149.377705 82.786048 -79.273756
v 146.379721 84.789062 -81.122313
v 169.922384 56.900345 -81.081571
v 172.564613 52.378850 -86.634631
v 170.544618 58.583890 -84.192975
v 144.111321 45.904855 -66.175219
v 137.599635 48.920186 -73.455057
v 144.010219 46.011366 -69.515416
v 173.905809 26.075627 -93.905387
v 169.408021 33.861904 -98.472453
v 174.319748 36.761035 -93.306283
v 157.562438 66.361702 -78.515692
v 155.602860 62.819249 -75.947488
v 154.808688 65.793163 -76.961517
v 155.367530 63.054896 -74.666288
v 155.602860 62.819249 -75.947488
v 155.771258 60.605419 -74.821475
v 161.049202 58.132916 -83.430154
v 158.695567 54.250335 -83.441828
v 158.823379 57.261407 -82.637139
v 159.395149 7.142252 -75.786896
v 161.300221 5.124667 -78.958224
v 165.563756 6.214121 -75.626372
v 138.695691 52.940793 -81.575561
v 141.332710 55.086411 -84.542052
v 140.089615 54.032035 -81.850333
v 152.189907 17.949740 -59.283290
v 155.097015 4.631645 -60.941173
v 152.149212 16.373963 -60.624159
v 160.047777 70.982927 -78.531533
v 164.269853 70.646047 -78.252463
v 162.722920 69.665545 -78.943880
v 163.229616 37.720447 -80.295555
v 163.026648 34.867304 -79.371386
v 164.331706 35.674882 -77.923693
v 157.109526 62.995696 -72.120504
v 155.367530 63.054896 -74.666288
v 157.752315 61.770284 -73.903707
v 170.276316 40.781116 -77.499208
v 167.864624 32.532229 -77.056453
v 171.678554 35.804670 -79.156692
v 159.588957 31.149115 -96.152924
v 159.494117 26.569127 -92.219825
v 156.674162 34.535592 -95.741312
v 159.127386 24.532969 -95.643451
v 159.494117 26.569127 -92.219825
v 159.588957 31.149115 -96.152924
v 137.990667 48.592897 -78.800126
v 137.966255 49.548273 -78.441260
v 137.997521 49.574973 -78.824567
v 158.958700 42.031061 -87.028281
v 157.245386 43.155276 -89.918562
v 155.438403 40.090841 -96.202192
v 169.934696 9.880819 -81.439348
v 175.945502 2.308841 -81.973212
v 167.108216 6.928002 -80.563374
v 161.799269 67.228293 -74.176115
v 161.673116 66.850436 -74.028479
v 162.048744 67.523777 -74.006477
v 138.042063 50.606336 -76.942300
v 138.693736 50.313730 -80.273520
v 138.287186 50.366558 -78.745223
v 144.331304 66.362566 -91.425584
v 140.058562 79.610134 -87.128280
v 144.901595 76.364232 -87.917120
v 148.745752 64.746791 -90.076437
v 144.331304 66.362566 -91.425584
v 144.901595 76.364232 -87.917120
v 169.408021 33.861904 -98.472453
v 166.164498 41.245647 -98.956865
v 170.528148 41.962583 -97.295434
v 135.256638 32.050808 -80.270673
v 137.762021 44.493516 -77.419528
v 137.086464 40.926970 -80.597661
v 171.800596 46.546595 -85.802151
v 173.244737 50.195102 -88.706908
v 173.073946 48.215325 -85.249821
v 150.570791 62.608195 -67.271834
v 144.646923 62.263728 -66.430613
v 148.535759 58.062709 -64.190053
v 168.952609 54.665683 -91.745899
v 169.756420 53.288381 -91.219730
v 167.662479 51.706498 -91.698607
v 150.724500 61.590410 -83.386964
v 150.636191 70.870376 -84.128841
v 154.639132 61.948610 -78.997049
v 155.131783 2.499319 -62.501433
v 149.352866 3.387065 -61.749009
v 149.473875 10.698099 -62.260746
v 154.808688 65.793163 -76.961517
v 155.252445 62.607903 -75.854178
v 154.639132 61.948610 -78.997049
v 161.650318 56.353569 -76.966836
v 165.921501 60.569876 -79.890110
v 163.808793 60.140061 -79.734966
v 160.224462 40.033411 -99.280862
v 160.272259 40.844463 -99.743555
v 159.904972 41.740297 -98.668088
v 169.922384 56.900345 -81.081571
v 170.593816 50.816893 -81.560192
v 172.234317 52.064966 -84.351248
v 135.256638 32.050808 -80.270673
v 131.791719 23.802881 -81.641386
v 136.710651 27.046190 -79.144002
v 149.473875 10.698099 -62.260746
v 152.149212 16.373963 -60.624159
v 155.097015 4.631645 -60.941173
v 136.471175 50.942411 -75.904992
v 137.480192 50.978495 -78.421789
v 137.990145 49.076347 -80.282729
v 150.355514 7.698457 -57.608814
v 150.570878 19.286166 -58.211541
v 148.294362 7.696603 -57.363805
v 145.309891 89.902646 -82.104303
v 151.499049 92.008519 -81.704759
v 151.686660 85.938561 -80.549659
v 165.921501 60.569876 -79.890110
v 168.254902 58.406948 -86.225523
v 161.049202 58.132916 -83.430154
v 167.800845 4.441255 -79.812796
v 178.616491 0.826930 -79.841958
v 161.300221 5.124667 -78.958224
v 165.448696 52.569580 -77.642040
v 161.010100 53.919053 -78.021415
v 167.120024 50.888532 -80.378481
v 161.650318 56.353569 -76.966836
v 160.535730 58.498287 -77.548190
v 159.922464 58.478159 -77.373624
v 135.431623 19.337167 -87.421120
v 140.748541 30.479438 -84.853740
v 138.458069 24.666673 -80.700190
v 169.934696 9.880819 -81.439348
v 163.406663 14.773580 -82.590257
v 168.831580 11.613934 -85.744572
v 159.863804 12.792726 -103.272415
v 157.487801 24.370881 -102.973071
v 162.309525 12.132587 -102.224783
v 143.242465 82.226820 -67.360654
v 144.754970 84.201790 -67.799655
v 144.836358 83.952136 -67.828113
v 144.787781 57.532687 -86.043463
v 146.800341 63.128317 -85.804026
v 147.995925 62.390238 -85.127154
v 165.905261 56.224119 -87.672314
v 169.101822 54.866384 -90.929492
v 168.952609 54.665683 -91.745899
v 176.724289 10.590159 -77.088543
v 166.305964 15.486252 -79.804828
v 171.578819 9.895464 -79.317067
v 186.555552 10.040531 -99.673911
v 186.392908 12.874988 -101.202106
v 178.710791 13.852073 -93.430881
v 143.630996 83.273102 -67.533900
v 143.242465 82.226820 -67.360654
v 147.101646 84.072209 -67.865050
v 169.408021 33.861904 -98.472453
v 162.268909 30.136394 -97.916967
v 160.506435 39.143836 -98.532063
v 151.908359 78.326464 -72.547900
v 151.500055 79.415215 -71.601427
v 153.892474 71.840048 -71.083518
v 167.800845 4.441255 -79.812796
v 167.108216 6.928002 -80.563374
v 175.945502 2.308841 -81.973212
v 137.733204 44.246442 -82.304917
v 137.990145 49.076347 -80.282729
v 138.200807 46.940343 -81.850145
v 138.200807 46.940343 -81.850145
v 139.200109 45.183058 -83.785171
v 138.113108 45.602269 -82.508040
v 136.438772 77.580430 -77.201933
v 136.672623 75.364257 -78.800894
v 137.080002 76.577975 -77.697110
v 160.062556 75.165164 -76.469080
v 157.567509 77.068079 -74.733923
v 160.163880 77.686006 -76.436459
v 162.722920 69.665545 -78.943880
v 164.269853 70.646047 -78.252463
v 163.444906 70.003676 -78.507206
v 163.444906 70.003676 -78.507206
v 164.714325 69.614750 -78.125452
v 162.722920 69.665545 -78.943880
v 158.588615 19.317728 -91.725314
v 161.138109 19.061121 -83.128046
v 159.513520 25.013849 -88.377567
v 148.014731 80.815710 -68.107385
v 150.632643 93.940467 -72.436011
v 147.101646 84.072209 -67.865050
v 145.822313 49.499087 -62.076173
v 141.148454 47.639684 -65.717284
v 146.690984 45.292787 -62.328500
v 164.196368 13.465893 -77.106993
v 160.461799 11.962670 -75.673476
v 164.320335 17.647799 -79.335361
v 160.461799 11.962670 -75.673476
v 164.286832 22.270677 -80.035660
v 164.320335 17.647799 -79.335361
v 175.381906 37.964733 -89.394263
v 174.666917 31.491135 -88.599992
v 174.319748 36.761035 -93.306283
v 174.666917 31.491135 -88.599992
v 173.905809 26.075627 -93.905387
v 174.319748 36.761035 -93.306283
v 144.331304 66.362566 -91.425584
v 143.132370 63.816840 -90.307428
v 139.132386 74.843348 -87.089713
v 162.880682 0.323414 -91.976324
v 161.939326 0.000002 -93.807629
v 166.689340 0.538077 -93.512341
v 169.746553 54.882907 -91.167806
v 168.952609 54.665683 -91.745899
v 169.101822 54.866384 -90.929492
v 157.678170 30.080830 -102.779373
v 160.034431 38.896867 -99.915182
v 159.033680 33.765804 -100.059437
v 154.592497 2.802897 -59.630532
v 150.126917 2.904172 -58.578902
v 149.352866 3.387065 -61.749009
v 144.367709 22.048689 -59.876140
v 146.719053 12.839068 -59.024028
v 148.294362 7.696603 -57.363805
v 168.831580 11.613934 -85.744572
v 175.005399 8.224417 -86.209088
v 169.934696 9.880819 -81.439348
v 147.073126 61.101097 -87.923692
v 147.931640 60.575271 -90.535985
v 154.994215 53.733408 -83.937561
v 172.520760 48.078941 -84.335550
v 170.356892 48.543932 -80.215039
v 169.389733 46.749242 -82.052594
v 137.086464 40.926970 -80.597661
v 137.733204 44.246442 -82.304917
v 135.931677 32.859637 -83.744190
v 160.047777 70.982927 -78.531533
v 159.803377 68.217105 -78.373837
v 157.562438 66.361702 -78.515692
v 162.991007 49.215516 -78.625413
v 166.525413 49.548143 -79.334743
v 163.062222 49.204218 -79.671724
v 163.632313 44.893157 -81.212755
v 170.276316 40.781116 -77.499208
v 166.676839 46.223234 -81.040629
v 139.200109 45.183058 -83.785171
v 138.486122 45.799265 -82.317927
v 137.990145 49.076347 -80.282729
v 148.294362 7.696603 -57.363805
v 150.126917 2.904172 -58.578902
v 150.355514 7.698457 -57.608814
v 181.957657 7.746071 -97.650592
v 169.864138 6.268503 -95.149423
v 173.601182 6.222011 -99.001948
v 150.724500 61.590410 -83.386964
v 147.995925 62.390238 -85.127154
v 148.112536 64.310563 -85.415774
v 135.380295 52.514197 -76.891811
v 135.687041 56.429161 -78.906680
v 135.927904 53.583290 -77.118298
v 157.048761 34.370675 -92.658871
v 158.284575 29.845851 -90.500821
v 159.226951 25.344914 -91.887291
v 158.284575 29.845851 -90.500821
v 159.743600 25.454172 -91.147732
v 159.226951 25.344914 -91.887291
v 149.472354 77.436841 -74.399707
v 148.078075 76.075089 -83.916309
v 145.632225 80.851061 -79.416179
v 131.983312 25.326638 -84.747567
v 130.242757 10.104342 -87.886639
v 130.672374 12.456100 -83.895553
v 147.386516 53.771925 -83.574056
v 150.515953 61.285031 -84.469719
v 151.008583 59.147251 -85.144578
v 162.991007 49.215516 -78.625413
v 160.644226 49.250909 -78.548110
v 162.824842 46.585249 -80.675375
v 145.941149 34.694724 -62.446008
v 144.111321 45.904855 -66.175219
v 146.197054 32.795198 -65.444216
v 136.552940 78.243603 -81.179795
v 136.672623 75.364257 -78.800894
v 136.799474 76.451255 -78.614986
v 146.844459 12.669022 -61.251799
v 149.473875 10.698099 -62.260746
v 149.352866 3.387065 -61.749009
v 165.283126 3.035333 -92.335382
v 164.251631 1.021569 -95.901707
v 163.947053 4.646014 -94.713269
v 161.049202 58.132916 -83.430154
v 168.254902 58.406948 -86.225523
v 165.905261 56.224119 -87.672314
v 136.833616 49.018957 -71.866299
v 143.424665 54.685850 -64.449529
v 140.747863 57.373859 -69.949335
v 172.579213 42.794855 -93.587299
v 170.993551 47.333895 -89.038841
v 171.800596 46.546595 -85.802151
v 179.088357 18.577281 -98.713407
v 177.311400 17.221261 -91.362449
v 177.882421 13.902257 -90.859053
v 141.699919 83.131720 -83.015374
v 146.435788 79.595268 -84.417179
v 142.439120 81.438447 -85.741004
v 170.528148 41.962583 -97.295434
v 172.579213 42.794855 -93.587299
v 174.319748 36.761035 -93.306283
v 172.751672 49.136119 -83.405501
v 172.234317 52.064966 -84.351248
v 170.593816 50.816893 -81.560192
v 146.292122 27.252717 -58.459078
v 148.294362 7.696603 -57.363805
v 150.570878 19.286166 -58.211541
v 168.393371 23.150294 -80.092077
v 174.682749 20.927443 -80.513729
v 171.122939 27.809878 -83.030269
v 166.155142 30.528187 -81.257859
v 167.983745 31.690588 -82.419471
v 166.856713 26.214212 -80.344991
v 146.197054 32.795198 -65.444216
v 148.617231 43.928618 -72.524356
v 148.673701 25.249524 -65.056070
v 173.905809 26.075627 -93.905387
v 171.923548 21.181621 -94.110557
v 169.963064 22.145167 -95.980222
v 148.207183 66.055197 -88.062870
v 148.745752 64.746791 -90.076437
v 144.901595 76.364232 -87.917120
v 157.370697 62.498039 -79.012337
v 157.562438 66.361702 -78.515692
v 161.346008 63.869405 -79.156231
v 149.624658 53.235454 -84.370139
v 151.008583 59.147251 -85.144578
v 153.749638 53.599501 -80.686133
v 158.990167 30.573898 -88.733150
v 159.513520 25.013849 -88.377567
v 162.850003 25.900655 -83.712295
v 179.088357 18.577281 -98.713407
v 186.392908 12.874988 -101.202106
v 185.035187 11.826822 -105.596593
v 155.080777 51.773972 -69.402089
v 155.252445 62.607903 -75.854178
v 154.953197 60.493517 -69.774278
v 150.663683 51.922918 -62.028563
v 150.102721 35.663707 -61.174216
v 154.207804 44.953353 -64.266507
v 139.546477 53.621615 -81.842365
v 138.695691 52.940793 -81.575561
v 139.254466 53.456671 -81.396108
v 138.693736 50.313730 -80.273520
v 138.042063 50.606336 -76.942300
v 140.059703 53.267516 -81.242634
v 140.059703 53.267516 -81.242634
v 137.990145 49.076347 -80.282729
v 138.693736 50.313730 -80.273520
v 157.188053 4.326201 -78.906856
v 159.395149 7.142252 -75.786896
v 153.980315 5.000922 -76.489750
v 151.968794 85.411716 -71.738992
v 150.632643 93.940467 -72.436011
v 148.014731 80.815710 -68.107385
v 157.109526 62.995696 -72.120504
v 157.440463 62.425363 -69.496426
v 155.629974 62.266803 -69.575445
v 149.165360 47.155074 -77.351898
v 153.749638 53.599501 -80.686133
v 155.001598 54.206819 -78.427752
v 149.177284 82.006026 -76.464213
v 150.357636 81.269307 -74.894308
v 147.176771 80.466027 -77.335155
v 144.212596 82.849134 -66.868265
v 143.242465 82.226820 -67.360654
v 143.489625 82.069029 -67.222248
v 165.283126 3.035333 -92.335382
v 163.947053 4.646014 -94.713269
v 165.585135 4.936497 -92.774877
v 136.542695 54.965629 -78.634897
v 141.332710 55.086411 -84.542052
v 138.779906 53.621728 -82.196603
v 143.373479 80.506767 -66.638742
v 142.810729 81.360419 -66.684300
v 142.910949 81.590392 -66.489194
v 168.393371 23.150294 -80.092077
v 176.724289 10.590159 -77.088543
v 174.682749 20.927443 -80.513729
v 178.710791 13.852073 -93.430881
v 179.088357 18.577281 -98.713407
v 177.882421 13.902257 -90.859053
v 145.941149 34.694724 -62.446008
v 144.367709 22.048689 -59.876140
v 146.292122 27.252717 -58.459078
v 138.042063 50.606336 -76.942300
v 138.598735 46.180074 -78.822807
v 137.505848 46.982939 -78.898423
v 150.905915 22.008821 -58.607931
v 146.292122 27.252717 -58.459078
v 150.570878 19.286166 -58.211541
v 148.274575 50.055713 -81.456014
v 149.624658 53.235454 -84.370139
v 153.749638 53.599501 -80.686133
v 177.311400 17.221261 -91.362449
v 171.923548 21.181621 -94.110557
v 174.875523 19.197805 -88.240680
v 148.535759 58.062709 -64.190053
v 143.424665 54.685850 -64.449529
v 145.822313 49.499087 -62.076173
v 174.620939 22.815099 -85.321821
v 182.065891 13.217549 -81.758166
v 179.338734 14.999027 -88.350024
v 144.212596 82.849134 -66.868265
v 143.630996 83.273102 -67.533900
v 142.910949 81.590392 -66.489194
v 143.630996 83.273102 -67.533900
v 141.783885 82.526387 -67.051453
v 142.910949 81.590392 -66.489194
v 160.506435 39.143836 -98.532063
v 160.270427 40.665807 -99.235669
v 160.224462 40.033411 -99.280862
v 157.151245 54.095572 -84.468804
v 156.931476 51.417440 -84.879410
v 154.994215 53.733408 -83.937561
v 136.161679 53.667302 -77.790043
v 136.542695 54.965629 -78.634897
v 138.779906 53.621728 -82.196603
v 137.990145 49.076347 -80.282729
v 138.430301 45.322276 -82.190978
v 138.383971 47.449185 -80.257675
v 156.943544 34.973138 -90.906801
v 157.227609 33.399704 -91.368838
v 157.345920 33.434125 -90.766439
v 165.448696 52.569580 -77.642040
v 169.922384 56.900345 -81.081571
v 165.921501 60.569876 -79.890110
v 138.598735 46.180074 -78.822807
v 138.042063 50.606336 -76.942300
v 137.990667 48.592897 -78.800126
v 159.976829 52.733743 -87.517558
v 159.118496 52.725231 -86.736876
v 157.151245 54.095572 -84.468804
v 169.747354 54.392068 -91.359196
v 169.564011 54.648112 -91.049603
v 169.543759 54.681956 -91.054598
v 136.710651 27.046190 -79.144002
v 138.458069 24.666673 -80.700190
v 146.383958 44.857887 -73.707700
v 159.827537 85.861826 -73.575130
v 157.957040 82.712043 -69.602425
v 160.993426 84.465480 -71.065120
v 156.807357 81.999517 -73.004981
v 158.676073 83.743608 -73.834520
v 157.154052 79.823065 -74.716149
v 146.690984 45.292787 -62.328500
v 150.102721 35.663707 -61.174216
v 150.663683 51.922918 -62.028563
v 165.097476 9.084987 -91.282491
v 165.283126 3.035333 -92.335382
v 165.585135 4.936497 -92.774877
v 171.063918 32.881459 -81.730371
v 167.983745 31.690588 -82.419471
v 169.087659 32.352721 -83.379840
v 145.049723 66.398079 -85.803331
v 137.364622 58.678843 -80.759376
v 143.082339 69.587547 -85.858815
v 137.364622 58.678843 -80.759376
v 138.402923 69.835461 -84.434792
v 143.082339 69.587547 -85.858815
v 150.570878 19.286166 -58.211541
v 151.313705 17.015613 -58.343977
v 151.024093 18.848611 -58.456431
v 135.380295 52.514197 -76.891811
v 136.833616 49.018957 -71.866299
v 138.040643 58.481444 -72.776225
v 154.502931 26.572904 -98.744485
v 153.656165 29.581081 -100.105250
v 154.944147 25.348001 -101.210480
v 136.710651 27.046190 -79.144002
v 133.518702 10.769884 -84.307502
v 138.458069 24.666673 -80.700190
v 169.408021 33.861904 -98.472453
v 169.963064 22.145167 -95.980222
v 168.170029 22.650021 -96.816954
v 155.367530 63.054896 -74.666288
v 154.808688 65.793163 -76.961517
v 155.602860 62.819249 -75.947488
v 160.038071 47.716394 -78.097772
v 162.662649 48.372140 -78.106088
v 161.054363 49.116587 -77.223721
v 157.678170 30.080830 -102.779373
v 157.487801 24.370881 -102.973071
v 154.944147 25.348001 -101.210480
v 144.212596 82.849134 -66.868265
v 148.140180 91.374678 -70.650349
v 144.754970 84.201790 -67.799655
v 163.947053 4.646014 -94.713269
v 163.202230 7.676350 -96.029177
v 173.601182 6.222011 -99.001948
v 157.487801 24.370881 -102.973071
v 159.863804 12.792726 -103.272415
v 157.188270 18.676811 -101.093929
v 154.557037 38.338103 -97.243546
v 154.176972 36.473122 -98.344845
v 154.313384 36.263811 -97.332836
v 154.176972 36.473122 -98.344845
v 153.656165 29.581081 -100.105250
v 154.313384 36.263811 -97.332836
v 137.762021 44.493516 -77.419528
v 137.990145 49.076347 -80.282729
v 137.733204 44.246442 -82.304917
v 151.500055 79.415215 -71.601427
v 151.968794 85.411716 -71.738992
v 150.340882 79.319776 -67.972720
v 162.048744 67.523777 -74.006477
v 162.106118 64.804667 -74.459637
v 162.154423 67.242497 -74.503434
v 143.242465 82.226820 -67.360654
v 143.200899 84.659196 -68.937058
v 140.867494 75.379910 -68.154416
v 171.063918 32.881459 -81.730371
v 171.678554 35.804670 -79.156692
v 171.230698 30.400263 -78.886088
v 160.574554 12.105831 -101.730810
v 163.454667 12.737827 -99.975116
v 157.981258 14.624988 -100.753031
v 170.596488 18.555541 -100.212012
v 169.935622 21.451141 -97.868890
v 177.018600 17.921818 -102.533544
v 139.022997 71.349873 -73.051867
v 137.080002 76.577975 -77.697110
v 136.862036 75.748028 -78.400337
v 136.862036 75.748028 -78.400337
v 136.672623 75.364257 -78.800894
v 139.022997 71.349873 -73.051867
v 159.397620 58.732939 -75.810186
v 161.650318 56.353569 -76.966836
v 160.888892 58.994031 -77.472686
v 161.650318 56.353569 -76.966836
v 163.808793 60.140061 -79.734966
v 160.888892 58.994031 -77.472686
v 159.976829 52.733743 -87.517558
v 163.392362 53.803491 -91.365574
v 160.741661 50.729668 -89.515592
v 136.471175 50.942411 -75.904992
v 136.833616 49.018957 -71.866299
v 135.380295 52.514197 -76.891811
v 148.745752 64.746791 -90.076437
v 157.151245 54.095572 -84.468804
v 147.931640 60.575271 -90.535985
v 158.082494 31.219467 -90.802780
v 157.548347 33.366200 -91.525886
v 159.494117 26.569127 -92.219825
v 140.047026 85.824336 -78.627406
v 138.343840 82.690717 -76.145727
v 143.864679 94.227935 -77.381908
v 136.405044 59.457506 -79.239642
v 136.552940 78.243603 -81.179795
v 138.402923 69.835461 -84.434792
v 152.189907 17.949740 -59.283290
v 150.102721 35.663707 -61.174216
v 150.905915 22.008821 -58.607931
v 139.217642 84.974636 -79.137533
v 140.859489 87.253882 -78.807835
v 139.916189 85.005320 -79.738800
v 160.034431 38.896867 -99.915182
v 156.524362 38.913112 -100.106396
v 159.795473 41.262736 -100.136514
v 156.524362 38.913112 -100.106396
v 159.574630 45.596655 -99.417352
v 159.795473 41.262736 -100.136514
v 159.904972 41.740297 -98.668088
v 161.940508 48.061149 -97.241554
v 160.506435 39.143836 -98.532063
v 158.568052 48.855757 -83.992841
v 158.100886 49.257684 -84.272884
v 159.015638 47.860208 -86.014190
v 137.923971 49.910162 -78.458609
v 137.505848 46.982939 -78.898423
v 137.990667 48.592897 -78.800126
v 162.239875 45.610636 -83.491439
v 160.013486 47.627666 -88.727066
v 158.958700 42.031061 -87.028281
v 158.958700 42.031061 -87.028281
v 163.168855 44.698095 -81.056248
v 162.239875 45.610636 -83.491439
v 161.793876 10.489687 -73.523349
v 163.026648 34.867304 -79.371386
v 160.461799 11.962670 -75.673476
v 145.049723 66.398079 -85.803331
v 143.082339 69.587547 -85.858815
v 143.132370 63.816840 -90.307428
v 143.132370 63.816840 -90.307428
v 147.073126 61.101097 -87.923692
v 146.632373 65.356815 -86.243736
v 160.888892 58.994031 -77.472686
v 160.535730 58.498287 -77.548190
v 160.345670 58.869970 -77.163972
v 157.742110 31.438452 -90.828208
v 157.048761 34.370675 -92.658871
v 157.227609 33.399704 -91.368838
v 156.989415 13.942146 -78.645491
v 158.461046 12.276706 -80.276574
v 155.103999 5.270228 -81.001302
v 146.379721 84.789062 -81.122313
v 145.759865 82.537634 -81.735454
v 143.440437 86.368842 -81.470222
v 162.309525 12.132587 -102.224783
v 160.831280 17.695951 -100.483193
v 163.454667 12.737827 -99.975116
v 171.877701 9.007846 -79.336203
v 173.439807 9.354078 -77.896997
v 171.578819 9.895464 -79.317067
v 144.010219 46.011366 -69.515416
v 148.617231 43.928618 -72.524356
v 146.197054 32.795198 -65.444216
v 141.332710 55.086411 -84.542052
v 145.049723 66.398079 -85.803331
v 146.800341 63.128317 -85.804026
v 145.049723 66.398079 -85.803331
v 146.199048 66.128892 -85.680522
v 146.800341 63.128317 -85.804026
v 162.824842 46.585249 -80.675375
v 163.632313 44.893157 -81.212755
v 163.157356 48.056888 -79.128988
v 174.758763 11.127217 -93.407681
v 165.295364 11.558731 -90.883929
v 169.864138 6.268503 -95.149423
v 164.751623 11.984401 -93.179461
v 160.022630 15.752994 -90.830155
v 163.354556 16.667055 -96.545339
v 160.169966 48.338711 -77.636078
v 159.229636 47.978353 -77.610484
v 161.054363 49.116587 -77.223721
v 139.221971 83.560116 -80.231339
v 139.192706 84.373714 -79.532006
v 139.916189 85.005320 -79.738800
v 157.440463 62.425363 -69.496426
v 157.125320 64.287639 -67.101245
v 155.629974 62.266803 -69.575445
v 157.125320 64.287639 -67.101245
v 147.539535 71.134437 -63.792248
v 147.200475 66.606916 -67.509691
v 144.901595 76.364232 -87.917120
v 146.435788 79.595268 -84.417179
v 148.078075 76.075089 -83.916309
v 166.821644 21.893428 -97.909987
v 162.874142 25.727068 -98.757396
v 168.170029 22.650021 -96.816954
v 145.439302 50.402028 -83.874180
v 140.748541 30.479438 -84.853740
v 138.732498 32.977952 -85.482288
v 162.824842 46.585249 -80.675375
v 163.394386 46.560916 -81.347504
v 163.168855 44.698095 -81.056248
v 151.408413 17.145584 -58.606174
v 151.421880 17.020474 -58.567577
v 152.189907 17.949740 -59.283290
v 157.033090 48.348862 -80.012875
v 157.297636 49.649978 -83.108284
v 158.287327 46.324709 -79.878920
v 161.049202 58.132916 -83.430154
v 162.188012 53.600329 -86.825291
v 158.695567 54.250335 -83.441828
v 140.295451 58.583482 -69.176069
v 143.424665 54.685850 -64.449529
v 144.824782 60.014356 -67.431421
v 137.990667 48.592897 -78.800126
v 138.042063 50.606336 -76.942300
v 137.966255 49.548273 -78.441260
v 148.745752 64.746791 -90.076437
v 147.931640 60.575271 -90.535985
v 144.331304 66.362566 -91.425584
v 171.800596 46.546595 -85.802151
v 170.993551 47.333895 -89.038841
v 173.244737 50.195102 -88.706908
vn -48.412068 -85.890332 -16.706970
vn -48.412068 -85.890332 -16.706970
vn -48.412068 -85.890332 -16.706970
vn 57.611851 -8.766551 -81.265128
vn 57.611851 -8.766551 -81.265128
vn 57.611851 -8.766551 -81.265128
vn 87.223200 -4.378728 -48.712809
vn 87.223200 -4.378728 -48.712809
vn 87.223200 -4.378728 -48.712809
vn 20.442114 -58.711581 -78.326689
vn 20.442114 -58.711581 -78.326689
vn 20.442114 -58.711581 -78.326689
vn -83.617324 -45.526021 30.586355
vn -83.617324 -45.526021 30.586355
vn -83.617324 -45.526021 30.586355
vn -40.096763 14.815479 90.403264
vn -40.096763 14.815479 90.403264
vn -40.096763 14.815479 90.403264
vn 48.235901 5.647189 87.415133
vn 48.235901 5.647189 87.415133
vn 48.235901 5.647189 87.415133
vn -7.004059 51.145468 -85.645112
vn -7.004059 51.145468 -85.645112
vn -7.004059 51.145468 -85.645112
vn -94.906264 7.342575 -30.641250
vn -94.906264 7.342575 -30.641250
vn -94.906264 7.342575 -30.641250
vn 87.490944 22.626098 42.818156
vn 87.490944 22.626098 42.818156
vn 87.490944 22.626098 42.818156
vn -86.727189 -25.893016 -42.519936
vn -86.727189 -25.893016 -42.519936
vn -86.727189 -25.893016 -42.519936
vn 89.951865 17.278153 -40.126398
vn 89.951865 17.278153 -40.126398
vn 89.951865 17.278153 -40.126398
vn -50.893175 37.026129 -77.710681
vn -50.893175 37.026129 -77.710681
vn -50.893175 37.026129 -77.710681
vn 22.274062 90.314999 -36.702438
vn 22.274062 90.314999 -36.702438
vn 22.274062 90.314999 -36.702438
vn 97.002648 21.921081 -10.485840
vn 97.002648 21.921081 -10.485840
vn 97.002648 21.921081 -10.485840
vn -34.159491 93.543127 9.100213
vn -34.159491 93.543127 9.100213
vn -34.159491 93.543127 9.100213
vn 76.378994 -4.514212 -64.388441
vn 76.378994 -4.514212 -64.388441
vn 76.378994 -4.514212 -64.388441
vn 98.169680 -17.649368 7.156310
vn 98.169680 -17.649368 7.156310
vn 98.169680 -17.649368 7.156310
vn 75.236400 13.056232 64.567930
vn 75.236400 13.056232 64.567930
vn 75.236400 13.056232 64.567930
vn 59.490961 -52.140057 -61.173858
vn 59.490961 -52.140057 -61.173858
vn 59.490961 -52.140057 -61.173858
vn -29.442426 1.023541 95.561997
vn -29.442426 1.023541 95.561997
vn -29.442426 1.023541 95.561997
vn 89.732470 16.684498 40.862082
vn 89.732470 16.684498 40.862082
vn 89.732470 16.684498 40.862082
vn -89.499382 -16.554379 -41.422373
vn -89.499382 -16.554379 -41.422373
vn -89.499382 -16.554379 -41.422373
vn 98.473301 4.488573 16.818475
vn 98.473301 4.488573 16.818475
vn 98.473301 4.488573 16.818475
vn -25.978997 3.960583 -96.485257
vn -25.978997 3.960583 -96.485257
vn -25.978997 3.960583 -96.485257
vn -50.027309 20.775943 -84.057285
vn -50.027309 20.775943 -84.057285
vn -50.027309 20.775943 -84.057285
vn -7.575798 33.061287 -94.072082
vn -7.575798 33.061287 -94.072082
vn -7.575798 33.061287 -94.072082
vn -67.485633 -64.231944 36.331068
vn -67.485633 -64.231944 36.331068
vn -67.485633 -64.231944 36.331068
vn -40.884168 -53.955228 73.602429
vn -40.884168 -53.955228 73.602429
vn -40.884168 -53.955228 73.602429
vn -60.315041 -45.517130 -65.500287
vn -60.315041 -45.517130 -65.500287
vn -60.315041 -45.517130 -65.500287
vn -88.794388 -45.991662 0.568099
vn -88.794388 -45.991662 0.568099
vn -88.794388 -45.991662 0.568099
vn -12.947374 -66.661735 -73.406934
vn -12.947374 -66.661735 -73.406934
vn -12.947374 -66.661735 -73.406934
vn 41.299785 28.166977 -86.608010
vn 41.299785 28.166977 -86.608010
vn 41.299785 28.166977 -86.608010
vn 32.550873 15.562552 93.264396
vn 32.550873 15.562552 93.264396
vn 32.550873 15.562552 93.264396
vn -66.645078 13.004743 -73.411913
vn -66.645078 13.004743 -73.411913
vn -66.645078 13.004743 -73.411913
vn 48.316365 87.406978 -5.054558
vn 48.316365 87.406978 -5.054558
vn 48.316365 87.406978 -5.054558
vn 72.396719 63.656318 -26.581712
vn 72.396719 63.656318 -26.581712
vn 72.396719 63.656318 -26.581712
vn 84.553179 9.390715 52.560197
vn 84.553179 9.390715 52.560197
vn 84.553179 9.390715 52.560197
vn -64.643496 76.001529 -6.707172
vn -64.643496 76.001529 -6.707172
vn -64.643496 76.001529 -6.707172
vn 92.922423 32.334140 17.886457
vn 92.922423 32.334140 17.886457
vn 92.922423 32.334140 17.886457
vn 60.675138 -73.872667 -29.348870
vn 60.675138 -73.872667 -29.348870
vn 60.675138 -73.872667 -29.348870
vn -52.169233 44.786373 72.612334
vn -52.169233 44.786373 72.612334
vn -52.169233 44.786373 72.612334
vn -96.263872 -26.894783 3.152199
vn -96.263872 -26.894783 3.152199
vn -96.263872 -26.894783 3.152199
vn 12.864875 -25.664619 95.790510
vn 12.864875 -25.664619 95.790510
vn 12.864875 -25.664619 95.790510
vn 38.762073 -24.750198 88.797123
vn 38.762073 -24.750198 88.797123
vn 38.762073 -24.750198 88.797123
vn 50.392473 -29.344890 81.237162
vn 50.392473 -29.344890 81.237162
vn 50.392473 -29.344890 81.237162
vn 70.864782 70.334782 5.585737
vn 70.864782 70.334782 5.585737
vn 70.864782 70.334782 5.585737
vn 83.079949 -38.110505 40.562442
vn 83.079949 -38.110505 40.562442
vn 83.079949 -38.110505 40.562442
vn -17.187266 -4.093152 -98.426846
vn -17.187266 -4.093152 -98.426846
vn -17.187266 -4.093152 -98.426846
vn 31.465061 -39.438402 -86.339805
vn 31.465061 -39.438402 -86.339805
vn 31.465061 -39.438402 -86.339805
vn 94.414026 25.857856 -20.429483
vn 94.414026 25.857856 -20.429483
vn 94.414026 25.857856 -20.429483
vn 50.076992 31.516668 -80.616340
vn 50.076992 31.516668 -80.616340
vn 50.076992 31.516668 -80.616340
vn 86.024058 15.335333 -48.628070
vn 86.024058 15.335333 -48.628070
vn 86.024058 15.335333 -48.628070
vn 99.729005 -6.055883 -4.177359
vn 99.729005 -6.055883 -4.177359
vn 99.729005 -6.055883 -4.177359
vn 16.441870 -23.642106 95.763850
vn 16.441870 -23.642106 95.763850
vn 16.441870 -23.642106 95.763850
vn -35.337975 -92.782036 11.946628
vn -35.337975 -92.782036 11.946628
vn -35.337975 -92.782036 11.946628
vn 45.994997 -85.444417 24.160156
vn 45.994997 -85.444417 24.160156
vn 45.994997 -85.444417 24.160156
vn -98.643318 -14.837652 7.024094
vn -98.643318 -14.837652 7.024094
vn -98.643318 -14.837652 7.024094
vn 75.409660 21.367570 -62.103217
vn 75.409660 21.367570 -62.103217
vn 75.409660 21.367570 -62.103217
vn -1.129749 -45.534152 -89.024513
vn -1.129749 -45.534152 -89.024513
vn -1.129749 -45.534152 -89.024513
vn -50.482315 -16.027082 -84.821379
vn -50.482315 -16.027082 -84.821379
vn -50.482315 -16.027082 -84.821379
vn 11.273721 -48.976967 -86.453220
vn 11.273721 -48.976967 -86.453220
vn 11.273721 -48.976967 -86.453220
vn 55.524491 36.302927 -74.827320
vn 55.524491 36.302927 -74.827320
vn 55.524491 36.302927 -74.827320
vn -5.076778 7.337518 -99.601139
vn -5.076778 7.337518 -99.601139
vn -5.076778 7.337518 -99.601139
vn 90.709417 35.535208 22.562137
vn 90.709417 35.535208 22.562137
vn 90.709417 35.535208 22.562137
vn 86.662807 -42.602284 -25.973135
vn 86.662807 -42.602284 -25.973135
vn 86.662807 -42.602284 -25.973135
vn -23.517183 -72.235270 65.030817
vn -23.517183 -72.235270 65.030817
vn -23.517183 -72.235270 65.030817
vn -95.262552 -12.563201 -27.698595
vn -95.262552 -12.563201 -27.698595
vn -95.262552 -12.563201 -27.698595
vn 94.021541 -17.439084 -29.254522
vn 94.021541 -17.439084 -29.254522
vn 94.021541 -17.439084 -29.254522
vn 5.651616 -99.800432 -2.816762
vn 5.651616 -99.800432 -2.816762
vn 5.651616 -99.800432 -2.816762
vn -71.168128 -69.291402 -11.567180
vn -71.168128 -69.291402 -11.567180
vn -71.168128 -69.291402 -11.567180
vn -50.150090 42.285568 -75.477808
vn -50.150090 42.285568 -75.477808
vn -50.150090 42.285568 -75.477808
vn 91.899569 -32.318651 22.582585
vn 91.899569 -32.318651 22.582585
vn 91.899569 -32.318651 22.582585
vn 62.228613 -1.446110 78.265620
vn 62.228613 -1.446110 78.265620
vn 62.228613 -1.446110 78.265620
vn -57.541655 -17.390862 -79.915681
vn -57.541655 -17.390862 -79.915681
vn -57.541655 -17.390862 -79.915681
vn -4.385130 -41.932156 90.677815
vn -4.385130 -41.932156 90.677815
vn -4.385130 -41.932156 90.677815
vn -3.748244 -34.053120 -93.948586
vn -3.748244 -34.053120 -93.948586
vn -3.748244 -34.053120 -93.948586
vn 90.452878 30.597762 29.699380
vn 90.452878 30.597762 29.699380
vn 90.452878 30.597762 29.699380
vn 64.230197 73.866607 -20.450095
vn 64.230197 73.866607 -20.450095
vn 64.230197 73.866607 -20.450095
vn 75.382654 32.708865 56.987586
vn 75.382654 32.708865 56.987586
vn 75.382654 32.708865 56.987586
vn 75.944394 15.097577 -63.281209
vn 75.944394 15.097577 -63.281209
vn 75.944394 15.097577 -63.281209
vn 74.253605 -18.421809 -64.397515
vn 74.253605 -18.421809 -64.397515
vn 74.253605 -18.421809 -64.397515
vn -76.740850 -63.642741 -7.774555
vn -76.740850 -63.642741 -7.774555
vn -76.740850 -63.642741 -7.774555
vn -73.518997 -65.819538 16.209405
vn -73.518997 -65.819538 16.209405
vn -73.518997 -65.819538 16.209405
vn -66.179086 25.116796 70.636208
vn -66.179086 25.116796 70.636208
vn -66.179086 25.116796 70.636208
vn -37.421180 11.887097 -91.969293
vn -37.421180 11.887097 -91.969293
vn -37.421180 11.887097 -91.969293
vn -0.963889 59.865507 80.094893
vn -0.963889 59.865507 80.094893
vn -0.963889 59.865507 80.094893
vn 93.576603 -10.812953 -33.563348
vn 93.576603 -10.812953 -33.563348
vn 93.576603 -10.812953 -33.563348
vn -13.334275 -87.746493 46.073310
vn -13.334275 -87.746493 46.073310
vn -13.334275 -87.746493 46.073310
vn 7.811964 -97.197383 22.173039
vn 7.811964 -97.197383 22.173039
vn 7.811964 -97.197383 22.173039
vn 79.396846 -26.009719 -54.951206
vn 79.396846 -26.009719 -54.951206
vn 79.396846 -26.009719 -54.951206
vn 10.798667 -23.151689 -96.681889
vn 10.798667 -23.151689 -96.681889
vn 10.798667 -23.151689 -96.681889
vn 99.771729 -5.048403 4.484871
vn 99.771729 -5.048403 4.484871
vn 99.771729 -5.048403 4.484871
vn -73.630887 -23.862744 -63.317157
vn -73.630887 -23.862744 -63.317157
vn -73.630887 -23.862744 -63.317157
vn 58.108923 21.195737 -78.575399
vn 58.108923 21.195737 -78.575399
vn 58.108923 21.195737 -78.575399
vn 7.285507 42.929649 -90.022028
vn 7.285507 42.929649 -90.022028
vn 7.285507 42.929649 -90.022028
vn 90.143141 -26.310261 34.379996
vn 90.143141 -26.310261 34.379996
vn 90.143141 -26.310261 34.379996
vn -58.858187 -0.829466 -80.839500
vn -58.858187 -0.829466 -80.839500
vn -58.858187 -0.829466 -80.839500
vn 6.802248 43.217116 89.922241
vn 6.802248 43.217116 89.922241
vn 6.802248 43.217116 89.922241
vn -1.005697 -79.557415 -60.577268
vn -1.005697 -79.557415 -60.577268
vn -1.005697 -79.557415 -60.577268
vn 21.708528 2.586466 -97.580985
vn 21.708528 2.586466 -97.580985
vn 21.708528 2.586466 -97.580985
vn -0.197396 -25.981349 -96.565676
vn -0.197396 -25.981349 -96.565676
vn -0.197396 -25.981349 -96.565676
vn -59.789745 73.171338 -32.728299
vn -59.789745 73.171338 -32.728299
vn -59.789745 73.171338 -32.728299
vn 52.092228 -18.692825 -83.288510
vn 52.092228 -18.692825 -83.288510
vn 52.092228 -18.692825 -83.288510
vn 87.286892 -9.926779 47.775063
vn 87.286892 -9.926779 47.775063
vn 87.286892 -9.926779 47.775063
vn -86.600785 -12.238003 48.482311
vn -86.600785 -12.238003 48.482311
vn -86.600785 -12.238003 48.482311
vn -34.432754 93.608602 -7.198270
vn -34.432754 93.608602 -7.198270
vn -34.432754 93.608602 -7.198270
vn -16.671776 87.284195 -45.864170
vn -16.671776 87.284195 -45.864170
vn -16.671776 87.284195 -45.864170
vn 22.383601 -71.624116 -66.098110
vn 22.383601 -71.624116 -66.098110
vn 22.383601 -71.624116 -66.098110
vn -95.084681 -30.651435 -4.403661
vn -95.084681 -30.651435 -4.403661
vn -95.084681 -30.651435 -4.403661
vn 84.697818 -5.096923 -52.917860
vn 84.697818 -5.096923 -52.917860
vn 84.697818 -5.096923 -52.917860
vn 58.671327 77.724416 -22.728644
vn 58.671327 77.724416 -22.728644
vn 58.671327 77.724416 -22.728644
vn 39.927847 -13.215154 -90.725561
vn 39.927847 -13.215154 -90.725561
vn 39.927847 -13.215154 -90.725561
vn 20.466576 -21.721439 95.442639
vn 20.466576 -21.721439 95.442639
vn 20.466576 -21.721439 95.442639
vn 74.404309 18.946415 -64.070512
vn 74.404309 18.946415 -64.070512
vn 74.404309 18.946415 -64.070512
vn 89.204538 17.008364 -41.872020
vn 89.204538 17.008364 -41.872020
vn 89.204538 17.008364 -41.872020
vn -34.648705 53.860682 -76.801655
vn -34.648705 53.860682 -76.801655
vn -34.648705 53.860682 -76.801655
vn 0.733860 35.545474 93.466467
vn 0.733860 35.545474 93.466467
vn 0.733860 35.545474 93.466467
vn -96.810479 23.973690 -7.279614
vn -96.810479 23.973690 -7.279614
vn -96.810479 23.973690 -7.279614
vn -12.230958 -95.070176 28.496763
vn -12.230958 -95.070176 28.496763
vn -12.230958 -95.070176 28.496763
vn -28.909042 -83.847028 -46.194616
vn -28.909042 -83.847028 -46.194616
vn -28.909042 -83.847028 -46.194616
vn -38.879805 -7.758616 91.805029
vn -38.879805 -7.758616 91.805029
vn -38.879805 -7.758616 91.805029
vn -47.652841 1.136591 87.908560
vn -47.652841 1.136591 87.908560
vn -47.652841 1.136591 87.908560
vn -40.800779 -41.784832 81.174647
vn -40.800779 -41.784832 81.174647
vn -40.800779 -41.784832 81.174647
vn 64.514775 -74.683308 -16.132174
vn 64.514775 -74.683308 -16.132174
vn 64.514775 -74.683308 -16.132174
vn -21.229361 60.096745 -77.056442
vn -21.229361 60.096745 -77.056442
vn -21.229361 60.096745 -77.056442
vn 22.866893 46.299918 85.635410
vn 22.866893 46.299918 85.635410
vn 22.866893 46.299918 85.635410
vn 92.915332 16.964689 -32.847205
vn 92.915332 16.964689 -32.847205
vn 92.915332 16.964689 -32.847205
vn 51.588207 -54.267138 -66.285239
vn 51.588207 -54.267138 -66.285239
vn 51.588207 -54.267138 -66.285239
vn 62.323646 56.021241 54.565400
vn 62.323646 56.021241 54.565400
vn 62.323646 56.021241 54.565400
vn 93.617041 28.241131 20.935336
vn 93.617041 28.241131 20.935336
vn 93.617041 28.241131 20.935336
vn 66.674306 -54.555643 -50.776157
vn 66.674306 -54.555643 -50.776157
vn 66.674306 -54.555643 -50.776157
vn -4.339806 -8.437333 -99.548871
vn -4.339806 -8.437333 -99.548871
vn -4.339806 -8.437333 -99.548871
vn -14.780328 -78.779472 -59.794113
vn -14.780328 -78.779472 -59.794113
vn -14.780328 -78.779472 -59.794113
vn 96.224320 16.158541 21.903938
vn 96.224320 16.158541 21.903938
vn 96.224320 16.158541 21.903938
vn 33.640738 34.647200 87.566384
vn 33.640738 34.647200 87.566384
vn 33.640738 34.647200 87.566384
vn 98.816755 -2.425307 15.144865
vn 98.816755 -2.425307 15.144865
vn 98.816755 -2.425307 15.144865
vn -27.210538 -34.535299 89.815916
vn -27.210538 -34.535299 89.815916
vn -27.210538 -34.535299 89.815916
vn -92.803090 35.331044 11.802704
vn -92.803090 35.331044 11.802704
vn -92.803090 35.331044 11.802704
vn -94.769335 -31.898874 -1.111432
vn -94.769335 -31.898874 -1.111432
vn -94.769335 -31.898874 -1.111432
vn -94.269709 -30.939469 -12.488748
vn -94.269709 -30.939469 -12.488748
vn -94.269709 -30.939469 -12.488748
vn 83.442281 35.418432 42.224640
vn 83.442281 35.418432 42.224640
vn 83.442281 35.418432 42.224640
vn 35.834057 30.790190 88.135608
vn 35.834057 30.790190 88.135608
vn 35.834057 30.790190 88.135608
vn -72.806499 -34.117752 -59.457472
vn -72.806499 -34.117752 -59.457472
vn -72.806499 -34.117752 -59.457472
vn -79.116631 -56.877531 -22.483422
vn -79.116631 -56.877531 -22.483422
vn -79.116631 -56.877531 -22.483422
vn 49.311895 -24.175503 83.569630
vn 49.311895 -24.175503 83.569630
vn 49.311895 -24.175503 83.569630
vn -35.882811 82.079027 44.446113
vn -35.882811 82.079027 44.446113
vn -35.882811 82.079027 44.446113
vn 86.359059 6.605877 49.984743
vn 86.359059 6.605877 49.984743
vn 86.359059 6.605877 49.984743
vn -18.732490 66.082071 -72.679103
vn -18.732490 66.082071 -72.679103
vn -18.732490 66.082071 -72.679103
vn -6.117514 -62.890306 77.507315
vn -6.117514 -62.890306 77.507315
vn -6.117514 -62.890306 77.507315
vn -17.483734 48.997320 -85.402465
vn -17.483734 48.997320 -85.402465
vn -17.483734 48.997320 -85.402465
vn -71.027341 -3.397905 -70.310534
vn -71.027341 -3.397905 -70.310534
vn -71.027341 -3.397905 -70.310534
vn 9.913841 94.380693 -31.527789
vn 9.913841 94.380693 -31.527789
vn 9.913841 94.380693 -31.527789
vn -97.978681 8.209764 18.242177
vn -97.978681 8.209764 18.242177
vn -97.978681 8.209764 18.242177
vn -59.067777 79.778639 -12.098195
vn -59.067777 79.778639 -12.098195
vn -59.067777 79.778639 -12.098195
vn 15.939884 85.204471 49.860999
vn 15.939884 85.204471 49.860999
vn 15.939884 85.204471 49.860999
vn -98.017576 -9.248643 -17.521925
vn -98.017576 -9.248643 -17.521925
vn -98.017576 -9.248643 -17.521925
vn 93.608401 9.758048 33.797140
vn 93.608401 9.758048 33.797140
vn 93.608401 9.758048 33.797140
vn -92.651938 21.316237 -31.003792
vn -92.651938 21.316237 -31.003792
vn -92.651938 21.316237 -31.003792
vn -46.751268 -19.415158 -86.240197
vn -46.751268 -19.415158 -86.240197
vn -46.751268 -19.415158 -86.240197
vn 81.803500 35.444345 -45.297736
vn 81.803500 35.444345 -45.297736
vn 81.803500 35.444345 -45.297736
vn 25.639412 -49.031110 -83.298081
vn 25.639412 -49.031110 -83.298081
vn 25.639412 -49.031110 -83.298081
vn -99.442195 10.541444 0.357214
vn -99.442195 10.541444 0.357214
vn -99.442195 10.541444 0.357214
vn 89.088150 40.822833 -19.919758
vn 89.088150 40.822833 -19.919758
vn 89.088150 40.822833 -19.919758
vn 71.557259 -7.366723 -69.464308
vn 71.557259 -7.366723 -69.464308
vn 71.557259 -7.366723 -69.464308
vn -91.605851 2.741765 40.010637
vn -91.605851 2.741765 40.010637
vn -91.605851 2.741765 40.010637
vn 96.414900 -11.997144 23.669267
vn 96.414900 -11.997144 23.669267
vn 96.414900 -11.997144 23.669267
vn 53.828645 57.547254 -61.569402
vn 53.828645 57.547254 -61.569402
vn 53.828645 57.547254 -61.569402
vn 8.841581 92.334346 -37.365704
vn 8.841581 92.334346 -37.365704
vn 8.841581 92.334346 -37.365704
vn 12.380856 13.115663 98.360021
vn 12.380856 13.115663 98.360021
vn 12.380856 13.115663 98.360021
vn -97.153247 -16.949928 -16.551344
vn -97.153247 -16.949928 -16.551344
vn -97.153247 -16.949928 -16.551344
vn -36.017398 -45.807076 -81.267813
vn -36.017398 -45.807076 -81.267813
vn -36.017398 -45.807076 -81.267813
vn 22.005322 -20.353114 95.401870
vn 22.005322 -20.353114 95.401870
vn 22.005322 -20.353114 95.401870
vn 28.350592 0.408065 -95.896176
vn 28.350592 0.408065 -95.896176
vn 28.350592 0.408065 -95.896176
vn 45.997427 10.459341 88.175044
vn 45.997427 10.459341 88.175044
vn 45.997427 10.459341 88.175044
vn 26.970124 -37.644442 88.631300
vn 26.970124 -37.644442 88.631300
vn 26.970124 -37.644442 88.631300
vn -73.392461 -5.528013 67.697760
vn -73.392461 -5.528013 67.697760
vn -73.392461 -5.528013 67.697760
vn 86.469142 -4.007754 50.070187
vn 86.469142 -4.007754 50.070187
vn 86.469142 -4.007754 50.070187
vn -4.695952 62.085245 -78.251969
vn -4.695952 62.085245 -78.251969
vn -4.695952 62.085245 -78.251969
vn 20.760891 87.185761 -44.357963
vn 20.760891 87.185761 -44.357963
vn 20.760891 87.185761 -44.357963
vn -74.158975 -27.338679 61.262080
vn -74.158975 -27.338679 61.262080
vn -74.158975 -27.338679 61.262080
vn -18.722067 -96.122777 -20.245920
vn -18.722067 -96.122777 -20.245920
vn -18.722067 -96.122777 -20.245920
vn -93.115804 23.126435 -28.188891
vn -93.115804 23.126435 -28.188891
vn -93.115804 23.126435 -28.188891
vn -21.093260 87.308234 -43.958479
vn -21.093260 87.308234 -43.958479
vn -21.093260 87.308234 -43.958479
vn -25.265255 39.300929 88.414389
vn -25.265255 39.300929 88.414389
vn -25.265255 39.300929 88.414389
vn 73.534205 67.240912 -8.448674
vn 73.534205 67.240912 -8.448674
vn 73.534205 67.240912 -8.448674
vn 86.068026 -49.928349 -9.972693
vn 86.068026 -49.928349 -9.972693
vn 86.068026 -49.928349 -9.972693
vn 48.056502 -28.904370 82.795582
vn 48.056502 -28.904370 82.795582
vn 48.056502 -28.904370 82.795582
vn 46.947873 -1.763604 88.276765
vn 46.947873 -1.763604 88.276765
vn 46.947873 -1.763604 88.276765
vn 90.393479 -41.753521 9.255486
vn 90.393479 -41.753521 9.255486
vn 90.393479 -41.753521 9.255486
vn 58.463601 -57.454103 -57.280301
vn 58.463601 -57.454103 -57.280301
vn 58.463601 -57.454103 -57.280301
vn 82.527102 18.579619 -53.329864
vn 82.527102 18.579619 -53.329864
vn 82.527102 18.579619 -53.329864
vn -99.005696 10.730077 9.095994
vn -99.005696 10.730077 9.095994
vn -99.005696 10.730077 9.095994
vn 86.894663 1.109782 49.478140
vn 86.894663 1.109782 49.478140
vn 86.894663 1.109782 49.478140
vn -22.394186 -93.762795 26.590198
vn -22.394186 -93.762795 26.590198
vn -22.394186 -93.762795 26.590198
vn 98.556828 10.643051 13.163515
vn 98.556828 10.643051 13.163515
vn 98.556828 10.643051 13.163515
vn -78.366143 -51.315011 -35.007371
vn -78.366143 -51.315011 -35.007371
vn -78.366143 -51.315011 -35.007371
vn -93.440808 -29.275701 -20.291556
vn -93.440808 -29.275701 -20.291556
vn -93.440808 -29.275701 -20.291556
vn -98.002580 5.763186 19.033638
vn -98.002580 5.763186 19.033638
vn -98.002580 5.763186 19.033638
vn 30.067255 -42.883118 85.188010
vn 30.067255 -42.883118 85.188010
vn 30.067255 -42.883118 85.188010
vn -93.233699 -1.410682 -36.131517
vn -93.233699 -1.410682 -36.131517
vn -93.233699 -1.410682 -36.131517
vn -86.028013 -49.923707 -10.334587
vn -86.028013 -49.923707 -10.334587
vn -86.028013 -49.923707 -10.334587
vn 99.609287 8.830551 -0.102330
vn 99.609287 8.830551 -0.102330
vn 99.609287 8.830551 -0.102330
vn -34.891557 41.216376 -84.165247
vn -34.891557 41.216376 -84.165247
vn -34.891557 41.216376 -84.165247
vn 28.185678 95.799468 -5.294288
vn 28.185678 95.799468 -5.294288
vn 28.185678 95.799468 -5.294288
vn 91.283522 24.821983 -32.422032
vn 91.283522 24.821983 -32.422032
vn 91.283522 24.821983 -32.422032
vn -95.715956 17.529325 -23.047293
vn -95.715956 17.529325 -23.047293
vn -95.715956 17.529325 -23.047293
vn 39.078328 22.848122 -89.167527
vn 39.078328 22.848122 -89.167527
vn 39.078328 22.848122 -89.167527
vn 59.629264 -67.816773 42.956213
vn 59.629264 -67.816773 42.956213
vn 59.629264 -67.816773 42.956213
vn 99.708101 7.156184 2.661380
vn 99.708101 7.156184 2.661380
vn 99.708101 7.156184 2.661380
vn 46.551744 -6.637658 -88.254603
vn 46.551744 -6.637658 -88.254603
vn 46.551744 -6.637658 -88.254603
vn 70.304129 -39.084838 -59.411317
vn 70.304129 -39.084838 -59.411317
vn 70.304129 -39.084838 -59.411317
vn 96.520330 -23.388472 -11.696298
vn 96.520330 -23.388472 -11.696298
vn 96.520330 -23.388472 -11.696298
vn 63.088769 -64.087972 43.732581
vn 63.088769 -64.087972 43.732581
vn 63.088769 -64.087972 43.732581
vn 90.349418 42.691511 3.797067
vn 90.349418 42.691511 3.797067
vn 90.349418 42.691511 3.797067
vn -45.175595 -16.137572 87.742488
vn -45.175595 -16.137572 87.742488
vn -45.175595 -16.137572 87.742488
vn 82.480358 -44.470124 34.919875
vn 82.480358 -44.470124 34.919875
vn 82.480358 -44.470124 34.919875
vn -49.945112 84.494505 19.135427
vn -49.945112 84.494505 19.135427
vn -49.945112 84.494505 19.135427
vn -56.014539 17.206092 -81.032836
vn -56.014539 17.206092 -81.032836
vn -56.014539 17.206092 -81.032836
vn 76.464272 -48.461846 -42.481355
vn 76.464272 -48.461846 -42.481355
vn 76.464272 -48.461846 -42.481355
vn 14.650955 84.016366 52.216866
vn 14.650955 84.016366 52.216866
vn 14.650955 84.016366 52.216866
vn 78.525338 29.788708 54.280783
vn 78.525338 29.788708 54.280783
vn 78.525338 29.788708 54.280783
vn -94.253528 -3.913137 -33.180700
vn -94.253528 -3.913137 -33.180700
vn -94.253528 -3.913137 -33.180700
vn -40.078345 78.666423 46.960835
vn -40.078345 78.666423 46.960835
vn -40.078345 78.666423 46.960835
vn 25.862123 -96.312310 -7.422240
vn 25.862123 -96.312310 -7.422240
vn 25.862123 -96.312310 -7.422240
vn 65.034611 -54.979813 -52.418688
vn 65.034611 -54.979813 -52.418688
vn 65.034611 -54.979813 -52.418688
vn -57.609077 -37.102009 -72.832930
vn -57.609077 -37.102009 -72.832930
vn -57.609077 -37.102009 -72.832930
vn 98.786247 10.863958 11.101834
vn 98.786247 10.863958 11.101834
vn 98.786247 10.863958 11.101834
vn -67.941920 -3.236876 73.303596
vn -67.941920 -3.236876 73.303596
vn -67.941920 -3.236876 73.303596
vn -31.927363 29.688012 89.995914
vn -31.927363 29.688012 89.995914
vn -31.927363 29.688012 89.995914
vn 76.524453 -40.683496 49.888478
vn 76.524453 -40.683496 49.888478
vn 76.524453 -40.683496 49.888478
vn 4.098819 99.840313 3.887565
vn 4.098819 99.840313 3.887565
vn 4.098819 99.840313 3.887565
vn -51.538622 -27.123614 -81.290098
vn -51.538622 -27.123614 -81.290098
vn -51.538622 -27.123614 -81.290098
vn -93.994767 -13.073550 31.528813
vn -93.994767 -13.073550 31.528813
vn -93.994767 -13.073550 31.528813
vn -80.965854 24.808761 53.188864
vn -80.965854 24.808761 53.188864
vn -80.965854 24.808761 53.188864
vn 22.174335 -15.468239 -96.275811
vn 22.174335 -15.468239 -96.275811
vn 22.174335 -15.468239 -96.275811
vn 55.748243 -80.688813 19.530664
vn 55.748243 -80.688813 19.530664
vn 55.748243 -80.688813 19.530664
vn 78.562605 -61.654913 5.156312
vn 78.562605 -61.654913 5.156312
vn 78.562605 -61.654913 5.156312
vn 9.034286 93.911819 -33.150453
vn 9.034286 93.911819 -33.150453
vn 9.034286 93.911819 -33.150453
vn -36.161308 93.151709 3.888470
vn -36.161308 93.151709 3.888470
vn -36.161308 93.151709 3.888470
vn 18.355650 24.508309 -95.196699
vn 18.355650 24.508309 -95.196699
vn 18.355650 24.508309 -95.196699
vn -79.522156 24.636401 55.401026
vn -79.522156 24.636401 55.401026
vn -79.522156 24.636401 55.401026
vn -6.606751 89.326425 44.465057
vn -6.606751 89.326425 44.465057
vn -6.606751 89.326425 44.465057
vn -48.737632 -15.210730 -85.984163
vn -48.737632 -15.210730 -85.984163
vn -48.737632 -15.210730 -85.984163
vn 24.707715 46.092908 85.234806
vn 24.707715 46.092908 85.234806
vn 24.707715 46.092908 85.234806
vn 92.019266 -5.406227 38.771455
vn 92.019266 -5.406227 38.771455
vn 92.019266 -5.406227 38.771455
vn -53.842352 9.784286 -83.697487
vn -53.842352 9.784286 -83.697487
vn -53.842352 9.784286 -83.697487
vn -81.787405 -54.844828 -17.402982
vn -81.787405 -54.844828 -17.402982
vn -81.787405 -54.844828 -17.402982
vn 84.856253 39.017455 35.735897
vn 84.856253 39.017455 35.735897
vn 84.856253 39.017455 35.735897
vn 84.623552 -5.994574 -52.942599
vn 84.623552 -5.994574 -52.942599
vn 84.623552 -5.994574 -52.942599
vn -15.476666 60.959856 -77.745534
vn -15.476666 60.959856 -77.745534
vn -15.476666 60.959856 -77.745534
vn 35.142249 79.491194 -49.458787
vn 35.142249 79.491194 -49.458787
vn 35.142249 79.491194 -49.458787
vn 51.096546 85.948923 -1.387576
vn 51.096546 85.948923 -1.387576
vn 51.096546 85.948923 -1.387576
vn 80.770285 23.119639 -54.236915
vn 80.770285 23.119639 -54.236915
vn 80.770285 23.119639 -54.236915
vn -58.826370 39.484469 70.572195
vn -58.826370 39.484469 70.572195
vn -58.826370 39.484469 70.572195
vn -2.346699 -95.851772 28.406545
vn -2.346699 -95.851772 28.406545
vn -2.346699 -95.851772 28.406545
vn -90.026658 -24.490493 -35.991878
vn -90.026658 -24.490493 -35.991878
vn -90.026658 -24.490493 -35.991878
vn -27.409084 78.181732 -56.003200
vn -27.409084 78.181732 -56.003200
vn -27.409084 78.181732 -56.003200
vn 2.133687 86.011030 50.966164
vn 2.133687 86.011030 50.966164
vn 2.133687 86.011030 50.966164
vn -25.210498 -34.372197 -90.459842
vn -25.210498 -34.372197 -90.459842
vn -25.210498 -34.372197 -90.459842
vn 37.767698 -21.534894 90.054706
vn 37.767698 -21.534894 90.054706
vn 37.767698 -21.534894 90.054706
vn -93.592348 4.269098 -34.960645
vn -93.592348 4.269098 -34.960645
vn -93.592348 4.269098 -34.960645
vn 95.253066 23.193585 19.720825
vn 95.253066 23.193585 19.720825
vn 95.253066 23.193585 19.720825
vn -33.035616 42.059445 84.496457
vn -33.035616 42.059445 84.496457
vn -33.035616 42.059445 84.496457
vn 68.071038 47.215832 56.008912
vn 68.071038 47.215832 56.008912
vn 68.071038 47.215832 56.008912
vn 74.756169 -5.526624 66.188909
vn 74.756169 -5.526624 66.188909
vn 74.756169 -5.526624 66.188909
vn 84.994188 6.696469 -52.260344
vn 84.994188 6.696469 -52.260344
vn 84.994188 6.696469 -52.260344
vn -51.896796 -14.190883 -84.293179
vn -51.896796 -14.190883 -84.293179
vn -51.896796 -14.190883 -84.293179
vn 41.554762 -83.259131 36.621283
vn 41.554762 -83.259131 36.621283
vn 41.554762 -83.259131 36.621283
vn 12.623133 -93.935635 -31.886561
vn 12.623133 -93.935635 -31.886561
vn 12.623133 -93.935635 -31.886561
vn 39.830325 -91.649934 3.719709
vn 39.830325 -91.649934 3.719709
vn 39.830325 -91.649934 3.719709
vn 97.456002 -15.242408 -16.431538
vn 97.456002 -15.242408 -16.431538
vn 97.456002 -15.242408 -16.431538
vn 75.631204 20.172830 -62.233249
vn 75.631204 20.172830 -62.233249
vn 75.631204 20.172830 -62.233249
vn -83.870863 6.654410 54.049940
vn -83.870863 6.654410 54.049940
vn -83.870863 6.654410 54.049940
vn -57.755575 77.379844 -26.012543
vn -57.755575 77.379844 -26.012543
vn -57.755575 77.379844 -26.012543
vn -59.711234 74.122027 -30.667451
vn -59.711234 74.122027 -30.667451
vn -59.711234 74.122027 -30.667451
vn 69.097679 -45.465961 56.199252
vn 69.097679 -45.465961 56.199252
vn 69.097679 -45.465961 56.199252
vn -75.789934 -15.530847 63.361487
vn -75.789934 -15.530847 63.361487
vn -75.789934 -15.530847 63.361487
vn -91.757919 39.406616 5.253870
vn -91.757919 39.406616 5.253870
vn -91.757919 39.406616 5.253870
vn 93.192209 -36.264992 0.247800
vn 93.192209 -36.264992 0.247800
vn 93.192209 -36.264992 0.247800
vn 86.710284 -48.500525 11.358979
vn 86.710284 -48.500525 11.358979
vn 86.710284 -48.500525 11.358979
vn -94.312082 -32.971990 -4.251829
vn -94.312082 -32.971990 -4.251829
vn -94.312082 -32.971990 -4.251829
vn -15.653012 -36.412149 -91.810337
vn -15.653012 -36.412149 -91.810337
vn -15.653012 -36.412149 -91.810337
vn -77.606350 59.433900 -21.091840
vn -77.606350 59.433900 -21.091840
vn -77.606350 59.433900 -21.091840
vn -81.047268 -14.277486 -56.811021
vn -81.047268 -14.277486 -56.811021
vn -81.047268 -14.277486 -56.811021
vn -96.327671 26.532582 -4.123243
vn -96.327671 26.532582 -4.123243
vn -96.327671 26.532582 -4.123243
vn -96.014871 23.987413 14.343875
vn -96.014871 23.987413 14.343875
vn -96.014871 23.987413 14.343875
vn -76.775467 50.950996 -38.852562
vn -76.775467 50.950996 -38.852562
vn -76.775467 50.950996 -38.852562
vn 75.055642 33.641904 -56.875928
vn 75.055642 33.641904 -56.875928
vn 75.055642 33.641904 -56.875928
vn 68.333423 59.382307 -42.476883
vn 68.333423 59.382307 -42.476883
vn 68.333423 59.382307 -42.476883
vn 19.513779 14.245570 -97.037497
vn 19.513779 14.245570 -97.037497
vn 19.513779 14.245570 -97.037497
vn 44.941834 83.341880 -32.161498
vn 44.941834 83.341880 -32.161498
vn 44.941834 83.341880 -32.161498
vn 16.650573 -38.739021 90.675495
vn 16.650573 -38.739021 90.675495
vn 16.650573 -38.739021 90.675495
vn -17.723883 52.176176 83.447654
vn -17.723883 52.176176 83.447654
vn -17.723883 52.176176 83.447654
vn -50.059067 55.661906 -66.301144
vn -50.059067 55.661906 -66.301144
vn -50.059067 55.661906 -66.301144
vn -90.285398 -35.423013 24.367103
vn -90.285398 -35.423013 24.367103
vn -90.285398 -35.423013 24.367103
vn 5.308869 -46.772141 -88.228023
vn 5.308869 -46.772141 -88.228023
vn 5.308869 -46.772141 -88.228023
vn 20.415724 -8.253642 97.545249
vn 20.415724 -8.253642 97.545249
vn 20.415724 -8.253642 97.545249
vn 83.330246 47.046234 29.029673
vn 83.330246 47.046234 29.029673
vn 83.330246 47.046234 29.029673
vn 22.208610 -23.430323 94.645634
vn 22.208610 -23.430323 94.645634
vn 22.208610 -23.430323 94.645634
vn 83.457659 1.610057 55.065649
vn 83.457659 1.610057 55.065649
vn 83.457659 1.610057 55.065649
vn 5.955252 23.422374 97.035695
vn 5.955252 23.422374 97.035695
vn 5.955252 23.422374 97.035695
vn -76.117819 -18.683766 -62.104711
vn -76.117819 -18.683766 -62.104711
vn -76.117819 -18.683766 -62.104711
vn 76.323806 17.775154 -62.118588
vn 76.323806 17.775154 -62.118588
vn 76.323806 17.775154 -62.118588
vn 45.832025 -69.010066 -56.009259
vn 45.832025 -69.010066 -56.009259
vn 45.832025 -69.010066 -56.009259
vn 33.690962 -44.745129 82.841969
vn 33.690962 -44.745129 82.841969
vn 33.690962 -44.745129 82.841969
vn -14.147567 -98.688148 7.778045
vn -14.147567 -98.688148 7.778045
vn -14.147567 -98.688148 7.778045
vn -72.362444 -41.818339 -54.908137
vn -72.362444 -41.818339 -54.908137
vn -72.362444 -41.818339 -54.908137
vn -57.082888 -1.246387 82.097452
vn -57.082888 -1.246387 82.097452
vn -57.082888 -1.246387 82.097452
vn 30.826071 16.805706 -93.633975
vn 30.826071 16.805706 -93.633975
vn 30.826071 16.805706 -93.633975
vn 27.091424 -39.172598 -87.929294
vn 27.091424 -39.172598 -87.929294
vn 27.091424 -39.172598 -87.929294
vn 26.850105 -32.915218 90.529883
vn 26.850105 -32.915218 90.529883
vn 26.850105 -32.915218 90.529883
vn 67.390050 62.701404 -39.078319
vn 67.390050 62.701404 -39.078319
vn 67.390050 62.701404 -39.078319
vn -99.362135 -8.693310 7.182676
vn -99.362135 -8.693310 7.182676
vn -99.362135 -8.693310 7.182676
vn -56.020089 -82.817396 -1.740310
vn -56.020089 -82.817396 -1.740310
vn -56.020089 -82.817396 -1.740310
vn 59.688867 -68.317517 42.070836
vn 59.688867 -68.317517 42.070836
vn 59.688867 -68.317517 42.070836
vn 92.764785 -3.622318 37.169514
vn 92.764785 -3.622318 37.169514
vn 92.764785 -3.622318 37.169514
vn 80.576049 3.788252 -59.102857
vn 80.576049 3.788252 -59.102857
vn 80.576049 3.788252 -59.102857
vn -44.955787 -73.633598 -50.567474
vn -44.955787 -73.633598 -50.567474
vn -44.955787 -73.633598 -50.567474
vn 25.492397 65.692521 70.955125
vn 25.492397 65.692521 70.955125
vn 25.492397 65.692521 70.955125
vn -55.625699 -2.515544 -83.062950
vn -55.625699 -2.515544 -83.062950
vn -55.625699 -2.515544 -83.062950
vn -51.271433 84.392384 -15.784992
vn -51.271433 84.392384 -15.784992
vn -51.271433 84.392384 -15.784992
vn -97.033800 19.475921 -14.322311
vn -97.033800 19.475921 -14.322311
vn -97.033800 19.475921 -14.322311
vn -68.811675 -45.773473 56.300455
vn -68.811675 -45.773473 56.300455
vn -68.811675 -45.773473 56.300455
vn 43.231567 -23.548752 -87.043021
vn 43.231567 -23.548752 -87.043021
vn 43.231567 -23.548752 -87.043021
vn 5.332844 29.562634 -95.381393
vn 5.332844 29.562634 -95.381393
vn 5.332844 29.562634 -95.381393
vn 37.800862 -6.265171 -92.367967
vn 37.800862 -6.265171 -92.367967
vn 37.800862 -6.265171 -92.367967
vn 3.250229 29.533338 -95.484126
vn 3.250229 29.533338 -95.484126
vn 3.250229 29.533338 -95.484126
vn -90.225171 39.643037 -16.966072
vn -90.225171 39.643037 -16.966072
vn -90.225171 39.643037 -16.966072
vn 99.977167 -0.956161 -1.910505
vn 99.977167 -0.956161 -1.910505
vn 99.977167 -0.956161 -1.910505
vn -16.950784 -35.326739 -92.003759
vn -16.950784 -35.326739 -92.003759
vn -16.950784 -35.326739 -92.003759
vn 27.040802 24.419685 93.126118
vn 27.040802 24.419685 93.126118
vn 27.040802 24.419685 93.126118
vn 94.520955 -4.062267 32.392694
vn 94.520955 -4.062267 32.392694
vn 94.520955 -4.062267 32.392694
vn 54.802172 29.867574 78.132262
vn 54.802172 29.867574 78.132262
vn 54.802172 29.867574 78.132262
vn 41.068056 76.584237 49.479991
vn 41.068056 76.584237 49.479991
vn 41.068056 76.584237 49.479991
vn -6.440134 92.947065 -36.323103
vn -6.440134 92.947065 -36.323103
vn -6.440134 92.947065 -36.323103
vn 5.669680 -97.255873 22.564361
vn 5.669680 -97.255873 22.564361
vn 5.669680 -97.255873 22.564361
vn -33.279056 -58.706022 73.797736
vn -33.279056 -58.706022 73.797736
vn -33.279056 -58.706022 73.797736
vn -51.743346 -9.381633 -85.056515
vn -51.743346 -9.381633 -85.056515
vn -51.743346 -9.381633 -85.056515
vn 69.858974 6.022461 71.298334
vn 69.858974 6.022461 71.298334
vn 69.858974 6.022461 71.298334
vn 84.517923 43.322794 31.302650
vn 84.517923 43.322794 31.302650
vn 84.517923 43.322794 31.302650
vn -93.481655 12.575631 33.211966
vn -93.481655 12.575631 33.211966
vn -93.481655 12.575631 33.211966
vn -95.658046 3.493418 -28.936714
vn -95.658046 3.493418 -28.936714
vn -95.658046 3.493418 -28.936714
vn 61.282825 50.266180 60.973154
vn 61.282825 50.266180 60.973154
vn 61.282825 50.266180 60.973154
vn 71.050016 57.127317 41.089714
vn 71.050016 57.127317 41.089714
vn 71.050016 57.127317 41.089714
vn -3.092412 -51.801607 85.481174
vn -3.092412 -51.801607 85.481174
vn -3.092412 -51.801607 85.481174
vn -6.530074 15.424380 -98.587245
vn -6.530074 15.424380 -98.587245
vn -6.530074 15.424380 -98.587245
vn 90.679919 23.074372 35.280658
vn 90.679919 23.074372 35.280658
vn 90.679919 23.074372 35.280658
vn -81.339220 -9.482905 57.393434
vn -81.339220 -9.482905 57.393434
vn -81.339220 -9.482905 57.393434
vn 15.187255 86.298439 -48.186386
vn 15.187255 86.298439 -48.186386
vn 15.187255 86.298439 -48.186386
vn -67.505162 -6.185723 -73.517265
vn -67.505162 -6.185723 -73.517265
vn -67.505162 -6.185723 -73.517265
vn 31.673359 9.837407 94.339928
vn 31.673359 9.837407 94.339928
vn 31.673359 9.837407 94.339928
vn -88.788485 44.084761 13.158238
vn -88.788485 44.084761 13.158238
vn -88.788485 44.084761 13.158238
vn 85.674599 48.768231 -16.778635
vn 85.674599 48.768231 -16.778635
vn 85.674599 48.768231 -16.778635
vn -68.810113 41.780832 -59.325624
vn -68.810113 41.780832 -59.325624
vn -68.810113 41.780832 -59.325624
vn 95.743113 11.864041 26.315395
vn 95.743113 11.864041 26.315395
vn 95.743113 11.864041 26.315395
vn 53.267459 -69.006925 -48.996137
vn 53.267459 -69.006925 -48.996137
vn 53.267459 -69.006925 -48.996137
vn 64.471299 35.584010 67.655215
vn 64.471299 35.584010 67.655215
vn 64.471299 35.584010 67.655215
vn 43.384206 84.260609 -31.905503
vn 43.384206 84.260609 -31.905503
vn 43.384206 84.260609 -31.905503
vn 11.875522 -93.853169 32.412258
vn 11.875522 -93.853169 32.412258
vn 11.875522 -93.853169 32.412258
vn 40.848207 -70.488803 -57.989248
vn 40.848207 -70.488803 -57.989248
vn 40.848207 -70.488803 -57.989248
vn 95.598799 28.947854 4.784518
vn 95.598799 28.947854 4.784518
vn 95.598799 28.947854 4.784518
vn 57.813561 -19.361701 -79.263596
vn 57.813561 -19.361701 -79.263596
vn 57.813561 -19.361701 -79.263596
vn 24.959569 18.931016 94.966501
vn 24.959569 18.931016 94.966501
vn 24.959569 18.931016 94.966501
vn 31.916432 -0.056488 -94.769914
vn 31.916432 -0.056488 -94.769914
vn 31.916432 -0.056488 -94.769914
vn 19.049570 50.868757 -83.961198
vn 19.049570 50.868757 -83.961198
vn 19.049570 50.868757 -83.961198
vn 57.266434 -5.991240 -81.759764
vn 57.266434 -5.991240 -81.759764
vn 57.266434 -5.991240 -81.759764
vn 46.054382 -38.455138 80.001215
vn 46.054382 -38.455138 80.001215
vn 46.054382 -38.455138 80.001215
vn -61.684067 5.958010 -78.482971
vn -61.684067 5.958010 -78.482971
vn -61.684067 5.958010 -78.482971
vn 54.281838 -57.256001 -61.442926
vn 54.281838 -57.256001 -61.442926
vn 54.281838 -57.256001 -61.442926
vn 16.174592 95.059625 -26.496248
vn 16.174592 95.059625 -26.496248
vn 16.174592 95.059625 -26.496248
vn -94.581718 14.937417 28.830025
vn -94.581718 14.937417 28.830025
vn -94.581718 14.937417 28.830025
vn -88.161090 46.480069 8.199044
vn -88.161090 46.480069 8.199044
vn -88.161090 46.480069 8.199044
vn -53.473688 35.435943 -76.712824
vn -53.473688 35.435943 -76.712824
vn -53.473688 35.435943 -76.712824
vn 38.741193 -34.124511 -85.642498
vn 38.741193 -34.124511 -85.642498
vn 38.741193 -34.124511 -85.642498
vn -44.310231 -48.548130 75.363661
vn -44.310231 -48.548130 75.363661
vn -44.310231 -48.548130 75.363661
vn -52.398121 -0.750627 -85.169680
vn -52.398121 -0.750627 -85.169680
vn -52.398121 -0.750627 -85.169680
vn 76.070420 44.258886 47.480957
vn 76.070420 44.258886 47.480957
vn 76.070420 44.258886 47.480957
vn -62.898894 -20.665273 -74.944479
vn -62.898894 -20.665273 -74.944479
vn -62.898894 -20.665273 -74.944479
vn -21.683204 -35.866819 90.793216
vn -21.683204 -35.866819 90.793216
vn -21.683204 -35.866819 90.793216
vn 65.201161 74.235929 -15.421910
vn 65.201161 74.235929 -15.421910
vn 65.201161 74.235929 -15.421910
vn 63.761382 34.257690 68.999257
vn 63.761382 34.257690 68.999257
vn 63.761382 34.257690 68.999257
vn -78.952778 -4.632260 61.196406
vn -78.952778 -4.632260 61.196406
vn -78.952778 -4.632260 61.196406
vn 93.763766 -34.432727 4.769099
vn 93.763766 -34.432727 4.769099
vn 93.763766 -34.432727 4.769099
vn 16.615291 3.037656 -98.563205
vn 16.615291 3.037656 -98.563205
vn 16.615291 3.037656 -98.563205
vn -11.199984 30.110208 -94.699173
vn -11.199984 30.110208 -94.699173
vn -11.199984 30.110208 -94.699173
vn -88.114875 39.689379 -25.700609
vn -88.114875 39.689379 -25.700609
vn -88.114875 39.689379 -25.700609
vn -21.152037 59.956155 77.187115
vn -21.152037 59.956155 77.187115
vn -21.152037 59.956155 77.187115
vn 60.719048 62.521231 -49.033594
vn 60.719048 62.521231 -49.033594
vn 60.719048 62.521231 -49.033594
vn 98.908716 -9.331803 11.400998
vn 98.908716 -9.331803 11.400998
vn 98.908716 -9.331803 11.400998
vn 8.936391 -65.777949 -74.789047
vn 8.936391 -65.777949 -74.789047
vn 8.936391 -65.777949 -74.789047
vn 87.434413 -47.612100 9.397426
vn 87.434413 -47.612100 9.397426
vn 87.434413 -47.612100 9.397426
vn -25.958675 13.665424 -95.600231
vn -25.958675 13.665424 -95.600231
vn -25.958675 13.665424 -95.600231
vn -13.642762 -47.981357 86.669858
vn -13.642762 -47.981357 86.669858
vn -13.642762 -47.981357 86.669858
vn -66.434656 3.748753 74.648399
vn -66.434656 3.748753 74.648399
vn -66.434656 3.748753 74.648399
vn -66.426480 74.434529 6.857345
vn -66.426480 74.434529 6.857345
vn -66.426480 74.434529 6.857345
vn -34.517607 25.342341 -90.367580
vn -34.517607 25.342341 -90.367580
vn -34.517607 25.342341 -90.367580
vn -95.167762 24.737180 18.198013
vn -95.167762 24.737180 18.198013
vn -95.167762 24.737180 18.198013
vn -44.237151 88.326385 -15.541095
vn -44.237151 88.326385 -15.541095
vn -44.237151 88.326385 -15.541095
vn -41.296448 -20.214452 88.803027
vn -41.296448 -20.214452 88.803027
vn -41.296448 -20.214452 88.803027
vn -99.486060 10.053483 -1.204607
vn -99.486060 10.053483 -1.204607
vn -99.486060 10.053483 -1.204607
vn -71.429558 66.504532 21.793699
vn -71.429558 66.504532 21.793699
vn -71.429558 66.504532 21.793699
vn 68.370367 -29.809991 -66.609734
vn 68.370367 -29.809991 -66.609734
vn 68.370367 -29.809991 -66.609734
vn -71.940633 -50.607577 -47.575408
vn -71.940633 -50.607577 -47.575408
vn -71.940633 -50.607577 -47.575408
vn 54.891628 73.333732 40.113242
vn 54.891628 73.333732 40.113242
vn 54.891628 73.333732 40.113242
vn -34.382616 -4.239859 -93.807567
vn -34.382616 -4.239859 -93.807567
vn -34.382616 -4.239859 -93.807567
vn -40.087140 -60.246008 -69.017684
vn -40.087140 -60.246008 -69.017684
vn -40.087140 -60.246008 -69.017684
vn 31.265532 93.711732 15.510585
vn 31.265532 93.711732 15.510585
vn 31.265532 93.711732 15.510585
vn 21.976038 23.156720 -94.767188
vn 21.976038 23.156720 -94.767188
vn 21.976038 23.156720 -94.767188
vn -77.883327 18.328675 59.985383
vn -77.883327 18.328675 59.985383
vn -77.883327 18.328675 59.985383
vn -53.707452 -80.587275 24.923897
vn -53.707452 -80.587275 24.923897
vn -53.707452 -80.587275 24.923897
vn -69.194731 -71.201528 11.934491
vn -69.194731 -71.201528 11.934491
vn -69.194731 -71.201528 11.934491
vn 91.869282 39.487853 -0.862252
vn 91.869282 39.487853 -0.862252
vn 91.869282 39.487853 -0.862252
vn -49.828574 76.147344 -41.457155
vn -49.828574 76.147344 -41.457155
vn -49.828574 76.147344 -41.457155
vn -99.009615 -4.602255 13.263266
vn -99.009615 -4.602255 13.263266
vn -99.009615 -4.602255 13.263266
vn -21.139368 91.639716 -33.989563
vn -21.139368 91.639716 -33.989563
vn -21.139368 91.639716 -33.989563
vn -81.029223 -32.754435 48.594363
vn -81.029223 -32.754435 48.594363
vn -81.029223 -32.754435 48.594363
vn 10.731179 -22.917948 96.745066
vn 10.731179 -22.917948 96.745066
vn 10.731179 -22.917948 96.745066
vn 68.603016 44.899609 -57.250762
vn 68.603016 44.899609 -57.250762
vn 68.603016 44.899609 -57.250762
vn 25.195257 -2.812894 96.733068
vn 25.195257 -2.812894 96.733068
vn 25.195257 -2.812894 96.733068
vn -80.915218 58.755749 -0.698854
vn -80.915218 58.755749 -0.698854
vn -80.915218 58.755749 -0.698854
vn 90.312251 -18.741584 -38.632217
vn 90.312251 -18.741584 -38.632217
vn 90.312251 -18.741584 -38.632217
vn -52.361608 18.787680 -83.098042
vn -52.361608 18.787680 -83.098042
vn -52.361608 18.787680 -83.098042
vn 92.320219 5.769869 -37.995842
vn 92.320219 5.769869 -37.995842
vn 92.320219 5.769869 -37.995842
vn -96.905588 0.949767 24.665839
vn -96.905588 0.949767 24.665839
vn -96.905588 0.949767 24.665839
vn -98.748700 -15.571821 2.492425
vn -98.748700 -15.571821 2.492425
vn -98.748700 -15.571821 2.492425
vn 62.255411 -7.833213 77.864654
vn 62.255411 -7.833213 77.864654
vn 62.255411 -7.833213 77.864654
vn -93.817237 23.486398 25.430585
vn -93.817237 23.486398 25.430585
vn -93.817237 23.486398 25.430585
vn -70.609520 28.987424 64.606681
vn -70.609520 28.987424 64.606681
vn -70.609520 28.987424 64.606681
vn -5.190241 86.226549 50.379000
vn -5.190241 86.226549 50.379000
vn -5.190241 86.226549 50.379000
vn -99.755893 1.489880 6.822075
vn -99.755893 1.489880 6.822075
vn -99.755893 1.489880 6.822075
vn -60.188363 28.283171 -74.682136
vn -60.188363 28.283171 -74.682136
vn -60.188363 28.283171 -74.682136
vn -15.108024 5.347926 98.707377
vn -15.108024 5.347926 98.707377
vn -15.108024 5.347926 98.707377
vn -6.262667 19.945642 97.790344
vn -6.262667 19.945642 97.790344
vn -6.262667 19.945642 97.790344
vn -71.345800 -69.403298 9.641483
vn -71.345800 -69.403298 9.641483
vn -71.345800 -69.403298 9.641483
vn 37.685718 -12.344369 91.800882
vn 37.685718 -12.344369 91.800882
vn 37.685718 -12.344369 91.800882
vn -55.063889 -10.444406 -82.818372
vn -55.063889 -10.444406 -82.818372
vn -55.063889 -10.444406 -82.818372
vn 47.700158 53.163422 -69.988179
vn 47.700158 53.163422 -69.988179
vn 47.700158 53.163422 -69.988179
vn -87.071852 -0.615815 -49.174302
vn -87.071852 -0.615815 -49.174302
vn -87.071852 -0.615815 -49.174302
vn 63.132223 -28.403931 72.163272
vn 63.132223 -28.403931 72.163272
vn 63.132223 -28.403931 72.163272
vn 81.157235 14.461772 56.607060
vn 81.157235 14.461772 56.607060
vn 81.157235 14.461772 56.607060
vn 40.608287 -31.781772 85.678974
vn 40.608287 -31.781772 85.678974
vn 40.608287 -31.781772 85.678974
vn 7.881179 -82.165651 56.450803
vn 7.881179 -82.165651 56.450803
vn 7.881179 -82.165651 56.450803
vn -65.332033 -44.081988 61.550813
vn -65.332033 -44.081988 61.550813
vn -65.332033 -44.081988 61.550813
vn 29.237953 32.741038 89.850806
vn 29.237953 32.741038 89.850806
vn 29.237953 32.741038 89.850806
vn -48.463253 44.313899 -75.416120
vn -48.463253 44.313899 -75.416120
vn -48.463253 44.313899 -75.416120
vn 95.738119 -12.942655 -25.820535
vn 95.738119 -12.942655 -25.820535
vn 95.738119 -12.942655 -25.820535
vn -96.722307 -23.347381 9.984681
vn -96.722307 -23.347381 9.984681
vn -96.722307 -23.347381 9.984681
vn -64.114231 -26.918142 71.866399
vn -64.114231 -26.918142 71.866399
vn -64.114231 -26.918142 71.866399
vn 13.979064 -15.845299 -97.742064
vn 13.979064 -15.845299 -97.742064
vn 13.979064 -15.845299 -97.742064
vn -47.231802 11.431529 -87.398372
vn -47.231802 11.431529 -87.398372
vn -47.231802 11.431529 -87.398372
vn -95.058539 -20.186754 23.587465
vn -95.058539 -20.186754 23.587465
vn -95.058539 -20.186754 23.587465
vn 92.417747 -25.181206 28.720490
vn 92.417747 -25.181206 28.720490
vn 92.417747 -25.181206 28.720490
vn 99.575888 3.477932 -8.517363
vn 99.575888 3.477932 -8.517363
vn 99.575888 3.477932 -8.517363
vn 33.492075 20.284728 92.015276
vn 33.492075 20.284728 92.015276
vn 33.492075 20.284728 92.015276
vn 89.654042 44.221559 2.570057
vn 89.654042 44.221559 2.570057
vn 89.654042 44.221559 2.570057
vn -68.223119 15.571877 71.436135
vn -68.223119 15.571877 71.436135
vn -68.223119 15.571877 71.436135
vn 29.190296 -31.681111 -90.245399
vn 29.190296 -31.681111 -90.245399
vn 29.190296 -31.681111 -90.245399
vn 84.618220 -36.634110 38.700107
vn 84.618220 -36.634110 38.700107
vn 84.618220 -36.634110 38.700107
vn 16.145737 76.591351 -62.234073
vn 16.145737 76.591351 -62.234073
vn 16.145737 76.591351 -62.234073
vn -94.421447 32.159045 -7.098274
vn -94.421447 32.159045 -7.098274
vn -94.421447 32.159045 -7.098274
vn -88.650052 -16.547705 43.212747
vn -88.650052 -16.547705 43.212747
vn -88.650052 -16.547705 43.212747
vn -60.542221 -75.725741 24.500046
vn -60.542221 -75.725741 24.500046
vn -60.542221 -75.725741 24.500046
vn -34.940671 41.540503 -83.985326
vn -34.940671 41.540503 -83.985326
vn -34.940671 41.540503 -83.985326
vn 63.767297 -26.232774 -72.426331
vn 63.767297 -26.232774 -72.426331
vn 63.767297 -26.232774 -72.426331
vn -87.910221 36.868606 30.207576
vn -87.910221 36.868606 30.207576
vn -87.910221 36.868606 30.207576
vn 24.999591 19.302370 94.881182
vn 24.999591 19.302370 94.881182
vn 24.999591 19.302370 94.881182
vn -13.393948 16.300244 -97.749193
vn -13.393948 16.300244 -97.749193
vn -13.393948 16.300244 -97.749193
vn 55.353535 -59.894420 57.867465
vn 55.353535 -59.894420 57.867465
vn 55.353535 -59.894420 57.867465
vn -21.476953 -97.389572 -7.349297
vn -21.476953 -97.389572 -7.349297
vn -21.476953 -97.389572 -7.349297
vn 89.902882 42.282974 -11.385124
vn 89.902882 42.282974 -11.385124
vn 89.902882 42.282974 -11.385124
vn -42.200900 -55.395138 -71.766714
vn -42.200900 -55.395138 -71.766714
vn -42.200900 -55.395138 -71.766714
vn -98.502082 16.590325 -4.701040
vn -98.502082 16.590325 -4.701040
vn -98.502082 16.590325 -4.701040
vn -16.026265 32.336323 93.260499
vn -16.026265 32.336323 93.260499
vn -16.026265 32.336323 93.260499
vn 52.318283 -77.739237 -34.920039
vn 52.318283 -77.739237 -34.920039
vn 52.318283 -77.739237 -34.920039
vn 32.127031 -48.678266 81.229797
vn 32.127031 -48.678266 81.229797
vn 32.127031 -48.678266 81.229797
vn -74.651879 52.676526 -40.648244
vn -74.651879 52.676526 -40.648244
vn -74.651879 52.676526 -40.648244
vn 81.274304 -58.164995 3.364473
vn 81.274304 -58.164995 3.364473
vn 81.274304 -58.164995 3.364473
vn 51.683726 -85.419700 -5.680503
vn 51.683726 -85.419700 -5.680503
vn 51.683726 -85.419700 -5.680503
vn 23.752382 2.071866 97.116071
vn 23.752382 2.071866 97.116071
vn 23.752382 2.071866 97.116071
vn 17.460394 -97.785552 -11.537875
vn 17.460394 -97.785552 -11.537875
vn 17.460394 -97.785552 -11.537875
vn 98.418149 -13.059312 11.971640
vn 98.418149 -13.059312 11.971640
vn 98.418149 -13.059312 11.971640
vn -45.981473 11.683399 -88.029551
vn -45.981473 11.683399 -88.029551
vn -45.981473 11.683399 -88.029551
vn -83.460553 -23.521232 -49.810513
vn -83.460553 -23.521232 -49.810513
vn -83.460553 -23.521232 -49.810513
vn 87.886341 -47.400933 5.398425
vn 87.886341 -47.400933 5.398425
vn 87.886341 -47.400933 5.398425
vn 50.706940 -13.880997 85.065404
vn 50.706940 -13.880997 85.065404
vn 50.706940 -13.880997 85.065404
vn 99.366858 7.128265 -8.684142
vn 99.366858 7.128265 -8.684142
vn 99.366858 7.128265 -8.684142
vn 6.093176 -99.680990 5.154996
vn 6.093176 -99.680990 5.154996
vn 6.093176 -99.680990 5.154996
vn 47.724483 83.637682 26.965040
vn 47.724483 83.637682 26.965040
vn 47.724483 83.637682 26.965040
vn -52.180058 -63.205797 57.291085
vn -52.180058 -63.205797 57.291085
vn -52.180058 -63.205797 57.291085
vn -90.415022 -41.730532 -9.148078
vn -90.415022 -41.730532 -9.148078
vn -90.415022 -41.730532 -9.148078
vn -91.620598 -30.261059 26.266585
vn -91.620598 -30.261059 26.266585
vn -91.620598 -30.261059 26.266585
vn -97.928596 -4.913466 -19.643013
vn -97.928596 -4.913466 -19.643013
vn -97.928596 -4.913466 -19.643013
vn 33.911876 29.277036 89.402675
vn 33.911876 29.277036 89.402675
vn 33.911876 29.277036 89.402675
vn 58.458650 76.952586 25.707726
vn 58.458650 76.952586 25.707726
vn 58.458650 76.952586 25.707726
vn -72.224252 22.190058 -65.507685
vn -72.224252 22.190058 -65.507685
vn -72.224252 22.190058 -65.507685
vn -94.891198 -30.157959 -9.282086
vn -94.891198 -30.157959 -9.282086
vn -94.891198 -30.157959 -9.282086
vn 6.309701 -95.253789 29.780956
vn 6.309701 -95.253789 29.780956
vn 6.309701 -95.253789 29.780956
vn 87.651901 -34.558238 33.509269
vn 87.651901 -34.558238 33.509269
vn 87.651901 -34.558238 33.509269
vn -85.758687 -41.577443 30.278123
vn -85.758687 -41.577443 30.278123
vn -85.758687 -41.577443 30.278123
vn 21.447205 50.374760 83.680354
vn 21.447205 50.374760 83.680354
vn 21.447205 50.374760 83.680354
vn -19.056972 18.100626 -96.484197
vn -19.056972 18.100626 -96.484197
vn -19.056972 18.100626 -96.484197
vn 53.355918 10.258475 83.951833
vn 53.355918 10.258475 83.951833
vn 53.355918 10.258475 83.951833
vn -98.525483 9.346438 -14.330859
vn -98.525483 9.346438 -14.330859
vn -98.525483 9.346438 -14.330859
vn 16.015629 -78.644191 59.653933
vn 16.015629 -78.644191 59.653933
vn 16.015629 -78.644191 59.653933
vn 70.228300 -55.203861 -44.950186
vn 70.228300 -55.203861 -44.950186
vn 70.228300 -55.203861 -44.950186
vn 72.475818 -0.010473 -68.900335
vn 72.475818 -0.010473 -68.900335
vn 72.475818 -0.010473 -68.900335
vn -66.197308 -69.710335 -27.538817
vn -66.197308 -69.710335 -27.538817
vn -66.197308 -69.710335 -27.538817
vn -12.945342 3.306003 99.103423
vn -12.945342 3.306003 99.103423
vn -12.945342 3.306003 99.103423
vn -39.856739 -38.739792 -83.130435
vn -39.856739 -38.739792 -83.130435
vn -39.856739 -38.739792 -83.130435
vn 46.580789 66.112012 -58.816936
vn 46.580789 66.112012 -58.816936
vn 46.580789 66.112012 -58.816936
vn 98.017593 2.274273 19.681952
vn 98.017593 2.274273 19.681952
vn 98.017593 2.274273 19.681952
vn -62.897557 6.378240 77.480409
vn -62.897557 6.378240 77.480409
vn -62.897557 6.378240 77.480409
vn 65.164333 -1.602908 75.835613
vn 65.164333 -1.602908 75.835613
vn 65.164333 -1.602908 75.835613
vn 51.094999 -37.721036 77.242629
vn 51.094999 -37.721036 77.242629
vn 51.094999 -37.721036 77.242629
vn -81.291178 22.620023 -53.666355
vn -81.291178 22.620023 -53.666355
vn -81.291178 22.620023 -53.666355
vn 20.260132 -39.883511 89.436196
vn 20.260132 -39.883511 89.436196
vn 20.260132 -39.883511 89.436196
vn -86.178677 -49.533111 -10.940996
vn -86.178677 -49.533111 -10.940996
vn -86.178677 -49.533111 -10.940996
vn -96.752397 -25.029388 -3.535860
vn -96.752397 -25.029388 -3.535860
vn -96.752397 -25.029388 -3.535860
vn -30.242926 -88.314423 35.859865
vn -30.242926 -88.314423 35.859865
vn -30.242926 -88.314423 35.859865
vn 81.663389 20.569763 53.925648
vn 81.663389 20.569763 53.925648
vn 81.663389 20.569763 53.925648
vn 53.232500 38.378289 -75.454669
vn 53.232500 38.378289 -75.454669
vn 53.232500 38.378289 -75.454669
vn 74.110149 28.305116 60.881069
vn 74.110149 28.305116 60.881069
vn 74.110149 28.305116 60.881069
vn 57.591316 58.910310 -56.681700
vn 57.591316 58.910310 -56.681700
vn 57.591316 58.910310 -56.681700
vn 60.861777 -45.665387 -64.888482
vn 60.861777 -45.665387 -64.888482
vn 60.861777 -45.665387 -64.888482
vn -42.614358 34.504124 83.627039
vn -42.614358 34.504124 83.627039
vn -42.614358 34.504124 83.627039
vn -96.066772 -18.909097 -20.337674
vn -96.066772 -18.909097 -20.337674
vn -96.066772 -18.909097 -20.337674
vn -1.820727 -99.463915 10.179208
vn -1.820727 -99.463915 10.179208
vn -1.820727 -99.463915 10.179208
vn -71.348982 -33.114709 61.747384
vn -71.348982 -33.114709 61.747384
vn -71.348982 -33.114709 61.747384
vn -8.947619 35.077960 -93.217366
vn -8.947619 35.077960 -93.217366
vn -8.947619 35.077960 -93.217366
vn 28.661057 84.808918 -44.564475
vn 28.661057 84.808918 -44.564475
vn 28.661057 84.808918 -44.564475
vn 42.348315 86.837212 25.805403
vn 42.348315 86.837212 25.805403
vn 42.348315 86.837212 25.805403
vn 26.052636 95.894627 11.201806
vn 26.052636 95.894627 11.201806
vn 26.052636 95.894627 11.201806
vn 13.189971 47.228747 87.151986
vn 13.189971 47.228747 87.151986
vn 13.189971 47.228747 87.151986
vn 65.642975 -75.257681 -5.223135
vn 65.642975 -75.257681 -5.223135
vn 65.642975 -75.257681 -5.223135
vn -24.624297 -35.238985 90.287632
vn -24.624297 -35.238985 90.287632
vn -24.624297 -35.238985 90.287632
vn -6.996795 -61.058935 -78.885045
vn -6.996795 -61.058935 -78.885045
vn -6.996795 -61.058935 -78.885045
vn -90.789919 0.121204 41.918665
vn -90.789919 0.121204 41.918665
vn -90.789919 0.121204 41.918665
vn -17.622000 89.764434 -40.395676
vn -17.622000 89.764434 -40.395676
vn -17.622000 89.764434 -40.395676
vn -71.046666 -17.212256 68.235679
vn -71.046666 -17.212256 68.235679
vn -71.046666 -17.212256 68.235679
vn -85.975713 -42.857509 27.774289
vn -85.975713 -42.857509 27.774289
vn -85.975713 -42.857509 27.774289
vn 68.783689 -16.946835 -70.580507
vn 68.783689 -16.946835 -70.580507
vn 68.783689 -16.946835 -70.580507
vn 28.867024 -29.835435 -90.975494
vn 28.867024 -29.835435 -90.975494
vn 28.867024 -29.835435 -90.975494
vn -23.417839 9.109220 -96.791661
vn -23.417839 9.109220 -96.791661
vn -23.417839 9.109220 -96.791661
vn 30.714102 -68.090056 -66.485999
vn 30.714102 -68.090056 -66.485999
vn 30.714102 -68.090056 -66.485999
vn -78.629938 25.988901 -56.052737
vn -78.629938 25.988901 -56.052737
vn -78.629938 25.988901 -56.052737
vn 97.746436 -20.089604 6.483899
vn 97.746436 -20.089604 6.483899
vn 97.746436 -20.089604 6.483899
vn 94.089179 -17.536238 -28.977689
vn 94.089179 -17.536238 -28.977689
vn 94.089179 -17.536238 -28.977689
vn 41.728984 66.694944 61.729052
vn 41.728984 66.694944 61.729052
vn 41.728984 66.694944 61.729052
vn 15.876776 -17.961688 -97.084012
vn 15.876776 -17.961688 -97.084012
vn 15.876776 -17.961688 -97.084012
vn -47.572129 -86.053934 18.210275
vn -47.572129 -86.053934 18.210275
vn -47.572129 -86.053934 18.210275
vn -37.548082 84.161873 -38.819084
vn -37.548082 84.161873 -38.819084
vn -37.548082 84.161873 -38.819084
vn -39.742441 80.874245 43.357753
vn -39.742441 80.874245 43.357753
vn -39.742441 80.874245 43.357753
vn -29.329506 -26.514784 91.851756
vn -29.329506 -26.514784 91.851756
vn -29.329506 -26.514784 91.851756
vn -72.251785 -32.792657 60.863138
vn -72.251785 -32.792657 60.863138
vn -72.251785 -32.792657 60.863138
vn -6.722606 -23.772209 96.900401
vn -6.722606 -23.772209 96.900401
vn -6.722606 -23.772209 96.900401
vn -46.814480 34.252447 -81.456579
vn -46.814480 34.252447 -81.456579
vn -46.814480 34.252447 -81.456579
vn -55.908812 -65.318225 -51.065981
vn -55.908812 -65.318225 -51.065981
vn -55.908812 -65.318225 -51.065981
vn 82.124244 -27.528222 -49.978036
vn 82.124244 -27.528222 -49.978036
vn 82.124244 -27.528222 -49.978036
vn -9.393540 69.372854 71.408459
vn -9.393540 69.372854 71.408459
vn -9.393540 69.372854 71.408459
vn 70.003232 -61.416480 36.435734
vn 70.003232 -61.416480 36.435734
vn 70.003232 -61.416480 36.435734
vn -88.251628 -20.034552 -42.547222
vn -88.251628 -20.034552 -42.547222
vn -88.251628 -20.034552 -42.547222
vn -62.605374 11.980633 -77.052133
vn -62.605374 11.980633 -77.052133
vn -62.605374 11.980633 -77.052133
vn 85.866000 -5.528973 50.955470
vn 85.866000 -5.528973 50.955470
vn 85.866000 -5.528973 50.955470
vn 16.388206 -98.644329 -0.850933
vn 16.388206 -98.644329 -0.850933
vn 16.388206 -98.644329 -0.850933
vn 4.447409 -9.795173 -99.419690
vn 4.447409 -9.795173 -99.419690
vn 4.447409 -9.795173 -99.419690
vn 4.047303 -23.429672 97.132223
vn 4.047303 -23.429672 97.132223
vn 4.047303 -23.429672 97.132223
vn -27.513803 -40.678770 -87.110435
vn -27.513803 -40.678770 -87.110435
vn -27.513803 -40.678770 -87.110435
vn 93.818541 -33.432782 -8.962679
vn 93.818541 -33.432782 -8.962679
vn 93.818541 -33.432782 -8.962679
vn 98.821436 -2.003507 -15.175919
vn 98.821436 -2.003507 -15.175919
vn 98.821436 -2.003507 -15.175919
vn 90.881899 -35.921208 -21.216666
vn 90.881899 -35.921208 -21.216666
vn 90.881899 -35.921208 -21.216666
vn -98.880063 -11.979279 -8.901167
vn -98.880063 -11.979279 -8.901167
vn -98.880063 -11.979279 -8.901167
vn -67.259660 -55.846315 48.552300
vn -67.259660 -55.846315 48.552300
vn -67.259660 -55.846315 48.552300
vn -68.920310 16.247406 70.611696
vn -68.920310 16.247406 70.611696
vn -68.920310 16.247406 70.611696
vn -71.922986 -64.915031 24.761327
vn -71.922986 -64.915031 24.761327
vn -71.922986 -64.915031 24.761327
vn -45.635142 -81.809564 34.994701
vn -45.635142 -81.809564 34.994701
vn -45.635142 -81.809564 34.994701
vn -92.566271 19.083826 32.669426
vn -92.566271 19.083826 32.669426
vn -92.566271 19.083826 32.669426
vn 25.141153 -95.579035 15.250264
vn 25.141153 -95.579035 15.250264
vn 25.141153 -95.579035 15.250264
vn -70.711131 -60.912623 -35.910828
vn -70.711131 -60.912623 -35.910828
vn -70.711131 -60.912623 -35.910828
vn 57.429136 43.835552 69.140000
vn 57.429136 43.835552 69.140000
vn 57.429136 43.835552 69.140000
vn -29.922171 -28.160796 91.168159
vn -29.922171 -28.160796 91.168159
vn -29.922171 -28.160796 91.168159
vn 95.225177 30.530360 0.249676
vn 95.225177 30.530360 0.249676
vn 95.225177 30.530360 0.249676
vn 75.355759 64.560438 -12.387877
vn 75.355759 64.560438 -12.387877
vn 75.355759 64.560438 -12.387877
vn 9.125299 98.077029 17.251815
vn 9.125299 98.077029 17.251815
vn 9.125299 98.077029 17.251815
vn -98.303168 13.014446 -12.927105
vn -98.303168 13.014446 -12.927105
vn -98.303168 13.014446 -12.927105
vn -48.890836 -43.881657 -75.392873
vn -48.890836 -43.881657 -75.392873
vn -48.890836 -43.881657 -75.392873
vn 25.055225 -92.295560 -29.219258
vn 25.055225 -92.295560 -29.219258
vn 25.055225 -92.295560 -29.219258
vn -22.837577 8.266661 97.005715
vn -22.837577 8.266661 97.005715
vn -22.837577 8.266661 97.005715
vn 50.764024 -78.019797 -36.550324
vn 50.764024 -78.019797 -36.550324
vn 50.764024 -78.019797 -36.550324
vn -94.417841 -28.682934 16.203744
vn -94.417841 -28.682934 16.203744
vn -94.417841 -28.682934 16.203744
vn 56.177011 -79.087846 -24.274590
vn 56.177011 -79.087846 -24.274590
vn 56.177011 -79.087846 -24.274590
vn -94.490797 -17.764819 -27.493626
vn -94.490797 -17.764819 -27.493626
vn -94.490797 -17.764819 -27.493626
vn -99.691349 -7.519816 2.255644
vn -99.691349 -7.519816 2.255644
vn -99.691349 -7.519816 2.255644
vn 58.761202 36.055674 72.436922
vn 58.761202 36.055674 72.436922
vn 58.761202 36.055674 72.436922
vn -52.942016 84.512893 -7.396870
vn -52.942016 84.512893 -7.396870
vn -52.942016 84.512893 -7.396870
vn -6.039408 7.059611 -99.567495
vn -6.039408 7.059611 -99.567495
vn -6.039408 7.059611 -99.567495
vn 83.425476 -40.133788 37.808301
vn 83.425476 -40.133788 37.808301
vn 83.425476 -40.133788 37.808301
vn 22.271337 -15.568678 96.237226
vn 22.271337 -15.568678 96.237226
vn 22.271337 -15.568678 96.237226
vn -39.658978 -91.757158 2.790883
vn -39.658978 -91.757158 2.790883
vn -39.658978 -91.757158 2.790883
vn 62.318950 -67.958194 -38.704413
vn 62.318950 -67.958194 -38.704413
vn 62.318950 -67.958194 -38.704413
vn -89.526145 5.482658 -44.215488
vn -89.526145 5.482658 -44.215488
vn -89.526145 5.482658 -44.215488
vn 25.215070 -60.108297 75.836617
vn 25.215070 -60.108297 75.836617
vn 25.215070 -60.108297 75.836617
vn -8.879562 99.145086 9.560714
vn -8.879562 99.145086 9.560714
vn -8.879562 99.145086 9.560714
vn -9.973631 -6.732715 99.273337
vn -9.973631 -6.732715 99.273337
vn -9.973631 -6.732715 99.273337
vn 37.347489 -34.634175 86.056011
vn 37.347489 -34.634175 86.056011
vn 37.347489 -34.634175 86.056011
vn 61.225850 -57.070603 54.720585
vn 61.225850 -57.070603 54.720585
vn 61.225850 -57.070603 54.720585
vn 43.120011 -15.183233 88.938932
vn 43.120011 -15.183233 88.938932
vn 43.120011 -15.183233 88.938932
vn -81.947839 40.097220 40.948329
vn -81.947839 40.097220 40.948329
vn -81.947839 40.097220 40.948329
vn -91.418864 40.192929 -5.207714
vn -91.418864 40.192929 -5.207714
vn -91.418864 40.192929 -5.207714
vn -77.904468 -59.761555 -18.959164
vn -77.904468 -59.761555 -18.959164
vn -77.904468 -59.761555 -18.959164
vn 2.692773 -65.589508 -75.437156
vn 2.692773 -65.589508 -75.437156
vn 2.692773 -65.589508 -75.437156
vn -52.881696 58.006926 -61.957423
vn -52.881696 58.006926 -61.957423
vn -52.881696 58.006926 -61.957423
vn 68.323162 -32.113148 -65.579641
vn 68.323162 -32.113148 -65.579641
vn 68.323162 -32.113148 -65.579641
vn 46.002895 -0.278761 -88.789958
vn 46.002895 -0.278761 -88.789958
vn 46.002895 -0.278761 -88.789958
vn -70.805653 -41.127332 57.402966
vn -70.805653 -41.127332 57.402966
vn -70.805653 -41.127332 57.402966
vn 94.233083 24.744928 22.534739
vn 94.233083 24.744928 22.534739
vn 94.233083 24.744928 22.534739
vn 68.788710 -7.366492 -72.206983
vn 68.788710 -7.366492 -72.206983
vn 68.788710 -7.366492 -72.206983
vn -64.599099 22.399161 72.974202
vn -64.599099 22.399161 72.974202
vn -64.599099 22.399161 72.974202
vn 38.920629 -3.504462 -92.048366
vn 38.920629 -3.504462 -92.048366
vn 38.920629 -3.504462 -92.048366
vn -59.256563 74.903819 -29.632378
vn -59.256563 74.903819 -29.632378
vn -59.256563 74.903819 -29.632378
vn 10.090853 63.965210 -76.201222
vn 10.090853 63.965210 -76.201222
vn 10.090853 63.965210 -76.201222
vn 72.582563 -1.810203 -68.764038
vn 72.582563 -1.810203 -68.764038
vn 72.582563 -1.810203 -68.764038
vn 23.730542 2.104233 97.120718
vn 23.730542 2.104233 97.120718
vn 23.730542 2.104233 97.120718
vn 84.501570 -23.672452 -47.948932
vn 84.501570 -23.672452 -47.948932
vn 84.501570 -23.672452 -47.948932
vn -41.630951 18.617356 -88.995831
vn -41.630951 18.617356 -88.995831
vn -41.630951 18.617356 -88.995831
vn 98.717126 9.221690 -13.034107
vn 98.717126 9.221690 -13.034107
vn 98.717126 9.221690 -13.034107
vn 68.458132 -71.298258 15.167132
vn 68.458132 -71.298258 15.167132
vn 68.458132 -71.298258 15.167132
vn 76.069560 -25.008364 -59.899955
vn 76.069560 -25.008364 -59.899955
vn 76.069560 -25.008364 -59.899955
vn 30.862572 -61.305815 72.726193
vn 30.862572 -61.305815 72.726193
vn 30.862572 -61.305815 72.726193
vn -36.724897 -89.237830 26.227703
vn -36.724897 -89.237830 26.227703
vn -36.724897 -89.237830 26.227703
vn -35.385331 42.865982 83.128729
vn -35.385331 42.865982 83.128729
vn -35.385331 42.865982 83.128729
vn 83.215598 42.341938 -35.809574
vn 83.215598 42.341938 -35.809574
vn 83.215598 42.341938 -35.809574
vn -62.803592 21.534351 -74.779548
vn -62.803592 21.534351 -74.779548
vn -62.803592 21.534351 -74.779548
vn -84.674313 51.188522 -14.491240
vn -84.674313 51.188522 -14.491240
vn -84.674313 51.188522 -14.491240
vn -41.877218 -13.704935 -89.768998
vn -41.877218 -13.704935 -89.768998
vn -41.877218 -13.704935 -89.768998
vn -13.953610 -43.386366 89.010781
vn -13.953610 -43.386366 89.010781
vn -13.953610 -43.386366 89.010781
vn -96.643544 -0.970763 -25.672601
vn -96.643544 -0.970763 -25.672601
vn -96.643544 -0.970763 -25.672601
vn 15.174494 42.240207 -89.361612
vn 15.174494 42.240207 -89.361612
vn 15.174494 42.240207 -89.361612
vn 69.039878 57.174918 44.322942
vn 69.039878 57.174918 44.322942
vn 69.039878 57.174918 44.322942
vn -67.502998 -49.743724 -54.487673
vn -67.502998 -49.743724 -54.487673
vn -67.502998 -49.743724 -54.487673
vn -90.889604 28.962715 30.004007
vn -90.889604 28.962715 30.004007
vn -90.889604 28.962715 30.004007
vn 27.026400 -91.897512 28.712749
vn 27.026400 -91.897512 28.712749
vn 27.026400 -91.897512 28.712749
vn -83.264043 55.374151 0.895461
vn -83.264043 55.374151 0.895461
vn -83.264043 55.374151 0.895461
vn -81.716907 -5.890553 57.338013
vn -81.716907 -5.890553 57.338013
vn -81.716907 -5.890553 57.338013
vn -33.365418 -38.646198 -85.983823
vn -33.365418 -38.646198 -85.983823
vn -33.365418 -38.646198 -85.983823
vn -75.376599 -63.333853 -17.526874
vn -75.376599 -63.333853 -17.526874
vn -75.376599 -63.333853 -17.526874
vn 16.171420 45.420088 -87.609939
vn 16.171420 45.420088 -87.609939
vn 16.171420 45.420088 -87.609939
vn 9.924085 34.735617 93.246716
vn 9.924085 34.735617 93.246716
vn 9.924085 34.735617 93.246716
vn -86.665236 -41.070037 28.326465
vn -86.665236 -41.070037 28.326465
vn -86.665236 -41.070037 28.326465
vn 71.933998 -64.652294 -25.408288
vn 71.933998 -64.652294 -25.408288
vn 71.933998 -64.652294 -25.408288
vn 32.230008 35.449083 87.775790
vn 32.230008 35.449083 87.775790
vn 32.230008 35.449083 87.775790
vn -84.522926 12.298434 52.005994
vn -84.522926 12.298434 52.005994
vn -84.522926 12.298434 52.005994
vn -27.745928 -74.570376 -60.575756
vn -27.745928 -74.570376 -60.575756
vn -27.745928 -74.570376 -60.575756
vn -99.734847 -5.017228 5.271444
vn -99.734847 -5.017228 5.271444
vn -99.734847 -5.017228 5.271444
vn 37.787302 -11.847723 91.824564
vn 37.787302 -11.847723 91.824564
vn 37.787302 -11.847723 91.824564
vn 96.047240 -25.820709 -10.402778
vn 96.047240 -25.820709 -10.402778
vn 96.047240 -25.820709 -10.402778
vn 37.011933 16.743625 91.377056
vn 37.011933 16.743625 91.377056
vn 37.011933 16.743625 91.377056
vn 46.009830 79.935975 -38.643714
vn 46.009830 79.935975 -38.643714
vn 46.009830 79.935975 -38.643714
vn 16.077539 -24.388632 -95.638426
vn 16.077539 -24.388632 -95.638426
vn 16.077539 -24.388632 -95.638426
vn -30.316396 -87.977704 36.617471
vn -30.316396 -87.977704 36.617471
vn -30.316396 -87.977704 36.617471
vn 94.741594 -8.859541 -30.749604
vn 94.741594 -8.859541 -30.749604
vn 94.741594 -8.859541 -30.749604
vn 27.347249 -77.495181 56.979157
vn 27.347249 -77.495181 56.979157
vn 27.347249 -77.495181 56.979157
vn -36.425269 43.367755 82.416238
vn -36.425269 43.367755 82.416238
vn -36.425269 43.367755 82.416238
vn 20.191473 -81.483266 -54.339520
vn 20.191473 -81.483266 -54.339520
vn 20.191473 -81.483266 -54.339520
vn 87.307738 -6.497316 -48.323311
vn 87.307738 -6.497316 -48.323311
vn 87.307738 -6.497316 -48.323311
vn -55.745649 44.046152 70.373003
vn -55.745649 44.046152 70.373003
vn -55.745649 44.046152 70.373003
vn -0.079313 -14.598629 -98.928626
vn -0.079313 -14.598629 -98.928626
vn -0.079313 -14.598629 -98.928626
vn -72.752470 6.112240 68.335324
vn -72.752470 6.112240 68.335324
vn -72.752470 6.112240 68.335324
vn -5.429747 59.160451 -80.439784
vn -5.429747 59.160451 -80.439784
vn -5.429747 59.160451 -80.439784
vn 61.758226 62.210220 -48.122858
vn 61.758226 62.210220 -48.122858
vn 61.758226 62.210220 -48.122858
vn 56.120516 12.691741 81.788801
vn 56.120516 12.691741 81.788801
vn 56.120516 12.691741 81.788801
vn -95.620292 -3.246596 -29.089846
vn -95.620292 -3.246596 -29.089846
vn -95.620292 -3.246596 -29.089846
vn -76.172088 48.686776 42.748215
vn -76.172088 48.686776 42.748215
vn -76.172088 48.686776 42.748215
vn -8.652454 -86.550553 -49.336980
vn -8.652454 -86.550553 -49.336980
vn -8.652454 -86.550553 -49.336980
vn 5.251366 -50.900457 85.916036
vn 5.251366 -50.900457 85.916036
vn 5.251366 -50.900457 85.916036
vn -41.129314 -88.781759 20.644089
vn -41.129314 -88.781759 20.644089
vn -41.129314 -88.781759 20.644089
vn -45.918225 -19.529144 -86.660995
vn -45.918225 -19.529144 -86.660995
vn -45.918225 -19.529144 -86.660995
vn 54.234022 33.558168 77.022846
vn 54.234022 33.558168 77.022846
vn 54.234022 33.558168 77.022846
vn 71.960805 64.944943 24.572255
vn 71.960805 64.944943 24.572255
vn 71.960805 64.944943 24.572255
vn -84.790592 38.685288 -36.249193
vn -84.790592 38.685288 -36.249193
vn -84.790592 38.685288 -36.249193
vn -60.079509 79.312531 -9.998729
vn -60.079509 79.312531 -9.998729
vn -60.079509 79.312531 -9.998729
vn -86.836848 -45.332318 20.108282
vn -86.836848 -45.332318 20.108282
vn -86.836848 -45.332318 20.108282
vn -82.428556 -53.767116 -17.737822
vn -82.428556 -53.767116 -17.737822
vn -82.428556 -53.767116 -17.737822
vn -58.982556 -6.442431 80.495659
vn -58.982556 -6.442431 80.495659
vn -58.982556 -6.442431 80.495659
vn -80.265276 45.922939 -38.060068
vn -80.265276 45.922939 -38.060068
vn -80.265276 45.922939 -38.060068
vn -36.973680 -14.582177 91.762230
vn -36.973680 -14.582177 91.762230
vn -36.973680 -14.582177 91.762230
vn 49.927475 3.574980 86.570579
vn 49.927475 3.574980 86.570579
vn 49.927475 3.574980 86.570579
vn 21.951627 66.528297 71.359025
vn 21.951627 66.528297 71.359025
vn 21.951627 66.528297 71.359025
vn 77.238975 -11.646660 -62.437921
vn 77.238975 -11.646660 -62.437921
vn 77.238975 -11.646660 -62.437921
vn 59.217736 -30.984302 74.385699
vn 59.217736 -30.984302 74.385699
vn 59.217736 -30.984302 74.385699
vn 29.627751 89.123409 34.339693
vn 29.627751 89.123409 34.339693
vn 29.627751 89.123409 34.339693
vn -10.219764 -72.093853 68.542204
vn -10.219764 -72.093853 68.542204
vn -10.219764 -72.093853 68.542204
vn -91.383778 16.973627 -36.890375
vn -91.383778 16.973627 -36.890375
vn -91.383778 16.973627 -36.890375
vn 78.540438 25.095846 -56.582658
vn 78.540438 25.095846 -56.582658
vn 78.540438 25.095846 -56.582658
vn 83.297959 33.666577 43.909109
vn 83.297959 33.666577 43.909109
vn 83.297959 33.666577 43.909109
vn 37.301867 -56.758285 73.396646
vn 37.301867 -56.758285 73.396646
vn 37.301867 -56.758285 73.396646
vn -27.678575 -50.181312 -81.949579
vn -27.678575 -50.181312 -81.949579
vn -27.678575 -50.181312 -81.949579
vn -97.696831 15.314560 -14.859081
vn -97.696831 15.314560 -14.859081
vn -97.696831 15.314560 -14.859081
vn 39.971646 -84.458331 -35.623828
vn 39.971646 -84.458331 -35.623828
vn 39.971646 -84.458331 -35.623828
vn 72.395216 -63.887173 -26.026151
vn 72.395216 -63.887173 -26.026151
vn 72.395216 -63.887173 -26.026151
vn 53.910551 6.766822 -83.951543
vn 53.910551 6.766822 -83.951543
vn 53.910551 6.766822 -83.951543
vn -75.061089 31.279225 58.201732
vn -75.061089 31.279225 58.201732
vn -75.061089 31.279225 58.201732
vn 99.395159 -10.735524 2.313086
vn 99.395159 -10.735524 2.313086
vn 99.395159 -10.735524 2.313086
vn 62.957906 -20.082890 75.053172
vn 62.957906 -20.082890 75.053172
vn 62.957906 -20.082890 75.053172
vn 76.856609 -12.492752 62.745450
vn 76.856609 -12.492752 62.745450
vn 76.856609 -12.492752 62.745450
vn 53.789598 64.302993 -54.514264
vn 53.789598 64.302993 -54.514264
vn 53.789598 64.302993 -54.514264
vn -6.391825 -28.695845 95.580808
vn -6.391825 -28.695845 95.580808
vn -6.391825 -28.695845 95.580808
vn -3.695359 -29.559040 95.459980
vn -3.695359 -29.559040 95.459980
vn -3.695359 -29.559040 95.459980
vn -89.236032 14.658508 -42.685575
vn -89.236032 14.658508 -42.685575
vn -89.236032 14.658508 -42.685575
vn 97.384642 14.957009 17.103177
vn 97.384642 14.957009 17.103177
vn 97.384642 14.957009 17.103177
vn -5.369007 49.358619 86.803807
vn -5.369007 49.358619 86.803807
vn -5.369007 49.358619 86.803807
vn -33.982730 61.492287 71.160885
vn -33.982730 61.492287 71.160885
vn -33.982730 61.492287 71.160885
vn 62.102657 59.186882 -51.382596
vn 62.102657 59.186882 -51.382596
vn 62.102657 59.186882 -51.382596
vn 95.025886 -16.132830 26.642290
vn 95.025886 -16.132830 26.642290
vn 95.025886 -16.132830 26.642290
vn 37.650696 66.665186 -64.328669
vn 37.650696 66.665186 -64.328669
vn 37.650696 66.665186 -64.328669
vn 40.334490 38.921878 82.814342
vn 40.334490 38.921878 82.814342
vn 40.334490 38.921878 82.814342
vn -27.441768 35.429694 89.396233
vn -27.441768 35.429694 89.396233
vn -27.441768 35.429694 89.396233
vn 83.664874 17.353181 51.952435
vn 83.664874 17.353181 51.952435
vn 83.664874 17.353181 51.952435
vn 34.140496 -13.234359 -93.055235
vn 34.140496 -13.234359 -93.055235
vn 34.140496 -13.234359 -93.055235
vn -5.755922 -64.203378 -76.451266
vn -5.755922 -64.203378 -76.451266
vn -5.755922 -64.203378 -76.451266
vn 27.162895 -30.703684 -91.211073
vn 27.162895 -30.703684 -91.211073
vn 27.162895 -30.703684 -91.211073
vn 80.751032 56.739188 16.122501
vn 80.751032 56.739188 16.122501
vn 80.751032 56.739188 16.122501
vn 50.647680 -62.905438 58.972173
vn 50.647680 -62.905438 58.972173
vn 50.647680 -62.905438 58.972173
vn -28.654411 0.514713 95.805313
vn -28.654411 0.514713 95.805313
vn -28.654411 0.514713 95.805313
vn 31.319471 -87.009484 38.058389
vn 31.319471 -87.009484 38.058389
vn 31.319471 -87.009484 38.058389
vn -54.775868 27.445320 79.033899
vn -54.775868 27.445320 79.033899
vn -54.775868 27.445320 79.033899
vn 27.613302 -7.368571 95.829060
vn 27.613302 -7.368571 95.829060
vn 27.613302 -7.368571 95.829060
vn 68.888009 29.068409 -66.403833
vn 68.888009 29.068409 -66.403833
vn 68.888009 29.068409 -66.403833
vn 75.790265 -11.376574 64.237138
vn 75.790265 -11.376574 64.237138
vn 75.790265 -11.376574 64.237138
vn 88.252709 24.812098 39.947706
vn 88.252709 24.812098 39.947706
vn 88.252709 24.812098 39.947706
vn 42.333142 -57.383596 -70.107262
vn 42.333142 -57.383596 -70.107262
vn 42.333142 -57.383596 -70.107262
vn 95.927863 25.948992 -11.157643
vn 95.927863 25.948992 -11.157643
vn 95.927863 25.948992 -11.157643
vn 4.828003 23.037208 -97.190418
vn 4.828003 23.037208 -97.190418
vn 4.828003 23.037208 -97.190418
vn -56.638087 -52.686958 -63.373595
vn -56.638087 -52.686958 -63.373595
vn -56.638087 -52.686958 -63.373595
vn -90.836947 38.006479 17.440100
vn -90.836947 38.006479 17.440100
vn -90.836947 38.006479 17.440100
vn 69.077470 67.664445 -25.491672
vn 69.077470 67.664445 -25.491672
vn 69.077470 67.664445 -25.491672
vn 1.627288 -2.051512 -99.965714
vn 1.627288 -2.051512 -99.965714
vn 1.627288 -2.051512 -99.965714
vn 98.246603 18.555977 1.811064
vn 98.246603 18.555977 1.811064
vn 98.246603 18.555977 1.811064
vn 64.506402 14.803609 74.965164
vn 64.506402 14.803609 74.965164
vn 64.506402 14.803609 74.965164
vn 30.327349 24.336883 92.130170
vn 30.327349 24.336883 92.130170
vn 30.327349 24.336883 92.130170
vn 94.270732 -28.841508 -16.768911
vn 94.270732 -28.841508 -16.768911
vn 94.270732 -28.841508 -16.768911
vn -4.621099 -3.542364 99.830339
vn -4.621099 -3.542364 99.830339
vn -4.621099 -3.542364 99.830339
vn -54.033055 -46.903317 -69.860616
vn -54.033055 -46.903317 -69.860616
vn -54.033055 -46.903317 -69.860616
vn 5.191762 -99.859226 1.087535
vn 5.191762 -99.859226 1.087535
vn 5.191762 -99.859226 1.087535
vn -12.820083 -94.650350 29.613478
vn -12.820083 -94.650350 29.613478
vn -12.820083 -94.650350 29.613478
vn 19.561533 -27.149264 94.235149
vn 19.561533 -27.149264 94.235149
vn 19.561533 -27.149264 94.235149
vn -32.118130 -76.388335 -55.975423
vn -32.118130 -76.388335 -55.975423
vn -32.118130 -76.388335 -55.975423
vn -74.211711 12.012448 -65.941808
vn -74.211711 12.012448 -65.941808
vn -74.211711 12.012448 -65.941808
vn 45.172637 30.835003 -83.717598
vn 45.172637 30.835003 -83.717598
vn 45.172637 30.835003 -83.717598
vn 95.457778 14.747817 25.890442
vn 95.457778 14.747817 25.890442
vn 95.457778 14.747817 25.890442
vn -51.406805 37.815300 -76.989246
vn -51.406805 37.815300 -76.989246
vn -51.406805 37.815300 -76.989246
vn 19.517450 4.040494 97.993580
vn 19.517450 4.040494 97.993580
vn 19.517450 4.040494 97.993580
vn 39.287175 86.129829 -32.220650
vn 39.287175 86.129829 -32.220650
vn 39.287175 86.129829 -32.220650
vn -30.360530 -3.122922 95.228589
vn -30.360530 -3.122922 95.228589
vn -30.360530 -3.122922 95.228589
vn 94.596087 -17.534476 -27.278584
vn 94.596087 -17.534476 -27.278584
vn 94.596087 -17.534476 -27.278584
vn -1.985966 47.607175 -87.918215
vn -1.985966 47.607175 -87.918215
vn -1.985966 47.607175 -87.918215
vn -12.319685 59.029100 -79.773373
vn -12.319685 59.029100 -79.773373
vn -12.319685 59.029100 -79.773373
vn 96.010899 -25.295351 -11.918530
vn 96.010899 -25.295351 -11.918530
vn 96.010899 -25.295351 -11.918530
vn -82.901125 -13.947745 -54.155911
vn -82.901125 -13.947745 -54.155911
vn -82.901125 -13.947745 -54.155911
vn 1.677339 -18.517773 -98.256184
vn 1.677339 -18.517773 -98.256184
vn 1.677339 -18.517773 -98.256184
vn -80.101732 19.005412 56.767116
vn -80.101732 19.005412 56.767116
vn -80.101732 19.005412 56.767116
vn 17.448734 -90.925571 -37.789984
vn 17.448734 -90.925571 -37.789984
vn 17.448734 -90.925571 -37.789984
vn -77.947089 36.639864 50.811131
vn -77.947089 36.639864 50.811131
vn -77.947089 36.639864 50.811131
vn 7.027880 2.242279 99.727537
vn 7.027880 2.242279 99.727537
vn 7.027880 2.242279 99.727537
vn 28.447394 84.821972 -44.676388
vn 28.447394 84.821972 -44.676388
vn 28.447394 84.821972 -44.676388
vn 26.909413 -91.459879 -30.182345
vn 26.909413 -91.459879 -30.182345
vn 26.909413 -91.459879 -30.182345
vn 3.561032 -62.963108 77.607772
vn 3.561032 -62.963108 77.607772
vn 3.561032 -62.963108 77.607772
vn -61.603081 -12.533275 77.768732
vn -61.603081 -12.533275 77.768732
vn -61.603081 -12.533275 77.768732
vn 33.226484 6.947911 -94.062351
vn 33.226484 6.947911 -94.062351
vn 33.226484 6.947911 -94.062351
vn -4.980526 -71.948447 -69.272034
vn -4.980526 -71.948447 -69.272034
vn -4.980526 -71.948447 -69.272034
vn 96.208185 27.137094 2.750080
vn 96.208185 27.137094 2.750080
vn 96.208185 27.137094 2.750080
vn 34.532265 87.575206 -33.735837
vn 34.532265 87.575206 -33.735837
vn 34.532265 87.575206 -33.735837
vn -7.101643 -75.426330 -65.272005
vn -7.101643 -75.426330 -65.272005
vn -7.101643 -75.426330 -65.272005
vn 93.769082 4.708929 -34.426509
vn 93.769082 4.708929 -34.426509
vn 93.769082 4.708929 -34.426509
vn -86.985280 -48.908389 -6.444361
vn -86.985280 -48.908389 -6.444361
vn -86.985280 -48.908389 -6.444361
vn 2.201641 -85.324069 -52.105255
vn 2.201641 -85.324069 -52.105255
vn 2.201641 -85.324069 -52.105255
vn 50.165506 -65.137719 -56.925389
vn 50.165506 -65.137719 -56.925389
vn 50.165506 -65.137719 -56.925389
vn 66.817093 -4.600939 74.258382
vn 66.817093 -4.600939 74.258382
vn 66.817093 -4.600939 74.258382
vn -66.658590 20.203697 71.752655
vn -66.658590 20.203697 71.752655
vn -66.658590 20.203697 71.752655
vn 68.425925 72.541030 7.462660
vn 68.425925 72.541030 7.462660
vn 68.425925 72.541030 7.462660
vn -92.030201 -5.010065 38.798716
vn -92.030201 -5.010065 38.798716
vn -92.030201 -5.010065 38.798716
vn -95.647791 0.396951 29.177779
vn -95.647791 0.396951 29.177779
vn -95.647791 0.396951 29.177779
vn -53.772318 -82.192209 -18.787724
vn -53.772318 -82.192209 -18.787724
vn -53.772318 -82.192209 -18.787724
vn -12.537239 16.358424 97.853048
vn -12.537239 16.358424 97.853048
vn -12.537239 16.358424 97.853048
vn -64.885799 -56.776273 50.658548
vn -64.885799 -56.776273 50.658548
vn -64.885799 -56.776273 50.658548
vn -15.027895 28.155257 94.770472
vn -15.027895 28.155257 94.770472
vn -15.027895 28.155257 94.770472
vn -50.173878 10.246934 85.892844
vn -50.173878 10.246934 85.892844
vn -50.173878 10.246934 85.892844
vn 73.465198 13.054537 -66.576598
vn 73.465198 13.054537 -66.576598
vn 73.465198 13.054537 -66.576598
vn 54.708504 -27.189941 -79.168718
vn 54.708504 -27.189941 -79.168718
vn 54.708504 -27.189941 -79.168718
vn 75.646821 43.378510 -48.947547
vn 75.646821 43.378510 -48.947547
vn 75.646821 43.378510 -48.947547
vn -20.969101 30.546288 92.882827
vn -20.969101 30.546288 92.882827
vn -20.969101 30.546288 92.882827
vn -2.298358 66.364863 74.769129
vn -2.298358 66.364863 74.769129
vn -2.298358 66.364863 74.769129
vn -90.579378 3.811824 42.200054
vn -90.579378 3.811824 42.200054
vn -90.579378 3.811824 42.200054
vn 4.831586 87.653397 -47.890894
vn 4.831586 87.653397 -47.890894
vn 4.831586 87.653397 -47.890894
vn -69.368237 70.598816 14.277769
vn -69.368237 70.598816 14.277769
vn -69.368237 70.598816 14.277769
vn 74.324335 53.251317 40.499258
vn 74.324335 53.251317 40.499258
vn 74.324335 53.251317 40.499258
vn 33.257049 -69.062816 -64.220690
vn 33.257049 -69.062816 -64.220690
vn 33.257049 -69.062816 -64.220690
vn -48.256803 -58.489043 65.194423
vn -48.256803 -58.489043 65.194423
vn -48.256803 -58.489043 65.194423
vn 90.559165 28.085233 31.784543
vn 90.559165 28.085233 31.784543
vn 90.559165 28.085233 31.784543
vn 94.277792 -26.037606 20.826429
vn 94.277792 -26.037606 20.826429
vn 94.277792 -26.037606 20.826429
vn 13.897070 61.430408 77.673533
vn 13.897070 61.430408 77.673533
vn 13.897070 61.430408 77.673533
vn -49.390747 -86.551603 8.329102
vn -49.390747 -86.551603 8.329102
vn -49.390747 -86.551603 8.329102
vn -8.083328 55.595104 -82.727522
vn -8.083328 55.595104 -82.727522
vn -8.083328 55.595104 -82.727522
vn -85.733373 -34.270154 -38.410230
vn -85.733373 -34.270154 -38.410230
vn -85.733373 -34.270154 -38.410230
vn -96.510432 6.514817 -25.363210
vn -96.510432 6.514817 -25.363210
vn -96.510432 6.514817 -25.363210
vn -34.963315 -57.390554 74.053294
vn -34.963315 -57.390554 74.053294
vn -34.963315 -57.390554 74.053294
vn -18.472599 -34.934171 91.860587
vn -18.472599 -34.934171 91.860587
vn -18.472599 -34.934171 91.860587
vn -84.483308 18.001738 -50.383598
vn -84.483308 18.001738 -50.383598
vn -84.483308 18.001738 -50.383598
vn -13.779668 -97.867953 -15.231041
vn -13.779668 -97.867953 -15.231041
vn -13.779668 -97.867953 -15.231041
vn 50.062344 84.363224 -19.406384
vn 50.062344 84.363224 -19.406384
vn 50.062344 84.363224 -19.406384
vn -93.784500 34.090433 6.504538
vn -93.784500 34.090433 6.504538
vn -93.784500 34.090433 6.504538
vn -75.727365 -17.359041 62.960534
vn -75.727365 -17.359041 62.960534
vn -75.727365 -17.359041 62.960534
vn 99.500311 -4.951000 8.670374
vn 99.500311 -4.951000 8.670374
vn 99.500311 -4.951000 8.670374
vn 44.839769 69.229085 -56.539614
vn 44.839769 69.229085 -56.539614
vn 44.839769 69.229085 -56.539614
vn 51.572708 10.297921 -85.054141
vn 51.572708 10.297921 -85.054141
vn 51.572708 10.297921 -85.054141
vn 61.654956 -10.564519 78.019595
vn 61.654956 -10.564519 78.019595
vn 61.654956 -10.564519 78.019595
vn 49.167592 -0.021119 -87.077818
vn 49.167592 -0.021119 -87.077818
vn 49.167592 -0.021119 -87.077818
vn 76.328956 -4.189493 64.469681
vn 76.328956 -4.189493 64.469681
vn 76.328956 -4.189493 64.469681
vn -58.654345 -46.594594 -66.246604
vn -58.654345 -46.594594 -66.246604
vn -58.654345 -46.594594 -66.246604
vn 95.637450 -20.138539 21.164078
vn 95.637450 -20.138539 21.164078
vn 95.637450 -20.138539 21.164078
vn -32.314824 -36.442263 -87.336780
vn -32.314824 -36.442263 -87.336780
vn -32.314824 -36.442263 -87.336780
vn -67.903137 31.494515 -66.311829
vn -67.903137 31.494515 -66.311829
vn -67.903137 31.494515 -66.311829
vn -51.893331 -37.497481 -76.818097
vn -51.893331 -37.497481 -76.818097
vn -51.893331 -37.497481 -76.818097
vn 94.944943 -21.724593 -22.660493
vn 94.944943 -21.724593 -22.660493
vn 94.944943 -21.724593 -22.660493
vn -86.084958 11.181015 49.642358
vn -86.084958 11.181015 49.642358
vn -86.084958 11.181015 49.642358
vn -12.121207 -8.741256 98.877029
vn -12.121207 -8.741256 98.877029
vn -12.121207 -8.741256 98.877029
vn 2.642055 -73.979340 67.231515
vn 2.642055 -73.979340 67.231515
vn 2.642055 -73.979340 67.231515
vn -44.193281 74.322181 50.231144
vn -44.193281 74.322181 50.231144
vn -44.193281 74.322181 50.231144
vn 38.629002 22.829329 89.367895
vn 38.629002 22.829329 89.367895
vn 38.629002 22.829329 89.367895
vn -8.600519 33.578140 -93.800524
vn -8.600519 33.578140 -93.800524
vn -8.600519 33.578140 -93.800524
vn 65.067359 -42.060647 -63.222938
vn 65.067359 -42.060647 -63.222938
vn 65.067359 -42.060647 -63.222938
vn -9.276330 1.453647 99.558206
vn -9.276330 1.453647 99.558206
vn -9.276330 1.453647 99.558206
vn 69.682722 60.835469 -37.991617
vn 69.682722 60.835469 -37.991617
vn 69.682722 60.835469 -37.991617
vn -96.744100 -24.314958 -7.025765
vn -96.744100 -24.314958 -7.025765
vn -96.744100 -24.314958 -7.025765
vn 64.068659 46.017518 -61.462148
vn 64.068659 46.017518 -61.462148
vn 64.068659 46.017518 -61.462148
vn -69.380966 16.443113 -70.113526
vn -69.380966 16.443113 -70.113526
vn -69.380966 16.443113 -70.113526
vn 92.043825 37.849209 9.765790
vn 92.043825 37.849209 9.765790
vn 92.043825 37.849209 9.765790
vn -86.585604 16.441114 -47.250638
vn -86.585604 16.441114 -47.250638
vn -86.585604 16.441114 -47.250638
vn -47.177099 -77.437772 42.162946
vn -47.177099 -77.437772 42.162946
vn -47.177099 -77.437772 42.162946
vn -20.168806 -11.729353 97.240128
vn -20.168806 -11.729353 97.240128
vn -20.168806 -11.729353 97.240128
vn 66.741891 -14.648526 -73.013284
vn 66.741891 -14.648526 -73.013284
vn 66.741891 -14.648526 -73.013284
vn 57.010795 -14.500318 -80.867231
vn 57.010795 -14.500318 -80.867231
vn 57.010795 -14.500318 -80.867231
vn 85.120852 51.031393 12.257139
vn 85.120852 51.031393 12.257139
vn 85.120852 51.031393 12.257139
vn -23.486647 -97.058706 -5.290076
vn -23.486647 -97.058706 -5.290076
vn -23.486647 -97.058706 -5.290076
vn -8.559985 -84.597579 52.630565
vn -8.559985 -84.597579 52.630565
vn -8.559985 -84.597579 52.630565
vn -51.423641 -34.204980 -78.648766
vn -51.423641 -34.204980 -78.648766
vn -51.423641 -34.204980 -78.648766
vn -19.384118 95.781035 -21.219091
vn -19.384118 95.781035 -21.219091
vn -19.384118 95.781035 -21.219091
vn 91.283227 32.854111 24.248266
vn 91.283227 32.854111 24.248266
vn 91.283227 32.854111 24.248266
vn -86.787245 -13.819669 -47.717835
vn -86.787245 -13.819669 -47.717835
vn -86.787245 -13.819669 -47.717835
vn 2.592305 24.872859 96.822619
vn 2.592305 24.872859 96.822619
vn 2.592305 24.872859 96.822619
vn 85.071056 -39.298357 34.907799
vn 85.071056 -39.298357 34.907799
vn 85.071056 -39.298357 34.907799
vn -3.629752 -27.363878 96.114741
vn -3.629752 -27.363878 96.114741
vn -3.629752 -27.363878 96.114741
vn 90.384247 31.591784 -28.855618
vn 90.384247 31.591784 -28.855618
vn 90.384247 31.591784 -28.855618
vn -22.149245 -93.384486 -28.084658
vn -22.149245 -93.384486 -28.084658
vn -22.149245 -93.384486 -28.084658
vn 93.562496 33.250636 11.851408
vn 93.562496 33.250636 11.851408
vn 93.562496 33.250636 11.851408
vn -7.756626 -69.253269 71.720419
vn -7.756626 -69.253269 71.720419
vn -7.756626 -69.253269 71.720419
vn -87.605510 24.205768 -41.705579
vn -87.605510 24.205768 -41.705579
vn -87.605510 24.205768 -41.705579
vn -70.410891 40.325540 -58.447907
vn -70.410891 40.325540 -58.447907
vn -70.410891 40.325540 -58.447907
vn -3.325758 59.247783 80.490001
vn -3.325758 59.247783 80.490001
vn -3.325758 59.247783 80.490001
vn -25.318517 -77.597942 57.771373
vn -25.318517 -77.597942 57.771373
vn -25.318517 -77.597942 57.771373
vn -57.655126 44.626494 -68.442398
vn -57.655126 44.626494 -68.442398
vn -57.655126 44.626494 -68.442398
vn 51.358331 -60.492098 -60.852509
vn 51.358331 -60.492098 -60.852509
vn 51.358331 -60.492098 -60.852509
vn 1.827440 -5.610974 99.825738
vn 1.827440 -5.610974 99.825738
vn 1.827440 -5.610974 99.825738
vn -21.256022 -65.653725 -72.372438
vn -21.256022 -65.653725 -72.372438
vn -21.256022 -65.653725 -72.372438
vn -64.766402 -32.294845 69.009819
vn -64.766402 -32.294845 69.009819
vn -64.766402 -32.294845 69.009819
vn 61.014625 -57.275087 -54.742861
vn 61.014625 -57.275087 -54.742861
vn 61.014625 -57.275087 -54.742861
vn -84.748829 46.798880 25.049964
vn -84.748829 46.798880 25.049964
vn -84.748829 46.798880 25.049964
vn -23.217364 -73.713405 -63.460907
vn -23.217364 -73.713405 -63.460907
vn -23.217364 -73.713405 -63.460907
vn -92.717879 -6.090597 -36.963471
vn -92.717879 -6.090597 -36.963471
vn -92.717879 -6.090597 -36.963471
vn 7.393323 -98.919995 -12.655998
vn 7.393323 -98.919995 -12.655998
vn 7.393323 -98.919995 -12.655998
vn 97.344298 20.329927 10.525247
vn 97.344298 20.329927 10.525247
vn 97.344298 20.329927 10.525247
vn 88.454914 15.132302 44.121875
vn 88.454914 15.132302 44.121875
vn 88.454914 15.132302 44.121875
vn -5.336830 -46.650946 -88.290471
vn -5.336830 -46.650946 -88.290471
vn -5.336830 -46.650946 -88.290471
vn -29.846824 39.916792 -86.693804
vn -29.846824 39.916792 -86.693804
vn -29.846824 39.916792 -86.693804
vn 26.419288 -32.879265 -90.669591
vn 26.419288 -32.879265 -90.669591
vn 26.419288 -32.879265 -90.669591
vn 84.762085 -31.090770 42.997114
vn 84.762085 -31.090770 42.997114
vn 84.762085 -31.090770 42.997114
vn 93.116718 34.142760 12.788584
vn 93.116718 34.142760 12.788584
vn 93.116718 34.142760 12.788584
vn 77.222991 -63.531690 0.577608
vn 77.222991 -63.531690 0.577608
vn 77.222991 -63.531690 0.577608
vn 90.863378 37.112796 -19.143847
vn 90.863378 37.112796 -19.143847
vn 90.863378 37.112796 -19.143847
vn 83.029643 -53.846704 14.373943
vn 83.029643 -53.846704 14.373943
vn 83.029643 -53.846704 14.373943
vn 0.109286 37.194416 92.825438
vn 0.109286 37.194416 92.825438
vn 0.109286 37.194416 92.825438
vn 17.214938 70.271709 -69.032832
vn 17.214938 70.271709 -69.032832
vn 17.214938 70.271709 -69.032832
vn 76.301747 -40.718049 50.200428
vn 76.301747 -40.718049 50.200428
vn 76.301747 -40.718049 50.200428
vn -98.568678 -7.572642 15.062239
vn -98.568678 -7.572642 15.062239
vn -98.568678 -7.572642 15.062239
vn 23.838161 15.986887 95.792285
vn 23.838161 15.986887 95.792285
vn 23.838161 15.986887 95.792285
vn 98.064824 18.355068 6.810326
vn 98.064824 18.355068 6.810326
vn 98.064824 18.355068 6.810326
vn -45.868115 -49.239600 73.970113
vn -45.868115 -49.239600 73.970113
vn -45.868115 -49.239600 73.970113
vn -80.555444 45.581247 -37.857227
vn -80.555444 45.581247 -37.857227
vn -80.555444 45.581247 -37.857227
vn 92.996476 -31.355679 19.195750
vn 92.996476 -31.355679 19.195750
vn 92.996476 -31.355679 19.195750
vn -31.121023 14.257251 -93.958560
vn -31.121023 14.257251 -93.958560
vn -31.121023 14.257251 -93.958560
vn -93.471712 22.966306 27.121712
vn -93.471712 22.966306 27.121712
vn -93.471712 22.966306 27.121712
vn -28.694322 -70.997352 -64.311833
vn -28.694322 -70.997352 -64.311833
vn -28.694322 -70.997352 -64.311833
vn 70.802522 13.948132 -69.227538
vn 70.802522 13.948132 -69.227538
vn 70.802522 13.948132 -69.227538
vn -10.923545 -3.297386 99.346889
vn -10.923545 -3.297386 99.346889
vn -10.923545 -3.297386 99.346889
vn 98.003676 -19.775235 -2.053841
vn 98.003676 -19.775235 -2.053841
vn 98.003676 -19.775235 -2.053841
vn -67.300390 18.872108 -71.515737
vn -67.300390 18.872108 -71.515737
vn -67.300390 18.872108 -71.515737
vn 93.610299 -18.936814 29.639621
vn 93.610299 -18.936814 29.639621
vn 93.610299 -18.936814 29.639621
vn 72.994025 11.967629 67.295230
vn 72.994025 11.967629 67.295230
vn 72.994025 11.967629 67.295230
vn 9.413767 44.005667 -89.302199
vn 9.413767 44.005667 -89.302199
vn 9.413767 44.005667 -89.302199
vn 67.839697 -5.291104 73.278769
vn 67.839697 -5.291104 73.278769
vn 67.839697 -5.291104 73.278769
vn 55.736906 -76.922610 31.245943
vn 55.736906 -76.922610 31.245943
vn 55.736906 -76.922610 31.245943
vn 81.339407 -17.623483 55.437467
vn 81.339407 -17.623483 55.437467
vn 81.339407 -17.623483 55.437467
vn -74.825729 -39.415845 -53.361972
vn -74.825729 -39.415845 -53.361972
vn -74.825729 -39.415845 -53.361972
vn -71.572266 -43.187425 -54.884043
vn -71.572266 -43.187425 -54.884043
vn -71.572266 -43.187425 -54.884043
vn 97.153247 16.949928 16.551344
vn 97.153247 16.949928 16.551344
vn 97.153247 16.949928 16.551344
vn 34.525531 41.585136 84.134803
vn 34.525531 41.585136 84.134803
vn 34.525531 41.585136 84.134803
vn 17.065488 -18.642585 -96.753414
vn 17.065488 -18.642585 -96.753414
vn 17.065488 -18.642585 -96.753414
vn -99.698692 -6.930685 3.483669
vn -99.698692 -6.930685 3.483669
vn -99.698692 -6.930685 3.483669
vn 44.338972 -74.319248 -50.106933
vn 44.338972 -74.319248 -50.106933
vn 44.338972 -74.319248 -50.106933
vn 43.663310 -85.538546 -27.868867
vn 43.663310 -85.538546 -27.868867
vn 43.663310 -85.538546 -27.868867
vn 83.508746 20.102429 -51.207243
vn 83.508746 20.102429 -51.207243
vn 83.508746 20.102429 -51.207243
vn 62.404350 71.543118 31.420990
vn 62.404350 71.543118 31.420990
vn 62.404350 71.543118 31.420990
vn -45.033165 -64.916878 -61.301001
vn -45.033165 -64.916878 -61.301001
vn -45.033165 -64.916878 -61.301001
vn -59.694278 -61.457622 51.570870
vn -59.694278 -61.457622 51.570870
vn -59.694278 -61.457622 51.570870
vn -92.184316 -19.609821 33.429128
vn -92.184316 -19.609821 33.429128
vn -92.184316 -19.609821 33.429128
vn -13.757062 73.801080 66.061671
vn -13.757062 73.801080 66.061671
vn -13.757062 73.801080 66.061671
vn 17.960290 39.246865 -90.205940
vn 17.960290 39.246865 -90.205940
vn 17.960290 39.246865 -90.205940
vn -9.882690 -8.557492 -99.141823
vn -9.882690 -8.557492 -99.141823
vn -9.882690 -8.557492 -99.141823
vn -30.562379 12.265892 94.421864
vn -30.562379 12.265892 94.421864
vn -30.562379 12.265892 94.421864
vn -96.487164 14.053894 22.197178
vn -96.487164 14.053894 22.197178
vn -96.487164 14.053894 22.197178
vn -95.890914 -16.576611 -23.024954
vn -95.890914 -16.576611 -23.024954
vn -95.890914 -16.576611 -23.024954
vn -72.083204 51.606998 -46.267998
vn -72.083204 51.606998 -46.267998
vn -72.083204 51.606998 -46.267998
vn -42.784246 74.448680 51.253310
vn -42.784246 74.448680 51.253310
vn -42.784246 74.448680 51.253310
vn 13.322840 -91.235423 38.711753
vn 13.322840 -91.235423 38.711753
vn 13.322840 -91.235423 38.711753
vn -24.164544 -51.833208 -82.032880
vn -24.164544 -51.833208 -82.032880
vn -24.164544 -51.833208 -82.032880
vn -5.934507 -55.355587 83.069488
vn -5.934507 -55.355587 83.069488
vn -5.934507 -55.355587 83.069488
vn -51.506845 28.371144 -80.883386
vn -51.506845 28.371144 -80.883386
vn -51.506845 28.371144 -80.883386
vn 17.296022 1.898759 -98.474580
vn 17.296022 1.898759 -98.474580
vn 17.296022 1.898759 -98.474580
vn -66.264938 62.723455 -40.923421
vn -66.264938 62.723455 -40.923421
vn -66.264938 62.723455 -40.923421
vn 23.876423 -63.299917 73.641264
vn 23.876423 -63.299917 73.641264
vn 23.876423 -63.299917 73.641264
vn 61.189977 6.880496 78.793682
vn 61.189977 6.880496 78.793682
vn 61.189977 6.880496 78.793682
vn -77.823775 -34.603955 52.402525
vn -77.823775 -34.603955 52.402525
vn -77.823775 -34.603955 52.402525
vn 6.756125 50.291237 86.169290
vn 6.756125 50.291237 86.169290
vn 6.756125 50.291237 86.169290
vn -29.183313 31.681656 90.247476
vn -29.183313 31.681656 90.247476
vn -29.183313 31.681656 90.247476
vn -72.185999 -69.015879 5.097994
vn -72.185999 -69.015879 5.097994
vn -72.185999 -69.015879 5.097994
vn 27.379630 0.245920 96.178453
vn 27.379630 0.245920 96.178453
vn 27.379630 0.245920 96.178453
vn 24.117731 90.661892 -34.623085
vn 24.117731 90.661892 -34.623085
vn 24.117731 90.661892 -34.623085
vn -55.709601 4.697255 -82.911857
vn -55.709601 4.697255 -82.911857
vn -55.709601 4.697255 -82.911857
vn 51.990684 62.660784 -58.056821
vn 51.990684 62.660784 -58.056821
vn 51.990684 62.660784 -58.056821
vn 91.240601 -39.496902 -10.730647
vn 91.240601 -39.496902 -10.730647
vn 91.240601 -39.496902 -10.730647
vn 90.676167 5.537357 41.799176
vn 90.676167 5.537357 41.799176
vn 90.676167 5.537357 41.799176
vn -45.435019 83.694228 -30.511242
vn -45.435019 83.694228 -30.511242
vn -45.435019 83.694228 -30.511242
vn -10.911276 47.117112 87.526683
vn -10.911276 47.117112 87.526683
vn -10.911276 47.117112 87.526683
vn 8.995777 15.065783 98.448458
vn 8.995777 15.065783 98.448458
vn 8.995777 15.065783 98.448458
vn 98.787945 -1.944112 -15.400044
vn 98.787945 -1.944112 -15.400044
vn 98.787945 -1.944112 -15.400044
vn 22.577193 55.207152 80.264808
vn 22.577193 55.207152 80.264808
vn 22.577193 55.207152 80.264808
vn -38.579020 52.566015 75.818680
vn -38.579020 52.566015 75.818680
vn -38.579020 52.566015 75.818680
vn -68.164182 -3.026555 73.105969
vn -68.164182 -3.026555 73.105969
vn -68.164182 -3.026555 73.105969
vn -97.621096 -21.677318 0.462706
vn -97.621096 -21.677318 0.462706
vn -97.621096 -21.677318 0.462706
vn -95.057660 -30.664870 4.868885
vn -95.057660 -30.664870 4.868885
vn -95.057660 -30.664870 4.868885
vn 99.318880 6.648779 -9.568297
vn 99.318880 6.648779 -9.568297
vn 99.318880 6.648779 -9.568297
vn -42.852484 77.250679 -46.861462
vn -42.852484 77.250679 -46.861462
vn -42.852484 77.250679 -46.861462
vn 87.650955 -47.977799 3.929528
vn 87.650955 -47.977799 3.929528
vn 87.650955 -47.977799 3.929528
vn 11.691408 98.984270 -8.088700
vn 11.691408 98.984270 -8.088700
vn 11.691408 98.984270 -8.088700
vn -95.348970 -29.354828 -6.846069
vn -95.348970 -29.354828 -6.846069
vn -95.348970 -29.354828 -6.846069
vn -91.333303 -7.613581 40.003248
vn -91.333303 -7.613581 40.003248
vn -91.333303 -7.613581 40.003248
vn 9.321753 49.981114 86.110346
vn 9.321753 49.981114 86.110346
vn 9.321753 49.981114 86.110346
vn 7.766332 -99.177700 10.172002
vn 7.766332 -99.177700 10.172002
vn 7.766332 -99.177700 10.172002
vn -11.211212 -42.096665 90.012104
vn -11.211212 -42.096665 90.012104
vn -11.211212 -42.096665 90.012104
vn 62.799687 -75.972167 16.865028
vn 62.799687 -75.972167 16.865028
vn 62.799687 -75.972167 16.865028
vn 74.478268 23.048626 62.623869
vn 74.478268 23.048626 62.623869
vn 74.478268 23.048626 62.623869
vn -99.530632 -8.437142 -4.739840
vn -99.530632 -8.437142 -4.739840
vn -99.530632 -8.437142 -4.739840
vn -98.190063 18.935908 -0.378477
vn -98.190063 18.935908 -0.378477
vn -98.190063 18.935908 -0.378477
vn -35.950700 -11.790016 92.566419
vn -35.950700 -11.790016 92.566419
vn -35.950700 -11.790016 92.566419
vn 59.249823 0.108213 80.557094
vn 59.249823 0.108213 80.557094
vn 59.249823 0.108213 80.557094
vn 10.602968 -59.720919 -79.504638
vn 10.602968 -59.720919 -79.504638
vn 10.602968 -59.720919 -79.504638
vn 67.235815 58.639160 45.175151
vn 67.235815 58.639160 45.175151
vn 67.235815 58.639160 45.175151
vn -92.734048 37.418250 -0.518984
vn -92.734048 37.418250 -0.518984
vn -92.734048 37.418250 -0.518984
vn -91.359601 -6.886413 40.074939
vn -91.359601 -6.886413 40.074939
vn -91.359601 -6.886413 40.074939
vn -62.873192 -40.822732 66.185089
vn -62.873192 -40.822732 66.185089
vn -62.873192 -40.822732 66.185089
vn -94.990694 -19.979909 -24.032713
vn -94.990694 -19.979909 -24.032713
vn -94.990694 -19.979909 -24.032713
vn -21.342656 -71.961155 66.076340
vn -21.342656 -71.961155 66.076340
vn -21.342656 -71.961155 66.076340
vn 98.796131 -1.681353 15.378481
vn 98.796131 -1.681353 15.378481
vn 98.796131 -1.681353 15.378481
vn -26.924448 88.579470 -37.798855
vn -26.924448 88.579470 -37.798855
vn -26.924448 88.579470 -37.798855
vn -41.222177 -19.733246 88.945660
vn -41.222177 -19.733246 88.945660
vn -41.222177 -19.733246 88.945660
vn -70.066561 2.646641 71.299870
vn -70.066561 2.646641 71.299870
vn -70.066561 2.646641 71.299870
vn 6.141484 -30.017398 -95.190536
vn 6.141484 -30.017398 -95.190536
vn 6.141484 -30.017398 -95.190536
vn -75.023329 -56.843829 33.768029
vn -75.023329 -56.843829 33.768029
vn -75.023329 -56.843829 33.768029
vn -70.355931 13.928568 69.685272
vn -70.355931 13.928568 69.685272
vn -70.355931 13.928568 69.685272
vn -76.947216 19.645174 60.771647
vn -76.947216 19.645174 60.771647
vn -76.947216 19.645174 60.771647
vn 74.971523 56.321066 -34.744916
vn 74.971523 56.321066 -34.744916
vn 74.971523 56.321066 -34.744916
vn -77.477662 -52.035256 -35.910206
vn -77.477662 -52.035256 -35.910206
vn -77.477662 -52.035256 -35.910206
vn 22.100332 -94.938482 22.321732
vn 22.100332 -94.938482 22.321732
vn 22.100332 -94.938482 22.321732
vn -11.430076 -83.874805 -53.238802
vn -11.430076 -83.874805 -53.238802
vn -11.430076 -83.874805 -53.238802
vn -78.650609 -51.055910 -34.747321
vn -78.650609 -51.055910 -34.747321
vn -78.650609 -51.055910 -34.747321
vn -93.451536 34.083909 10.251714
vn -93.451536 34.083909 10.251714
vn -93.451536 34.083909 10.251714
vn 53.404840 -39.163748 74.927465
vn 53.404840 -39.163748 74.927465
vn 53.404840 -39.163748 74.927465
vn -69.746372 -71.661134 -0.355030
vn -69.746372 -71.661134 -0.355030
vn -69.746372 -71.661134 -0.355030
vn -93.898864 -19.969912 -28.003658
vn -93.898864 -19.969912 -28.003658
vn -93.898864 -19.969912 -28.003658
vn -87.649342 48.036068 -3.182794
vn -87.649342 48.036068 -3.182794
vn -87.649342 48.036068 -3.182794
vn 66.826948 34.991411 65.648756
vn 66.826948 34.991411 65.648756
vn 66.826948 34.991411 65.648756
vn -88.061495 46.979239 -6.174408
vn -88.061495 46.979239 -6.174408
vn -88.061495 46.979239 -6.174408
vn -93.360294 -3.608499 35.648752
vn -93.360294 -3.608499 35.648752
vn -93.360294 -3.608499 35.648752
vn 28.919457 -89.014477 35.214891
vn 28.919457 -89.014477 35.214891
vn 28.919457 -89.014477 35.214891
vn 20.644703 29.753693 93.212202
vn 20.644703 29.753693 93.212202
vn 20.644703 29.753693 93.212202
vn 63.979984 6.203530 76.603377
vn 63.979984 6.203530 76.603377
vn 63.979984 6.203530 76.603377
vn 28.148979 32.665510 90.225267
vn 28.148979 32.665510 90.225267
vn 28.148979 32.665510 90.225267
vn -25.571915 -11.557960 -95.981717
vn -25.571915 -11.557960 -95.981717
vn -25.571915 -11.557960 -95.981717
vn 81.005046 23.101273 53.893521
vn 81.005046 23.101273 53.893521
vn 81.005046 23.101273 53.893521
vn -94.311560 32.549697 -6.771075
vn -94.311560 32.549697 -6.771075
vn -94.311560 32.549697 -6.771075
vn 93.688151 -18.047395 -29.946977
vn 93.688151 -18.047395 -29.946977
vn 93.688151 -18.047395 -29.946977
vn -73.872565 -63.312292 23.117024
vn -73.872565 -63.312292 23.117024
vn -73.872565 -63.312292 23.117024
vn -61.115751 -21.887636 -76.064411
vn -61.115751 -21.887636 -76.064411
vn -61.115751 -21.887636 -76.064411
vn -41.726144 76.586099 -48.923410
vn -41.726144 76.586099 -48.923410
vn -41.726144 76.586099 -48.923410
vn 41.557601 2.034644 90.933089
vn 41.557601 2.034644 90.933089
vn 41.557601 2.034644 90.933089
vn 49.546777 32.653844 80.491253
vn 49.546777 32.653844 80.491253
vn 49.546777 32.653844 80.491253
vn 72.000804 6.060305 69.131446
vn 72.000804 6.060305 69.131446
vn 72.000804 6.060305 69.131446
vn 51.658059 82.416931 23.214139
vn 51.658059 82.416931 23.214139
vn 51.658059 82.416931 23.214139
vn 93.990476 33.775699 4.999229
vn 93.990476 33.775699 4.999229
vn 93.990476 33.775699 4.999229
vn 23.890727 -75.006103 61.671055
vn 23.890727 -75.006103 61.671055
vn 23.890727 -75.006103 61.671055
vn -41.205177 49.777176 76.317534
vn -41.205177 49.777176 76.317534
vn -41.205177 49.777176 76.317534
vn 88.218134 -27.249251 -38.406226
vn 88.218134 -27.249251 -38.406226
vn 88.218134 -27.249251 -38.406226
vn 13.513249 80.740246 -57.431754
vn 13.513249 80.740246 -57.431754
vn 13.513249 80.740246 -57.431754
vn 51.922173 -60.542650 60.321436
vn 51.922173 -60.542650 60.321436
vn 51.922173 -60.542650 60.321436
vn 26.157698 -61.505031 74.383499
vn 26.157698 -61.505031 74.383499
vn 26.157698 -61.505031 74.383499
vn 13.412784 -92.251661 -36.190189
vn 13.412784 -92.251661 -36.190189
vn 13.412784 -92.251661 -36.190189
vn -80.386156 46.885900 -36.602991
vn -80.386156 46.885900 -36.602991
vn -80.386156 46.885900 -36.602991
vn -85.174060 46.920146 -23.321203
vn -85.174060 46.920146 -23.321203
vn -85.174060 46.920146 -23.321203
vn 51.183372 56.101120 -65.060950
vn 51.183372 56.101120 -65.060950
vn 51.183372 56.101120 -65.060950
vn -64.861274 5.565299 -75.908115
vn -64.861274 5.565299 -75.908115
vn -64.861274 5.565299 -75.908115
vn -96.514778 -19.968373 -16.916308
vn -96.514778 -19.968373 -16.916308
vn -96.514778 -19.968373 -16.916308
vn -82.378122 39.178438 -40.974311
vn -82.378122 39.178438 -40.974311
vn -82.378122 39.178438 -40.974311
vn -91.201267 27.757920 30.196463
vn -91.201267 27.757920 30.196463
vn -91.201267 27.757920 30.196463
vn 50.423960 2.168769 86.329134
vn 50.423960 2.168769 86.329134
vn 50.423960 2.168769 86.329134
vn 32.470353 25.954214 -90.950831
vn 32.470353 25.954214 -90.950831
vn 32.470353 25.954214 -90.950831
vn -14.085658 -98.089557 -13.417675
vn -14.085658 -98.089557 -13.417675
vn -14.085658 -98.089557 -13.417675
vn -40.509282 -73.950785 -53.761317
vn -40.509282 -73.950785 -53.761317
vn -40.509282 -73.950785 -53.761317
vn 99.276358 -11.968379 0.980256
vn 99.276358 -11.968379 0.980256
vn 99.276358 -11.968379 0.980256
vn -53.393770 42.643830 73.011010
vn -53.393770 42.643830 73.011010
vn -53.393770 42.643830 73.011010
vn -75.114070 -63.488676 -18.084946
vn -75.114070 -63.488676 -18.084946
vn -75.114070 -63.488676 -18.084946
vn -15.427720 9.787649 98.316765
vn -15.427720 9.787649 98.316765
vn -15.427720 9.787649 98.316765
vn 63.368448 -2.158970 77.329018
vn 63.368448 -2.158970 77.329018
vn 63.368448 -2.158970 77.329018
vn 49.509272 80.662592 -32.285893
vn 49.509272 80.662592 -32.285893
vn 49.509272 80.662592 -32.285893
vn -67.817529 57.760614 45.436696
vn -67.817529 57.760614 45.436696
vn -67.817529 57.760614 45.436696
vn -2.916577 67.197671 73.999772
vn -2.916577 67.197671 73.999772
vn -2.916577 67.197671 73.999772
vn 72.543532 -34.897226 59.326367
vn 72.543532 -34.897226 59.326367
vn 72.543532 -34.897226 59.326367
vn 98.019608 -17.401409 9.452303
vn 98.019608 -17.401409 9.452303
vn 98.019608 -17.401409 9.452303
vn 63.924019 10.326233 -76.204261
vn 63.924019 10.326233 -76.204261
vn 63.924019 10.326233 -76.204261
vn -65.392234 -72.665949 21.059819
vn -65.392234 -72.665949 21.059819
vn -65.392234 -72.665949 21.059819
vn 81.454881 -41.263817 -40.772528
vn 81.454881 -41.263817 -40.772528
vn 81.454881 -41.263817 -40.772528
vn 63.713779 -35.683758 -68.317073
vn 63.713779 -35.683758 -68.317073
vn 63.713779 -35.683758 -68.317073
vn 30.935103 67.841311 -66.637649
vn 30.935103 67.841311 -66.637649
vn 30.935103 67.841311 -66.637649
vn -79.872494 -52.085316 30.124797
vn -79.872494 -52.085316 30.124797
vn -79.872494 -52.085316 30.124797
vn 27.304009 -92.156697 27.597719
vn 27.304009 -92.156697 27.597719
vn 27.304009 -92.156697 27.597719
vn 79.410621 56.799602 -21.627714
vn 79.410621 56.799602 -21.627714
vn 79.410621 56.799602 -21.627714
vn -50.610228 -78.105144 -36.581310
vn -50.610228 -78.105144 -36.581310
vn -50.610228 -78.105144 -36.581310
vn -69.261603 70.634251 14.616155
vn -69.261603 70.634251 14.616155
vn -69.261603 70.634251 14.616155
vn 87.515232 -18.242167 44.814130
vn 87.515232 -18.242167 44.814130
vn 87.515232 -18.242167 44.814130
vn -68.149689 -60.765001 -40.782757
vn -68.149689 -60.765001 -40.782757
vn -68.149689 -60.765001 -40.782757
vn -73.266188 -9.079671 -67.450904
vn -73.266188 -9.079671 -67.450904
vn -73.266188 -9.079671 -67.450904
vn 94.054827 -33.859221 -2.691104
vn 94.054827 -33.859221 -2.691104
vn 94.054827 -33.859221 -2.691104
vn 77.588611 40.122797 -48.684371
vn 77.588611 40.122797 -48.684371
vn 77.588611 40.122797 -48.684371
vn 28.579508 -46.744843 -83.654827
vn 28.579508 -46.744843 -83.654827
vn 28.579508 -46.744843 -83.654827
vn 24.252613 49.356322 83.521035
vn 24.252613 49.356322 83.521035
vn 24.252613 49.356322 83.521035
vn -58.173132 29.966537 -75.616742
vn -58.173132 29.966537 -75.616742
vn -58.173132 29.966537 -75.616742
vn 47.290312 88.092014 1.850226
vn 47.290312 88.092014 1.850226
vn 47.290312 88.092014 1.850226
vn -97.813373 -19.461869 7.333515
vn -97.813373 -19.461869 7.333515
vn -97.813373 -19.461869 7.333515
vn 54.178740 83.081242 12.734691
vn 54.178740 83.081242 12.734691
vn 54.178740 83.081242 12.734691
vn 7.192829 -33.013049 94.119078
vn 7.192829 -33.013049 94.119078
vn 7.192829 -33.013049 94.119078
vn -63.302058 59.490132 49.535568
vn -63.302058 59.490132 49.535568
vn -63.302058 59.490132 49.535568
vn 65.109759 42.176598 -63.101931
vn 65.109759 42.176598 -63.101931
vn 65.109759 42.176598 -63.101931
vn 63.682201 -11.243532 -76.276865
vn 63.682201 -11.243532 -76.276865
vn 63.682201 -11.243532 -76.276865
vn -9.869121 -50.792571 85.572861
vn -9.869121 -50.792571 85.572861
vn -9.869121 -50.792571 85.572861
vn 0.542684 -90.558837 42.412316
vn 0.542684 -90.558837 42.412316
vn 0.542684 -90.558837 42.412316
vn 30.623572 52.063943 79.696568
vn 30.623572 52.063943 79.696568
vn 30.623572 52.063943 79.696568
vn -91.024128 -23.588024 34.032513
vn -91.024128 -23.588024 34.032513
vn -91.024128 -23.588024 34.032513
vn -36.081991 44.130295 82.162068
vn -36.081991 44.130295 82.162068
vn -36.081991 44.130295 82.162068
vn -7.062092 1.343242 -99.741278
vn -7.062092 1.343242 -99.741278
vn -7.062092 1.343242 -99.741278
vn 95.398081 24.578875 17.178007
vn 95.398081 24.578875 17.178007
vn 95.398081 24.578875 17.178007
vn -83.366527 43.007274 -34.646745
vn -83.366527 43.007274 -34.646745
vn -83.366527 43.007274 -34.646745
vn 16.704587 1.842344 -98.577695
vn 16.704587 1.842344 -98.577695
vn 16.704587 1.842344 -98.577695
vn -49.891068 -61.637629 60.923596
vn -49.891068 -61.637629 60.923596
vn -49.891068 -61.637629 60.923596
vn 53.579941 -46.581404 70.422748
vn 53.579941 -46.581404 70.422748
vn 53.579941 -46.581404 70.422748
vn -86.153829 -8.472793 -50.057249
vn -86.153829 -8.472793 -50.057249
vn -86.153829 -8.472793 -50.057249
vn 59.881105 -69.286221 -40.170539
vn 59.881105 -69.286221 -40.170539
vn 59.881105 -69.286221 -40.170539
vn -82.391343 -24.431411 51.134842
vn -82.391343 -24.431411 51.134842
vn -82.391343 -24.431411 51.134842
vn -27.127145 12.023737 -95.496320
vn -27.127145 12.023737 -95.496320
vn -27.127145 12.023737 -95.496320
vn 94.389139 32.900452 2.872550
vn 94.389139 32.900452 2.872550
vn 94.389139 32.900452 2.872550
vn 9.897214 97.208034 -21.275410
vn 9.897214 97.208034 -21.275410
vn 9.897214 97.208034 -21.275410
vn -25.422649 -70.672584 -66.023287
vn -25.422649 -70.672584 -66.023287
vn -25.422649 -70.672584 -66.023287
vn -27.354321 -11.616993 -95.481864
vn -27.354321 -11.616993 -95.481864
vn -27.354321 -11.616993 -95.481864
vn -56.586003 53.154315 -63.028896
vn -56.586003 53.154315 -63.028896
vn -56.586003 53.154315 -63.028896
vn -54.995591 83.295832 -6.106503
vn -54.995591 83.295832 -6.106503
vn -54.995591 83.295832 -6.106503
vn 74.662410 -4.313336 66.384618
vn 74.662410 -4.313336 66.384618
vn 74.662410 -4.313336 66.384618
vn -0.451832 -66.018322 -75.109093
vn -0.451832 -66.018322 -75.109093
vn -0.451832 -66.018322 -75.109093
vn -84.760928 -48.789475 -20.860779
vn -84.760928 -48.789475 -20.860779
vn -84.760928 -48.789475 -20.860779
vn 77.183967 -30.001867 56.058223
vn 77.183967 -30.001867 56.058223
vn 77.183967 -30.001867 56.058223
vn 97.797919 16.446676 -12.848092
vn 97.797919 16.446676 -12.848092
vn 97.797919 16.446676 -12.848092
vn 67.049536 -10.423753 -73.455454
vn 67.049536 -10.423753 -73.455454
vn 67.049536 -10.423753 -73.455454
vn -41.166886 22.692862 88.262792
vn -41.166886 22.692862 88.262792
vn -41.166886 22.692862 88.262792
vn 86.779433 -16.641919 46.822807
vn 86.779433 -16.641919 46.822807
vn 86.779433 -16.641919 46.822807
vn -66.956401 47.767135 -56.878291
vn -66.956401 47.767135 -56.878291
vn -66.956401 47.767135 -56.878291
vn 54.828706 39.832097 -73.533776
vn 54.828706 39.832097 -73.533776
vn 54.828706 39.832097 -73.533776
vn -74.936095 -46.850123 46.793674
vn -74.936095 -46.850123 46.793674
vn -74.936095 -46.850123 46.793674
vn -50.583954 22.932487 -83.158664
vn -50.583954 22.932487 -83.158664
vn -50.583954 22.932487 -83.158664
vn 45.232387 84.052290 -29.820222
vn 45.232387 84.052290 -29.820222
vn 45.232387 84.052290 -29.820222
vn 55.955955 -3.594281 82.801044
vn 55.955955 -3.594281 82.801044
vn 55.955955 -3.594281 82.801044
vn 59.932002 2.590533 -80.009021
vn 59.932002 2.590533 -80.009021
vn 59.932002 2.590533 -80.009021
vn 53.254704 -68.790435 -49.313409
vn 53.254704 -68.790435 -49.313409
vn 53.254704 -68.790435 -49.313409
vn 76.275066 -16.968441 62.403419
vn 76.275066 -16.968441 62.403419
vn 76.275066 -16.968441 62.403419
vn 65.377519 -17.080485 -73.715915
vn 65.377519 -17.080485 -73.715915
vn 65.377519 -17.080485 -73.715915
vn -46.901249 4.929500 -88.181469
vn -46.901249 4.929500 -88.181469
vn -46.901249 4.929500 -88.181469
vn -81.637118 17.466855 55.048063
vn -81.637118 17.466855 55.048063
vn -81.637118 17.466855 55.048063
vn -44.337516 67.679507 -58.767923
vn -44.337516 67.679507 -58.767923
vn -44.337516 67.679507 -58.767923
vn -32.485126 45.101555 83.129811
vn -32.485126 45.101555 83.129811
vn -32.485126 45.101555 83.129811
vn 96.333501 -2.058125 26.751073
vn 96.333501 -2.058125 26.751073
vn 96.333501 -2.058125 26.751073
vn 28.610986 72.905010 62.179347
vn 28.610986 72.905010 62.179347
vn 28.610986 72.905010 62.179347
vn 17.985394 -81.966554 54.387580
vn 17.985394 -81.966554 54.387580
vn 17.985394 -81.966554 54.387580
vn 96.836069 -23.869004 -7.283227
vn 96.836069 -23.869004 -7.283227
vn 96.836069 -23.869004 -7.283227
vn 84.700502 -28.255804 45.027038
vn 84.700502 -28.255804 45.027038
vn 84.700502 -28.255804 45.027038
vn 80.241088 -57.440001 -16.186819
vn 80.241088 -57.440001 -16.186819
vn 80.241088 -57.440001 -16.186819
vn 79.226304 46.758138 39.202916
vn 79.226304 46.758138 39.202916
vn 79.226304 46.758138 39.202916
vn 34.709976 -81.570668 46.275744
vn 34.709976 -81.570668 46.275744
vn 34.709976 -81.570668 46.275744
vn -67.979586 37.521395 -63.015233
vn -67.979586 37.521395 -63.015233
vn -67.979586 37.521395 -63.015233
vn -90.567907 28.099595 31.746905
vn -90.567907 28.099595 31.746905
vn -90.567907 28.099595 31.746905
vn -88.075550 26.223875 39.433574
vn -88.075550 26.223875 39.433574
vn -88.075550 26.223875 39.433574
vn -33.399097 -74.943139 57.166653
vn -33.399097 -74.943139 57.166653
vn -33.399097 -74.943139 57.166653
vn -60.450751 -54.363990 58.225982
vn -60.450751 -54.363990 58.225982
vn -60.450751 -54.363990 58.225982
vn -98.938513 -1.632447 14.439720
vn -98.938513 -1.632447 14.439720
vn -98.938513 -1.632447 14.439720
vn 54.072541 35.273117 -76.367309
vn 54.072541 35.273117 -76.367309
vn 54.072541 35.273117 -76.367309
vn 84.606706 -5.872345 -52.983201
vn 84.606706 -5.872345 -52.983201
vn 84.606706 -5.872345 -52.983201
vn -35.990384 25.762566 89.671519
vn -35.990384 25.762566 89.671519
vn -35.990384 25.762566 89.671519
vn 87.008173 7.122486 48.773438
vn 87.008173 7.122486 48.773438
vn 87.008173 7.122486 48.773438
vn -81.176542 -8.567011 57.766545
vn -81.176542 -8.567011 57.766545
vn -81.176542 -8.567011 57.766545
vn 44.897116 -4.485064 89.241990
vn 44.897116 -4.485064 89.241990
vn 44.897116 -4.485064 89.241990
vn -66.632224 63.558254 -38.993519
vn -66.632224 63.558254 -38.993519
vn -66.632224 63.558254 -38.993519
vn -89.031466 -45.411429 -3.346582
vn -89.031466 -45.411429 -3.346582
vn -89.031466 -45.411429 -3.346582
vn -61.505068 77.400825 -15.041210
vn -61.505068 77.400825 -15.041210
vn -61.505068 77.400825 -15.041210
vn 75.850347 18.507330 62.483632
vn 75.850347 18.507330 62.483632
vn 75.850347 18.507330 62.483632
vn 64.887444 65.827009 38.163124
vn 64.887444 65.827009 38.163124
vn 64.887444 65.827009 38.163124
vn 20.348775 71.504099 66.881173
vn 20.348775 71.504099 66.881173
vn 20.348775 71.504099 66.881173
vn -51.609697 22.103178 -82.751959
vn -51.609697 22.103178 -82.751959
vn -51.609697 22.103178 -82.751959
vn -92.207769 36.690096 12.311076
vn -92.207769 36.690096 12.311076
vn -92.207769 36.690096 12.311076
vn -51.880407 20.874228 -82.901694
vn -51.880407 20.874228 -82.901694
vn -51.880407 20.874228 -82.901694
vn 91.362659 35.414462 -19.966946
vn 91.362659 35.414462 -19.966946
vn 91.362659 35.414462 -19.966946
vn -97.065340 3.942612 23.722889
vn -97.065340 3.942612 23.722889
vn -97.065340 3.942612 23.722889
vn 43.015489 87.182794 23.427119
vn 43.015489 87.182794 23.427119
vn 43.015489 87.182794 23.427119
vn 60.203575 -15.534172 -78.321260
vn 60.203575 -15.534172 -78.321260
vn 60.203575 -15.534172 -78.321260
vn 95.865844 27.331739 7.919340
vn 95.865844 27.331739 7.919340
vn 95.865844 27.331739 7.919340
vn -74.865221 -65.779710 8.259973
vn -74.865221 -65.779710 8.259973
vn -74.865221 -65.779710 8.259973
vn 97.796942 19.458250 -7.558678
vn 97.796942 19.458250 -7.558678
vn 97.796942 19.458250 -7.558678
vn -34.675147 31.536060 -88.335223
vn -34.675147 31.536060 -88.335223
vn -34.675147 31.536060 -88.335223
vn 47.385906 -75.957497 44.553723
vn 47.385906 -75.957497 44.553723
vn 47.385906 -75.957497 44.553723
vn 27.963842 8.508103 -95.632812
vn 27.963842 8.508103 -95.632812
vn 27.963842 8.508103 -95.632812
vn -4.888444 43.922889 -89.704425
vn -4.888444 43.922889 -89.704425
vn -4.888444 43.922889 -89.704425
vn -22.216012 60.995559 76.065690
vn -22.216012 60.995559 76.065690
vn -22.216012 60.995559 76.065690
vn -72.943546 6.476698 68.097666
vn -72.943546 6.476698 68.097666
vn -72.943546 6.476698 68.097666
vn -61.350299 -77.330513 16.004184
vn -61.350299 -77.330513 16.004184
vn -61.350299 -77.330513 16.004184
vn -75.703027 31.622688 57.175669
vn -75.703027 31.622688 57.175669
vn -75.703027 31.622688 57.175669
vn -88.162368 -6.628903 -46.727462
vn -88.162368 -6.628903 -46.727462
vn -88.162368 -6.628903 -46.727462
vn 12.559353 50.585367 85.342735
vn 12.559353 50.585367 85.342735
vn 12.559353 50.585367 85.342735
vn 82.967484 23.090400 50.825488
vn 82.967484 23.090400 50.825488
vn 82.967484 23.090400 50.825488
vn 18.450845 -34.405930 92.064106
vn 18.450845 -34.405930 92.064106
vn 18.450845 -34.405930 92.064106
vn 24.376217 -51.885311 -81.937260
vn 24.376217 -51.885311 -81.937260
vn 24.376217 -51.885311 -81.937260
vn -74.280323 -35.112526 57.004773
vn -74.280323 -35.112526 57.004773
vn -74.280323 -35.112526 57.004773
vn 28.494844 -6.330457 95.645010
vn 28.494844 -6.330457 95.645010
vn 28.494844 -6.330457 95.645010
vn 16.409230 24.451514 95.565997
vn 16.409230 24.451514 95.565997
vn 16.409230 24.451514 95.565997
vn -73.953914 67.287116 1.806256
vn -73.953914 67.287116 1.806256
vn -73.953914 67.287116 1.806256
vn -2.505529 29.060776 95.651424
vn -2.505529 29.060776 95.651424
vn -2.505529 29.060776 95.651424
vn -3.452349 45.099953 89.185622
vn -3.452349 45.099953 89.185622
vn -3.452349 45.099953 89.185622
vn 82.319441 -49.603514 27.622457
vn 82.319441 -49.603514 27.622457
vn 82.319441 -49.603514 27.622457
vn -24.166733 -29.256095 -92.520531
vn -24.166733 -29.256095 -92.520531
vn -24.166733 -29.256095 -92.520531
vn -51.600640 -53.021640 67.276150
vn -51.600640 -53.021640 67.276150
vn -51.600640 -53.021640 67.276150
vn -17.787991 12.962581 97.547720
vn -17.787991 12.962581 97.547720
vn -17.787991 12.962581 97.547720
vn 9.574182 -16.579540 98.150162
vn 9.574182 -16.579540 98.150162
vn 9.574182 -16.579540 98.150162
vn -23.025606 -65.454139 72.010958
vn -23.025606 -65.454139 72.010958
vn -23.025606 -65.454139 72.010958
vn 42.147310 7.115090 90.404522
vn 42.147310 7.115090 90.404522
vn 42.147310 7.115090 90.404522
vn 48.330335 82.530115 29.205472
vn 48.330335 82.530115 29.205472
vn 48.330335 82.530115 29.205472
vn -30.726237 -91.742389 -25.283082
vn -30.726237 -91.742389 -25.283082
vn -30.726237 -91.742389 -25.283082
vn -30.300511 28.568636 -90.915958
vn -30.300511 28.568636 -90.915958
vn -30.300511 28.568636 -90.915958
vn 93.397320 -32.573902 14.692866
vn 93.397320 -32.573902 14.692866
vn 93.397320 -32.573902 14.692866
vn 97.223297 -12.765786 19.612905
vn 97.223297 -12.765786 19.612905
vn 97.223297 -12.765786 19.612905
vn 40.160155 11.505474 90.855846
vn 40.160155 11.505474 90.855846
vn 40.160155 11.505474 90.855846
vn -34.448204 -1.710461 -93.863709
vn -34.448204 -1.710461 -93.863709
vn -34.448204 -1.710461 -93.863709
vn 96.303523 14.872518 22.459703
vn 96.303523 14.872518 22.459703
vn 96.303523 14.872518 22.459703
vn -50.555071 -68.056507 53.032969
vn -50.555071 -68.056507 53.032969
vn -50.555071 -68.056507 53.032969
vn -99.528620 -9.585030 -1.476990
vn -99.528620 -9.585030 -1.476990
vn -99.528620 -9.585030 -1.476990
vn -82.208500 2.393959 56.886113
vn -82.208500 2.393959 56.886113
vn -82.208500 2.393959 56.886113
vn -7.051788 1.480440 -99.740065
vn -7.051788 1.480440 -99.740065
vn -7.051788 1.480440 -99.740065
vn 9.202668 54.572501 83.289576
vn 9.202668 54.572501 83.289576
vn 9.202668 54.572501 83.289576
vn 52.892627 19.808493 -82.522673
vn 52.892627 19.808493 -82.522673
vn 52.892627 19.808493 -82.522673
vn 90.444802 -41.782880 -8.598135
vn 90.444802 -41.782880 -8.598135
vn 90.444802 -41.782880 -8.598135
vn 8.845616 5.099796 99.477369
vn 8.845616 5.099796 99.477369
vn 8.845616 5.099796 99.477369
vn -92.363889 -37.608137 7.385023
vn -92.363889 -37.608137 7.385023
vn -92.363889 -37.608137 7.385023
vn -61.932227 -22.475149 75.228092
vn -61.932227 -22.475149 75.228092
vn -61.932227 -22.475149 75.228092
vn 51.542841 -31.299097 -79.772819
vn 51.542841 -31.299097 -79.772819
vn 51.542841 -31.299097 -79.772819
vn 23.490429 2.433761 -97.171373
vn 23.490429 2.433761 -97.171373
vn 23.490429 2.433761 -97.171373
vn 14.415692 45.084082 88.088660
vn 14.415692 45.084082 88.088660
vn 14.415692 45.084082 88.088660
vn -37.689291 -38.309676 84.331995
vn -37.689291 -38.309676 84.331995
vn -37.689291 -38.309676 84.331995
vn 84.342154 28.528710 45.524851
vn 84.342154 28.528710 45.524851
vn 84.342154 28.528710 45.524851
vn 86.939271 47.268566 -14.395984
vn 86.939271 47.268566 -14.395984
vn 86.939271 47.268566 -14.395984
vn -65.261216 -45.102369 60.883091
vn -65.261216 -45.102369 60.883091
vn -65.261216 -45.102369 60.883091
vn -60.993602 -5.772574 -79.034535
vn -60.993602 -5.772574 -79.034535
vn -60.993602 -5.772574 -79.034535
vn 74.262485 -2.356239 66.929306
vn 74.262485 -2.356239 66.929306
vn 74.262485 -2.356239 66.929306
vn -22.205086 -59.073759 -77.570774
vn -22.205086 -59.073759 -77.570774
vn -22.205086 -59.073759 -77.570774
vn -85.625839 47.743503 19.717368
vn -85.625839 47.743503 19.717368
vn -85.625839 47.743503 19.717368
vn -50.048080 37.342808 -78.107006
vn -50.048080 37.342808 -78.107006
vn -50.048080 37.342808 -78.107006
vn 39.064400 -42.338904 -81.739768
vn 39.064400 -42.338904 -81.739768
vn 39.064400 -42.338904 -81.739768
vn -79.996418 8.927266 -59.336980
vn -79.996418 8.927266 -59.336980
vn -79.996418 8.927266 -59.336980
vn -16.332019 -2.335029 -98.629668
vn -16.332019 -2.335029 -98.629668
vn -16.332019 -2.335029 -98.629668
vn 93.863136 -22.982703 25.719739
vn 93.863136 -22.982703 25.719739
vn 93.863136 -22.982703 25.719739
vn -4.581841 31.454891 -94.813477
vn -4.581841 31.454891 -94.813477
vn -4.581841 31.454891 -94.813477
vn 65.166820 11.107946 75.032656
vn 65.166820 11.107946 75.032656
vn 65.166820 11.107946 75.032656
vn 74.016469 34.862623 57.499213
vn 74.016469 34.862623 57.499213
vn 74.016469 34.862623 57.499213
vn 21.339740 8.283025 -97.344778
vn 21.339740 8.283025 -97.344778
vn 21.339740 8.283025 -97.344778
vn -62.251108 -78.260757 0.233170
vn -62.251108 -78.260757 0.233170
vn -62.251108 -78.260757 0.233170
vn -74.848184 -23.242058 -62.109211
vn -74.848184 -23.242058 -62.109211
vn -74.848184 -23.242058 -62.109211
vn -90.080050 25.242288 35.332868
vn -90.080050 25.242288 35.332868
vn -90.080050 25.242288 35.332868
vn 44.523372 -51.281822 73.401929
vn 44.523372 -51.281822 73.401929
vn 44.523372 -51.281822 73.401929
vn -98.036870 5.269363 19.000162
vn -98.036870 5.269363 19.000162
vn -98.036870 5.269363 19.000162
vn -22.383110 -94.820259 22.541382
vn -22.383110 -94.820259 22.541382
vn -22.383110 -94.820259 22.541382
vn -85.629903 10.743251 -50.518343
vn -85.629903 10.743251 -50.518343
vn -85.629903 10.743251 -50.518343
vn 23.338879 -52.785950 81.663571
vn 23.338879 -52.785950 81.663571
vn 23.338879 -52.785950 81.663571
vn -59.169060 -57.942329 -56.050946
vn -59.169060 -57.942329 -56.050946
vn -59.169060 -57.942329 -56.050946
vn 65.072621 -7.185532 75.590490
vn 65.072621 -7.185532 75.590490
vn 65.072621 -7.185532 75.590490
vn -78.633048 15.995669 59.673951
vn -78.633048 15.995669 59.673951
vn -78.633048 15.995669 59.673951
vn -74.498298 9.463233 66.033715
vn -74.498298 9.463233 66.033715
vn -74.498298 9.463233 66.033715
vn -89.200617 44.965947 -4.616795
vn -89.200617 44.965947 -4.616795
vn -89.200617 44.965947 -4.616795
vn -82.554254 5.217827 56.192253
vn -82.554254 5.217827 56.192253
vn -82.554254 5.217827 56.192253
vn -6.255198 -8.171196 -99.469111
vn -6.255198 -8.171196 -99.469111
vn -6.255198 -8.171196 -99.469111
vn -82.566558 -0.110687 56.415859
vn -82.566558 -0.110687 56.415859
vn -82.566558 -0.110687 56.415859
vn -74.919292 -42.826560 -50.527054
vn -74.919292 -42.826560 -50.527054
vn -74.919292 -42.826560 -50.527054
vn -28.463833 77.336365 -56.647116
vn -28.463833 77.336365 -56.647116
vn -28.463833 77.336365 -56.647116
vn 85.554798 12.418447 50.260913
vn 85.554798 12.418447 50.260913
vn 85.554798 12.418447 50.260913
vn -39.119130 56.362443 72.752780
vn -39.119130 56.362443 72.752780
vn -39.119130 56.362443 72.752780
vn 47.370942 -28.713596 83.255774
vn 47.370942 -28.713596 83.255774
vn 47.370942 -28.713596 83.255774
vn -79.316967 15.003261 59.023056
vn -79.316967 15.003261 59.023056
vn -79.316967 15.003261 59.023056
vn -16.419158 -72.393246 -67.004702
vn -16.419158 -72.393246 -67.004702
vn -16.419158 -72.393246 -67.004702
vn -62.290525 31.280898 -71.703521
vn -62.290525 31.280898 -71.703521
vn -62.290525 31.280898 -71.703521
vn 4.040756 -61.371031 -78.849653
vn 4.040756 -61.371031 -78.849653
vn 4.040756 -61.371031 -78.849653
vn -41.620160 77.717484 -47.199113
vn -41.620160 77.717484 -47.199113
vn -41.620160 77.717484 -47.199113
vn 34.300182 -39.365955 -85.286685
vn 34.300182 -39.365955 -85.286685
vn 34.300182 -39.365955 -85.286685
vn -17.562167 18.658330 96.661459
vn -17.562167 18.658330 96.661459
vn -17.562167 18.658330 96.661459
vn -70.449643 65.035039 28.412856
vn -70.449643 65.035039 28.412856
vn -70.449643 65.035039 28.412856
vn -47.328710 -19.121337 -85.990507
vn -47.328710 -19.121337 -85.990507
vn -47.328710 -19.121337 -85.990507
vn 10.006554 -20.493324 -97.364746
vn 10.006554 -20.493324 -97.364746
vn 10.006554 -20.493324 -97.364746
vn -90.040463 41.024413 -14.481413
vn -90.040463 41.024413 -14.481413
vn -90.040463 41.024413 -14.481413
vn 40.553213 90.637831 11.841438
vn 40.553213 90.637831 11.841438
vn 40.553213 90.637831 11.841438
vn 11.331926 99.004423 8.349332
vn 11.331926 99.004423 8.349332
vn 11.331926 99.004423 8.349332
vn -60.645076 50.157918 -61.695684
vn -60.645076 50.157918 -61.695684
vn -60.645076 50.157918 -61.695684
vn -19.190503 -70.008739 68.778638
vn -19.190503 -70.008739 68.778638
vn -19.190503 -70.008739 68.778638
vn 11.712213 59.240218 -79.708348
vn 11.712213 59.240218 -79.708348
vn 11.712213 59.240218 -79.708348
vn 34.452507 66.140777 66.621472
vn 34.452507 66.140777 66.621472
vn 34.452507 66.140777 66.621472
vn -92.675195 -37.369814 -3.847679
vn -92.675195 -37.369814 -3.847679
vn -92.675195 -37.369814 -3.847679
vn -82.361333 -19.823238 53.138035
vn -82.361333 -19.823238 53.138035
vn -82.361333 -19.823238 53.138035
vn -87.526309 44.028190 20.016559
vn -87.526309 44.028190 20.016559
vn -87.526309 44.028190 20.016559
vn 78.367071 7.178924 -61.701421
vn 78.367071 7.178924 -61.701421
vn 78.367071 7.178924 -61.701421
vn 42.407238 11.624001 -89.813738
vn 42.407238 11.624001 -89.813738
vn 42.407238 11.624001 -89.813738
vn -62.227277 78.269343 1.294456
vn -62.227277 78.269343 1.294456
vn -62.227277 78.269343 1.294456
vn -30.146025 -29.548363 90.653795
vn -30.146025 -29.548363 90.653795
vn -30.146025 -29.548363 90.653795
vn -92.528693 -20.778409 -31.728486
vn -92.528693 -20.778409 -31.728486
vn -92.528693 -20.778409 -31.728486
vn -94.590878 -24.807167 -20.908610
vn -94.590878 -24.807167 -20.908610
vn -94.590878 -24.807167 -20.908610
vn 18.811388 1.822075 -98.197815
vn 18.811388 1.822075 -98.197815
vn 18.811388 1.822075 -98.197815
vn 27.112393 38.955702 -88.019148
vn 27.112393 38.955702 -88.019148
vn 27.112393 38.955702 -88.019148
vn -87.148369 -6.064425 -48.666042
vn -87.148369 -6.064425 -48.666042
vn -87.148369 -6.064425 -48.666042
vn -77.784747 53.301508 33.293876
vn -77.784747 53.301508 33.293876
vn -77.784747 53.301508 33.293876
vn 30.625850 19.638537 93.147118
vn 30.625850 19.638537 93.147118
vn 30.625850 19.638537 93.147118
vn 95.101691 -13.447163 27.835971
vn 95.101691 -13.447163 27.835971
vn 95.101691 -13.447163 27.835971
vn 37.490930 -89.497731 -24.178219
vn 37.490930 -89.497731 -24.178219
vn 37.490930 -89.497731 -24.178219
vn -22.328424 -74.621684 -62.714005
vn -22.328424 -74.621684 -62.714005
vn -22.328424 -74.621684 -62.714005
vn -34.172125 33.329045 87.871722
vn -34.172125 33.329045 87.871722
vn -34.172125 33.329045 87.871722
vn -27.837333 -52.571041 -80.382646
vn -27.837333 -52.571041 -80.382646
vn -27.837333 -52.571041 -80.382646
vn 64.779801 -74.411372 16.325567
vn 64.779801 -74.411372 16.325567
vn 64.779801 -74.411372 16.325567
vn 99.100214 -10.760410 -7.960006
vn 99.100214 -10.760410 -7.960006
vn 99.100214 -10.760410 -7.960006
vn -50.731375 50.584113 69.768013
vn -50.731375 50.584113 69.768013
vn -50.731375 50.584113 69.768013
vn 77.405035 -16.579008 61.103167
vn 77.405035 -16.579008 61.103167
vn 77.405035 -16.579008 61.103167
vn 94.686823 29.729321 -12.270762
vn 94.686823 29.729321 -12.270762
vn 94.686823 29.729321 -12.270762
vn -87.632796 -18.869366 44.321999
vn -87.632796 -18.869366 44.321999
vn -87.632796 -18.869366 44.321999
vn 44.835816 22.635996 -86.471739
vn 44.835816 22.635996 -86.471739
vn 44.835816 22.635996 -86.471739
vn 31.864563 -38.138487 -86.776177
vn 31.864563 -38.138487 -86.776177
vn 31.864563 -38.138487 -86.776177
vn -29.556814 31.221171 -90.286390
vn -29.556814 31.221171 -90.286390
vn -29.556814 31.221171 -90.286390
vn -80.026608 -47.133943 37.069288
vn -80.026608 -47.133943 37.069288
vn -80.026608 -47.133943 37.069288
vn 88.329604 33.048226 -33.252008
vn 88.329604 33.048226 -33.252008
vn 88.329604 33.048226 -33.252008
vn -3.598613 -51.379832 -85.715591
vn -3.598613 -51.379832 -85.715591
vn -3.598613 -51.379832 -85.715591
vn -94.158623 -24.318663 23.297099
vn -94.158623 -24.318663 23.297099
vn -94.158623 -24.318663 23.297099
vn -66.220566 22.189788 -71.571285
vn -66.220566 22.189788 -71.571285
vn -66.220566 22.189788 -71.571285
vn 19.754249 -48.863242 -84.983248
vn 19.754249 -48.863242 -84.983248
vn 19.754249 -48.863242 -84.983248
vn 93.757972 19.081303 29.074832
vn 93.757972 19.081303 29.074832
vn 93.757972 19.081303 29.074832
vn -40.450735 -91.437838 -1.691384
vn -40.450735 -91.437838 -1.691384
vn -40.450735 -91.437838 -1.691384
vn 72.163726 1.085382 -69.218619
vn 72.163726 1.085382 -69.218619
vn 72.163726 1.085382 -69.218619
vn -39.064240 -38.882563 -83.439389
vn -39.064240 -38.882563 -83.439389
vn -39.064240 -38.882563 -83.439389
vn -97.678424 -15.139353 -15.156644
vn -97.678424 -15.139353 -15.156644
vn -97.678424 -15.139353 -15.156644
vn -41.074617 25.162998 -87.633885
vn -41.074617 25.162998 -87.633885
vn -41.074617 25.162998 -87.633885
vn -14.335657 -87.175921 46.849208
vn -14.335657 -87.175921 46.849208
vn -14.335657 -87.175921 46.849208
vn 61.300930 -78.964083 -2.621002
vn 61.300930 -78.964083 -2.621002
vn 61.300930 -78.964083 -2.621002
vn 92.035001 23.939513 -30.926645
vn 92.035001 23.939513 -30.926645
vn 92.035001 23.939513 -30.926645
vn 9.544330 46.869018 -87.819129
vn 9.544330 46.869018 -87.819129
vn 9.544330 46.869018 -87.819129
vn -78.389663 24.109790 57.216951
vn -78.389663 24.109790 57.216951
vn -78.389663 24.109790 57.216951
vn -52.814566 -77.665050 34.333091
vn -52.814566 -77.665050 34.333091
vn -52.814566 -77.665050 34.333091
vn 55.477165 -11.799031 82.359379
vn 55.477165 -11.799031 82.359379
vn 55.477165 -11.799031 82.359379
vn -64.914698 -48.778833 -58.366996
vn -64.914698 -48.778833 -58.366996
vn -64.914698 -48.778833 -58.366996
vn -99.528239 7.424457 6.245652
vn -99.528239 7.424457 6.245652
vn -99.528239 7.424457 6.245652
vn -99.670500 0.493733 -8.096064
vn -99.670500 0.493733 -8.096064
vn -99.670500 0.493733 -8.096064
vn -86.698068 -30.184861 39.652467
vn -86.698068 -30.184861 39.652467
vn -86.698068 -30.184861 39.652467
vn -20.432104 -9.349193 -97.442912
vn -20.432104 -9.349193 -97.442912
vn -20.432104 -9.349193 -97.442912
vn -79.755892 43.113200 42.193016
vn -79.755892 43.113200 42.193016
vn -79.755892 43.113200 42.193016
vn -59.306703 78.365359 -18.482075
vn -59.306703 78.365359 -18.482075
vn -59.306703 78.365359 -18.482075
vn 6.558354 32.696848 -94.275674
vn 6.558354 32.696848 -94.275674
vn 6.558354 32.696848 -94.275674
vn 37.469842 28.780082 -88.134653
vn 37.469842 28.780082 -88.134653
vn 37.469842 28.780082 -88.134653
vn 34.166074 8.870253 -93.562792
vn 34.166074 8.870253 -93.562792
vn 34.166074 8.870253 -93.562792
vn -97.938078 20.124931 -1.766349
vn -97.938078 20.124931 -1.766349
vn -97.938078 20.124931 -1.766349
vn 80.701001 -52.876866 -26.294195
vn 80.701001 -52.876866 -26.294195
vn 80.701001 -52.876866 -26.294195
vn 8.872842 53.143814 84.243735
vn 8.872842 53.143814 84.243735
vn 8.872842 53.143814 84.243735
vn 33.352857 -16.025763 -92.901889
vn 33.352857 -16.025763 -92.901889
vn 33.352857 -16.025763 -92.901889
vn 74.742504 -4.587115 -66.276061
vn 74.742504 -4.587115 -66.276061
vn 74.742504 -4.587115 -66.276061
vn -13.891542 -6.685913 -98.804462
vn -13.891542 -6.685913 -98.804462
vn -13.891542 -6.685913 -98.804462
vn 97.675204 6.506814 -20.425825
vn 97.675204 6.506814 -20.425825
vn 97.675204 6.506814 -20.425825
vn -6.702137 61.345706 78.687895
vn -6.702137 61.345706 78.687895
vn -6.702137 61.345706 78.687895
vn 96.287706 8.870047 25.495052
vn 96.287706 8.870047 25.495052
vn 96.287706 8.870047 25.495052
vn 85.044272 5.268278 52.342305
vn 85.044272 5.268278 52.342305
vn 85.044272 5.268278 52.342305
vn -48.157869 5.696911 87.454930
vn -48.157869 5.696911 87.454930
vn -48.157869 5.696911 87.454930
vn 33.812765 11.011679 -93.463570
vn 33.812765 11.011679 -93.463570
vn 33.812765 11.011679 -93.463570
vn -92.280097 11.296706 -36.834314
vn -92.280097 11.296706 -36.834314
vn -92.280097 11.296706 -36.834314
vn 11.785197 4.939769 99.180175
vn 11.785197 4.939769 99.180175
vn 11.785197 4.939769 99.180175
vn 12.481070 -18.175713 -97.539043
vn 12.481070 -18.175713 -97.539043
vn 12.481070 -18.175713 -97.539043
vn -18.069948 90.852773 -37.672965
vn -18.069948 90.852773 -37.672965
vn -18.069948 90.852773 -37.672965
vn -16.386646 -48.342176 -85.991346
vn -16.386646 -48.342176 -85.991346
vn -16.386646 -48.342176 -85.991346
vn -29.941328 -88.362041 35.995361
vn -29.941328 -88.362041 35.995361
vn -29.941328 -88.362041 35.995361
vn 24.316375 36.947729 89.686002
vn 24.316375 36.947729 89.686002
vn 24.316375 36.947729 89.686002
vn 90.665569 -41.426087 -7.977094
vn 90.665569 -41.426087 -7.977094
vn 90.665569 -41.426087 -7.977094
vn -57.012859 -80.228689 -17.688741
vn -57.012859 -80.228689 -17.688741
vn -57.012859 -80.228689 -17.688741
vn 41.606863 10.872432 -90.281000
vn 41.606863 10.872432 -90.281000
vn 41.606863 10.872432 -90.281000
vn -29.432118 1.298181 -95.561838
vn -29.432118 1.298181 -95.561838
vn -29.432118 1.298181 -95.561838
vn 43.327949 -11.760146 -89.355398
vn 43.327949 -11.760146 -89.355398
vn 43.327949 -11.760146 -89.355398
vn 14.032003 95.523016 -26.047231
vn 14.032003 95.523016 -26.047231
vn 14.032003 95.523016 -26.047231
vn -35.483050 -25.620777 89.914003
vn -35.483050 -25.620777 89.914003
vn -35.483050 -25.620777 89.914003
vn 68.195247 37.703139 62.672805
vn 68.195247 37.703139 62.672805
vn 68.195247 37.703139 62.672805
vn 6.189862 14.062895 98.812557
vn 6.189862 14.062895 98.812557
vn 6.189862 14.062895 98.812557
vn -3.812905 -7.550342 -99.641628
vn -3.812905 -7.550342 -99.641628
vn -3.812905 -7.550342 -99.641628
vn 95.066860 30.434721 6.001671
vn 95.066860 30.434721 6.001671
vn 95.066860 30.434721 6.001671
vn -32.543642 -35.514820 -87.633381
vn -32.543642 -35.514820 -87.633381
vn -32.543642 -35.514820 -87.633381
vn -87.803985 22.382215 -42.302426
vn -87.803985 22.382215 -42.302426
vn -87.803985 22.382215 -42.302426
vn -64.336637 37.132945 -66.947306
vn -64.336637 37.132945 -66.947306
vn -64.336637 37.132945 -66.947306
vn -32.028891 -57.627780 75.187687
vn -32.028891 -57.627780 75.187687
vn -32.028891 -57.627780 75.187687
vn -55.354013 3.301795 -83.216767
vn -55.354013 3.301795 -83.216767
vn -55.354013 3.301795 -83.216767
vn 60.552853 -54.927808 -57.587211
vn 60.552853 -54.927808 -57.587211
vn 60.552853 -54.927808 -57.587211
vn 36.487014 34.019426 -86.668196
vn 36.487014 34.019426 -86.668196
vn 36.487014 34.019426 -86.668196
vn -95.876346 -1.122499 28.398335
vn -95.876346 -1.122499 28.398335
vn -95.876346 -1.122499 28.398335
vn 63.938662 12.279355 75.901668
vn 63.938662 12.279355 75.901668
vn 63.938662 12.279355 75.901668
vn -56.442112 -16.508208 80.881191
vn -56.442112 -16.508208 80.881191
vn -56.442112 -16.508208 80.881191
vn -14.988155 -46.148651 -87.439456
vn -14.988155 -46.148651 -87.439456
vn -14.988155 -46.148651 -87.439456
vn -57.865727 -12.625128 -80.573957
vn -57.865727 -12.625128 -80.573957
vn -57.865727 -12.625128 -80.573957
vn 96.602357 -13.382378 -22.110990
vn 96.602357 -13.382378 -22.110990
vn 96.602357 -13.382378 -22.110990
vn 99.345998 -3.234552 -10.950382
vn 99.345998 -3.234552 -10.950382
vn 99.345998 -3.234552 -10.950382
vn -65.916247 -1.974756 -75.174118
vn -65.916247 -1.974756 -75.174118
vn -65.916247 -1.974756 -75.174118
vn 10.432317 -98.719037 12.071379
vn 10.432317 -98.719037 12.071379
vn 10.432317 -98.719037 12.071379
vn -10.584350 96.994424 -21.910107
vn -10.584350 96.994424 -21.910107
vn -10.584350 96.994424 -21.910107
vn 95.578615 -17.987497 -23.263235
vn 95.578615 -17.987497 -23.263235
vn 95.578615 -17.987497 -23.263235
vn -5.475969 -98.901707 -13.728320
vn -5.475969 -98.901707 -13.728320
vn -5.475969 -98.901707 -13.728320
vn -95.164408 -22.346427 21.080119
vn -95.164408 -22.346427 21.080119
vn -95.164408 -22.346427 21.080119
vn -48.223277 -84.848413 -21.800525
vn -48.223277 -84.848413 -21.800525
vn -48.223277 -84.848413 -21.800525
vn -66.127362 -74.715288 -6.693080
vn -66.127362 -74.715288 -6.693080
vn -66.127362 -74.715288 -6.693080
vn 58.514839 -71.226295 38.766326
vn 58.514839 -71.226295 38.766326
vn 58.514839 -71.226295 38.766326
vn -98.502517 16.295927 -5.630016
vn -98.502517 16.295927 -5.630016
vn -98.502517 16.295927 -5.630016
vn 11.812633 -6.692598 -99.074058
vn 11.812633 -6.692598 -99.074058
vn 11.812633 -6.692598 -99.074058
vn -9.713271 99.512017 -1.735191
vn -9.713271 99.512017 -1.735191
vn -9.713271 99.512017 -1.735191
vn -23.224124 41.793512 87.829043
vn -23.224124 41.793512 87.829043
vn -23.224124 41.793512 87.829043
vn -85.460077 17.441818 -48.911740
vn -85.460077 17.441818 -48.911740
vn -85.460077 17.441818 -48.911740
vn 11.577690 -20.229023 97.245785
vn 11.577690 -20.229023 97.245785
vn 11.577690 -20.229023 97.245785
vn 15.213190 -97.543103 15.934316
vn 15.213190 -97.543103 15.934316
vn 15.213190 -97.543103 15.934316
vn 49.750457 -15.839613 -85.287737
vn 49.750457 -15.839613 -85.287737
vn 49.750457 -15.839613 -85.287737
vn 51.858720 -42.304245 -74.303584
vn 51.858720 -42.304245 -74.303584
vn 51.858720 -42.304245 -74.303584
vn 97.058461 22.749355 -7.881705
vn 97.058461 22.749355 -7.881705
vn 97.058461 22.749355 -7.881705
vn 74.910760 33.321037 -57.254565
vn 74.910760 33.321037 -57.254565
vn 74.910760 33.321037 -57.254565
vn 78.343713 58.874065 -19.902427
vn 78.343713 58.874065 -19.902427
vn 78.343713 58.874065 -19.902427
vn -99.351217 10.420969 4.553979
vn -99.351217 10.420969 4.553979
vn -99.351217 10.420969 4.553979
vn -55.297616 13.226221 -82.263232
vn -55.297616 13.226221 -82.263232
vn -55.297616 13.226221 -82.263232
vn 1.668099 -61.529473 78.812059
vn 1.668099 -61.529473 78.812059
vn 1.668099 -61.529473 78.812059
vn -98.759907 -15.630426 1.473331
vn -98.759907 -15.630426 1.473331
vn -98.759907 -15.630426 1.473331
vn -98.379882 8.810506 15.613266
vn -98.379882 8.810506 15.613266
vn -98.379882 8.810506 15.613266
vn -39.501819 -5.763788 -91.686335
vn -39.501819 -5.763788 -91.686335
vn -39.501819 -5.763788 -91.686335
vn 90.576291 19.882935 -37.424653
vn 90.576291 19.882935 -37.424653
vn 90.576291 19.882935 -37.424653
vn -27.495638 71.902781 -63.827737
vn -27.495638 71.902781 -63.827737
vn -27.495638 71.902781 -63.827737
vn -81.189226 26.049314 52.246925
vn -81.189226 26.049314 52.246925
vn -81.189226 26.049314 52.246925
vn 89.458229 43.098211 -11.822416
vn 89.458229 43.098211 -11.822416
vn 89.458229 43.098211 -11.822416
vn 94.270227 20.241312 26.521940
vn 94.270227 20.241312 26.521940
vn 94.270227 20.241312 26.521940
vn 48.658933 79.510726 -36.198795
vn 48.658933 79.510726 -36.198795
vn 48.658933 79.510726 -36.198795
vn 83.290026 21.654138 -50.930045
vn 83.290026 21.654138 -50.930045
vn 83.290026 21.654138 -50.930045
vn 74.728770 32.004663 58.234976
vn 74.728770 32.004663 58.234976
vn 74.728770 32.004663 58.234976
vn 5.715645 6.166037 99.645923
vn 5.715645 6.166037 99.645923
vn 5.715645 6.166037 99.645923
vn 21.083933 43.003507 87.784764
vn 21.083933 43.003507 87.784764
vn 21.083933 43.003507 87.784764
vn -39.996575 -25.154287 -88.133629
vn -39.996575 -25.154287 -88.133629
vn -39.996575 -25.154287 -88.133629
vn -70.483874 -26.518679 -65.793485
vn -70.483874 -26.518679 -65.793485
vn -70.483874 -26.518679 -65.793485
vn 61.550387 -21.754562 -75.751482
vn 61.550387 -21.754562 -75.751482
vn 61.550387 -21.754562 -75.751482
vn 95.094343 30.411798 5.673439
vn 95.094343 30.411798 5.673439
vn 95.094343 30.411798 5.673439
vn -8.096430 13.102704 -98.806716
vn -8.096430 13.102704 -98.806716
vn -8.096430 13.102704 -98.806716
vn 65.749273 -24.715717 -71.177000
vn 65.749273 -24.715717 -71.177000
vn 65.749273 -24.715717 -71.177000
vn -80.928787 -3.869085 58.613658
vn -80.928787 -3.869085 58.613658
vn -80.928787 -3.869085 58.613658
vn 50.201696 79.335584 -34.433332
vn 50.201696 79.335584 -34.433332
vn 50.201696 79.335584 -34.433332
vn 99.834038 1.695638 5.503498
vn 99.834038 1.695638 5.503498
vn 99.834038 1.695638 5.503498
vn 56.670368 2.372336 82.357994
vn 56.670368 2.372336 82.357994
vn 56.670368 2.372336 82.357994
vn -64.555310 74.976478 -14.530646
vn -64.555310 74.976478 -14.530646
vn -64.555310 74.976478 -14.530646
vn -91.189034 35.299846 -20.939905
vn -91.189034 35.299846 -20.939905
vn -91.189034 35.299846 -20.939905
vn -83.895680 47.506413 26.545348
vn -83.895680 47.506413 26.545348
vn -83.895680 47.506413 26.545348
vn 24.501207 -79.955363 54.834588
vn 24.501207 -79.955363 54.834588
vn 24.501207 -79.955363 54.834588
vn 56.470813 15.472143 81.065773
vn 56.470813 15.472143 81.065773
vn 56.470813 15.472143 81.065773
vn 9.469861 -97.024877 -22.282197
vn 9.469861 -97.024877 -22.282197
vn 9.469861 -97.024877 -22.282197
vn 73.138830 -64.088350 -23.310833
vn 73.138830 -64.088350 -23.310833
vn 73.138830 -64.088350 -23.310833
vn 61.610119 -42.544899 -66.288201
vn 61.610119 -42.544899 -66.288201
vn 61.610119 -42.544899 -66.288201
vn -47.063301 3.611144 88.158975
vn -47.063301 3.611144 88.158975
vn -47.063301 3.611144 88.158975
vn 75.651825 -25.899629 -60.050070
vn 75.651825 -25.899629 -60.050070
vn 75.651825 -25.899629 -60.050070
vn -73.452487 33.748066 -58.871033
vn -73.452487 33.748066 -58.871033
vn -73.452487 33.748066 -58.871033
vn 59.466783 35.348173 -72.209471
vn 59.466783 35.348173 -72.209471
vn 59.466783 35.348173 -72.209471
vn 18.252012 34.153642 92.197568
vn 18.252012 34.153642 92.197568
vn 18.252012 34.153642 92.197568
vn 92.233032 25.290237 29.214240
vn 92.233032 25.290237 29.214240
vn 92.233032 25.290237 29.214240
vn -87.077206 19.965313 44.932685
vn -87.077206 19.965313 44.932685
vn -87.077206 19.965313 44.932685
vn 35.446736 40.304664 -84.374537
vn 35.446736 40.304664 -84.374537
vn 35.446736 40.304664 -84.374537
vn 16.965538 12.150744 97.798412
vn 16.965538 12.150744 97.798412
vn 16.965538 12.150744 97.798412
vn 51.665557 -68.729614 -51.057905
vn 51.665557 -68.729614 -51.057905
vn 51.665557 -68.729614 -51.057905
vn 60.311484 79.693063 -3.397273
vn 60.311484 79.693063 -3.397273
vn 60.311484 79.693063 -3.397273
vn -24.860140 30.564969 91.911667
vn -24.860140 30.564969 91.911667
vn -24.860140 30.564969 91.911667
vn 80.855544 55.910480 -18.341160
vn 80.855544 55.910480 -18.341160
vn 80.855544 55.910480 -18.341160
vn -37.342388 59.937250 70.803056
vn -37.342388 59.937250 70.803056
vn -37.342388 59.937250 70.803056
vn 1.051069 52.417865 85.154338
vn 1.051069 52.417865 85.154338
vn 1.051069 52.417865 85.154338
vn -91.907888 3.877654 39.216108
vn -91.907888 3.877654 39.216108
vn -91.907888 3.877654 39.216108
vn -26.215286 16.723008 -95.042621
vn -26.215286 16.723008 -95.042621
vn -26.215286 16.723008 -95.042621
vn -85.734607 -7.934583 -50.858814
vn -85.734607 -7.934583 -50.858814
vn -85.734607 -7.934583 -50.858814
vn -94.762640 -22.587961 22.579299
vn -94.762640 -22.587961 22.579299
vn -94.762640 -22.587961 22.579299
vn -95.220885 -23.069716 20.019263
vn -95.220885 -23.069716 20.019263
vn -95.220885 -23.069716 20.019263
vn 45.520598 21.583314 86.383075
vn 45.520598 21.583314 86.383075
vn 45.520598 21.583314 86.383075
vn -92.955740 -23.691751 28.247645
vn -92.955740 -23.691751 28.247645
vn -92.955740 -23.691751 28.247645
vn -65.341814 24.656356 -71.571718
vn -65.341814 24.656356 -71.571718
vn -65.341814 24.656356 -71.571718
vn -85.089413 -52.015281 -7.362163
vn -85.089413 -52.015281 -7.362163
vn -85.089413 -52.015281 -7.362163
vn 24.130965 -40.080150 88.381442
vn 24.130965 -40.080150 88.381442
vn 24.130965 -40.080150 88.381442
vn -20.526735 81.165704 54.688035
vn -20.526735 81.165704 54.688035
vn -20.526735 81.165704 54.688035
vn -65.647029 39.883735 -64.029325
vn -65.647029 39.883735 -64.029325
vn -65.647029 39.883735 -64.029325
vn -17.034255 5.756614 98.370199
vn -17.034255 5.756614 98.370199
vn -17.034255 5.756614 98.370199
vn 90.484848 -4.589560 42.325250
vn 90.484848 -4.589560 42.325250
vn 90.484848 -4.589560 42.325250
vn 38.902283 -90.421155 -17.624630
vn 38.902283 -90.421155 -17.624630
vn 38.902283 -90.421155 -17.624630
vn -35.660485 -23.569407 -90.403609
vn -35.660485 -23.569407 -90.403609
vn -35.660485 -23.569407 -90.403609
vn -29.323506 -27.441261 -91.581158
vn -29.323506 -27.441261 -91.581158
vn -29.323506 -27.441261 -91.581158
vn 57.187300 13.994514 80.831706
vn 57.187300 13.994514 80.831706
vn 57.187300 13.994514 80.831706
vn -91.602823 15.252219 37.098405
vn -91.602823 15.252219 37.098405
vn -91.602823 15.252219 37.098405
vn -95.844457 -28.363269 -3.060028
vn -95.844457 -28.363269 -3.060028
vn -95.844457 -28.363269 -3.060028
vn 31.968140 -34.291106 88.329818
vn 31.968140 -34.291106 88.329818
vn 31.968140 -34.291106 88.329818
vn 37.520829 -17.581320 -91.011446
vn 37.520829 -17.581320 -91.011446
vn 37.520829 -17.581320 -91.011446
vn -94.818906 -29.414755 -12.006116
vn -94.818906 -29.414755 -12.006116
vn -94.818906 -29.414755 -12.006116
vn 15.255750 -60.064564 78.482544
vn 15.255750 -60.064564 78.482544
vn 15.255750 -60.064564 78.482544
vn -55.675679 4.669645 -82.936197
vn -55.675679 4.669645 -82.936197
vn -55.675679 4.669645 -82.936197
vn -85.032931 48.369933 20.730432
vn -85.032931 48.369933 20.730432
vn -85.032931 48.369933 20.730432
vn -30.316473 -44.128136 -84.460750
vn -30.316473 -44.128136 -84.460750
vn -30.316473 -44.128136 -84.460750
vn -80.073500 -14.932404 -58.010830
vn -80.073500 -14.932404 -58.010830
vn -80.073500 -14.932404 -58.010830
vn -98.194421 10.867694 15.483815
vn -98.194421 10.867694 15.483815
vn -98.194421 10.867694 15.483815
vn -98.920727 3.865078 14.133247
vn -98.920727 3.865078 14.133247
vn -98.920727 3.865078 14.133247
vn -99.865442 5.175618 0.327325
vn -99.865442 5.175618 0.327325
vn -99.865442 5.175618 0.327325
vn 95.092327 -6.740429 30.199583
vn 95.092327 -6.740429 30.199583
vn 95.092327 -6.740429 30.199583
vn 97.619682 -1.545642 21.633482
vn 97.619682 -1.545642 21.633482
vn 97.619682 -1.545642 21.633482
vn -87.304395 25.461639 41.589029
vn -87.304395 25.461639 41.589029
vn -87.304395 25.461639 41.589029
vn 98.686630 -8.854541 -13.510934
vn 98.686630 -8.854541 -13.510934
vn 98.686630 -8.854541 -13.510934
vn -31.287587 -60.596086 73.138236
vn -31.287587 -60.596086 73.138236
vn -31.287587 -60.596086 73.138236
vn -22.528505 58.128809 -78.188931
vn -22.528505 58.128809 -78.188931
vn -22.528505 58.128809 -78.188931
vn -93.834732 -4.408383 34.287151
vn -93.834732 -4.408383 34.287151
vn -93.834732 -4.408383 34.287151
vn -91.614393 3.541936 39.928144
vn -91.614393 3.541936 39.928144
vn -91.614393 3.541936 39.928144
vn 67.900106 32.217867 65.966535
vn 67.900106 32.217867 65.966535
vn 67.900106 32.217867 65.966535
vn 50.742526 30.100682 80.741213
vn 50.742526 30.100682 80.741213
vn 50.742526 30.100682 80.741213
vn -75.363571 29.698739 -58.637173
vn -75.363571 29.698739 -58.637173
vn -75.363571 29.698739 -58.637173
vn -71.693194 -65.219416 -24.627503
vn -71.693194 -65.219416 -24.627503
vn -71.693194 -65.219416 -24.627503
vn 54.303995 -1.348664 -83.959848
vn 54.303995 -1.348664 -83.959848
vn 54.303995 -1.348664 -83.959848
vn -96.033371 -26.654610 -8.192916
vn -96.033371 -26.654610 -8.192916
vn -96.033371 -26.654610 -8.192916
vn -90.226956 42.258230 -8.563700
vn -90.226956 42.258230 -8.563700
vn -90.226956 42.258230 -8.563700
vn -90.626126 -3.636022 -42.115119
vn -90.626126 -3.636022 -42.115119
vn -90.626126 -3.636022 -42.115119
vn 79.901449 15.613272 58.068791
vn 79.901449 15.613272 58.068791
vn 79.901449 15.613272 58.068791
vn -57.496514 50.705905 -64.211080
vn -57.496514 50.705905 -64.211080
vn -57.496514 50.705905 -64.211080
vn 5.378023 -8.762419 -99.470082
vn 5.378023 -8.762419 -99.470082
vn 5.378023 -8.762419 -99.470082
vn -12.141149 15.646479 -98.019282
vn -12.141149 15.646479 -98.019282
vn -12.141149 15.646479 -98.019282
vn 44.807416 5.705565 -89.217382
vn 44.807416 5.705565 -89.217382
vn 44.807416 5.705565 -89.217382
vn -70.201197 -68.812758 18.346565
vn -70.201197 -68.812758 18.346565
vn -70.201197 -68.812758 18.346565
vn 48.126603 -19.707567 85.413348
vn 48.126603 -19.707567 85.413348
vn 48.126603 -19.707567 85.413348
vn -83.127254 29.892184 46.864871
vn -83.127254 29.892184 46.864871
vn -83.127254 29.892184 46.864871
vn -83.476554 32.879467 44.165661
vn -83.476554 32.879467 44.165661
vn -83.476554 32.879467 44.165661
vn -77.390606 18.447284 60.583749
vn -77.390606 18.447284 60.583749
vn -77.390606 18.447284 60.583749
vn -71.440882 -43.108606 55.116671
vn -71.440882 -43.108606 55.116671
vn -71.440882 -43.108606 55.116671
vn -64.638236 -33.714675 68.448646
vn -64.638236 -33.714675 68.448646
vn -64.638236 -33.714675 68.448646
vn -51.427341 47.511155 -71.399701
vn -51.427341 47.511155 -71.399701
vn -51.427341 47.511155 -71.399701
vn 95.982013 27.142578 7.122661
vn 95.982013 27.142578 7.122661
vn 95.982013 27.142578 7.122661
vn -51.096694 32.704944 -79.495373
vn -51.096694 32.704944 -79.495373
vn -51.096694 32.704944 -79.495373
vn 22.020249 19.941453 -95.485317
vn 22.020249 19.941453 -95.485317
vn 22.020249 19.941453 -95.485317
vn 78.633820 36.497905 -49.846023
vn 78.633820 36.497905 -49.846023
vn 78.633820 36.497905 -49.846023
vn -63.172845 -22.868659 74.068991
vn -63.172845 -22.868659 74.068991
vn -63.172845 -22.868659 74.068991
vn -61.556338 -32.326023 -71.873808
vn -61.556338 -32.326023 -71.873808
vn -61.556338 -32.326023 -71.873808
vn -12.793345 -6.828493 -98.942918
vn -12.793345 -6.828493 -98.942918
vn -12.793345 -6.828493 -98.942918
vn 12.107280 6.503131 -99.051108
vn 12.107280 6.503131 -99.051108
vn 12.107280 6.503131 -99.051108
vn -62.858890 -49.140998 60.282023
vn -62.858890 -49.140998 60.282023
vn -62.858890 -49.140998 60.282023
vn 20.108096 -50.373535 84.012931
vn 20.108096 -50.373535 84.012931
vn 20.108096 -50.373535 84.012931
vn -67.964159 -55.091164 -48.433829
vn -67.964159 -55.091164 -48.433829
vn -67.964159 -55.091164 -48.433829
vn -27.808065 67.725884 -68.116924
vn -27.808065 67.725884 -68.116924
vn -27.808065 67.725884 -68.116924
vn -61.286091 50.228800 -61.000664
vn -61.286091 50.228800 -61.000664
vn -61.286091 50.228800 -61.000664
vn 4.192784 -78.608010 61.670106
vn 4.192784 -78.608010 61.670106
vn 4.192784 -78.608010 61.670106
vn -17.571399 -61.681082 76.724758
vn -17.571399 -61.681082 76.724758
vn -17.571399 -61.681082 76.724758
vn 76.301161 27.257862 -58.610085
vn 76.301161 27.257862 -58.610085
vn 76.301161 27.257862 -58.610085
vn 48.333007 31.733370 -81.589902
vn 48.333007 31.733370 -81.589902
vn 48.333007 31.733370 -81.589902
vn 27.716674 -1.802487 -96.065274
vn 27.716674 -1.802487 -96.065274
vn 27.716674 -1.802487 -96.065274
vn -76.305185 -0.866371 -64.627927
vn -76.305185 -0.866371 -64.627927
vn -76.305185 -0.866371 -64.627927
vn 42.148289 30.845225 85.276567
vn 42.148289 30.845225 85.276567
vn 42.148289 30.845225 85.276567
vn -80.574696 -51.824380 -28.669700
vn -80.574696 -51.824380 -28.669700
vn -80.574696 -51.824380 -28.669700
vn -60.941052 37.153392 -70.041512
vn -60.941052 37.153392 -70.041512
vn -60.941052 37.153392 -70.041512
vn -44.520356 52.351093 72.645034
vn -44.520356 52.351093 72.645034
vn -44.520356 52.351093 72.645034
vn -99.386074 -6.024886 9.279515
vn -99.386074 -6.024886 9.279515
vn -99.386074 -6.024886 9.279515
vn 30.695244 4.482424 -95.066861
vn 30.695244 4.482424 -95.066861
vn 30.695244 4.482424 -95.066861
vn 76.094693 -56.087137 -32.616434
vn 76.094693 -56.087137 -32.616434
vn 76.094693 -56.087137 -32.616434
f 1//1 2//2 3//3
f 4//4 5//5 6//6
f 7//7 8//8 9//9
f 10//10 11//11 12//12
f 13//13 14//14 15//15
f 16//16 17//17 18//18
f 19//19 20//20 21//21
f 22//22 23//23 24//24
f 25//25 26//26 27//27
f 28//28 29//29 30//30
f 31//31 32//32 33//33
f 34//34 35//35 36//36
f 37//37 38//38 39//39
f 40//40 41//41 42//42
f 43//43 44//44 45//45
f 46//46 47//47 48//48
f 49//49 50//50 51//51
f 52//52 53//53 54//54
f 55//55 56//56 57//57
f 58//58 59//59 60//60
f 61//61 62//62 63//63
f 64//64 65//65 66//66
f 67//67 68//68 69//69
f 70//70 71//71 72//72
f 73//73 74//74 75//75
f 76//76 77//77 78//78
f 79//79 80//80 81//81
f 82//82 83//83 84//84
f 85//85 86//86 87//87
f 88//88 89//89 90//90
f 91//91 92//92 93//93
f 94//94 95//95 96//96
f 97//97 98//98 99//99
f 100//100 101//101 102//102
f 103//103 104//104 105//105
f 106//106 107//107 108//108
f 109//109 110//110 111//111
f 112//112 113//113 114//114
f 115//115 116//116 117//117
f 118//118 119//119 120//120
f 121//121 122//122 123//123
f 124//124 125//125 126//126
f 127//127 128//128 129//129
f 130//130 131//131 132//132
f 133//133 134//134 135//135
f 136//136 137//137 138//138
f 139//139 140//140 141//141
f 142//142 143//143 144//144
f 145//145 146//146 147//147
f 148//148 149//149 150//150
f 151//151 152//152 153//153
f 154//154 155//155 156//156
f 157//157 158//158 159//159
f 160//160 161//161 162//162
f 163//163 164//164 165//165
f 166//166 167//167 168//168
f 169//169 170//170 171//171
f 172//172 173//173 174//174
f 175//175 176//176 177//177
f 178//178 179//179 180//180
f 181//181 182//182 183//183
f 184//184 185//185 186//186
f 187//187 188//188 189//189
f 190//190 191//191 192//192
f 193//193 194//194 195//195
f 196//196 197//197 198//198
f 199//199 200//200 201//201
f 202//202 203//203 204//204
f 205//205 206//206 207//207
f 208//208 209//209 210//210
f 211//211 212//212 213//213
f 214//214 215//215 216//216
f 217//217 218//218 219//219
f 220//220 221//221 222//222
f 223//223 224//224 225//225
f 226//226 227//227 228//228
f 229//229 230//230 231//231
f 232//232 233//233 234//234
f 235//235 236//236 237//237
f 238//238 239//239 240//240
f 241//241 242//242 243//243
f 244//244 245//245 246//246
f 247//247 248//248 249//249
f 250//250 251//251 252//252
f 253//253 254//254 255//255
f 256//256 257//257 258//258
f 259//259 260//260 261//261
f 262//262 263//263 264//264
f 265//265 266//266 267//267
f 268//268 269//269 270//270
f 271//271 272//272 273//273
f 274//274 275//275 276//276
f 277//277 278//278 279//279
f 280//280 281//281 282//282
f 283//283 284//284 285//285
f 286//286 287//287 288//288
f 289//289 290//290 291//291
f 292//292 293//293 294//294
f 295//295 296//296 297//297
f 298//298 299//299 300//300
f 301//301 302//302 303//303
f 304//304 305//305 306//306
f 307//307 308//308 309//309
f 310//310 311//311 312//312
f 313//313 314//314 315//315
f 316//316 317//317 318//318
f 319//319 320//320 321//321
f 322//322 323//323 324//324
f 325//325 326//326 327//327
f 328//328 329//329 330//330
f 331//331 332//332 333//333
f 334//334 335//335 336//336
f 337//337 338//338 339//339
f 340//340 341//341 342//342
f 343//343 344//344 345//345
f 346//346 347//347 348//348
f 349//349 350//350 351//351
f 352//352 353//353 354//354
f 355//355 356//356 357//357
f 358//358 359//359 360//360
f 361//361 362//362 363//363
f 364//364 365//365 366//366
f 367//367 368//368 369//369
f 370//370 371//371 372//372
f 373//373 374//374 375//375
f 376//376 377//377 378//378
f 379//379 380//380 381//381
f 382//382 383//383 384//384
f 385//385 386//386 387//387
f 388//388 389//389 390//390
f 391//391 392//392 393//393
f 394//394 395//395 396//396
f 397//397 398//398 399//399
f 400//400 401//401 402//402
f 403//403 404//404 405//405
f 406//406 407//407 408//408
f 409//409 410//410 411//411
f 412//412 413//413 414//414
f 415//415 416//416 417//417
f 418//418 419//419 420//420
f 421//421 422//422 423//423
f 424//424 425//425 426//426
f 427//427 428//428 429//429
f 430//430 431//431 432//432
f 433//433 434//434 435//435
f 436//436 437//437 438//438
f 439//439 440//440 441//441
f 442//442 443//443 444//444
f 445//445 446//446 447//447
f 448//448 449//449 450//450
f 451//451 452//452 453//453
f 454//454 455//455 456//456
f 457//457 458//458 459//459
f 460//460 461//461 462//462
f 463//463 464//464 465//465
f 466//466 467//467 468//468
f 469//469 470//470 471//471
f 472//472 473//473 474//474
f 475//475 476//476 477//477
f 478//478 479//479 480//480
f 481//481 482//482 483//483
f 484//484 485//485 486//486
f 487//487 488//488 489//489
f 490//490 491//491 492//492
f 493//493 494//494 495//495
f 496//496 497//497 498//498
f 499//499 500//500 501//501
f 502//502 503//503 504//504
f 505//505 506//506 507//507
f 508//508 509//509 510//510
f 511//511 512//512 513//513
f 514//514 515//515 516//516
f 517//517 518//518 519//519
f 520//520 521//521 522//522
f 523//523 524//524 525//525
f 526//526 527//527 528//528
f 529//529 530//530 531//531
f 532//532 533//533 534//534
f 535//535 536//536 537//537
f 538//538 539//539 540//540
f 541//541 542//542 543//543
f 544//544 545//545 546//546
f 547//547 548//548 549//549
f 550//550 551//551 552//552
f 553//553 554//554 555//555
f 556//556 557//557 558//558
f 559//559 560//560 561//561
f 562//562 563//563 564//564
f 565//565 566//566 567//567
f 568//568 569//569 570//570
f 571//571 572//572 573//573
f 574//574 575//575 576//576
f 577//577 578//578 579//579
f 580//580 581//581 582//582
f 583//583 584//584 585//585
f 586//586 587//587 588//588
f 589//589 590//590 591//591
f 592//592 593//593 594//594
f 595//595 596//596 597//597
f 598//598 599//599 600//600
f 601//601 602//602 603//603
f 604//604 605//605 606//606
f 607//607 608//608 609//609
f 610//610 611//611 612//612
f 613//613 614//614 615//615
f 616//616 617//617 618//618
f 619//619 620//620 621//621
f 622//622 623//623 624//624
f 625//625 626//626 627//627
f 628//628 629//629 630//630
f 631//631 632//632 633//633
f 634//634 635//635 636//636
f 637//637 638//638 639//639
f 640//640 641//641 642//642
f 643//643 644//644 645//645
f 646//646 647//647 648//648
f 649//649 650//650 651//651
f 652//652 653//653 654//654
f 655//655 656//656 657//657
f 658//658 659//659 660//660
f 661//661 662//662 663//663
f 664//664 665//665 666//666
f 667//667 668//668 669//669
f 670//670 671//671 672//672
f 673//673 674//674 675//675
f 676//676 677//677 678//678
f 679//679 680//680 681//681
f 682//682 683//683 684//684
f 685//685 686//686 687//687
f 688//688 689//689 690//690
f 691//691 692//692 693//693
f 694//694 695//695 696//696
f 697//697 698//698 699//699
f 700//700 701//701 702//702
f 703//703 704//704 705//705
f 706//706 707//707 708//708
f 709//709 710//710 711//711
f 712//712 713//713 714//714
f 715//715 716//716 717//717
f 718//718 719//719 720//720
f 721//721 722//722 723//723
f 724//724 725//725 726//726
f 727//727 728//728 729//729
f 730//730 731//731 732//732
f 733//733 734//734 735//735
f 736//736 737//737 738//738
f 739//739 740//740 741//741
f 742//742 743//743 744//744
f 745//745 746//746 747//747
f 748//748 749//749 750//750
f 751//751 752//752 753//753
f 754//754 755//755 756//756
f 757//757 758//758 759//759
f 760//760 761//761 762//762
f 763//763 764//764 765//765
f 766//766 767//767 768//768
f 769//769 770//770 771//771
f 772//772 773//773 774//774
f 775//775 776//776 777//777
f 778//778 779//779 780//780
f 781//781 782//782 783//783
f 784//784 785//785 786//786
f 787//787 788//788 789//789
f 790//790 791//791 792//792
f 793//793 794//794 795//795
f 796//796 797//797 798//798
f 799//799 800//800 801//801
f 802//802 803//803 804//804
f 805//805 806//806 807//807
f 808//808 809//809 810//810
f 811//811 812//812 813//813
f 814//814 815//815 816//816
f 817//817 818//818 819//819
f 820//820 821//821 822//822
f 823//823 824//824 825//825
f 826//826 827//827 828//828
f 829//829 830//830 831//831
f 832//832 833//833 834//834
f 835//835 836//836 837//837
f 838//838 839//839 840//840
f 841//841 842//842 843//843
f 844//844 845//845 846//846
f 847//847 848//848 849//849
f 850//850 851//851 852//852
f 853//853 854//854 855//855
f 856//856 857//857 858//858
f 859//859 860//860 861//861
f 862//862 863//863 864//864
f 865//865 866//866 867//867
f 868//868 869//869 870//870
f 871//871 872//872 873//873
f 874//874 875//875 876//876
f 877//877 878//878 879//879
f 880//880 881//881 882//882
f 883//883 884//884 885//885
f 886//886 887//887 888//888
f 889//889 890//890 891//891
f 892//892 893//893 894//894
f 895//895 896//896 897//897
f 898//898 899//899 900//900
f 901//901 902//902 903//903
f 904//904 905//905 906//906
f 907//907 908//908 909//909
f 910//910 911//911 912//912
f 913//913 914//914 915//915
f 916//916 917//917 918//918
f 919//919 920//920 921//921
f 922//922 923//923 924//924
f 925//925 926//926 927//927
f 928//928 929//929 930//930
f 931//931 932//932 933//933
f 934//934 935//935 936//936
f 937//937 938//938 939//939
f 940//940 941//941 942//942
f 943//943 944//944 945//945
f 946//946 947//947 948//948
f 949//949 950//950 951//951
f 952//952 953//953 954//954
f 955//955 956//956 957//957
f 958//958 959//959 960//960
f 961//961 962//962 963//963
f 964//964 965//965 966//966
f 967//967 968//968 969//969
f 970//970 971//971 972//972
f 973//973 974//974 975//975
f 976//976 977//977 978//978
f 979//979 980//980 981//981
f 982//982 983//983 984//984
f 985//985 986//986 987//987
f 988//988 989//989 990//990
f 991//991 992//992 993//993
f 994//994 995//995 996//996
f 997//997 998//998 999//999
f 1000//1000 1001//1001 1002//1002
f 1003//1003 1004//1004 1005//1005
f 1006//1006 1007//1007 1008//1008
f 1009//1009 1010//1010 1011//1011
f 1012//1012 1013//1013 1014//1014
f 1015//1015 1016//1016 1017//1017
f 1018//1018 1019//1019 1020//1020
f 1021//1021 1022//1022 1023//1023
f 1024//1024 1025//1025 1026//1026
f 1027//1027 1028//1028 1029//1029
f 1030//1030 1031//1031 1032//1032
f 1033//1033 1034//1034 1035//1035
f 1036//1036 1037//1037 1038//1038
f 1039//1039 1040//1040 1041//1041
f 1042//1042 1043//1043 1044//1044
f 1045//1045 1046//1046 1047//1047
f 1048//1048 1049//1049 1050//1050
f 1051//1051 1052//1052 1053//1053
f 1054//1054 1055//1055 1056//1056
f 1057//1057 1058//1058 1059//1059
f 1060//1060 1061//1061 1062//1062
f 1063//1063 1064//1064 1065//1065
f 1066//1066 1067//1067 1068//1068
f 1069//1069 1070//1070 1071//1071
f 1072//1072 1073//1073 1074//1074
f 1075//1075 1076//1076 1077//1077
f 1078//1078 1079//1079 1080//1080
f 1081//1081 1082//1082 1083//1083
f 1084//1084 1085//1085 1086//1086
f 1087//1087 1088//1088 1089//1089
f 1090//1090 1091//1091 1092//1092
f 1093//1093 1094//1094 1095//1095
f 1096//1096 1097//1097 1098//1098
f 1099//1099 1100//1100 1101//1101
f 1102//1102 1103//1103 1104//1104
f 1105//1105 1106//1106 1107//1107
f 1108//1108 1109//1109 1110//1110
f 1111//1111 1112//1112 1113//1113
f 1114//1114 1115//1115 1116//1116
f 1117//1117 1118//1118 1119//1119
f 1120//1120 1121//1121 1122//1122
f 1123//1123 1124//1124 1125//1125
f 1126//1126 1127//1127 1128//1128
f 1129//1129 1130//1130 1131//1131
f 1132//1132 1133//1133 1134//1134
f 1135//1135 1136//1136 1137//1137
f 1138//1138 1139//1139 1140//1140
f 1141//1141 1142//1142 1143//1143
f 1144//1144 1145//1145 1146//1146
f 1147//1147 1148//1148 1149//1149
f 1150//1150 1151//1151 1152//1152
f 1153//1153 1154//1154 1155//1155
f 1156//1156 1157//1157 1158//1158
f 1159//1159 1160//1160 1161//1161
f 1162//1162 1163//1163 1164//1164
f 1165//1165 1166//1166 1167//1167
f 1168//1168 1169//1169 1170//1170
f 1171//1171 1172//1172 1173//1173
f 1174//1174 1175//1175 1176//1176
f 1177//1177 1178//1178 1179//1179
f 1180//1180 1181//1181 1182//1182
f 1183//1183 1184//1184 1185//1185
f 1186//1186 1187//1187 1188//1188
f 1189//1189 1190//1190 1191//1191
f 1192//1192 1193//1193 1194//1194
f 1195//1195 1196//1196 1197//1197
f 1198//1198 1199//1199 1200//1200
f 1201//1201 1202//1202 1203//1203
f 1204//1204 1205//1205 1206//1206
f 1207//1207 1208//1208 1209//1209
f 1210//1210 1211//1211 1212//1212
f 1213//1213 1214//1214 1215//1215
f 1216//1216 1217//1217 1218//1218
f 1219//1219 1220//1220 1221//1221
f 1222//1222 1223//1223 1224//1224
f 1225//1225 1226//1226 1227//1227
f 1228//1228 1229//1229 1230//1230
f 1231//1231 1232//1232 1233//1233
f 1234//1234 1235//1235 1236//1236
f 1237//1237 1238//1238 1239//1239
f 1240//1240 1241//1241 1242//1242
f 1243//1243 1244//1244 1245//1245
f 1246//1246 1247//1247 1248//1248
f 1249//1249 1250//1250 1251//1251
f 1252//1252 1253//1253 1254//1254
f 1255//1255 1256//1256 1257//1257
f 1258//1258 1259//1259 1260//1260
f 1261//1261 1262//1262 1263//1263
f 1264//1264 1265//1265 1266//1266
f 1267//1267 1268//1268 1269//1269
f 1270//1270 1271//1271 1272//1272
f 1273//1273 1274//1274 1275//1275
f 1276//1276 1277//1277 1278//1278
f 1279//1279 1280//1280 1281//1281
f 1282//1282 1283//1283 1284//1284
f 1285//1285 1286//1286 1287//1287
f 1288//1288 1289//1289 1290//1290
f 1291//1291 1292//1292 1293//1293
f 1294//1294 1295//1295 1296//1296
f 1297//1297 1298//1298 1299//1299
f 1300//1300 1301//1301 1302//1302
f 1303//1303 1304//1304 1305//1305
f 1306//1306 1307//1307 1308//1308
f 1309//1309 1310//1310 1311//1311
f 1312//1312 1313//1313 1314//1314
f 1315//1315 1316//1316 1317//1317
f 1318//1318 1319//1319 1320//1320
f 1321//1321 1322//1322 1323//1323
f 1324//1324 1325//1325 1326//1326
f 1327//1327 1328//1328 1329//1329
f 1330//1330 1331//1331 1332//1332
f 1333//1333 1334//1334 1335//1335
f 1336//1336 1337//1337 1338//1338
f 1339//1339 1340//1340 1341//1341
f 1342//1342 1343//1343 1344//1344
f 1345//1345 1346//1346 1347//1347
f 1348//1348 1349//1349 1350//1350
f 1351//1351 1352//1352 1353//1353
f 1354//1354 1355//1355 1356//1356
f 1357//1357 1358//1358 1359//1359
f 1360//1360 1361//1361 1362//1362
f 1363//1363 1364//1364 1365//1365
f 1366//1366 1367//1367 1368//1368
f 1369//1369 1370//1370 1371//1371
f 1372//1372 1373//1373 1374//1374
f 1375//1375 1376//1376 1377//1377
f 1378//1378 1379//1379 1380//1380
f 1381//1381 1382//1382 1383//1383
f 1384//1384 1385//1385 1386//1386
f 1387//1387 1388//1388 1389//1389
f 1390//1390 1391//1391 1392//1392
f 1393//1393 1394//1394 1395//1395
f 1396//1396 1397//1397 1398//1398
f 1399//1399 1400//1400 1401//1401
f 1402//1402 1403//1403 1404//1404
f 1405//1405 1406//1406 1407//1407
f 1408//1408 1409//1409 1410//1410
f 1411//1411 1412//1412 1413//1413
f 1414//1414 1415//1415 1416//1416
f 1417//1417 1418//1418 1419//1419
f 1420//1420 1421//1421 1422//1422
f 1423//1423 1424//1424 1425//1425
f 1426//1426 1427//1427 1428//1428
f 1429//1429 1430//1430 1431//1431
f 1432//1432 1433//1433 1434//1434
f 1435//1435 1436//1436 1437//1437
f 1438//1438 1439//1439 1440//1440
f 1441//1441 1442//1442 1443//1443
f 1444//1444 1445//1445 1446//1446
f 1447//1447 1448//1448 1449//1449
f 1450//1450 1451//1451 1452//1452
f 1453//1453 1454//1454 1455//1455
f 1456//1456 1457//1457 1458//1458
f 1459//1459 1460//1460 1461//1461
f 1462//1462 1463//1463 1464//1464
f 1465//1465 1466//1466 1467//1467
f 1468//1468 1469//1469 1470//1470
f 1471//1471 1472//1472 1473//1473
f 1474//1474 1475//1475 1476//1476
f 1477//1477 1478//1478 1479//1479
f 1480//1480 1481//1481 1482//1482
f 1483//1483 1484//1484 1485//1485
f 1486//1486 1487//1487 1488//1488
f 1489//1489 1490//1490 1491//1491
f 1492//1492 1493//1493 1494//1494
f 1495//1495 1496//1496 1497//1497
f 1498//1498 1499//1499 1500//1500
f 1501//1501 1502//1502 1503//1503
f 1504//1504 1505//1505 1506//1506
f 1507//1507 1508//1508 1509//1509
f 1510//1510 1511//1511 1512//1512
f 1513//1513 1514//1514 1515//1515
f 1516//1516 1517//1517 1518//1518
f 1519//1519 1520//1520 1521//1521
f 1522//1522 1523//1523 1524//1524
f 1525//1525 1526//1526 1527//1527
f 1528//1528 1529//1529 1530//1530
f 1531//1531 1532//1532 1533//1533
f 1534//1534 1535//1535 1536//1536
f 1537//1537 1538//1538 1539//1539
f 1540//1540 1541//1541 1542//1542
f 1543//1543 1544//1544 1545//1545
f 1546//1546 1547//1547 1548//1548
f 1549//1549 1550//1550 1551//1551
f 1552//1552 1553//1553 1554//1554
f 1555//1555 1556//1556 1557//1557
f 1558//1558 1559//1559 1560//1560
f 1561//1561 1562//1562 1563//1563
f 1564//1564 1565//1565 1566//1566
f 1567//1567 1568//1568 1569//1569
f 1570//1570 1571//1571 1572//1572
f 1573//1573 1574//1574 1575//1575
f 1576//1576 1577//1577 1578//1578
f 1579//1579 1580//1580 1581//1581
f 1582//1582 1583//1583 1584//1584
f 1585//1585 1586//1586 1587//1587
f 1588//1588 1589//1589 1590//1590
f 1591//1591 1592//1592 1593//1593
f 1594//1594 1595//1595 1596//1596
f 1597//1597 1598//1598 1599//1599
f 1600//1600 1601//1601 1602//1602
f 1603//1603 1604//1604 1605//1605
f 1606//1606 1607//1607 1608//1608
f 1609//1609 1610//1610 1611//1611
f 1612//1612 1613//1613 1614//1614
f 1615//1615 1616//1616 1617//1617
f 1618//1618 1619//1619 1620//1620
f 1621//1621 1622//1622 1623//1623
f 1624//1624 1625//1625 1626//1626
f 1627//1627 1628//1628 1629//1629
f 1630//1630 1631//1631 1632//1632
f 1633//1633 1634//1634 1635//1635
f 1636//1636 1637//1637 1638//1638
f 1639//1639 1640//1640 1641//1641
f 1642//1642 1643//1643 1644//1644
f 1645//1645 1646//1646 1647//1647
f 1648//1648 1649//1649 1650//1650
f 1651//1651 1652//1652 1653//1653
f 1654//1654 1655//1655 1656//1656
f 1657//1657 1658//1658 1659//1659
f 1660//1660 1661//1661 1662//1662
f 1663//1663 1664//1664 1665//1665
f 1666//1666 1667//1667 1668//1668
f 1669//1669 1670//1670 1671//1671
f 1672//1672 1673//1673 1674//1674
f 1675//1675 1676//1676 1677//1677
f 1678//1678 1679//1679 1680//1680
f 1681//1681 1682//1682 1683//1683
f 1684//1684 1685//1685 1686//1686
f 1687//1687 1688//1688 1689//1689
f 1690//1690 1691//1691 1692//1692
f 1693//1693 1694//1694 1695//1695
f 1696//1696 1697//1697 1698//1698
f 1699//1699 1700//1700 1701//1701
f 1702//1702 1703//1703 1704//1704
f 1705//1705 1706//1706 1707//1707
f 1708//1708 1709//1709 1710//1710
f 1711//1711 1712//1712 1713//1713
f 1714//1714 1715//1715 1716//1716
f 1717//1717 1718//1718 1719//1719
f 1720//1720 1721//1721 1722//1722
f 1723//1723 1724//1724 1725//1725
f 1726//1726 1727//1727 1728//1728
f 1729//1729 1730//1730 1731//1731
f 1732//1732 1733//1733 1734//1734
f 1735//1735 1736//1736 1737//1737
f 1738//1738 1739//1739 1740//1740
f 1741//1741 1742//1742 1743//1743
f 1744//1744 1745//1745 1746//1746
f 1747//1747 1748//1748 1749//1749
f 1750//1750 1751//1751 1752//1752
f 1753//1753 1754//1754 1755//1755
f 1756//1756 1757//1757 1758//1758
f 1759//1759 1760//1760 1761//1761
f 1762//1762 1763//1763 1764//1764
f 1765//1765 1766//1766 1767//1767
f 1768//1768 1769//1769 1770//1770
f 1771//1771 1772//1772 1773//1773
f 1774//1774 1775//1775 1776//1776
f 1777//1777 1778//1778 1779//1779
f 1780//1780 1781//1781 1782//1782
f 1783//1783 1784//1784 1785//1785
f 1786//1786 1787//1787 1788//1788
f 1789//1789 1790//1790 1791//1791
f 1792//1792 1793//1793 1794//1794
f 1795//1795 1796//1796 1797//1797
f 1798//1798 1799//1799 1800//1800
f 1801//1801 1802//1802 1803//1803
f 1804//1804 1805//1805 1806//1806
f 1807//1807 1808//1808 1809//1809
f 1810//1810 1811//1811 1812//1812
f 1813//1813 1814//1814 1815//1815
f 1816//1816 1817//1817 1818//1818
f 1819//1819 1820//1820 1821//1821
f 1822//1822 1823//1823 1824//1824
f 1825//1825 1826//1826 1827//1827
f 1828//1828 1829//1829 1830//1830
f 1831//1831 1832//1832 1833//1833
f 1834//1834 1835//1835 1836//1836
f 1837//1837 1838//1838 1839//1839
f 1840//1840 1841//1841 1842//1842
f 1843//1843 1844//1844 1845//1845
f 1846//1846 1847//1847 1848//1848
f 1849//1849 1850//1850 1851//1851
f 1852//1852 1853//1853 1854//1854
f 1855//1855 1856//1856 1857//1857
f 1858//1858 1859//1859 1860//1860
f 1861//1861 1862//1862 1863//1863
f 1864//1864 1865//1865 1866//1866
f 1867//1867 1868//1868 1869//1869
f 1870//1870 1871//1871 1872//1872
f 1873//1873 1874//1874 1875//1875
f 1876//1876 1877//1877 1878//1878
f 1879//1879 1880//1880 1881//1881
f 1882//1882 1883//1883 1884//1884
f 1885//1885 1886//1886 1887//1887
f 1888//1888 1889//1889 1890//1890
f 1891//1891 1892//1892 1893//1893
f 1894//1894 1895//1895 1896//1896
f 1897//1897 1898//1898 1899//1899
f 1900//1900 1901//1901 1902//1902
f 1903//1903 1904//1904 1905//1905
f 1906//1906 1907//1907 1908//1908
f 1909//1909 1910//1910 1911//1911
f 1912//1912 1913//1913 1914//1914
f 1915//1915 1916//1916 1917//1917
f 1918//1918 1919//1919 1920//1920
f 1921//1921 1922//1922 1923//1923
f 1924//1924 1925//1925 1926//1926
f 1927//1927 1928//1928 1929//1929
f 1930//1930 1931//1931 1932//1932
f 1933//1933 1934//1934 1935//1935
f 1936//1936 1937//1937 1938//1938
f 1939//1939 1940//1940 1941//1941
f 1942//1942 1943//1943 1944//1944
f 1945//1945 1946//1946 1947//1947
f 1948//1948 1949//1949 1950//1950
f 1951//1951 1952//1952 1953//1953
f 1954//1954 1955//1955 1956//1956
f 1957//1957 1958//1958 1959//1959
f 1960//1960 1961//1961 1962//1962
f 1963//1963 1964//1964 1965//1965
f 1966//1966 1967//1967 1968//1968
f 1969//1969 1970//1970 1971//1971
f 1972//1972 1973//1973 1974//1974
f 1975//1975 1976//1976 1977//1977
f 1978//1978 1979//1979 1980//1980
f 1981//1981 1982//1982 1983//1983
f 1984//1984 1985//1985 1986//1986
f 1987//1987 1988//1988 1989//1989
f 1990//1990 1991//1991 1992//1992
f 1993//1993 1994//1994 1995//1995
f 1996//1996 1997//1997 1998//1998
f 1999//1999 2000//2000 2001//2001
f 2002//2002 2003//2003 2004//2004
f 2005//2005 2006//2006 2007//2007
f 2008//2008 2009//2009 2010//2010
f 2011//2011 2012//2012 2013//2013
f 2014//2014 2015//2015 2016//2016
f 2017//2017 2018//2018 2019//2019
f 2020//2020 2021//2021 2022//2022
f 2023//2023 2024//2024 2025//2025
f 2026//2026 2027//2027 2028//2028
f 2029//2029 2030//2030 2031//2031
f 2032//2032 2033//2033 2034//2034
f 2035//2035 2036//2036 2037//2037
f 2038//2038 2039//2039 2040//2040
f 2041//2041 2042//2042 2043//2043
f 2044//2044 2045//2045 2046//2046
f 2047//2047 2048//2048 2049//2049
f 2050//2050 2051//2051 2052//2052
f 2053//2053 2054//2054 2055//2055
f 2056//2056 2057//2057 2058//2058
f 2059//2059 2060//2060 2061//2061
f 2062//2062 2063//2063 2064//2064
f 2065//2065 2066//2066 2067//2067
f 2068//2068 2069//2069 2070//2070
f 2071//2071 2072//2072 2073//2073
f 2074//2074 2075//2075 2076//2076
f 2077//2077 2078//2078 2079//2079
f 2080//2080 2081//2081 2082//2082
f 2083//2083 2084//2084 2085//2085
f 2086//2086 2087//2087 2088//2088
f 2089//2089 2090//2090 2091//2091
f 2092//2092 2093//2093 2094//2094
f 2095//2095 2096//2096 2097//2097
f 2098//2098 2099//2099 2100//2100
f 2101//2101 2102//2102 2103//2103
f 2104//2104 2105//2105 2106//2106
f 2107//2107 2108//2108 2109//2109
f 2110//2110 2111//2111 2112//2112
f 2113//2113 2114//2114 2115//2115
f 2116//2116 2117//2117 2118//2118
f 2119//2119 2120//2120 2121//2121
f 2122//2122 2123//2123 2124//2124
f 2125//2125 2126//2126 2127//2127
f 2128//2128 2129//2129 2130//2130
f 2131//2131 2132//2132 2133//2133
f 2134//2134 2135//2135 2136//2136
f 2137//2137 2138//2138 2139//2139
f 2140//2140 2141//2141 2142//2142
f 2143//2143 2144//2144 2145//2145
f 2146//2146 2147//2147 2148//2148
f 2149//2149 2150//2150 2151//2151
f 2152//2152 2153//2153 2154//2154
f 2155//2155 2156//2156 2157//2157
f 2158//2158 2159//2159 2160//2160
f 2161//2161 2162//2162 2163//2163
f 2164//2164 2165//2165 2166//2166
f 2167//2167 2168//2168 2169//2169
f 2170//2170 2171//2171 2172//2172
f 2173//2173 2174//2174 2175//2175
f 2176//2176 2177//2177 2178//2178
f 2179//2179 2180//2180 2181//2181
f 2182//2182 2183//2183 2184//2184
f 2185//2185 2186//2186 2187//2187
f 2188//2188 2189//2189 2190//2190
f 2191//2191 2192//2192 2193//2193
f 2194//2194 2195//2195 2196//2196
f 2197//2197 2198//2198 2199//2199
f 2200//2200 2201//2201 2202//2202
f 2203//2203 2204//2204 2205//2205
f 2206//2206 2207//2207 2208//2208
f 2209//2209 2210//2210 2211//2211
f 2212//2212 2213//2213 2214//2214
f 2215//2215 2216//2216 2217//2217
f 2218//2218 2219//2219 2220//2220
f 2221//2221 2222//2222 2223//2223
f 2224//2224 2225//2225 2226//2226
f 2227//2227 2228//2228 2229//2229
f 2230//2230 2231//2231 2232//2232
f 2233//2233 2234//2234 2235//2235
f 2236//2236 2237//2237 2238//2238
f 2239//2239 2240//2240 2241//2241
f 2242//2242 2243//2243 2244//2244
f 2245//2245 2246//2246 2247//2247
f 2248//2248 2249//2249 2250//2250
f 2251//2251 2252//2252 2253//2253
f 2254//2254 2255//2255 2256//2256
f 2257//2257 2258//2258 2259//2259
f 2260//2260 2261//2261 2262//2262
f 2263//2263 2264//2264 2265//2265
f 2266//2266 2267//2267 2268//2268
f 2269//2269 2270//2270 2271//2271
f 2272//2272 2273//2273 2274//2274
f 2275//2275 2276//2276 2277//2277
f 2278//2278 2279//2279 2280//2280
f 2281//2281 2282//2282 2283//2283
f 2284//2284 2285//2285 2286//2286
f 2287//2287 2288//2288 2289//2289
f 2290//2290 2291//2291 2292//2292
f 2293//2293 2294//2294 2295//2295
f 2296//2296 2297//2297 2298//2298
f 2299//2299 2300//2300 2301//2301
f 2302//2302 2303//2303 2304//2304
f 2305//2305 2306//2306 2307//2307
f 2308//2308 2309//2309 2310//2310
f 2311//2311 2312//2312 2313//2313
f 2314//2314 2315//2315 2316//2316
f 2317//2317 2318//2318 2319//2319
f 2320//2320 2321//2321 2322//2322
f 2323//2323 2324//2324 2325//2325
f 2326//2326 2327//2327 2328//2328
f 2329//2329 2330//2330 2331//2331
f 2332//2332 2333//2333 2334//2334
f 2335//2335 2336//2336 2337//2337
f 2338//2338 2339//2339 2340//2340
f 2341//2341 2342//2342 2343//2343
f 2344//2344 2345//2345 2346//2346
f 2347//2347 2348//2348 2349//2349
f 2350//2350 2351//2351 2352//2352
f 2353//2353 2354//2354 2355//2355
f 2356//2356 2357//2357 2358//2358
f 2359//2359 2360//2360 2361//2361
f 2362//2362 2363//2363 2364//2364
f 2365//2365 2366//2366 2367//2367
f 2368//2368 2369//2369 2370//2370
f 2371//2371 2372//2372 2373//2373
f 2374//2374 2375//2375 2376//2376
f 2377//2377 2378//2378 2379//2379
f 2380//2380 2381//2381 2382//2382
f 2383//2383 2384//2384 2385//2385
f 2386//2386 2387//2387 2388//2388
f 2389//2389 2390//2390 2391//2391
f 2392//2392 2393//2393 2394//2394
f 2395//2395 2396//2396 2397//2397
f 2398//2398 2399//2399 2400//2400
f 2401//2401 2402//2402 2403//2403
f 2404//2404 2405//2405 2406//2406
f 2407//2407 2408//2408 2409//2409
f 2410//2410 2411//2411 2412//2412
f 2413//2413 2414//2414 2415//2415
f 2416//2416 2417//2417 2418//2418
f 2419//2419 2420//2420 2421//2421
f 2422//2422 2423//2423 2424//2424
f 2425//2425 2426//2426 2427//2427
f 2428//2428 2429//2429 2430//2430
f 2431//2431 2432//2432 2433//2433
f 2434//2434 2435//2435 2436//2436
f 2437//2437 2438//2438 2439//2439
f 2440//2440 2441//2441 2442//2442
f 2443//2443 2444//2444 2445//2445
f 2446//2446 2447//2447 2448//2448
f 2449//2449 2450//2450 2451//2451
f 2452//2452 2453//2453 2454//2454
f 2455//2455 2456//2456 2457//2457
f 2458//2458 2459//2459 2460//2460
f 2461//2461 2462//2462 2463//2463
f 2464//2464 2465//2465 2466//2466
f 2467//2467 2468//2468 2469//2469
f 2470//2470 2471//2471 2472//2472
f 2473//2473 2474//2474 2475//2475
f 2476//2476 2477//2477 2478//2478
f 2479//2479 2480//2480 2481//2481
f 2482//2482 2483//2483 2484//2484
f 2485//2485 2486//2486 2487//2487
f 2488//2488 2489//2489 2490//2490
f 2491//2491 2492//2492 2493//2493
f 2494//2494 2495//2495 2496//2496
f 2497//2497 2498//2498 2499//2499
f 2500//2500 2501//2501 2502//2502
f 2503//2503 2504//2504 2505//2505
f 2506//2506 2507//2507 2508//2508
f 2509//2509 2510//2510 2511//2511
f 2512//2512 2513//2513 2514//2514
f 2515//2515 2516//2516 2517//2517
f 2518//2518 2519//2519 2520//2520
f 2521//2521 2522//2522 2523//2523
f 2524//2524 2525//2525 2526//2526
f 2527//2527 2528//2528 2529//2529
f 2530//2530 2531//2531 2532//2532
f 2533//2533 2534//2534 2535//2535
f 2536//2536 2537//2537 2538//2538
f 2539//2539 2540//2540 2541//2541
f 2542//2542 2543//2543 2544//2544
f 2545//2545 2546//2546 2547//2547
f 2548//2548 2549//2549 2550//2550
f 2551//2551 2552//2552 2553//2553
f 2554//2554 2555//2555 2556//2556
f 2557//2557 2558//2558 2559//2559
f 2560//2560 2561//2561 2562//2562
f 2563//2563 2564//2564 2565//2565
f 2566//2566 2567//2567 2568//2568
f 2569//2569 2570//2570 2571//2571
f 2572//2572 2573//2573 2574//2574
f 2575//2575 2576//2576 2577//2577
f 2578//2578 2579//2579 2580//2580
f 2581//2581 2582//2582 2583//2583
f 2584//2584 2585//2585 2586//2586
f 2587//2587 2588//2588 2589//2589
f 2590//2590 2591//2591 2592//2592
f 2593//2593 2594//2594 2595//2595
f 2596//2596 2597//2597 2598//2598
f 2599//2599 2600//2600 2601//2601
f 2602//2602 2603//2603 2604//2604
f 2605//2605 2606//2606 2607//2607
f 2608//2608 2609//2609 2610//2610
f 2611//2611 2612//2612 2613//2613
f 2614//2614 2615//2615 2616//2616
f 2617//2617 2618//2618 2619//2619
f 2620//2620 2621//2621 2622//2622
f 2623//2623 2624//2624 2625//2625
f 2626//2626 2627//2627 2628//2628
f 2629//2629 2630//2630 2631//2631
f 2632//2632 2633//2633 2634//2634
f 2635//2635 2636//2636 2637//2637
f 2638//2638 2639//2639 2640//2640
f 2641//2641 2642//2642 2643//2643
f 2644//2644 2645//2645 2646//2646
f 2647//2647 2648//2648 2649//2649
f 2650//2650 2651//2651 2652//2652
f 2653//2653 2654//2654 2655//2655
f 2656//2656 2657//2657 2658//2658
f 2659//2659 2660//2660 2661//2661
f 2662//2662 2663//2663 2664//2664
f 2665//2665 2666//2666 2667//2667
f 2668//2668 2669//2669 2670//2670
f 2671//2671 2672//2672 2673//2673
f 2674//2674 2675//2675 2676//2676
f 2677//2677 2678//2678 2679//2679
f 2680//2680 2681//2681 2682//2682
f 2683//2683 2684//2684 2685//2685
f 2686//2686 2687//2687 2688//2688
f 2689//2689 2690//2690 2691//2691
f 2692//2692 2693//2693 2694//2694
f 2695//2695 2696//2696 2697//2697
f 2698//2698 2699//2699 2700//2700
f 2701//2701 2702//2702 2703//2703
f 2704//2704 2705//2705 2706//2706
f 2707//2707 2708//2708 2709//2709
f 2710//2710 2711//2711 2712//2712
f 2713//2713 2714//2714 2715//2715
f 2716//2716 2717//2717 2718//2718
f 2719//2719 2720//2720 2721//2721
f 2722//2722 2723//2723 2724//2724
f 2725//2725 2726//2726 2727//2727
f 2728//2728 2729//2729 2730//2730
f 2731//2731 2732//2732 2733//2733
f 2734//2734 2735//2735 2736//2736
f 2737//2737 2738//2738 2739//2739
f 2740//2740 2741//2741 2742//2742
f 2743//2743 2744//2744 2745//2745
f 2746//2746 2747//2747 2748//2748
f 2749//2749 2750//2750 2751//2751
f 2752//2752 2753//2753 2754//2754
f 2755//2755 2756//2756 2757//2757
f 2758//2758 2759//2759 2760//2760
f 2761//2761 2762//2762 2763//2763
f 2764//2764 2765//2765 2766//2766
f 2767//2767 2768//2768 2769//2769
f 2770//2770 2771//2771 2772//2772
f 2773//2773 2774//2774 2775//2775
f 2776//2776 2777//2777 2778//2778
f 2779//2779 2780//2780 2781//2781
f 2782//2782 2783//2783 2784//2784
f 2785//2785 2786//2786 2787//2787
f 2788//2788 2789//2789 2790//2790
f 2791//2791 2792//2792 2793//2793
f 2794//2794 2795//2795 2796//2796
f 2797//2797 2798//2798 2799//2799
f 2800//2800 2801//2801 2802//2802
f 2803//2803 2804//2804 2805//2805
f 2806//2806 2807//2807 2808//2808
f 2809//2809 2810//2810 2811//2811
f 2812//2812 2813//2813 2814//2814
f 2815//2815 2816//2816 2817//2817
f 2818//2818 2819//2819 2820//2820
f 2821//2821 2822//2822 2823//2823
f 2824//2824 2825//2825 2826//2826
f 2827//2827 2828//2828 2829//2829
f 2830//2830 2831//2831 2832//2832
f 2833//2833 2834//2834 2835//2835
f 2836//2836 2837//2837 2838//2838
f 2839//2839 2840//2840 2841//2841
f 2842//2842 2843//2843 2844//2844
f 2845//2845 2846//2846 2847//2847
f 2848//2848 2849//2849 2850//2850
f 2851//2851 2852//2852 2853//2853
f 2854//2854 2855//2855 2856//2856
f 2857//2857 2858//2858 2859//2859
f 2860//2860 2861//2861 2862//2862
f 2863//2863 2864//2864 2865//2865
f 2866//2866 2867//2867 2868//2868
f 2869//2869 2870//2870 2871//2871
f 2872//2872 2873//2873 2874//2874
f 2875//2875 2876//2876 2877//2877
f 2878//2878 2879//2879 2880//2880
f 2881//2881 2882//2882 2883//2883
f 2884//2884 2885//2885 2886//2886
f 2887//2887 2888//2888 2889//2889
f 2890//2890 2891//2891 2892//2892
f 2893//2893 2894//2894 2895//2895
f 2896//2896 2897//2897 2898//2898
f 2899//2899 2900//2900 2901//2901
f 2902//2902 2903//2903 2904//2904
f 2905//2905 2906//2906 2907//2907
f 2908//2908 2909//2909 2910//2910
f 2911//2911 2912//2912 2913//2913
f 2914//2914 2915//2915 2916//2916
f 2917//2917 2918//2918 2919//2919
f 2920//2920 2921//2921 2922//2922
f 2923//2923 2924//2924 2925//2925
f 2926//2926 2927//2927 2928//2928
f 2929//2929 2930//2930 2931//2931
f 2932//2932 2933//2933 2934//2934
f 2935//2935 2936//2936 2937//2937
f 2938//2938 2939//2939 2940//2940
f 2941//2941 2942//2942 2943//2943
f 2944//2944 2945//2945 2946//2946
f 2947//2947 2948//2948 2949//2949
f 2950//2950 2951//2951 2952//2952
f 2953//2953 2954//2954 2955//2955
f 2956//2956 2957//2957 2958//2958
f 2959//2959 2960//2960 2961//2961
f 2962//2962 2963//2963 2964//2964
f 2965//2965 2966//2966 2967//2967
f 2968//2968 2969//2969 2970//2970
f 2971//2971 2972//2972 2973//2973
f 2974//2974 2975//2975 2976//2976
f 2977//2977 2978//2978 2979//2979
f 2980//2980 2981//2981 2982//2982
f 2983//2983 2984//2984 2985//2985
f 2986//2986 2987//2987 2988//2988
f 2989//2989 2990//2990 2991//2991
f 2992//2992 2993//2993 2994//2994
f 2995//2995 2996//2996 2997//2997
f 2998//2998 2999//2999 3000//3000
f 3001//3001 3002//3002 3003//3003
f 3004//3004 3005//3005 3006//3006
f 3007//3007 3008//3008 3009//3009
f 3010//3010 3011//3011 3012//3012
f 3013//3013 3014//3014 3015//3015
f 3016//3016 3017//3017 3018//3018
f 3019//3019 3020//3020 3021//3021
f 3022//3022 3023//3023 3024//3024
f 3025//3025 3026//3026 3027//3027
f 3028//3028 3029//3029 3030//3030
f 3031//3031 3032//3032 3033//3033
f 3034//3034 3035//3035 3036//3036
f 3037//3037 3038//3038 3039//3039
f 3040//3040 3041//3041 3042//3042
f 3043//3043 3044//3044 3045//3045
f 3046//3046 3047//3047 3048//3048
f 3049//3049 3050//3050 3051//3051
f 3052//3052 3053//3053 3054//3054
f 3055//3055 3056//3056 3057//3057
f 3058//3058 3059//3059 3060//3060
f 3061//3061 3062//3062 3063//3063
f 3064//3064 3065//3065 3066//3066
f 3067//3067 3068//3068 3069//3069
f 3070//3070 3071//3071 3072//3072
f 3073//3073 3074//3074 3075//3075
f 3076//3076 3077//3077 3078//3078
f 3079//3079 3080//3080 3081//3081
f 3082//3082 3083//3083 3084//3084
f 3085//3085 3086//3086 3087//3087
f 3088//3088 3089//3089 3090//3090
f 3091//3091 3092//3092 3093//3093
f 3094//3094 3095//3095 3096//3096
f 3097//3097 3098//3098 3099//3099
f 3100//3100 3101//3101 3102//3102
f 3103//3103 3104//3104 3105//3105
f 3106//3106 3107//3107 3108//3108
f 3109//3109 3110//3110 3111//3111
f 3112//3112 3113//3113 3114//3114
f 3115//3115 3116//3116 3117//3117
f 3118//3118 3119//3119 3120//3120
f 3121//3121 3122//3122 3123//3123
f 3124//3124 3125//3125 3126//3126
f 3127//3127 3128//3128 3129//3129
f 3130//3130 3131//3131 3132//3132
f 3133//3133 3134//3134 3135//3135
f 3136//3136 3137//3137 3138//3138
f 3139//3139 3140//3140 3141//3141
f 3142//3142 3143//3143 3144//3144
f 3145//3145 3146//3146 3147//3147
f 3148//3148 3149//3149 3150//3150
f 3151//3151 3152//3152 3153//3153
f 3154//3154 3155//3155 3156//3156
f 3157//3157 3158//3158 3159//3159
f 3160//3160 3161//3161 3162//3162
f 3163//3163 3164//3164 3165//3165
f 3166//3166 3167//3167 3168//3168
f 3169//3169 3170//3170 3171//3171
f 3172//3172 3173//3173 3174//3174
f 3175//3175 3176//3176 3177//3177
f 3178//3178 3179//3179 3180//3180
f 3181//3181 3182//3182 3183//3183
f 3184//3184 3185//3185 3186//3186
f 3187//3187 3188//3188 3189//3189
f 3190//3190 3191//3191 3192//3192
f 3193//3193 3194//3194 3195//3195
f 3196//3196 3197//3197 3198//3198
f 3199//3199 3200//3200 3201//3201
f 3202//3202 3203//3203 3204//3204
f 3205//3205 3206//3206 3207//3207
f 3208//3208 3209//3209 3210//3210
f 3211//3211 3212//3212 3213//3213
f 3214//3214 3215//3215 3216//3216
f 3217//3217 3218//3218 3219//3219
f 3220//3220 3221//3221 3222//3222
f 3223//3223 3224//3224 3225//3225
f 3226//3226 3227//3227 3228//3228
f 3229//3229 3230//3230 3231//3231
f 3232//3232 3233//3233 3234//3234
f 3235//3235 3236//3236 3237//3237
f 3238//3238 3239//3239 3240//3240
f 3241//3241 3242//3242 3243//3243
f 3244//3244 3245//3245 3246//3246
f 3247//3247 3248//3248 3249//3249
f 3250//3250 3251//3251 3252//3252
f 3253//3253 3254//3254 3255//3255
f 3256//3256 3257//3257 3258//3258
f 3259//3259 3260//3260 3261//3261
f 3262//3262 3263//3263 3264//3264
f 3265//3265 3266//3266 3267//3267
f 3268//3268 3269//3269 3270//3270
f 3271//3271 3272//3272 3273//3273
f 3274//3274 3275//3275 3276//3276
f 3277//3277 3278//3278 3279//3279
f 3280//3280 3281//3281 3282//3282
f 3283//3283 3284//3284 3285//3285
f 3286//3286 3287//3287 3288//3288
f 3289//3289 3290//3290 3291//3291
f 3292//3292 3293//3293 3294//3294
f 3295//3295 3296//3296 3297//3297
f 3298//3298 3299//3299 3300//3300
f 3301//3301 3302//3302 3303//3303
f 3304//3304 3305//3305 3306//3306
f 3307//3307 3308//3308 3309//3309
f 3310//3310 3311//3311 3312//3312
f 3313//3313 3314//3314 3315//3315
f 3316//3316 3317//3317 3318//3318
f 3319//3319 3320//3320 3321//3321
f 3322//3322 3323//3323 3324//3324
f 3325//3325 3326//3326 3327//3327
f 3328//3328 3329//3329 3330//3330
f 3331//3331 3332//3332 3333//3333
f 3334//3334 3335//3335 3336//3336
f 3337//3337 3338//3338 3339//3339
f 3340//3340 3341//3341 3342//3342
f 3343//3343 3344//3344 3345//3345
f 3346//3346 3347//3347 3348//3348
f 3349//3349 3350//3350 3351//3351
f 3352//3352 3353//3353 3354//3354
f 3355//3355 3356//3356 3357//3357
f 3358//3358 3359//3359 3360//3360
f 3361//3361 3362//3362 3363//3363
f 3364//3364 3365//3365 3366//3366
f 3367//3367 3368//3368 3369//3369
f 3370//3370 3371//3371 3372//3372
f 3373//3373 3374//3374 3375//3375
f 3376//3376 3377//3377 3378//3378
f 3379//3379 3380//3380 3381//3381
f 3382//3382 3383//3383 3384//3384
f 3385//3385 3386//3386 3387//3387
f 3388//3388 3389//3389 3390//3390
f 3391//3391 3392//3392 3393//3393
f 3394//3394 3395//3395 3396//3396
f 3397//3397 3398//3398 3399//3399
f 3400//3400 3401//3401 3402//3402
f 3403//3403 3404//3404 3405//3405
f 3406//3406 3407//3407 3408//3408
f 3409//3409 3410//3410 3411//3411
f 3412//3412 3413//3413 3414//3414
f 3415//3415 3416//3416 3417//3417
f 3418//3418 3419//3419 3420//3420
f 3421//3421 3422//3422 3423//3423
f 3424//3424 3425//3425 3426//3426
f 3427//3427 3428//3428 3429//3429
f 3430//3430 3431//3431 3432//3432
f 3433//3433 3434//3434 3435//3435
f 3436//3436 3437//3437 3438//3438
f 3439//3439 3440//3440 3441//3441
f 3442//3442 3443//3443 3444//3444
f 3445//3445 3446//3446 3447//3447
f 3448//3448 3449//3449 3450//3450
f 3451//3451 3452//3452 3453//3453
f 3454//3454 3455//3455 3456//3456
f 3457//3457 3458//3458 3459//3459
f 3460//3460 3461//3461 3462//3462
f 3463//3463 3464//3464 3465//3465
f 3466//3466 3467//3467 3468//3468
f 3469//3469 3470//3470 3471//3471
f 3472//3472 3473//3473 3474//3474
f 3475//3475 3476//3476 3477//3477
f 3478//3478 3479//3479 3480//3480
f 3481//3481 3482//3482 3483//3483
f 3484//3484 3485//3485 3486//3486
f 3487//3487 3488//3488 3489//3489
f 3490//3490 3491//3491 3492//3492
f 3493//3493 3494//3494 3495//3495
f 3496//3496 3497//3497 3498//3498
f 3499//3499 3500//3500 3501//3501
f 3502//3502 3503//3503 3504//3504
f 3505//3505 3506//3506 3507//3507
f 3508//3508 3509//3509 3510//3510
f 3511//3511 3512//3512 3513//3513
f 3514//3514 3515//3515 3516//3516
f 3517//3517 3518//3518 3519//3519
f 3520//3520 3521//3521 3522//3522
f 3523//3523 3524//3524 3525//3525
f 3526//3526 3527//3527 3528//3528
f 3529//3529 3530//3530 3531//3531
f 3532//3532 3533//3533 3534//3534
f 3535//3535 3536//3536 3537//3537
f 3538//3538 3539//3539 3540//3540
f 3541//3541 3542//3542 3543//3543
f 3544//3544 3545//3545 3546//3546
f 3547//3547 3548//3548 3549//3549
f 3550//3550 3551//3551 3552//3552
f 3553//3553 3554//3554 3555//3555
f 3556//3556 3557//3557 3558//3558
f 3559//3559 3560//3560 3561//3561
f 3562//3562 3563//3563 3564//3564
f 3565//3565 3566//3566 3567//3567
f 3568//3568 3569//3569 3570//3570
f 3571//3571 3572//3572 3573//3573
f 3574//3574 3575//3575 3576//3576
f 3577//3577 3578//3578 3579//3579
f 3580//3580 3581//3581 3582//3582
f 3583//3583 3584//3584 3585//3585
f 3586//3586 3587//3587 3588//3588
f 3589//3589 3590//3590 3591//3591
f 3592//3592 3593//3593 3594//3594
f 3595//3595 3596//3596 3597//3597
f 3598//3598 3599//3599 3600//3600
f 3601//3601 3602//3602 3603//3603
f 3604//3604 3605//3605 3606//3606
f 3607//3607 3608//3608 3609//3609
f 3610//3610 3611//3611 3612//3612
f 3613//3613 3614//3614 3615//3615
f 3616//3616 3617//3617 3618//3618
f 3619//3619 3620//3620 3621//3621
f 3622//3622 3623//3623 3624//3624
f 3625//3625 3626//3626 3627//3627
f 3628//3628 3629//3629 3630//3630
f 3631//3631 3632//3632 3633//3633
f 3634//3634 3635//3635 3636//3636
f 3637//3637 3638//3638 3639//3639
f 3640//3640 3641//3641 3642//3642
f 3643//3643 3644//3644 3645//3645
f 3646//3646 3647//3647 3648//3648
f 3649//3649 3650//3650 3651//3651
f 3652//3652 3653//3653 3654//3654
f 3655//3655 3656//3656 3657//3657
f 3658//3658 3659//3659 3660//3660
f 3661//3661 3662//3662 3663//3663
f 3664//3664 3665//3665 3666//3666
f 3667//3667 3668//3668 3669//3669
f 3670//3670 3671//3671 3672//3672
f 3673//3673 3674//3674 3675//3675
f 3676//3676 3677//3677 3678//3678
f 3679//3679 3680//3680 3681//3681
f 3682//3682 3683//3683 3684//3684
f 3685//3685 3686//3686 3687//3687
f 3688//3688 3689//3689 3690//3690
f 3691//3691 3692//3692 3693//3693
f 3694//3694 3695//3695 3696//3696
f 3697//3697 3698//3698 3699//3699
f 3700//3700 3701//3701 3702//3702
f 3703//3703 3704//3704 3705//3705
f 3706//3706 3707//3707 3708//3708
f 3709//3709 3710//3710 3711//3711
f 3712//3712 3713//3713 3714//3714
f 3715//3715 3716//3716 3717//3717
f 3718//3718 3719//3719 3720//3720
f 3721//3721 3722//3722 3723//3723
f 3724//3724 3725//3725 3726//3726
f 3727//3727 3728//3728 3729//3729
f 3730//3730 3731//3731 3732//3732
f 3733//3733 3734//3734 3735//3735
f 3736//3736 3737//3737 3738//3738
f 3739//3739 3740//3740 3741//3741
f 3742//3742 3743//3743 3744//3744
f 3745//3745 3746//3746 3747//3747
f 3748//3748 3749//3749 3750//3750
f 3751//3751 3752//3752 3753//3753
f 3754//3754 3755//3755 3756//3756
f 3757//3757 3758//3758 3759//3759
f 3760//3760 3761//3761 3762//3762
f 3763//3763 3764//3764 3765//3765
f 3766//3766 3767//3767 3768//3768
f 3769//3769 3770//3770 3771//3771
f 3772//3772 3773//3773 3774//3774
f 3775//3775 3776//3776 3777//3777
f 3778//3778 3779//3779 3780//3780
f 3781//3781 3782//3782 3783//3783
f 3784//3784 3785//3785 3786//3786
f 3787//3787 3788//3788 3789//3789
f 3790//3790 3791//3791 3792//3792
f 3793//3793 3794//3794 3795//3795
f 3796//3796 3797//3797 3798//3798
f 3799//3799 3800//3800 3801//3801
f 3802//3802 3803//3803 3804//3804
f 3805//3805 3806//3806 3807//3807
f 3808//3808 3809//3809 3810//3810
f 3811//3811 3812//3812 3813//3813
f 3814//3814 3815//3815 3816//3816
f 3817//3817 3818//3818 3819//3819
f 3820//3820 3821//3821 3822//3822
f 3823//3823 3824//3824 3825//3825
f 3826//3826 3827//3827 3828//3828
f 3829//3829 3830//3830 3831//3831
f 3832//3832 3833//3833 3834//3834
f 3835//3835 3836//3836 3837//3837
f 3838//3838 3839//3839 3840//3840
f 3841//3841 3842//3842 3843//3843
f 3844//3844 3845//3845 3846//3846
f 3847//3847 3848//3848 3849//3849
f 3850//3850 3851//3851 3852//3852
f 3853//3853 3854//3854 3855//3855
f 3856//3856 3857//3857 3858//3858
f 3859//3859 3860//3860 3861//3861
f 3862//3862 3863//3863 3864//3864
f 3865//3865 3866//3866 3867//3867
f 3868//3868 3869//3869 3870//3870
f 3871//3871 3872//3872 3873//3873
f 3874//3874 3875//3875 3876//3876
f 3877//3877 3878//3878 3879//3879
f 3880//3880 3881//3881 3882//3882
f 3883//3883 3884//3884 3885//3885
f 3886//3886 3887//3887 3888//3888
f 3889//3889 3890//3890 3891//3891
f 3892//3892 3893//3893 3894//3894
f 3895//3895 3896//3896 3897//3897
f 3898//3898 3899//3899 3900//3900
f 3901//3901 3902//3902 3903//3903
f 3904//3904 3905//3905 3906//3906
f 3907//3907 3908//3908 3909//3909
f 3910//3910 3911//3911 3912//3912
f 3913//3913 3914//3914 3915//3915
f 3916//3916 3917//3917 3918//3918
f 3919//3919 3920//3920 3921//3921
f 3922//3922 3923//3923 3924//3924
f 3925//3925 3926//3926 3927//3927
f 3928//3928 3929//3929 3930//3930
f 3931//3931 3932//3932 3933//3933
f 3934//3934 3935//3935 3936//3936
f 3937//3937 3938//3938 3939//3939
f 3940//3940 3941//3941 3942//3942
f 3943//3943 3944//3944 3945//3945
f 3946//3946 3947//3947 3948//3948
f 3949//3949 3950//3950 3951//3951
f 3952//3952 3953//3953 3954//3954
f 3955//3955 3956//3956 3957//3957
f 3958//3958 3959//3959 3960//3960
f 3961//3961 3962//3962 3963//3963
f 3964//3964 3965//3965 3966//3966
f 3967//3967 3968//3968 3969//3969
f 3970//3970 3971//3971 3972//3972
f 3973//3973 3974//3974 3975//3975
f 3976//3976 3977//3977 3978//3978
f 3979//3979 3980//3980 3981//3981
f 3982//3982 3983//3983 3984//3984
f 3985//3985 3986//3986 3987//3987
f 3988//3988 3989//3989 3990//3990
f 3991//3991 3992//3992 3993//3993
f 3994//3994 3995//3995 3996//3996
f 3997//3997 3998//3998 3999//3999
f 4000//4000 4001//4001 4002//4002
f 4003//4003 4004//4004 4005//4005
f 4006//4006 4007//4007 4008//4008
f 4009//4009 4010//4010 4011//4011
f 4012//4012 4013//4013 4014//4014
f 4015//4015 4016//4016 4017//4017
f 4018//4018 4019//4019 4020//4020
f 4021//4021 4022//4022 4023//4023
f 4024//4024 4025//4025 4026//4026
f 4027//4027 4028//4028 4029//4029
f 4030//4030 4031//4031 4032//4032
f 4033//4033 4034//4034 4035//4035
f 4036//4036 4037//4037 4038//4038
f 4039//4039 4040//4040 4041//4041
f 4042//4042 4043//4043 4044//4044
f 4045//4045 4046//4046 4047//4047
f 4048//4048 4049//4049 4050//4050
f 4051//4051 4052//4052 4053//4053
f 4054//4054 4055//4055 4056//4056
f 4057//4057 4058//4058 4059//4059
f 4060//4060 4061//4061 4062//4062
f 4063//4063 4064//4064 4065//4065
f 4066//4066 4067//4067 4068//4068
f 4069//4069 4070//4070 4071//4071
f 4072//4072 4073//4073 4074//4074
f 4075//4075 4076//4076 4077//4077
f 4078//4078 4079//4079 4080//4080
f 4081//4081 4082//4082 4083//4083
f 4084//4084 4085//4085 4086//4086
f 4087//4087 4088//4088 4089//4089
f 4090//4090 4091//4091 4092//4092
f 4093//4093 4094//4094 4095//4095
f 4096//4096 4097//4097 4098//4098
f 4099//4099 4100//4100 4101//4101
f 4102//4102 4103//4103 4104//4104
f 4105//4105 4106//4106 4107//4107
f 4108//4108 4109//4109 4110//4110
f 4111//4111 4112//4112 4113//4113
f 4114//4114 4115//4115 4116//4116
f 4117//4117 4118//4118 4119//4119
f 4120//4120 4121//4121 4122//4122
f 4123//4123 4124//4124 4125//4125
f 4126//4126 4127//4127 4128//4128
f 4129//4129 4130//4130 4131//4131
f 4132//4132 4133//4133 4134//4134
f 4135//4135 4136//4136 4137//4137
f 4138//4138 4139//4139 4140//4140
f 4141//4141 4142//4142 4143//4143
f 4144//4144 4145//4145 4146//4146
f 4147//4147 4148//4148 4149//4149
f 4150//4150 4151//4151 4152//4152
f 4153//4153 4154//4154 4155//4155
f 4156//4156 4157//4157 4158//4158
f 4159//4159 4160//4160 4161//4161
f 4162//4162 4163//4163 4164//4164
f 4165//4165 4166//4166 4167//4167
f 4168//4168 4169//4169 4170//4170
f 4171//4171 4172//4172 4173//4173
f 4174//4174 4175//4175 4176//4176
f 4177//4177 4178//4178 4179//4179
f 4180//4180 4181//4181 4182//4182
f 4183//4183 4184//4184 4185//4185
f 4186//4186 4187//4187 4188//4188
f 4189//4189 4190//4190 4191//4191
f 4192//4192 4193//4193 4194//4194
f 4195//4195 4196//4196 4197//4197
f 4198//4198 4199//4199 4200//4200
f 4201//4201 4202//4202 4203//4203
f 4204//4204 4205//4205 4206//4206
f 4207//4207 4208//4208 4209//4209
f 4210//4210 4211//4211 4212//4212
f 4213//4213 4214//4214 4215//4215
f 4216//4216 4217//4217 4218//4218
f 4219//4219 4220//4220 4221//4221
f 4222//4222 4223//4223 4224//4224
f 4225//4225 4226//4226 4227//4227
f 4228//4228 4229//4229 4230//4230
f 4231//4231 4232//4232 4233//4233
f 4234//4234 4235//4235 4236//4236
f 4237//4237 4238//4238 4239//4239
f 4240//4240 4241//4241 4242//4242
f 4243//4243 4244//4244 4245//4245
f 4246//4246 4247//4247 4248//4248
f 4249//4249 4250//4250 4251//4251
f 4252//4252 4253//4253 4254//4254
f 4255//4255 4256//4256 4257//4257
f 4258//4258 4259//4259 4260//4260
f 4261//4261 4262//4262 4263//4263
f 4264//4264 4265//4265 4266//4266
f 4267//4267 4268//4268 4269//4269
f 4270//4270 4271//4271 4272//4272
f 4273//4273 4274//4274 4275//4275
f 4276//4276 4277//4277 4278//4278
f 4279//4279 4280//4280 4281//4281
f 4282//4282 4283//4283 4284//4284
f 4285//4285 4286//4286 4287//4287
f 4288//4288 4289//4289 4290//4290
f 4291//4291 4292//4292 4293//4293
f 4294//4294 4295//4295 4296//4296
f 4297//4297 4298//4298 4299//4299
f 4300//4300 4301//4301 4302//4302
f 4303//4303 4304//4304 4305//4305
f 4306//4306 4307//4307 4308//4308
f 4309//4309 4310//4310 4311//4311
f 4312//4312 4313//4313 4314//4314
f 4315//4315 4316//4316 4317//4317
f 4318//4318 4319//4319 4320//4320
f 4321//4321 4322//4322 4323//4323
f 4324//4324 4325//4325 4326//4326
f 4327//4327 4328//4328 4329//4329
f 4330//4330 4331//4331 4332//4332
f 4333//4333 4334//4334 4335//4335
f 4336//4336 4337//4337 4338//4338
f 4339//4339 4340//4340 4341//4341
f 4342//4342 4343//4343 4344//4344
f 4345//4345 4346//4346 4347//4347
f 4348//4348 4349//4349 4350//4350
f 4351//4351 4352//4352 4353//4353
f 4354//4354 4355//4355 4356//4356
f 4357//4357 4358//4358 4359//4359
f 4360//4360 4361//4361 4362//4362
f 4363//4363 4364//4364 4365//4365
f 4366//4366 4367//4367 4368//4368
f 4369//4369 4370//4370 4371//4371
f 4372//4372 4373//4373 4374//4374
f 4375//4375 4376//4376 4377//4377
f 4378//4378 4379//4379 4380//4380
f 4381//4381 4382//4382 4383//4383
f 4384//4384 4385//4385 4386//4386
f 4387//4387 4388//4388 4389//4389
f 4390//4390 4391//4391 4392//4392
f 4393//4393 4394//4394 4395//4395
f 4396//4396 4397//4397 4398//4398
f 4399//4399 4400//4400 4401//4401
f 4402//4402 4403//4403 4404//4404
f 4405//4405 4406//4406 4407//4407
f 4408//4408 4409//4409 4410//4410
f 4411//4411 4412//4412 4413//4413
f 4414//4414 4415//4415 4416//4416
f 4417//4417 4418//4418 4419//4419
f 4420//4420 4421//4421 4422//4422
f 4423//4423 4424//4424 4425//4425
f 4426//4426 4427//4427 4428//4428
f 4429//4429 4430//4430 4431//4431
f 4432//4432 4433//4433 4434//4434
f 4435//4435 4436//4436 4437//4437
f 4438//4438 4439//4439 4440//4440
f 4441//4441 4442//4442 4443//4443
f 4444//4444 4445//4445 4446//4446
f 4447//4447 4448//4448 4449//4449
f 4450//4450 4451//4451 4452//4452
f 4453//4453 4454//4454 4455//4455
f 4456//4456 4457//4457 4458//4458
f 4459//4459 4460//4460 4461//4461
f 4462//4462 4463//4463 4464//4464
f 4465//4465 4466//4466 4467//4467
f 4468//4468 4469//4469 4470//4470
f 4471//4471 4472//4472 4473//4473
f 4474//4474 4475//4475 4476//4476
f 4477//4477 4478//4478 4479//4479
f 4480//4480 4481//4481 4482//4482
f 4483//4483 4484//4484 4485//4485
f 4486//4486 4487//4487 4488//4488
f 4489//4489 4490//4490 4491//4491
f 4492//4492 4493//4493 4494//4494
f 4495//4495 4496//4496 4497//4497
f 4498//4498 4499//4499 4500//4500
