# 03_person — split from wip_-_lowpoly_people_-_1.glb
# WIP - Lowpoly People - 1 by Loic Norgeot, CC-BY-4.0
# https://sketchfab.com/3d-models/wip-lowpoly-people-1-8cfd467af4334ea384d854109865f939
v -43.022113 13.410694 144.733981
v -42.941611 9.334398 145.639582
v -43.120092 8.134231 147.179957
v -30.279584 84.146160 143.691000
v -31.518900 84.464181 145.005344
v -32.001582 84.113097 143.641821
v -31.394829 82.724065 142.861346
v -30.279584 84.146160 143.691000
v -32.001582 84.113097 143.641821
v -31.002383 1.985758 137.973677
v -30.701123 1.441645 136.238542
v -29.821171 1.472401 137.635963
v -30.336617 1.358616 134.025785
v -29.492168 2.478420 135.428260
v -30.537987 0.694894 134.700700
v -32.097690 44.172418 151.443449
v -31.996165 40.375856 151.608122
v -34.348659 40.257335 148.083259
v -44.724266 58.871943 141.350543
v -45.546349 59.896696 141.631048
v -44.959194 59.842318 140.017849
v -41.396517 54.951841 148.153748
v -42.021585 52.575696 149.166334
v -39.408318 57.517988 149.114289
v -45.546349 59.896696 141.631048
v -44.724266 58.871943 141.350543
v -44.197621 56.637037 142.155899
v -31.245578 63.478780 147.510528
v -31.668522 60.035992 148.895325
v -31.010469 62.351567 148.485004
v -32.081342 12.269822 137.121558
v -32.572573 13.453752 138.481423
v -33.869727 15.159276 136.443769
v -32.081342 12.269822 137.121558
v -30.777850 11.893719 138.006939
v -32.572573 13.453752 138.481423
v -30.041257 90.302599 148.512469
v -32.228380 87.976098 148.963433
v -30.004823 88.876313 148.761825
v -24.231812 33.828986 151.081509
v -24.268546 30.499724 151.893768
v -24.458341 33.396590 149.361061
v -46.615117 61.134064 141.241151
v -46.694751 61.280215 141.328543
v -46.622043 61.338961 141.079886
v -33.203492 1.953548 132.933913
v -32.138674 0.852346 132.960086
v -32.765770 0.656306 134.440328
v -33.844956 1.688772 134.207742
v -33.726213 5.308914 133.086677
v -33.203492 1.953548 132.933913
v -23.148618 54.896980 145.648080
v -23.407637 55.885911 146.398009
v -22.424717 55.113000 145.435948
v -27.929374 89.197808 144.626601
v -28.119967 91.280973 145.810099
v -28.363730 87.293774 145.750686
v -44.472950 1.077229 147.379900
v -45.087369 2.881891 147.630226
v -43.749708 2.790052 145.697343
v -40.403429 10.287452 143.914945
v -41.435833 4.092771 142.664833
v -42.144973 9.598270 144.412296
v -29.432013 31.317425 150.290417
v -27.794433 31.572884 149.251349
v -28.128731 29.428557 150.993205
v -35.633055 95.584590 149.060420
v -37.167471 93.864519 147.284585
v -34.562520 94.980228 149.512253
v -27.753347 29.763377 152.527197
v -28.128731 29.428557 150.993205
v -26.919130 29.036832 151.727664
v -31.175390 10.786736 134.399902
v -29.518040 14.122679 134.113965
v -29.691879 9.410500 135.097995
v -29.518040 14.122679 134.113965
v -28.585926 13.128617 135.353727
v -29.691879 9.410500 135.097995
v -33.284898 9.377309 135.051659
v -32.689827 9.867444 135.640394
v -32.423890 10.201487 134.623995
v -30.541344 9.327554 138.158393
v -29.488597 11.859768 137.962889
v -30.777850 11.893719 138.006939
v -34.494138 36.087638 146.387628
v -35.844909 29.589936 147.622949
v -34.555240 31.774274 144.533151
v -30.005263 0.585872 138.885617
v -29.544526 1.060730 141.755836
v -32.366599 3.447145 137.457385
v -32.550370 70.980561 148.388171
v -31.653038 71.754098 147.063340
v -34.845895 79.527086 145.125918
v -46.534017 61.513752 141.695680
v -45.850745 61.508584 142.275322
v -46.263784 62.165940 143.664501
v -41.983978 34.863317 135.849985
v -42.378274 34.492058 139.324048
v -42.479453 34.468278 137.335902
v -41.983978 34.863317 135.849985
v -42.063378 35.672390 135.165910
v -41.888192 36.598858 138.156493
v -28.079003 12.871819 137.519391
v -28.242577 13.496047 139.181026
v -29.488597 11.859768 137.962889
v -22.386377 33.253434 146.783399
v -21.491558 32.769522 144.604493
v -22.027239 33.004653 146.571853
v -42.321706 49.067643 137.722940
v -42.444124 35.587567 134.350958
v -42.815171 37.477210 138.221753
v -44.011256 14.670441 144.198974
v -44.098040 14.003238 145.785484
v -43.324351 30.473796 144.477111
v -35.442340 35.696351 138.379812
v -34.317892 37.349582 137.332462
v -34.257400 37.921557 140.658357
v -30.923601 34.913575 134.311571
v -32.265176 36.061868 137.844248
v -33.405350 37.994277 139.382301
v -42.597908 35.447222 141.057949
v -41.231405 35.058624 140.108179
v -43.090423 31.193227 142.786686
v -33.406136 35.389334 142.122124
v -34.172681 36.534047 141.433338
v -33.472578 35.726398 141.318699
v -34.295779 34.353322 142.051432
v -33.406136 35.389334 142.122124
v -33.626703 35.826749 143.280991
v -32.938390 35.526508 142.509633
v -33.375314 41.392922 144.595170
v -33.626703 35.826749 143.280991
v -34.172681 36.534047 141.433338
v -33.484418 36.971834 141.469610
v -33.472578 35.726398 141.318699
v -34.172681 36.534047 141.433338
v -34.257400 37.921557 140.658357
v -33.484418 36.971834 141.469610
v -44.197621 56.637037 142.155899
v -43.365304 52.978409 145.842071
v -45.546349 59.896696 141.631048
v -39.188611 80.539966 135.832667
v -42.303697 78.532684 137.430499
v -43.654186 80.746561 138.638412
v -38.001606 28.659526 139.939148
v -37.062017 35.952294 137.814895
v -35.442340 35.696351 138.379812
v -27.916891 95.799983 145.503999
v -26.987391 94.220185 144.326709
v -27.454853 96.110701 141.965615
v -29.951210 30.906427 134.021755
v -29.143788 34.697896 133.475521
v -28.103004 31.269082 133.786588
v -20.176470 35.753154 141.250358
v -21.130967 33.880961 140.023359
v -21.325029 38.076400 138.839524
v -23.341082 32.595062 146.844190
v -22.386377 33.253434 146.783399
v -22.307538 32.884300 146.861027
v -29.703371 87.591016 139.304737
v -28.935970 88.349533 139.440453
v -28.225601 87.938142 141.935787
v -31.867087 35.940915 131.760832
v -30.651459 35.219359 131.645388
v -30.617504 34.854507 132.395933
v -20.752470 74.294275 140.953323
v -19.379327 72.098076 140.538391
v -20.535261 78.795218 140.954394
v -42.144973 9.598270 144.412296
v -42.941611 9.334398 145.639582
v -43.022113 13.410694 144.733981
v -27.575232 34.821143 132.494911
v -30.617504 34.854507 132.395933
v -30.651459 35.219359 131.645388
v -30.651459 35.219359 131.645388
v -26.981183 36.141091 131.951348
v -27.575232 34.821143 132.494911
v -27.575232 34.821143 132.494911
v -26.981183 36.141091 131.951348
v -24.681868 37.528392 133.302883
v -37.223359 94.959420 146.039168
v -34.489528 97.555906 142.997247
v -35.065120 95.986295 140.504658
v -33.643489 34.886330 133.009846
v -31.867087 35.940915 131.760832
v -30.617504 34.854507 132.395933
v -31.867087 35.940915 131.760832
v -33.643489 34.886330 133.009846
v -34.455666 35.961765 132.541865
v -35.389789 35.362893 133.782977
v -34.455666 35.961765 132.541865
v -33.643489 34.886330 133.009846
v -26.281926 91.219336 142.207778
v -26.972451 92.009997 144.180149
v -26.729618 89.325941 143.531262
v -32.088164 47.859445 145.943161
v -33.069850 48.984426 147.234855
v -33.449576 47.990134 145.644008
v -22.871314 62.550723 136.104200
v -22.580565 59.296166 136.773443
v -23.871743 63.912695 134.205662
v -30.710236 48.516065 147.942703
v -32.211224 55.914849 149.506477
v -31.569378 52.538401 148.898774
v -37.193160 37.035978 136.129940
v -35.255734 37.101456 136.702800
v -37.062017 35.952294 137.814895
v -35.442340 35.696351 138.379812
v -37.062017 35.952294 137.814895
v -35.255734 37.101456 136.702800
v -32.044396 50.879914 149.866703
v -32.753665 54.109657 150.963516
v -31.490034 48.172534 152.310468
v -33.406136 35.389334 142.122124
v -34.295779 34.353322 142.051432
v -34.172681 36.534047 141.433338
v -18.982155 60.230893 141.801859
v -17.688319 59.650808 141.349877
v -17.735520 61.635834 140.339211
v -28.172607 74.197698 146.578825
v -28.090028 81.844830 142.380822
v -28.481667 76.599407 144.489158
v -30.701123 1.441645 136.238542
v -29.492168 2.478420 135.428260
v -29.821171 1.472401 137.635963
v -21.325029 38.076400 138.839524
v -21.298909 38.481080 140.231079
v -20.176470 35.753154 141.250358
v -32.312389 0.906843 135.688262
v -30.701123 1.441645 136.238542
v -31.002383 1.985758 137.973677
v -29.375331 91.230231 137.162751
v -29.356684 89.144075 137.547412
v -30.435501 89.346599 136.912976
v -30.435501 89.346599 136.912976
v -30.053332 88.473749 138.728215
v -31.011685 87.740290 138.369436
v -41.498365 69.177622 144.320002
v -41.860682 65.736878 143.811207
v -40.189901 59.345883 146.167597
v -31.011685 87.740290 138.369436
v -29.703371 87.591016 139.304737
v -29.682166 84.198701 136.734758
v -32.364866 86.487526 138.121210
v -32.797867 87.729668 138.001290
v -31.011685 87.740290 138.369436
v -32.364866 86.487526 138.121210
v -31.011685 87.740290 138.369436
v -29.682166 84.198701 136.734758
v -31.814851 90.611386 137.145563
v -32.705049 90.040994 138.176621
v -34.328397 90.282720 138.196713
v -26.867399 83.128655 140.804115
v -28.115502 85.314643 139.257011
v -28.413953 85.437751 141.301205
v -19.888260 74.879866 135.575805
v -18.352301 74.016892 137.669774
v -18.860278 68.149352 135.559305
v -34.494138 36.087638 146.387628
v -33.375314 41.392922 144.595170
v -33.771753 44.428465 145.547007
v -40.451315 56.739384 148.118497
v -40.136696 55.860442 147.496898
v -41.606602 55.320490 146.935618
v -28.396635 0.724184 137.178374
v -29.821171 1.472401 137.635963
v -28.338650 2.719223 136.112074
v -19.680553 61.484044 135.226579
v -21.313240 60.228389 135.353732
v -20.518553 64.378189 134.695847
v -26.323311 0.687194 138.616927
v -26.762761 1.405799 137.371125
v -25.242773 1.722991 138.897184
v -29.821171 1.472401 137.635963
v -28.396635 0.724184 137.178374
v -30.005263 0.585872 138.885617
v -33.091919 88.463855 149.597090
v -32.228380 87.976098 148.963433
v -33.325024 90.265394 148.959253
v -27.163275 62.046695 147.297777
v -30.710236 48.516065 147.942703
v -30.384710 42.963588 147.678952
v -25.586074 2.739531 141.961450
v -25.386572 3.146356 140.348943
v -26.699437 3.694957 140.388675
v -23.652077 60.762286 146.635921
v -25.275777 65.151489 147.387591
v -24.500371 56.024736 148.838946
v -24.522211 36.013359 145.933933
v -26.307229 35.269743 146.722679
v -24.312672 35.459468 143.064683
v -36.369411 83.083087 141.901213
v -36.137324 84.879673 140.846766
v -38.490435 83.106661 141.060603
v -25.386572 3.146356 140.348943
v -25.044970 1.832419 142.511218
v -24.179026 1.097923 141.531169
v -24.179026 1.097923 141.531169
v -24.060756 1.400912 143.184071
v -25.373708 0.426257 143.944878
v -24.060756 1.400912 143.184071
v -25.317646 1.404107 143.841251
v -25.373708 0.426257 143.944878
v -27.617342 0.571745 141.399715
v -25.373708 0.426257 143.944878
v -29.156973 1.730114 142.326220
v -29.156973 1.730114 142.326220
v -25.373708 0.426257 143.944878
v -27.652389 1.599783 143.157828
v -25.317646 1.404107 143.841251
v -25.586074 2.739531 141.961450
v -27.652389 1.599783 143.157828
v -25.317646 1.404107 143.841251
v -25.044970 1.832419 142.511218
v -25.586074 2.739531 141.961450
v -25.317646 1.404107 143.841251
v -27.652389 1.599783 143.157828
v -25.373708 0.426257 143.944878
v -21.000920 40.573972 147.995496
v -22.249102 38.421938 144.347269
v -22.694465 43.884814 147.899417
v -22.249102 38.421938 144.347269
v -22.851835 43.104175 142.448161
v -22.882539 41.958815 143.494943
v -43.654186 80.746561 138.638412
v -44.139765 79.814589 141.584249
v -42.910453 82.054722 139.012744
v -28.585926 13.128617 135.353727
v -27.156637 15.470183 136.874567
v -28.079003 12.871819 137.519391
v -29.488597 11.859768 137.962889
v -28.242577 13.496047 139.181026
v -29.495745 14.526868 140.164200
v -31.176054 12.998485 139.289641
v -29.488597 11.859768 137.962889
v -29.495745 14.526868 140.164200
v -26.987391 94.220185 144.326709
v -27.532022 94.994122 139.691183
v -27.454853 96.110701 141.965615
v -26.762761 1.405799 137.371125
v -26.323311 0.687194 138.616927
v -28.396635 0.724184 137.178374
v -29.975125 23.414966 143.419383
v -29.177592 32.596904 145.882386
v -32.358923 20.244005 140.678160
v -35.025293 29.643911 150.463948
v -34.026596 30.424020 152.253742
v -36.250195 31.915716 151.835432
v -34.684184 86.252725 145.021688
v -33.541696 85.456264 143.539830
v -31.518900 84.464181 145.005344
v -30.588242 67.481983 146.999132
v -29.747693 69.905627 147.583957
v -30.586362 72.576457 146.677992
v -29.156973 1.730114 142.326220
v -29.544526 1.060730 141.755836
v -27.617342 0.571745 141.399715
v -44.139765 79.814589 141.584249
v -43.331302 77.464748 142.629651
v -42.171120 80.748362 143.006927
v -43.925959 7.619763 148.079386
v -43.322870 5.397189 145.151697
v -45.087369 2.881891 147.630226
v -28.774761 10.390532 137.336089
v -28.946821 8.367795 138.454396
v -28.360066 7.767850 137.558246
v -27.190580 30.581972 152.595018
v -26.081923 53.248471 149.092344
v -27.749231 46.138090 148.330255
v -21.491558 32.769522 144.604493
v -21.973917 34.408918 145.605349
v -22.635528 34.203806 142.964463
v -31.039673 91.629559 149.281068
v -33.907631 92.197365 149.146188
v -33.325024 90.265394 148.959253
v -21.570234 31.807768 145.689515
v -22.972004 32.381394 146.440178
v -21.491558 32.769522 144.604493
v -21.900353 57.745844 138.846416
v -22.674305 57.336932 137.989302
v -22.580565 59.296166 136.773443
v -21.929736 74.471151 135.778617
v -23.408694 75.908297 134.804246
v -21.531998 76.700961 135.646692
v -20.620999 32.695386 145.216923
v -21.491558 32.769522 144.604493
v -21.808709 33.425212 140.255238
v -24.581772 34.331387 140.466530
v -25.734437 35.679549 134.964343
v -23.590513 35.548043 139.393788
v -44.098040 14.003238 145.785484
v -43.286951 16.913397 147.086413
v -42.387764 23.368082 147.446830
v -20.620999 32.695386 145.216923
v -21.371772 32.526246 146.829362
v -21.570234 31.807768 145.689515
v -21.973917 34.408918 145.605349
v -22.386377 33.253434 146.783399
v -24.412670 35.635391 146.944474
v -20.387182 33.421811 146.381641
v -21.371772 32.526246 146.829362
v -20.620999 32.695386 145.216923
v -22.764979 31.445774 146.740690
v -23.121851 31.758979 146.034268
v -21.570234 31.807768 145.689515
v -34.489528 97.555906 142.997247
v -33.524886 96.923125 139.923924
v -35.065120 95.986295 140.504658
v -24.383181 33.500326 148.410381
v -25.454339 32.796657 148.947631
v -24.563179 33.685982 147.842628
v -22.894105 77.621960 141.602275
v -26.343676 76.117641 145.125091
v -24.811957 73.666608 144.606109
v -42.526433 53.861112 143.800569
v -43.149970 52.715272 142.540456
v -42.742308 51.846874 144.405887
v -40.392434 1.880503 142.699511
v -39.957800 0.229532 143.791571
v -42.156361 0.332940 144.705136
v -33.907631 92.197365 149.146188
v -34.920527 89.938885 147.454940
v -33.325024 90.265394 148.959253
v -31.793964 33.006501 142.213248
v -32.406427 24.800271 139.823766
v -29.177592 32.596904 145.882386
v -22.263709 34.598824 137.858446
v -21.808709 33.425212 140.255238
v -22.274434 35.131782 140.141606
v -23.031003 70.284009 145.744550
v -23.128136 71.792251 146.122858
v -23.555690 70.019346 146.375456
v -22.963980 72.150403 145.559094
v -24.347383 73.134673 145.313770
v -23.128136 71.792251 146.122858
v -21.808709 33.425212 140.255238
v -21.130967 33.880961 140.023359
v -20.620999 32.695386 145.216923
v -43.008208 65.556068 144.435832
v -44.434075 65.391666 143.615886
v -44.552604 61.764282 144.526109
v -24.347383 73.134673 145.313770
v -26.343676 76.117641 145.125091
v -25.161744 72.929776 145.926925
v -22.764979 31.445774 146.740690
v -23.364916 32.186049 146.647758
v -23.121851 31.758979 146.034268
v -23.625712 32.760483 146.731242
v -23.212364 33.117750 146.685524
v -23.170544 32.513183 146.747329
v -22.972004 32.381394 146.440178
v -23.170544 32.513183 146.747329
v -23.212364 33.117750 146.685524
v -22.972004 32.381394 146.440178
v -23.625712 32.760483 146.731242
v -23.364916 32.186049 146.647758
v -24.563179 33.685982 147.842628
v -23.121851 31.758979 146.034268
v -23.341082 32.595062 146.844190
v -23.341082 32.595062 146.844190
v -23.625712 32.760483 146.731242
v -23.170544 32.513183 146.747329
v -23.121851 31.758979 146.034268
v -23.364916 32.186049 146.647758
v -23.341082 32.595062 146.844190
v -24.383181 33.500326 148.410381
v -24.563179 33.685982 147.842628
v -23.341082 32.595062 146.844190
v -47.009032 0.994439 152.292055
v -45.442544 2.130992 150.961171
v -46.755167 1.059580 149.701888
v -43.090423 31.193227 142.786686
v -43.086100 33.816964 141.751163
v -42.597908 35.447222 141.057949
v -23.341082 32.595062 146.844190
v -23.212364 33.117750 146.685524
v -22.386377 33.253434 146.783399
v -32.217500 41.022372 143.863566
v -33.375285 44.106346 144.502702
v -33.375314 41.392922 144.595170
v -42.742308 51.846874 144.405887
v -43.365304 52.978409 145.842071
v -42.526433 53.861112 143.800569
v -21.371772 32.526246 146.829362
v -21.811761 33.463916 147.071576
v -22.027239 33.004653 146.571853
v -22.386377 33.253434 146.783399
v -21.811761 33.463916 147.071576
v -21.940012 32.837531 146.812014
v -22.307538 32.884300 146.861027
v -22.386377 33.253434 146.783399
v -21.940012 32.837531 146.812014
v -21.940012 32.837531 146.812014
v -21.811761 33.463916 147.071576
v -22.254266 32.596949 146.852943
v -20.820787 54.685849 142.712041
v -22.387751 54.552591 142.792810
v -21.592077 55.094379 141.778479
v -37.589117 35.696792 134.258399
v -35.389789 35.362893 133.782977
v -37.193160 37.035978 136.129940
v -25.064601 29.649449 151.605004
v -24.458341 33.396590 149.361061
v -24.268546 30.499724 151.893768
v -46.119880 62.949133 144.010817
v -46.479308 67.237997 142.040045
v -47.268760 63.090039 142.857062
v -22.274434 35.131782 140.141606
v -23.342370 35.208115 137.742779
v -22.263709 34.598824 137.858446
v -30.545019 97.166896 145.386242
v -28.512735 97.679722 142.111983
v -29.977929 97.744512 142.406423
v -32.088164 47.859445 145.943161
v -33.449576 47.990134 145.644008
v -32.574454 45.612103 144.896383
v -24.347383 73.134673 145.313770
v -24.025377 72.794080 143.861682
v -24.811957 73.666608 144.606109
v -20.176470 35.753154 141.250358
v -21.298909 38.481080 140.231079
v -21.770879 37.224674 141.868055
v -30.569787 60.115379 149.048410
v -27.623780 64.311749 147.845301
v -27.820893 64.803439 148.384103
v -32.544760 39.649955 152.112885
v -31.996165 40.375856 151.608122
v -32.361278 41.738534 152.208859
v -36.693835 86.117196 143.332249
v -37.528908 87.936646 143.226984
v -37.420916 85.345775 143.840361
v -20.586815 57.724124 137.459395
v -19.657644 58.297640 136.624279
v -18.206318 58.293485 138.155928
v -20.942941 57.467419 139.153423
v -20.586815 57.724124 137.459395
v -19.399233 58.150792 139.036891
v -22.580565 59.296166 136.773443
v -22.674305 57.336932 137.989302
v -23.924670 54.459184 135.364503
v -30.620622 81.246572 135.087069
v -27.071819 78.914183 133.934054
v -27.445637 71.118670 133.547196
v -20.820787 54.685849 142.712041
v -20.564194 56.143838 140.002075
v -19.678900 56.187385 141.111612
v -33.541696 85.456264 143.539830
v -32.001582 84.113097 143.641821
v -31.518900 84.464181 145.005344
v -29.434211 18.515864 133.276344
v -28.103004 31.269082 133.786588
v -27.982478 17.488226 134.294213
v -44.959194 59.842318 140.017849
v -46.009012 61.186820 140.008273
v -43.524265 63.887316 137.571719
v -22.368564 54.320878 141.392659
v -22.387751 54.552591 142.792810
v -22.942403 52.893096 143.292726
v -21.592077 55.094379 141.778479
v -22.387751 54.552591 142.792810
v -22.368564 54.320878 141.392659
v -37.193160 37.035978 136.129940
v -38.597587 36.713183 138.263402
v -39.352691 37.912881 137.929969
v -23.148618 54.896980 145.648080
v -23.256047 55.429923 144.463318
v -24.563489 55.560702 145.270193
v -22.906434 66.387534 140.649535
v -22.740438 66.908347 139.886233
v -22.072827 68.785017 141.244389
v -34.494138 36.087638 146.387628
v -34.348659 40.257335 148.083259
v -35.359218 31.033719 148.558090
v -31.171511 66.753584 147.695976
v -30.284139 67.257679 148.107915
v -30.588242 67.481983 146.999132
v -44.406522 32.989341 144.515353
v -43.086100 33.816964 141.751163
v -43.090423 31.193227 142.786686
v -22.562734 61.171984 136.732762
v -21.918048 60.038095 136.257996
v -22.580565 59.296166 136.773443
v -35.255734 37.101456 136.702800
v -35.389789 35.362893 133.782977
v -34.317892 37.349582 137.332462
v -21.900353 57.745844 138.846416
v -20.942941 57.467419 139.153423
v -21.592077 55.094379 141.778479
v -21.592077 55.094379 141.778479
v -20.942941 57.467419 139.153423
v -20.564194 56.143838 140.002075
v -21.207015 61.733776 139.504102
v -23.018618 59.837061 139.911240
v -21.885226 59.482550 141.270716
v -17.429664 59.845548 139.311476
v -17.735520 61.635834 140.339211
v -17.985264 59.301298 140.382680
v -28.911582 89.999318 138.196303
v -30.053332 88.473749 138.728215
v -29.356684 89.144075 137.547412
v -30.588242 67.481983 146.999132
v -30.586362 72.576457 146.677992
v -31.653038 71.754098 147.063340
v -20.820787 54.685849 142.712041
v -20.151653 55.511492 143.316969
v -21.326298 52.316332 145.873698
v -21.333739 51.780891 147.048602
v -20.809791 49.781370 146.983167
v -21.326298 52.316332 145.873698
v -34.845895 79.527086 145.125918
v -31.653038 71.754098 147.063340
v -33.429105 76.384962 144.889872
v -21.207015 61.733776 139.504102
v -22.279813 62.022572 139.513458
v -23.018618 59.837061 139.911240
v -22.308856 60.467112 141.671533
v -21.885226 59.482550 141.270716
v -23.018618 59.837061 139.911240
v -19.416231 59.056365 141.633905
v -17.688319 59.650808 141.349877
v -18.982155 60.230893 141.801859
v -47.009032 0.994439 152.292055
v -46.321291 0.793070 154.703994
v -45.442544 2.130992 150.961171
v -25.052982 32.678521 152.620733
v -24.268546 30.499724 151.893768
v -23.996192 42.678049 151.290517
v -45.143457 75.720316 140.103764
v -44.579441 71.888370 142.256531
v -44.472233 76.417482 141.344973
v -33.484418 36.971834 141.469610
v -33.013449 37.564689 140.603925
v -32.265176 36.061868 137.844248
v -22.424717 55.113000 145.435948
v -23.407637 55.885911 146.398009
v -22.977637 55.821216 147.023057
v -21.744689 54.558891 145.623630
v -23.074677 53.532386 148.404259
v -21.333739 51.780891 147.048602
v -22.249102 38.421938 144.347269
v -22.736498 41.888490 145.347272
v -22.694465 43.884814 147.899417
v -30.586362 72.576457 146.677992
v -29.747693 69.905627 147.583957
v -28.172607 74.197698 146.578825
v -23.399875 66.193819 135.030075
v -22.555054 66.237497 135.384083
v -22.871314 62.550723 136.104200
v -32.113444 9.127104 133.379968
v -31.175390 10.786736 134.399902
v -30.723211 8.767399 133.796696
v -25.211953 75.342929 134.012142
v -23.408694 75.908297 134.804246
v -25.091737 71.678358 133.614143
v -28.276366 23.647433 143.187287
v -27.237663 16.342595 139.035156
v -27.377137 29.115456 144.011579
v -20.960251 73.811852 134.556924
v -22.672185 73.236668 135.125745
v -21.007232 75.195181 135.321538
v -21.007232 75.195181 135.321538
v -22.672185 73.236668 135.125745
v -21.929736 74.471151 135.778617
v -38.496409 54.998129 133.709135
v -40.742232 56.898892 134.816023
v -40.277456 75.938666 135.465519
v -17.891202 68.120092 139.675404
v -18.637127 73.280453 138.712332
v -18.864101 67.838603 139.943817
v -21.744689 54.558891 145.623630
v -22.424717 55.113000 145.435948
v -22.977637 55.821216 147.023057
v -21.805931 68.404543 140.654567
v -22.072827 68.785017 141.244389
v -22.740438 66.908347 139.886233
v -22.157422 65.421468 140.858233
v -22.906434 66.387534 140.649535
v -22.351002 67.465585 141.516590
v -32.366599 3.447145 137.457385
v -32.312389 0.906843 135.688262
v -31.002383 1.985758 137.973677
v -22.242342 71.127337 141.967099
v -22.222367 64.023703 142.104262
v -22.351002 67.465585 141.516590
v -40.038109 14.194486 142.441614
v -39.259718 13.158727 144.568613
v -40.920703 12.730220 143.733863
v -21.429366 72.663259 140.390166
v -21.499949 72.681152 140.533274
v -21.501593 72.665178 140.533756
v -41.396517 54.951841 148.153748
v -43.025532 55.088449 146.684217
v -42.021585 52.575696 149.166334
v -22.963980 72.150403 145.559094
v -23.128136 71.792251 146.122858
v -23.031003 70.284009 145.744550
v -28.119589 61.305356 133.195658
v -25.788290 57.866716 133.984459
v -29.030191 49.291044 132.290626
v -28.975953 81.489360 141.825991
v -30.601089 81.311428 142.300711
v -33.146607 79.941046 143.408376
v -21.531998 76.700961 135.646692
v -21.007232 75.195181 135.321538
v -21.929736 74.471151 135.778617
v -19.888260 74.879866 135.575805
v -21.007232 75.195181 135.321538
v -21.278966 79.479110 135.887723
v -30.588242 67.481983 146.999132
v -31.653038 71.754098 147.063340
v -31.171511 66.753584 147.695976
v -18.998334 77.074754 138.314156
v -18.637127 73.280453 138.712332
v -18.352301 74.016892 137.669774
v -19.410589 79.412722 138.797118
v -20.006858 78.985387 136.674254
v -21.238070 81.125897 137.637092
v -24.770396 82.702458 138.414994
v -23.291851 80.404019 140.800497
v -20.458579 80.426555 139.708833
v -35.442340 35.696351 138.379812
v -35.255734 37.101456 136.702800
v -34.317892 37.349582 137.332462
v -27.327646 82.842600 142.187254
v -28.413953 85.437751 141.301205
v -28.603631 84.137487 141.957701
v -28.911582 89.999318 138.196303
v -28.935970 88.349533 139.440453
v -30.053332 88.473749 138.728215
v -28.935970 88.349533 139.440453
v -29.703371 87.591016 139.304737
v -30.053332 88.473749 138.728215
v -27.622014 88.667428 138.842712
v -26.798293 88.787246 141.643743
v -28.225601 87.938142 141.935787
v -27.622014 88.667428 138.842712
v -27.459953 90.141338 138.944163
v -26.154500 89.032614 140.746801
v -42.951088 18.828681 142.264725
v -43.090423 31.193227 142.786686
v -39.983946 26.727772 140.079031
v -19.410589 79.412722 138.797118
v -20.535261 78.795218 140.954394
v -18.950967 76.312327 139.549173
v -22.894105 77.621960 141.602275
v -20.535261 78.795218 140.954394
v -23.291851 80.404019 140.800497
v -26.570018 25.321284 135.884236
v -25.280254 32.828945 138.952028
v -26.435251 23.535749 138.278374
v -29.554458 4.295981 140.228401
v -31.710393 4.563337 138.783355
v -29.156973 1.730114 142.326220
v -28.731945 96.439767 139.355188
v -28.512735 97.679722 142.111983
v -27.532022 94.994122 139.691183
v -43.192648 1.675076 146.291174
v -44.472950 1.077229 147.379900
v -43.749708 2.790052 145.697343
v -32.429638 45.903567 152.954735
v -31.688669 43.740389 152.124720
v -32.097690 44.172418 151.443449
v -41.847666 36.199754 132.386445
v -40.198456 35.123807 132.264501
v -41.403691 34.885961 133.573265
v -23.555690 70.019346 146.375456
v -24.116644 67.973763 146.057589
v -23.031003 70.284009 145.744550
v -41.211439 37.312788 138.580045
v -41.888192 36.598858 138.156493
v -41.482959 36.371416 134.706905
v -47.009032 0.994439 152.292055
v -46.755167 1.059580 149.701888
v -45.802199 0.140089 150.638800
v -46.377571 0.142056 153.230627
v -46.321291 0.793070 154.703994
v -47.009032 0.994439 152.292055
v -19.399233 58.150792 139.036891
v -18.206318 58.293485 138.155928
v -18.906051 58.267372 140.187717
v -42.951088 18.828681 142.264725
v -42.262137 13.680026 143.346397
v -44.011256 14.670441 144.198974
v -24.025377 72.794080 143.861682
v -24.006911 68.485343 144.882393
v -23.691075 70.251453 142.872110
v -31.472686 98.666048 144.466192
v -31.329245 98.759448 142.447031
v -34.489528 97.555906 142.997247
v -43.365304 52.978409 145.842071
v -42.742308 51.846874 144.405887
v -42.936063 51.706100 145.920944
v -28.276366 23.647433 143.187287
v -29.495745 14.526868 140.164200
v -28.242577 13.496047 139.181026
v -46.615117 61.134064 141.241151
v -46.009012 61.186820 140.008273
v -46.694751 61.280215 141.328543
v -46.321291 0.793070 154.703994
v -46.377571 0.142056 153.230627
v -45.266919 0.000001 154.690839
v -37.016059 57.039470 149.864638
v -32.260270 44.111318 152.625623
v -32.429638 45.903567 152.954735
v -46.114263 65.227467 139.164875
v -47.268760 63.090039 142.857062
v -46.479308 67.237997 142.040045
v -28.585926 13.128617 135.353727
v -28.079003 12.871819 137.519391
v -28.774761 10.390532 137.336089
v -36.894293 87.170970 141.267019
v -35.984534 86.766279 139.533566
v -36.461481 86.132467 140.099577
v -18.950967 76.312327 139.549173
v -20.535261 78.795218 140.954394
v -19.379327 72.098076 140.538391
v -43.240534 39.672503 145.889723
v -44.561596 35.971275 146.757397
v -42.019044 43.610222 148.663243
v -40.403429 10.287452 143.914945
v -39.259718 13.158727 144.568613
v -39.157119 7.920882 144.621604
v -26.729618 89.325941 143.531262
v -26.972451 92.009997 144.180149
v -27.849630 91.007292 144.161094
v -42.941611 9.334398 145.639582
v -42.144973 9.598270 144.412296
v -43.322870 5.397189 145.151697
v -27.063058 4.792016 138.968586
v -26.699437 3.694957 140.388675
v -25.386572 3.146356 140.348943
v -42.293395 39.683887 133.652689
v -41.554610 63.590801 136.589344
v -40.742232 56.898892 134.816023
v -42.479453 34.468278 137.335902
v -42.378274 34.492058 139.324048
v -43.063383 34.676999 139.841957
v -33.018509 24.672279 137.811444
v -33.472578 35.726398 141.318699
v -32.681830 29.196757 136.747987
v -34.953601 84.419823 142.376008
v -33.980048 85.807693 142.259927
v -35.053828 86.370593 141.565179
v -42.378274 34.492058 139.324048
v -43.086100 33.816964 141.751163
v -43.063383 34.676999 139.841957
v -43.324351 30.473796 144.477111
v -42.220844 30.772531 147.437490
v -43.695846 31.858251 145.752155
v -35.844909 29.589936 147.622949
v -37.039768 29.314000 148.722570
v -36.279908 24.438972 147.004612
v -43.695846 31.858251 145.752155
v -43.527659 31.650681 148.587595
v -44.764091 33.025569 145.513767
v -41.231405 35.058624 140.108179
v -42.268847 36.447132 139.897901
v -40.512479 36.503363 139.603326
v -42.268847 36.447132 139.897901
v -41.211439 37.312788 138.580045
v -40.512479 36.503363 139.603326
v -32.051270 9.177834 137.460935
v -30.541344 9.327554 138.158393
v -30.777850 11.893719 138.006939
v -22.495762 49.875209 148.355607
v -22.648081 48.437858 149.742216
v -22.955444 45.356756 147.629759
v -23.590513 35.548043 139.393788
v -23.804600 35.345771 136.117822
v -23.342370 35.208115 137.742779
v -23.408694 75.908297 134.804246
v -22.672185 73.236668 135.125745
v -23.227944 69.701004 135.782495
v -27.820893 64.803439 148.384103
v -31.292770 61.233938 149.857710
v -30.569787 60.115379 149.048410
v -38.119977 92.403472 146.069249
v -38.133232 93.780113 145.855904
v -38.153955 89.410925 143.554485
v -38.851141 21.289286 148.310362
v -39.735046 11.836589 146.787672
v -37.274061 15.705598 146.247378
v -43.068810 5.820072 149.880685
v -44.547702 3.860057 149.490353
v -43.897795 2.371866 152.007941
v -20.458579 80.426555 139.708833
v -20.535261 78.795218 140.954394
v -19.410589 79.412722 138.797118
v -43.695846 31.858251 145.752155
v -44.764091 33.025569 145.513767
v -44.406522 32.989341 144.515353
v -33.013449 37.564689 140.603925
v -33.405350 37.994277 139.382301
v -32.265176 36.061868 137.844248
v -42.220844 30.772531 147.437490
v -41.305335 31.165892 149.014461
v -41.996995 31.508497 149.269527
v -43.527659 31.650681 148.587595
v -41.996995 31.508497 149.269527
v -43.026180 32.708782 149.342464
v -42.926470 46.076650 148.402535
v -43.584097 50.086099 145.294907
v -43.117753 45.232892 146.641058
v -42.412990 35.896594 149.088236
v -43.026180 32.708782 149.342464
v -41.996995 31.508497 149.269527
v -32.211224 55.914849 149.506477
v -32.589302 58.759749 149.253583
v -32.753665 54.109657 150.963516
v -38.286937 30.589304 150.757523
v -41.305335 31.165892 149.014461
v -39.631002 29.284579 149.268271
v -38.286937 30.589304 150.757523
v -38.031601 30.033651 150.103508
v -36.868269 30.165095 151.360313
v -43.286951 16.913397 147.086413
v -40.935461 25.002256 148.648837
v -42.387764 23.368082 147.446830
v -28.731945 96.439767 139.355188
v -30.916457 98.004621 140.774690
v -28.512735 97.679722 142.111983
v -26.699437 3.694957 140.388675
v -28.946821 8.367795 138.454396
v -30.677936 7.653475 139.098465
v -31.668522 60.035992 148.895325
v -32.589302 58.759749 149.253583
v -31.413112 60.012758 149.349745
v -43.777907 50.493277 146.718684
v -43.584097 50.086099 145.294907
v -42.926470 46.076650 148.402535
v -41.358119 45.988358 150.676496
v -42.019044 43.610222 148.663243
v -42.788486 39.074764 149.439529
v -42.021585 52.575696 149.166334
v -43.250995 50.778926 148.471629
v -42.926470 46.076650 148.402535
v -25.275777 65.151489 147.387591
v -27.623780 64.311749 147.845301
v -26.117949 61.495125 147.827079
v -23.291851 80.404019 140.800497
v -20.535261 78.795218 140.954394
v -20.458579 80.426555 139.708833
v -44.724266 58.871943 141.350543
v -44.959194 59.842318 140.017849
v -43.230427 59.825134 140.006844
v -42.526433 53.861112 143.800569
v -44.197621 56.637037 142.155899
v -42.638298 56.556183 140.905960
v -46.263784 62.165940 143.664501
v -47.268760 63.090039 142.857062
v -46.534017 61.513752 141.695680
v -37.274061 15.705598 146.247378
v -37.580347 13.801783 144.188540
v -35.484023 22.496540 145.149079
v -39.851644 56.754119 146.709535
v -40.136696 55.860442 147.496898
v -39.636235 57.901782 147.580843
v -40.189901 59.345883 146.167597
v -39.851644 56.754119 146.709535
v -39.636235 57.901782 147.580843
v -40.136696 55.860442 147.496898
v -40.451315 56.739384 148.118497
v -39.636235 57.901782 147.580843
v -28.512735 97.679722 142.111983
v -30.545019 97.166896 145.386242
v -29.164814 96.699482 146.176396
v -29.691879 9.410500 135.097995
v -30.723211 8.767399 133.796696
v -31.175390 10.786736 134.399902
v -45.546349 59.896696 141.631048
v -46.577219 61.001200 141.042726
v -46.009012 61.186820 140.008273
v -45.546349 59.896696 141.631048
v -46.009012 61.186820 140.008273
v -44.959194 59.842318 140.017849
v -46.009012 61.186820 140.008273
v -46.607580 61.094803 141.173454
v -46.622043 61.338961 141.079886
v -30.041257 90.302599 148.512469
v -31.039673 91.629559 149.281068
v -33.325024 90.265394 148.959253
v -46.534017 61.513752 141.695680
v -46.615117 61.134064 141.241151
v -46.622043 61.338961 141.079886
v -46.607580 61.094803 141.173454
v -46.615117 61.134064 141.241151
v -46.534017 61.513752 141.695680
v -46.534017 61.513752 141.695680
v -47.268760 63.090039 142.857062
v -46.694751 61.280215 141.328543
v -31.639651 14.291444 134.380114
v -31.316262 15.128609 133.435049
v -29.518040 14.122679 134.113965
v -42.138293 59.674287 144.482459
v -43.008208 65.556068 144.435832
v -44.071692 59.694642 144.838219
v -46.119880 62.949133 144.010817
v -46.263784 62.165940 143.664501
v -44.552604 61.764282 144.526109
v -41.606602 55.320490 146.935618
v -43.025532 55.088449 146.684217
v -41.396517 54.951841 148.153748
v -41.606602 55.320490 146.935618
v -40.136696 55.860442 147.496898
v -40.778579 55.898071 146.174796
v -30.096871 4.742783 133.501051
v -30.336617 1.358616 134.025785
v -32.138674 0.852346 132.960086
v -42.978324 66.865081 142.775684
v -44.164285 74.412996 142.794790
v -42.620188 66.155982 143.639229
v -42.378274 34.492058 139.324048
v -42.597908 35.447222 141.057949
v -43.086100 33.816964 141.751163
v -41.396517 54.951841 148.153748
v -40.451315 56.739384 148.118497
v -41.606602 55.320490 146.935618
v -42.091849 67.727953 142.878976
v -42.978324 66.865081 142.775684
v -42.620188 66.155982 143.639229
v -41.753040 69.828945 136.909563
v -43.817814 70.621526 137.113182
v -42.210149 72.832334 137.550153
v -38.231379 87.405622 142.948934
v -37.420916 85.345775 143.840361
v -37.528908 87.936646 143.226984
v -34.257400 37.921557 140.658357
v -34.172681 36.534047 141.433338
v -35.442340 35.696351 138.379812
v -35.633055 95.584590 149.060420
v -34.562520 94.980228 149.512253
v -32.207616 96.457941 149.076380
v -41.498365 69.177622 144.320002
v -42.091849 67.727953 142.878976
v -41.860682 65.736878 143.811207
v -22.307538 32.884300 146.861027
v -22.254266 32.596949 146.852943
v -21.811761 33.463916 147.071576
v -32.138674 0.852346 132.960086
v -30.336617 1.358616 134.025785
v -30.537987 0.694894 134.700700
v -31.406266 63.608760 149.039437
v -31.245578 63.478780 147.510528
v -31.010469 62.351567 148.485004
v -31.171511 66.753584 147.695976
v -31.263729 67.154849 148.219075
v -30.284139 67.257679 148.107915
v -34.328397 90.282720 138.196713
v -33.364588 92.957163 137.301045
v -31.814851 90.611386 137.145563
v -35.984534 86.766279 139.533566
v -34.364478 86.302042 138.405481
v -34.039149 86.227095 138.897644
v -36.097305 90.164399 143.739628
v -36.381228 89.401662 142.379000
v -35.773191 89.994311 142.466045
v -43.654186 80.746561 138.638412
v -42.303697 78.532684 137.430499
v -44.055647 77.876180 137.576002
v -39.384586 5.106211 142.810510
v -41.435833 4.092771 142.664833
v -40.403429 10.287452 143.914945
v -33.646742 63.676662 149.519875
v -31.245578 63.478780 147.510528
v -32.377120 64.984006 149.334738
v -27.163275 62.046695 147.297777
v -27.623780 64.311749 147.845301
v -28.895810 62.505472 147.826070
v -25.242773 1.722991 138.897184
v -28.338650 2.719223 136.112074
v -30.096871 4.742783 133.501051
v -33.146607 79.941046 143.408376
v -34.469081 82.405698 143.056116
v -33.429105 76.384962 144.889872
v -34.845895 79.527086 145.125918
v -33.429105 76.384962 144.889872
v -34.469081 82.405698 143.056116
v -32.228380 87.976098 148.963433
v -33.091919 88.463855 149.597090
v -33.641646 88.175524 148.391593
v -21.805931 68.404543 140.654567
v -22.740438 66.908347 139.886233
v -22.004456 65.511828 140.386772
v -40.403429 10.287452 143.914945
v -39.157119 7.920882 144.621604
v -39.384586 5.106211 142.810510
v -34.469081 82.405698 143.056116
v -33.392258 81.645703 142.350250
v -33.385988 83.336139 142.571110
v -34.039149 86.227095 138.897644
v -36.091136 84.332085 138.208389
v -36.137324 84.879673 140.846766
v -32.042404 50.379944 148.425038
v -32.044396 50.879914 149.866703
v -33.069850 48.984426 147.234855
v -34.039149 86.227095 138.897644
v -34.364478 86.302042 138.405481
v -32.797867 87.729668 138.001290
v -36.085862 84.494561 142.068950
v -37.229947 84.828365 142.973829
v -36.894293 87.170970 141.267019
v -37.229947 84.828365 142.973829
v -37.778414 87.145984 142.085884
v -36.894293 87.170970 141.267019
v -33.405350 37.994277 139.382301
v -34.257400 37.921557 140.658357
v -34.317892 37.349582 137.332462
v -32.042404 50.379944 148.425038
v -33.069850 48.984426 147.234855
v -32.088164 47.859445 145.943161
v -20.418165 64.537835 139.712761
v -18.637127 73.280453 138.712332
v -19.621709 70.555067 139.917893
v -36.369411 83.083087 141.901213
v -36.085862 84.494561 142.068950
v -36.137324 84.879673 140.846766
v -36.369411 83.083087 141.901213
v -34.953601 84.419823 142.376008
v -36.085862 84.494561 142.068950
v -36.040269 84.938181 142.552585
v -36.085862 84.494561 142.068950
v -34.953601 84.419823 142.376008
v -36.040269 84.938181 142.552585
v -36.063832 84.542132 144.148114
v -36.085862 84.494561 142.068950
v -36.063832 84.542132 144.148114
v -37.229947 84.828365 142.973829
v -36.085862 84.494561 142.068950
v -36.063832 84.542132 144.148114
v -37.420916 85.345775 143.840361
v -37.229947 84.828365 142.973829
v -32.097690 44.172418 151.443449
v -31.490034 48.172534 152.310468
v -32.429638 45.903567 152.954735
v -43.925959 7.619763 148.079386
v -43.120092 8.134231 147.179957
v -43.322870 5.397189 145.151697
v -35.773191 89.994311 142.466045
v -36.381228 89.401662 142.379000
v -35.053828 86.370593 141.565179
v -30.053332 88.473749 138.728215
v -30.435501 89.346599 136.912976
v -29.356684 89.144075 137.547412
v -25.312390 61.630696 144.707374
v -23.256047 55.429923 144.463318
v -23.691075 70.251453 142.872110
v -28.225601 87.938142 141.935787
v -26.798293 88.787246 141.643743
v -26.835000 88.558560 142.811170
v -23.121851 31.758979 146.034268
v -22.972004 32.381394 146.440178
v -21.570234 31.807768 145.689515
v -39.352691 37.912881 137.929969
v -40.512479 36.503363 139.603326
v -41.211439 37.312788 138.580045
v -31.996165 40.375856 151.608122
v -32.544760 39.649955 152.112885
v -32.898113 34.665704 152.168208
v -32.898113 34.665704 152.168208
v -32.523734 33.925942 151.630774
v -31.996165 40.375856 151.608122
v -27.623780 64.311749 147.845301
v -27.163275 62.046695 147.297777
v -26.117949 61.495125 147.827079
v -22.562734 61.171984 136.732762
v -22.871314 62.550723 136.104200
v -21.918048 60.038095 136.257996
v -36.128451 91.244447 139.318613
v -36.643783 91.943634 141.009548
v -35.624278 91.678381 139.418603
v -32.217500 41.022372 143.863566
v -30.057215 41.100562 145.554606
v -32.088164 47.859445 145.943161
v -27.753347 29.763377 152.527197
v -26.919130 29.036832 151.727664
v -27.190580 30.581972 152.595018
v -37.154074 93.709409 146.312558
v -38.119977 92.403472 146.069249
v -36.721234 92.025984 145.362184
v -35.025293 29.643911 150.463948
v -36.868269 30.165095 151.360313
v -38.031601 30.033651 150.103508
v -28.090028 81.844830 142.380822
v -28.603631 84.137487 141.957701
v -28.975953 81.489360 141.825991
v -29.482777 35.939163 146.733972
v -29.177592 32.596904 145.882386
v -28.012860 34.907782 146.196385
v -35.907121 30.246890 149.389621
v -35.359218 31.033719 148.558090
v -35.025293 29.643911 150.463948
v -42.217838 0.290221 147.533862
v -41.594965 0.610966 150.979005
v -45.266919 0.000001 154.690839
v -29.482777 35.939163 146.733972
v -28.012860 34.907782 146.196385
v -28.537064 35.458648 147.233859
v -33.138382 85.536486 147.585381
v -32.618897 84.404004 145.857613
v -31.010479 84.444666 146.734403
v -32.618897 84.404004 145.857613
v -33.138382 85.536486 147.585381
v -34.684184 86.252725 145.021688
v -33.340802 31.927511 152.322537
v -34.026596 30.424020 152.253742
v -32.918772 31.181825 151.669701
v -33.178264 33.005032 151.009187
v -33.340802 31.927511 152.322537
v -32.918772 31.181825 151.669701
v -24.383181 33.500326 148.410381
v -24.458341 33.396590 149.361061
v -25.454339 32.796657 148.947631
v -26.919130 29.036832 151.727664
v -25.064601 29.649449 151.605004
v -26.119662 30.379078 152.876675
v -34.489528 97.555906 142.997247
v -35.633055 95.584590 149.060420
v -31.472686 98.666048 144.466192
v -27.190580 30.581972 152.595018
v -26.919130 29.036832 151.727664
v -26.119662 30.379078 152.876675
v -29.482777 35.939163 146.733972
v -28.537064 35.458648 147.233859
v -28.865360 35.305095 147.991944
v -28.865360 35.305095 147.991944
v -29.969404 37.265399 148.074784
v -29.482777 35.939163 146.733972
v -23.871743 63.912695 134.205662
v -28.119589 61.305356 133.195658
v -25.091737 71.678358 133.614143
v -19.680553 61.484044 135.226579
v -20.518553 64.378189 134.695847
v -18.860278 68.149352 135.559305
v -30.057215 41.100562 145.554606
v -30.384710 42.963588 147.678952
v -32.088164 47.859445 145.943161
v -44.098040 14.003238 145.785484
v -42.220844 30.772531 147.437490
v -43.324351 30.473796 144.477111
v -33.340802 31.927511 152.322537
v -33.178264 33.005032 151.009187
v -32.523734 33.925942 151.630774
v -32.523734 33.925942 151.630774
v -32.898113 34.665704 152.168208
v -33.340802 31.927511 152.322537
v -44.514108 37.789574 141.882837
v -42.815171 37.477210 138.221753
v -43.063383 34.676999 139.841957
v -21.770879 37.224674 141.868055
v -22.249102 38.421938 144.347269
v -20.125259 35.342753 144.798396
v -39.252732 11.008668 145.315330
v -39.259718 13.158727 144.568613
v -38.593421 12.946284 145.696455
v -36.097305 90.164399 143.739628
v -36.721234 92.025984 145.362184
v -36.381228 89.401662 142.379000
v -28.090028 81.844830 142.380822
v -27.327646 82.842600 142.187254
v -28.603631 84.137487 141.957701
v -23.256047 55.429923 144.463318
v -22.424717 55.113000 145.435948
v -20.998871 58.366412 142.484566
v -27.617342 0.571745 141.399715
v -29.544526 1.060730 141.755836
v -30.005263 0.585872 138.885617
v -42.138293 59.674287 144.482459
v -41.860682 65.736878 143.811207
v -42.620188 66.155982 143.639229
v -29.024206 86.087167 143.973769
v -30.279584 84.146160 143.691000
v -28.603631 84.137487 141.957701
v -30.586362 72.576457 146.677992
v -28.172607 74.197698 146.578825
v -28.481667 76.599407 144.489158
v -43.071776 49.225885 143.175545
v -43.584097 50.086099 145.294907
v -43.149970 52.715272 142.540456
v -36.583105 70.974666 148.331107
v -33.548198 67.578000 149.460107
v -32.550370 70.980561 148.388171
v -42.638298 56.556183 140.905960
v -44.197621 56.637037 142.155899
v -42.875693 58.313751 141.007783
v -34.110171 4.611432 134.309238
v -33.726213 5.308914 133.086677
v -33.844956 1.688772 134.207742
v -32.042404 50.379944 148.425038
v -31.569378 52.538401 148.898774
v -32.044396 50.879914 149.866703
v -44.472950 1.077229 147.379900
v -43.192648 1.675076 146.291174
v -42.891281 0.426358 146.118194
v -22.087676 45.772961 149.934758
v -21.000920 40.573972 147.995496
v -22.648081 48.437858 149.742216
v -24.179026 1.097923 141.531169
v -25.373708 0.426257 143.944878
v -25.416251 0.599932 140.716213
v -44.764091 33.025569 145.513767
v -43.063383 34.676999 139.841957
v -44.406522 32.989341 144.515353
v -23.625712 32.760483 146.731242
v -24.563179 33.685982 147.842628
v -23.212364 33.117750 146.685524
v -27.776696 35.286280 133.055631
v -27.224426 34.419113 134.037034
v -29.143788 34.697896 133.475521
v -35.248956 88.279295 147.213143
v -36.097305 90.164399 143.739628
v -34.684184 86.252725 145.021688
v -33.375314 41.392922 144.595170
v -32.938390 35.526508 142.509633
v -32.217500 41.022372 143.863566
v -39.300992 39.488030 151.282835
v -41.358119 45.988358 150.676496
v -42.788486 39.074764 149.439529
v -30.777850 11.893719 138.006939
v -29.488597 11.859768 137.962889
v -31.176054 12.998485 139.289641
v -28.537064 35.458648 147.233859
v -28.012860 34.907782 146.196385
v -26.307229 35.269743 146.722679
v -22.851835 43.104175 142.448161
v -21.873973 47.507375 144.011067
v -22.882539 41.958815 143.494943
v -24.347383 73.134673 145.313770
v -25.161744 72.929776 145.926925
v -23.128136 71.792251 146.122858
v -27.749231 46.138090 148.330255
v -30.384710 42.963588 147.678952
v -29.969404 37.265399 148.074784
v -24.458341 33.396590 149.361061
v -23.361532 34.561291 147.876272
v -23.388726 40.558603 150.004923
v -42.620188 66.155982 143.639229
v -43.943686 70.646692 143.892970
v -43.008208 65.556068 144.435832
v -21.000920 40.573972 147.995496
v -22.087676 45.772961 149.934758
v -21.940621 40.509450 149.012684
v -44.561596 35.971275 146.757397
v -42.412990 35.896594 149.088236
v -42.788486 39.074764 149.439529
v -19.416231 59.056365 141.633905
v -18.982155 60.230893 141.801859
v -20.998871 58.366412 142.484566
v -23.170544 32.513183 146.747329
v -22.972004 32.381394 146.440178
v -23.364916 32.186049 146.647758
v -17.891202 68.120092 139.675404
v -18.352301 74.016892 137.669774
v -18.637127 73.280453 138.712332
v -31.171511 66.753584 147.695976
v -31.653038 71.754098 147.063340
v -31.263729 67.154849 148.219075
v -18.998334 77.074754 138.314156
v -19.621709 70.555067 139.917893
v -18.637127 73.280453 138.712332
v -27.753347 29.763377 152.527197
v -29.833113 34.720671 148.902364
v -29.432013 31.317425 150.290417
v -34.295779 34.353322 142.051432
v -33.626703 35.826749 143.280991
v -34.555240 31.774274 144.533151
v -24.144957 34.718641 134.966140
v -24.681868 37.528392 133.302883
v -22.774217 34.415507 135.680084
v -47.009032 0.994439 152.292055
v -45.802199 0.140089 150.638800
v -46.377571 0.142056 153.230627
v -22.977637 55.821216 147.023057
v -23.074677 53.532386 148.404259
v -21.744689 54.558891 145.623630
v -41.305335 31.165892 149.014461
v -40.935461 25.002256 148.648837
v -39.631002 29.284579 149.268271
v -40.198456 35.123807 132.264501
v -37.914181 36.306000 133.095790
v -37.589117 35.696792 134.258399
v -43.117753 45.232892 146.641058
v -42.019044 43.610222 148.663243
v -42.926470 46.076650 148.402535
v -28.090028 81.844830 142.380822
v -28.975953 81.489360 141.825991
v -28.481667 76.599407 144.489158
v -43.025532 55.088449 146.684217
v -43.365304 52.978409 145.842071
v -43.250995 50.778926 148.471629
v -32.594546 84.120834 136.514785
v -36.091136 84.332085 138.208389
v -32.364866 86.487526 138.121210
v -17.985264 59.301298 140.382680
v -17.735520 61.635834 140.339211
v -17.688319 59.650808 141.349877
v -31.176054 12.998485 139.289641
v -29.495745 14.526868 140.164200
v -29.975125 23.414966 143.419383
v -24.412670 35.635391 146.944474
v -24.526662 34.302783 147.304134
v -26.204304 34.972701 148.039800
v -35.984534 86.766279 139.533566
v -36.894293 87.170970 141.267019
v -37.843974 88.566023 141.635417
v -21.808709 33.425212 140.255238
v -22.093186 35.357663 137.016202
v -21.130967 33.880961 140.023359
v -18.352301 74.016892 137.669774
v -18.106015 59.814935 136.845613
v -18.860278 68.149352 135.559305
v -27.849630 91.007292 144.161094
v -26.972451 92.009997 144.180149
v -28.119967 91.280973 145.810099
v -30.710236 48.516065 147.942703
v -32.042404 50.379944 148.425038
v -31.474313 47.539109 147.510328
v -39.252732 11.008668 145.315330
v -39.735046 11.836589 146.787672
v -39.157119 7.920882 144.621604
v -30.279584 84.146160 143.691000
v -30.601089 81.311428 142.300711
v -28.603631 84.137487 141.957701
v -27.929374 89.197808 144.626601
v -27.849630 91.007292 144.161094
v -28.119967 91.280973 145.810099
v -28.865360 35.305095 147.991944
v -27.794433 31.572884 149.251349
v -29.383141 33.011797 149.011455
v -39.352691 37.912881 137.929969
v -41.211439 37.312788 138.580045
v -41.482959 36.371416 134.706905
v -29.375331 91.230231 137.162751
v -28.911582 89.999318 138.196303
v -29.356684 89.144075 137.547412
v -23.555690 70.019346 146.375456
v -23.128136 71.792251 146.122858
v -25.161744 72.929776 145.926925
v -46.114263 65.227467 139.164875
v -46.622043 61.338961 141.079886
v -46.694751 61.280215 141.328543
v -29.024206 86.087167 143.973769
v -28.363730 87.293774 145.750686
v -31.010479 84.444666 146.734403
v -43.365304 52.978409 145.842071
v -42.936063 51.706100 145.920944
v -43.777907 50.493277 146.718684
v -31.329245 98.759448 142.447031
v -29.977929 97.744512 142.406423
v -30.916457 98.004621 140.774690
v -33.869727 15.159276 136.443769
v -33.120011 14.899963 134.320633
v -32.646771 13.956532 135.538918
v -43.071776 49.225885 143.175545
v -44.286076 43.914804 143.257884
v -43.117753 45.232892 146.641058
v -23.361532 34.561291 147.876272
v -24.383181 33.500326 148.410381
v -23.341082 32.595062 146.844190
v -23.148618 54.896980 145.648080
v -22.424717 55.113000 145.435948
v -23.256047 55.429923 144.463318
v -24.522211 36.013359 145.933933
v -21.973917 34.408918 145.605349
v -24.412670 35.635391 146.944474
v -24.500371 56.024736 148.838946
v -23.074677 53.532386 148.404259
v -23.652077 60.762286 146.635921
v -21.882783 64.164096 140.470720
v -22.157422 65.421468 140.858233
v -22.222367 64.023703 142.104262
v -22.263709 34.598824 137.858446
v -22.093186 35.357663 137.016202
v -21.808709 33.425212 140.255238
v -26.699437 3.694957 140.388675
v -29.554458 4.295981 140.228401
v -27.121829 2.793974 140.940966
v -23.804600 35.345771 136.117822
v -23.689187 33.865511 136.156119
v -23.342370 35.208115 137.742779
v -21.126182 74.199784 141.690238
v -20.535261 78.795218 140.954394
v -22.894105 77.621960 141.602275
v -29.492168 2.478420 135.428260
v -30.096871 4.742783 133.501051
v -28.338650 2.719223 136.112074
v -33.138382 85.536486 147.585381
v -32.228380 87.976098 148.963433
v -33.641646 88.175524 148.391593
v -39.162778 1.509285 143.465457
v -38.702553 4.569221 144.213553
v -39.059080 1.295793 144.777772
v -25.416251 0.599932 140.716213
v -25.242773 1.722991 138.897184
v -24.179026 1.097923 141.531169
v -39.941988 46.469429 132.953947
v -39.704276 36.055529 131.799721
v -41.448408 39.717668 132.439339
v -21.298909 38.481080 140.231079
v -21.325029 38.076400 138.839524
v -22.062696 47.500288 140.537680
v -22.851835 43.104175 142.448161
v -21.298909 38.481080 140.231079
v -22.062696 47.500288 140.537680
v -21.429366 72.663259 140.390166
v -21.501593 72.665178 140.533756
v -21.499949 72.681152 140.533274
v -46.622043 61.338961 141.079886
v -46.114263 65.227467 139.164875
v -46.009012 61.186820 140.008273
v -34.364478 86.302042 138.405481
v -34.706824 87.106895 137.868376
v -32.797867 87.729668 138.001290
v -20.458579 80.426555 139.708833
v -21.238070 81.125897 137.637092
v -24.770396 82.702458 138.414994
v -23.388726 40.558603 150.004923
v -21.940621 40.509450 149.012684
v -22.087676 45.772961 149.934758
v -28.935970 88.349533 139.440453
v -28.911582 89.999318 138.196303
v -27.622014 88.667428 138.842712
v -27.936716 93.437398 146.465631
v -26.987391 94.220185 144.326709
v -27.916891 95.799983 145.503999
v -31.688669 43.740389 152.124720
v -32.361278 41.738534 152.208859
v -31.996165 40.375856 151.608122
v -32.429638 45.903567 152.954735
v -32.260270 44.111318 152.625623
v -31.688669 43.740389 152.124720
v -21.438567 44.984567 145.261913
v -22.736498 41.888490 145.347272
v -22.882539 41.958815 143.494943
v -34.684184 86.252725 145.021688
v -33.138382 85.536486 147.585381
v -35.248956 88.279295 147.213143
v -21.940621 40.509450 149.012684
v -20.387182 33.421811 146.381641
v -21.000920 40.573972 147.995496
v -20.564194 56.143838 140.002075
v -19.399233 58.150792 139.036891
v -19.678900 56.187385 141.111612
v -25.275777 65.151489 147.387591
v -27.820893 64.803439 148.384103
v -27.623780 64.311749 147.845301
v -27.916891 95.799983 145.503999
v -29.164814 96.699482 146.176396
v -29.571736 94.442117 148.078381
v -41.996995 31.508497 149.269527
v -39.300992 39.488030 151.282835
v -42.412990 35.896594 149.088236
v -44.552604 61.764282 144.526109
v -46.263784 62.165940 143.664501
v -45.850745 61.508584 142.275322
v -22.672185 73.236668 135.125745
v -23.408694 75.908297 134.804246
v -21.929736 74.471151 135.778617
v -42.936063 51.706100 145.920944
v -42.742308 51.846874 144.405887
v -43.777907 50.493277 146.718684
v -21.770879 37.224674 141.868055
v -20.125259 35.342753 144.798396
v -20.176470 35.753154 141.250358
v -25.242773 1.722991 138.897184
v -26.762761 1.405799 137.371125
v -28.338650 2.719223 136.112074
v -24.526662 34.302783 147.304134
v -25.454339 32.796657 148.947631
v -26.204304 34.972701 148.039800
v -32.358923 20.244005 140.678160
v -33.869727 15.159276 136.443769
v -32.572573 13.453752 138.481423
v -22.977637 55.821216 147.023057
v -23.407637 55.885911 146.398009
v -23.652077 60.762286 146.635921
v -38.231379 87.405622 142.948934
v -37.229947 84.828365 142.973829
v -37.420916 85.345775 143.840361
v -39.631002 29.284579 149.268271
v -38.031601 30.033651 150.103508
v -38.286937 30.589304 150.757523
v -30.923601 34.913575 134.311571
v -29.951210 30.906427 134.021755
v -31.634674 32.809767 135.917738
v -43.322870 5.397189 145.151697
v -41.435833 4.092771 142.664833
v -43.749708 2.790052 145.697343
v -31.569378 52.538401 148.898774
v -32.042404 50.379944 148.425038
v -30.710236 48.516065 147.942703
v -29.969404 37.265399 148.074784
v -27.190580 30.581972 152.595018
v -27.749231 46.138090 148.330255
v -36.040269 84.938181 142.552585
v -34.953601 84.419823 142.376008
v -35.053828 86.370593 141.565179
v -24.563179 33.685982 147.842628
v -24.526662 34.302783 147.304134
v -23.212364 33.117750 146.685524
v -18.860278 68.149352 135.559305
v -20.960251 73.811852 134.556924
v -19.888260 74.879866 135.575805
v -21.940012 32.837531 146.812014
v -22.027239 33.004653 146.571853
v -22.307538 32.884300 146.861027
v -43.584097 50.086099 145.294907
v -43.777907 50.493277 146.718684
v -42.742308 51.846874 144.405887
v -39.373989 60.478235 146.472017
v -39.714662 67.598576 144.851938
v -40.189901 59.345883 146.167597
v -28.363730 87.293774 145.750686
v -28.270383 87.802029 143.213126
v -27.929374 89.197808 144.626601
v -31.292770 61.233938 149.857710
v -31.668522 60.035992 148.895325
v -31.413112 60.012758 149.349745
v -39.704276 36.055529 131.799721
v -39.941988 46.469429 132.953947
v -37.914181 36.306000 133.095790
v -41.403691 34.885961 133.573265
v -42.444124 35.587567 134.350958
v -42.293395 39.683887 133.652689
v -30.545019 97.166896 145.386242
v -32.130312 97.012961 147.385539
v -31.169784 95.580924 148.131451
v -39.384586 5.106211 142.810510
v -38.702553 4.569221 144.213553
v -39.162778 1.509285 143.465457
v -27.929374 89.197808 144.626601
v -28.270383 87.802029 143.213126
v -26.729618 89.325941 143.531262
v -22.955444 45.356756 147.629759
v -22.694465 43.884814 147.899417
v -22.736498 41.888490 145.347272
v -31.329245 98.759448 142.447031
v -31.472686 98.666048 144.466192
v -29.977929 97.744512 142.406423
v -43.022113 13.410694 144.733981
v -42.262137 13.680026 143.346397
v -40.920703 12.730220 143.733863
v -45.802199 0.140089 150.638800
v -46.755167 1.059580 149.701888
v -42.891281 0.426358 146.118194
v -37.914181 36.306000 133.095790
v -39.941988 46.469429 132.953947
v -38.496409 54.998129 133.709135
v -18.106015 59.814935 136.845613
v -18.206318 58.293485 138.155928
v -19.657644 58.297640 136.624279
v -23.625712 32.760483 146.731242
v -23.341082 32.595062 146.844190
v -23.364916 32.186049 146.647758
v -23.227944 69.701004 135.782495
v -21.426731 68.640446 134.989744
v -22.555054 66.237497 135.384083
v -21.811761 33.463916 147.071576
v -22.386377 33.253434 146.783399
v -22.027239 33.004653 146.571853
v -29.024206 86.087167 143.973769
v -28.270383 87.802029 143.213126
v -28.363730 87.293774 145.750686
v -46.755167 1.059580 149.701888
v -45.442544 2.130992 150.961171
v -45.087369 2.881891 147.630226
v -38.153955 89.410925 143.554485
v -37.778414 87.145984 142.085884
v -38.231379 87.405622 142.948934
v -36.693835 86.117196 143.332249
v -37.420916 85.345775 143.840361
v -36.063832 84.542132 144.148114
v -29.143788 34.697896 133.475521
v -31.379370 35.643664 133.691348
v -27.776696 35.286280 133.055631
v -31.793964 33.006501 142.213248
v -33.406136 35.389334 142.122124
v -33.472578 35.726398 141.318699
v -26.867399 83.128655 140.804115
v -27.327646 82.842600 142.187254
v -26.343676 76.117641 145.125091
v -21.744689 54.558891 145.623630
v -21.326298 52.316332 145.873698
v -20.151653 55.511492 143.316969
v -35.888259 92.029381 146.739734
v -35.181488 94.120872 148.063158
v -36.721234 92.025984 145.362184
v -27.532022 94.994122 139.691183
v -29.375331 91.230231 137.162751
v -28.731945 96.439767 139.355188
v -25.064601 29.649449 151.605004
v -25.052982 32.678521 152.620733
v -26.119662 30.379078 152.876675
v -37.843974 88.566023 141.635417
v -36.643783 91.943634 141.009548
v -36.128451 91.244447 139.318613
v -34.469081 82.405698 143.056116
v -34.953601 84.419823 142.376008
v -34.845895 79.527086 145.125918
v -21.313240 60.228389 135.353732
v -19.657644 58.297640 136.624279
v -20.586815 57.724124 137.459395
v -43.250995 50.778926 148.471629
v -43.777907 50.493277 146.718684
v -42.926470 46.076650 148.402535
v -35.888259 92.029381 146.739734
v -33.907631 92.197365 149.146188
v -35.181488 94.120872 148.063158
v -31.176054 12.998485 139.289641
v -29.975125 23.414966 143.419383
v -32.358923 20.244005 140.678160
v -23.342370 35.208115 137.742779
v -22.274434 35.131782 140.141606
v -23.590513 35.548043 139.393788
v -32.681830 29.196757 136.747987
v -33.120011 14.899963 134.320633
v -33.018509 24.672279 137.811444
v -22.274434 35.131782 140.141606
v -22.635528 34.203806 142.964463
v -24.312672 35.459468 143.064683
v -27.156637 15.470183 136.874567
v -28.585926 13.128617 135.353727
v -27.982478 17.488226 134.294213
v -34.328397 90.282720 138.196713
v -32.797867 87.729668 138.001290
v -34.706824 87.106895 137.868376
v -23.341082 32.595062 146.844190
v -22.972004 32.381394 146.440178
v -23.212364 33.117750 146.685524
v -24.500371 56.024736 148.838946
v -26.117949 61.495125 147.827079
v -26.081923 53.248471 149.092344
v -37.154074 93.709409 146.312558
v -37.167471 93.864519 147.284585
v -38.119977 92.403472 146.069249
v -38.490435 83.106661 141.060603
v -36.137324 84.879673 140.846766
v -36.091136 84.332085 138.208389
v -46.615117 61.134064 141.241151
v -46.607580 61.094803 141.173454
v -46.009012 61.186820 140.008273
v -38.153955 89.410925 143.554485
v -38.133232 93.780113 145.855904
v -37.843974 88.566023 141.635417
v -42.120774 12.702635 147.304388
v -43.286951 16.913397 147.086413
v -44.098040 14.003238 145.785484
v -32.423890 10.201487 134.623995
v -33.252329 8.562672 133.666005
v -33.284898 9.377309 135.051659
v -25.064601 29.649449 151.605004
v -27.794433 31.572884 149.251349
v -25.454339 32.796657 148.947631
v -25.242773 1.722991 138.897184
v -25.386572 3.146356 140.348943
v -24.179026 1.097923 141.531169
v -32.184238 95.390844 138.086011
v -33.364588 92.957163 137.301045
v -33.524886 96.923125 139.923924
v -36.583105 70.974666 148.331107
v -38.437481 73.499167 145.659233
v -38.776511 68.329060 146.749924
v -38.133232 93.780113 145.855904
v -38.119977 92.403472 146.069249
v -37.167471 93.864519 147.284585
v -40.265281 2.306307 147.572422
v -39.059080 1.295793 144.777772
v -40.301193 5.095578 148.118257
v -40.935461 25.002256 148.648837
v -41.305335 31.165892 149.014461
v -42.387764 23.368082 147.446830
v -27.163275 62.046695 147.297777
v -26.081923 53.248471 149.092344
v -26.117949 61.495125 147.827079
v -42.661822 82.313907 140.752582
v -36.091136 84.332085 138.208389
v -42.910453 82.054722 139.012744
v -39.188611 80.539966 135.832667
v -36.962064 82.458412 135.837657
v -36.605207 75.687837 134.336432
v -42.268847 36.447132 139.897901
v -42.597908 35.447222 141.057949
v -41.888192 36.598858 138.156493
v -42.059541 65.326905 137.237168
v -43.524265 63.887316 137.571719
v -41.753040 69.828945 136.909563
v -22.906434 66.387534 140.649535
v -22.004456 65.511828 140.386772
v -22.740438 66.908347 139.886233
v -20.176470 35.753154 141.250358
v -20.125259 35.342753 144.798396
v -20.620999 32.695386 145.216923
v -39.899229 75.433821 143.849249
v -38.212709 79.042047 143.979899
v -39.482153 81.153417 142.575568
v -42.156361 0.332940 144.705136
v -42.217838 0.290221 147.533862
v -42.891281 0.426358 146.118194
v -35.984534 86.766279 139.533566
v -34.706824 87.106895 137.868376
v -34.364478 86.302042 138.405481
v -43.817814 70.621526 137.113182
v -46.114263 65.227467 139.164875
v -45.143457 75.720316 140.103764
v -35.484023 22.496540 145.149079
v -34.986161 25.349772 143.735733
v -34.555240 31.774274 144.533151
v -31.814851 90.611386 137.145563
v -33.364588 92.957163 137.301045
v -30.435501 89.346599 136.912976
v -21.333739 51.780891 147.048602
v -21.326298 52.316332 145.873698
v -21.744689 54.558891 145.623630
v -44.579441 71.888370 142.256531
v -44.434075 65.391666 143.615886
v -43.943686 70.646692 143.892970
v -43.322870 5.397189 145.151697
v -43.120092 8.134231 147.179957
v -42.941611 9.334398 145.639582
v -22.635528 34.203806 142.964463
v -22.274434 35.131782 140.141606
v -21.808709 33.425212 140.255238
v -31.316262 15.128609 133.435049
v -33.120011 14.899963 134.320633
v -29.951210 30.906427 134.021755
v -25.454339 32.796657 148.947631
v -24.526662 34.302783 147.304134
v -24.563179 33.685982 147.842628
v -37.167471 93.864519 147.284585
v -37.223359 94.959420 146.039168
v -38.133232 93.780113 145.855904
v -41.888192 36.598858 138.156493
v -42.597908 35.447222 141.057949
v -41.983978 34.863317 135.849985
v -28.387952 70.164168 147.971566
v -23.555690 70.019346 146.375456
v -25.161744 72.929776 145.926925
v -20.942941 57.467419 139.153423
v -19.399233 58.150792 139.036891
v -20.564194 56.143838 140.002075
v -44.011256 14.670441 144.198974
v -43.090423 31.193227 142.786686
v -42.951088 18.828681 142.264725
v -33.541696 85.456264 143.539830
v -33.980048 85.807693 142.259927
v -34.012246 84.710789 142.456396
v -33.646742 63.676662 149.519875
v -34.840158 63.561642 149.822875
v -33.604910 53.020186 152.139919
v -42.210149 72.832334 137.550153
v -40.277456 75.938666 135.465519
v -41.753040 69.828945 136.909563
v -27.224426 34.419113 134.037034
v -27.776696 35.286280 133.055631
v -25.734437 35.679549 134.964343
v -32.574454 45.612103 144.896383
v -33.771753 44.428465 145.547007
v -33.375285 44.106346 144.502702
v -29.833113 34.720671 148.902364
v -28.865360 35.305095 147.991944
v -29.383141 33.011797 149.011455
v -27.652389 1.599783 143.157828
v -25.586074 2.739531 141.961450
v -27.121829 2.793974 140.940966
v -34.110171 4.611432 134.309238
v -33.844956 1.688772 134.207742
v -32.366599 3.447145 137.457385
v -22.694465 43.884814 147.899417
v -22.648081 48.437858 149.742216
v -21.000920 40.573972 147.995496
v -32.618897 84.404004 145.857613
v -31.518900 84.464181 145.005344
v -31.010479 84.444666 146.734403
v -35.640745 38.293039 132.922662
v -34.455666 35.961765 132.541865
v -35.389789 35.362893 133.782977
v -40.451315 56.739384 148.118497
v -39.373989 60.478235 146.472017
v -39.636235 57.901782 147.580843
v -23.399875 66.193819 135.030075
v -23.227944 69.701004 135.782495
v -22.555054 66.237497 135.384083
v -43.117753 45.232892 146.641058
v -44.286076 43.914804 143.257884
v -43.240534 39.672503 145.889723
v -29.492168 2.478420 135.428260
v -30.701123 1.441645 136.238542
v -30.537987 0.694894 134.700700
v -44.724266 58.871943 141.350543
v -42.875693 58.313751 141.007783
v -44.197621 56.637037 142.155899
v -29.434211 18.515864 133.276344
v -27.982478 17.488226 134.294213
v -29.518040 14.122679 134.113965
v -28.413953 85.437751 141.301205
v -29.703371 87.591016 139.304737
v -28.225601 87.938142 141.935787
v -37.580347 13.801783 144.188540
v -37.274061 15.705598 146.247378
v -38.593421 12.946284 145.696455
v -40.277456 75.938666 135.465519
v -41.554610 63.590801 136.589344
v -41.753040 69.828945 136.909563
v -41.358119 45.988358 150.676496
v -40.041270 52.081472 150.368328
v -42.021585 52.575696 149.166334
v -43.120092 8.134231 147.179957
v -42.120774 12.702635 147.304388
v -43.022113 13.410694 144.733981
v -22.764979 31.445774 146.740690
v -21.570234 31.807768 145.689515
v -21.371772 32.526246 146.829362
v -27.071819 78.914183 133.934054
v -23.408694 75.908297 134.804246
v -25.211953 75.342929 134.012142
v -41.482959 36.371416 134.706905
v -41.403691 34.885961 133.573265
v -39.969494 35.833993 133.404893
v -33.203492 1.953548 132.933913
v -32.498072 6.106352 132.651089
v -32.138674 0.852346 132.960086
v -42.220844 30.772531 147.437490
v -41.996995 31.508497 149.269527
v -43.695846 31.858251 145.752155
v -42.019044 43.610222 148.663243
v -41.358119 45.988358 150.676496
v -42.926470 46.076650 148.402535
v -44.219531 1.059062 154.309723
v -43.897795 2.371866 152.007941
v -46.321291 0.793070 154.703994
v -20.535261 78.795218 140.954394
v -21.126182 74.199784 141.690238
v -20.752470 74.294275 140.953323
v -22.242342 71.127337 141.967099
v -22.072827 68.785017 141.244389
v -21.126182 74.199784 141.690238
v -39.162778 1.509285 143.465457
v -39.957800 0.229532 143.791571
v -40.392434 1.880503 142.699511
v -18.982155 60.230893 141.801859
v -18.811841 65.850806 140.794337
v -20.998871 58.366412 142.484566
v -46.577219 61.001200 141.042726
v -46.694751 61.280215 141.328543
v -46.009012 61.186820 140.008273
v -22.222367 64.023703 142.104262
v -22.308856 60.467112 141.671533
v -21.882783 64.164096 140.470720
v -41.847666 36.199754 132.386445
v -41.448408 39.717668 132.439339
v -40.198456 35.123807 132.264501
v -32.681830 29.196757 136.747987
v -32.265176 36.061868 137.844248
v -31.634674 32.809767 135.917738
v -46.577219 61.001200 141.042726
v -46.622043 61.338961 141.079886
v -46.607580 61.094803 141.173454
v -26.081923 53.248471 149.092344
v -24.753950 47.785393 151.035287
v -24.500371 56.024736 148.838946
v -43.943686 70.646692 143.892970
v -42.620188 66.155982 143.639229
v -44.164285 74.412996 142.794790
v -31.175390 10.786736 134.399902
v -32.423890 10.201487 134.623995
v -31.639651 14.291444 134.380114
v -20.387182 33.421811 146.381641
v -20.125259 35.342753 144.798396
v -21.000920 40.573972 147.995496
v -43.777907 50.493277 146.718684
v -43.250995 50.778926 148.471629
v -43.365304 52.978409 145.842071
v -27.776696 35.286280 133.055631
v -30.617504 34.854507 132.395933
v -27.575232 34.821143 132.494911
v -28.103004 31.269082 133.786588
v -26.570018 25.321284 135.884236
v -27.982478 17.488226 134.294213
v -27.489840 83.689642 137.160101
v -24.770396 82.702458 138.414994
v -21.238070 81.125897 137.637092
v -22.062696 47.500288 140.537680
v -21.873973 47.507375 144.011067
v -22.851835 43.104175 142.448161
v -27.454853 96.110701 141.965615
v -28.512735 97.679722 142.111983
v -27.916891 95.799983 145.503999
v -23.074677 53.532386 148.404259
v -22.495762 49.875209 148.355607
v -21.333739 51.780891 147.048602
v -35.025293 29.643911 150.463948
v -36.250195 31.915716 151.835432
v -36.868269 30.165095 151.360313
v -42.951088 18.828681 142.264725
v -40.038109 14.194486 142.441614
v -42.262137 13.680026 143.346397
v -32.358923 20.244005 140.678160
v -32.406427 24.800271 139.823766
v -33.869727 15.159276 136.443769
v -36.605207 75.687837 134.336432
v -40.277456 75.938666 135.465519
v -39.188611 80.539966 135.832667
v -21.918048 60.038095 136.257996
v -20.586815 57.724124 137.459395
v -21.900353 57.745844 138.846416
v -43.650710 49.174375 140.783479
v -43.071776 49.225885 143.175545
v -43.149970 52.715272 142.540456
v -24.811957 73.666608 144.606109
v -26.343676 76.117641 145.125091
v -24.347383 73.134673 145.313770
v -30.541344 9.327554 138.158393
v -28.774761 10.390532 137.336089
v -29.488597 11.859768 137.962889
v -23.652077 60.762286 146.635921
v -24.968433 61.733025 145.680388
v -24.006911 68.485343 144.882393
v -21.326298 52.316332 145.873698
v -22.942403 52.893096 143.292726
v -22.387751 54.552591 142.792810
v -43.897795 2.371866 152.007941
v -44.219531 1.059062 154.309723
v -42.438384 3.583617 150.939490
v -36.455847 78.696478 144.607915
v -34.845895 79.527086 145.125918
v -34.953601 84.419823 142.376008
v -30.041257 90.302599 148.512469
v -29.571736 94.442117 148.078381
v -31.039673 91.629559 149.281068
v -25.416251 0.599932 140.716213
v -26.323311 0.687194 138.616927
v -25.242773 1.722991 138.897184
v -34.295779 34.353322 142.051432
v -36.071051 27.959135 141.550501
v -35.442340 35.696351 138.379812
v -35.484023 22.496540 145.149079
v -37.580347 13.801783 144.188540
v -37.517938 16.162741 143.365442
v -30.041257 90.302599 148.512469
v -28.363730 87.293774 145.750686
v -28.119967 91.280973 145.810099
v -31.688669 43.740389 152.124720
v -32.260270 44.111318 152.625623
v -32.361278 41.738534 152.208859
v -29.143788 34.697896 133.475521
v -29.951210 30.906427 134.021755
v -30.923601 34.913575 134.311571
v -23.341082 32.595062 146.844190
v -23.170544 32.513183 146.747329
v -22.254266 32.596949 146.852943
v -42.661822 82.313907 140.752582
v -44.139765 79.814589 141.584249
v -42.785168 81.446213 142.333183
v -34.684184 86.252725 145.021688
v -31.518900 84.464181 145.005344
v -32.618897 84.404004 145.857613
v -22.955444 45.356756 147.629759
v -22.648081 48.437858 149.742216
v -22.694465 43.884814 147.899417
v -36.137324 84.879673 140.846766
v -36.085862 84.494561 142.068950
v -36.894293 87.170970 141.267019
v -31.710393 4.563337 138.783355
v -30.677936 7.653475 139.098465
v -32.051270 9.177834 137.460935
v -39.636235 57.901782 147.580843
v -39.373989 60.478235 146.472017
v -40.189901 59.345883 146.167597
v -30.923601 34.913575 134.311571
v -33.405350 37.994277 139.382301
v -34.317892 37.349582 137.332462
v -27.936716 93.437398 146.465631
v -27.916891 95.799983 145.503999
v -29.571736 94.442117 148.078381
v -28.115502 85.314643 139.257011
v -26.867399 83.128655 140.804115
v -24.770396 82.702458 138.414994
v -31.292770 61.233938 149.857710
v -31.406266 63.608760 149.039437
v -31.668522 60.035992 148.895325
v -32.113444 9.127104 133.379968
v -32.423890 10.201487 134.623995
v -31.175390 10.786736 134.399902
v -22.222367 64.023703 142.104262
v -23.691075 70.251453 142.872110
v -23.256047 55.429923 144.463318
v -31.710393 4.563337 138.783355
v -32.051270 9.177834 137.460935
v -33.284898 9.377309 135.051659
v -30.005263 0.585872 138.885617
v -32.366599 3.447145 137.457385
v -31.002383 1.985758 137.973677
v -35.844909 29.589936 147.622949
v -35.359218 31.033719 148.558090
v -37.039768 29.314000 148.722570
v -32.753665 54.109657 150.963516
v -33.604910 53.020186 152.139919
v -31.490034 48.172534 152.310468
v -41.594965 0.610966 150.979005
v -40.265281 2.306307 147.572422
v -41.997782 1.784188 151.755909
v -30.723211 8.767399 133.796696
v -32.498072 6.106352 132.651089
v -32.113444 9.127104 133.379968
v -22.495762 49.875209 148.355607
v -23.074677 53.532386 148.404259
v -22.648081 48.437858 149.742216
v -22.764979 31.445774 146.740690
v -21.371772 32.526246 146.829362
v -22.254266 32.596949 146.852943
v -46.119880 62.949133 144.010817
v -47.268760 63.090039 142.857062
v -46.263784 62.165940 143.664501
v -37.528908 87.936646 143.226984
v -36.693835 86.117196 143.332249
v -36.381228 89.401662 142.379000
v -31.245578 63.478780 147.510528
v -31.406266 63.608760 149.039437
v -32.377120 64.984006 149.334738
v -18.811841 65.850806 140.794337
v -18.864101 67.838603 139.943817
v -21.207015 61.733776 139.504102
v -27.112204 81.953471 135.076616
v -27.071819 78.914183 133.934054
v -30.620622 81.246572 135.087069
v -29.571736 94.442117 148.078381
v -31.169784 95.580924 148.131451
v -32.831477 94.496137 149.144928
v -33.392258 81.645703 142.350250
v -34.469081 82.405698 143.056116
v -33.146607 79.941046 143.408376
v -22.249102 38.421938 144.347269
v -22.882539 41.958815 143.494943
v -22.736498 41.888490 145.347272
v -44.561596 35.971275 146.757397
v -43.240534 39.672503 145.889723
v -44.514108 37.789574 141.882837
v -36.369411 83.083087 141.901213
v -39.482153 81.153417 142.575568
v -38.212709 79.042047 143.979899
v -27.163275 62.046695 147.297777
v -28.895810 62.505472 147.826070
v -30.710236 48.516065 147.942703
v -35.640745 38.293039 132.922662
v -37.914181 36.306000 133.095790
v -38.496409 54.998129 133.709135
v -28.895810 62.505472 147.826070
v -27.623780 64.311749 147.845301
v -30.569787 60.115379 149.048410
v -33.907631 92.197365 149.146188
v -32.831477 94.496137 149.144928
v -35.181488 94.120872 148.063158
v -22.368564 54.320878 141.392659
v -22.674305 57.336932 137.989302
v -21.900353 57.745844 138.846416
v -22.072827 68.785017 141.244389
v -21.805931 68.404543 140.654567
v -20.752470 74.294275 140.953323
v -25.091737 71.678358 133.614143
v -23.408694 75.908297 134.804246
v -23.227944 69.701004 135.782495
v -23.996192 42.678049 151.290517
v -23.388726 40.558603 150.004923
v -22.087676 45.772961 149.934758
v -33.771753 44.428465 145.547007
v -32.574454 45.612103 144.896383
v -33.449576 47.990134 145.644008
v -29.024206 86.087167 143.973769
v -28.603631 84.137487 141.957701
v -28.270383 87.802029 143.213126
v -30.677936 7.653475 139.098465
v -30.541344 9.327554 138.158393
v -32.051270 9.177834 137.460935
v -37.223359 94.959420 146.039168
v -36.219102 93.654299 140.362167
v -36.643783 91.943634 141.009548
v -46.534017 61.513752 141.695680
v -46.694751 61.280215 141.328543
v -46.607580 61.094803 141.173454
v -21.873973 47.507375 144.011067
v -22.135887 49.993640 141.580644
v -22.942403 52.893096 143.292726
v -30.057215 41.100562 145.554606
v -29.969404 37.265399 148.074784
v -30.384710 42.963588 147.678952
v -42.597908 35.447222 141.057949
v -42.268847 36.447132 139.897901
v -41.231405 35.058624 140.108179
v -30.541344 9.327554 138.158393
v -28.946821 8.367795 138.454396
v -28.774761 10.390532 137.336089
v -38.702553 4.569221 144.213553
v -39.384586 5.106211 142.810510
v -39.157119 7.920882 144.621604
v -33.869727 15.159276 136.443769
v -32.406427 24.800271 139.823766
v -33.018509 24.672279 137.811444
v -31.086454 85.804177 148.050449
v -28.363730 87.293774 145.750686
v -30.004823 88.876313 148.761825
v -29.951210 30.906427 134.021755
v -31.957653 25.700387 134.658830
v -32.681830 29.196757 136.747987
v -38.153955 89.410925 143.554485
v -36.721234 92.025984 145.362184
v -38.119977 92.403472 146.069249
v -44.219531 1.059062 154.309723
v -45.266919 0.000001 154.690839
v -41.997782 1.784188 151.755909
v -33.646742 63.676662 149.519875
v -32.589302 58.759749 149.253583
v -31.245578 63.478780 147.510528
v -38.437481 73.499167 145.659233
v -39.714662 67.598576 144.851938
v -38.776511 68.329060 146.749924
v -23.652077 60.762286 146.635921
v -23.407637 55.885911 146.398009
v -24.968433 61.733025 145.680388
v -28.128731 29.428557 150.993205
v -27.794433 31.572884 149.251349
v -25.064601 29.649449 151.605004
v -22.580565 59.296166 136.773443
v -21.918048 60.038095 136.257996
v -21.900353 57.745844 138.846416
v -43.524265 63.887316 137.571719
v -43.230427 59.825134 140.006844
v -44.959194 59.842318 140.017849
v -24.312672 35.459468 143.064683
v -28.012860 34.907782 146.196385
v -25.545970 33.778915 142.691419
v -44.067924 41.751099 142.483653
v -43.240534 39.672503 145.889723
v -44.286076 43.914804 143.257884
v -40.920703 12.730220 143.733863
v -42.144973 9.598270 144.412296
v -43.022113 13.410694 144.733981
v -42.091849 67.727953 142.878976
v -43.331302 77.464748 142.629651
v -42.978324 66.865081 142.775684
v -28.911582 89.999318 138.196303
v -29.375331 91.230231 137.162751
v -27.459953 90.141338 138.944163
v -27.071819 78.914183 133.934054
v -27.112204 81.953471 135.076616
v -23.891353 81.490343 135.563606
v -30.677936 7.653475 139.098465
v -29.554458 4.295981 140.228401
v -26.699437 3.694957 140.388675
v -37.193160 37.035978 136.129940
v -37.062017 35.952294 137.814895
v -38.597587 36.713183 138.263402
v -43.925959 7.619763 148.079386
v -42.864334 7.591427 149.353390
v -42.410368 8.381486 148.063648
v -24.412670 35.635391 146.944474
v -26.307229 35.269743 146.722679
v -24.522211 36.013359 145.933933
v -33.013449 37.564689 140.603925
v -34.257400 37.921557 140.658357
v -33.405350 37.994277 139.382301
v -34.469081 82.405698 143.056116
v -34.012246 84.710789 142.456396
v -34.953601 84.419823 142.376008
v -38.088583 44.792656 151.912435
v -34.103439 40.915090 151.673574
v -39.408318 57.517988 149.114289
v -36.583105 70.974666 148.331107
v -34.840158 63.561642 149.822875
v -33.548198 67.578000 149.460107
v -34.840158 63.561642 149.822875
v -32.377120 64.984006 149.334738
v -33.548198 67.578000 149.460107
v -23.361532 34.561291 147.876272
v -21.811761 33.463916 147.071576
v -21.940621 40.509450 149.012684
v -35.640745 38.293039 132.922662
v -35.389789 35.362893 133.782977
v -37.914181 36.306000 133.095790
v -40.041270 52.081472 150.368328
v -39.408318 57.517988 149.114289
v -42.021585 52.575696 149.166334
v -23.291851 80.404019 140.800497
v -24.770396 82.702458 138.414994
v -26.867399 83.128655 140.804115
v -29.554458 4.295981 140.228401
v -27.652389 1.599783 143.157828
v -27.121829 2.793974 140.940966
v -39.735046 11.836589 146.787672
v -42.120774 12.702635 147.304388
v -41.476085 8.448029 148.297135
v -36.962064 82.458412 135.837657
v -42.910453 82.054722 139.012744
v -36.091136 84.332085 138.208389
v -42.412990 35.896594 149.088236
v -44.561596 35.971275 146.757397
v -43.527659 31.650681 148.587595
v -37.154074 93.709409 146.312558
v -35.181488 94.120872 148.063158
v -37.167471 93.864519 147.284585
v -37.039768 29.314000 148.722570
v -38.031601 30.033651 150.103508
v -39.631002 29.284579 149.268271
v -32.130312 97.012961 147.385539
v -32.207616 96.457941 149.076380
v -31.169784 95.580924 148.131451
v -34.562520 94.980228 149.512253
v -32.831477 94.496137 149.144928
v -32.207616 96.457941 149.076380
v -36.219102 93.654299 140.362167
v -35.065120 95.986295 140.504658
v -33.364588 92.957163 137.301045
v -38.490435 83.106661 141.060603
v -42.661822 82.313907 140.752582
v -42.785168 81.446213 142.333183
v -19.410589 79.412722 138.797118
v -21.238070 81.125897 137.637092
v -20.458579 80.426555 139.708833
v -34.348659 40.257335 148.083259
v -33.771753 44.428465 145.547007
v -33.449576 47.990134 145.644008
v -42.293395 39.683887 133.652689
v -41.847666 36.199754 132.386445
v -41.403691 34.885961 133.573265
v -32.681830 29.196757 136.747987
v -31.634674 32.809767 135.917738
v -29.951210 30.906427 134.021755
v -42.410368 8.381486 148.063648
v -43.120092 8.134231 147.179957
v -43.925959 7.619763 148.079386
v -24.144957 34.718641 134.966140
v -27.575232 34.821143 132.494911
v -24.681868 37.528392 133.302883
v -39.300992 39.488030 151.282835
v -41.996995 31.508497 149.269527
v -41.305335 31.165892 149.014461
v -30.601089 81.311428 142.300711
v -30.279584 84.146160 143.691000
v -31.394829 82.724065 142.861346
v -33.844956 1.688772 134.207742
v -33.203492 1.953548 132.933913
v -32.765770 0.656306 134.440328
v -23.891353 81.490343 135.563606
v -27.489840 83.689642 137.160101
v -21.238070 81.125897 137.637092
v -21.882783 64.164096 140.470720
v -22.004456 65.511828 140.386772
v -22.157422 65.421468 140.858233
v -38.776511 68.329060 146.749924
v -34.840158 63.561642 149.822875
v -36.583105 70.974666 148.331107
v -34.257400 37.921557 140.658357
v -33.013449 37.564689 140.603925
v -33.484418 36.971834 141.469610
v -36.962064 82.458412 135.837657
v -30.620622 81.246572 135.087069
v -36.605207 75.687837 134.336432
v -38.776511 68.329060 146.749924
v -39.714662 67.598576 144.851938
v -39.373989 60.478235 146.472017
v -24.526662 34.302783 147.304134
v -24.412670 35.635391 146.944474
v -22.386377 33.253434 146.783399
v -27.753347 29.763377 152.527197
v -29.432013 31.317425 150.290417
v -28.128731 29.428557 150.993205
v -41.358119 45.988358 150.676496
v -38.088583 44.792656 151.912435
v -40.041270 52.081472 150.368328
v -21.426731 68.640446 134.989744
v -18.860278 68.149352 135.559305
v -20.518553 64.378189 134.695847
v -38.437481 73.499167 145.659233
v -38.212709 79.042047 143.979899
v -39.899229 75.433821 143.849249
v -28.603631 84.137487 141.957701
v -28.413953 85.437751 141.301205
v -28.225601 87.938142 141.935787
v -20.804066 49.066558 145.932514
v -21.326298 52.316332 145.873698
v -20.809791 49.781370 146.983167
v -36.091136 84.332085 138.208389
v -32.594546 84.120834 136.514785
v -36.962064 82.458412 135.837657
v -25.064601 29.649449 151.605004
v -24.268546 30.499724 151.893768
v -25.052982 32.678521 152.620733
v -21.238070 81.125897 137.637092
v -21.278966 79.479110 135.887723
v -23.891353 81.490343 135.563606
v -37.778414 87.145984 142.085884
v -38.153955 89.410925 143.554485
v -37.843974 88.566023 141.635417
v -22.894105 77.621960 141.602275
v -24.811957 73.666608 144.606109
v -24.025377 72.794080 143.861682
v -25.161744 72.929776 145.926925
v -26.343676 76.117641 145.125091
v -28.172607 74.197698 146.578825
v -43.025532 55.088449 146.684217
v -41.606602 55.320490 146.935618
v -44.071692 59.694642 144.838219
v -20.151653 55.511492 143.316969
v -20.820787 54.685849 142.712041
v -19.678900 56.187385 141.111612
v -18.106015 59.814935 136.845613
v -18.352301 74.016892 137.669774
v -18.047829 67.229217 138.630810
v -29.143788 34.697896 133.475521
v -30.923601 34.913575 134.311571
v -31.379370 35.643664 133.691348
v -20.942941 57.467419 139.153423
v -21.900353 57.745844 138.846416
v -20.586815 57.724124 137.459395
v -30.916457 98.004621 140.774690
v -33.524886 96.923125 139.923924
v -31.329245 98.759448 142.447031
v -33.726213 5.308914 133.086677
v -32.498072 6.106352 132.651089
v -33.203492 1.953548 132.933913
v -35.844909 29.589936 147.622949
v -34.494138 36.087638 146.387628
v -35.359218 31.033719 148.558090
v -31.413112 60.012758 149.349745
v -32.589302 58.759749 149.253583
v -30.569787 60.115379 149.048410
v -33.178264 33.005032 151.009187
v -32.918772 31.181825 151.669701
v -35.359218 31.033719 148.558090
v -31.002383 1.985758 137.973677
v -29.821171 1.472401 137.635963
v -30.005263 0.585872 138.885617
v -30.777850 11.893719 138.006939
v -32.081342 12.269822 137.121558
v -32.051270 9.177834 137.460935
v -35.065120 95.986295 140.504658
v -33.524886 96.923125 139.923924
v -33.364588 92.957163 137.301045
v -30.701123 1.441645 136.238542
v -32.312389 0.906843 135.688262
v -30.537987 0.694894 134.700700
v -27.575232 34.821143 132.494911
v -24.144957 34.718641 134.966140
v -27.776696 35.286280 133.055631
v -43.192648 1.675076 146.291174
v -41.435833 4.092771 142.664833
v -42.156361 0.332940 144.705136
v -27.071819 78.914183 133.934054
v -21.278966 79.479110 135.887723
v -23.408694 75.908297 134.804246
v -23.257055 49.530584 150.465073
v -24.500371 56.024736 148.838946
v -24.753950 47.785393 151.035287
v -44.286076 43.914804 143.257884
v -43.071776 49.225885 143.175545
v -43.650710 49.174375 140.783479
v -28.585926 13.128617 135.353727
v -29.518040 14.122679 134.113965
v -27.982478 17.488226 134.294213
v -30.569787 60.115379 149.048410
v -32.589302 58.759749 149.253583
v -32.211224 55.914849 149.506477
v -42.063378 35.672390 135.165910
v -41.983978 34.863317 135.849985
v -41.403691 34.885961 133.573265
v -22.871314 62.550723 136.104200
v -22.555054 66.237497 135.384083
v -21.313240 60.228389 135.353732
v -26.154500 89.032614 140.746801
v -26.281926 91.219336 142.207778
v -26.798293 88.787246 141.643743
v -24.231812 33.828986 151.081509
v -24.458341 33.396590 149.361061
v -23.388726 40.558603 150.004923
v -28.103004 31.269082 133.786588
v -29.143788 34.697896 133.475521
v -27.224426 34.419113 134.037034
v -39.252732 11.008668 145.315330
v -39.157119 7.920882 144.621604
v -39.259718 13.158727 144.568613
v -33.284898 9.377309 135.051659
v -33.726213 5.308914 133.086677
v -34.110171 4.611432 134.309238
v -22.062696 47.500288 140.537680
v -21.325029 38.076400 138.839524
v -21.998007 47.609323 137.253069
v -32.081342 12.269822 137.121558
v -32.646771 13.956532 135.538918
v -32.689827 9.867444 135.640394
v -32.646771 13.956532 135.538918
v -31.639651 14.291444 134.380114
v -32.689827 9.867444 135.640394
v -31.639651 14.291444 134.380114
v -29.518040 14.122679 134.113965
v -31.175390 10.786736 134.399902
v -43.584097 50.086099 145.294907
v -42.742308 51.846874 144.405887
v -43.149970 52.715272 142.540456
v -22.307538 32.884300 146.861027
v -22.027239 33.004653 146.571853
v -22.254266 32.596949 146.852943
v -32.689827 9.867444 135.640394
v -33.284898 9.377309 135.051659
v -32.051270 9.177834 137.460935
v -22.955444 45.356756 147.629759
v -21.438567 44.984567 145.261913
v -20.809791 49.781370 146.983167
v -45.087369 2.881891 147.630226
v -45.442544 2.130992 150.961171
v -44.547702 3.860057 149.490353
v -28.975953 81.489360 141.825991
v -33.146607 79.941046 143.408376
v -33.429105 76.384962 144.889872
v -23.399875 66.193819 135.030075
v -25.091737 71.678358 133.614143
v -23.227944 69.701004 135.782495
v -31.245578 63.478780 147.510528
v -32.589302 58.759749 149.253583
v -31.668522 60.035992 148.895325
v -37.062017 35.952294 137.814895
v -39.983946 26.727772 140.079031
v -38.597587 36.713183 138.263402
v -44.472950 1.077229 147.379900
v -46.755167 1.059580 149.701888
v -45.087369 2.881891 147.630226
v -33.524886 96.923125 139.923924
v -30.916457 98.004621 140.774690
v -32.184238 95.390844 138.086011
v -26.307229 35.269743 146.722679
v -28.865360 35.305095 147.991944
v -28.537064 35.458648 147.233859
v -40.301193 5.095578 148.118257
v -39.059080 1.295793 144.777772
v -38.702553 4.569221 144.213553
v -29.703371 87.591016 139.304737
v -31.011685 87.740290 138.369436
v -30.053332 88.473749 138.728215
v -28.774761 10.390532 137.336089
v -28.079003 12.871819 137.519391
v -29.488597 11.859768 137.962889
v -31.406266 63.608760 149.039437
v -31.010469 62.351567 148.485004
v -31.668522 60.035992 148.895325
v -27.820893 64.803439 148.384103
v -28.387952 70.164168 147.971566
v -31.292770 61.233938 149.857710
v -39.408318 57.517988 149.114289
v -40.041270 52.081472 150.368328
v -38.088583 44.792656 151.912435
v -23.227944 69.701004 135.782495
v -22.672185 73.236668 135.125745
v -21.426731 68.640446 134.989744
v -39.957800 0.229532 143.791571
v -39.162778 1.509285 143.465457
v -39.059080 1.295793 144.777772
v -43.817814 70.621526 137.113182
v -44.055647 77.876180 137.576002
v -42.210149 72.832334 137.550153
v -43.654186 80.746561 138.638412
v -45.143457 75.720316 140.103764
v -44.139765 79.814589 141.584249
v -22.972004 32.381394 146.440178
v -23.121851 31.758979 146.034268
v -23.625712 32.760483 146.731242
v -27.112204 81.953471 135.076616
v -30.620622 81.246572 135.087069
v -29.682166 84.198701 136.734758
v -43.008208 65.556068 144.435832
v -43.943686 70.646692 143.892970
v -44.434075 65.391666 143.615886
v -36.219102 93.654299 140.362167
v -33.364588 92.957163 137.301045
v -35.624278 91.678381 139.418603
v -25.064601 29.649449 151.605004
v -25.454339 32.796657 148.947631
v -24.458341 33.396590 149.361061
v -20.418165 64.537835 139.712761
v -21.882783 64.164096 140.470720
v -22.279813 62.022572 139.513458
v -38.490435 83.106661 141.060603
v -36.091136 84.332085 138.208389
v -42.661822 82.313907 140.752582
v -33.429105 76.384962 144.889872
v -28.481667 76.599407 144.489158
v -28.975953 81.489360 141.825991
v -24.025377 72.794080 143.861682
v -24.347383 73.134673 145.313770
v -23.704557 70.268410 145.403117
v -19.416231 59.056365 141.633905
v -20.151653 55.511492 143.316969
v -18.906051 58.267372 140.187717
v -35.389789 35.362893 133.782977
v -31.379370 35.643664 133.691348
v -34.317892 37.349582 137.332462
v -43.650710 49.174375 140.783479
v -44.514108 37.789574 141.882837
v -44.067924 41.751099 142.483653
v -38.212709 79.042047 143.979899
v -38.437481 73.499167 145.659233
v -36.455847 78.696478 144.607915
v -23.408694 75.908297 134.804246
v -21.278966 79.479110 135.887723
v -21.531998 76.700961 135.646692
v -34.328397 90.282720 138.196713
v -32.705049 90.040994 138.176621
v -32.797867 87.729668 138.001290
v -36.643783 91.943634 141.009548
v -36.219102 93.654299 140.362167
v -35.624278 91.678381 139.418603
v -22.972004 32.381394 146.440178
v -22.027239 33.004653 146.571853
v -21.491558 32.769522 144.604493
v -28.276366 23.647433 143.187287
v -29.975125 23.414966 143.419383
v -29.495745 14.526868 140.164200
v -44.139765 79.814589 141.584249
v -45.143457 75.720316 140.103764
v -44.472233 76.417482 141.344973
v -42.638298 56.556183 140.905960
v -43.149970 52.715272 142.540456
v -42.526433 53.861112 143.800569
v -46.534017 61.513752 141.695680
v -46.622043 61.338961 141.079886
v -45.850745 61.508584 142.275322
v -42.156361 0.332940 144.705136
v -39.957800 0.229532 143.791571
v -42.217838 0.290221 147.533862
v -25.280254 32.828945 138.952028
v -28.103004 31.269082 133.786588
v -27.224426 34.419113 134.037034
v -17.891202 68.120092 139.675404
v -17.735520 61.635834 140.339211
v -18.047829 67.229217 138.630810
v -20.418165 64.537835 139.712761
v -20.642145 69.105380 140.880979
v -22.004456 65.511828 140.386772
v -22.004456 65.511828 140.386772
v -21.882783 64.164096 140.470720
v -20.418165 64.537835 139.712761
v -35.248956 88.279295 147.213143
v -34.920527 89.938885 147.454940
v -35.888259 92.029381 146.739734
v -27.849630 91.007292 144.161094
v -27.929374 89.197808 144.626601
v -26.729618 89.325941 143.531262
v -37.589117 35.696792 134.258399
v -37.914181 36.306000 133.095790
v -35.389789 35.362893 133.782977
v -31.010479 84.444666 146.734403
v -28.363730 87.293774 145.750686
v -31.086454 85.804177 148.050449
v -27.459953 90.141338 138.944163
v -26.281926 91.219336 142.207778
v -26.154500 89.032614 140.746801
v -32.498072 6.106352 132.651089
v -30.096871 4.742783 133.501051
v -32.138674 0.852346 132.960086
v -28.270383 87.802029 143.213126
v -28.225601 87.938142 141.935787
v -26.729618 89.325941 143.531262
v -44.164285 74.412996 142.794790
v -44.139765 79.814589 141.584249
v -44.472233 76.417482 141.344973
v -18.906051 58.267372 140.187717
v -19.678900 56.187385 141.111612
v -19.399233 58.150792 139.036891
v -22.764979 31.445774 146.740690
v -22.254266 32.596949 146.852943
v -23.364916 32.186049 146.647758
v -22.254266 32.596949 146.852943
v -23.170544 32.513183 146.747329
v -23.364916 32.186049 146.647758
v -35.633055 95.584590 149.060420
v -32.207616 96.457941 149.076380
v -32.130312 97.012961 147.385539
v -33.364588 92.957163 137.301045
v -29.375331 91.230231 137.162751
v -30.435501 89.346599 136.912976
v -20.564194 56.143838 140.002075
v -20.820787 54.685849 142.712041
v -21.592077 55.094379 141.778479
v -20.518553 64.378189 134.695847
v -21.313240 60.228389 135.353732
v -22.555054 66.237497 135.384083
v -29.030191 49.291044 132.290626
v -25.788290 57.866716 133.984459
v -26.981183 36.141091 131.951348
v -32.001582 84.113097 143.641821
v -33.385988 83.336139 142.571110
v -31.394829 82.724065 142.861346
v -31.814851 90.611386 137.145563
v -32.797867 87.729668 138.001290
v -32.705049 90.040994 138.176621
v -34.039149 86.227095 138.897644
v -36.461481 86.132467 140.099577
v -35.984534 86.766279 139.533566
v -22.368564 54.320878 141.392659
v -21.900353 57.745844 138.846416
v -21.592077 55.094379 141.778479
v -26.699437 3.694957 140.388675
v -27.121829 2.793974 140.940966
v -25.586074 2.739531 141.961450
v -29.691879 9.410500 135.097995
v -28.774761 10.390532 137.336089
v -28.360066 7.767850 137.558246
v -43.068810 5.820072 149.880685
v -43.897795 2.371866 152.007941
v -42.438384 3.583617 150.939490
v -24.006911 68.485343 144.882393
v -24.025377 72.794080 143.861682
v -23.704557 70.268410 145.403117
v -32.753665 54.109657 150.963516
v -33.646742 63.676662 149.519875
v -33.604910 53.020186 152.139919
v -35.359218 31.033719 148.558090
v -31.996165 40.375856 151.608122
v -33.178264 33.005032 151.009187
v -32.184238 95.390844 138.086011
v -30.916457 98.004621 140.774690
v -28.731945 96.439767 139.355188
v -31.394829 82.724065 142.861346
v -33.392258 81.645703 142.350250
v -30.601089 81.311428 142.300711
v -36.128451 91.244447 139.318613
v -35.624278 91.678381 139.418603
v -34.706824 87.106895 137.868376
v -21.278966 79.479110 135.887723
v -21.007232 75.195181 135.321538
v -21.531998 76.700961 135.646692
v -30.041257 90.302599 148.512469
v -30.004823 88.876313 148.761825
v -28.363730 87.293774 145.750686
v -23.341082 32.595062 146.844190
v -22.254266 32.596949 146.852943
v -22.972004 32.381394 146.440178
v -41.435833 4.092771 142.664833
v -39.384586 5.106211 142.810510
v -40.392434 1.880503 142.699511
v -21.940012 32.837531 146.812014
v -22.254266 32.596949 146.852943
v -21.371772 32.526246 146.829362
v -28.603631 84.137487 141.957701
v -28.225601 87.938142 141.935787
v -28.270383 87.802029 143.213126
v -23.996192 42.678049 151.290517
v -23.257055 49.530584 150.465073
v -24.753950 47.785393 151.035287
v -43.524265 63.887316 137.571719
v -43.817814 70.621526 137.113182
v -41.753040 69.828945 136.909563
v -36.721234 92.025984 145.362184
v -35.181488 94.120872 148.063158
v -37.154074 93.709409 146.312558
v -22.894105 77.621960 141.602275
v -22.242342 71.127337 141.967099
v -21.126182 74.199784 141.690238
v -39.899229 75.433821 143.849249
v -39.714662 67.598576 144.851938
v -38.437481 73.499167 145.659233
v -36.219102 93.654299 140.362167
v -37.223359 94.959420 146.039168
v -35.065120 95.986295 140.504658
v -20.642145 69.105380 140.880979
v -20.752470 74.294275 140.953323
v -21.805931 68.404543 140.654567
v -27.459953 90.141338 138.944163
v -29.375331 91.230231 137.162751
v -27.532022 94.994122 139.691183
v -21.207015 61.733776 139.504102
v -21.885226 59.482550 141.270716
v -18.811841 65.850806 140.794337
v -36.455847 78.696478 144.607915
v -36.369411 83.083087 141.901213
v -38.212709 79.042047 143.979899
v -31.490034 48.172534 152.310468
v -33.604910 53.020186 152.139919
v -32.429638 45.903567 152.954735
v -25.280254 32.828945 138.952028
v -26.570018 25.321284 135.884236
v -28.103004 31.269082 133.786588
v -42.138293 59.674287 144.482459
v -40.778579 55.898071 146.174796
v -41.860682 65.736878 143.811207
v -21.126182 74.199784 141.690238
v -22.072827 68.785017 141.244389
v -20.752470 74.294275 140.953323
v -22.635528 34.203806 142.964463
v -24.522211 36.013359 145.933933
v -24.312672 35.459468 143.064683
v -35.888259 92.029381 146.739734
v -34.920527 89.938885 147.454940
v -33.907631 92.197365 149.146188
v -30.541344 9.327554 138.158393
v -30.677936 7.653475 139.098465
v -28.946821 8.367795 138.454396
v -43.925959 7.619763 148.079386
v -44.547702 3.860057 149.490353
v -43.068810 5.820072 149.880685
v -38.437481 73.499167 145.659233
v -36.583105 70.974666 148.331107
v -34.845895 79.527086 145.125918
v -40.920703 12.730220 143.733863
v -40.403429 10.287452 143.914945
v -42.144973 9.598270 144.412296
v -38.593421 12.946284 145.696455
v -39.735046 11.836589 146.787672
v -39.252732 11.008668 145.315330
v -35.181488 94.120872 148.063158
v -32.831477 94.496137 149.144928
v -34.562520 94.980228 149.512253
v -24.412670 35.635391 146.944474
v -26.204304 34.972701 148.039800
v -26.307229 35.269743 146.722679
v -20.820787 54.685849 142.712041
v -21.326298 52.316332 145.873698
v -22.387751 54.552591 142.792810
v -37.580347 13.801783 144.188540
v -40.038109 14.194486 142.441614
v -37.517938 16.162741 143.365442
v -35.773191 89.994311 142.466045
v -33.980048 85.807693 142.259927
v -34.684184 86.252725 145.021688
v -42.120774 12.702635 147.304388
v -43.120092 8.134231 147.179957
v -42.410368 8.381486 148.063648
v -25.242773 1.722991 138.897184
v -27.063058 4.792016 138.968586
v -25.386572 3.146356 140.348943
v -22.672185 73.236668 135.125745
v -20.960251 73.811852 134.556924
v -21.426731 68.640446 134.989744
v -32.361278 41.738534 152.208859
v -32.260270 44.111318 152.625623
v -37.016059 57.039470 149.864638
v -42.526433 53.861112 143.800569
v -43.365304 52.978409 145.842071
v -44.197621 56.637037 142.155899
v -44.219531 1.059062 154.309723
v -46.321291 0.793070 154.703994
v -45.266919 0.000001 154.690839
v -42.438384 3.583617 150.939490
v -44.219531 1.059062 154.309723
v -41.997782 1.784188 151.755909
v -41.997782 1.784188 151.755909
v -40.301193 5.095578 148.118257
v -42.438384 3.583617 150.939490
v -32.265176 36.061868 137.844248
v -30.923601 34.913575 134.311571
v -31.634674 32.809767 135.917738
v -20.804066 49.066558 145.932514
v -20.809791 49.781370 146.983167
v -21.438567 44.984567 145.261913
v -37.517938 16.162741 143.365442
v -34.986161 25.349772 143.735733
v -35.484023 22.496540 145.149079
v -18.206318 58.293485 138.155928
v -19.399233 58.150792 139.036891
v -20.586815 57.724124 137.459395
v -20.006858 78.985387 136.674254
v -19.410589 79.412722 138.797118
v -18.998334 77.074754 138.314156
v -42.910453 82.054722 139.012744
v -39.188611 80.539966 135.832667
v -43.654186 80.746561 138.638412
v -24.581772 34.331387 140.466530
v -24.312672 35.459468 143.064683
v -25.545970 33.778915 142.691419
v -22.942403 52.893096 143.292726
v -21.326298 52.316332 145.873698
v -21.873973 47.507375 144.011067
v -27.237663 16.342595 139.035156
v -28.079003 12.871819 137.519391
v -27.156637 15.470183 136.874567
v -31.474313 47.539109 147.510328
v -30.384710 42.963588 147.678952
v -30.710236 48.516065 147.942703
v -25.734437 35.679549 134.964343
v -23.804600 35.345771 136.117822
v -23.590513 35.548043 139.393788
v -44.406522 32.989341 144.515353
v -43.324351 30.473796 144.477111
v -43.695846 31.858251 145.752155
v -21.811761 33.463916 147.071576
v -20.387182 33.421811 146.381641
v -21.940621 40.509450 149.012684
v -23.257055 49.530584 150.465073
v -23.074677 53.532386 148.404259
v -24.500371 56.024736 148.838946
v -39.735046 11.836589 146.787672
v -38.851141 21.289286 148.310362
v -42.120774 12.702635 147.304388
v -32.765770 0.656306 134.440328
v -32.312389 0.906843 135.688262
v -33.844956 1.688772 134.207742
v -23.342370 35.208115 137.742779
v -23.689187 33.865511 136.156119
v -22.263709 34.598824 137.858446
v -37.589117 35.696792 134.258399
v -37.193160 37.035978 136.129940
v -39.969494 35.833993 133.404893
v -32.938390 35.526508 142.509633
v -33.406136 35.389334 142.122124
v -31.793964 33.006501 142.213248
v -23.691075 70.251453 142.872110
v -22.222367 64.023703 142.104262
v -22.242342 71.127337 141.967099
v -26.729618 89.325941 143.531262
v -26.798293 88.787246 141.643743
v -26.281926 91.219336 142.207778
v -32.217500 41.022372 143.863566
v -32.574454 45.612103 144.896383
v -33.375285 44.106346 144.502702
v -32.831477 94.496137 149.144928
v -31.169784 95.580924 148.131451
v -32.207616 96.457941 149.076380
v -35.025293 29.643911 150.463948
v -32.918772 31.181825 151.669701
v -34.026596 30.424020 152.253742
v -31.957653 25.700387 134.658830
v -33.120011 14.899963 134.320633
v -32.681830 29.196757 136.747987
v -38.153955 89.410925 143.554485
v -38.231379 87.405622 142.948934
v -37.528908 87.936646 143.226984
v -34.555240 31.774274 144.533151
v -34.986161 25.349772 143.735733
v -34.295779 34.353322 142.051432
v -32.088164 47.859445 145.943161
v -30.384710 42.963588 147.678952
v -31.474313 47.539109 147.510328
v -27.489840 83.689642 137.160101
v -23.891353 81.490343 135.563606
v -27.112204 81.953471 135.076616
v -17.985264 59.301298 140.382680
v -18.906051 58.267372 140.187717
v -18.206318 58.293485 138.155928
v -20.418165 64.537835 139.712761
v -22.279813 62.022572 139.513458
v -21.207015 61.733776 139.504102
v -25.091737 71.678358 133.614143
v -23.399875 66.193819 135.030075
v -23.871743 63.912695 134.205662
v -22.308856 60.467112 141.671533
v -23.018618 59.837061 139.911240
v -21.882783 64.164096 140.470720
v -35.640745 38.293039 132.922662
v -34.551981 50.695228 132.497770
v -31.867087 35.940915 131.760832
v -35.255734 37.101456 136.702800
v -37.193160 37.035978 136.129940
v -35.389789 35.362893 133.782977
v -24.179026 1.097923 141.531169
v -25.044970 1.832419 142.511218
v -24.060756 1.400912 143.184071
v -45.442544 2.130992 150.961171
v -46.321291 0.793070 154.703994
v -43.897795 2.371866 152.007941
v -35.053828 86.370593 141.565179
v -36.381228 89.401662 142.379000
v -36.040269 84.938181 142.552585
v -43.925959 7.619763 148.079386
v -43.068810 5.820072 149.880685
v -42.864334 7.591427 149.353390
v -27.489840 83.689642 137.160101
v -28.115502 85.314643 139.257011
v -24.770396 82.702458 138.414994
v -39.482153 81.153417 142.575568
v -42.785168 81.446213 142.333183
v -42.171120 80.748362 143.006927
v -29.375331 91.230231 137.162751
v -32.184238 95.390844 138.086011
v -28.731945 96.439767 139.355188
v -39.969494 35.833993 133.404893
v -37.193160 37.035978 136.129940
v -39.352691 37.912881 137.929969
v -21.426731 68.640446 134.989744
v -20.960251 73.811852 134.556924
v -18.860278 68.149352 135.559305
v -41.860682 65.736878 143.811207
v -42.091849 67.727953 142.878976
v -42.620188 66.155982 143.639229
v -31.639651 14.291444 134.380114
v -33.120011 14.899963 134.320633
v -31.316262 15.128609 133.435049
v -20.006858 78.985387 136.674254
v -21.278966 79.479110 135.887723
v -21.238070 81.125897 137.637092
v -29.703371 87.591016 139.304737
v -28.115502 85.314643 139.257011
v -27.489840 83.689642 137.160101
v -23.388726 40.558603 150.004923
v -23.996192 42.678049 151.290517
v -24.268546 30.499724 151.893768
v -36.250195 31.915716 151.835432
v -33.340802 31.927511 152.322537
v -38.088583 44.792656 151.912435
v -20.998871 58.366412 142.484566
v -21.744689 54.558891 145.623630
v -19.416231 59.056365 141.633905
v -24.581772 34.331387 140.466530
v -26.435251 23.535749 138.278374
v -25.280254 32.828945 138.952028
v -23.625712 32.760483 146.731242
v -23.121851 31.758979 146.034268
v -24.563179 33.685982 147.842628
v -20.006858 78.985387 136.674254
v -19.888260 74.879866 135.575805
v -21.278966 79.479110 135.887723
v -29.833113 34.720671 148.902364
v -29.969404 37.265399 148.074784
v -28.865360 35.305095 147.991944
v -42.059541 65.326905 137.237168
v -43.230427 59.825134 140.006844
v -43.524265 63.887316 137.571719
v -31.406266 63.608760 149.039437
v -28.387952 70.164168 147.971566
v -30.284139 67.257679 148.107915
v -43.071776 49.225885 143.175545
v -43.117753 45.232892 146.641058
v -43.584097 50.086099 145.294907
v -24.563489 55.560702 145.270193
v -23.256047 55.429923 144.463318
v -25.312390 61.630696 144.707374
v -31.653038 71.754098 147.063340
v -30.586362 72.576457 146.677992
v -33.429105 76.384962 144.889872
v -32.364866 86.487526 138.121210
v -36.091136 84.332085 138.208389
v -34.039149 86.227095 138.897644
v -43.322870 5.397189 145.151697
v -42.144973 9.598270 144.412296
v -41.435833 4.092771 142.664833
v -21.770879 37.224674 141.868055
v -21.298909 38.481080 140.231079
v -22.851835 43.104175 142.448161
v -44.055647 77.876180 137.576002
v -43.817814 70.621526 137.113182
v -45.143457 75.720316 140.103764
v -39.957800 0.229532 143.791571
v -39.059080 1.295793 144.777772
v -42.217838 0.290221 147.533862
v -36.040269 84.938181 142.552585
v -36.381228 89.401662 142.379000
v -36.693835 86.117196 143.332249
v -43.090423 31.193227 142.786686
v -41.231405 35.058624 140.108179
v -39.983946 26.727772 140.079031
v -41.476085 8.448029 148.297135
v -42.410368 8.381486 148.063648
v -42.864334 7.591427 149.353390
v -36.097305 90.164399 143.739628
v -35.248956 88.279295 147.213143
v -35.888259 92.029381 146.739734
v -27.982478 17.488226 134.294213
v -26.570018 25.321284 135.884236
v -27.156637 15.470183 136.874567
v -28.360066 7.767850 137.558246
v -30.201820 6.898480 134.165868
v -29.691879 9.410500 135.097995
v -37.167471 93.864519 147.284585
v -35.633055 95.584590 149.060420
v -37.223359 94.959420 146.039168
v -18.106015 59.814935 136.845613
v -19.680553 61.484044 135.226579
v -18.860278 68.149352 135.559305
v -27.936716 93.437398 146.465631
v -28.119967 91.280973 145.810099
v -26.972451 92.009997 144.180149
v -39.482153 81.153417 142.575568
v -38.490435 83.106661 141.060603
v -42.785168 81.446213 142.333183
v -24.312672 35.459468 143.064683
v -23.590513 35.548043 139.393788
v -22.274434 35.131782 140.141606
v -46.694751 61.280215 141.328543
v -46.577219 61.001200 141.042726
v -46.607580 61.094803 141.173454
v -18.206318 58.293485 138.155928
v -17.429664 59.845548 139.311476
v -17.985264 59.301298 140.382680
v -41.476085 8.448029 148.297135
v -42.120774 12.702635 147.304388
v -42.410368 8.381486 148.063648
v -42.138293 59.674287 144.482459
v -44.071692 59.694642 144.838219
v -41.606602 55.320490 146.935618
v -35.844909 29.589936 147.622949
v -35.484023 22.496540 145.149079
v -34.555240 31.774274 144.533151
v -27.237663 16.342595 139.035156
v -26.435251 23.535749 138.278374
v -27.377137 29.115456 144.011579
v -20.809791 49.781370 146.983167
v -21.333739 51.780891 147.048602
v -22.495762 49.875209 148.355607
v -40.136696 55.860442 147.496898
v -39.851644 56.754119 146.709535
v -40.778579 55.898071 146.174796
v -33.392258 81.645703 142.350250
v -31.394829 82.724065 142.861346
v -33.385988 83.336139 142.571110
v -25.312390 61.630696 144.707374
v -24.006911 68.485343 144.882393
v -24.968433 61.733025 145.680388
v -43.524265 63.887316 137.571719
v -46.114263 65.227467 139.164875
v -43.817814 70.621526 137.113182
v -28.975953 81.489360 141.825991
v -28.603631 84.137487 141.957701
v -30.601089 81.311428 142.300711
v -42.661822 82.313907 140.752582
v -42.910453 82.054722 139.012744
v -44.139765 79.814589 141.584249
v -26.729618 89.325941 143.531262
v -28.225601 87.938142 141.935787
v -26.835000 88.558560 142.811170
v -25.044970 1.832419 142.511218
v -25.317646 1.404107 143.841251
v -24.060756 1.400912 143.184071
v -30.723211 8.767399 133.796696
v -30.201820 6.898480 134.165868
v -32.498072 6.106352 132.651089
v -29.975125 23.414966 143.419383
v -28.276366 23.647433 143.187287
v -29.177592 32.596904 145.882386
v -34.469081 82.405698 143.056116
v -33.385988 83.336139 142.571110
v -34.012246 84.710789 142.456396
v -43.090423 31.193227 142.786686
v -44.011256 14.670441 144.198974
v -43.324351 30.473796 144.477111
v -28.360066 7.767850 137.558246
v -28.946821 8.367795 138.454396
v -27.063058 4.792016 138.968586
v -25.312390 61.630696 144.707374
v -24.968433 61.733025 145.680388
v -24.563489 55.560702 145.270193
v -30.201820 6.898480 134.165868
v -30.723211 8.767399 133.796696
v -29.691879 9.410500 135.097995
v -45.850745 61.508584 142.275322
v -43.365304 52.978409 145.842071
v -43.025532 55.088449 146.684217
v -28.585926 13.128617 135.353727
v -28.774761 10.390532 137.336089
v -29.691879 9.410500 135.097995
v -32.364866 86.487526 138.121210
v -29.682166 84.198701 136.734758
v -32.594546 84.120834 136.514785
v -23.704557 70.268410 145.403117
v -22.963980 72.150403 145.559094
v -23.031003 70.284009 145.744550
v -26.307229 35.269743 146.722679
v -26.204304 34.972701 148.039800
v -28.865360 35.305095 147.991944
v -18.811841 65.850806 140.794337
v -17.735520 61.635834 140.339211
v -17.891202 68.120092 139.675404
v -31.086454 85.804177 148.050449
v -32.228380 87.976098 148.963433
v -33.138382 85.536486 147.585381
v -42.788486 39.074764 149.439529
v -42.019044 43.610222 148.663243
v -44.561596 35.971275 146.757397
v -17.688319 59.650808 141.349877
v -19.416231 59.056365 141.633905
v -17.985264 59.301298 140.382680
v -42.638298 56.556183 140.905960
v -43.650710 49.174375 140.783479
v -43.149970 52.715272 142.540456
v -46.577219 61.001200 141.042726
v -45.850745 61.508584 142.275322
v -46.622043 61.338961 141.079886
v -32.498072 6.106352 132.651089
v -33.252329 8.562672 133.666005
v -32.113444 9.127104 133.379968
v -25.788290 57.866716 133.984459
v -24.681868 37.528392 133.302883
v -26.981183 36.141091 131.951348
v -45.850745 61.508584 142.275322
v -44.071692 59.694642 144.838219
v -44.552604 61.764282 144.526109
v -27.532022 94.994122 139.691183
v -26.281926 91.219336 142.207778
v -27.459953 90.141338 138.944163
v -44.472950 1.077229 147.379900
v -42.891281 0.426358 146.118194
v -46.755167 1.059580 149.701888
v -27.454853 96.110701 141.965615
v -27.532022 94.994122 139.691183
v -28.512735 97.679722 142.111983
v -31.406266 63.608760 149.039437
v -30.284139 67.257679 148.107915
v -31.263729 67.154849 148.219075
v -31.086454 85.804177 148.050449
v -33.138382 85.536486 147.585381
v -31.010479 84.444666 146.734403
v -26.699437 3.694957 140.388675
v -27.063058 4.792016 138.968586
v -28.946821 8.367795 138.454396
v -28.276366 23.647433 143.187287
v -28.242577 13.496047 139.181026
v -27.237663 16.342595 139.035156
v -38.851141 21.289286 148.310362
v -36.279908 24.438972 147.004612
v -39.631002 29.284579 149.268271
v -32.765770 0.656306 134.440328
v -30.537987 0.694894 134.700700
v -32.312389 0.906843 135.688262
v -25.734437 35.679549 134.964343
v -24.144957 34.718641 134.966140
v -23.804600 35.345771 136.117822
v -19.657644 58.297640 136.624279
v -19.680553 61.484044 135.226579
v -18.106015 59.814935 136.845613
v -21.811761 33.463916 147.071576
v -21.371772 32.526246 146.829362
v -20.387182 33.421811 146.381641
v -30.057215 41.100562 145.554606
v -32.217500 41.022372 143.863566
v -31.793964 33.006501 142.213248
v -30.435501 89.346599 136.912976
v -32.797867 87.729668 138.001290
v -31.814851 90.611386 137.145563
v -32.088164 47.859445 145.943161
v -32.574454 45.612103 144.896383
v -32.217500 41.022372 143.863566
v -23.148618 54.896980 145.648080
v -24.563489 55.560702 145.270193
v -23.407637 55.885911 146.398009
v -31.263729 67.154849 148.219075
v -31.653038 71.754098 147.063340
v -32.550370 70.980561 148.388171
v -45.442544 2.130992 150.961171
v -43.897795 2.371866 152.007941
v -44.547702 3.860057 149.490353
v -29.177592 32.596904 145.882386
v -27.377137 29.115456 144.011579
v -28.012860 34.907782 146.196385
v -36.583105 70.974666 148.331107
v -32.550370 70.980561 148.388171
v -34.845895 79.527086 145.125918
v -41.554610 63.590801 136.589344
v -42.875693 58.313751 141.007783
v -43.230427 59.825134 140.006844
v -43.230427 59.825134 140.006844
v -42.059541 65.326905 137.237168
v -41.554610 63.590801 136.589344
v -30.057215 41.100562 145.554606
v -29.177592 32.596904 145.882386
v -29.482777 35.939163 146.733972
v -41.498365 69.177622 144.320002
v -43.331302 77.464748 142.629651
v -42.091849 67.727953 142.878976
v -41.888192 36.598858 138.156493
v -42.063378 35.672390 135.165910
v -41.482959 36.371416 134.706905
v -26.762761 1.405799 137.371125
v -28.396635 0.724184 137.178374
v -28.338650 2.719223 136.112074
v -22.263709 34.598824 137.858446
v -22.774217 34.415507 135.680084
v -22.093186 35.357663 137.016202
v -42.387764 23.368082 147.446830
v -41.305335 31.165892 149.014461
v -42.220844 30.772531 147.437490
v -42.220844 30.772531 147.437490
v -44.098040 14.003238 145.785484
v -42.387764 23.368082 147.446830
v -31.957653 25.700387 134.658830
v -29.951210 30.906427 134.021755
v -33.120011 14.899963 134.320633
v -46.479308 67.237997 142.040045
v -46.119880 62.949133 144.010817
v -44.552604 61.764282 144.526109
v -23.871743 63.912695 134.205662
v -23.924670 54.459184 135.364503
v -25.788290 57.866716 133.984459
v -39.352691 37.912881 137.929969
v -38.597587 36.713183 138.263402
v -40.512479 36.503363 139.603326
v -38.001606 28.659526 139.939148
v -35.442340 35.696351 138.379812
v -36.071051 27.959135 141.550501
v -44.406522 32.989341 144.515353
v -43.063383 34.676999 139.841957
v -43.086100 33.816964 141.751163
v -43.943686 70.646692 143.892970
v -44.164285 74.412996 142.794790
v -44.579441 71.888370 142.256531
v -45.143457 75.720316 140.103764
v -46.479308 67.237997 142.040045
v -44.579441 71.888370 142.256531
v -29.383141 33.011797 149.011455
v -29.432013 31.317425 150.290417
v -29.833113 34.720671 148.902364
v -29.492168 2.478420 135.428260
v -28.338650 2.719223 136.112074
v -29.821171 1.472401 137.635963
v -22.004456 65.511828 140.386772
v -20.642145 69.105380 140.880979
v -21.805931 68.404543 140.654567
v -42.059541 65.326905 137.237168
v -41.753040 69.828945 136.909563
v -41.554610 63.590801 136.589344
v -42.217838 0.290221 147.533862
v -39.059080 1.295793 144.777772
v -40.265281 2.306307 147.572422
v -21.438567 44.984567 145.261913
v -21.873973 47.507375 144.011067
v -20.804066 49.066558 145.932514
v -34.986161 25.349772 143.735733
v -36.071051 27.959135 141.550501
v -34.295779 34.353322 142.051432
v -20.642145 69.105380 140.880979
v -19.621709 70.555067 139.917893
v -19.379327 72.098076 140.538391
v -44.139765 79.814589 141.584249
v -44.164285 74.412996 142.794790
v -43.331302 77.464748 142.629651
v -32.364866 86.487526 138.121210
v -34.039149 86.227095 138.897644
v -32.797867 87.729668 138.001290
v -40.198456 35.123807 132.264501
v -37.589117 35.696792 134.258399
v -39.969494 35.833993 133.404893
v -43.527659 31.650681 148.587595
v -43.695846 31.858251 145.752155
v -41.996995 31.508497 149.269527
v -24.681868 37.528392 133.302883
v -23.924670 54.459184 135.364503
v -21.998007 47.609323 137.253069
v -42.210149 72.832334 137.550153
v -42.303697 78.532684 137.430499
v -40.277456 75.938666 135.465519
v -32.831477 94.496137 149.144928
v -33.907631 92.197365 149.146188
v -31.039673 91.629559 149.281068
v -19.621709 70.555067 139.917893
v -18.998334 77.074754 138.314156
v -18.950967 76.312327 139.549173
v -20.998871 58.366412 142.484566
v -21.885226 59.482550 141.270716
v -23.256047 55.429923 144.463318
v -29.024206 86.087167 143.973769
v -31.518900 84.464181 145.005344
v -30.279584 84.146160 143.691000
v -36.381228 89.401662 142.379000
v -36.721234 92.025984 145.362184
v -38.153955 89.410925 143.554485
v -27.753347 29.763377 152.527197
v -27.190580 30.581972 152.595018
v -29.833113 34.720671 148.902364
v -28.512735 97.679722 142.111983
v -30.916457 98.004621 140.774690
v -29.977929 97.744512 142.406423
v -32.377120 64.984006 149.334738
v -31.406266 63.608760 149.039437
v -31.263729 67.154849 148.219075
v -34.840158 63.561642 149.822875
v -39.408318 57.517988 149.114289
v -37.016059 57.039470 149.864638
v -45.087369 2.881891 147.630226
v -44.547702 3.860057 149.490353
v -43.925959 7.619763 148.079386
v -42.171120 80.748362 143.006927
v -41.498365 69.177622 144.320002
v -39.899229 75.433821 143.849249
v -21.940012 32.837531 146.812014
v -21.371772 32.526246 146.829362
v -22.027239 33.004653 146.571853
v -23.924670 54.459184 135.364503
v -22.674305 57.336932 137.989302
v -21.998007 47.609323 137.253069
v -24.500371 56.024736 148.838946
v -25.275777 65.151489 147.387591
v -26.117949 61.495125 147.827079
v -32.001582 84.113097 143.641821
v -33.541696 85.456264 143.539830
v -34.012246 84.710789 142.456396
v -18.864101 67.838603 139.943817
v -18.811841 65.850806 140.794337
v -17.891202 68.120092 139.675404
v -44.434075 65.391666 143.615886
v -46.479308 67.237997 142.040045
v -44.552604 61.764282 144.526109
v -44.011256 14.670441 144.198974
v -42.262137 13.680026 143.346397
v -43.022113 13.410694 144.733981
v -24.968433 61.733025 145.680388
v -23.407637 55.885911 146.398009
v -24.563489 55.560702 145.270193
v -18.106015 59.814935 136.845613
v -17.429664 59.845548 139.311476
v -18.206318 58.293485 138.155928
v -34.295779 34.353322 142.051432
v -35.442340 35.696351 138.379812
v -34.172681 36.534047 141.433338
v -29.969404 37.265399 148.074784
v -29.833113 34.720671 148.902364
v -27.190580 30.581972 152.595018
v -24.753950 47.785393 151.035287
v -26.081923 53.248471 149.092344
v -27.190580 30.581972 152.595018
v -30.710236 48.516065 147.942703
v -28.895810 62.505472 147.826070
v -30.569787 60.115379 149.048410
v -30.569787 60.115379 149.048410
v -32.211224 55.914849 149.506477
v -30.710236 48.516065 147.942703
v -21.808709 33.425212 140.255238
v -21.491558 32.769522 144.604493
v -22.635528 34.203806 142.964463
v -43.240534 39.672503 145.889723
v -42.019044 43.610222 148.663243
v -43.117753 45.232892 146.641058
v -41.482959 36.371416 134.706905
v -42.063378 35.672390 135.165910
v -41.403691 34.885961 133.573265
v -22.242342 71.127337 141.967099
v -22.351002 67.465585 141.516590
v -22.072827 68.785017 141.244389
v -25.586074 2.739531 141.961450
v -25.044970 1.832419 142.511218
v -25.386572 3.146356 140.348943
v -44.514108 37.789574 141.882837
v -44.764091 33.025569 145.513767
v -44.561596 35.971275 146.757397
v -42.951088 18.828681 142.264725
v -39.983946 26.727772 140.079031
v -40.038109 14.194486 142.441614
v -45.266919 0.000001 154.690839
v -41.594965 0.610966 150.979005
v -41.997782 1.784188 151.755909
v -34.920527 89.938885 147.454940
v -33.641646 88.175524 148.391593
v -33.325024 90.265394 148.959253
v -27.377137 29.115456 144.011579
v -25.545970 33.778915 142.691419
v -28.012860 34.907782 146.196385
v -29.571736 94.442117 148.078381
v -29.164814 96.699482 146.176396
v -31.169784 95.580924 148.131451
v -24.116644 67.973763 146.057589
v -23.704557 70.268410 145.403117
v -23.031003 70.284009 145.744550
v -23.212364 33.117750 146.685524
v -24.526662 34.302783 147.304134
v -22.386377 33.253434 146.783399
v -35.025293 29.643911 150.463948
v -38.031601 30.033651 150.103508
v -35.907121 30.246890 149.389621
v -23.361532 34.561291 147.876272
v -22.307538 32.884300 146.861027
v -21.811761 33.463916 147.071576
v -39.714662 67.598576 144.851938
v -39.899229 75.433821 143.849249
v -41.498365 69.177622 144.320002
v -24.025377 72.794080 143.861682
v -23.691075 70.251453 142.872110
v -22.894105 77.621960 141.602275
v -27.622014 88.667428 138.842712
v -26.154500 89.032614 140.746801
v -26.798293 88.787246 141.643743
v -43.192648 1.675076 146.291174
v -43.749708 2.790052 145.697343
v -41.435833 4.092771 142.664833
v -29.434211 18.515864 133.276344
v -31.316262 15.128609 133.435049
v -29.951210 30.906427 134.021755
v -44.067924 41.751099 142.483653
v -44.514108 37.789574 141.882837
v -43.240534 39.672503 145.889723
v -41.594965 0.610966 150.979005
v -42.217838 0.290221 147.533862
v -40.265281 2.306307 147.572422
v -23.388726 40.558603 150.004923
v -24.268546 30.499724 151.893768
v -24.231812 33.828986 151.081509
v -42.815171 37.477210 138.221753
v -42.444124 35.587567 134.350958
v -41.983978 34.863317 135.849985
v -32.377120 64.984006 149.334738
v -34.840158 63.561642 149.822875
v -33.646742 63.676662 149.519875
v -31.793964 33.006501 142.213248
v -32.217500 41.022372 143.863566
v -32.938390 35.526508 142.509633
v -41.476085 8.448029 148.297135
v -43.068810 5.820072 149.880685
v -42.438384 3.583617 150.939490
v -22.307538 32.884300 146.861027
v -23.361532 34.561291 147.876272
v -23.341082 32.595062 146.844190
v -35.984534 86.766279 139.533566
v -36.128451 91.244447 139.318613
v -34.706824 87.106895 137.868376
v -26.867399 83.128655 140.804115
v -28.413953 85.437751 141.301205
v -27.327646 82.842600 142.187254
v -34.706824 87.106895 137.868376
v -35.624278 91.678381 139.418603
v -34.328397 90.282720 138.196713
v -25.275777 65.151489 147.387591
v -24.116644 67.973763 146.057589
v -23.555690 70.019346 146.375456
v -22.963980 72.150403 145.559094
v -23.704557 70.268410 145.403117
v -24.347383 73.134673 145.313770
v -19.410589 79.412722 138.797118
v -18.950967 76.312327 139.549173
v -18.998334 77.074754 138.314156
v -33.392258 81.645703 142.350250
v -33.146607 79.941046 143.408376
v -30.601089 81.311428 142.300711
v -32.228380 87.976098 148.963433
v -31.086454 85.804177 148.050449
v -30.004823 88.876313 148.761825
v -28.935970 88.349533 139.440453
v -27.622014 88.667428 138.842712
v -28.225601 87.938142 141.935787
v -34.953601 84.419823 142.376008
v -36.369411 83.083087 141.901213
v -36.455847 78.696478 144.607915
v -22.635528 34.203806 142.964463
v -21.973917 34.408918 145.605349
v -24.522211 36.013359 145.933933
v -37.580347 13.801783 144.188540
v -39.259718 13.158727 144.568613
v -40.038109 14.194486 142.441614
v -33.980048 85.807693 142.259927
v -35.773191 89.994311 142.466045
v -35.053828 86.370593 141.565179
v -42.910453 82.054722 139.012744
v -36.962064 82.458412 135.837657
v -39.188611 80.539966 135.832667
v -39.300992 39.488030 151.282835
v -38.286937 30.589304 150.757523
v -36.250195 31.915716 151.835432
v -23.257055 49.530584 150.465073
v -22.648081 48.437858 149.742216
v -23.074677 53.532386 148.404259
v -32.042404 50.379944 148.425038
v -32.088164 47.859445 145.943161
v -31.474313 47.539109 147.510328
v -21.882783 64.164096 140.470720
v -23.018618 59.837061 139.911240
v -22.279813 62.022572 139.513458
v -17.985264 59.301298 140.382680
v -19.416231 59.056365 141.633905
v -18.906051 58.267372 140.187717
v -33.869727 15.159276 136.443769
v -33.018509 24.672279 137.811444
v -33.120011 14.899963 134.320633
v -40.778579 55.898071 146.174796
v -40.189901 59.345883 146.167597
v -41.860682 65.736878 143.811207
v -33.604910 53.020186 152.139919
v -37.016059 57.039470 149.864638
v -32.429638 45.903567 152.954735
v -24.581772 34.331387 140.466530
v -25.280254 32.828945 138.952028
v -25.734437 35.679549 134.964343
v -38.851141 21.289286 148.310362
v -40.935461 25.002256 148.648837
v -42.120774 12.702635 147.304388
v -28.865360 35.305095 147.991944
v -26.204304 34.972701 148.039800
v -25.454339 32.796657 148.947631
v -35.025293 29.643911 150.463948
v -35.359218 31.033719 148.558090
v -32.918772 31.181825 151.669701
v -36.250195 31.915716 151.835432
v -34.026596 30.424020 152.253742
v -33.340802 31.927511 152.322537
v -21.130967 33.880961 140.023359
v -22.093186 35.357663 137.016202
v -21.325029 38.076400 138.839524
v -27.459953 90.141338 138.944163
v -27.622014 88.667428 138.842712
v -28.911582 89.999318 138.196303
v -27.224426 34.419113 134.037034
v -25.734437 35.679549 134.964343
v -25.280254 32.828945 138.952028
v -32.081342 12.269822 137.121558
v -33.869727 15.159276 136.443769
v -32.646771 13.956532 135.538918
v -35.484023 22.496540 145.149079
v -35.844909 29.589936 147.622949
v -36.279908 24.438972 147.004612
v -25.052982 32.678521 152.620733
v -27.190580 30.581972 152.595018
v -26.119662 30.379078 152.876675
v -32.498072 6.106352 132.651089
v -33.726213 5.308914 133.086677
v -33.252329 8.562672 133.666005
v -30.651459 35.219359 131.645388
v -29.030191 49.291044 132.290626
v -26.981183 36.141091 131.951348
v -25.734437 35.679549 134.964343
v -27.776696 35.286280 133.055631
v -24.144957 34.718641 134.966140
v -30.923601 34.913575 134.311571
v -34.317892 37.349582 137.332462
v -31.379370 35.643664 133.691348
v -21.744689 54.558891 145.623630
v -20.151653 55.511492 143.316969
v -19.416231 59.056365 141.633905
v -28.090028 81.844830 142.380822
v -28.172607 74.197698 146.578825
v -27.327646 82.842600 142.187254
v -35.359218 31.033719 148.558090
v -34.348659 40.257335 148.083259
v -31.996165 40.375856 151.608122
v -34.348659 40.257335 148.083259
v -32.044396 50.879914 149.866703
v -31.490034 48.172534 152.310468
v -32.097690 44.172418 151.443449
v -34.348659 40.257335 148.083259
v -31.490034 48.172534 152.310468
v -22.135887 49.993640 141.580644
v -22.674305 57.336932 137.989302
v -22.368564 54.320878 141.392659
v -30.041257 90.302599 148.512469
v -33.325024 90.265394 148.959253
v -32.228380 87.976098 148.963433
v -43.331302 77.464748 142.629651
v -41.498365 69.177622 144.320002
v -42.171120 80.748362 143.006927
v -29.432013 31.317425 150.290417
v -29.383141 33.011797 149.011455
v -27.794433 31.572884 149.251349
v -34.555240 31.774274 144.533151
v -33.626703 35.826749 143.280991
v -34.494138 36.087638 146.387628
v -33.626703 35.826749 143.280991
v -33.375314 41.392922 144.595170
v -34.494138 36.087638 146.387628
v -22.386377 33.253434 146.783399
v -21.973917 34.408918 145.605349
v -21.491558 32.769522 144.604493
v -25.091737 71.678358 133.614143
v -27.445637 71.118670 133.547196
v -25.211953 75.342929 134.012142
v -27.445637 71.118670 133.547196
v -27.071819 78.914183 133.934054
v -25.211953 75.342929 134.012142
v -40.277456 75.938666 135.465519
v -42.303697 78.532684 137.430499
v -39.188611 80.539966 135.832667
v -38.001606 28.659526 139.939148
v -39.983946 26.727772 140.079031
v -37.062017 35.952294 137.814895
v -41.476085 8.448029 148.297135
v -40.301193 5.095578 148.118257
v -39.735046 11.836589 146.787672
v -20.752470 74.294275 140.953323
v -20.642145 69.105380 140.880979
v -19.379327 72.098076 140.538391
v -26.281926 91.219336 142.207778
v -26.987391 94.220185 144.326709
v -26.972451 92.009997 144.180149
v -22.871314 62.550723 136.104200
v -22.562734 61.171984 136.732762
v -22.580565 59.296166 136.773443
v -42.217838 0.290221 147.533862
v -45.266919 0.000001 154.690839
v -46.377571 0.142056 153.230627
v -46.377571 0.142056 153.230627
v -45.802199 0.140089 150.638800
v -42.217838 0.290221 147.533862
v -45.802199 0.140089 150.638800
v -42.891281 0.426358 146.118194
v -42.217838 0.290221 147.533862
v -33.375314 41.392922 144.595170
v -33.375285 44.106346 144.502702
v -33.771753 44.428465 145.547007
v -41.997782 1.784188 151.755909
v -40.265281 2.306307 147.572422
v -40.301193 5.095578 148.118257
v -40.301193 5.095578 148.118257
v -38.702553 4.569221 144.213553
v -39.157119 7.920882 144.621604
v -39.157119 7.920882 144.621604
v -39.735046 11.836589 146.787672
v -40.301193 5.095578 148.118257
v -23.652077 60.762286 146.635921
v -24.116644 67.973763 146.057589
v -25.275777 65.151489 147.387591
v -39.482153 81.153417 142.575568
v -36.369411 83.083087 141.901213
v -38.490435 83.106661 141.060603
v -21.000920 40.573972 147.995496
v -20.125259 35.342753 144.798396
v -22.249102 38.421938 144.347269
v -22.249102 38.421938 144.347269
v -21.770879 37.224674 141.868055
v -22.851835 43.104175 142.448161
v -26.987391 94.220185 144.326709
v -26.281926 91.219336 142.207778
v -27.532022 94.994122 139.691183
v -42.785168 81.446213 142.333183
v -44.139765 79.814589 141.584249
v -42.171120 80.748362 143.006927
v -34.489528 97.555906 142.997247
v -31.329245 98.759448 142.447031
v -33.524886 96.923125 139.923924
v -22.894105 77.621960 141.602275
v -23.291851 80.404019 140.800497
v -26.343676 76.117641 145.125091
v -30.201820 6.898480 134.165868
v -25.242773 1.722991 138.897184
v -30.096871 4.742783 133.501051
v -27.652389 1.599783 143.157828
v -29.554458 4.295981 140.228401
v -29.156973 1.730114 142.326220
v -40.392434 1.880503 142.699511
v -42.156361 0.332940 144.705136
v -41.435833 4.092771 142.664833
v -36.128451 91.244447 139.318613
v -35.984534 86.766279 139.533566
v -37.843974 88.566023 141.635417
v -22.135887 49.993640 141.580644
v -21.873973 47.507375 144.011067
v -22.062696 47.500288 140.537680
v -32.938390 35.526508 142.509633
v -33.626703 35.826749 143.280991
v -33.406136 35.389334 142.122124
v -28.119589 61.305356 133.195658
v -27.445637 71.118670 133.547196
v -25.091737 71.678358 133.614143
v -19.888260 74.879866 135.575805
v -20.006858 78.985387 136.674254
v -18.352301 74.016892 137.669774
v -23.871743 63.912695 134.205662
v -22.580565 59.296166 136.773443
v -23.924670 54.459184 135.364503
v -44.764091 33.025569 145.513767
v -43.527659 31.650681 148.587595
v -44.561596 35.971275 146.757397
v -34.494138 36.087638 146.387628
v -33.771753 44.428465 145.547007
v -34.348659 40.257335 148.083259
v -24.753950 47.785393 151.035287
v -25.052982 32.678521 152.620733
v -23.996192 42.678049 151.290517
v -23.256047 55.429923 144.463318
v -22.308856 60.467112 141.671533
v -22.222367 64.023703 142.104262
v -38.001606 28.659526 139.939148
v -36.071051 27.959135 141.550501
v -37.517938 16.162741 143.365442
v -36.279908 24.438972 147.004612
v -37.274061 15.705598 146.247378
v -35.484023 22.496540 145.149079
v -23.257055 49.530584 150.465073
v -22.087676 45.772961 149.934758
v -22.648081 48.437858 149.742216
v -17.429664 59.845548 139.311476
v -18.047829 67.229217 138.630810
v -17.735520 61.635834 140.339211
v -32.366599 3.447145 137.457385
v -33.844956 1.688772 134.207742
v -32.312389 0.906843 135.688262
v -27.776696 35.286280 133.055631
v -31.379370 35.643664 133.691348
v -30.617504 34.854507 132.395933
v -31.379370 35.643664 133.691348
v -35.389789 35.362893 133.782977
v -33.643489 34.886330 133.009846
v -31.379370 35.643664 133.691348
v -33.643489 34.886330 133.009846
v -30.617504 34.854507 132.395933
v -27.156637 15.470183 136.874567
v -26.570018 25.321284 135.884236
v -26.435251 23.535749 138.278374
v -41.211439 37.312788 138.580045
v -42.268847 36.447132 139.897901
v -41.888192 36.598858 138.156493
v -45.143457 75.720316 140.103764
v -46.114263 65.227467 139.164875
v -46.479308 67.237997 142.040045
v -41.554610 63.590801 136.589344
v -40.277456 75.938666 135.465519
v -40.742232 56.898892 134.816023
v -40.742232 56.898892 134.816023
v -41.448408 39.717668 132.439339
v -42.293395 39.683887 133.652689
v -41.448408 39.717668 132.439339
v -41.847666 36.199754 132.386445
v -42.293395 39.683887 133.652689
v -29.177592 32.596904 145.882386
v -30.057215 41.100562 145.554606
v -31.793964 33.006501 142.213248
v -31.688669 43.740389 152.124720
v -31.996165 40.375856 151.608122
v -32.097690 44.172418 151.443449
v -22.368564 54.320878 141.392659
v -22.942403 52.893096 143.292726
v -22.135887 49.993640 141.580644
v -33.646742 63.676662 149.519875
v -32.753665 54.109657 150.963516
v -32.589302 58.759749 149.253583
v -32.753665 54.109657 150.963516
v -32.044396 50.879914 149.866703
v -31.569378 52.538401 148.898774
v -32.211224 55.914849 149.506477
v -32.753665 54.109657 150.963516
v -31.569378 52.538401 148.898774
v -43.286951 16.913397 147.086413
v -42.120774 12.702635 147.304388
v -40.935461 25.002256 148.648837
v -27.237663 16.342595 139.035156
v -27.156637 15.470183 136.874567
v -26.435251 23.535749 138.278374
v -33.340802 31.927511 152.322537
v -32.898113 34.665704 152.168208
v -38.088583 44.792656 151.912435
v -32.898113 34.665704 152.168208
v -34.103439 40.915090 151.673574
v -38.088583 44.792656 151.912435
v -44.472233 76.417482 141.344973
v -44.579441 71.888370 142.256531
v -44.164285 74.412996 142.794790
v -39.983946 26.727772 140.079031
v -41.231405 35.058624 140.108179
v -38.597587 36.713183 138.263402
v -33.069850 48.984426 147.234855
v -32.044396 50.879914 149.866703
v -34.348659 40.257335 148.083259
v -34.348659 40.257335 148.083259
v -33.449576 47.990134 145.644008
v -33.069850 48.984426 147.234855
v -39.408318 57.517988 149.114289
v -34.103439 40.915090 151.673574
v -37.016059 57.039470 149.864638
v -35.907121 30.246890 149.389621
v -37.039768 29.314000 148.722570
v -35.359218 31.033719 148.558090
v -23.257055 49.530584 150.465073
v -23.996192 42.678049 151.290517
v -22.087676 45.772961 149.934758
v -39.384586 5.106211 142.810510
v -39.162778 1.509285 143.465457
v -40.392434 1.880503 142.699511
v -25.788290 57.866716 133.984459
v -23.924670 54.459184 135.364503
v -24.681868 37.528392 133.302883
v -18.998334 77.074754 138.314156
v -18.352301 74.016892 137.669774
v -20.006858 78.985387 136.674254
v -35.633055 95.584590 149.060420
v -34.489528 97.555906 142.997247
v -37.223359 94.959420 146.039168
v -33.484418 36.971834 141.469610
v -32.265176 36.061868 137.844248
v -33.472578 35.726398 141.318699
v -32.265176 36.061868 137.844248
v -32.681830 29.196757 136.747987
v -33.472578 35.726398 141.318699
v -32.689827 9.867444 135.640394
v -31.639651 14.291444 134.380114
v -32.423890 10.201487 134.623995
v -23.871743 63.912695 134.205662
v -25.788290 57.866716 133.984459
v -28.119589 61.305356 133.195658
v -41.476085 8.448029 148.297135
v -42.438384 3.583617 150.939490
v -40.301193 5.095578 148.118257
v -38.088583 44.792656 151.912435
v -41.358119 45.988358 150.676496
v -39.300992 39.488030 151.282835
v -39.300992 39.488030 151.282835
v -36.250195 31.915716 151.835432
v -38.088583 44.792656 151.912435
v -23.652077 60.762286 146.635921
v -24.006911 68.485343 144.882393
v -24.116644 67.973763 146.057589
v -23.652077 60.762286 146.635921
v -23.074677 53.532386 148.404259
v -22.977637 55.821216 147.023057
v -27.916891 95.799983 145.503999
v -28.512735 97.679722 142.111983
v -29.164814 96.699482 146.176396
v -21.007232 75.195181 135.321538
v -19.888260 74.879866 135.575805
v -20.960251 73.811852 134.556924
v -43.650710 49.174375 140.783479
v -44.067924 41.751099 142.483653
v -44.286076 43.914804 143.257884
v -44.764091 33.025569 145.513767
v -44.514108 37.789574 141.882837
v -43.063383 34.676999 139.841957
v -45.546349 59.896696 141.631048
v -43.365304 52.978409 145.842071
v -45.850745 61.508584 142.275322
v -27.749231 46.138090 148.330255
v -27.163275 62.046695 147.297777
v -30.384710 42.963588 147.678952
v -33.018509 24.672279 137.811444
v -32.406427 24.800271 139.823766
v -33.472578 35.726398 141.318699
v -33.641646 88.175524 148.391593
v -33.091919 88.463855 149.597090
v -33.325024 90.265394 148.959253
v -40.198456 35.123807 132.264501
v -39.704276 36.055529 131.799721
v -37.914181 36.306000 133.095790
v -40.403429 10.287452 143.914945
v -40.920703 12.730220 143.733863
v -39.259718 13.158727 144.568613
v -21.918048 60.038095 136.257996
v -22.871314 62.550723 136.104200
v -21.313240 60.228389 135.353732
v -31.518900 84.464181 145.005344
v -29.024206 86.087167 143.973769
v -31.010479 84.444666 146.734403
v -37.517938 16.162741 143.365442
v -40.038109 14.194486 142.441614
v -38.001606 28.659526 139.939148
v -38.776511 68.329060 146.749924
v -40.451315 56.739384 148.118497
v -39.408318 57.517988 149.114289
v -40.451315 56.739384 148.118497
v -41.396517 54.951841 148.153748
v -39.408318 57.517988 149.114289
v -46.694751 61.280215 141.328543
v -47.268760 63.090039 142.857062
v -46.114263 65.227467 139.164875
v -43.008208 65.556068 144.435832
v -42.138293 59.674287 144.482459
v -42.620188 66.155982 143.639229
v -23.804600 35.345771 136.117822
v -24.144957 34.718641 134.966140
v -23.689187 33.865511 136.156119
v -41.448408 39.717668 132.439339
v -40.742232 56.898892 134.816023
v -39.941988 46.469429 132.953947
v -40.742232 56.898892 134.816023
v -38.496409 54.998129 133.709135
v -39.941988 46.469429 132.953947
v -23.704557 70.268410 145.403117
v -24.116644 67.973763 146.057589
v -24.006911 68.485343 144.882393
v -26.867399 83.128655 140.804115
v -26.343676 76.117641 145.125091
v -23.291851 80.404019 140.800497
v -42.638298 56.556183 140.905960
v -42.875693 58.313751 141.007783
v -41.554610 63.590801 136.589344
v -41.554610 63.590801 136.589344
v -42.293395 39.683887 133.652689
v -42.321706 49.067643 137.722940
v -42.293395 39.683887 133.652689
v -42.444124 35.587567 134.350958
v -42.321706 49.067643 137.722940
v -42.638298 56.556183 140.905960
v -41.554610 63.590801 136.589344
v -42.321706 49.067643 137.722940
v -42.321706 49.067643 137.722940
v -43.650710 49.174375 140.783479
v -42.638298 56.556183 140.905960
v -36.137324 84.879673 140.846766
v -36.461481 86.132467 140.099577
v -34.039149 86.227095 138.897644
v -43.749708 2.790052 145.697343
v -45.087369 2.881891 147.630226
v -43.322870 5.397189 145.151697
v -30.545019 97.166896 145.386242
v -31.472686 98.666048 144.466192
v -32.130312 97.012961 147.385539
v -32.594546 84.120834 136.514785
v -30.620622 81.246572 135.087069
v -36.962064 82.458412 135.837657
v -42.021585 52.575696 149.166334
v -42.926470 46.076650 148.402535
v -41.358119 45.988358 150.676496
v -40.038109 14.194486 142.441614
v -39.983946 26.727772 140.079031
v -38.001606 28.659526 139.939148
v -37.843974 88.566023 141.635417
v -38.133232 93.780113 145.855904
v -36.643783 91.943634 141.009548
v -32.358923 20.244005 140.678160
v -32.572573 13.453752 138.481423
v -31.176054 12.998485 139.289641
v -23.399875 66.193819 135.030075
v -22.871314 62.550723 136.104200
v -23.871743 63.912695 134.205662
v -27.163275 62.046695 147.297777
v -27.749231 46.138090 148.330255
v -26.081923 53.248471 149.092344
v -22.906434 66.387534 140.649535
v -22.157422 65.421468 140.858233
v -22.004456 65.511828 140.386772
v -28.119589 61.305356 133.195658
v -29.030191 49.291044 132.290626
v -34.551981 50.695228 132.497770
v -29.030191 49.291044 132.290626
v -30.651459 35.219359 131.645388
v -31.867087 35.940915 131.760832
v -34.551981 50.695228 132.497770
v -29.030191 49.291044 132.290626
v -31.867087 35.940915 131.760832
v -34.551981 50.695228 132.497770
v -36.605207 75.687837 134.336432
v -28.119589 61.305356 133.195658
v -36.605207 75.687837 134.336432
v -30.620622 81.246572 135.087069
v -27.445637 71.118670 133.547196
v -36.605207 75.687837 134.336432
v -27.445637 71.118670 133.547196
v -28.119589 61.305356 133.195658
v -20.387182 33.421811 146.381641
v -20.620999 32.695386 145.216923
v -20.125259 35.342753 144.798396
v -20.620999 32.695386 145.216923
v -21.130967 33.880961 140.023359
v -20.176470 35.753154 141.250358
v -35.773191 89.994311 142.466045
v -34.684184 86.252725 145.021688
v -36.097305 90.164399 143.739628
v -36.894293 87.170970 141.267019
v -37.778414 87.145984 142.085884
v -37.843974 88.566023 141.635417
v -32.051270 9.177834 137.460935
v -32.081342 12.269822 137.121558
v -32.689827 9.867444 135.640394
v -45.143457 75.720316 140.103764
v -43.654186 80.746561 138.638412
v -44.055647 77.876180 137.576002
v -33.472578 35.726398 141.318699
v -32.406427 24.800271 139.823766
v -31.793964 33.006501 142.213248
v -21.278966 79.479110 135.887723
v -27.071819 78.914183 133.934054
v -23.891353 81.490343 135.563606
v -41.482959 36.371416 134.706905
v -39.969494 35.833993 133.404893
v -39.352691 37.912881 137.929969
v -21.885226 59.482550 141.270716
v -20.998871 58.366412 142.484566
v -18.811841 65.850806 140.794337
v -32.358923 20.244005 140.678160
v -29.177592 32.596904 145.882386
v -32.406427 24.800271 139.823766
v -21.918048 60.038095 136.257996
v -21.313240 60.228389 135.353732
v -20.586815 57.724124 137.459395
v -39.631002 29.284579 149.268271
v -36.279908 24.438972 147.004612
v -37.039768 29.314000 148.722570
v -21.426731 68.640446 134.989744
v -20.518553 64.378189 134.695847
v -22.555054 66.237497 135.384083
v -30.041257 90.302599 148.512469
v -27.936716 93.437398 146.465631
v -29.571736 94.442117 148.078381
v -42.321706 49.067643 137.722940
v -42.815171 37.477210 138.221753
v -43.650710 49.174375 140.783479
v -42.815171 37.477210 138.221753
v -44.514108 37.789574 141.882837
v -43.650710 49.174375 140.783479
v -32.113444 9.127104 133.379968
v -33.252329 8.562672 133.666005
v -32.423890 10.201487 134.623995
v -34.110171 4.611432 134.309238
v -32.366599 3.447145 137.457385
v -33.284898 9.377309 135.051659
v -32.366599 3.447145 137.457385
v -31.710393 4.563337 138.783355
v -33.284898 9.377309 135.051659
v -32.366599 3.447145 137.457385
v -29.544526 1.060730 141.755836
v -31.710393 4.563337 138.783355
v -29.544526 1.060730 141.755836
v -29.156973 1.730114 142.326220
v -31.710393 4.563337 138.783355
v -42.815171 37.477210 138.221753
v -41.983978 34.863317 135.849985
v -42.479453 34.468278 137.335902
v -38.496409 54.998129 133.709135
v -40.277456 75.938666 135.465519
v -36.605207 75.687837 134.336432
v -34.551981 50.695228 132.497770
v -38.496409 54.998129 133.709135
v -36.605207 75.687837 134.336432
v -34.551981 50.695228 132.497770
v -35.640745 38.293039 132.922662
v -38.496409 54.998129 133.709135
v -30.057215 41.100562 145.554606
v -29.482777 35.939163 146.733972
v -29.969404 37.265399 148.074784
v -28.115502 85.314643 139.257011
v -29.703371 87.591016 139.304737
v -28.413953 85.437751 141.301205
v -37.223359 94.959420 146.039168
v -36.643783 91.943634 141.009548
v -38.133232 93.780113 145.855904
v -37.039768 29.314000 148.722570
v -35.907121 30.246890 149.389621
v -38.031601 30.033651 150.103508
v -25.545970 33.778915 142.691419
v -27.377137 29.115456 144.011579
v -24.581772 34.331387 140.466530
v -27.377137 29.115456 144.011579
v -26.435251 23.535749 138.278374
v -24.581772 34.331387 140.466530
v -28.172607 74.197698 146.578825
v -28.387952 70.164168 147.971566
v -25.161744 72.929776 145.926925
v -26.343676 76.117641 145.125091
v -27.327646 82.842600 142.187254
v -28.172607 74.197698 146.578825
v -18.047829 67.229217 138.630810
v -17.429664 59.845548 139.311476
v -18.106015 59.814935 136.845613
v -18.352301 74.016892 137.669774
v -17.891202 68.120092 139.675404
v -18.047829 67.229217 138.630810
v -19.678900 56.187385 141.111612
v -18.906051 58.267372 140.187717
v -20.151653 55.511492 143.316969
v -35.248956 88.279295 147.213143
v -33.138382 85.536486 147.585381
v -33.641646 88.175524 148.391593
v -22.674305 57.336932 137.989302
v -22.135887 49.993640 141.580644
v -21.998007 47.609323 137.253069
v -22.135887 49.993640 141.580644
v -22.062696 47.500288 140.537680
v -21.998007 47.609323 137.253069
v -22.955444 45.356756 147.629759
v -22.736498 41.888490 145.347272
v -21.438567 44.984567 145.261913
v -30.336617 1.358616 134.025785
v -30.096871 4.742783 133.501051
v -29.492168 2.478420 135.428260
v -22.093186 35.357663 137.016202
v -21.998007 47.609323 137.253069
v -21.325029 38.076400 138.839524
v -33.429105 76.384962 144.889872
v -30.586362 72.576457 146.677992
v -28.481667 76.599407 144.489158
v -41.403691 34.885961 133.573265
v -40.198456 35.123807 132.264501
v -39.969494 35.833993 133.404893
v -43.524265 63.887316 137.571719
v -46.009012 61.186820 140.008273
v -46.114263 65.227467 139.164875
v -22.972004 32.381394 146.440178
v -22.254266 32.596949 146.852943
v -22.027239 33.004653 146.571853
v -44.164285 74.412996 142.794790
v -42.978324 66.865081 142.775684
v -43.331302 77.464748 142.629651
v -33.364588 92.957163 137.301045
v -32.184238 95.390844 138.086011
v -29.375331 91.230231 137.162751
v -30.201820 6.898480 134.165868
v -30.096871 4.742783 133.501051
v -32.498072 6.106352 132.651089
v -22.495762 49.875209 148.355607
v -22.955444 45.356756 147.629759
v -20.809791 49.781370 146.983167
v -42.303697 78.532684 137.430499
v -42.210149 72.832334 137.550153
v -44.055647 77.876180 137.576002
v -22.157422 65.421468 140.858233
v -22.351002 67.465585 141.516590
v -22.222367 64.023703 142.104262
v -39.373989 60.478235 146.472017
v -40.451315 56.739384 148.118497
v -38.776511 68.329060 146.749924
v -43.025532 55.088449 146.684217
v -43.250995 50.778926 148.471629
v -42.021585 52.575696 149.166334
v -36.455847 78.696478 144.607915
v -38.437481 73.499167 145.659233
v -34.845895 79.527086 145.125918
v -29.518040 14.122679 134.113965
v -31.316262 15.128609 133.435049
v -29.434211 18.515864 133.276344
v -38.593421 12.946284 145.696455
v -37.274061 15.705598 146.247378
v -39.735046 11.836589 146.787672
v -37.167471 93.864519 147.284585
v -35.181488 94.120872 148.063158
v -34.562520 94.980228 149.512253
v -25.242773 1.722991 138.897184
v -30.201820 6.898480 134.165868
v -27.063058 4.792016 138.968586
v -31.039673 91.629559 149.281068
v -29.571736 94.442117 148.078381
v -32.831477 94.496137 149.144928
v -24.581772 34.331387 140.466530
v -23.590513 35.548043 139.393788
v -24.312672 35.459468 143.064683
v -27.237663 16.342595 139.035156
v -28.242577 13.496047 139.181026
v -28.079003 12.871819 137.519391
v -31.011685 87.740290 138.369436
v -32.797867 87.729668 138.001290
v -30.435501 89.346599 136.912976
v -44.406522 32.989341 144.515353
v -43.090423 31.193227 142.786686
v -43.324351 30.473796 144.477111
v -22.894105 77.621960 141.602275
v -23.691075 70.251453 142.872110
v -22.242342 71.127337 141.967099
v -26.729618 89.325941 143.531262
v -26.835000 88.558560 142.811170
v -26.798293 88.787246 141.643743
v -27.112204 81.953471 135.076616
v -29.682166 84.198701 136.734758
v -27.489840 83.689642 137.160101
v -41.983978 34.863317 135.849985
v -42.597908 35.447222 141.057949
v -42.378274 34.492058 139.324048
v -29.554458 4.295981 140.228401
v -30.677936 7.653475 139.098465
v -31.710393 4.563337 138.783355
v -34.455666 35.961765 132.541865
v -35.640745 38.293039 132.922662
v -31.867087 35.940915 131.760832
v -38.597587 36.713183 138.263402
v -41.231405 35.058624 140.108179
v -40.512479 36.503363 139.603326
v -28.172607 74.197698 146.578825
v -29.747693 69.905627 147.583957
v -28.387952 70.164168 147.971566
v -29.747693 69.905627 147.583957
v -30.284139 67.257679 148.107915
v -28.387952 70.164168 147.971566
v -33.385988 83.336139 142.571110
v -32.001582 84.113097 143.641821
v -34.012246 84.710789 142.456396
v -44.071692 59.694642 144.838219
v -43.008208 65.556068 144.435832
v -44.552604 61.764282 144.526109
v -30.545019 97.166896 145.386242
v -31.169784 95.580924 148.131451
v -29.164814 96.699482 146.176396
v -31.292770 61.233938 149.857710
v -31.413112 60.012758 149.349745
v -30.569787 60.115379 149.048410
v -31.639651 14.291444 134.380114
v -32.646771 13.956532 135.538918
v -33.120011 14.899963 134.320633
v -20.998871 58.366412 142.484566
v -22.424717 55.113000 145.435948
v -21.744689 54.558891 145.623630
v -30.588242 67.481983 146.999132
v -30.284139 67.257679 148.107915
v -29.747693 69.905627 147.583957
v -31.406266 63.608760 149.039437
v -31.292770 61.233938 149.857710
v -28.387952 70.164168 147.971566
v -31.176054 12.998485 139.289641
v -32.572573 13.453752 138.481423
v -30.777850 11.893719 138.006939
v -20.620999 32.695386 145.216923
v -21.570234 31.807768 145.689515
v -21.491558 32.769522 144.604493
v -28.360066 7.767850 137.558246
v -27.063058 4.792016 138.968586
v -30.201820 6.898480 134.165868
v -27.936716 93.437398 146.465631
v -30.041257 90.302599 148.512469
v -28.119967 91.280973 145.810099
v -25.373708 0.426257 143.944878
v -27.617342 0.571745 141.399715
v -25.416251 0.599932 140.716213
v -28.396635 0.724184 137.178374
v -26.323311 0.687194 138.616927
v -30.005263 0.585872 138.885617
v -27.617342 0.571745 141.399715
v -30.005263 0.585872 138.885617
v -26.323311 0.687194 138.616927
v -26.323311 0.687194 138.616927
v -25.416251 0.599932 140.716213
v -27.617342 0.571745 141.399715
v -40.778579 55.898071 146.174796
v -42.138293 59.674287 144.482459
v -41.606602 55.320490 146.935618
v -25.312390 61.630696 144.707374
v -23.691075 70.251453 142.872110
v -24.006911 68.485343 144.882393
v -18.811841 65.850806 140.794337
v -18.982155 60.230893 141.801859
v -17.735520 61.635834 140.339211
v -34.684184 86.252725 145.021688
v -33.980048 85.807693 142.259927
v -33.541696 85.456264 143.539830
v -38.851141 21.289286 148.310362
v -37.274061 15.705598 146.247378
v -36.279908 24.438972 147.004612
v -46.577219 61.001200 141.042726
v -45.546349 59.896696 141.631048
v -45.850745 61.508584 142.275322
v -21.326298 52.316332 145.873698
v -20.804066 49.066558 145.932514
v -21.873973 47.507375 144.011067
v -45.850745 61.508584 142.275322
v -43.025532 55.088449 146.684217
v -44.071692 59.694642 144.838219
v -41.403691 34.885961 133.573265
v -41.983978 34.863317 135.849985
v -42.444124 35.587567 134.350958
v -21.207015 61.733776 139.504102
v -18.864101 67.838603 139.943817
v -20.418165 64.537835 139.712761
v -18.864101 67.838603 139.943817
v -18.637127 73.280453 138.712332
v -20.418165 64.537835 139.712761
v -32.765770 0.656306 134.440328
v -32.138674 0.852346 132.960086
v -30.537987 0.694894 134.700700
v -29.682166 84.198701 136.734758
v -30.620622 81.246572 135.087069
v -32.594546 84.120834 136.514785
v -36.040269 84.938181 142.552585
v -36.693835 86.117196 143.332249
v -36.063832 84.542132 144.148114
v -29.177592 32.596904 145.882386
v -28.276366 23.647433 143.187287
v -27.377137 29.115456 144.011579
v -34.012246 84.710789 142.456396
v -33.980048 85.807693 142.259927
v -34.953601 84.419823 142.376008
v -22.774217 34.415507 135.680084
v -23.689187 33.865511 136.156119
v -24.144957 34.718641 134.966140
v -22.351002 67.465585 141.516590
v -22.906434 66.387534 140.649535
v -22.072827 68.785017 141.244389
v -22.263709 34.598824 137.858446
v -23.689187 33.865511 136.156119
v -22.774217 34.415507 135.680084
v -26.987391 94.220185 144.326709
v -27.936716 93.437398 146.465631
v -26.972451 92.009997 144.180149
v -42.171120 80.748362 143.006927
v -39.899229 75.433821 143.849249
v -39.482153 81.153417 142.575568
v -43.192648 1.675076 146.291174
v -42.156361 0.332940 144.705136
v -42.891281 0.426358 146.118194
v -33.178264 33.005032 151.009187
v -31.996165 40.375856 151.608122
v -32.523734 33.925942 151.630774
v -21.438567 44.984567 145.261913
v -22.882539 41.958815 143.494943
v -21.873973 47.507375 144.011067
v -34.986161 25.349772 143.735733
v -37.517938 16.162741 143.365442
v -36.071051 27.959135 141.550501
v -20.642145 69.105380 140.880979
v -20.418165 64.537835 139.712761
v -19.621709 70.555067 139.917893
v -28.012860 34.907782 146.196385
v -24.312672 35.459468 143.064683
v -26.307229 35.269743 146.722679
v -39.300992 39.488030 151.282835
v -42.788486 39.074764 149.439529
v -42.412990 35.896594 149.088236
v -21.998007 47.609323 137.253069
v -22.093186 35.357663 137.016202
v -24.681868 37.528392 133.302883
v -22.093186 35.357663 137.016202
v -22.774217 34.415507 135.680084
v -24.681868 37.528392 133.302883
v -18.950967 76.312327 139.549173
v -19.379327 72.098076 140.538391
v -19.621709 70.555067 139.917893
v -36.461481 86.132467 140.099577
v -36.137324 84.879673 140.846766
v -36.894293 87.170970 141.267019
v -24.383181 33.500326 148.410381
v -23.361532 34.561291 147.876272
v -24.458341 33.396590 149.361061
v -32.550370 70.980561 148.388171
v -33.548198 67.578000 149.460107
v -31.263729 67.154849 148.219075
v -33.548198 67.578000 149.460107
v -32.377120 64.984006 149.334738
v -31.263729 67.154849 148.219075
v -33.604910 53.020186 152.139919
v -34.840158 63.561642 149.822875
v -37.016059 57.039470 149.864638
v -34.840158 63.561642 149.822875
v -38.776511 68.329060 146.749924
v -39.408318 57.517988 149.114289
v -27.820893 64.803439 148.384103
v -25.275777 65.151489 147.387591
v -23.555690 70.019346 146.375456
v -23.555690 70.019346 146.375456
v -28.387952 70.164168 147.971566
v -27.820893 64.803439 148.384103
v -42.479453 34.468278 137.335902
v -43.063383 34.676999 139.841957
v -42.815171 37.477210 138.221753
v -33.364588 92.957163 137.301045
v -34.328397 90.282720 138.196713
v -35.624278 91.678381 139.418603
v -33.252329 8.562672 133.666005
v -33.726213 5.308914 133.086677
v -33.284898 9.377309 135.051659
v -32.898113 34.665704 152.168208
v -32.544760 39.649955 152.112885
v -34.103439 40.915090 151.673574
v -32.544760 39.649955 152.112885
v -32.361278 41.738534 152.208859
v -34.103439 40.915090 151.673574
v -32.361278 41.738534 152.208859
v -37.016059 57.039470 149.864638
v -34.103439 40.915090 151.673574
v -44.434075 65.391666 143.615886
v -44.579441 71.888370 142.256531
v -46.479308 67.237997 142.040045
v -42.120774 12.702635 147.304388
v -44.098040 14.003238 145.785484
v -43.022113 13.410694 144.733981
v -44.098040 14.003238 145.785484
v -44.011256 14.670441 144.198974
v -43.022113 13.410694 144.733981
v -28.128731 29.428557 150.993205
v -25.064601 29.649449 151.605004
v -26.919130 29.036832 151.727664
v -42.262137 13.680026 143.346397
v -40.038109 14.194486 142.441614
v -40.920703 12.730220 143.733863
v -36.721234 92.025984 145.362184
v -36.097305 90.164399 143.739628
v -35.888259 92.029381 146.739734
v -34.920527 89.938885 147.454940
v -35.248956 88.279295 147.213143
v -33.641646 88.175524 148.391593
v -41.498365 69.177622 144.320002
v -40.189901 59.345883 146.167597
v -39.714662 67.598576 144.851938
v -29.951210 30.906427 134.021755
v -28.103004 31.269082 133.786588
v -29.434211 18.515864 133.276344
v -42.875693 58.313751 141.007783
v -44.724266 58.871943 141.350543
v -43.230427 59.825134 140.006844
v -41.476085 8.448029 148.297135
v -42.864334 7.591427 149.353390
v -43.068810 5.820072 149.880685
v -42.412990 35.896594 149.088236
v -43.527659 31.650681 148.587595
v -43.026180 32.708782 149.342464
v -37.580347 13.801783 144.188540
v -38.593421 12.946284 145.696455
v -39.259718 13.158727 144.568613
v -29.682166 84.198701 136.734758
v -29.703371 87.591016 139.304737
v -27.489840 83.689642 137.160101
v -31.472686 98.666048 144.466192
v -35.633055 95.584590 149.060420
v -32.130312 97.012961 147.385539
v -37.778414 87.145984 142.085884
v -37.229947 84.828365 142.973829
v -38.231379 87.405622 142.948934
v -23.388726 40.558603 150.004923
v -23.361532 34.561291 147.876272
v -21.940621 40.509450 149.012684
v -39.300992 39.488030 151.282835
v -41.305335 31.165892 149.014461
v -38.286937 30.589304 150.757523
v -38.286937 30.589304 150.757523
v -36.868269 30.165095 151.360313
v -36.250195 31.915716 151.835432
v -21.885226 59.482550 141.270716
v -22.308856 60.467112 141.671533
v -23.256047 55.429923 144.463318
v -40.778579 55.898071 146.174796
v -39.851644 56.754119 146.709535
v -40.189901 59.345883 146.167597
v -36.381228 89.401662 142.379000
v -38.153955 89.410925 143.554485
v -37.528908 87.936646 143.226984
v -38.851141 21.289286 148.310362
v -39.631002 29.284579 149.268271
v -40.935461 25.002256 148.648837
v -27.794433 31.572884 149.251349
v -28.865360 35.305095 147.991944
v -25.454339 32.796657 148.947631
v -21.313240 60.228389 135.353732
v -19.680553 61.484044 135.226579
v -19.657644 58.297640 136.624279
v -25.052982 32.678521 152.620733
v -24.753950 47.785393 151.035287
v -27.190580 30.581972 152.595018
v -40.198456 35.123807 132.264501
v -41.448408 39.717668 132.439339
v -39.704276 36.055529 131.799721
v -30.545019 97.166896 145.386242
v -29.977929 97.744512 142.406423
v -31.472686 98.666048 144.466192
vn -98.618089 -5.425261 -15.653736
vn -98.618089 -5.425261 -15.653736
vn -98.618089 -5.425261 -15.653736
vn 1.159533 -96.933322 24.547672
vn 1.159533 -96.933322 24.547672
vn 1.159533 -96.933322 24.547672
vn -1.531178 -49.487078 86.883167
vn -1.531178 -49.487078 86.883167
vn -1.531178 -49.487078 86.883167
vn -33.209733 -91.496007 22.925845
vn -33.209733 -91.496007 22.925845
vn -33.209733 -91.496007 22.925845
vn 87.880615 -44.411122 -17.454212
vn 87.880615 -44.411122 -17.454212
vn 87.880615 -44.411122 -17.454212
vn 83.179573 -0.183269 -55.507878
vn 83.179573 -0.183269 -55.507878
vn 83.179573 -0.183269 -55.507878
vn -78.603241 -55.740666 -26.730340
vn -78.603241 -55.740666 -26.730340
vn -78.603241 -55.740666 -26.730340
vn -76.799675 41.125364 49.096978
vn -76.799675 41.125364 49.096978
vn -76.799675 41.125364 49.096978
vn -68.852822 -38.395003 -61.523287
vn -68.852822 -38.395003 -61.523287
vn -68.852822 -38.395003 -61.523287
vn -77.079880 31.697569 55.262612
vn -77.079880 31.697569 55.262612
vn -77.079880 31.697569 55.262612
vn -85.648449 -50.047431 12.633232
vn -85.648449 -50.047431 12.633232
vn -85.648449 -50.047431 12.633232
vn -51.558125 -72.973111 44.907510
vn -51.558125 -72.973111 44.907510
vn -51.558125 -72.973111 44.907510
vn 1.938850 17.266472 98.478984
vn 1.938850 17.266472 98.478984
vn 1.938850 17.266472 98.478984
vn 99.189782 -4.033465 -12.046515
vn 99.189782 -4.033465 -12.046515
vn 99.189782 -4.033465 -12.046515
vn -89.756306 -29.102003 -33.119173
vn -89.756306 -29.102003 -33.119173
vn -89.756306 -29.102003 -33.119173
vn -66.417258 -65.096497 -36.758590
vn -66.417258 -65.096497 -36.758590
vn -66.417258 -65.096497 -36.758590
vn -87.732566 -11.546849 -46.579692
vn -87.732566 -11.546849 -46.579692
vn -87.732566 -11.546849 -46.579692
vn -37.710002 49.489472 -78.286330
vn -37.710002 49.489472 -78.286330
vn -37.710002 49.489472 -78.286330
vn 96.208468 -6.277351 26.542909
vn 96.208468 -6.277351 26.542909
vn 96.208468 -6.277351 26.542909
vn -81.018755 -19.937770 -55.122112
vn -81.018755 -19.937770 -55.122112
vn -81.018755 -19.937770 -55.122112
vn -35.358340 24.130680 -90.374223
vn -35.358340 24.130680 -90.374223
vn -35.358340 24.130680 -90.374223
vn -38.733352 -54.415478 -74.422338
vn -38.733352 -54.415478 -74.422338
vn -38.733352 -54.415478 -74.422338
vn -52.236249 -34.095262 78.159380
vn -52.236249 -34.095262 78.159380
vn -52.236249 -34.095262 78.159380
vn -45.150236 -84.232418 29.433954
vn -45.150236 -84.232418 29.433954
vn -45.150236 -84.232418 29.433954
vn 25.299290 -20.670178 -94.512913
vn 25.299290 -20.670178 -94.512913
vn 25.299290 -20.670178 -94.512913
vn 71.885087 -16.741566 -67.470404
vn 71.885087 -16.741566 -67.470404
vn 71.885087 -16.741566 -67.470404
vn -67.260245 73.703303 6.624397
vn -67.260245 73.703303 6.624397
vn -67.260245 73.703303 6.624397
vn 3.571622 6.215935 99.742693
vn 3.571622 6.215935 99.742693
vn 3.571622 6.215935 99.742693
vn 94.505627 -14.032928 29.525657
vn 94.505627 -14.032928 29.525657
vn 94.505627 -14.032928 29.525657
vn -80.346332 -55.302796 22.046944
vn -80.346332 -55.302796 22.046944
vn -80.346332 -55.302796 22.046944
vn 61.872416 41.968093 66.411481
vn 61.872416 41.968093 66.411481
vn 61.872416 41.968093 66.411481
vn -29.233163 -89.510391 33.664714
vn -29.233163 -89.510391 33.664714
vn -29.233163 -89.510391 33.664714
vn 58.570730 -81.027318 -2.011091
vn 58.570730 -81.027318 -2.011091
vn 58.570730 -81.027318 -2.011091
vn 99.678806 3.839491 -7.028238
vn 99.678806 3.839491 -7.028238
vn 99.678806 3.839491 -7.028238
vn 61.686522 -71.487719 32.928391
vn 61.686522 -71.487719 32.928391
vn 61.686522 -71.487719 32.928391
vn -59.415912 -80.163794 -6.596680
vn -59.415912 -80.163794 -6.596680
vn -59.415912 -80.163794 -6.596680
vn -99.284292 3.738907 -11.342468
vn -99.284292 3.738907 -11.342468
vn -99.284292 3.738907 -11.342468
vn -99.837793 4.403053 -3.609500
vn -99.837793 4.403053 -3.609500
vn -99.837793 4.403053 -3.609500
vn 84.607265 -52.771320 7.536551
vn 84.607265 -52.771320 7.536551
vn 84.607265 -52.771320 7.536551
vn -90.721844 -35.218145 -23.005012
vn -90.721844 -35.218145 -23.005012
vn -90.721844 -35.218145 -23.005012
vn -59.917561 -24.090557 -76.351363
vn -59.917561 -24.090557 -76.351363
vn -59.917561 -24.090557 -76.351363
vn -75.422955 -62.540852 -20.000546
vn -75.422955 -62.540852 -20.000546
vn -75.422955 -62.540852 -20.000546
vn 69.347195 -62.048489 36.619032
vn 69.347195 -62.048489 36.619032
vn 69.347195 -62.048489 36.619032
vn 69.281243 -19.519066 69.419858
vn 69.281243 -19.519066 69.419858
vn 69.281243 -19.519066 69.419858
vn -2.404351 12.003184 -99.247887
vn -2.404351 12.003184 -99.247887
vn -2.404351 12.003184 -99.247887
vn 32.726729 -44.546984 -83.333844
vn 32.726729 -44.546984 -83.333844
vn 32.726729 -44.546984 -83.333844
vn -89.435805 -40.173997 -19.679648
vn -89.435805 -40.173997 -19.679648
vn -89.435805 -40.173997 -19.679648
vn -52.205893 14.053258 -84.125210
vn -52.205893 14.053258 -84.125210
vn -52.205893 14.053258 -84.125210
vn 27.124512 -30.122540 -91.416048
vn 27.124512 -30.122540 -91.416048
vn 27.124512 -30.122540 -91.416048
vn 89.741691 41.361810 15.350295
vn 89.741691 41.361810 15.350295
vn 89.741691 41.361810 15.350295
vn -10.199141 -12.054193 -98.745503
vn -10.199141 -12.054193 -98.745503
vn -10.199141 -12.054193 -98.745503
vn 85.546274 -10.360262 -50.739540
vn 85.546274 -10.360262 -50.739540
vn 85.546274 -10.360262 -50.739540
vn 6.942664 -19.107635 -97.911691
vn 6.942664 -19.107635 -97.911691
vn 6.942664 -19.107635 -97.911691
vn 69.618243 -64.970913 -30.530029
vn 69.618243 -64.970913 -30.530029
vn 69.618243 -64.970913 -30.530029
vn -50.126459 -78.691566 -35.985781
vn -50.126459 -78.691566 -35.985781
vn -50.126459 -78.691566 -35.985781
vn 26.976124 -1.324732 96.283617
vn 26.976124 -1.324732 96.283617
vn 26.976124 -1.324732 96.283617
vn -81.638449 -14.056506 -56.014100
vn -81.638449 -14.056506 -56.014100
vn -81.638449 -14.056506 -56.014100
vn 0.436865 -89.928045 -43.735078
vn 0.436865 -89.928045 -43.735078
vn 0.436865 -89.928045 -43.735078
vn 18.462195 -44.413457 -87.673214
vn 18.462195 -44.413457 -87.673214
vn 18.462195 -44.413457 -87.673214
vn 64.376902 -52.066222 -56.077838
vn 64.376902 -52.066222 -56.077838
vn 64.376902 -52.066222 -56.077838
vn -78.043167 59.436322 -19.405903
vn -78.043167 59.436322 -19.405903
vn -78.043167 59.436322 -19.405903
vn -16.085295 -62.943288 -76.022400
vn -16.085295 -62.943288 -76.022400
vn -16.085295 -62.943288 -76.022400
vn -24.752185 -53.766766 -80.600650
vn -24.752185 -53.766766 -80.600650
vn -24.752185 -53.766766 -80.600650
vn -45.279349 -62.055226 -64.022878
vn -45.279349 -62.055226 -64.022878
vn -45.279349 -62.055226 -64.022878
vn 94.457222 0.610206 32.824699
vn 94.457222 0.610206 32.824699
vn 94.457222 0.610206 32.824699
vn -19.919844 -80.892775 55.313292
vn -19.919844 -80.892775 55.313292
vn -19.919844 -80.892775 55.313292
vn 87.864816 -1.960479 -47.706737
vn 87.864816 -1.960479 -47.706737
vn 87.864816 -1.960479 -47.706737
vn 92.079260 10.755778 37.492974
vn 92.079260 10.755778 37.492974
vn 92.079260 10.755778 37.492974
vn 18.783470 -81.937900 -54.160529
vn 18.783470 -81.937900 -54.160529
vn 18.783470 -81.937900 -54.160529
vn 9.924092 -76.813593 -63.254914
vn 9.924092 -76.813593 -63.254914
vn 9.924092 -76.813593 -63.254914
vn 97.748242 21.069316 1.168235
vn 97.748242 21.069316 1.168235
vn 97.748242 21.069316 1.168235
vn 38.637105 -27.163993 -88.143596
vn 38.637105 -27.163993 -88.143596
vn 38.637105 -27.163993 -88.143596
vn 45.949246 41.164010 78.703188
vn 45.949246 41.164010 78.703188
vn 45.949246 41.164010 78.703188
vn -89.413951 22.286709 38.838742
vn -89.413951 22.286709 38.838742
vn -89.413951 22.286709 38.838742
vn 49.937218 -81.405994 -29.653655
vn 49.937218 -81.405994 -29.653655
vn 49.937218 -81.405994 -29.653655
vn 93.304214 34.038249 -11.649949
vn 93.304214 34.038249 -11.649949
vn 93.304214 34.038249 -11.649949
vn 19.639124 -92.535203 32.427493
vn 19.639124 -92.535203 32.427493
vn 19.639124 -92.535203 32.427493
vn 47.900942 -15.503144 -86.401118
vn 47.900942 -15.503144 -86.401118
vn 47.900942 -15.503144 -86.401118
vn 64.406147 -62.760177 -43.737949
vn 64.406147 -62.760177 -43.737949
vn 64.406147 -62.760177 -43.737949
vn -81.541397 0.026394 57.887836
vn -81.541397 0.026394 57.887836
vn -81.541397 0.026394 57.887836
vn 53.764295 51.129427 -67.046128
vn 53.764295 51.129427 -67.046128
vn 53.764295 51.129427 -67.046128
vn 20.194615 -2.413005 -97.909940
vn 20.194615 -2.413005 -97.909940
vn 20.194615 -2.413005 -97.909940
vn -16.606678 36.118597 -91.758737
vn -16.606678 36.118597 -91.758737
vn -16.606678 36.118597 -91.758737
vn -12.856177 -81.657787 -56.273666
vn -12.856177 -81.657787 -56.273666
vn -12.856177 -81.657787 -56.273666
vn 83.632739 54.087071 8.952965
vn 83.632739 54.087071 8.952965
vn 83.632739 54.087071 8.952965
vn 82.406086 12.721578 -55.203267
vn 82.406086 12.721578 -55.203267
vn 82.406086 12.721578 -55.203267
vn 88.528784 -2.990141 46.408119
vn 88.528784 -2.990141 46.408119
vn 88.528784 -2.990141 46.408119
vn 8.615485 59.563532 -79.862122
vn 8.615485 59.563532 -79.862122
vn 8.615485 59.563532 -79.862122
vn -46.595636 -40.650242 -78.590111
vn -46.595636 -40.650242 -78.590111
vn -46.595636 -40.650242 -78.590111
vn 5.086790 -16.587123 -98.483459
vn 5.086790 -16.587123 -98.483459
vn 5.086790 -16.587123 -98.483459
vn 65.181021 -53.435687 -53.815071
vn 65.181021 -53.435687 -53.815071
vn 65.181021 -53.435687 -53.815071
vn -52.046449 -65.837968 -54.373982
vn -52.046449 -65.837968 -54.373982
vn -52.046449 -65.837968 -54.373982
vn 67.167209 32.297159 66.674290
vn 67.167209 32.297159 66.674290
vn 67.167209 32.297159 66.674290
vn 28.430618 -2.885250 95.829934
vn 28.430618 -2.885250 95.829934
vn 28.430618 -2.885250 95.829934
vn 37.816885 88.543362 27.017715
vn 37.816885 88.543362 27.017715
vn 37.816885 88.543362 27.017715
vn 74.663655 16.587923 64.421890
vn 74.663655 16.587923 64.421890
vn 74.663655 16.587923 64.421890
vn 45.101372 -86.963195 20.081550
vn 45.101372 -86.963195 20.081550
vn 45.101372 -86.963195 20.081550
vn -31.189021 51.057247 80.127414
vn -31.189021 51.057247 80.127414
vn -31.189021 51.057247 80.127414
vn 77.057151 59.139674 23.763349
vn 77.057151 59.139674 23.763349
vn 77.057151 59.139674 23.763349
vn 62.870938 -77.163477 9.645962
vn 62.870938 -77.163477 9.645962
vn 62.870938 -77.163477 9.645962
vn 46.243437 6.718006 88.410488
vn 46.243437 6.718006 88.410488
vn 46.243437 6.718006 88.410488
vn -43.123048 -83.886240 33.219017
vn -43.123048 -83.886240 33.219017
vn -43.123048 -83.886240 33.219017
vn -47.190360 -38.407101 79.359728
vn -47.190360 -38.407101 79.359728
vn -47.190360 -38.407101 79.359728
vn -10.412464 80.371478 58.583342
vn -10.412464 80.371478 58.583342
vn -10.412464 80.371478 58.583342
vn 69.920343 62.617379 34.499415
vn 69.920343 62.617379 34.499415
vn 69.920343 62.617379 34.499415
vn -26.998239 11.676435 95.575927
vn -26.998239 11.676435 95.575927
vn -26.998239 11.676435 95.575927
vn 77.993767 38.462138 -49.372422
vn 77.993767 38.462138 -49.372422
vn 77.993767 38.462138 -49.372422
vn 92.946254 23.499473 28.438856
vn 92.946254 23.499473 28.438856
vn 92.946254 23.499473 28.438856
vn -87.073328 49.160921 1.200324
vn -87.073328 49.160921 1.200324
vn -87.073328 49.160921 1.200324
vn 89.013249 -37.883377 -25.327692
vn 89.013249 -37.883377 -25.327692
vn 89.013249 -37.883377 -25.327692
vn 8.138952 -63.430545 76.878632
vn 8.138952 -63.430545 76.878632
vn 8.138952 -63.430545 76.878632
vn 17.448642 -62.650386 75.963642
vn 17.448642 -62.650386 75.963642
vn 17.448642 -62.650386 75.963642
vn 98.753492 12.543314 -9.508612
vn 98.753492 12.543314 -9.508612
vn 98.753492 12.543314 -9.508612
vn 37.457244 -73.983100 -55.887899
vn 37.457244 -73.983100 -55.887899
vn 37.457244 -73.983100 -55.887899
vn -66.101201 -14.031880 73.713890
vn -66.101201 -14.031880 73.713890
vn -66.101201 -14.031880 73.713890
vn -52.914201 -62.907573 56.944937
vn -52.914201 -62.907573 56.944937
vn -52.914201 -62.907573 56.944937
vn -48.965960 -86.739211 8.868128
vn -48.965960 -86.739211 8.868128
vn -48.965960 -86.739211 8.868128
vn -65.922940 4.754856 75.043709
vn -65.922940 4.754856 75.043709
vn -65.922940 4.754856 75.043709
vn -2.100821 -64.135924 76.695306
vn -2.100821 -64.135924 76.695306
vn -2.100821 -64.135924 76.695306
vn -62.062567 13.044727 77.317999
vn -62.062567 13.044727 77.317999
vn -62.062567 13.044727 77.317999
vn -89.092939 25.408105 -37.641427
vn -89.092939 25.408105 -37.641427
vn -89.092939 25.408105 -37.641427
vn 87.348146 17.654656 45.371956
vn 87.348146 17.654656 45.371956
vn 87.348146 17.654656 45.371956
vn -80.899844 12.821704 57.365655
vn -80.899844 12.821704 57.365655
vn -80.899844 12.821704 57.365655
vn -87.613865 -41.129032 25.143871
vn -87.613865 -41.129032 25.143871
vn -87.613865 -41.129032 25.143871
vn -6.973355 -11.688730 99.069409
vn -6.973355 -11.688730 99.069409
vn -6.973355 -11.688730 99.069409
vn -55.413323 -60.258485 -57.430644
vn -55.413323 -60.258485 -57.430644
vn -55.413323 -60.258485 -57.430644
vn 77.119673 -36.190615 -52.371707
vn 77.119673 -36.190615 -52.371707
vn 77.119673 -36.190615 -52.371707
vn 45.205041 -13.281880 -88.204854
vn 45.205041 -13.281880 -88.204854
vn 45.205041 -13.281880 -88.204854
vn 2.177096 -98.835636 -15.059125
vn 2.177096 -98.835636 -15.059125
vn 2.177096 -98.835636 -15.059125
vn 58.745794 -74.893602 -30.657467
vn 58.745794 -74.893602 -30.657467
vn 58.745794 -74.893602 -30.657467
vn -93.607482 11.177626 33.357177
vn -93.607482 11.177626 33.357177
vn -93.607482 11.177626 33.357177
vn 72.600793 -63.170475 27.177491
vn 72.600793 -63.170475 27.177491
vn 72.600793 -63.170475 27.177491
vn -59.386724 -46.058334 -65.968545
vn -59.386724 -46.058334 -65.968545
vn -59.386724 -46.058334 -65.968545
vn 71.190373 -65.110159 26.317278
vn 71.190373 -65.110159 26.317278
vn 71.190373 -65.110159 26.317278
vn -5.564130 -92.287607 -38.105628
vn -5.564130 -92.287607 -38.105628
vn -5.564130 -92.287607 -38.105628
vn -57.859658 74.375582 -33.474381
vn -57.859658 74.375582 -33.474381
vn -57.859658 74.375582 -33.474381
vn 36.018432 -84.692278 -39.113808
vn 36.018432 -84.692278 -39.113808
vn 36.018432 -84.692278 -39.113808
vn 63.854690 24.454154 72.969680
vn 63.854690 24.454154 72.969680
vn 63.854690 24.454154 72.969680
vn -93.749755 18.840195 29.258010
vn -93.749755 18.840195 29.258010
vn -93.749755 18.840195 29.258010
vn -33.580103 -57.955953 -74.252846
vn -33.580103 -57.955953 -74.252846
vn -33.580103 -57.955953 -74.252846
vn -63.328390 -26.145362 72.841850
vn -63.328390 -26.145362 72.841850
vn -63.328390 -26.145362 72.841850
vn -81.520229 -10.500749 56.957778
vn -81.520229 -10.500749 56.957778
vn -81.520229 -10.500749 56.957778
vn -96.414719 -25.938738 5.602069
vn -96.414719 -25.938738 5.602069
vn -96.414719 -25.938738 5.602069
vn 78.552588 -10.248625 61.028341
vn 78.552588 -10.248625 61.028341
vn 78.552588 -10.248625 61.028341
vn 40.611350 71.319504 57.133586
vn 40.611350 71.319504 57.133586
vn 40.611350 71.319504 57.133586
vn 48.396719 -84.163239 -23.964738
vn 48.396719 -84.163239 -23.964738
vn 48.396719 -84.163239 -23.964738
vn -50.507222 22.555077 83.308406
vn -50.507222 22.555077 83.308406
vn -50.507222 22.555077 83.308406
vn 49.354731 37.978535 78.241570
vn 49.354731 37.978535 78.241570
vn 49.354731 37.978535 78.241570
vn -77.859637 -61.589316 12.026352
vn -77.859637 -61.589316 12.026352
vn -77.859637 -61.589316 12.026352
vn -2.087539 -10.310596 -99.445140
vn -2.087539 -10.310596 -99.445140
vn -2.087539 -10.310596 -99.445140
vn -85.566377 -11.086895 -50.551726
vn -85.566377 -11.086895 -50.551726
vn -85.566377 -11.086895 -50.551726
vn 43.894267 6.908419 89.585542
vn 43.894267 6.908419 89.585542
vn 43.894267 6.908419 89.585542
vn -4.435626 -70.107088 71.171083
vn -4.435626 -70.107088 71.171083
vn -4.435626 -70.107088 71.171083
vn -47.288898 -87.632703 -9.179829
vn -47.288898 -87.632703 -9.179829
vn -47.288898 -87.632703 -9.179829
vn -79.810963 29.800084 -52.365691
vn -79.810963 29.800084 -52.365691
vn -79.810963 29.800084 -52.365691
vn -67.731442 -73.524504 -2.569088
vn -67.731442 -73.524504 -2.569088
vn -67.731442 -73.524504 -2.569088
vn -60.868521 79.241658 -3.972934
vn -60.868521 79.241658 -3.972934
vn -60.868521 79.241658 -3.972934
vn -9.497406 -36.532274 -92.602334
vn -9.497406 -36.532274 -92.602334
vn -9.497406 -36.532274 -92.602334
vn 16.353490 -32.321549 -93.208810
vn 16.353490 -32.321549 -93.208810
vn 16.353490 -32.321549 -93.208810
vn 54.049460 2.864920 84.085964
vn 54.049460 2.864920 84.085964
vn 54.049460 2.864920 84.085964
vn -92.216859 -1.728894 -38.640153
vn -92.216859 -1.728894 -38.640153
vn -92.216859 -1.728894 -38.640153
vn -59.145102 -45.031386 66.888202
vn -59.145102 -45.031386 66.888202
vn -59.145102 -45.031386 66.888202
vn 33.728786 30.061455 -89.211430
vn 33.728786 30.061455 -89.211430
vn 33.728786 30.061455 -89.211430
vn -15.783953 -23.538702 -95.899929
vn -15.783953 -23.538702 -95.899929
vn -15.783953 -23.538702 -95.899929
vn 42.552979 -41.941229 80.188386
vn 42.552979 -41.941229 80.188386
vn 42.552979 -41.941229 80.188386
vn 5.380396 -89.770927 -43.729084
vn 5.380396 -89.770927 -43.729084
vn 5.380396 -89.770927 -43.729084
vn 0.222659 -81.346629 58.160786
vn 0.222659 -81.346629 58.160786
vn 0.222659 -81.346629 58.160786
vn 68.821426 -45.145256 -56.793654
vn 68.821426 -45.145256 -56.793654
vn 68.821426 -45.145256 -56.793654
vn -66.710855 26.416449 69.655113
vn -66.710855 26.416449 69.655113
vn -66.710855 26.416449 69.655113
vn -49.814979 -84.490589 19.488698
vn -49.814979 -84.490589 19.488698
vn -49.814979 -84.490589 19.488698
vn 8.432636 97.510893 20.506534
vn 8.432636 97.510893 20.506534
vn 8.432636 97.510893 20.506534
vn -23.312154 -36.869021 89.984551
vn -23.312154 -36.869021 89.984551
vn -23.312154 -36.869021 89.984551
vn 74.677369 66.500877 0.961797
vn 74.677369 66.500877 0.961797
vn 74.677369 66.500877 0.961797
vn 66.705544 48.558468 56.501751
vn 66.705544 48.558468 56.501751
vn 66.705544 48.558468 56.501751
vn 73.314570 -34.701001 58.487741
vn 73.314570 -34.701001 58.487741
vn 73.314570 -34.701001 58.487741
vn 73.953624 -9.558580 66.629544
vn 73.953624 -9.558580 66.629544
vn 73.953624 -9.558580 66.629544
vn 38.365178 22.786034 89.492516
vn 38.365178 22.786034 89.492516
vn 38.365178 22.786034 89.492516
vn 30.172358 -90.873851 -28.837011
vn 30.172358 -90.873851 -28.837011
vn 30.172358 -90.873851 -28.837011
vn 40.076021 -91.457004 -5.434094
vn 40.076021 -91.457004 -5.434094
vn 40.076021 -91.457004 -5.434094
vn 95.112313 -19.440769 -23.993861
vn 95.112313 -19.440769 -23.993861
vn 95.112313 -19.440769 -23.993861
vn -27.212066 6.070678 -96.034631
vn -27.212066 6.070678 -96.034631
vn -27.212066 6.070678 -96.034631
vn 50.415385 -77.954587 -37.166834
vn 50.415385 -77.954587 -37.166834
vn 50.415385 -77.954587 -37.166834
vn -61.878209 -67.959419 39.403105
vn -61.878209 -67.959419 39.403105
vn -61.878209 -67.959419 39.403105
vn 56.171434 -2.554791 -82.693678
vn 56.171434 -2.554791 -82.693678
vn 56.171434 -2.554791 -82.693678
vn -43.678077 -34.695991 -82.996470
vn -43.678077 -34.695991 -82.996470
vn -43.678077 -34.695991 -82.996470
vn 95.208510 -29.936006 6.259012
vn 95.208510 -29.936006 6.259012
vn 95.208510 -29.936006 6.259012
vn 66.637021 -73.409087 13.061897
vn 66.637021 -73.409087 13.061897
vn 66.637021 -73.409087 13.061897
vn -65.401677 -55.462426 -51.444538
vn -65.401677 -55.462426 -51.444538
vn -65.401677 -55.462426 -51.444538
vn 31.339830 87.634516 36.578781
vn 31.339830 87.634516 36.578781
vn 31.339830 87.634516 36.578781
vn 94.563682 -32.483142 -1.599098
vn 94.563682 -32.483142 -1.599098
vn 94.563682 -32.483142 -1.599098
vn 98.209182 -9.935943 16.007342
vn 98.209182 -9.935943 16.007342
vn 98.209182 -9.935943 16.007342
vn -57.444246 75.726821 31.074227
vn -57.444246 75.726821 31.074227
vn -57.444246 75.726821 31.074227
vn -86.459565 -18.323092 -46.786854
vn -86.459565 -18.323092 -46.786854
vn -86.459565 -18.323092 -46.786854
vn -60.596715 -1.148991 -79.540677
vn -60.596715 -1.148991 -79.540677
vn -60.596715 -1.148991 -79.540677
vn -11.867720 -85.074136 51.201059
vn -11.867720 -85.074136 51.201059
vn -11.867720 -85.074136 51.201059
vn -0.064289 -74.173864 -67.068883
vn -0.064289 -74.173864 -67.068883
vn -0.064289 -74.173864 -67.068883
vn -52.942231 -56.006469 -63.721234
vn -52.942231 -56.006469 -63.721234
vn -52.942231 -56.006469 -63.721234
vn -51.579599 61.964354 59.160491
vn -51.579599 61.964354 59.160491
vn -51.579599 61.964354 59.160491
vn 90.189637 -8.861151 42.276590
vn 90.189637 -8.861151 42.276590
vn 90.189637 -8.861151 42.276590
vn 81.643836 -55.243106 16.807290
vn 81.643836 -55.243106 16.807290
vn 81.643836 -55.243106 16.807290
vn 29.795446 5.994504 95.269606
vn 29.795446 5.994504 95.269606
vn 29.795446 5.994504 95.269606
vn 83.275538 -49.864515 -24.056515
vn 83.275538 -49.864515 -24.056515
vn 83.275538 -49.864515 -24.056515
vn 96.140231 24.802372 11.912152
vn 96.140231 24.802372 11.912152
vn 96.140231 24.802372 11.912152
vn 90.896755 40.140609 11.247767
vn 90.896755 40.140609 11.247767
vn 90.896755 40.140609 11.247767
vn 5.213539 16.173681 98.545582
vn 5.213539 16.173681 98.545582
vn 5.213539 16.173681 98.545582
vn 72.365813 50.352153 -47.200125
vn 72.365813 50.352153 -47.200125
vn 72.365813 50.352153 -47.200125
vn 23.178280 -22.112410 94.730188
vn 23.178280 -22.112410 94.730188
vn 23.178280 -22.112410 94.730188
vn -45.652937 86.635591 20.250554
vn -45.652937 86.635591 20.250554
vn -45.652937 86.635591 20.250554
vn 70.771012 1.915657 70.624330
vn 70.771012 1.915657 70.624330
vn 70.771012 1.915657 70.624330
vn -89.847316 10.696605 42.579840
vn -89.847316 10.696605 42.579840
vn -89.847316 10.696605 42.579840
vn -91.174890 20.238589 -35.742701
vn -91.174890 20.238589 -35.742701
vn -91.174890 20.238589 -35.742701
vn 45.660883 86.074249 -22.501300
vn 45.660883 86.074249 -22.501300
vn 45.660883 86.074249 -22.501300
vn 77.439351 37.569219 50.908752
vn 77.439351 37.569219 50.908752
vn 77.439351 37.569219 50.908752
vn 97.041653 18.215369 -15.846701
vn 97.041653 18.215369 -15.846701
vn 97.041653 18.215369 -15.846701
vn -14.649030 27.620260 94.986987
vn -14.649030 27.620260 94.986987
vn -14.649030 27.620260 94.986987
vn 38.712397 -20.863238 -89.811347
vn 38.712397 -20.863238 -89.811347
vn 38.712397 -20.863238 -89.811347
vn 34.955175 33.916311 -87.337396
vn 34.955175 33.916311 -87.337396
vn 34.955175 33.916311 -87.337396
vn 36.990558 11.229856 -92.225755
vn 36.990558 11.229856 -92.225755
vn 36.990558 11.229856 -92.225755
vn 78.695139 -21.651481 57.777930
vn 78.695139 -21.651481 57.777930
vn 78.695139 -21.651481 57.777930
vn -41.150753 43.015228 -80.351155
vn -41.150753 43.015228 -80.351155
vn -41.150753 43.015228 -80.351155
vn -68.028577 61.775309 -39.445201
vn -68.028577 61.775309 -39.445201
vn -68.028577 61.775309 -39.445201
vn -41.349531 4.112178 -90.957728
vn -41.349531 4.112178 -90.957728
vn -41.349531 4.112178 -90.957728
vn 20.375750 20.799521 95.667182
vn 20.375750 20.799521 95.667182
vn 20.375750 20.799521 95.667182
vn 64.608574 75.502793 -11.183124
vn 64.608574 75.502793 -11.183124
vn 64.608574 75.502793 -11.183124
vn 48.346396 -61.953871 61.841282
vn 48.346396 -61.953871 61.841282
vn 48.346396 -61.953871 61.841282
vn 59.214806 29.730396 -74.898014
vn 59.214806 29.730396 -74.898014
vn 59.214806 29.730396 -74.898014
vn -68.237174 -42.751255 59.296032
vn -68.237174 -42.751255 59.296032
vn -68.237174 -42.751255 59.296032
vn 97.492957 -0.155503 -22.250846
vn 97.492957 -0.155503 -22.250846
vn 97.492957 -0.155503 -22.250846
vn 44.843771 -72.797903 -51.860409
vn 44.843771 -72.797903 -51.860409
vn 44.843771 -72.797903 -51.860409
vn 89.021155 -7.803361 44.881420
vn 89.021155 -7.803361 44.881420
vn 89.021155 -7.803361 44.881420
vn -57.946387 44.374765 68.360069
vn -57.946387 44.374765 68.360069
vn -57.946387 44.374765 68.360069
vn 96.131236 -0.715917 27.536769
vn 96.131236 -0.715917 27.536769
vn 96.131236 -0.715917 27.536769
vn 37.447793 4.139548 -92.631135
vn 37.447793 4.139548 -92.631135
vn 37.447793 4.139548 -92.631135
vn 23.562941 30.747750 92.191992
vn 23.562941 30.747750 92.191992
vn 23.562941 30.747750 92.191992
vn -46.263711 3.009949 -88.603661
vn -46.263711 3.009949 -88.603661
vn -46.263711 3.009949 -88.603661
vn 25.736669 14.263873 -95.572837
vn 25.736669 14.263873 -95.572837
vn 25.736669 14.263873 -95.572837
vn 67.086632 15.631397 72.491680
vn 67.086632 15.631397 72.491680
vn 67.086632 15.631397 72.491680
vn 93.124955 12.458619 34.242162
vn 93.124955 12.458619 34.242162
vn 93.124955 12.458619 34.242162
vn 74.842337 57.732508 -32.643278
vn 74.842337 57.732508 -32.643278
vn 74.842337 57.732508 -32.643278
vn 22.510515 76.761599 60.007798
vn 22.510515 76.761599 60.007798
vn 22.510515 76.761599 60.007798
vn 52.387972 -68.070629 -51.204390
vn 52.387972 -68.070629 -51.204390
vn 52.387972 -68.070629 -51.204390
vn 25.419994 40.609610 87.776329
vn 25.419994 40.609610 87.776329
vn 25.419994 40.609610 87.776329
vn 40.238150 -55.499599 -72.805815
vn 40.238150 -55.499599 -72.805815
vn 40.238150 -55.499599 -72.805815
vn 47.853309 -33.923356 -80.989295
vn 47.853309 -33.923356 -80.989295
vn 47.853309 -33.923356 -80.989295
vn 49.192336 -86.395051 -10.770841
vn 49.192336 -86.395051 -10.770841
vn 49.192336 -86.395051 -10.770841
vn 79.545232 -4.587029 -60.427786
vn 79.545232 -4.587029 -60.427786
vn 79.545232 -4.587029 -60.427786
vn -63.585029 2.539846 -77.139445
vn -63.585029 2.539846 -77.139445
vn -63.585029 2.539846 -77.139445
vn 82.925891 24.479993 50.239694
vn 82.925891 24.479993 50.239694
vn 82.925891 24.479993 50.239694
vn 11.644333 29.037685 94.980117
vn 11.644333 29.037685 94.980117
vn 11.644333 29.037685 94.980117
vn 98.390626 -11.220336 -13.906481
vn 98.390626 -11.220336 -13.906481
vn 98.390626 -11.220336 -13.906481
vn -42.460344 53.273974 73.205210
vn -42.460344 53.273974 73.205210
vn -42.460344 53.273974 73.205210
vn 76.518112 56.220922 -31.371766
vn 76.518112 56.220922 -31.371766
vn 76.518112 56.220922 -31.371766
vn -35.958165 -57.221272 -73.707108
vn -35.958165 -57.221272 -73.707108
vn -35.958165 -57.221272 -73.707108
vn 87.460750 40.300641 -26.953245
vn 87.460750 40.300641 -26.953245
vn 87.460750 40.300641 -26.953245
vn -48.000970 -67.182298 -56.413179
vn -48.000970 -67.182298 -56.413179
vn -48.000970 -67.182298 -56.413179
vn 79.154589 -29.981160 53.251109
vn 79.154589 -29.981160 53.251109
vn 79.154589 -29.981160 53.251109
vn 68.093951 -72.114880 12.753777
vn 68.093951 -72.114880 12.753777
vn 68.093951 -72.114880 12.753777
vn -64.872974 -75.652205 -8.260892
vn -64.872974 -75.652205 -8.260892
vn -64.872974 -75.652205 -8.260892
vn -88.339317 -41.524768 21.722313
vn -88.339317 -41.524768 21.722313
vn -88.339317 -41.524768 21.722313
vn 14.601117 -98.856884 3.758279
vn 14.601117 -98.856884 3.758279
vn 14.601117 -98.856884 3.758279
vn -53.231036 -24.167800 -81.131836
vn -53.231036 -24.167800 -81.131836
vn -53.231036 -24.167800 -81.131836
vn 97.869140 5.129531 19.882676
vn 97.869140 5.129531 19.882676
vn 97.869140 5.129531 19.882676
vn -35.307379 93.541867 1.818673
vn -35.307379 93.541867 1.818673
vn -35.307379 93.541867 1.818673
vn -93.402193 -32.438423 -14.959256
vn -93.402193 -32.438423 -14.959256
vn -93.402193 -32.438423 -14.959256
vn 39.441475 -33.620215 85.522231
vn 39.441475 -33.620215 85.522231
vn 39.441475 -33.620215 85.522231
vn 87.305677 21.359391 43.834871
vn 87.305677 21.359391 43.834871
vn 87.305677 21.359391 43.834871
vn -55.965953 -74.990938 35.272826
vn -55.965953 -74.990938 35.272826
vn -55.965953 -74.990938 35.272826
vn -81.045314 -17.901290 55.778137
vn -81.045314 -17.901290 55.778137
vn -81.045314 -17.901290 55.778137
vn -96.522358 14.024846 -22.062134
vn -96.522358 14.024846 -22.062134
vn -96.522358 14.024846 -22.062134
vn 93.730356 -24.447224 -24.838564
vn 93.730356 -24.447224 -24.838564
vn 93.730356 -24.447224 -24.838564
vn -84.783608 19.911937 -49.145239
vn -84.783608 19.911937 -49.145239
vn -84.783608 19.911937 -49.145239
vn 73.189935 8.432504 67.617509
vn 73.189935 8.432504 67.617509
vn 73.189935 8.432504 67.617509
vn -94.420325 32.599380 -4.699359
vn -94.420325 32.599380 -4.699359
vn -94.420325 32.599380 -4.699359
vn 49.451566 0.089326 -86.916826
vn 49.451566 0.089326 -86.916826
vn 49.451566 0.089326 -86.916826
vn 21.982322 -21.040374 95.257970
vn 21.982322 -21.040374 95.257970
vn 21.982322 -21.040374 95.257970
vn -84.384902 14.570676 -51.641883
vn -84.384902 14.570676 -51.641883
vn -84.384902 14.570676 -51.641883
vn 34.317757 78.377481 51.761598
vn 34.317757 78.377481 51.761598
vn 34.317757 78.377481 51.761598
vn -67.819162 11.020818 -72.657437
vn -67.819162 11.020818 -72.657437
vn -67.819162 11.020818 -72.657437
vn -24.359647 -96.957999 2.399230
vn -24.359647 -96.957999 2.399230
vn -24.359647 -96.957999 2.399230
vn -97.853167 2.472312 -20.460851
vn -97.853167 2.472312 -20.460851
vn -97.853167 2.472312 -20.460851
vn -37.970664 33.836580 86.100614
vn -37.970664 33.836580 86.100614
vn -37.970664 33.836580 86.100614
vn -48.867790 -79.328752 -36.316507
vn -48.867790 -79.328752 -36.316507
vn -48.867790 -79.328752 -36.316507
vn -77.873917 -52.510223 34.326821
vn -77.873917 -52.510223 34.326821
vn -77.873917 -52.510223 34.326821
vn 68.790456 -14.350088 71.147375
vn 68.790456 -14.350088 71.147375
vn 68.790456 -14.350088 71.147375
vn -73.712276 -67.573444 -0.574441
vn -73.712276 -67.573444 -0.574441
vn -73.712276 -67.573444 -0.574441
vn -15.177576 -25.790358 -95.417506
vn -15.177576 -25.790358 -95.417506
vn -15.177576 -25.790358 -95.417506
vn -7.276986 -80.580380 -58.769466
vn -7.276986 -80.580380 -58.769466
vn -7.276986 -80.580380 -58.769466
vn -42.050230 1.478618 90.717096
vn -42.050230 1.478618 90.717096
vn -42.050230 1.478618 90.717096
vn 99.479722 -10.180684 0.374443
vn 99.479722 -10.180684 0.374443
vn 99.479722 -10.180684 0.374443
vn -55.358894 -82.819961 8.731974
vn -55.358894 -82.819961 8.731974
vn -55.358894 -82.819961 8.731974
vn -14.753781 -15.816214 -97.632845
vn -14.753781 -15.816214 -97.632845
vn -14.753781 -15.816214 -97.632845
vn 56.097733 -21.567925 79.924149
vn 56.097733 -21.567925 79.924149
vn 56.097733 -21.567925 79.924149
vn -99.975772 -0.635949 2.107280
vn -99.975772 -0.635949 2.107280
vn -99.975772 -0.635949 2.107280
vn 47.659316 -18.307432 85.985041
vn 47.659316 -18.307432 85.985041
vn 47.659316 -18.307432 85.985041
vn -74.688737 46.984312 47.053871
vn -74.688737 46.984312 47.053871
vn -74.688737 46.984312 47.053871
vn 78.465407 35.249180 50.996817
vn 78.465407 35.249180 50.996817
vn 78.465407 35.249180 50.996817
vn -69.565672 -68.243408 -22.437789
vn -69.565672 -68.243408 -22.437789
vn -69.565672 -68.243408 -22.437789
vn -83.215317 -54.963038 7.367266
vn -83.215317 -54.963038 7.367266
vn -83.215317 -54.963038 7.367266
vn -29.070579 -87.503664 38.704139
vn -29.070579 -87.503664 38.704139
vn -29.070579 -87.503664 38.704139
vn -40.407124 -39.656155 82.429690
vn -40.407124 -39.656155 82.429690
vn -40.407124 -39.656155 82.429690
vn -98.916873 -5.760159 13.500863
vn -98.916873 -5.760159 13.500863
vn -98.916873 -5.760159 13.500863
vn 13.247725 5.344962 98.974386
vn 13.247725 5.344962 98.974386
vn 13.247725 5.344962 98.974386
vn 84.549219 15.771361 51.016624
vn 84.549219 15.771361 51.016624
vn 84.549219 15.771361 51.016624
vn -51.741821 -35.547595 77.840555
vn -51.741821 -35.547595 77.840555
vn -51.741821 -35.547595 77.840555
vn -43.220493 -76.347104 47.990716
vn -43.220493 -76.347104 47.990716
vn -43.220493 -76.347104 47.990716
vn -67.090981 5.215961 73.970238
vn -67.090981 5.215961 73.970238
vn -67.090981 5.215961 73.970238
vn 34.143690 84.673575 -40.799444
vn 34.143690 84.673575 -40.799444
vn 34.143690 84.673575 -40.799444
vn 14.883567 43.847260 88.633506
vn 14.883567 43.847260 88.633506
vn 14.883567 43.847260 88.633506
vn -67.962491 60.626271 41.298361
vn -67.962491 60.626271 41.298361
vn -67.962491 60.626271 41.298361
vn -97.404309 -21.489514 -7.113559
vn -97.404309 -21.489514 -7.113559
vn -97.404309 -21.489514 -7.113559
vn -97.748036 18.362824 10.398528
vn -97.748036 18.362824 10.398528
vn -97.748036 18.362824 10.398528
vn -44.233188 -4.368965 89.578678
vn -44.233188 -4.368965 89.578678
vn -44.233188 -4.368965 89.578678
vn 16.283038 8.069174 98.334896
vn 16.283038 8.069174 98.334896
vn 16.283038 8.069174 98.334896
vn 29.096483 57.192197 76.697120
vn 29.096483 57.192197 76.697120
vn 29.096483 57.192197 76.697120
vn -1.179229 -80.933484 -58.722912
vn -1.179229 -80.933484 -58.722912
vn -1.179229 -80.933484 -58.722912
vn -49.855792 -64.396222 -58.030394
vn -49.855792 -64.396222 -58.030394
vn -49.855792 -64.396222 -58.030394
vn -76.428582 -57.351110 29.487653
vn -76.428582 -57.351110 29.487653
vn -76.428582 -57.351110 29.487653
vn 96.698917 -24.196926 7.989378
vn 96.698917 -24.196926 7.989378
vn 96.698917 -24.196926 7.989378
vn -96.758032 24.039980 -7.743667
vn -96.758032 24.039980 -7.743667
vn -96.758032 24.039980 -7.743667
vn -94.838475 -5.860700 31.165954
vn -94.838475 -5.860700 31.165954
vn -94.838475 -5.860700 31.165954
vn -72.555232 20.489465 -65.695665
vn -72.555232 20.489465 -65.695665
vn -72.555232 20.489465 -65.695665
vn 17.460013 95.044488 25.723415
vn 17.460013 95.044488 25.723415
vn 17.460013 95.044488 25.723415
vn 64.350219 34.778227 -68.187433
vn 64.350219 34.778227 -68.187433
vn 64.350219 34.778227 -68.187433
vn -53.718783 -72.814101 -42.572285
vn -53.718783 -72.814101 -42.572285
vn -53.718783 -72.814101 -42.572285
vn -76.085961 -59.592282 -25.684364
vn -76.085961 -59.592282 -25.684364
vn -76.085961 -59.592282 -25.684364
vn -85.891184 -22.683284 -45.914863
vn -85.891184 -22.683284 -45.914863
vn -85.891184 -22.683284 -45.914863
vn 12.681250 -42.399478 89.674248
vn 12.681250 -42.399478 89.674248
vn 12.681250 -42.399478 89.674248
vn 99.030149 -6.370584 -12.346966
vn 99.030149 -6.370584 -12.346966
vn 99.030149 -6.370584 -12.346966
vn -58.945552 66.848641 -45.350647
vn -58.945552 66.848641 -45.350647
vn -58.945552 66.848641 -45.350647
vn -44.221031 -65.643462 61.118216
vn -44.221031 -65.643462 61.118216
vn -44.221031 -65.643462 61.118216
vn -14.267328 -71.615108 -68.320715
vn -14.267328 -71.615108 -68.320715
vn -14.267328 -71.615108 -68.320715
vn 18.121322 3.459244 98.283525
vn 18.121322 3.459244 98.283525
vn 18.121322 3.459244 98.283525
vn -48.326718 -27.825000 83.007828
vn -48.326718 -27.825000 83.007828
vn -48.326718 -27.825000 83.007828
vn -20.738749 92.583187 31.595234
vn -20.738749 92.583187 31.595234
vn -20.738749 92.583187 31.595234
vn -41.037109 88.388129 22.438716
vn -41.037109 88.388129 22.438716
vn -41.037109 88.388129 22.438716
vn 53.613857 -16.630365 -82.758594
vn 53.613857 -16.630365 -82.758594
vn 53.613857 -16.630365 -82.758594
vn 95.078510 15.007758 -27.108028
vn 95.078510 15.007758 -27.108028
vn 95.078510 15.007758 -27.108028
vn 95.545147 -19.011968 22.575893
vn 95.545147 -19.011968 22.575893
vn 95.545147 -19.011968 22.575893
vn -84.560686 45.271134 28.284554
vn -84.560686 45.271134 28.284554
vn -84.560686 45.271134 28.284554
vn -56.748724 50.518463 65.018992
vn -56.748724 50.518463 65.018992
vn -56.748724 50.518463 65.018992
vn -1.739674 20.603255 -97.839051
vn -1.739674 20.603255 -97.839051
vn -1.739674 20.603255 -97.839051
vn -47.850353 18.335518 85.872885
vn -47.850353 18.335518 85.872885
vn -47.850353 18.335518 85.872885
vn 92.739132 -13.766012 -34.784342
vn 92.739132 -13.766012 -34.784342
vn 92.739132 -13.766012 -34.784342
vn -11.901800 45.063303 88.473988
vn -11.901800 45.063303 88.473988
vn -11.901800 45.063303 88.473988
vn -93.994267 4.902724 33.779317
vn -93.994267 4.902724 33.779317
vn -93.994267 4.902724 33.779317
vn -30.544040 -8.331071 94.855983
vn -30.544040 -8.331071 94.855983
vn -30.544040 -8.331071 94.855983
vn 50.326527 -68.644157 -52.490192
vn 50.326527 -68.644157 -52.490192
vn 50.326527 -68.644157 -52.490192
vn -96.028433 -26.785405 -7.815652
vn -96.028433 -26.785405 -7.815652
vn -96.028433 -26.785405 -7.815652
vn -15.112309 77.128647 -61.828716
vn -15.112309 77.128647 -61.828716
vn -15.112309 77.128647 -61.828716
vn -35.992370 -17.706737 -91.602521
vn -35.992370 -17.706737 -91.602521
vn -35.992370 -17.706737 -91.602521
vn -25.954744 -96.541815 2.455422
vn -25.954744 -96.541815 2.455422
vn -25.954744 -96.541815 2.455422
vn 65.429388 -70.966870 26.128504
vn 65.429388 -70.966870 26.128504
vn 65.429388 -70.966870 26.128504
vn -21.212420 36.517081 -90.645109
vn -21.212420 36.517081 -90.645109
vn -21.212420 36.517081 -90.645109
vn -3.059546 20.262065 -97.877924
vn -3.059546 20.262065 -97.877924
vn -3.059546 20.262065 -97.877924
vn 55.506302 -43.899505 70.653271
vn 55.506302 -43.899505 70.653271
vn 55.506302 -43.899505 70.653271
vn 24.267394 -18.104355 95.306486
vn 24.267394 -18.104355 95.306486
vn 24.267394 -18.104355 95.306486
vn 48.143999 -50.554100 -71.599145
vn 48.143999 -50.554100 -71.599145
vn 48.143999 -50.554100 -71.599145
vn 38.340113 32.906368 86.297210
vn 38.340113 32.906368 86.297210
vn 38.340113 32.906368 86.297210
vn 76.845158 30.420426 56.297604
vn 76.845158 30.420426 56.297604
vn 76.845158 30.420426 56.297604
vn -26.370571 -90.401224 33.648363
vn -26.370571 -90.401224 33.648363
vn -26.370571 -90.401224 33.648363
vn -60.333000 -3.236202 79.683483
vn -60.333000 -3.236202 79.683483
vn -60.333000 -3.236202 79.683483
vn 80.913937 27.032515 -52.174495
vn 80.913937 27.032515 -52.174495
vn 80.913937 27.032515 -52.174495
vn 48.656740 -11.495589 86.604708
vn 48.656740 -11.495589 86.604708
vn 48.656740 -11.495589 86.604708
vn -63.800784 75.166387 -16.717491
vn -63.800784 75.166387 -16.717491
vn -63.800784 75.166387 -16.717491
vn 66.973927 -70.131672 24.413971
vn 66.973927 -70.131672 24.413971
vn 66.973927 -70.131672 24.413971
vn 53.067856 -71.236238 -45.926048
vn 53.067856 -71.236238 -45.926048
vn 53.067856 -71.236238 -45.926048
vn -63.839239 -39.141263 -66.276056
vn -63.839239 -39.141263 -66.276056
vn -63.839239 -39.141263 -66.276056
vn -61.516967 -40.478594 -67.654625
vn -61.516967 -40.478594 -67.654625
vn -61.516967 -40.478594 -67.654625
vn 31.278756 -93.701524 15.545575
vn 31.278756 -93.701524 15.545575
vn 31.278756 -93.701524 15.545575
vn 12.947830 -69.691375 70.536992
vn 12.947830 -69.691375 70.536992
vn 12.947830 -69.691375 70.536992
vn 89.337404 -13.288160 42.921501
vn 89.337404 -13.288160 42.921501
vn 89.337404 -13.288160 42.921501
vn -97.777555 18.461962 9.935109
vn -97.777555 18.461962 9.935109
vn -97.777555 18.461962 9.935109
vn -26.500125 -6.112236 96.230890
vn -26.500125 -6.112236 96.230890
vn -26.500125 -6.112236 96.230890
vn -22.826917 -70.666620 66.971346
vn -22.826917 -70.666620 66.971346
vn -22.826917 -70.666620 66.971346
vn 99.561667 -9.314824 -0.842576
vn 99.561667 -9.314824 -0.842576
vn 99.561667 -9.314824 -0.842576
vn -26.183178 -96.479356 2.485294
vn -26.183178 -96.479356 2.485294
vn -26.183178 -96.479356 2.485294
vn -53.500386 -77.205036 34.308780
vn -53.500386 -77.205036 34.308780
vn -53.500386 -77.205036 34.308780
vn 86.236401 -22.888495 45.159723
vn 86.236401 -22.888495 45.159723
vn 86.236401 -22.888495 45.159723
vn -78.372731 40.623236 -46.983705
vn -78.372731 40.623236 -46.983705
vn -78.372731 40.623236 -46.983705
vn 8.066031 -22.536323 97.093021
vn 8.066031 -22.536323 97.093021
vn 8.066031 -22.536323 97.093021
vn 9.643772 -88.894524 -44.774560
vn 9.643772 -88.894524 -44.774560
vn 9.643772 -88.894524 -44.774560
vn 43.406678 10.874968 89.429280
vn 43.406678 10.874968 89.429280
vn 43.406678 10.874968 89.429280
vn 48.174164 -86.270304 -15.384586
vn 48.174164 -86.270304 -15.384586
vn 48.174164 -86.270304 -15.384586
vn -19.545516 56.830332 -79.926759
vn -19.545516 56.830332 -79.926759
vn -19.545516 56.830332 -79.926759
vn 2.887435 -77.427872 -63.218576
vn 2.887435 -77.427872 -63.218576
vn 2.887435 -77.427872 -63.218576
vn 70.617180 -4.221824 70.678071
vn 70.617180 -4.221824 70.678071
vn 70.617180 -4.221824 70.678071
vn 77.738241 -6.138711 62.602577
vn 77.738241 -6.138711 62.602577
vn 77.738241 -6.138711 62.602577
vn -55.224169 -30.027421 77.773046
vn -55.224169 -30.027421 77.773046
vn -55.224169 -30.027421 77.773046
vn -87.098208 -35.145488 -34.332155
vn -87.098208 -35.145488 -34.332155
vn -87.098208 -35.145488 -34.332155
vn -52.647984 71.697121 -45.691504
vn -52.647984 71.697121 -45.691504
vn -52.647984 71.697121 -45.691504
vn -59.579371 -22.337668 77.144844
vn -59.579371 -22.337668 77.144844
vn -59.579371 -22.337668 77.144844
vn 44.925984 -37.599961 81.042576
vn 44.925984 -37.599961 81.042576
vn 44.925984 -37.599961 81.042576
vn 32.514442 -40.012762 85.684250
vn 32.514442 -40.012762 85.684250
vn 32.514442 -40.012762 85.684250
vn -15.322890 -95.809286 24.203099
vn -15.322890 -95.809286 24.203099
vn -15.322890 -95.809286 24.203099
vn -54.026911 3.414229 84.079947
vn -54.026911 3.414229 84.079947
vn -54.026911 3.414229 84.079947
vn 19.080902 -22.597217 95.526363
vn 19.080902 -22.597217 95.526363
vn 19.080902 -22.597217 95.526363
vn 20.144828 -77.428141 -59.992248
vn 20.144828 -77.428141 -59.992248
vn 20.144828 -77.428141 -59.992248
vn 21.480054 -97.527463 5.196317
vn 21.480054 -97.527463 5.196317
vn 21.480054 -97.527463 5.196317
vn -51.977102 -83.497218 18.071935
vn -51.977102 -83.497218 18.071935
vn -51.977102 -83.497218 18.071935
vn -24.059646 -84.337226 48.045478
vn -24.059646 -84.337226 48.045478
vn -24.059646 -84.337226 48.045478
vn -69.925242 -67.591045 23.278998
vn -69.925242 -67.591045 23.278998
vn -69.925242 -67.591045 23.278998
vn 59.974821 -30.737178 73.879945
vn 59.974821 -30.737178 73.879945
vn 59.974821 -30.737178 73.879945
vn 91.744403 24.433460 31.400167
vn 91.744403 24.433460 31.400167
vn 91.744403 24.433460 31.400167
vn 53.057599 -84.613879 -5.038257
vn 53.057599 -84.613879 -5.038257
vn 53.057599 -84.613879 -5.038257
vn 27.857990 -71.491752 64.131602
vn 27.857990 -71.491752 64.131602
vn 27.857990 -71.491752 64.131602
vn -42.485708 88.140662 20.644380
vn -42.485708 88.140662 20.644380
vn -42.485708 88.140662 20.644380
vn -30.778883 -50.627621 80.557469
vn -30.778883 -50.627621 80.557469
vn -30.778883 -50.627621 80.557469
vn -29.487309 -90.360338 -31.072638
vn -29.487309 -90.360338 -31.072638
vn -29.487309 -90.360338 -31.072638
vn -85.499372 -48.885268 17.323083
vn -85.499372 -48.885268 17.323083
vn -85.499372 -48.885268 17.323083
vn 25.103288 -3.424833 -96.737253
vn 25.103288 -3.424833 -96.737253
vn 25.103288 -3.424833 -96.737253
vn 49.211710 -1.711505 -87.036087
vn 49.211710 -1.711505 -87.036087
vn 49.211710 -1.711505 -87.036087
vn -95.019504 -29.181165 10.943170
vn -95.019504 -29.181165 10.943170
vn -95.019504 -29.181165 10.943170
vn -93.697024 7.118715 34.208064
vn -93.697024 7.118715 34.208064
vn -93.697024 7.118715 34.208064
vn 86.107045 -44.017273 -25.456972
vn 86.107045 -44.017273 -25.456972
vn 86.107045 -44.017273 -25.456972
vn 75.799786 -8.610678 64.654853
vn 75.799786 -8.610678 64.654853
vn 75.799786 -8.610678 64.654853
vn -90.116997 -15.445995 -40.501232
vn -90.116997 -15.445995 -40.501232
vn -90.116997 -15.445995 -40.501232
vn 82.568766 55.367152 -10.810971
vn 82.568766 55.367152 -10.810971
vn 82.568766 55.367152 -10.810971
vn 83.176507 -17.971136 -52.523407
vn 83.176507 -17.971136 -52.523407
vn 83.176507 -17.971136 -52.523407
vn -61.739093 -62.420144 47.874942
vn -61.739093 -62.420144 47.874942
vn -61.739093 -62.420144 47.874942
vn 0.939614 18.351714 98.297160
vn 0.939614 18.351714 98.297160
vn 0.939614 18.351714 98.297160
vn -40.914206 70.491627 57.939270
vn -40.914206 70.491627 57.939270
vn -40.914206 70.491627 57.939270
vn -20.786895 -95.911847 19.204750
vn -20.786895 -95.911847 19.204750
vn -20.786895 -95.911847 19.204750
vn -15.813350 11.581377 98.060241
vn -15.813350 11.581377 98.060241
vn -15.813350 11.581377 98.060241
vn 62.452968 -49.226268 60.633336
vn 62.452968 -49.226268 60.633336
vn 62.452968 -49.226268 60.633336
vn -36.287073 58.464268 72.561553
vn -36.287073 58.464268 72.561553
vn -36.287073 58.464268 72.561553
vn -97.554966 -6.032612 -21.133784
vn -97.554966 -6.032612 -21.133784
vn -97.554966 -6.032612 -21.133784
vn -1.392046 30.416194 95.251864
vn -1.392046 30.416194 95.251864
vn -1.392046 30.416194 95.251864
vn -62.620889 -3.947171 -77.865556
vn -62.620889 -3.947171 -77.865556
vn -62.620889 -3.947171 -77.865556
vn -93.872453 -7.348994 -33.674274
vn -93.872453 -7.348994 -33.674274
vn -93.872453 -7.348994 -33.674274
vn 96.971470 -23.033937 8.122271
vn 96.971470 -23.033937 8.122271
vn 96.971470 -23.033937 8.122271
vn -63.449594 -4.625154 -77.154117
vn -63.449594 -4.625154 -77.154117
vn -63.449594 -4.625154 -77.154117
vn 97.863269 20.559775 -0.276617
vn 97.863269 20.559775 -0.276617
vn 97.863269 20.559775 -0.276617
vn 40.349766 -91.335924 -5.444821
vn 40.349766 -91.335924 -5.444821
vn 40.349766 -91.335924 -5.444821
vn -93.033870 -16.559770 -32.718099
vn -93.033870 -16.559770 -32.718099
vn -93.033870 -16.559770 -32.718099
vn -46.801770 44.369264 -76.426207
vn -46.801770 44.369264 -76.426207
vn -46.801770 44.369264 -76.426207
vn 9.733935 -71.800068 -68.920252
vn 9.733935 -71.800068 -68.920252
vn 9.733935 -71.800068 -68.920252
vn -94.472854 -32.314578 5.536146
vn -94.472854 -32.314578 5.536146
vn -94.472854 -32.314578 5.536146
vn 45.155861 -26.882494 85.078075
vn 45.155861 -26.882494 85.078075
vn 45.155861 -26.882494 85.078075
vn -46.049964 -6.314243 88.541139
vn -46.049964 -6.314243 88.541139
vn -46.049964 -6.314243 88.541139
vn 0.236960 -75.733904 65.301764
vn 0.236960 -75.733904 65.301764
vn 0.236960 -75.733904 65.301764
vn 3.661552 -87.484543 48.301651
vn 3.661552 -87.484543 48.301651
vn 3.661552 -87.484543 48.301651
vn 97.509933 -16.328579 -15.006346
vn 97.509933 -16.328579 -15.006346
vn 97.509933 -16.328579 -15.006346
vn 32.021229 68.514915 65.424368
vn 32.021229 68.514915 65.424368
vn 32.021229 68.514915 65.424368
vn -29.065184 4.520930 95.576027
vn -29.065184 4.520930 95.576027
vn -29.065184 4.520930 95.576027
vn 85.196101 -17.170539 49.465106
vn 85.196101 -17.170539 49.465106
vn 85.196101 -17.170539 49.465106
vn 80.892279 20.731896 55.014796
vn 80.892279 20.731896 55.014796
vn 80.892279 20.731896 55.014796
vn 73.411814 -9.721701 67.202637
vn 73.411814 -9.721701 67.202637
vn 73.411814 -9.721701 67.202637
vn -72.837234 -15.970554 66.630920
vn -72.837234 -15.970554 66.630920
vn -72.837234 -15.970554 66.630920
vn 55.213785 -31.447227 77.217303
vn 55.213785 -31.447227 77.217303
vn 55.213785 -31.447227 77.217303
vn -58.698100 53.398400 -60.853474
vn -58.698100 53.398400 -60.853474
vn -58.698100 53.398400 -60.853474
vn 89.889441 20.245574 38.858797
vn 89.889441 20.245574 38.858797
vn 89.889441 20.245574 38.858797
vn 98.995150 10.702096 9.242620
vn 98.995150 10.702096 9.242620
vn 98.995150 10.702096 9.242620
vn 58.859526 13.959524 79.628450
vn 58.859526 13.959524 79.628450
vn 58.859526 13.959524 79.628450
vn -71.806197 18.861098 66.993501
vn -71.806197 18.861098 66.993501
vn -71.806197 18.861098 66.993501
vn 94.374938 -27.361029 -18.567328
vn 94.374938 -27.361029 -18.567328
vn 94.374938 -27.361029 -18.567328
vn 34.045370 -42.994274 -83.620603
vn 34.045370 -42.994274 -83.620603
vn 34.045370 -42.994274 -83.620603
vn -70.393318 -69.298058 -15.574354
vn -70.393318 -69.298058 -15.574354
vn -70.393318 -69.298058 -15.574354
vn 82.910953 26.267567 49.353713
vn 82.910953 26.267567 49.353713
vn 82.910953 26.267567 49.353713
vn -22.728535 -7.125136 97.121819
vn -22.728535 -7.125136 97.121819
vn -22.728535 -7.125136 97.121819
vn 53.451593 -67.792860 -50.468355
vn 53.451593 -67.792860 -50.468355
vn 53.451593 -67.792860 -50.468355
vn -91.724304 -31.117913 24.866224
vn -91.724304 -31.117913 24.866224
vn -91.724304 -31.117913 24.866224
vn -59.321164 33.797438 73.066637
vn -59.321164 33.797438 73.066637
vn -59.321164 33.797438 73.066637
vn -98.559546 10.616494 13.164588
vn -98.559546 10.616494 13.164588
vn -98.559546 10.616494 13.164588
vn -33.657799 55.098883 -76.362730
vn -33.657799 55.098883 -76.362730
vn -33.657799 55.098883 -76.362730
vn 96.065610 -10.753654 -25.607792
vn 96.065610 -10.753654 -25.607792
vn 96.065610 -10.753654 -25.607792
vn -16.488082 -34.702425 92.324887
vn -16.488082 -34.702425 92.324887
vn -16.488082 -34.702425 92.324887
vn -45.812454 -19.487863 -86.726248
vn -45.812454 -19.487863 -86.726248
vn -45.812454 -19.487863 -86.726248
vn -82.036753 -47.398990 -31.989205
vn -82.036753 -47.398990 -31.989205
vn -82.036753 -47.398990 -31.989205
vn 35.811279 -78.764257 -50.137263
vn 35.811279 -78.764257 -50.137263
vn 35.811279 -78.764257 -50.137263
vn 94.488374 3.527516 -32.550050
vn 94.488374 3.527516 -32.550050
vn 94.488374 3.527516 -32.550050
vn 73.092290 -64.371855 22.666755
vn 73.092290 -64.371855 22.666755
vn 73.092290 -64.371855 22.666755
vn -11.524604 -32.525506 93.857745
vn -11.524604 -32.525506 93.857745
vn -11.524604 -32.525506 93.857745
vn 94.137875 -4.593621 33.420937
vn 94.137875 -4.593621 33.420937
vn 94.137875 -4.593621 33.420937
vn 66.115880 -38.947581 64.123140
vn 66.115880 -38.947581 64.123140
vn 66.115880 -38.947581 64.123140
vn 98.677806 -0.179348 16.206796
vn 98.677806 -0.179348 16.206796
vn 98.677806 -0.179348 16.206796
vn -19.059425 -36.253023 -91.227505
vn -19.059425 -36.253023 -91.227505
vn -19.059425 -36.253023 -91.227505
vn 36.268766 -91.106415 19.600988
vn 36.268766 -91.106415 19.600988
vn 36.268766 -91.106415 19.600988
vn 86.906728 -8.217921 -48.782050
vn 86.906728 -8.217921 -48.782050
vn 86.906728 -8.217921 -48.782050
vn -1.451683 14.446806 98.940297
vn -1.451683 14.446806 98.940297
vn -1.451683 14.446806 98.940297
vn -95.877342 -1.455817 -28.379854
vn -95.877342 -1.455817 -28.379854
vn -95.877342 -1.455817 -28.379854
vn 75.002686 -64.239706 15.743490
vn 75.002686 -64.239706 15.743490
vn 75.002686 -64.239706 15.743490
vn -48.821437 -21.711219 -84.528640
vn -48.821437 -21.711219 -84.528640
vn -48.821437 -21.711219 -84.528640
vn 58.306579 78.473888 -21.028334
vn 58.306579 78.473888 -21.028334
vn 58.306579 78.473888 -21.028334
vn -75.642011 -62.567311 -19.068765
vn -75.642011 -62.567311 -19.068765
vn -75.642011 -62.567311 -19.068765
vn -94.534316 21.987210 24.079600
vn -94.534316 21.987210 24.079600
vn -94.534316 21.987210 24.079600
vn 68.477824 -33.310412 64.816699
vn 68.477824 -33.310412 64.816699
vn 68.477824 -33.310412 64.816699
vn -14.559617 89.725300 41.681986
vn -14.559617 89.725300 41.681986
vn -14.559617 89.725300 41.681986
vn -53.907151 -80.639130 -24.317675
vn -53.907151 -80.639130 -24.317675
vn -53.907151 -80.639130 -24.317675
vn 63.062084 23.153990 74.074730
vn 63.062084 23.153990 74.074730
vn 63.062084 23.153990 74.074730
vn 96.611917 14.527701 21.332662
vn 96.611917 14.527701 21.332662
vn 96.611917 14.527701 21.332662
vn 65.357195 -62.334350 -42.928618
vn 65.357195 -62.334350 -42.928618
vn 65.357195 -62.334350 -42.928618
vn 5.725933 50.210682 86.290795
vn 5.725933 50.210682 86.290795
vn 5.725933 50.210682 86.290795
vn -96.111627 -6.801291 26.763744
vn -96.111627 -6.801291 26.763744
vn -96.111627 -6.801291 26.763744
vn 20.224609 12.943384 97.074375
vn 20.224609 12.943384 97.074375
vn 20.224609 12.943384 97.074375
vn 52.085562 -46.833814 -71.370084
vn 52.085562 -46.833814 -71.370084
vn 52.085562 -46.833814 -71.370084
vn -39.362759 -33.641582 85.550090
vn -39.362759 -33.641582 85.550090
vn -39.362759 -33.641582 85.550090
vn 98.734454 -12.447522 -9.826889
vn 98.734454 -12.447522 -9.826889
vn 98.734454 -12.447522 -9.826889
vn 55.579969 -73.001417 -39.770096
vn 55.579969 -73.001417 -39.770096
vn 55.579969 -73.001417 -39.770096
vn -13.859276 10.597168 -98.466343
vn -13.859276 10.597168 -98.466343
vn -13.859276 10.597168 -98.466343
vn 99.535892 8.577454 -4.362790
vn 99.535892 8.577454 -4.362790
vn 99.535892 8.577454 -4.362790
vn 86.966918 5.697897 49.033564
vn 86.966918 5.697897 49.033564
vn 86.966918 5.697897 49.033564
vn -89.021155 7.803361 -44.881420
vn -89.021155 7.803361 -44.881420
vn -89.021155 7.803361 -44.881420
vn -86.885361 -12.274090 -47.961267
vn -86.885361 -12.274090 -47.961267
vn -86.885361 -12.274090 -47.961267
vn 21.499738 -47.718076 -85.210023
vn 21.499738 -47.718076 -85.210023
vn 21.499738 -47.718076 -85.210023
vn 42.907441 89.238631 13.979232
vn 42.907441 89.238631 13.979232
vn 42.907441 89.238631 13.979232
vn 55.761956 -12.809720 82.015336
vn 55.761956 -12.809720 82.015336
vn 55.761956 -12.809720 82.015336
vn -21.369087 -58.618465 -78.148815
vn -21.369087 -58.618465 -78.148815
vn -21.369087 -58.618465 -78.148815
vn 87.397031 17.690080 45.263906
vn 87.397031 17.690080 45.263906
vn 87.397031 17.690080 45.263906
vn 61.492873 -17.428696 76.908183
vn 61.492873 -17.428696 76.908183
vn 61.492873 -17.428696 76.908183
vn 62.565051 -8.330770 77.564262
vn 62.565051 -8.330770 77.564262
vn 62.565051 -8.330770 77.564262
vn 91.787881 -38.719209 -8.706758
vn 91.787881 -38.719209 -8.706758
vn 91.787881 -38.719209 -8.706758
vn -77.301067 -55.251989 31.173122
vn -77.301067 -55.251989 31.173122
vn -77.301067 -55.251989 31.173122
vn 73.442960 -8.880320 67.285019
vn 73.442960 -8.880320 67.285019
vn 73.442960 -8.880320 67.285019
vn 63.573573 -60.161099 -48.363664
vn 63.573573 -60.161099 -48.363664
vn 63.573573 -60.161099 -48.363664
vn 35.798249 -62.079034 69.747247
vn 35.798249 -62.079034 69.747247
vn 35.798249 -62.079034 69.747247
vn 64.618211 42.026652 63.704385
vn 64.618211 42.026652 63.704385
vn 64.618211 42.026652 63.704385
vn -56.143755 -1.904567 82.729996
vn -56.143755 -1.904567 82.729996
vn -56.143755 -1.904567 82.729996
vn -36.188550 -87.964509 30.864776
vn -36.188550 -87.964509 30.864776
vn -36.188550 -87.964509 30.864776
vn 59.358677 6.713262 -80.196520
vn 59.358677 6.713262 -80.196520
vn 59.358677 6.713262 -80.196520
vn -83.721497 54.394461 -5.652807
vn -83.721497 54.394461 -5.652807
vn -83.721497 54.394461 -5.652807
vn 69.155685 71.860956 7.313981
vn 69.155685 71.860956 7.313981
vn 69.155685 71.860956 7.313981
vn 68.676752 14.032881 -71.320284
vn 68.676752 14.032881 -71.320284
vn 68.676752 14.032881 -71.320284
vn -50.551406 -47.478603 -72.043993
vn -50.551406 -47.478603 -72.043993
vn -50.551406 -47.478603 -72.043993
vn -88.011327 -12.084180 45.912754
vn -88.011327 -12.084180 45.912754
vn -88.011327 -12.084180 45.912754
vn 82.522947 6.871772 -56.060181
vn 82.522947 6.871772 -56.060181
vn 82.522947 6.871772 -56.060181
vn -93.208750 -36.207298 1.077974
vn -93.208750 -36.207298 1.077974
vn -93.208750 -36.207298 1.077974
vn 1.555387 -75.899157 65.091466
vn 1.555387 -75.899157 65.091466
vn 1.555387 -75.899157 65.091466
vn -81.118767 -15.608588 -56.357055
vn -81.118767 -15.608588 -56.357055
vn -81.118767 -15.608588 -56.357055
vn -79.572690 0.352046 -60.564541
vn -79.572690 0.352046 -60.564541
vn -79.572690 0.352046 -60.564541
vn 4.099225 -22.275790 97.401167
vn 4.099225 -22.275790 97.401167
vn 4.099225 -22.275790 97.401167
vn -71.761568 16.004997 67.779933
vn -71.761568 16.004997 67.779933
vn -71.761568 16.004997 67.779933
vn 32.120375 37.749773 86.851809
vn 32.120375 37.749773 86.851809
vn 32.120375 37.749773 86.851809
vn -68.155341 -45.794765 -57.076187
vn -68.155341 -45.794765 -57.076187
vn -68.155341 -45.794765 -57.076187
vn 63.228903 9.845574 -76.845109
vn 63.228903 9.845574 -76.845109
vn 63.228903 9.845574 -76.845109
vn 17.562112 83.683147 51.852713
vn 17.562112 83.683147 51.852713
vn 17.562112 83.683147 51.852713
vn -91.871035 32.862396 -21.903770
vn -91.871035 32.862396 -21.903770
vn -91.871035 32.862396 -21.903770
vn -53.536126 16.295098 82.875526
vn -53.536126 16.295098 82.875526
vn -53.536126 16.295098 82.875526
vn 97.363184 -22.791304 -0.983014
vn 97.363184 -22.791304 -0.983014
vn 97.363184 -22.791304 -0.983014
vn -86.845624 -11.501231 48.224057
vn -86.845624 -11.501231 48.224057
vn -86.845624 -11.501231 48.224057
vn 57.381151 10.314795 -81.246598
vn 57.381151 10.314795 -81.246598
vn 57.381151 10.314795 -81.246598
vn -64.024420 -10.612983 -76.080476
vn -64.024420 -10.612983 -76.080476
vn -64.024420 -10.612983 -76.080476
vn 57.270546 64.660365 50.389706
vn 57.270546 64.660365 50.389706
vn 57.270546 64.660365 50.389706
vn 89.514492 -2.583277 -44.502633
vn 89.514492 -2.583277 -44.502633
vn 89.514492 -2.583277 -44.502633
vn 54.439672 -65.881430 51.922638
vn 54.439672 -65.881430 51.922638
vn 54.439672 -65.881430 51.922638
vn 97.980107 14.936138 -13.297007
vn 97.980107 14.936138 -13.297007
vn 97.980107 14.936138 -13.297007
vn 60.017980 79.590880 7.945687
vn 60.017980 79.590880 7.945687
vn 60.017980 79.590880 7.945687
vn -44.936620 -79.826087 -40.106069
vn -44.936620 -79.826087 -40.106069
vn -44.936620 -79.826087 -40.106069
vn -45.413343 -82.165188 -34.445785
vn -45.413343 -82.165188 -34.445785
vn -45.413343 -82.165188 -34.445785
vn 26.742679 3.992069 -96.275099
vn 26.742679 3.992069 -96.275099
vn 26.742679 3.992069 -96.275099
vn 61.039524 -53.962312 -57.984878
vn 61.039524 -53.962312 -57.984878
vn 61.039524 -53.962312 -57.984878
vn 51.319950 34.707822 -78.496059
vn 51.319950 34.707822 -78.496059
vn 51.319950 34.707822 -78.496059
vn -38.743517 3.071738 -92.138514
vn -38.743517 3.071738 -92.138514
vn -38.743517 3.071738 -92.138514
vn -8.627446 -71.472851 69.406046
vn -8.627446 -71.472851 69.406046
vn -8.627446 -71.472851 69.406046
vn 90.574320 -42.075270 -5.095749
vn 90.574320 -42.075270 -5.095749
vn 90.574320 -42.075270 -5.095749
vn -68.077357 72.678794 9.125060
vn -68.077357 72.678794 9.125060
vn -68.077357 72.678794 9.125060
vn -84.661508 18.354070 -49.955557
vn -84.661508 18.354070 -49.955557
vn -84.661508 18.354070 -49.955557
vn 9.105280 48.650953 86.891766
vn 9.105280 48.650953 86.891766
vn 9.105280 48.650953 86.891766
vn -19.147274 -23.514478 -95.291412
vn -19.147274 -23.514478 -95.291412
vn -19.147274 -23.514478 -95.291412
vn -81.373792 -55.691819 -16.635138
vn -81.373792 -55.691819 -16.635138
vn -81.373792 -55.691819 -16.635138
vn 89.013770 28.542518 35.522872
vn 89.013770 28.542518 35.522872
vn 89.013770 28.542518 35.522872
vn 76.162089 21.043981 61.290197
vn 76.162089 21.043981 61.290197
vn 76.162089 21.043981 61.290197
vn -85.505304 -3.827469 51.712620
vn -85.505304 -3.827469 51.712620
vn -85.505304 -3.827469 51.712620
vn 54.462360 26.729198 -79.494661
vn 54.462360 26.729198 -79.494661
vn 54.462360 26.729198 -79.494661
vn 67.682710 -23.637277 69.716078
vn 67.682710 -23.637277 69.716078
vn 67.682710 -23.637277 69.716078
vn -89.332815 24.798576 -37.479043
vn -89.332815 24.798576 -37.479043
vn -89.332815 24.798576 -37.479043
vn 66.327506 37.771414 64.606363
vn 66.327506 37.771414 64.606363
vn 66.327506 37.771414 64.606363
vn -22.911305 -66.452446 -71.127666
vn -22.911305 -66.452446 -71.127666
vn -22.911305 -66.452446 -71.127666
vn -95.211073 -7.008263 29.761309
vn -95.211073 -7.008263 29.761309
vn -95.211073 -7.008263 29.761309
vn -75.893079 -14.519957 63.477647
vn -75.893079 -14.519957 63.477647
vn -75.893079 -14.519957 63.477647
vn -57.457256 -24.354410 78.137881
vn -57.457256 -24.354410 78.137881
vn -57.457256 -24.354410 78.137881
vn -36.738648 -92.032574 13.426769
vn -36.738648 -92.032574 13.426769
vn -36.738648 -92.032574 13.426769
vn -99.302964 4.866175 -10.735103
vn -99.302964 4.866175 -10.735103
vn -99.302964 4.866175 -10.735103
vn -57.992537 -74.901509 -32.041075
vn -57.992537 -74.901509 -32.041075
vn -57.992537 -74.901509 -32.041075
vn 86.037649 -22.966490 -45.497952
vn 86.037649 -22.966490 -45.497952
vn 86.037649 -22.966490 -45.497952
vn 3.714208 9.838714 -99.445495
vn 3.714208 9.838714 -99.445495
vn 3.714208 9.838714 -99.445495
vn 74.337764 1.988722 66.857634
vn 74.337764 1.988722 66.857634
vn 74.337764 1.988722 66.857634
vn -10.642404 15.033762 98.289001
vn -10.642404 15.033762 98.289001
vn -10.642404 15.033762 98.289001
vn 78.968670 -60.405905 10.727353
vn 78.968670 -60.405905 10.727353
vn 78.968670 -60.405905 10.727353
vn -60.271670 77.914018 -17.225950
vn -60.271670 77.914018 -17.225950
vn -60.271670 77.914018 -17.225950
vn 79.317271 -48.430500 36.922341
vn 79.317271 -48.430500 36.922341
vn 79.317271 -48.430500 36.922341
vn -97.172078 11.363858 -20.699068
vn -97.172078 11.363858 -20.699068
vn -97.172078 11.363858 -20.699068
vn -66.094993 -14.493594 73.630080
vn -66.094993 -14.493594 73.630080
vn -66.094993 -14.493594 73.630080
vn -73.231838 57.936913 -35.782872
vn -73.231838 57.936913 -35.782872
vn -73.231838 57.936913 -35.782872
vn 22.206010 -61.283568 -75.836791
vn 22.206010 -61.283568 -75.836791
vn 22.206010 -61.283568 -75.836791
vn 88.942598 36.731493 -27.203165
vn 88.942598 36.731493 -27.203165
vn 88.942598 36.731493 -27.203165
vn -47.805450 47.098462 -74.137547
vn -47.805450 47.098462 -74.137547
vn -47.805450 47.098462 -74.137547
vn -71.399371 18.903944 67.414925
vn -71.399371 18.903944 67.414925
vn -71.399371 18.903944 67.414925
vn -82.807523 7.806166 55.515580
vn -82.807523 7.806166 55.515580
vn -82.807523 7.806166 55.515580
vn 90.645611 -6.983193 41.648647
vn 90.645611 -6.983193 41.648647
vn 90.645611 -6.983193 41.648647
vn -57.842929 -8.284967 81.151441
vn -57.842929 -8.284967 81.151441
vn -57.842929 -8.284967 81.151441
vn -38.845587 13.808513 91.106240
vn -38.845587 13.808513 91.106240
vn -38.845587 13.808513 91.106240
vn -32.529256 94.096065 -9.369003
vn -32.529256 94.096065 -9.369003
vn -32.529256 94.096065 -9.369003
vn -17.397505 20.442071 -96.329898
vn -17.397505 20.442071 -96.329898
vn -17.397505 20.442071 -96.329898
vn 97.511578 -8.189211 20.601693
vn 97.511578 -8.189211 20.601693
vn 97.511578 -8.189211 20.601693
vn -16.551014 -6.036219 -98.435914
vn -16.551014 -6.036219 -98.435914
vn -16.551014 -6.036219 -98.435914
vn 67.043630 53.688276 51.212505
vn 67.043630 53.688276 51.212505
vn 67.043630 53.688276 51.212505
vn 98.122821 -18.944613 -3.607586
vn 98.122821 -18.944613 -3.607586
vn 98.122821 -18.944613 -3.607586
vn -53.515713 22.061123 81.543702
vn -53.515713 22.061123 81.543702
vn -53.515713 22.061123 81.543702
vn -16.081125 -98.681378 -1.839754
vn -16.081125 -98.681378 -1.839754
vn -16.081125 -98.681378 -1.839754
vn -56.278147 -61.094732 -55.679480
vn -56.278147 -61.094732 -55.679480
vn -56.278147 -61.094732 -55.679480
vn -80.916406 12.621350 -57.386739
vn -80.916406 12.621350 -57.386739
vn -80.916406 12.621350 -57.386739
vn 98.156425 -8.696385 17.020257
vn 98.156425 -8.696385 17.020257
vn 98.156425 -8.696385 17.020257
vn -26.227361 -10.972500 -95.873514
vn -26.227361 -10.972500 -95.873514
vn -26.227361 -10.972500 -95.873514
vn 97.674162 19.271210 9.401056
vn 97.674162 19.271210 9.401056
vn 97.674162 19.271210 9.401056
vn -91.289134 6.393124 40.316533
vn -91.289134 6.393124 40.316533
vn -91.289134 6.393124 40.316533
vn -99.422976 10.081776 -3.664969
vn -99.422976 10.081776 -3.664969
vn -99.422976 10.081776 -3.664969
vn -93.977026 -27.038642 -20.910083
vn -93.977026 -27.038642 -20.910083
vn -93.977026 -27.038642 -20.910083
vn -44.689927 7.182270 -89.169654
vn -44.689927 7.182270 -89.169654
vn -44.689927 7.182270 -89.169654
vn -28.611777 -62.050500 -73.014398
vn -28.611777 -62.050500 -73.014398
vn -28.611777 -62.050500 -73.014398
vn -73.377551 49.357978 46.685392
vn -73.377551 49.357978 46.685392
vn -73.377551 49.357978 46.685392
vn 96.081383 -23.919515 14.008055
vn 96.081383 -23.919515 14.008055
vn 96.081383 -23.919515 14.008055
vn 30.669706 30.803433 90.058420
vn 30.669706 30.803433 90.058420
vn 30.669706 30.803433 90.058420
vn 15.740855 -50.071762 -85.117835
vn 15.740855 -50.071762 -85.117835
vn 15.740855 -50.071762 -85.117835
vn -88.546228 0.963500 -46.461141
vn -88.546228 0.963500 -46.461141
vn -88.546228 0.963500 -46.461141
vn -93.453032 8.914313 34.453848
vn -93.453032 8.914313 34.453848
vn -93.453032 8.914313 34.453848
vn 21.803244 23.381673 94.751870
vn 21.803244 23.381673 94.751870
vn 21.803244 23.381673 94.751870
vn -75.209337 2.599333 -65.854387
vn -75.209337 2.599333 -65.854387
vn -75.209337 2.599333 -65.854387
vn 67.955260 -31.633500 -66.192193
vn 67.955260 -31.633500 -66.192193
vn 67.955260 -31.633500 -66.192193
vn 74.105059 -50.870573 43.824946
vn 74.105059 -50.870573 43.824946
vn 74.105059 -50.870573 43.824946
vn -60.088952 -20.750108 -77.192955
vn -60.088952 -20.750108 -77.192955
vn -60.088952 -20.750108 -77.192955
vn -24.401179 87.695929 41.400569
vn -24.401179 87.695929 41.400569
vn -24.401179 87.695929 41.400569
vn -88.538550 -9.613809 45.480775
vn -88.538550 -9.613809 45.480775
vn -88.538550 -9.613809 45.480775
vn 61.155995 29.147689 -73.555133
vn 61.155995 29.147689 -73.555133
vn 61.155995 29.147689 -73.555133
vn 3.739757 -99.905223 -2.227253
vn 3.739757 -99.905223 -2.227253
vn 3.739757 -99.905223 -2.227253
vn -71.007656 -25.366981 -65.684311
vn -71.007656 -25.366981 -65.684311
vn -71.007656 -25.366981 -65.684311
vn -4.932603 -39.059347 -91.924083
vn -4.932603 -39.059347 -91.924083
vn -4.932603 -39.059347 -91.924083
vn 37.255635 17.716693 -91.094111
vn 37.255635 17.716693 -91.094111
vn 37.255635 17.716693 -91.094111
vn -94.196698 -2.444121 33.481486
vn -94.196698 -2.444121 33.481486
vn -94.196698 -2.444121 33.481486
vn 73.441489 -57.665223 35.792066
vn 73.441489 -57.665223 35.792066
vn 73.441489 -57.665223 35.792066
vn -27.894888 -38.305893 -88.059841
vn -27.894888 -38.305893 -88.059841
vn -27.894888 -38.305893 -88.059841
vn 48.032995 -17.310549 -85.983588
vn 48.032995 -17.310549 -85.983588
vn 48.032995 -17.310549 -85.983588
vn 86.688256 6.028884 -49.485362
vn 86.688256 6.028884 -49.485362
vn 86.688256 6.028884 -49.485362
vn 83.567299 -45.960943 30.068233
vn 83.567299 -45.960943 30.068233
vn 83.567299 -45.960943 30.068233
vn -72.491569 1.229507 -68.872802
vn -72.491569 1.229507 -68.872802
vn -72.491569 1.229507 -68.872802
vn -48.575857 14.854787 86.137813
vn -48.575857 14.854787 86.137813
vn -48.575857 14.854787 86.137813
vn -90.929371 18.880286 37.086179
vn -90.929371 18.880286 37.086179
vn -90.929371 18.880286 37.086179
vn 55.368737 -74.455988 37.290879
vn 55.368737 -74.455988 37.290879
vn 55.368737 -74.455988 37.290879
vn 35.323361 16.382027 -92.108038
vn 35.323361 16.382027 -92.108038
vn 35.323361 16.382027 -92.108038
vn 43.631182 -53.105376 72.637037
vn 43.631182 -53.105376 72.637037
vn 43.631182 -53.105376 72.637037
vn -3.889739 -6.131738 -99.736012
vn -3.889739 -6.131738 -99.736012
vn -3.889739 -6.131738 -99.736012
vn -76.978404 -55.420187 31.669054
vn -76.978404 -55.420187 31.669054
vn -76.978404 -55.420187 31.669054
vn -80.381521 -23.810960 54.514671
vn -80.381521 -23.810960 54.514671
vn -80.381521 -23.810960 54.514671
vn -1.747169 86.956545 49.350850
vn -1.747169 86.956545 49.350850
vn -1.747169 86.956545 49.350850
vn 89.326022 -4.321397 44.745819
vn 89.326022 -4.321397 44.745819
vn 89.326022 -4.321397 44.745819
vn 66.455170 -17.597848 72.622494
vn 66.455170 -17.597848 72.622494
vn 66.455170 -17.597848 72.622494
vn 37.495059 -44.075857 -81.556362
vn 37.495059 -44.075857 -81.556362
vn 37.495059 -44.075857 -81.556362
vn 17.250559 16.875097 97.044583
vn 17.250559 16.875097 97.044583
vn 17.250559 16.875097 97.044583
vn -87.946426 10.506913 -46.422329
vn -87.946426 10.506913 -46.422329
vn -87.946426 10.506913 -46.422329
vn 97.875247 -4.805426 19.933534
vn 97.875247 -4.805426 19.933534
vn 97.875247 -4.805426 19.933534
vn -5.959069 2.176829 -99.798559
vn -5.959069 2.176829 -99.798559
vn -5.959069 2.176829 -99.798559
vn -85.434857 13.211420 -50.262754
vn -85.434857 13.211420 -50.262754
vn -85.434857 13.211420 -50.262754
vn 98.260419 11.429866 14.637280
vn 98.260419 11.429866 14.637280
vn 98.260419 11.429866 14.637280
vn -29.915732 25.436274 91.967642
vn -29.915732 25.436274 91.967642
vn -29.915732 25.436274 91.967642
vn 80.951360 20.754822 54.919175
vn 80.951360 20.754822 54.919175
vn 80.951360 20.754822 54.919175
vn -16.418184 -2.731632 -98.605186
vn -16.418184 -2.731632 -98.605186
vn -16.418184 -2.731632 -98.605186
vn 97.765732 3.721142 20.688576
vn 97.765732 3.721142 20.688576
vn 97.765732 3.721142 20.688576
vn -93.943565 24.168870 24.299646
vn -93.943565 24.168870 24.299646
vn -93.943565 24.168870 24.299646
vn -2.905414 -77.443746 63.198301
vn -2.905414 -77.443746 63.198301
vn -2.905414 -77.443746 63.198301
vn 78.521099 -1.593480 -61.902325
vn 78.521099 -1.593480 -61.902325
vn 78.521099 -1.593480 -61.902325
vn 38.434193 91.637252 -11.199458
vn 38.434193 91.637252 -11.199458
vn 38.434193 91.637252 -11.199458
vn 97.865708 -19.860978 -5.276885
vn 97.865708 -19.860978 -5.276885
vn 97.865708 -19.860978 -5.276885
vn 82.572799 54.222881 15.543901
vn 82.572799 54.222881 15.543901
vn 82.572799 54.222881 15.543901
vn 67.002535 9.626998 73.606935
vn 67.002535 9.626998 73.606935
vn 67.002535 9.626998 73.606935
vn 32.651755 -35.321871 87.671136
vn 32.651755 -35.321871 87.671136
vn 32.651755 -35.321871 87.671136
vn -31.898410 -23.554951 -91.802268
vn -31.898410 -23.554951 -91.802268
vn -31.898410 -23.554951 -91.802268
vn -95.651561 4.409502 28.832903
vn -95.651561 4.409502 28.832903
vn -95.651561 4.409502 28.832903
vn -28.198955 14.243542 -94.878561
vn -28.198955 14.243542 -94.878561
vn -28.198955 14.243542 -94.878561
vn -57.870965 -61.250008 -53.845975
vn -57.870965 -61.250008 -53.845975
vn -57.870965 -61.250008 -53.845975
vn -97.182942 2.094863 23.475262
vn -97.182942 2.094863 23.475262
vn -97.182942 2.094863 23.475262
vn 82.752580 54.536954 -13.331601
vn 82.752580 54.536954 -13.331601
vn 82.752580 54.536954 -13.331601
vn 48.340198 -13.418251 86.505367
vn 48.340198 -13.418251 86.505367
vn 48.340198 -13.418251 86.505367
vn 49.307433 -17.102299 -85.301169
vn 49.307433 -17.102299 -85.301169
vn 49.307433 -17.102299 -85.301169
vn 72.953437 -40.897406 -54.819705
vn 72.953437 -40.897406 -54.819705
vn 72.953437 -40.897406 -54.819705
vn -37.955561 82.548138 41.775367
vn -37.955561 82.548138 41.775367
vn -37.955561 82.548138 41.775367
vn -46.847496 42.500518 77.453336
vn -46.847496 42.500518 77.453336
vn -46.847496 42.500518 77.453336
vn 61.989737 1.196445 78.459167
vn 61.989737 1.196445 78.459167
vn 61.989737 1.196445 78.459167
vn 69.672134 -63.818440 -32.756698
vn 69.672134 -63.818440 -32.756698
vn 69.672134 -63.818440 -32.756698
vn 90.445938 -22.260660 -36.386763
vn 90.445938 -22.260660 -36.386763
vn 90.445938 -22.260660 -36.386763
vn 89.281327 -16.914054 -41.746382
vn 89.281327 -16.914054 -41.746382
vn 89.281327 -16.914054 -41.746382
vn 82.352645 -5.875522 56.422691
vn 82.352645 -5.875522 56.422691
vn 82.352645 -5.875522 56.422691
vn 58.771451 -16.416995 79.223725
vn 58.771451 -16.416995 79.223725
vn 58.771451 -16.416995 79.223725
vn -42.869222 -3.874658 -90.261938
vn -42.869222 -3.874658 -90.261938
vn -42.869222 -3.874658 -90.261938
vn -0.385496 -76.701913 64.161277
vn -0.385496 -76.701913 64.161277
vn -0.385496 -76.701913 64.161277
vn -79.821066 55.214664 24.081921
vn -79.821066 55.214664 24.081921
vn -79.821066 55.214664 24.081921
vn -40.529416 -71.202506 -57.337330
vn -40.529416 -71.202506 -57.337330
vn -40.529416 -71.202506 -57.337330
vn 94.667696 11.254206 -30.188896
vn 94.667696 11.254206 -30.188896
vn 94.667696 11.254206 -30.188896
vn -95.104919 -30.397178 -5.573779
vn -95.104919 -30.397178 -5.573779
vn -95.104919 -30.397178 -5.573779
vn -68.134958 15.469427 71.542461
vn -68.134958 15.469427 71.542461
vn -68.134958 15.469427 71.542461
vn -70.428486 33.991445 62.325044
vn -70.428486 33.991445 62.325044
vn -70.428486 33.991445 62.325044
vn -27.451678 -87.554190 39.757636
vn -27.451678 -87.554190 39.757636
vn -27.451678 -87.554190 39.757636
vn 75.274965 24.274927 61.191568
vn 75.274965 24.274927 61.191568
vn 75.274965 24.274927 61.191568
vn 62.076723 65.708959 42.764640
vn 62.076723 65.708959 42.764640
vn 62.076723 65.708959 42.764640
vn -95.223783 5.780381 29.983657
vn -95.223783 5.780381 29.983657
vn -95.223783 5.780381 29.983657
vn -41.464356 63.495754 -65.184331
vn -41.464356 63.495754 -65.184331
vn -41.464356 63.495754 -65.184331
vn 74.183332 9.306943 66.409442
vn 74.183332 9.306943 66.409442
vn 74.183332 9.306943 66.409442
vn -88.592248 6.612352 45.909576
vn -88.592248 6.612352 45.909576
vn -88.592248 6.612352 45.909576
vn -57.927552 -69.260562 -42.981087
vn -57.927552 -69.260562 -42.981087
vn -57.927552 -69.260562 -42.981087
vn 62.698879 -56.100946 54.051236
vn 62.698879 -56.100946 54.051236
vn 62.698879 -56.100946 54.051236
vn 62.179808 29.676978 72.477229
vn 62.179808 29.676978 72.477229
vn 62.179808 29.676978 72.477229
vn 91.970252 5.870722 38.820214
vn 91.970252 5.870722 38.820214
vn 91.970252 5.870722 38.820214
vn 32.532903 18.245273 -92.783193
vn 32.532903 18.245273 -92.783193
vn 32.532903 18.245273 -92.783193
vn 95.478855 14.770703 25.799520
vn 95.478855 14.770703 25.799520
vn 95.478855 14.770703 25.799520
vn 1.815407 -10.501119 99.430542
vn 1.815407 -10.501119 99.430542
vn 1.815407 -10.501119 99.430542
vn -70.843745 -17.245475 68.437981
vn -70.843745 -17.245475 68.437981
vn -70.843745 -17.245475 68.437981
vn 37.680611 22.492741 89.856833
vn 37.680611 22.492741 89.856833
vn 37.680611 22.492741 89.856833
vn -82.015528 -57.090007 -3.766387
vn -82.015528 -57.090007 -3.766387
vn -82.015528 -57.090007 -3.766387
vn -74.988226 24.348409 61.513590
vn -74.988226 24.348409 61.513590
vn -74.988226 24.348409 61.513590
vn -7.332108 35.008615 -93.384353
vn -7.332108 35.008615 -93.384353
vn -7.332108 35.008615 -93.384353
vn 29.422880 37.185034 88.042992
vn 29.422880 37.185034 88.042992
vn 29.422880 37.185034 88.042992
vn 68.967217 45.102913 56.650247
vn 68.967217 45.102913 56.650247
vn 68.967217 45.102913 56.650247
vn 98.466397 15.909583 -7.159181
vn 98.466397 15.909583 -7.159181
vn 98.466397 15.909583 -7.159181
vn -92.477132 35.938933 12.504972
vn -92.477132 35.938933 12.504972
vn -92.477132 35.938933 12.504972
vn -12.241743 49.757129 85.874144
vn -12.241743 49.757129 85.874144
vn -12.241743 49.757129 85.874144
vn 28.453197 -2.891477 95.823046
vn 28.453197 -2.891477 95.823046
vn 28.453197 -2.891477 95.823046
vn -10.148185 2.946831 -99.440087
vn -10.148185 2.946831 -99.440087
vn -10.148185 2.946831 -99.440087
vn 81.762247 -57.572325 -0.601794
vn 81.762247 -57.572325 -0.601794
vn 81.762247 -57.572325 -0.601794
vn -43.607604 20.462562 87.633675
vn -43.607604 20.462562 87.633675
vn -43.607604 20.462562 87.633675
vn 75.848997 -45.240739 -46.906352
vn 75.848997 -45.240739 -46.906352
vn 75.848997 -45.240739 -46.906352
vn 84.873644 -17.708304 49.828521
vn 84.873644 -17.708304 49.828521
vn 84.873644 -17.708304 49.828521
vn 71.396691 -8.866765 -69.454261
vn 71.396691 -8.866765 -69.454261
vn 71.396691 -8.866765 -69.454261
vn 74.447411 -17.709415 64.373607
vn 74.447411 -17.709415 64.373607
vn 74.447411 -17.709415 64.373607
vn 52.948225 -7.091809 84.535152
vn 52.948225 -7.091809 84.535152
vn 52.948225 -7.091809 84.535152
vn 89.240753 -21.674002 39.576857
vn 89.240753 -21.674002 39.576857
vn 89.240753 -21.674002 39.576857
vn -40.781319 47.213460 78.152244
vn -40.781319 47.213460 78.152244
vn -40.781319 47.213460 78.152244
vn -96.486608 16.093717 -20.768413
vn -96.486608 16.093717 -20.768413
vn -96.486608 16.093717 -20.768413
vn -38.704186 -69.183108 60.956416
vn -38.704186 -69.183108 60.956416
vn -38.704186 -69.183108 60.956416
vn 97.240986 20.720343 10.717202
vn 97.240986 20.720343 10.717202
vn 97.240986 20.720343 10.717202
vn -99.334514 -7.826826 -8.449697
vn -99.334514 -7.826826 -8.449697
vn -99.334514 -7.826826 -8.449697
vn -58.082525 -52.781988 -61.971625
vn -58.082525 -52.781988 -61.971625
vn -58.082525 -52.781988 -61.971625
vn 12.219104 47.223815 87.296073
vn 12.219104 47.223815 87.296073
vn 12.219104 47.223815 87.296073
vn 91.030912 16.943855 -37.766103
vn 91.030912 16.943855 -37.766103
vn 91.030912 16.943855 -37.766103
vn -95.656701 4.416627 28.814737
vn -95.656701 4.416627 28.814737
vn -95.656701 4.416627 28.814737
vn 70.934003 -38.626932 58.960390
vn 70.934003 -38.626932 58.960390
vn 70.934003 -38.626932 58.960390
vn -75.409903 21.468062 -62.068266
vn -75.409903 21.468062 -62.068266
vn -75.409903 21.468062 -62.068266
vn 20.775974 -63.068894 74.770813
vn 20.775974 -63.068894 74.770813
vn 20.775974 -63.068894 74.770813
vn 70.757193 -53.268140 46.431944
vn 70.757193 -53.268140 46.431944
vn 70.757193 -53.268140 46.431944
vn 64.342209 9.725232 75.930903
vn 64.342209 9.725232 75.930903
vn 64.342209 9.725232 75.930903
vn -90.801004 14.264411 39.391677
vn -90.801004 14.264411 39.391677
vn -90.801004 14.264411 39.391677
vn 61.895024 6.919747 -78.237608
vn 61.895024 6.919747 -78.237608
vn 61.895024 6.919747 -78.237608
vn 19.487945 -63.653961 -74.621674
vn 19.487945 -63.653961 -74.621674
vn 19.487945 -63.653961 -74.621674
vn 30.511109 -71.190295 -63.253571
vn 30.511109 -71.190295 -63.253571
vn 30.511109 -71.190295 -63.253571
vn -1.056996 -51.469133 -85.731047
vn -1.056996 -51.469133 -85.731047
vn -1.056996 -51.469133 -85.731047
vn 58.274912 -55.872737 59.010781
vn 58.274912 -55.872737 59.010781
vn 58.274912 -55.872737 59.010781
vn -97.780630 -15.067572 14.557393
vn -97.780630 -15.067572 14.557393
vn -97.780630 -15.067572 14.557393
vn -43.604748 -2.441707 -89.959240
vn -43.604748 -2.441707 -89.959240
vn -43.604748 -2.441707 -89.959240
vn -12.486055 0.951064 99.212871
vn -12.486055 0.951064 99.212871
vn -12.486055 0.951064 99.212871
vn 43.933108 -47.480441 -76.259370
vn 43.933108 -47.480441 -76.259370
vn 43.933108 -47.480441 -76.259370
vn 18.885938 34.775253 -91.836833
vn 18.885938 34.775253 -91.836833
vn 18.885938 34.775253 -91.836833
vn 1.497144 32.342351 94.613587
vn 1.497144 32.342351 94.613587
vn 1.497144 32.342351 94.613587
vn -49.859106 -74.620540 -44.111731
vn -49.859106 -74.620540 -44.111731
vn -49.859106 -74.620540 -44.111731
vn -41.514994 83.354863 36.448219
vn -41.514994 83.354863 36.448219
vn -41.514994 83.354863 36.448219
vn 21.735524 -90.627315 -36.252703
vn 21.735524 -90.627315 -36.252703
vn 21.735524 -90.627315 -36.252703
vn -27.743968 -93.072236 -23.829234
vn -27.743968 -93.072236 -23.829234
vn -27.743968 -93.072236 -23.829234
vn -16.702570 27.912528 94.561698
vn -16.702570 27.912528 94.561698
vn -16.702570 27.912528 94.561698
vn 28.332562 23.389354 93.006473
vn 28.332562 23.389354 93.006473
vn 28.332562 23.389354 93.006473
vn -19.315944 14.971885 96.967712
vn -19.315944 14.971885 96.967712
vn -19.315944 14.971885 96.967712
vn 17.643283 3.210451 98.378899
vn 17.643283 3.210451 98.378899
vn 17.643283 3.210451 98.378899
vn 30.225805 -24.804656 92.038740
vn 30.225805 -24.804656 92.038740
vn 30.225805 -24.804656 92.038740
vn 15.964003 -26.549135 -95.080465
vn 15.964003 -26.549135 -95.080465
vn 15.964003 -26.549135 -95.080465
vn -45.600210 25.010840 85.411230
vn -45.600210 25.010840 85.411230
vn -45.600210 25.010840 85.411230
vn 56.484046 74.076069 36.363285
vn 56.484046 74.076069 36.363285
vn 56.484046 74.076069 36.363285
vn 34.000413 79.155756 50.777336
vn 34.000413 79.155756 50.777336
vn 34.000413 79.155756 50.777336
vn 29.338255 25.916865 92.019475
vn 29.338255 25.916865 92.019475
vn 29.338255 25.916865 92.019475
vn -32.602526 79.627960 -50.955513
vn -32.602526 79.627960 -50.955513
vn -32.602526 79.627960 -50.955513
vn -72.887732 11.170512 67.547014
vn -72.887732 11.170512 67.547014
vn -72.887732 11.170512 67.547014
vn 6.519191 -98.526543 15.812054
vn 6.519191 -98.526543 15.812054
vn 6.519191 -98.526543 15.812054
vn 12.019514 -84.237496 52.531655
vn 12.019514 -84.237496 52.531655
vn 12.019514 -84.237496 52.531655
vn 74.436951 62.363177 23.874149
vn 74.436951 62.363177 23.874149
vn 74.436951 62.363177 23.874149
vn 19.965133 -2.926720 97.942981
vn 19.965133 -2.926720 97.942981
vn 19.965133 -2.926720 97.942981
vn -64.062155 35.850166 -67.902924
vn -64.062155 35.850166 -67.902924
vn -64.062155 35.850166 -67.902924
vn -19.844943 86.561402 45.970676
vn -19.844943 86.561402 45.970676
vn -19.844943 86.561402 45.970676
vn 68.871458 72.488896 -1.442757
vn 68.871458 72.488896 -1.442757
vn 68.871458 72.488896 -1.442757
vn 99.295942 -9.185718 7.479305
vn 99.295942 -9.185718 7.479305
vn 99.295942 -9.185718 7.479305
vn -96.996305 -18.252692 16.079747
vn -96.996305 -18.252692 16.079747
vn -96.996305 -18.252692 16.079747
vn -72.123392 5.027806 -69.086450
vn -72.123392 5.027806 -69.086450
vn -72.123392 5.027806 -69.086450
vn -44.547687 88.861544 10.914665
vn -44.547687 88.861544 10.914665
vn -44.547687 88.861544 10.914665
vn 54.074862 -34.957976 -76.510453
vn 54.074862 -34.957976 -76.510453
vn 54.074862 -34.957976 -76.510453
vn 19.493045 -30.135852 93.337299
vn 19.493045 -30.135852 93.337299
vn 19.493045 -30.135852 93.337299
vn -12.420873 -42.553797 89.637586
vn -12.420873 -42.553797 89.637586
vn -12.420873 -42.553797 89.637586
vn -57.263384 -69.610078 -43.305219
vn -57.263384 -69.610078 -43.305219
vn -57.263384 -69.610078 -43.305219
vn 37.934950 86.296366 -33.374791
vn 37.934950 86.296366 -33.374791
vn 37.934950 86.296366 -33.374791
vn 93.983131 10.509603 32.507235
vn 93.983131 10.509603 32.507235
vn 93.983131 10.509603 32.507235
vn -60.024553 1.977314 79.957146
vn -60.024553 1.977314 79.957146
vn -60.024553 1.977314 79.957146
vn -23.879703 -73.573490 -63.377451
vn -23.879703 -73.573490 -63.377451
vn -23.879703 -73.573490 -63.377451
vn -7.479730 21.210506 -97.438026
vn -7.479730 21.210506 -97.438026
vn -7.479730 21.210506 -97.438026
vn -90.322518 5.366620 42.579842
vn -90.322518 5.366620 42.579842
vn -90.322518 5.366620 42.579842
vn -33.087660 -21.940680 -91.781338
vn -33.087660 -21.940680 -91.781338
vn -33.087660 -21.940680 -91.781338
vn -83.317989 -46.153513 30.462538
vn -83.317989 -46.153513 30.462538
vn -83.317989 -46.153513 30.462538
vn -31.398560 11.552083 94.237362
vn -31.398560 11.552083 94.237362
vn -31.398560 11.552083 94.237362
vn 23.643473 11.688938 -96.459085
vn 23.643473 11.688938 -96.459085
vn 23.643473 11.688938 -96.459085
vn -60.173528 25.383706 75.728558
vn -60.173528 25.383706 75.728558
vn -60.173528 25.383706 75.728558
vn 99.090891 -9.802893 9.214181
vn 99.090891 -9.802893 9.214181
vn 99.090891 -9.802893 9.214181
vn 98.258521 15.607481 -10.083163
vn 98.258521 15.607481 -10.083163
vn 98.258521 15.607481 -10.083163
vn -21.978265 80.303351 -55.392501
vn -21.978265 80.303351 -55.392501
vn -21.978265 80.303351 -55.392501
vn -0.435924 -31.791093 94.811065
vn -0.435924 -31.791093 94.811065
vn -0.435924 -31.791093 94.811065
vn 53.953624 60.672852 -58.376483
vn 53.953624 60.672852 -58.376483
vn 53.953624 60.672852 -58.376483
vn -98.886116 -8.451911 -12.251613
vn -98.886116 -8.451911 -12.251613
vn -98.886116 -8.451911 -12.251613
vn 75.221710 12.638142 64.668166
vn 75.221710 12.638142 64.668166
vn 75.221710 12.638142 64.668166
vn 33.504194 34.477383 87.685683
vn 33.504194 34.477383 87.685683
vn 33.504194 34.477383 87.685683
vn -21.583538 32.060162 92.229593
vn -21.583538 32.060162 92.229593
vn -21.583538 32.060162 92.229593
vn 78.446097 -61.979528 -2.179268
vn 78.446097 -61.979528 -2.179268
vn 78.446097 -61.979528 -2.179268
vn 99.032166 2.509534 -13.650403
vn 99.032166 2.509534 -13.650403
vn 99.032166 2.509534 -13.650403
vn -36.304859 -72.444327 -58.598448
vn -36.304859 -72.444327 -58.598448
vn -36.304859 -72.444327 -58.598448
vn -21.723576 -95.730293 -19.073457
vn -21.723576 -95.730293 -19.073457
vn -21.723576 -95.730293 -19.073457
vn -21.508819 86.912339 -44.537831
vn -21.508819 86.912339 -44.537831
vn -21.508819 86.912339 -44.537831
vn -32.944642 -0.833821 -94.413752
vn -32.944642 -0.833821 -94.413752
vn -32.944642 -0.833821 -94.413752
vn 96.237473 -22.812806 -14.762269
vn 96.237473 -22.812806 -14.762269
vn 96.237473 -22.812806 -14.762269
vn 35.136983 -39.497227 84.884407
vn 35.136983 -39.497227 84.884407
vn 35.136983 -39.497227 84.884407
vn 78.465772 -10.938733 -61.020219
vn 78.465772 -10.938733 -61.020219
vn 78.465772 -10.938733 -61.020219
vn -45.977668 -69.092007 -55.788439
vn -45.977668 -69.092007 -55.788439
vn -45.977668 -69.092007 -55.788439
vn -54.259111 8.643141 83.553854
vn -54.259111 8.643141 83.553854
vn -54.259111 8.643141 83.553854
vn -54.106147 44.858207 -71.135540
vn -54.106147 44.858207 -71.135540
vn -54.106147 44.858207 -71.135540
vn 14.175678 -88.447832 44.452583
vn 14.175678 -88.447832 44.452583
vn 14.175678 -88.447832 44.452583
vn -38.554752 -77.346727 50.309211
vn -38.554752 -77.346727 50.309211
vn -38.554752 -77.346727 50.309211
vn -86.879917 -9.700347 -48.557022
vn -86.879917 -9.700347 -48.557022
vn -86.879917 -9.700347 -48.557022
vn 30.887591 10.268054 -94.554349
vn 30.887591 10.268054 -94.554349
vn 30.887591 10.268054 -94.554349
vn 7.016756 25.492174 96.441253
vn 7.016756 25.492174 96.441253
vn 7.016756 25.492174 96.441253
vn -94.909550 22.048397 22.495450
vn -94.909550 22.048397 22.495450
vn -94.909550 22.048397 22.495450
vn 65.829965 -26.257197 -70.547679
vn 65.829965 -26.257197 -70.547679
vn 65.829965 -26.257197 -70.547679
vn 3.829175 9.352752 99.488016
vn 3.829175 9.352752 99.488016
vn 3.829175 9.352752 99.488016
vn 92.583837 29.284023 23.888930
vn 92.583837 29.284023 23.888930
vn 92.583837 29.284023 23.888930
vn -56.168207 -11.193380 -81.974633
vn -56.168207 -11.193380 -81.974633
vn -56.168207 -11.193380 -81.974633
vn 81.333984 -28.968978 50.453762
vn 81.333984 -28.968978 50.453762
vn 81.333984 -28.968978 50.453762
vn 98.577504 -13.868598 -9.494102
vn 98.577504 -13.868598 -9.494102
vn 98.577504 -13.868598 -9.494102
vn 28.052488 -0.192793 -95.984482
vn 28.052488 -0.192793 -95.984482
vn 28.052488 -0.192793 -95.984482
vn 99.862719 2.005069 4.839132
vn 99.862719 2.005069 4.839132
vn 99.862719 2.005069 4.839132
vn -96.194557 19.619866 -19.017564
vn -96.194557 19.619866 -19.017564
vn -96.194557 19.619866 -19.017564
vn 99.700899 7.406086 2.209408
vn 99.700899 7.406086 2.209408
vn 99.700899 7.406086 2.209408
vn -93.508573 1.862896 35.393189
vn -93.508573 1.862896 35.393189
vn -93.508573 1.862896 35.393189
vn -75.355136 -0.837823 -65.733577
vn -75.355136 -0.837823 -65.733577
vn -75.355136 -0.837823 -65.733577
vn -12.618778 -2.231537 -99.175543
vn -12.618778 -2.231537 -99.175543
vn -12.618778 -2.231537 -99.175543
vn -72.089976 55.453107 41.569079
vn -72.089976 55.453107 41.569079
vn -72.089976 55.453107 41.569079
vn -69.100536 -10.799520 -71.473670
vn -69.100536 -10.799520 -71.473670
vn -69.100536 -10.799520 -71.473670
vn -78.877259 42.978040 43.946182
vn -78.877259 42.978040 43.946182
vn -78.877259 42.978040 43.946182
vn 78.149521 -29.894739 54.762731
vn 78.149521 -29.894739 54.762731
vn 78.149521 -29.894739 54.762731
vn -88.421580 46.694951 1.098223
vn -88.421580 46.694951 1.098223
vn -88.421580 46.694951 1.098223
vn 21.033555 36.168146 90.826514
vn 21.033555 36.168146 90.826514
vn 21.033555 36.168146 90.826514
vn 79.435301 8.994357 -60.076077
vn 79.435301 8.994357 -60.076077
vn 79.435301 8.994357 -60.076077
vn -18.350471 38.615839 90.399551
vn -18.350471 38.615839 90.399551
vn -18.350471 38.615839 90.399551
vn -33.412035 -12.351210 -93.440267
vn -33.412035 -12.351210 -93.440267
vn -33.412035 -12.351210 -93.440267
vn -70.522898 -14.380461 -69.424241
vn -70.522898 -14.380461 -69.424241
vn -70.522898 -14.380461 -69.424241
vn -8.462065 73.409925 -67.374898
vn -8.462065 73.409925 -67.374898
vn -8.462065 73.409925 -67.374898
vn -13.934922 -95.705957 -25.420230
vn -13.934922 -95.705957 -25.420230
vn -13.934922 -95.705957 -25.420230
vn 92.324400 -3.460029 38.265307
vn 92.324400 -3.460029 38.265307
vn 92.324400 -3.460029 38.265307
vn 53.028127 -30.613379 -79.062255
vn 53.028127 -30.613379 -79.062255
vn 53.028127 -30.613379 -79.062255
vn 41.123375 -18.130345 89.331738
vn 41.123375 -18.130345 89.331738
vn 41.123375 -18.130345 89.331738
vn -71.583907 8.052312 -69.360686
vn -71.583907 8.052312 -69.360686
vn -71.583907 8.052312 -69.360686
vn 29.573664 10.435663 94.955227
vn 29.573664 10.435663 94.955227
vn 29.573664 10.435663 94.955227
vn 4.772885 21.923128 97.450480
vn 4.772885 21.923128 97.450480
vn 4.772885 21.923128 97.450480
vn -44.728777 -9.488762 -88.934256
vn -44.728777 -9.488762 -88.934256
vn -44.728777 -9.488762 -88.934256
vn 82.116383 -54.944494 -15.427319
vn 82.116383 -54.944494 -15.427319
vn 82.116383 -54.944494 -15.427319
vn 17.305821 6.835554 -98.253678
vn 17.305821 6.835554 -98.253678
vn 17.305821 6.835554 -98.253678
vn -96.184209 26.303025 -7.533175
vn -96.184209 26.303025 -7.533175
vn -96.184209 26.303025 -7.533175
vn -4.891449 55.383578 -83.118790
vn -4.891449 55.383578 -83.118790
vn -4.891449 55.383578 -83.118790
vn -10.529349 50.996754 -85.372506
vn -10.529349 50.996754 -85.372506
vn -10.529349 50.996754 -85.372506
vn -49.857505 0.081942 86.684619
vn -49.857505 0.081942 86.684619
vn -49.857505 0.081942 86.684619
vn -71.321682 11.544703 -69.137091
vn -71.321682 11.544703 -69.137091
vn -71.321682 11.544703 -69.137091
vn 56.884345 -48.833308 -66.177639
vn 56.884345 -48.833308 -66.177639
vn 56.884345 -48.833308 -66.177639
vn 49.910368 -42.906211 75.286205
vn 49.910368 -42.906211 75.286205
vn 49.910368 -42.906211 75.286205
vn -19.835830 94.996638 24.128387
vn -19.835830 94.996638 24.128387
vn -19.835830 94.996638 24.128387
vn 4.999492 48.158157 87.497413
vn 4.999492 48.158157 87.497413
vn 4.999492 48.158157 87.497413
vn 96.186262 22.075488 16.151654
vn 96.186262 22.075488 16.151654
vn 96.186262 22.075488 16.151654
vn 93.741808 -2.975803 34.693203
vn 93.741808 -2.975803 34.693203
vn 93.741808 -2.975803 34.693203
vn 7.231950 -87.947754 47.041373
vn 7.231950 -87.947754 47.041373
vn 7.231950 -87.947754 47.041373
vn -98.528342 8.882363 14.603785
vn -98.528342 8.882363 14.603785
vn -98.528342 8.882363 14.603785
vn -27.129530 28.914125 91.803938
vn -27.129530 28.914125 91.803938
vn -27.129530 28.914125 91.803938
vn 39.367784 4.380743 -91.820404
vn 39.367784 4.380743 -91.820404
vn 39.367784 4.380743 -91.820404
vn -0.107306 7.568280 -99.713137
vn -0.107306 7.568280 -99.713137
vn -0.107306 7.568280 -99.713137
vn -84.160526 0.454826 -54.007394
vn -84.160526 0.454826 -54.007394
vn -84.160526 0.454826 -54.007394
vn -51.152378 82.566220 -23.796093
vn -51.152378 82.566220 -23.796093
vn -51.152378 82.566220 -23.796093
vn 17.202384 -33.058131 92.796754
vn 17.202384 -33.058131 92.796754
vn 17.202384 -33.058131 92.796754
vn -89.096592 5.545393 45.067132
vn -89.096592 5.545393 45.067132
vn -89.096592 5.545393 45.067132
vn -93.904625 23.276418 25.300794
vn -93.904625 23.276418 25.300794
vn -93.904625 23.276418 25.300794
vn -25.964183 -91.862236 29.785785
vn -25.964183 -91.862236 29.785785
vn -25.964183 -91.862236 29.785785
vn -5.371070 -99.842447 -1.624521
vn -5.371070 -99.842447 -1.624521
vn -5.371070 -99.842447 -1.624521
vn 88.301664 -21.303283 -41.820902
vn 88.301664 -21.303283 -41.820902
vn 88.301664 -21.303283 -41.820902
vn 98.790864 0.786790 -15.483771
vn 98.790864 0.786790 -15.483771
vn 98.790864 0.786790 -15.483771
vn 25.923476 -22.736692 93.867014
vn 25.923476 -22.736692 93.867014
vn 25.923476 -22.736692 93.867014
vn 43.824638 9.523923 89.379516
vn 43.824638 9.523923 89.379516
vn 43.824638 9.523923 89.379516
vn -59.390931 0.031543 80.453201
vn -59.390931 0.031543 80.453201
vn -59.390931 0.031543 80.453201
vn 65.604613 16.078941 73.739429
vn 65.604613 16.078941 73.739429
vn 65.604613 16.078941 73.739429
vn -22.193812 -88.780959 -40.315949
vn -22.193812 -88.780959 -40.315949
vn -22.193812 -88.780959 -40.315949
vn 70.511081 -47.246220 52.877047
vn 70.511081 -47.246220 52.877047
vn 70.511081 -47.246220 52.877047
vn 84.952050 32.640695 -41.445573
vn 84.952050 32.640695 -41.445573
vn 84.952050 32.640695 -41.445573
vn 31.621344 -3.412713 -94.807402
vn 31.621344 -3.412713 -94.807402
vn 31.621344 -3.412713 -94.807402
vn 70.754876 -70.487173 -5.030547
vn 70.754876 -70.487173 -5.030547
vn 70.754876 -70.487173 -5.030547
vn -95.082651 7.183498 30.127837
vn -95.082651 7.183498 30.127837
vn -95.082651 7.183498 30.127837
vn 83.650909 -44.981307 -31.292306
vn 83.650909 -44.981307 -31.292306
vn 83.650909 -44.981307 -31.292306
vn -17.508121 -1.831412 98.438361
vn -17.508121 -1.831412 98.438361
vn -17.508121 -1.831412 98.438361
vn -8.934813 -24.105241 96.639066
vn -8.934813 -24.105241 96.639066
vn -8.934813 -24.105241 96.639066
vn -23.748763 92.610516 29.313611
vn -23.748763 92.610516 29.313611
vn -23.748763 92.610516 29.313611
vn 1.814702 12.138837 -99.243930
vn 1.814702 12.138837 -99.243930
vn 1.814702 12.138837 -99.243930
vn 9.598875 -88.033434 -46.454045
vn 9.598875 -88.033434 -46.454045
vn 9.598875 -88.033434 -46.454045
vn -37.899844 -7.366315 -92.246080
vn -37.899844 -7.366315 -92.246080
vn -37.899844 -7.366315 -92.246080
vn 30.540597 7.208546 -94.948987
vn 30.540597 7.208546 -94.948987
vn 30.540597 7.208546 -94.948987
vn -28.574890 -56.126072 77.674581
vn -28.574890 -56.126072 77.674581
vn -28.574890 -56.126072 77.674581
vn -77.568426 7.865199 -62.620125
vn -77.568426 7.865199 -62.620125
vn -77.568426 7.865199 -62.620125
vn -38.644833 -43.532418 -81.311172
vn -38.644833 -43.532418 -81.311172
vn -38.644833 -43.532418 -81.311172
vn 72.221666 -47.353501 -50.415061
vn 72.221666 -47.353501 -50.415061
vn 72.221666 -47.353501 -50.415061
vn -42.369428 60.942057 67.014169
vn -42.369428 60.942057 67.014169
vn -42.369428 60.942057 67.014169
vn 90.258931 10.740289 -41.689002
vn 90.258931 10.740289 -41.689002
vn 90.258931 10.740289 -41.689002
vn 23.394932 46.911382 85.158680
vn 23.394932 46.911382 85.158680
vn 23.394932 46.911382 85.158680
vn 94.768641 -6.972972 -31.149369
vn 94.768641 -6.972972 -31.149369
vn 94.768641 -6.972972 -31.149369
vn 71.756594 16.894464 67.569001
vn 71.756594 16.894464 67.569001
vn 71.756594 16.894464 67.569001
vn 77.348117 -7.288639 -62.961457
vn 77.348117 -7.288639 -62.961457
vn 77.348117 -7.288639 -62.961457
vn 4.570305 70.541808 -70.731649
vn 4.570305 70.541808 -70.731649
vn 4.570305 70.541808 -70.731649
vn -2.947782 -38.298895 92.328249
vn -2.947782 -38.298895 92.328249
vn -2.947782 -38.298895 92.328249
vn -7.567823 30.656993 -94.883494
vn -7.567823 30.656993 -94.883494
vn -7.567823 30.656993 -94.883494
vn -28.028515 10.827908 -95.379032
vn -28.028515 10.827908 -95.379032
vn -28.028515 10.827908 -95.379032
vn 89.468924 9.900575 43.557893
vn 89.468924 9.900575 43.557893
vn 89.468924 9.900575 43.557893
vn 0.221583 88.482122 -46.592565
vn 0.221583 88.482122 -46.592565
vn 0.221583 88.482122 -46.592565
vn 6.374188 1.442160 -99.786228
vn 6.374188 1.442160 -99.786228
vn 6.374188 1.442160 -99.786228
vn 3.623731 12.142292 99.193920
vn 3.623731 12.142292 99.193920
vn 3.623731 12.142292 99.193920
vn 99.480866 -9.880745 2.434817
vn 99.480866 -9.880745 2.434817
vn 99.480866 -9.880745 2.434817
vn 26.422416 8.720165 96.051107
vn 26.422416 8.720165 96.051107
vn 26.422416 8.720165 96.051107
vn -12.553241 -7.284176 -98.941182
vn -12.553241 -7.284176 -98.941182
vn -12.553241 -7.284176 -98.941182
vn -50.413996 -51.922306 69.010896
vn -50.413996 -51.922306 69.010896
vn -50.413996 -51.922306 69.010896
vn 7.285926 6.322291 99.533636
vn 7.285926 6.322291 99.533636
vn 7.285926 6.322291 99.533636
vn -73.919658 6.833020 67.001454
vn -73.919658 6.833020 67.001454
vn -73.919658 6.833020 67.001454
vn -86.068388 44.140995 -25.373326
vn -86.068388 44.140995 -25.373326
vn -86.068388 44.140995 -25.373326
vn -18.074254 -1.755334 98.337385
vn -18.074254 -1.755334 98.337385
vn -18.074254 -1.755334 98.337385
vn 71.126224 11.725319 -69.307841
vn 71.126224 11.725319 -69.307841
vn 71.126224 11.725319 -69.307841
vn -87.138819 43.719145 22.259027
vn -87.138819 43.719145 22.259027
vn -87.138819 43.719145 22.259027
vn -19.586566 51.773868 83.281648
vn -19.586566 51.773868 83.281648
vn -19.586566 51.773868 83.281648
vn 27.740210 15.438294 94.826899
vn 27.740210 15.438294 94.826899
vn 27.740210 15.438294 94.826899
vn 86.979959 5.110592 -49.075139
vn 86.979959 5.110592 -49.075139
vn 86.979959 5.110592 -49.075139
vn -63.516403 11.367153 76.396688
vn -63.516403 11.367153 76.396688
vn -63.516403 11.367153 76.396688
vn 88.526991 -18.973191 42.461650
vn 88.526991 -18.973191 42.461650
vn 88.526991 -18.973191 42.461650
vn -59.136376 -79.872839 11.100446
vn -59.136376 -79.872839 11.100446
vn -59.136376 -79.872839 11.100446
vn -76.044474 -13.468023 63.528343
vn -76.044474 -13.468023 63.528343
vn -76.044474 -13.468023 63.528343
vn 12.625158 47.785938 86.931638
vn 12.625158 47.785938 86.931638
vn 12.625158 47.785938 86.931638
vn -65.167174 35.860024 66.837849
vn -65.167174 35.860024 66.837849
vn -65.167174 35.860024 66.837849
vn -54.266179 38.918690 74.434667
vn -54.266179 38.918690 74.434667
vn -54.266179 38.918690 74.434667
vn -22.842642 -11.999030 -96.613861
vn -22.842642 -11.999030 -96.613861
vn -22.842642 -11.999030 -96.613861
vn 80.387441 -36.578989 46.902430
vn 80.387441 -36.578989 46.902430
vn 80.387441 -36.578989 46.902430
vn -11.725019 -83.141486 54.314064
vn -11.725019 -83.141486 54.314064
vn -11.725019 -83.141486 54.314064
vn 21.035793 -95.001651 -23.069066
vn 21.035793 -95.001651 -23.069066
vn 21.035793 -95.001651 -23.069066
vn 3.755949 -80.251809 -59.544431
vn 3.755949 -80.251809 -59.544431
vn 3.755949 -80.251809 -59.544431
vn 52.237727 -29.298995 -80.079890
vn 52.237727 -29.298995 -80.079890
vn 52.237727 -29.298995 -80.079890
vn -90.880760 -38.086014 -17.033628
vn -90.880760 -38.086014 -17.033628
vn -90.880760 -38.086014 -17.033628
vn -79.098864 15.691788 59.136606
vn -79.098864 15.691788 59.136606
vn -79.098864 15.691788 59.136606
vn 78.828007 47.659528 -38.919351
vn 78.828007 47.659528 -38.919351
vn 78.828007 47.659528 -38.919351
vn -29.886042 -5.278910 -95.283565
vn -29.886042 -5.278910 -95.283565
vn -29.886042 -5.278910 -95.283565
vn -68.480430 -9.768989 72.214941
vn -68.480430 -9.768989 72.214941
vn -68.480430 -9.768989 72.214941
vn -56.738589 -64.492739 -51.199799
vn -56.738589 -64.492739 -51.199799
vn -56.738589 -64.492739 -51.199799
vn 15.725861 19.300749 96.851333
vn 15.725861 19.300749 96.851333
vn 15.725861 19.300749 96.851333
vn 60.835814 44.662501 65.606898
vn 60.835814 44.662501 65.606898
vn 60.835814 44.662501 65.606898
vn 57.892512 45.019843 67.982884
vn 57.892512 45.019843 67.982884
vn 57.892512 45.019843 67.982884
vn -93.033754 3.582358 -36.495054
vn -93.033754 3.582358 -36.495054
vn -93.033754 3.582358 -36.495054
vn 97.745944 -17.203970 12.237478
vn 97.745944 -17.203970 12.237478
vn 97.745944 -17.203970 12.237478
vn 95.025990 -25.464570 -17.933690
vn 95.025990 -25.464570 -17.933690
vn 95.025990 -25.464570 -17.933690
vn 19.977796 -97.331941 11.286329
vn 19.977796 -97.331941 11.286329
vn 19.977796 -97.331941 11.286329
vn 92.499068 22.618021 -30.534382
vn 92.499068 22.618021 -30.534382
vn 92.499068 22.618021 -30.534382
vn -45.275599 47.358326 -75.546750
vn -45.275599 47.358326 -75.546750
vn -45.275599 47.358326 -75.546750
vn 77.253145 -60.777141 18.387267
vn 77.253145 -60.777141 18.387267
vn 77.253145 -60.777141 18.387267
vn 85.321781 10.101622 -51.167882
vn 85.321781 10.101622 -51.167882
vn 85.321781 10.101622 -51.167882
vn 94.250288 -29.612429 15.491594
vn 94.250288 -29.612429 15.491594
vn 94.250288 -29.612429 15.491594
vn -42.432252 -6.776918 90.297171
vn -42.432252 -6.776918 90.297171
vn -42.432252 -6.776918 90.297171
vn -21.277727 -97.428989 7.406141
vn -21.277727 -97.428989 7.406141
vn -21.277727 -97.428989 7.406141
vn -90.560030 -39.204446 16.183093
vn -90.560030 -39.204446 16.183093
vn -90.560030 -39.204446 16.183093
vn 41.814707 -23.416091 87.767975
vn 41.814707 -23.416091 87.767975
vn 41.814707 -23.416091 87.767975
vn 71.148309 29.581864 63.740360
vn 71.148309 29.581864 63.740360
vn 71.148309 29.581864 63.740360
vn 14.894066 -17.082093 97.397996
vn 14.894066 -17.082093 97.397996
vn 14.894066 -17.082093 97.397996
vn -68.195343 -62.857035 37.395049
vn -68.195343 -62.857035 37.395049
vn -68.195343 -62.857035 37.395049
vn -43.007722 -64.063367 63.609921
vn -43.007722 -64.063367 63.609921
vn -43.007722 -64.063367 63.609921
vn -25.806830 -75.902912 59.772537
vn -25.806830 -75.902912 59.772537
vn -25.806830 -75.902912 59.772537
vn -54.043195 -33.614706 77.132258
vn -54.043195 -33.614706 77.132258
vn -54.043195 -33.614706 77.132258
vn 52.190341 1.793431 85.281607
vn 52.190341 1.793431 85.281607
vn 52.190341 1.793431 85.281607
vn 97.667316 -21.323288 2.532349
vn 97.667316 -21.323288 2.532349
vn 97.667316 -21.323288 2.532349
vn -5.813275 -22.346786 97.297630
vn -5.813275 -22.346786 97.297630
vn -5.813275 -22.346786 97.297630
vn 58.772334 -15.918195 79.324800
vn 58.772334 -15.918195 79.324800
vn 58.772334 -15.918195 79.324800
vn 57.647473 -81.640006 3.417329
vn 57.647473 -81.640006 3.417329
vn 57.647473 -81.640006 3.417329
vn -86.886428 10.863226 -48.298440
vn -86.886428 10.863226 -48.298440
vn -86.886428 10.863226 -48.298440
vn -16.329616 -27.941905 94.618145
vn -16.329616 -27.941905 94.618145
vn -16.329616 -27.941905 94.618145
vn 99.702340 -7.069432 3.077110
vn 99.702340 -7.069432 3.077110
vn 99.702340 -7.069432 3.077110
vn -92.439829 -20.835939 31.949080
vn -92.439829 -20.835939 31.949080
vn -92.439829 -20.835939 31.949080
vn 20.221220 77.007684 -60.505527
vn 20.221220 77.007684 -60.505527
vn 20.221220 77.007684 -60.505527
vn 70.378491 -67.085362 23.375682
vn 70.378491 -67.085362 23.375682
vn 70.378491 -67.085362 23.375682
vn -1.048959 -7.126935 99.740205
vn -1.048959 -7.126935 99.740205
vn -1.048959 -7.126935 99.740205
vn 76.682714 7.188657 -63.781553
vn 76.682714 7.188657 -63.781553
vn 76.682714 7.188657 -63.781553
vn 93.096963 -20.534501 -30.187595
vn 93.096963 -20.534501 -30.187595
vn 93.096963 -20.534501 -30.187595
vn -29.796646 -0.654457 -95.455394
vn -29.796646 -0.654457 -95.455394
vn -29.796646 -0.654457 -95.455394
vn -12.262367 -85.024963 51.189743
vn -12.262367 -85.024963 51.189743
vn -12.262367 -85.024963 51.189743
vn 50.054772 84.446381 -19.061190
vn 50.054772 84.446381 -19.061190
vn 50.054772 84.446381 -19.061190
vn -31.428352 91.492279 25.326294
vn -31.428352 91.492279 25.326294
vn -31.428352 91.492279 25.326294
vn 64.571955 7.886226 75.949138
vn 64.571955 7.886226 75.949138
vn 64.571955 7.886226 75.949138
vn -73.682826 26.961429 61.999386
vn -73.682826 26.961429 61.999386
vn -73.682826 26.961429 61.999386
vn 47.955202 75.711003 -44.363754
vn 47.955202 75.711003 -44.363754
vn 47.955202 75.711003 -44.363754
vn 0.946718 69.883683 71.521843
vn 0.946718 69.883683 71.521843
vn 0.946718 69.883683 71.521843
vn 22.607135 35.400554 -90.750869
vn 22.607135 35.400554 -90.750869
vn 22.607135 35.400554 -90.750869
vn -1.884604 -90.755354 41.951348
vn -1.884604 -90.755354 41.951348
vn -1.884604 -90.755354 41.951348
vn 19.740942 -9.943104 -97.526566
vn 19.740942 -9.943104 -97.526566
vn 19.740942 -9.943104 -97.526566
vn 3.082375 42.676306 90.383800
vn 3.082375 42.676306 90.383800
vn 3.082375 42.676306 90.383800
vn -25.186542 -68.002506 -68.857077
vn -25.186542 -68.002506 -68.857077
vn -25.186542 -68.002506 -68.857077
vn 57.814453 58.732053 -56.639521
vn 57.814453 58.732053 -56.639521
vn 57.814453 58.732053 -56.639521
vn 80.208312 56.362460 -19.745919
vn 80.208312 56.362460 -19.745919
vn 80.208312 56.362460 -19.745919
vn 90.469960 0.087173 42.604906
vn 90.469960 0.087173 42.604906
vn 90.469960 0.087173 42.604906
vn -16.493897 -2.944286 98.586430
vn -16.493897 -2.944286 98.586430
vn -16.493897 -2.944286 98.586430
vn 15.129956 61.098840 77.704675
vn 15.129956 61.098840 77.704675
vn 15.129956 61.098840 77.704675
vn 93.570839 -9.159889 -34.067503
vn 93.570839 -9.159889 -34.067503
vn 93.570839 -9.159889 -34.067503
vn -69.684665 13.907576 -70.360697
vn -69.684665 13.907576 -70.360697
vn -69.684665 13.907576 -70.360697
vn 57.438104 22.701799 -78.647917
vn 57.438104 22.701799 -78.647917
vn 57.438104 22.701799 -78.647917
vn -56.094207 -28.304772 -77.796416
vn -56.094207 -28.304772 -77.796416
vn -56.094207 -28.304772 -77.796416
vn 28.027827 -47.855268 -83.212472
vn 28.027827 -47.855268 -83.212472
vn 28.027827 -47.855268 -83.212472
vn -48.380679 35.320003 80.073763
vn -48.380679 35.320003 80.073763
vn -48.380679 35.320003 80.073763
vn -97.372115 -14.277904 -17.743002
vn -97.372115 -14.277904 -17.743002
vn -97.372115 -14.277904 -17.743002
vn 53.010304 14.290003 83.580529
vn 53.010304 14.290003 83.580529
vn 53.010304 14.290003 83.580529
vn -0.040625 42.474616 90.531245
vn -0.040625 42.474616 90.531245
vn -0.040625 42.474616 90.531245
vn -39.766493 66.177134 -63.554799
vn -39.766493 66.177134 -63.554799
vn -39.766493 66.177134 -63.554799
vn -76.565500 10.291862 -63.496474
vn -76.565500 10.291862 -63.496474
vn -76.565500 10.291862 -63.496474
vn 92.048558 13.297757 36.745529
vn 92.048558 13.297757 36.745529
vn 92.048558 13.297757 36.745529
vn -91.710295 -0.463503 -39.862374
vn -91.710295 -0.463503 -39.862374
vn -91.710295 -0.463503 -39.862374
vn 54.094101 -76.964247 33.916566
vn 54.094101 -76.964247 33.916566
vn 54.094101 -76.964247 33.916566
vn 82.295517 8.471123 56.175511
vn 82.295517 8.471123 56.175511
vn 82.295517 8.471123 56.175511
vn -73.690159 -10.800858 -66.731573
vn -73.690159 -10.800858 -66.731573
vn -73.690159 -10.800858 -66.731573
vn -17.850090 86.577316 46.751949
vn -17.850090 86.577316 46.751949
vn -17.850090 86.577316 46.751949
vn -97.636440 -14.637234 15.902167
vn -97.636440 -14.637234 15.902167
vn -97.636440 -14.637234 15.902167
vn 92.519691 -9.210328 -36.814095
vn 92.519691 -9.210328 -36.814095
vn 92.519691 -9.210328 -36.814095
vn 87.899438 -0.150085 -47.682969
vn 87.899438 -0.150085 -47.682969
vn 87.899438 -0.150085 -47.682969
vn -84.957941 37.665099 36.925462
vn -84.957941 37.665099 36.925462
vn -84.957941 37.665099 36.925462
vn 69.035106 -4.892630 -72.181836
vn 69.035106 -4.892630 -72.181836
vn 69.035106 -4.892630 -72.181836
vn 84.125158 -22.142336 49.322156
vn 84.125158 -22.142336 49.322156
vn 84.125158 -22.142336 49.322156
vn -0.349946 61.398014 78.931376
vn -0.349946 61.398014 78.931376
vn -0.349946 61.398014 78.931376
vn -26.187175 -96.220469 -7.473482
vn -26.187175 -96.220469 -7.473482
vn -26.187175 -96.220469 -7.473482
vn -80.558770 -55.414013 20.965957
vn -80.558770 -55.414013 20.965957
vn -80.558770 -55.414013 20.965957
vn 83.029164 -53.408004 15.929346
vn 83.029164 -53.408004 15.929346
vn 83.029164 -53.408004 15.929346
vn -25.062341 18.380290 95.047590
vn -25.062341 18.380290 95.047590
vn -25.062341 18.380290 95.047590
vn 16.187450 49.934873 85.114489
vn 16.187450 49.934873 85.114489
vn 16.187450 49.934873 85.114489
vn 93.739070 -7.120801 34.092235
vn 93.739070 -7.120801 34.092235
vn 93.739070 -7.120801 34.092235
vn 96.738190 -8.272276 23.943542
vn 96.738190 -8.272276 23.943542
vn 96.738190 -8.272276 23.943542
vn 62.976595 14.001738 76.406162
vn 62.976595 14.001738 76.406162
vn 62.976595 14.001738 76.406162
vn -73.641122 56.403235 37.358548
vn -73.641122 56.403235 37.358548
vn -73.641122 56.403235 37.358548
vn -18.111845 -12.674821 97.525954
vn -18.111845 -12.674821 97.525954
vn -18.111845 -12.674821 97.525954
vn 93.458248 -17.001407 -31.249131
vn 93.458248 -17.001407 -31.249131
vn 93.458248 -17.001407 -31.249131
vn -55.214566 -8.057316 -82.984530
vn -55.214566 -8.057316 -82.984530
vn -55.214566 -8.057316 -82.984530
vn 28.816522 -8.794146 95.353403
vn 28.816522 -8.794146 95.353403
vn 28.816522 -8.794146 95.353403
vn -85.334134 51.944437 4.456637
vn -85.334134 51.944437 4.456637
vn -85.334134 51.944437 4.456637
vn -16.406463 -66.293368 73.048058
vn -16.406463 -66.293368 73.048058
vn -16.406463 -66.293368 73.048058
vn 17.720188 92.561931 33.440783
vn 17.720188 92.561931 33.440783
vn 17.720188 92.561931 33.440783
vn 55.308677 -1.025697 -83.306051
vn 55.308677 -1.025697 -83.306051
vn 55.308677 -1.025697 -83.306051
vn 16.641687 -26.893100 94.867359
vn 16.641687 -26.893100 94.867359
vn 16.641687 -26.893100 94.867359
vn 25.591064 19.558890 94.670735
vn 25.591064 19.558890 94.670735
vn 25.591064 19.558890 94.670735
vn -99.197974 4.519468 -11.804081
vn -99.197974 4.519468 -11.804081
vn -99.197974 4.519468 -11.804081
vn 84.613074 47.927808 23.314267
vn 84.613074 47.927808 23.314267
vn 84.613074 47.927808 23.314267
vn 93.667991 8.404441 -33.995198
vn 93.667991 8.404441 -33.995198
vn 93.667991 8.404441 -33.995198
vn 76.007218 8.477760 -64.428505
vn 76.007218 8.477760 -64.428505
vn 76.007218 8.477760 -64.428505
vn -87.369785 -5.234155 48.364485
vn -87.369785 -5.234155 48.364485
vn -87.369785 -5.234155 48.364485
vn 92.842059 -25.775459 -26.757785
vn 92.842059 -25.775459 -26.757785
vn 92.842059 -25.775459 -26.757785
vn 4.767305 55.780127 -82.860434
vn 4.767305 55.780127 -82.860434
vn 4.767305 55.780127 -82.860434
vn 45.159356 -10.426565 -88.611067
vn 45.159356 -10.426565 -88.611067
vn 45.159356 -10.426565 -88.611067
vn -11.747951 -97.067547 -20.973262
vn -11.747951 -97.067547 -20.973262
vn -11.747951 -97.067547 -20.973262
vn 66.991151 9.150981 73.677997
vn 66.991151 9.150981 73.677997
vn 66.991151 9.150981 73.677997
vn -14.207001 -44.613200 88.361896
vn -14.207001 -44.613200 88.361896
vn -14.207001 -44.613200 88.361896
vn -91.051276 21.492756 35.323167
vn -91.051276 21.492756 35.323167
vn -91.051276 21.492756 35.323167
vn 34.960229 -91.030848 22.162299
vn 34.960229 -91.030848 22.162299
vn 34.960229 -91.030848 22.162299
vn -99.070677 13.572896 0.881415
vn -99.070677 13.572896 0.881415
vn -99.070677 13.572896 0.881415
vn -81.707919 -16.907225 55.117713
vn -81.707919 -16.907225 55.117713
vn -81.707919 -16.907225 55.117713
vn -35.512054 26.175785 -89.742533
vn -35.512054 26.175785 -89.742533
vn -35.512054 26.175785 -89.742533
vn 48.086842 5.548377 -87.503556
vn 48.086842 5.548377 -87.503556
vn 48.086842 5.548377 -87.503556
vn -85.371248 -12.202913 50.624482
vn -85.371248 -12.202913 50.624482
vn -85.371248 -12.202913 50.624482
vn 93.085315 6.905781 -35.880842
vn 93.085315 6.905781 -35.880842
vn 93.085315 6.905781 -35.880842
vn -66.796703 -34.545491 -65.915185
vn -66.796703 -34.545491 -65.915185
vn -66.796703 -34.545491 -65.915185
vn 77.844851 55.262116 -29.770429
vn 77.844851 55.262116 -29.770429
vn 77.844851 55.262116 -29.770429
vn 8.700351 22.121442 97.133659
vn 8.700351 22.121442 97.133659
vn 8.700351 22.121442 97.133659
vn -7.120178 -69.581261 71.468540
vn -7.120178 -69.581261 71.468540
vn -7.120178 -69.581261 71.468540
vn 86.623873 47.749354 14.707320
vn 86.623873 47.749354 14.707320
vn 86.623873 47.749354 14.707320
vn 75.894857 -23.684874 60.654744
vn 75.894857 -23.684874 60.654744
vn 75.894857 -23.684874 60.654744
vn 50.402901 -5.411144 86.198995
vn 50.402901 -5.411144 86.198995
vn 50.402901 -5.411144 86.198995
vn -0.628659 -97.997438 19.902434
vn -0.628659 -97.997438 19.902434
vn -0.628659 -97.997438 19.902434
vn -44.035399 -72.742799 52.624795
vn -44.035399 -72.742799 52.624795
vn -44.035399 -72.742799 52.624795
vn 46.174808 -35.352514 -81.351635
vn 46.174808 -35.352514 -81.351635
vn 46.174808 -35.352514 -81.351635
vn 43.502401 -2.834612 89.997262
vn 43.502401 -2.834612 89.997262
vn 43.502401 -2.834612 89.997262
vn -60.067355 -19.154504 77.621000
vn -60.067355 -19.154504 77.621000
vn -60.067355 -19.154504 77.621000
vn -31.372390 -17.036468 -93.410558
vn -31.372390 -17.036468 -93.410558
vn -31.372390 -17.036468 -93.410558
vn -61.813371 -21.802232 75.523320
vn -61.813371 -21.802232 75.523320
vn -61.813371 -21.802232 75.523320
vn 45.873770 61.006644 -64.604855
vn 45.873770 61.006644 -64.604855
vn 45.873770 61.006644 -64.604855
vn 74.235151 22.171675 63.226262
vn 74.235151 22.171675 63.226262
vn 74.235151 22.171675 63.226262
vn -47.217035 70.005456 53.570416
vn -47.217035 70.005456 53.570416
vn -47.217035 70.005456 53.570416
vn 34.940207 -29.686129 88.870223
vn 34.940207 -29.686129 88.870223
vn 34.940207 -29.686129 88.870223
vn -1.375257 35.334963 93.539029
vn -1.375257 35.334963 93.539029
vn -1.375257 35.334963 93.539029
vn -27.771426 -57.489970 -76.965263
vn -27.771426 -57.489970 -76.965263
vn -27.771426 -57.489970 -76.965263
vn -86.516360 -6.612927 -49.711067
vn -86.516360 -6.612927 -49.711067
vn -86.516360 -6.612927 -49.711067
vn -99.401296 -10.123690 4.110228
vn -99.401296 -10.123690 4.110228
vn -99.401296 -10.123690 4.110228
vn -88.045166 -10.021120 46.342488
vn -88.045166 -10.021120 46.342488
vn -88.045166 -10.021120 46.342488
vn 80.362415 -58.016439 13.265588
vn 80.362415 -58.016439 13.265588
vn 80.362415 -58.016439 13.265588
vn 29.007423 -45.764951 -84.048433
vn 29.007423 -45.764951 -84.048433
vn 29.007423 -45.764951 -84.048433
vn 89.968278 -39.892965 -17.727368
vn 89.968278 -39.892965 -17.727368
vn 89.968278 -39.892965 -17.727368
vn -86.682564 2.016946 49.820349
vn -86.682564 2.016946 49.820349
vn -86.682564 2.016946 49.820349
vn -74.465600 1.762870 66.721562
vn -74.465600 1.762870 66.721562
vn -74.465600 1.762870 66.721562
vn -48.257994 7.924910 -87.225923
vn -48.257994 7.924910 -87.225923
vn -48.257994 7.924910 -87.225923
vn 1.803277 41.871745 90.793764
vn 1.803277 41.871745 90.793764
vn 1.803277 41.871745 90.793764
vn 45.232428 -11.100831 -88.491814
vn 45.232428 -11.100831 -88.491814
vn 45.232428 -11.100831 -88.491814
vn -46.111855 -49.492748 -73.648928
vn -46.111855 -49.492748 -73.648928
vn -46.111855 -49.492748 -73.648928
vn 51.729748 -36.017032 -77.632513
vn 51.729748 -36.017032 -77.632513
vn 51.729748 -36.017032 -77.632513
vn -28.317851 -87.317426 -39.670729
vn -28.317851 -87.317426 -39.670729
vn -28.317851 -87.317426 -39.670729
vn -91.282293 6.412529 40.328926
vn -91.282293 6.412529 40.328926
vn -91.282293 6.412529 40.328926
vn -71.274942 26.087676 65.110031
vn -71.274942 26.087676 65.110031
vn -71.274942 26.087676 65.110031
vn -88.979578 -25.831237 -37.621578
vn -88.979578 -25.831237 -37.621578
vn -88.979578 -25.831237 -37.621578
vn 37.929611 -86.200436 -33.627823
vn 37.929611 -86.200436 -33.627823
vn 37.929611 -86.200436 -33.627823
vn -14.281092 -8.151433 98.638756
vn -14.281092 -8.151433 98.638756
vn -14.281092 -8.151433 98.638756
vn -77.897778 0.740709 -62.700782
vn -77.897778 0.740709 -62.700782
vn -77.897778 0.740709 -62.700782
vn 62.171478 -61.148536 48.944510
vn 62.171478 -61.148536 48.944510
vn 62.171478 -61.148536 48.944510
vn 89.357301 -6.594628 -44.404769
vn 89.357301 -6.594628 -44.404769
vn 89.357301 -6.594628 -44.404769
vn 78.544289 -17.147892 -59.470546
vn 78.544289 -17.147892 -59.470546
vn 78.544289 -17.147892 -59.470546
vn 84.670948 -30.758620 43.413590
vn 84.670948 -30.758620 43.413590
vn 84.670948 -30.758620 43.413590
vn -52.547969 18.832791 82.970104
vn -52.547969 18.832791 82.970104
vn -52.547969 18.832791 82.970104
vn -38.206382 -21.984101 -89.760637
vn -38.206382 -21.984101 -89.760637
vn -38.206382 -21.984101 -89.760637
vn -24.246530 -80.093196 54.746567
vn -24.246530 -80.093196 54.746567
vn -24.246530 -80.093196 54.746567
vn -6.164462 -99.569410 -6.923312
vn -6.164462 -99.569410 -6.923312
vn -6.164462 -99.569410 -6.923312
vn 77.250571 4.260033 -63.357720
vn 77.250571 4.260033 -63.357720
vn 77.250571 4.260033 -63.357720
vn -71.314613 -2.640780 -70.051780
vn -71.314613 -2.640780 -70.051780
vn -71.314613 -2.640780 -70.051780
vn -4.289239 2.062743 99.886682
vn -4.289239 2.062743 99.886682
vn -4.289239 2.062743 99.886682
vn 98.603680 -12.212737 -11.320995
vn 98.603680 -12.212737 -11.320995
vn 98.603680 -12.212737 -11.320995
vn -19.515845 64.681313 73.725580
vn -19.515845 64.681313 73.725580
vn -19.515845 64.681313 73.725580
vn 58.131122 -47.248005 66.244995
vn 58.131122 -47.248005 66.244995
vn 58.131122 -47.248005 66.244995
vn 41.275919 -66.003661 62.767945
vn 41.275919 -66.003661 62.767945
vn 41.275919 -66.003661 62.767945
vn -56.080417 32.235743 76.261680
vn -56.080417 32.235743 76.261680
vn -56.080417 32.235743 76.261680
vn 6.770974 99.058754 11.896154
vn 6.770974 99.058754 11.896154
vn 6.770974 99.058754 11.896154
vn 50.518861 17.518780 84.504065
vn 50.518861 17.518780 84.504065
vn 50.518861 17.518780 84.504065
vn -27.964042 9.940757 95.494481
vn -27.964042 9.940757 95.494481
vn -27.964042 9.940757 95.494481
vn -96.169287 22.027345 16.317672
vn -96.169287 22.027345 16.317672
vn -96.169287 22.027345 16.317672
vn -12.030486 10.503084 98.716538
vn -12.030486 10.503084 98.716538
vn -12.030486 10.503084 98.716538
vn 42.962325 80.686862 40.544666
vn 42.962325 80.686862 40.544666
vn 42.962325 80.686862 40.544666
vn 85.237789 9.813469 -51.363552
vn 85.237789 9.813469 -51.363552
vn 85.237789 9.813469 -51.363552
vn -12.090578 14.586974 98.188797
vn -12.090578 14.586974 98.188797
vn -12.090578 14.586974 98.188797
vn -53.670373 -56.802394 62.393741
vn -53.670373 -56.802394 62.393741
vn -53.670373 -56.802394 62.393741
vn 13.726177 39.270172 90.936496
vn 13.726177 39.270172 90.936496
vn 13.726177 39.270172 90.936496
vn -45.456909 23.073147 86.030818
vn -45.456909 23.073147 86.030818
vn -45.456909 23.073147 86.030818
vn -59.627705 -66.141177 -45.495964
vn -59.627705 -66.141177 -45.495964
vn -59.627705 -66.141177 -45.495964
vn 68.182865 9.295249 -72.558223
vn 68.182865 9.295249 -72.558223
vn 68.182865 9.295249 -72.558223
vn 92.744541 -27.726158 -25.094045
vn 92.744541 -27.726158 -25.094045
vn 92.744541 -27.726158 -25.094045
vn 92.683310 -14.989239 -34.425681
vn 92.683310 -14.989239 -34.425681
vn 92.683310 -14.989239 -34.425681
vn -68.299496 19.256028 70.458397
vn -68.299496 19.256028 70.458397
vn -68.299496 19.256028 70.458397
vn -56.055030 15.317952 81.383015
vn -56.055030 15.317952 81.383015
vn -56.055030 15.317952 81.383015
vn 65.920058 -7.926402 74.777787
vn 65.920058 -7.926402 74.777787
vn 65.920058 -7.926402 74.777787
vn 47.306901 -8.927963 87.649019
vn 47.306901 -8.927963 87.649019
vn 47.306901 -8.927963 87.649019
vn -75.636214 -65.272193 -4.324767
vn -75.636214 -65.272193 -4.324767
vn -75.636214 -65.272193 -4.324767
vn -89.145567 -4.128611 45.122323
vn -89.145567 -4.128611 45.122323
vn -89.145567 -4.128611 45.122323
vn 79.931873 -33.701965 49.750127
vn 79.931873 -33.701965 49.750127
vn 79.931873 -33.701965 49.750127
vn 87.302194 -8.498816 48.021845
vn 87.302194 -8.498816 48.021845
vn 87.302194 -8.498816 48.021845
vn 75.958894 60.213118 24.589194
vn 75.958894 60.213118 24.589194
vn 75.958894 60.213118 24.589194
vn -99.793123 6.281292 1.370939
vn -99.793123 6.281292 1.370939
vn -99.793123 6.281292 1.370939
vn -22.734934 -17.944236 -95.713780
vn -22.734934 -17.944236 -95.713780
vn -22.734934 -17.944236 -95.713780
vn 71.278863 -20.036442 67.215076
vn 71.278863 -20.036442 67.215076
vn 71.278863 -20.036442 67.215076
vn -67.209488 -9.755039 73.401121
vn -67.209488 -9.755039 73.401121
vn -67.209488 -9.755039 73.401121
vn 78.800863 -13.968075 59.960963
vn 78.800863 -13.968075 59.960963
vn 78.800863 -13.968075 59.960963
vn 41.118033 54.286917 73.227303
vn 41.118033 54.286917 73.227303
vn 41.118033 54.286917 73.227303
vn 43.447434 -31.833629 -84.255217
vn 43.447434 -31.833629 -84.255217
vn 43.447434 -31.833629 -84.255217
vn 2.423181 48.361444 -87.494569
vn 2.423181 48.361444 -87.494569
vn 2.423181 48.361444 -87.494569
vn -6.162141 -89.111914 -44.956597
vn -6.162141 -89.111914 -44.956597
vn -6.162141 -89.111914 -44.956597
vn 14.426480 -44.454005 88.406551
vn 14.426480 -44.454005 88.406551
vn 14.426480 -44.454005 88.406551
vn -18.423815 12.049236 97.546807
vn -18.423815 12.049236 97.546807
vn -18.423815 12.049236 97.546807
vn 91.928648 -3.181416 39.230118
vn 91.928648 -3.181416 39.230118
vn 91.928648 -3.181416 39.230118
vn 29.806170 -95.339514 -4.687346
vn 29.806170 -95.339514 -4.687346
vn 29.806170 -95.339514 -4.687346
vn -50.080492 -58.833624 -63.486607
vn -50.080492 -58.833624 -63.486607
vn -50.080492 -58.833624 -63.486607
vn -17.610191 5.178956 -98.300873
vn -17.610191 5.178956 -98.300873
vn -17.610191 5.178956 -98.300873
vn -95.950981 6.655868 27.369841
vn -95.950981 6.655868 27.369841
vn -95.950981 6.655868 27.369841
vn 71.743032 -69.357832 -6.513723
vn 71.743032 -69.357832 -6.513723
vn 71.743032 -69.357832 -6.513723
vn 58.051149 -19.903724 -78.955091
vn 58.051149 -19.903724 -78.955091
vn 58.051149 -19.903724 -78.955091
vn -91.927142 -38.123242 9.798955
vn -91.927142 -38.123242 9.798955
vn -91.927142 -38.123242 9.798955
vn 25.461864 -11.123203 96.062317
vn 25.461864 -11.123203 96.062317
vn 25.461864 -11.123203 96.062317
vn -21.013261 -20.778874 95.533675
vn -21.013261 -20.778874 95.533675
vn -21.013261 -20.778874 95.533675
vn 12.826684 45.366991 88.189070
vn 12.826684 45.366991 88.189070
vn 12.826684 45.366991 88.189070
vn 11.460959 -46.076938 88.008882
vn 11.460959 -46.076938 88.008882
vn 11.460959 -46.076938 88.008882
vn -78.672478 -5.479717 -61.486702
vn -78.672478 -5.479717 -61.486702
vn -78.672478 -5.479717 -61.486702
vn 80.806067 46.272555 36.458631
vn 80.806067 46.272555 36.458631
vn 80.806067 46.272555 36.458631
vn -58.636545 15.212780 -79.563358
vn -58.636545 15.212780 -79.563358
vn -58.636545 15.212780 -79.563358
vn 93.562420 -28.824131 20.377554
vn 93.562420 -28.824131 20.377554
vn 93.562420 -28.824131 20.377554
vn 18.153587 1.006128 -98.333292
vn 18.153587 1.006128 -98.333292
vn 18.153587 1.006128 -98.333292
vn 98.503578 16.096900 6.159156
vn 98.503578 16.096900 6.159156
vn 98.503578 16.096900 6.159156
vn 7.888494 53.392360 84.184490
vn 7.888494 53.392360 84.184490
vn 7.888494 53.392360 84.184490
vn 20.137456 -28.770804 93.630785
vn 20.137456 -28.770804 93.630785
vn 20.137456 -28.770804 93.630785
vn 14.323975 -96.915431 -20.055532
vn 14.323975 -96.915431 -20.055532
vn 14.323975 -96.915431 -20.055532
vn -61.961914 42.097259 66.246075
vn -61.961914 42.097259 66.246075
vn -61.961914 42.097259 66.246075
vn -50.506579 -84.147964 19.188723
vn -50.506579 -84.147964 19.188723
vn -50.506579 -84.147964 19.188723
vn 21.294106 -84.551307 -48.965676
vn 21.294106 -84.551307 -48.965676
vn 21.294106 -84.551307 -48.965676
vn -62.454728 -30.293651 71.984040
vn -62.454728 -30.293651 71.984040
vn -62.454728 -30.293651 71.984040
vn -43.297920 50.445734 -74.702870
vn -43.297920 50.445734 -74.702870
vn -43.297920 50.445734 -74.702870
vn -41.345775 -10.053730 90.495584
vn -41.345775 -10.053730 90.495584
vn -41.345775 -10.053730 90.495584
vn 87.362187 19.072443 44.767077
vn 87.362187 19.072443 44.767077
vn 87.362187 19.072443 44.767077
vn -91.212835 -27.907243 30.023392
vn -91.212835 -27.907243 30.023392
vn -91.212835 -27.907243 30.023392
vn 93.443333 -27.460684 22.677213
vn 93.443333 -27.460684 22.677213
vn 93.443333 -27.460684 22.677213
vn 57.619800 -61.471062 53.863428
vn 57.619800 -61.471062 53.863428
vn 57.619800 -61.471062 53.863428
vn -92.940345 13.267549 -34.439310
vn -92.940345 13.267549 -34.439310
vn -92.940345 13.267549 -34.439310
vn -64.288178 11.134770 75.782898
vn -64.288178 11.134770 75.782898
vn -64.288178 11.134770 75.782898
vn -55.122146 0.449689 83.434697
vn -55.122146 0.449689 83.434697
vn -55.122146 0.449689 83.434697
vn 94.973137 -19.324106 -24.630938
vn 94.973137 -19.324106 -24.630938
vn 94.973137 -19.324106 -24.630938
vn -2.742579 -10.600785 99.398704
vn -2.742579 -10.600785 99.398704
vn -2.742579 -10.600785 99.398704
vn -3.275166 -39.441655 -91.834793
vn -3.275166 -39.441655 -91.834793
vn -3.275166 -39.441655 -91.834793
vn 67.841211 -53.192917 -50.676278
vn 67.841211 -53.192917 -50.676278
vn 67.841211 -53.192917 -50.676278
vn -16.516994 3.023250 98.580172
vn -16.516994 3.023250 98.580172
vn -16.516994 3.023250 98.580172
vn 94.419847 -4.826339 -32.582201
vn 94.419847 -4.826339 -32.582201
vn 94.419847 -4.826339 -32.582201
vn 45.710653 1.095421 -88.934451
vn 45.710653 1.095421 -88.934451
vn 45.710653 1.095421 -88.934451
vn 72.300473 -52.040485 -45.436016
vn 72.300473 -52.040485 -45.436016
vn 72.300473 -52.040485 -45.436016
vn -77.344820 -55.185842 -31.181755
vn -77.344820 -55.185842 -31.181755
vn -77.344820 -55.185842 -31.181755
vn 85.303136 -13.262719 50.472524
vn 85.303136 -13.262719 50.472524
vn 85.303136 -13.262719 50.472524
vn -21.246602 20.490659 95.544316
vn -21.246602 20.490659 95.544316
vn -21.246602 20.490659 95.544316
vn -44.967731 21.964041 -86.576465
vn -44.967731 21.964041 -86.576465
vn -44.967731 21.964041 -86.576465
vn 7.373417 3.720173 -99.658391
vn 7.373417 3.720173 -99.658391
vn 7.373417 3.720173 -99.658391
vn -41.825807 -69.075587 58.984457
vn -41.825807 -69.075587 58.984457
vn -41.825807 -69.075587 58.984457
vn -70.476066 -66.032189 -25.939847
vn -70.476066 -66.032189 -25.939847
vn -70.476066 -66.032189 -25.939847
vn 79.337816 11.886009 59.701221
vn 79.337816 11.886009 59.701221
vn 79.337816 11.886009 59.701221
vn -38.107363 44.806824 80.871363
vn -38.107363 44.806824 80.871363
vn -38.107363 44.806824 80.871363
vn 82.770800 -11.891778 -54.841409
vn 82.770800 -11.891778 -54.841409
vn 82.770800 -11.891778 -54.841409
vn 92.139655 -13.893582 -36.293993
vn 92.139655 -13.893582 -36.293993
vn 92.139655 -13.893582 -36.293993
vn 83.480328 -0.749563 -55.049732
vn 83.480328 -0.749563 -55.049732
vn 83.480328 -0.749563 -55.049732
vn 99.770061 5.174493 -4.377177
vn 99.770061 5.174493 -4.377177
vn 99.770061 5.174493 -4.377177
vn 13.379102 6.589538 98.881634
vn 13.379102 6.589538 98.881634
vn 13.379102 6.589538 98.881634
vn -48.407658 7.082874 87.215436
vn -48.407658 7.082874 87.215436
vn -48.407658 7.082874 87.215436
vn -38.511383 -54.889383 -74.189145
vn -38.511383 -54.889383 -74.189145
vn -38.511383 -54.889383 -74.189145
vn 95.172591 -13.251863 27.686948
vn 95.172591 -13.251863 27.686948
vn 95.172591 -13.251863 27.686948
vn 95.510758 -10.824706 27.577559
vn 95.510758 -10.824706 27.577559
vn 95.510758 -10.824706 27.577559
vn -92.762570 -4.669446 -37.058109
vn -92.762570 -4.669446 -37.058109
vn -92.762570 -4.669446 -37.058109
vn 0.258208 10.805552 -99.414160
vn 0.258208 10.805552 -99.414160
vn 0.258208 10.805552 -99.414160
vn 12.460313 4.321707 -99.126515
vn 12.460313 4.321707 -99.126515
vn 12.460313 4.321707 -99.126515
vn -54.373987 19.382512 -81.656519
vn -54.373987 19.382512 -81.656519
vn -54.373987 19.382512 -81.656519
vn 22.610851 -29.915775 -92.702738
vn 22.610851 -29.915775 -92.702738
vn 22.610851 -29.915775 -92.702738
vn 49.577066 12.791378 85.898168
vn 49.577066 12.791378 85.898168
vn 49.577066 12.791378 85.898168
vn 27.827670 -0.747430 96.047196
vn 27.827670 -0.747430 96.047196
vn 27.827670 -0.747430 96.047196
vn 94.170249 -1.591987 33.607012
vn 94.170249 -1.591987 33.607012
vn 94.170249 -1.591987 33.607012
vn 88.072990 -1.863465 -47.325214
vn 88.072990 -1.863465 -47.325214
vn 88.072990 -1.863465 -47.325214
vn -4.766764 -99.701494 -6.073748
vn -4.766764 -99.701494 -6.073748
vn -4.766764 -99.701494 -6.073748
vn 5.259458 -99.853855 1.243357
vn 5.259458 -99.853855 1.243357
vn 5.259458 -99.853855 1.243357
vn -2.921924 -99.621207 -8.190045
vn -2.921924 -99.621207 -8.190045
vn -2.921924 -99.621207 -8.190045
vn 93.604611 1.197449 35.167351
vn 93.604611 1.197449 35.167351
vn 93.604611 1.197449 35.167351
vn 92.484798 -6.154033 37.532543
vn 92.484798 -6.154033 37.532543
vn 92.484798 -6.154033 37.532543
vn 92.618915 8.077369 36.830617
vn 92.618915 8.077369 36.830617
vn 92.618915 8.077369 36.830617
vn 95.531892 -2.205258 29.475341
vn 95.531892 -2.205258 29.475341
vn 95.531892 -2.205258 29.475341
vn 63.215241 10.231856 76.805885
vn 63.215241 10.231856 76.805885
vn 63.215241 10.231856 76.805885
vn -26.653410 67.155400 69.135728
vn -26.653410 67.155400 69.135728
vn -26.653410 67.155400 69.135728
vn 74.086093 43.617114 -51.076411
vn 74.086093 43.617114 -51.076411
vn 74.086093 43.617114 -51.076411
vn 97.968544 16.955037 10.709408
vn 97.968544 16.955037 10.709408
vn 97.968544 16.955037 10.709408
vn 95.965777 27.303085 -6.716547
vn 95.965777 27.303085 -6.716547
vn 95.965777 27.303085 -6.716547
vn -63.003992 17.587790 75.638393
vn -63.003992 17.587790 75.638393
vn -63.003992 17.587790 75.638393
vn -38.469102 87.278026 -30.044546
vn -38.469102 87.278026 -30.044546
vn -38.469102 87.278026 -30.044546
vn 61.519649 29.827057 72.977257
vn 61.519649 29.827057 72.977257
vn 61.519649 29.827057 72.977257
vn 78.307915 21.778025 -58.254512
vn 78.307915 21.778025 -58.254512
vn 78.307915 21.778025 -58.254512
vn -36.518323 55.468777 74.763805
vn -36.518323 55.468777 74.763805
vn -36.518323 55.468777 74.763805
vn -59.489906 -29.231660 -74.876307
vn -59.489906 -29.231660 -74.876307
vn -59.489906 -29.231660 -74.876307
vn -77.083434 -5.523556 -63.463647
vn -77.083434 -5.523556 -63.463647
vn -77.083434 -5.523556 -63.463647
vn 99.717168 5.197917 -5.428617
vn 99.717168 5.197917 -5.428617
vn 99.717168 5.197917 -5.428617
vn -1.572467 -93.644320 35.046670
vn -1.572467 -93.644320 35.046670
vn -1.572467 -93.644320 35.046670
vn 2.023766 3.440411 -99.920309
vn 2.023766 3.440411 -99.920309
vn 2.023766 3.440411 -99.920309
vn 82.660165 16.762050 -53.724591
vn 82.660165 16.762050 -53.724591
vn 82.660165 16.762050 -53.724591
vn 83.325638 -7.186493 -54.819651
vn 83.325638 -7.186493 -54.819651
vn 83.325638 -7.186493 -54.819651
vn -93.663460 -7.963555 34.113603
vn -93.663460 -7.963555 34.113603
vn -93.663460 -7.963555 34.113603
vn 99.198979 -7.572487 10.110489
vn 99.198979 -7.572487 10.110489
vn 99.198979 -7.572487 10.110489
vn 30.938587 9.319492 94.635891
vn 30.938587 9.319492 94.635891
vn 30.938587 9.319492 94.635891
vn 97.056884 -5.220641 23.509753
vn 97.056884 -5.220641 23.509753
vn 97.056884 -5.220641 23.509753
vn 58.653598 -19.296442 -78.660052
vn 58.653598 -19.296442 -78.660052
vn 58.653598 -19.296442 -78.660052
vn 84.789538 -14.083569 51.111519
vn 84.789538 -14.083569 51.111519
vn 84.789538 -14.083569 51.111519
vn 88.270885 21.578787 41.744553
vn 88.270885 21.578787 41.744553
vn 88.270885 21.578787 41.744553
vn 98.711719 9.454112 12.908032
vn 98.711719 9.454112 12.908032
vn 98.711719 9.454112 12.908032
vn -73.426123 -39.844822 54.963595
vn -73.426123 -39.844822 54.963595
vn -73.426123 -39.844822 54.963595
vn 0.788678 -85.191594 52.361919
vn 0.788678 -85.191594 52.361919
vn 0.788678 -85.191594 52.361919
vn 6.851652 -77.270339 63.105860
vn 6.851652 -77.270339 63.105860
vn 6.851652 -77.270339 63.105860
vn 10.535097 -82.052569 56.181749
vn 10.535097 -82.052569 56.181749
vn 10.535097 -82.052569 56.181749
vn 99.169438 -6.990712 -10.795951
vn 99.169438 -6.990712 -10.795951
vn 99.169438 -6.990712 -10.795951
vn 69.561691 -71.275891 8.995498
vn 69.561691 -71.275891 8.995498
vn 69.561691 -71.275891 8.995498
vn -97.400862 10.793483 -19.914191
vn -97.400862 10.793483 -19.914191
vn -97.400862 10.793483 -19.914191
vn -84.487194 3.882503 -53.355792
vn -84.487194 3.882503 -53.355792
vn -84.487194 3.882503 -53.355792
vn -81.692340 11.184385 -56.579791
vn -81.692340 11.184385 -56.579791
vn -81.692340 11.184385 -56.579791
vn -81.771154 10.132397 -56.664045
vn -81.771154 10.132397 -56.664045
vn -81.771154 10.132397 -56.664045
vn -81.589214 -6.223845 57.484482
vn -81.589214 -6.223845 57.484482
vn -81.589214 -6.223845 57.484482
vn 85.752301 0.061751 -51.444542
vn 85.752301 0.061751 -51.444542
vn 85.752301 0.061751 -51.444542
vn 94.068936 6.504629 33.297551
vn 94.068936 6.504629 33.297551
vn 94.068936 6.504629 33.297551
vn 84.948368 15.538393 50.421557
vn 84.948368 15.538393 50.421557
vn 84.948368 15.538393 50.421557
vn 87.653900 2.933780 48.043599
vn 87.653900 2.933780 48.043599
vn 87.653900 2.933780 48.043599
vn 89.188933 8.976558 44.325566
vn 89.188933 8.976558 44.325566
vn 89.188933 8.976558 44.325566
vn -39.539718 -6.206701 91.641089
vn -39.539718 -6.206701 91.641089
vn -39.539718 -6.206701 91.641089
vn 99.164383 -10.235905 7.851963
vn 99.164383 -10.235905 7.851963
vn 99.164383 -10.235905 7.851963
vn 4.603074 4.879237 99.774774
vn 4.603074 4.879237 99.774774
vn 4.603074 4.879237 99.774774
vn 16.524471 10.945028 98.016061
vn 16.524471 10.945028 98.016061
vn 16.524471 10.945028 98.016061
vn -94.330158 8.681169 32.038383
vn -94.330158 8.681169 32.038383
vn -94.330158 8.681169 32.038383
vn -53.873569 -7.773496 -83.888091
vn -53.873569 -7.773496 -83.888091
vn -53.873569 -7.773496 -83.888091
vn 95.337718 -16.430940 -25.312924
vn 95.337718 -16.430940 -25.312924
vn 95.337718 -16.430940 -25.312924
vn 97.830804 -15.654407 -13.567387
vn 97.830804 -15.654407 -13.567387
vn 97.830804 -15.654407 -13.567387
vn -28.878201 5.506481 95.581013
vn -28.878201 5.506481 95.581013
vn -28.878201 5.506481 95.581013
vn 69.076004 -69.433644 -20.186014
vn 69.076004 -69.433644 -20.186014
vn 69.076004 -69.433644 -20.186014
vn 52.898606 4.502233 84.743551
vn 52.898606 4.502233 84.743551
vn 52.898606 4.502233 84.743551
vn 49.690165 -12.570633 -85.865408
vn 49.690165 -12.570633 -85.865408
vn 49.690165 -12.570633 -85.865408
vn 66.373397 6.108971 -74.546997
vn 66.373397 6.108971 -74.546997
vn 66.373397 6.108971 -74.546997
vn 92.744050 25.381645 -27.464784
vn 92.744050 25.381645 -27.464784
vn 92.744050 25.381645 -27.464784
vn -59.054317 79.357215 14.663562
vn -59.054317 79.357215 14.663562
vn -59.054317 79.357215 14.663562
vn -94.505956 3.045436 -32.547653
vn -94.505956 3.045436 -32.547653
vn -94.505956 3.045436 -32.547653
vn -94.226569 10.781378 -31.703578
vn -94.226569 10.781378 -31.703578
vn -94.226569 10.781378 -31.703578
vn -96.523757 17.342110 -19.555458
vn -96.523757 17.342110 -19.555458
vn -96.523757 17.342110 -19.555458
vn 25.797833 -4.647054 -96.503248
vn 25.797833 -4.647054 -96.503248
vn 25.797833 -4.647054 -96.503248
vn 71.878296 21.665432 66.061489
vn 71.878296 21.665432 66.061489
vn 71.878296 21.665432 66.061489
vn -36.232752 -2.776206 93.163738
vn -36.232752 -2.776206 93.163738
vn -36.232752 -2.776206 93.163738
vn -29.012526 -4.713559 95.582715
vn -29.012526 -4.713559 95.582715
vn -29.012526 -4.713559 95.582715
vn 98.947866 7.372591 12.448535
vn 98.947866 7.372591 12.448535
vn 98.947866 7.372591 12.448535
vn 93.548042 15.266072 31.870223
vn 93.548042 15.266072 31.870223
vn 93.548042 15.266072 31.870223
vn 65.526183 70.363396 27.482953
vn 65.526183 70.363396 27.482953
vn 65.526183 70.363396 27.482953
vn 31.896256 46.676250 -82.486111
vn 31.896256 46.676250 -82.486111
vn 31.896256 46.676250 -82.486111
vn -96.600546 -0.490657 -25.847521
vn -96.600546 -0.490657 -25.847521
vn -96.600546 -0.490657 -25.847521
vn -91.864452 -20.786717 -33.598147
vn -91.864452 -20.786717 -33.598147
vn -91.864452 -20.786717 -33.598147
vn -96.546778 -23.070027 12.103437
vn -96.546778 -23.070027 12.103437
vn -96.546778 -23.070027 12.103437
vn -32.138471 7.311160 94.412212
vn -32.138471 7.311160 94.412212
vn -32.138471 7.311160 94.412212
vn -94.586267 -13.281514 29.614850
vn -94.586267 -13.281514 29.614850
vn -94.586267 -13.281514 29.614850
vn -91.195001 2.695541 40.941495
vn -91.195001 2.695541 40.941495
vn -91.195001 2.695541 40.941495
vn 52.726366 -58.640263 -61.491870
vn 52.726366 -58.640263 -61.491870
vn 52.726366 -58.640263 -61.491870
vn 44.321658 2.743424 -89.599466
vn 44.321658 2.743424 -89.599466
vn 44.321658 2.743424 -89.599466
vn -75.451480 -32.128576 -57.226122
vn -75.451480 -32.128576 -57.226122
vn -75.451480 -32.128576 -57.226122
vn 49.304300 -85.615094 -15.464215
vn 49.304300 -85.615094 -15.464215
vn 49.304300 -85.615094 -15.464215
vn 47.958017 -21.471245 -85.082395
vn 47.958017 -21.471245 -85.082395
vn 47.958017 -21.471245 -85.082395
vn -74.700862 18.340712 63.901489
vn -74.700862 18.340712 63.901489
vn -74.700862 18.340712 63.901489
vn -77.092873 41.713736 48.131638
vn -77.092873 41.713736 48.131638
vn -77.092873 41.713736 48.131638
vn -94.814436 -3.379983 -31.603777
vn -94.814436 -3.379983 -31.603777
vn -94.814436 -3.379983 -31.603777
vn 84.947469 12.969157 51.144211
vn 84.947469 12.969157 51.144211
vn 84.947469 12.969157 51.144211
vn -94.664856 -6.564570 31.551099
vn -94.664856 -6.564570 31.551099
vn -94.664856 -6.564570 31.551099
vn -31.965548 14.271571 -93.672442
vn -31.965548 14.271571 -93.672442
vn -31.965548 14.271571 -93.672442
vn -33.990339 13.995950 -92.998769
vn -33.990339 13.995950 -92.998769
vn -33.990339 13.995950 -92.998769
vn 98.494721 -17.200913 1.708772
vn 98.494721 -17.200913 1.708772
vn 98.494721 -17.200913 1.708772
vn 38.546574 50.482174 77.238020
vn 38.546574 50.482174 77.238020
vn 38.546574 50.482174 77.238020
vn -91.383275 -10.063859 -39.342294
vn -91.383275 -10.063859 -39.342294
vn -91.383275 -10.063859 -39.342294
vn -99.313905 4.399948 -10.834657
vn -99.313905 4.399948 -10.834657
vn -99.313905 4.399948 -10.834657
vn -99.751180 2.550037 -6.572769
vn -99.751180 2.550037 -6.572769
vn -99.751180 2.550037 -6.572769
vn -98.191452 3.737675 -18.559875
vn -98.191452 3.737675 -18.559875
vn -98.191452 3.737675 -18.559875
vn -90.765738 13.110035 -39.871155
vn -90.765738 13.110035 -39.871155
vn -90.765738 13.110035 -39.871155
vn -35.551756 -54.490705 -75.939688
vn -35.551756 -54.490705 -75.939688
vn -35.551756 -54.490705 -75.939688
vn -82.185061 1.536325 -56.949587
vn -82.185061 1.536325 -56.949587
vn -82.185061 1.536325 -56.949587
vn 56.572727 65.638066 49.911629
vn 56.572727 65.638066 49.911629
vn 56.572727 65.638066 49.911629
vn -2.433251 43.127995 -90.189011
vn -2.433251 43.127995 -90.189011
vn -2.433251 43.127995 -90.189011
vn -82.139941 4.756925 56.836619
vn -82.139941 4.756925 56.836619
vn -82.139941 4.756925 56.836619
vn 11.094285 -18.456186 -97.653918
vn 11.094285 -18.456186 -97.653918
vn 11.094285 -18.456186 -97.653918
vn -89.503836 24.954616 -36.963932
vn -89.503836 24.954616 -36.963932
vn -89.503836 24.954616 -36.963932
vn -54.398427 -24.273584 80.321886
vn -54.398427 -24.273584 80.321886
vn -54.398427 -24.273584 80.321886
vn 88.120855 -1.148728 -47.258821
vn 88.120855 -1.148728 -47.258821
vn 88.120855 -1.148728 -47.258821
vn -65.487535 7.293960 75.220886
vn -65.487535 7.293960 75.220886
vn -65.487535 7.293960 75.220886
vn 70.336892 62.031758 34.709967
vn 70.336892 62.031758 34.709967
vn 70.336892 62.031758 34.709967
vn -1.795496 7.645765 -99.691124
vn -1.795496 7.645765 -99.691124
vn -1.795496 7.645765 -99.691124
vn -6.319707 5.297862 -99.659391
vn -6.319707 5.297862 -99.659391
vn -6.319707 5.297862 -99.659391
vn -2.598072 4.515158 -99.864230
vn -2.598072 4.515158 -99.864230
vn -2.598072 4.515158 -99.864230
vn -1.128929 7.244281 -99.730869
vn -1.128929 7.244281 -99.730869
vn -1.128929 7.244281 -99.730869
vn -1.210008 14.659559 -98.912254
vn -1.210008 14.659559 -98.912254
vn -1.210008 14.659559 -98.912254
vn -6.583615 4.023723 -99.701884
vn -6.583615 4.023723 -99.701884
vn -6.583615 4.023723 -99.701884
vn 97.796215 -19.494667 -7.473844
vn 97.796215 -19.494667 -7.473844
vn 97.796215 -19.494667 -7.473844
vn 91.863203 -35.597133 -17.146322
vn 91.863203 -35.597133 -17.146322
vn 91.863203 -35.597133 -17.146322
vn -90.515853 -38.561501 -17.885536
vn -90.515853 -38.561501 -17.885536
vn -90.515853 -38.561501 -17.885536
vn -65.291912 -25.624670 -71.276525
vn -65.291912 -25.624670 -71.276525
vn -65.291912 -25.624670 -71.276525
vn -93.987538 2.821566 34.035002
vn -93.987538 2.821566 34.035002
vn -93.987538 2.821566 34.035002
vn -95.018796 21.604612 -22.464846
vn -95.018796 21.604612 -22.464846
vn -95.018796 21.604612 -22.464846
vn -65.833091 -16.473191 73.448210
vn -65.833091 -16.473191 73.448210
vn -65.833091 -16.473191 73.448210
vn 29.106218 22.833832 -92.905577
vn 29.106218 22.833832 -92.905577
vn 29.106218 22.833832 -92.905577
vn 3.268454 -90.988933 41.356159
vn 3.268454 -90.988933 41.356159
vn 3.268454 -90.988933 41.356159
vn -58.499105 33.749066 73.748601
vn -58.499105 33.749066 73.748601
vn -58.499105 33.749066 73.748601
vn -91.328154 6.585571 40.197005
vn -91.328154 6.585571 40.197005
vn -91.328154 6.585571 40.197005
vn -59.139982 -61.253030 -52.445503
vn -59.139982 -61.253030 -52.445503
vn -59.139982 -61.253030 -52.445503
vn 19.996227 -29.778203 93.345645
vn 19.996227 -29.778203 93.345645
vn 19.996227 -29.778203 93.345645
vn -32.309959 -0.358933 -94.635818
vn -32.309959 -0.358933 -94.635818
vn -32.309959 -0.358933 -94.635818
vn 70.077539 -0.467822 71.336671
vn 70.077539 -0.467822 71.336671
vn 70.077539 -0.467822 71.336671
vn -91.675416 2.186575 -39.885322
vn -91.675416 2.186575 -39.885322
vn -91.675416 2.186575 -39.885322
vn -90.582685 2.787557 -42.273001
vn -90.582685 2.787557 -42.273001
vn -90.582685 2.787557 -42.273001
vn -46.370231 61.001419 -64.254411
vn -46.370231 61.001419 -64.254411
vn -46.370231 61.001419 -64.254411
vn -86.127995 7.075713 50.318019
vn -86.127995 7.075713 50.318019
vn -86.127995 7.075713 50.318019
vn -90.595190 3.100573 42.224390
vn -90.595190 3.100573 42.224390
vn -90.595190 3.100573 42.224390
vn -85.617232 -9.906900 50.710399
vn -85.617232 -9.906900 50.710399
vn -85.617232 -9.906900 50.710399
vn -81.757300 -1.709570 57.557134
vn -81.757300 -1.709570 57.557134
vn -81.757300 -1.709570 57.557134
vn -94.764133 -1.178062 -31.911972
vn -94.764133 -1.178062 -31.911972
vn -94.764133 -1.178062 -31.911972
vn -28.997091 5.547340 -95.542642
vn -28.997091 5.547340 -95.542642
vn -28.997091 5.547340 -95.542642
vn -24.147172 5.145304 -96.904285
vn -24.147172 5.145304 -96.904285
vn -24.147172 5.145304 -96.904285
vn -29.989790 -0.635435 -95.395014
vn -29.989790 -0.635435 -95.395014
vn -29.989790 -0.635435 -95.395014
vn -96.780884 -15.332016 -19.959759
vn -96.780884 -15.332016 -19.959759
vn -96.780884 -15.332016 -19.959759
vn 81.803371 56.882881 8.517509
vn 81.803371 56.882881 8.517509
vn 81.803371 56.882881 8.517509
vn -67.979414 59.180647 -43.318033
vn -67.979414 59.180647 -43.318033
vn -67.979414 59.180647 -43.318033
vn 27.502254 -75.738285 59.222783
vn 27.502254 -75.738285 59.222783
vn 27.502254 -75.738285 59.222783
vn 90.727904 -26.347048 32.776222
vn 90.727904 -26.347048 32.776222
vn 90.727904 -26.347048 32.776222
vn 89.961701 -22.972569 37.136982
vn 89.961701 -22.972569 37.136982
vn 89.961701 -22.972569 37.136982
vn 31.892218 29.408091 90.100228
vn 31.892218 29.408091 90.100228
vn 31.892218 29.408091 90.100228
vn 25.420010 41.816577 87.207780
vn 25.420010 41.816577 87.207780
vn 25.420010 41.816577 87.207780
vn 96.267925 5.619062 -26.474778
vn 96.267925 5.619062 -26.474778
vn 96.267925 5.619062 -26.474778
vn 98.597986 2.078614 -16.556483
vn 98.597986 2.078614 -16.556483
vn 98.597986 2.078614 -16.556483
vn 94.666055 -30.283161 11.012212
vn 94.666055 -30.283161 11.012212
vn 94.666055 -30.283161 11.012212
vn -57.066164 -33.752256 74.861475
vn -57.066164 -33.752256 74.861475
vn -57.066164 -33.752256 74.861475
vn 99.753434 6.985977 -0.670757
vn 99.753434 6.985977 -0.670757
vn 99.753434 6.985977 -0.670757
vn 99.957561 2.081841 2.037726
vn 99.957561 2.081841 2.037726
vn 99.957561 2.081841 2.037726
vn 77.738847 -31.081831 54.686310
vn 77.738847 -31.081831 54.686310
vn 77.738847 -31.081831 54.686310
vn 89.192981 -13.032397 -43.298616
vn 89.192981 -13.032397 -43.298616
vn 89.192981 -13.032397 -43.298616
vn 92.136480 0.035713 -38.869905
vn 92.136480 0.035713 -38.869905
vn 92.136480 0.035713 -38.869905
vn 5.218814 45.607019 88.841234
vn 5.218814 45.607019 88.841234
vn 5.218814 45.607019 88.841234
vn 54.316296 -75.731033 36.256735
vn 54.316296 -75.731033 36.256735
vn 54.316296 -75.731033 36.256735
vn -58.145588 -18.072011 -79.325241
vn -58.145588 -18.072011 -79.325241
vn -58.145588 -18.072011 -79.325241
vn -51.298186 66.221604 54.618639
vn -51.298186 66.221604 54.618639
vn -51.298186 66.221604 54.618639
vn 13.055765 1.800466 99.127732
vn 13.055765 1.800466 99.127732
vn 13.055765 1.800466 99.127732
vn 8.323293 26.911219 -95.950559
vn 8.323293 26.911219 -95.950559
vn 8.323293 26.911219 -95.950559
vn 45.854028 28.220488 -84.267510
vn 45.854028 28.220488 -84.267510
vn 45.854028 28.220488 -84.267510
vn 61.409239 -18.569766 76.707690
vn 61.409239 -18.569766 76.707690
vn 61.409239 -18.569766 76.707690
vn -7.450110 -2.214992 -99.697494
vn -7.450110 -2.214992 -99.697494
vn -7.450110 -2.214992 -99.697494
vn 99.170054 5.676007 11.536238
vn 99.170054 5.676007 11.536238
vn 99.170054 5.676007 11.536238
vn -91.019302 8.362862 -40.565373
vn -91.019302 8.362862 -40.565373
vn -91.019302 8.362862 -40.565373
vn -75.256733 28.549413 59.341014
vn -75.256733 28.549413 59.341014
vn -75.256733 28.549413 59.341014
vn -44.127854 33.652450 83.188011
vn -44.127854 33.652450 83.188011
vn -44.127854 33.652450 83.188011
vn 25.438335 -18.581010 -94.908574
vn 25.438335 -18.581010 -94.908574
vn 25.438335 -18.581010 -94.908574
vn 80.509950 -45.977527 37.472867
vn 80.509950 -45.977527 37.472867
vn 80.509950 -45.977527 37.472867
vn -10.376117 -83.540956 53.974492
vn -10.376117 -83.540956 53.974492
vn -10.376117 -83.540956 53.974492
vn 81.264102 48.935229 -31.646331
vn 81.264102 48.935229 -31.646331
vn 81.264102 48.935229 -31.646331
vn 30.577450 23.495051 92.265935
vn 30.577450 23.495051 92.265935
vn 30.577450 23.495051 92.265935
vn 82.702569 -54.188718 14.962241
vn 82.702569 -54.188718 14.962241
vn 82.702569 -54.188718 14.962241
vn 92.530926 -31.591199 20.976778
vn 92.530926 -31.591199 20.976778
vn 92.530926 -31.591199 20.976778
vn 14.948012 -69.305137 -70.522028
vn 14.948012 -69.305137 -70.522028
vn 14.948012 -69.305137 -70.522028
vn -88.287339 -37.552004 -28.199172
vn -88.287339 -37.552004 -28.199172
vn -88.287339 -37.552004 -28.199172
vn 48.425092 9.743834 86.948664
vn 48.425092 9.743834 86.948664
vn 48.425092 9.743834 86.948664
vn 99.020784 -13.954937 0.379686
vn 99.020784 -13.954937 0.379686
vn 99.020784 -13.954937 0.379686
vn 28.936705 76.050940 -58.128509
vn 28.936705 76.050940 -58.128509
vn 28.936705 76.050940 -58.128509
vn 99.318403 1.989223 11.484730
vn 99.318403 1.989223 11.484730
vn 99.318403 1.989223 11.484730
vn -54.574717 9.747347 83.226136
vn -54.574717 9.747347 83.226136
vn -54.574717 9.747347 83.226136
vn -28.877700 0.957914 -95.734854
vn -28.877700 0.957914 -95.734854
vn -28.877700 0.957914 -95.734854
vn -57.323942 -0.107538 -81.938730
vn -57.323942 -0.107538 -81.938730
vn -57.323942 -0.107538 -81.938730
vn -31.587490 32.469578 89.151324
vn -31.587490 32.469578 89.151324
vn -31.587490 32.469578 89.151324
vn -30.852063 24.440421 91.928322
vn -30.852063 24.440421 91.928322
vn -30.852063 24.440421 91.928322
vn -53.830271 -17.646982 82.406841
vn -53.830271 -17.646982 82.406841
vn -53.830271 -17.646982 82.406841
vn -19.371475 10.213080 97.572744
vn -19.371475 10.213080 97.572744
vn -19.371475 10.213080 97.572744
vn 0.605685 86.527218 50.126585
vn 0.605685 86.527218 50.126585
vn 0.605685 86.527218 50.126585
vn 35.159524 -38.886831 85.156456
vn 35.159524 -38.886831 85.156456
vn 35.159524 -38.886831 85.156456
vn -31.113208 -80.610384 -50.338198
vn -31.113208 -80.610384 -50.338198
vn -31.113208 -80.610384 -50.338198
vn 26.251513 58.268186 76.913441
vn 26.251513 58.268186 76.913441
vn 26.251513 58.268186 76.913441
vn -92.079471 24.637646 30.238327
vn -92.079471 24.637646 30.238327
vn -92.079471 24.637646 30.238327
vn -32.164516 29.467816 89.983843
vn -32.164516 29.467816 89.983843
vn -32.164516 29.467816 89.983843
vn -50.655020 -72.479150 46.699488
vn -50.655020 -72.479150 46.699488
vn -50.655020 -72.479150 46.699488
vn 36.372190 -71.001646 -60.297845
vn 36.372190 -71.001646 -60.297845
vn 36.372190 -71.001646 -60.297845
vn 85.558723 13.621704 -49.941509
vn 85.558723 13.621704 -49.941509
vn 85.558723 13.621704 -49.941509
vn 83.072652 -22.533573 50.903581
vn 83.072652 -22.533573 50.903581
vn 83.072652 -22.533573 50.903581
vn -0.387652 -99.855161 -5.366289
vn -0.387652 -99.855161 -5.366289
vn -0.387652 -99.855161 -5.366289
vn 2.315506 -99.798745 -5.903447
vn 2.315506 -99.798745 -5.903447
vn 2.315506 -99.798745 -5.903447
vn 2.533202 -99.923861 -2.967520
vn 2.533202 -99.923861 -2.967520
vn 2.533202 -99.923861 -2.967520
vn -0.008974 -99.913883 -4.149249
vn -0.008974 -99.913883 -4.149249
vn -0.008974 -99.913883 -4.149249
vn 38.039942 48.881289 78.508494
vn 38.039942 48.881289 78.508494
vn 38.039942 48.881289 78.508494
vn 98.234176 -18.683816 -0.980922
vn 98.234176 -18.683816 -0.980922
vn 98.234176 -18.683816 -0.980922
vn 70.519909 10.435338 70.128780
vn 70.519909 10.435338 70.128780
vn 70.519909 10.435338 70.128780
vn -58.912590 -80.779283 -2.003690
vn -58.912590 -80.779283 -2.003690
vn -58.912590 -80.779283 -2.003690
vn 57.548431 -13.543936 80.651976
vn 57.548431 -13.543936 80.651976
vn 57.548431 -13.543936 80.651976
vn -72.630506 -36.896696 57.995200
vn -72.630506 -36.896696 57.995200
vn -72.630506 -36.896696 57.995200
vn 82.178974 12.198650 -55.657963
vn 82.178974 12.198650 -55.657963
vn 82.178974 12.198650 -55.657963
vn -80.076026 5.709066 59.625812
vn -80.076026 5.709066 59.625812
vn -80.076026 5.709066 59.625812
vn -63.489212 -75.381940 -16.931756
vn -63.489212 -75.381940 -16.931756
vn -63.489212 -75.381940 -16.931756
vn 2.320537 -8.068088 99.646979
vn 2.320537 -8.068088 99.646979
vn 2.320537 -8.068088 99.646979
vn -55.608192 20.544034 80.533678
vn -55.608192 20.544034 80.533678
vn -55.608192 20.544034 80.533678
vn 3.101781 -99.249304 -11.830277
vn 3.101781 -99.249304 -11.830277
vn 3.101781 -99.249304 -11.830277
vn 5.373966 47.358045 -87.910963
vn 5.373966 47.358045 -87.910963
vn 5.373966 47.358045 -87.910963
vn 89.949685 42.076747 11.772921
vn 89.949685 42.076747 11.772921
vn 89.949685 42.076747 11.772921
vn 48.261979 -20.763349 85.086230
vn 48.261979 -20.763349 85.086230
vn 48.261979 -20.763349 85.086230
vn -13.836955 17.854382 97.415399
vn -13.836955 17.854382 97.415399
vn -13.836955 17.854382 97.415399
vn 14.763204 -77.616682 -61.300076
vn 14.763204 -77.616682 -61.300076
vn 14.763204 -77.616682 -61.300076
vn 92.638886 -25.287378 -27.903166
vn 92.638886 -25.287378 -27.903166
vn 92.638886 -25.287378 -27.903166
vn 49.786750 -86.614705 -4.378806
vn 49.786750 -86.614705 -4.378806
vn 49.786750 -86.614705 -4.378806
vn 91.656277 -2.028766 39.937588
vn 91.656277 -2.028766 39.937588
vn 91.656277 -2.028766 39.937588
vn 12.448350 20.701531 97.038583
vn 12.448350 20.701531 97.038583
vn 12.448350 20.701531 97.038583
vn -88.111141 -15.054671 -44.830637
vn -88.111141 -15.054671 -44.830637
vn -88.111141 -15.054671 -44.830637
vn 73.194855 -6.225262 -67.851013
vn 73.194855 -6.225262 -67.851013
vn 73.194855 -6.225262 -67.851013
vn 85.187910 -10.715979 -51.265875
vn 85.187910 -10.715979 -51.265875
vn 85.187910 -10.715979 -51.265875
vn 77.156028 -18.813392 -60.770101
vn 77.156028 -18.813392 -60.770101
vn 77.156028 -18.813392 -60.770101
vn 76.802157 -12.308279 62.848524
vn 76.802157 -12.308279 62.848524
vn 76.802157 -12.308279 62.848524
vn 19.145155 -98.003960 5.356041
vn 19.145155 -98.003960 5.356041
vn 19.145155 -98.003960 5.356041
vn -44.799540 -15.034326 88.130424
vn -44.799540 -15.034326 88.130424
vn -44.799540 -15.034326 88.130424
vn 82.159597 0.463820 -57.005140
vn 82.159597 0.463820 -57.005140
vn 82.159597 0.463820 -57.005140
vn 84.639906 12.300096 -51.815001
vn 84.639906 12.300096 -51.815001
vn 84.639906 12.300096 -51.815001
vn 98.894570 -12.072910 -8.608668
vn 98.894570 -12.072910 -8.608668
vn 98.894570 -12.072910 -8.608668
vn -95.055881 -29.802121 -8.730006
vn -95.055881 -29.802121 -8.730006
vn -95.055881 -29.802121 -8.730006
vn 71.521652 -69.862564 -1.968847
vn 71.521652 -69.862564 -1.968847
vn 71.521652 -69.862564 -1.968847
vn 49.157246 12.724487 86.149025
vn 49.157246 12.724487 86.149025
vn 49.157246 12.724487 86.149025
vn 49.522704 18.252421 84.937336
vn 49.522704 18.252421 84.937336
vn 49.522704 18.252421 84.937336
vn -42.322205 14.691843 89.403476
vn -42.322205 14.691843 89.403476
vn -42.322205 14.691843 89.403476
vn -42.362149 21.708911 87.944148
vn -42.362149 21.708911 87.944148
vn -42.362149 21.708911 87.944148
vn 35.564955 6.814055 93.213223
vn 35.564955 6.814055 93.213223
vn 35.564955 6.814055 93.213223
vn 31.473310 10.588142 94.325623
vn 31.473310 10.588142 94.325623
vn 31.473310 10.588142 94.325623
vn -97.379851 -4.290051 -22.332935
vn -97.379851 -4.290051 -22.332935
vn -97.379851 -4.290051 -22.332935
vn -68.455834 0.257437 -72.895365
vn -68.455834 0.257437 -72.895365
vn -68.455834 0.257437 -72.895365
vn -97.923480 16.386950 -11.935649
vn -97.923480 16.386950 -11.935649
vn -97.923480 16.386950 -11.935649
vn -24.971189 2.844657 96.790235
vn -24.971189 2.844657 96.790235
vn -24.971189 2.844657 96.790235
vn -28.545325 -1.895432 95.820517
vn -28.545325 -1.895432 95.820517
vn -28.545325 -1.895432 95.820517
vn -31.465012 4.950676 94.791583
vn -31.465012 4.950676 94.791583
vn -31.465012 4.950676 94.791583
vn -50.334448 16.616230 84.795908
vn -50.334448 16.616230 84.795908
vn -50.334448 16.616230 84.795908
vn -52.046111 -85.228400 -5.227018
vn -52.046111 -85.228400 -5.227018
vn -52.046111 -85.228400 -5.227018
vn -67.600661 -66.533047 -31.678160
vn -67.600661 -66.533047 -31.678160
vn -67.600661 -66.533047 -31.678160
vn 18.745798 -70.451865 -68.448014
vn 18.745798 -70.451865 -68.448014
vn 18.745798 -70.451865 -68.448014
vn -18.596430 -58.475545 -78.960645
vn -18.596430 -58.475545 -78.960645
vn -18.596430 -58.475545 -78.960645
vn -68.764176 -59.416464 41.727368
vn -68.764176 -59.416464 41.727368
vn -68.764176 -59.416464 41.727368
vn -59.130462 -0.048022 80.644817
vn -59.130462 -0.048022 80.644817
vn -59.130462 -0.048022 80.644817
vn -14.582819 16.393487 97.563292
vn -14.582819 16.393487 97.563292
vn -14.582819 16.393487 97.563292
vn -13.642491 5.381666 -98.918762
vn -13.642491 5.381666 -98.918762
vn -13.642491 5.381666 -98.918762
vn -31.363184 -57.437440 -75.612773
vn -31.363184 -57.437440 -75.612773
vn -31.363184 -57.437440 -75.612773
vn 51.836289 18.846742 83.413424
vn 51.836289 18.846742 83.413424
vn 51.836289 18.846742 83.413424
vn -92.263712 20.359585 32.755083
vn -92.263712 20.359585 32.755083
vn -92.263712 20.359585 32.755083
vn 27.132266 -90.394427 -33.055845
vn 27.132266 -90.394427 -33.055845
vn 27.132266 -90.394427 -33.055845
vn 28.291676 58.031699 -76.366912
vn 28.291676 58.031699 -76.366912
vn 28.291676 58.031699 -76.366912
vn -13.437106 87.495997 46.517695
vn -13.437106 87.495997 46.517695
vn -13.437106 87.495997 46.517695
vn -87.055013 -34.168627 -35.410866
vn -87.055013 -34.168627 -35.410866
vn -87.055013 -34.168627 -35.410866
vn 53.610598 -28.020002 79.629040
vn 53.610598 -28.020002 79.629040
vn 53.610598 -28.020002 79.629040
vn -51.260999 -10.869324 85.171403
vn -51.260999 -10.869324 85.171403
vn -51.260999 -10.869324 85.171403
vn -41.414226 -9.933906 90.477512
vn -41.414226 -9.933906 90.477512
vn -41.414226 -9.933906 90.477512
vn 83.274103 14.026140 53.560186
vn 83.274103 14.026140 53.560186
vn 83.274103 14.026140 53.560186
vn -56.362212 9.794501 82.020547
vn -56.362212 9.794501 82.020547
vn -56.362212 9.794501 82.020547
vn 55.214694 4.920418 83.229377
vn 55.214694 4.920418 83.229377
vn 55.214694 4.920418 83.229377
vn -6.116920 -12.461541 99.031778
vn -6.116920 -12.461541 99.031778
vn -6.116920 -12.461541 99.031778
vn 3.856362 -30.953944 -95.010429
vn 3.856362 -30.953944 -95.010429
vn 3.856362 -30.953944 -95.010429
vn 23.012224 -38.952939 -89.180201
vn 23.012224 -38.952939 -89.180201
vn 23.012224 -38.952939 -89.180201
vn -11.578658 10.594013 98.760835
vn -11.578658 10.594013 98.760835
vn -11.578658 10.594013 98.760835
vn -55.212802 -11.882170 -82.524921
vn -55.212802 -11.882170 -82.524921
vn -55.212802 -11.882170 -82.524921
vn 74.102518 61.869621 26.095330
vn 74.102518 61.869621 26.095330
vn 74.102518 61.869621 26.095330
f 1//1 2//2 3//3
f 4//4 5//5 6//6
f 7//7 8//8 9//9
f 10//10 11//11 12//12
f 13//13 14//14 15//15
f 16//16 17//17 18//18
f 19//19 20//20 21//21
f 22//22 23//23 24//24
f 25//25 26//26 27//27
f 28//28 29//29 30//30
f 31//31 32//32 33//33
f 34//34 35//35 36//36
f 37//37 38//38 39//39
f 40//40 41//41 42//42
f 43//43 44//44 45//45
f 46//46 47//47 48//48
f 49//49 50//50 51//51
f 52//52 53//53 54//54
f 55//55 56//56 57//57
f 58//58 59//59 60//60
f 61//61 62//62 63//63
f 64//64 65//65 66//66
f 67//67 68//68 69//69
f 70//70 71//71 72//72
f 73//73 74//74 75//75
f 76//76 77//77 78//78
f 79//79 80//80 81//81
f 82//82 83//83 84//84
f 85//85 86//86 87//87
f 88//88 89//89 90//90
f 91//91 92//92 93//93
f 94//94 95//95 96//96
f 97//97 98//98 99//99
f 100//100 101//101 102//102
f 103//103 104//104 105//105
f 106//106 107//107 108//108
f 109//109 110//110 111//111
f 112//112 113//113 114//114
f 115//115 116//116 117//117
f 118//118 119//119 120//120
f 121//121 122//122 123//123
f 124//124 125//125 126//126
f 127//127 128//128 129//129
f 130//130 131//131 132//132
f 133//133 134//134 135//135
f 136//136 137//137 138//138
f 139//139 140//140 141//141
f 142//142 143//143 144//144
f 145//145 146//146 147//147
f 148//148 149//149 150//150
f 151//151 152//152 153//153
f 154//154 155//155 156//156
f 157//157 158//158 159//159
f 160//160 161//161 162//162
f 163//163 164//164 165//165
f 166//166 167//167 168//168
f 169//169 170//170 171//171
f 172//172 173//173 174//174
f 175//175 176//176 177//177
f 178//178 179//179 180//180
f 181//181 182//182 183//183
f 184//184 185//185 186//186
f 187//187 188//188 189//189
f 190//190 191//191 192//192
f 193//193 194//194 195//195
f 196//196 197//197 198//198
f 199//199 200//200 201//201
f 202//202 203//203 204//204
f 205//205 206//206 207//207
f 208//208 209//209 210//210
f 211//211 212//212 213//213
f 214//214 215//215 216//216
f 217//217 218//218 219//219
f 220//220 221//221 222//222
f 223//223 224//224 225//225
f 226//226 227//227 228//228
f 229//229 230//230 231//231
f 232//232 233//233 234//234
f 235//235 236//236 237//237
f 238//238 239//239 240//240
f 241//241 242//242 243//243
f 244//244 245//245 246//246
f 247//247 248//248 249//249
f 250//250 251//251 252//252
f 253//253 254//254 255//255
f 256//256 257//257 258//258
f 259//259 260//260 261//261
f 262//262 263//263 264//264
f 265//265 266//266 267//267
f 268//268 269//269 270//270
f 271//271 272//272 273//273
f 274//274 275//275 276//276
f 277//277 278//278 279//279
f 280//280 281//281 282//282
f 283//283 284//284 285//285
f 286//286 287//287 288//288
f 289//289 290//290 291//291
f 292//292 293//293 294//294
f 295//295 296//296 297//297
f 298//298 299//299 300//300
f 301//301 302//302 303//303
f 304//304 305//305 306//306
f 307//307 308//308 309//309
f 310//310 311//311 312//312
f 313//313 314//314 315//315
f 316//316 317//317 318//318
f 319//319 320//320 321//321
f 322//322 323//323 324//324
f 325//325 326//326 327//327
f 328//328 329//329 330//330
f 331//331 332//332 333//333
f 334//334 335//335 336//336
f 337//337 338//338 339//339
f 340//340 341//341 342//342
f 343//343 344//344 345//345
f 346//346 347//347 348//348
f 349//349 350//350 351//351
f 352//352 353//353 354//354
f 355//355 356//356 357//357
f 358//358 359//359 360//360
f 361//361 362//362 363//363
f 364//364 365//365 366//366
f 367//367 368//368 369//369
f 370//370 371//371 372//372
f 373//373 374//374 375//375
f 376//376 377//377 378//378
f 379//379 380//380 381//381
f 382//382 383//383 384//384
f 385//385 386//386 387//387
f 388//388 389//389 390//390
f 391//391 392//392 393//393
f 394//394 395//395 396//396
f 397//397 398//398 399//399
f 400//400 401//401 402//402
f 403//403 404//404 405//405
f 406//406 407//407 408//408
f 409//409 410//410 411//411
f 412//412 413//413 414//414
f 415//415 416//416 417//417
f 418//418 419//419 420//420
f 421//421 422//422 423//423
f 424//424 425//425 426//426
f 427//427 428//428 429//429
f 430//430 431//431 432//432
f 433//433 434//434 435//435
f 436//436 437//437 438//438
f 439//439 440//440 441//441
f 442//442 443//443 444//444
f 445//445 446//446 447//447
f 448//448 449//449 450//450
f 451//451 452//452 453//453
f 454//454 455//455 456//456
f 457//457 458//458 459//459
f 460//460 461//461 462//462
f 463//463 464//464 465//465
f 466//466 467//467 468//468
f 469//469 470//470 471//471
f 472//472 473//473 474//474
f 475//475 476//476 477//477
f 478//478 479//479 480//480
f 481//481 482//482 483//483
f 484//484 485//485 486//486
f 487//487 488//488 489//489
f 490//490 491//491 492//492
f 493//493 494//494 495//495
f 496//496 497//497 498//498
f 499//499 500//500 501//501
f 502//502 503//503 504//504
f 505//505 506//506 507//507
f 508//508 509//509 510//510
f 511//511 512//512 513//513
f 514//514 515//515 516//516
f 517//517 518//518 519//519
f 520//520 521//521 522//522
f 523//523 524//524 525//525
f 526//526 527//527 528//528
f 529//529 530//530 531//531
f 532//532 533//533 534//534
f 535//535 536//536 537//537
f 538//538 539//539 540//540
f 541//541 542//542 543//543
f 544//544 545//545 546//546
f 547//547 548//548 549//549
f 550//550 551//551 552//552
f 553//553 554//554 555//555
f 556//556 557//557 558//558
f 559//559 560//560 561//561
f 562//562 563//563 564//564
f 565//565 566//566 567//567
f 568//568 569//569 570//570
f 571//571 572//572 573//573
f 574//574 575//575 576//576
f 577//577 578//578 579//579
f 580//580 581//581 582//582
f 583//583 584//584 585//585
f 586//586 587//587 588//588
f 589//589 590//590 591//591
f 592//592 593//593 594//594
f 595//595 596//596 597//597
f 598//598 599//599 600//600
f 601//601 602//602 603//603
f 604//604 605//605 606//606
f 607//607 608//608 609//609
f 610//610 611//611 612//612
f 613//613 614//614 615//615
f 616//616 617//617 618//618
f 619//619 620//620 621//621
f 622//622 623//623 624//624
f 625//625 626//626 627//627
f 628//628 629//629 630//630
f 631//631 632//632 633//633
f 634//634 635//635 636//636
f 637//637 638//638 639//639
f 640//640 641//641 642//642
f 643//643 644//644 645//645
f 646//646 647//647 648//648
f 649//649 650//650 651//651
f 652//652 653//653 654//654
f 655//655 656//656 657//657
f 658//658 659//659 660//660
f 661//661 662//662 663//663
f 664//664 665//665 666//666
f 667//667 668//668 669//669
f 670//670 671//671 672//672
f 673//673 674//674 675//675
f 676//676 677//677 678//678
f 679//679 680//680 681//681
f 682//682 683//683 684//684
f 685//685 686//686 687//687
f 688//688 689//689 690//690
f 691//691 692//692 693//693
f 694//694 695//695 696//696
f 697//697 698//698 699//699
f 700//700 701//701 702//702
f 703//703 704//704 705//705
f 706//706 707//707 708//708
f 709//709 710//710 711//711
f 712//712 713//713 714//714
f 715//715 716//716 717//717
f 718//718 719//719 720//720
f 721//721 722//722 723//723
f 724//724 725//725 726//726
f 727//727 728//728 729//729
f 730//730 731//731 732//732
f 733//733 734//734 735//735
f 736//736 737//737 738//738
f 739//739 740//740 741//741
f 742//742 743//743 744//744
f 745//745 746//746 747//747
f 748//748 749//749 750//750
f 751//751 752//752 753//753
f 754//754 755//755 756//756
f 757//757 758//758 759//759
f 760//760 761//761 762//762
f 763//763 764//764 765//765
f 766//766 767//767 768//768
f 769//769 770//770 771//771
f 772//772 773//773 774//774
f 775//775 776//776 777//777
f 778//778 779//779 780//780
f 781//781 782//782 783//783
f 784//784 785//785 786//786
f 787//787 788//788 789//789
f 790//790 791//791 792//792
f 793//793 794//794 795//795
f 796//796 797//797 798//798
f 799//799 800//800 801//801
f 802//802 803//803 804//804
f 805//805 806//806 807//807
f 808//808 809//809 810//810
f 811//811 812//812 813//813
f 814//814 815//815 816//816
f 817//817 818//818 819//819
f 820//820 821//821 822//822
f 823//823 824//824 825//825
f 826//826 827//827 828//828
f 829//829 830//830 831//831
f 832//832 833//833 834//834
f 835//835 836//836 837//837
f 838//838 839//839 840//840
f 841//841 842//842 843//843
f 844//844 845//845 846//846
f 847//847 848//848 849//849
f 850//850 851//851 852//852
f 853//853 854//854 855//855
f 856//856 857//857 858//858
f 859//859 860//860 861//861
f 862//862 863//863 864//864
f 865//865 866//866 867//867
f 868//868 869//869 870//870
f 871//871 872//872 873//873
f 874//874 875//875 876//876
f 877//877 878//878 879//879
f 880//880 881//881 882//882
f 883//883 884//884 885//885
f 886//886 887//887 888//888
f 889//889 890//890 891//891
f 892//892 893//893 894//894
f 895//895 896//896 897//897
f 898//898 899//899 900//900
f 901//901 902//902 903//903
f 904//904 905//905 906//906
f 907//907 908//908 909//909
f 910//910 911//911 912//912
f 913//913 914//914 915//915
f 916//916 917//917 918//918
f 919//919 920//920 921//921
f 922//922 923//923 924//924
f 925//925 926//926 927//927
f 928//928 929//929 930//930
f 931//931 932//932 933//933
f 934//934 935//935 936//936
f 937//937 938//938 939//939
f 940//940 941//941 942//942
f 943//943 944//944 945//945
f 946//946 947//947 948//948
f 949//949 950//950 951//951
f 952//952 953//953 954//954
f 955//955 956//956 957//957
f 958//958 959//959 960//960
f 961//961 962//962 963//963
f 964//964 965//965 966//966
f 967//967 968//968 969//969
f 970//970 971//971 972//972
f 973//973 974//974 975//975
f 976//976 977//977 978//978
f 979//979 980//980 981//981
f 982//982 983//983 984//984
f 985//985 986//986 987//987
f 988//988 989//989 990//990
f 991//991 992//992 993//993
f 994//994 995//995 996//996
f 997//997 998//998 999//999
f 1000//1000 1001//1001 1002//1002
f 1003//1003 1004//1004 1005//1005
f 1006//1006 1007//1007 1008//1008
f 1009//1009 1010//1010 1011//1011
f 1012//1012 1013//1013 1014//1014
f 1015//1015 1016//1016 1017//1017
f 1018//1018 1019//1019 1020//1020
f 1021//1021 1022//1022 1023//1023
f 1024//1024 1025//1025 1026//1026
f 1027//1027 1028//1028 1029//1029
f 1030//1030 1031//1031 1032//1032
f 1033//1033 1034//1034 1035//1035
f 1036//1036 1037//1037 1038//1038
f 1039//1039 1040//1040 1041//1041
f 1042//1042 1043//1043 1044//1044
f 1045//1045 1046//1046 1047//1047
f 1048//1048 1049//1049 1050//1050
f 1051//1051 1052//1052 1053//1053
f 1054//1054 1055//1055 1056//1056
f 1057//1057 1058//1058 1059//1059
f 1060//1060 1061//1061 1062//1062
f 1063//1063 1064//1064 1065//1065
f 1066//1066 1067//1067 1068//1068
f 1069//1069 1070//1070 1071//1071
f 1072//1072 1073//1073 1074//1074
f 1075//1075 1076//1076 1077//1077
f 1078//1078 1079//1079 1080//1080
f 1081//1081 1082//1082 1083//1083
f 1084//1084 1085//1085 1086//1086
f 1087//1087 1088//1088 1089//1089
f 1090//1090 1091//1091 1092//1092
f 1093//1093 1094//1094 1095//1095
f 1096//1096 1097//1097 1098//1098
f 1099//1099 1100//1100 1101//1101
f 1102//1102 1103//1103 1104//1104
f 1105//1105 1106//1106 1107//1107
f 1108//1108 1109//1109 1110//1110
f 1111//1111 1112//1112 1113//1113
f 1114//1114 1115//1115 1116//1116
f 1117//1117 1118//1118 1119//1119
f 1120//1120 1121//1121 1122//1122
f 1123//1123 1124//1124 1125//1125
f 1126//1126 1127//1127 1128//1128
f 1129//1129 1130//1130 1131//1131
f 1132//1132 1133//1133 1134//1134
f 1135//1135 1136//1136 1137//1137
f 1138//1138 1139//1139 1140//1140
f 1141//1141 1142//1142 1143//1143
f 1144//1144 1145//1145 1146//1146
f 1147//1147 1148//1148 1149//1149
f 1150//1150 1151//1151 1152//1152
f 1153//1153 1154//1154 1155//1155
f 1156//1156 1157//1157 1158//1158
f 1159//1159 1160//1160 1161//1161
f 1162//1162 1163//1163 1164//1164
f 1165//1165 1166//1166 1167//1167
f 1168//1168 1169//1169 1170//1170
f 1171//1171 1172//1172 1173//1173
f 1174//1174 1175//1175 1176//1176
f 1177//1177 1178//1178 1179//1179
f 1180//1180 1181//1181 1182//1182
f 1183//1183 1184//1184 1185//1185
f 1186//1186 1187//1187 1188//1188
f 1189//1189 1190//1190 1191//1191
f 1192//1192 1193//1193 1194//1194
f 1195//1195 1196//1196 1197//1197
f 1198//1198 1199//1199 1200//1200
f 1201//1201 1202//1202 1203//1203
f 1204//1204 1205//1205 1206//1206
f 1207//1207 1208//1208 1209//1209
f 1210//1210 1211//1211 1212//1212
f 1213//1213 1214//1214 1215//1215
f 1216//1216 1217//1217 1218//1218
f 1219//1219 1220//1220 1221//1221
f 1222//1222 1223//1223 1224//1224
f 1225//1225 1226//1226 1227//1227
f 1228//1228 1229//1229 1230//1230
f 1231//1231 1232//1232 1233//1233
f 1234//1234 1235//1235 1236//1236
f 1237//1237 1238//1238 1239//1239
f 1240//1240 1241//1241 1242//1242
f 1243//1243 1244//1244 1245//1245
f 1246//1246 1247//1247 1248//1248
f 1249//1249 1250//1250 1251//1251
f 1252//1252 1253//1253 1254//1254
f 1255//1255 1256//1256 1257//1257
f 1258//1258 1259//1259 1260//1260
f 1261//1261 1262//1262 1263//1263
f 1264//1264 1265//1265 1266//1266
f 1267//1267 1268//1268 1269//1269
f 1270//1270 1271//1271 1272//1272
f 1273//1273 1274//1274 1275//1275
f 1276//1276 1277//1277 1278//1278
f 1279//1279 1280//1280 1281//1281
f 1282//1282 1283//1283 1284//1284
f 1285//1285 1286//1286 1287//1287
f 1288//1288 1289//1289 1290//1290
f 1291//1291 1292//1292 1293//1293
f 1294//1294 1295//1295 1296//1296
f 1297//1297 1298//1298 1299//1299
f 1300//1300 1301//1301 1302//1302
f 1303//1303 1304//1304 1305//1305
f 1306//1306 1307//1307 1308//1308
f 1309//1309 1310//1310 1311//1311
f 1312//1312 1313//1313 1314//1314
f 1315//1315 1316//1316 1317//1317
f 1318//1318 1319//1319 1320//1320
f 1321//1321 1322//1322 1323//1323
f 1324//1324 1325//1325 1326//1326
f 1327//1327 1328//1328 1329//1329
f 1330//1330 1331//1331 1332//1332
f 1333//1333 1334//1334 1335//1335
f 1336//1336 1337//1337 1338//1338
f 1339//1339 1340//1340 1341//1341
f 1342//1342 1343//1343 1344//1344
f 1345//1345 1346//1346 1347//1347
f 1348//1348 1349//1349 1350//1350
f 1351//1351 1352//1352 1353//1353
f 1354//1354 1355//1355 1356//1356
f 1357//1357 1358//1358 1359//1359
f 1360//1360 1361//1361 1362//1362
f 1363//1363 1364//1364 1365//1365
f 1366//1366 1367//1367 1368//1368
f 1369//1369 1370//1370 1371//1371
f 1372//1372 1373//1373 1374//1374
f 1375//1375 1376//1376 1377//1377
f 1378//1378 1379//1379 1380//1380
f 1381//1381 1382//1382 1383//1383
f 1384//1384 1385//1385 1386//1386
f 1387//1387 1388//1388 1389//1389
f 1390//1390 1391//1391 1392//1392
f 1393//1393 1394//1394 1395//1395
f 1396//1396 1397//1397 1398//1398
f 1399//1399 1400//1400 1401//1401
f 1402//1402 1403//1403 1404//1404
f 1405//1405 1406//1406 1407//1407
f 1408//1408 1409//1409 1410//1410
f 1411//1411 1412//1412 1413//1413
f 1414//1414 1415//1415 1416//1416
f 1417//1417 1418//1418 1419//1419
f 1420//1420 1421//1421 1422//1422
f 1423//1423 1424//1424 1425//1425
f 1426//1426 1427//1427 1428//1428
f 1429//1429 1430//1430 1431//1431
f 1432//1432 1433//1433 1434//1434
f 1435//1435 1436//1436 1437//1437
f 1438//1438 1439//1439 1440//1440
f 1441//1441 1442//1442 1443//1443
f 1444//1444 1445//1445 1446//1446
f 1447//1447 1448//1448 1449//1449
f 1450//1450 1451//1451 1452//1452
f 1453//1453 1454//1454 1455//1455
f 1456//1456 1457//1457 1458//1458
f 1459//1459 1460//1460 1461//1461
f 1462//1462 1463//1463 1464//1464
f 1465//1465 1466//1466 1467//1467
f 1468//1468 1469//1469 1470//1470
f 1471//1471 1472//1472 1473//1473
f 1474//1474 1475//1475 1476//1476
f 1477//1477 1478//1478 1479//1479
f 1480//1480 1481//1481 1482//1482
f 1483//1483 1484//1484 1485//1485
f 1486//1486 1487//1487 1488//1488
f 1489//1489 1490//1490 1491//1491
f 1492//1492 1493//1493 1494//1494
f 1495//1495 1496//1496 1497//1497
f 1498//1498 1499//1499 1500//1500
f 1501//1501 1502//1502 1503//1503
f 1504//1504 1505//1505 1506//1506
f 1507//1507 1508//1508 1509//1509
f 1510//1510 1511//1511 1512//1512
f 1513//1513 1514//1514 1515//1515
f 1516//1516 1517//1517 1518//1518
f 1519//1519 1520//1520 1521//1521
f 1522//1522 1523//1523 1524//1524
f 1525//1525 1526//1526 1527//1527
f 1528//1528 1529//1529 1530//1530
f 1531//1531 1532//1532 1533//1533
f 1534//1534 1535//1535 1536//1536
f 1537//1537 1538//1538 1539//1539
f 1540//1540 1541//1541 1542//1542
f 1543//1543 1544//1544 1545//1545
f 1546//1546 1547//1547 1548//1548
f 1549//1549 1550//1550 1551//1551
f 1552//1552 1553//1553 1554//1554
f 1555//1555 1556//1556 1557//1557
f 1558//1558 1559//1559 1560//1560
f 1561//1561 1562//1562 1563//1563
f 1564//1564 1565//1565 1566//1566
f 1567//1567 1568//1568 1569//1569
f 1570//1570 1571//1571 1572//1572
f 1573//1573 1574//1574 1575//1575
f 1576//1576 1577//1577 1578//1578
f 1579//1579 1580//1580 1581//1581
f 1582//1582 1583//1583 1584//1584
f 1585//1585 1586//1586 1587//1587
f 1588//1588 1589//1589 1590//1590
f 1591//1591 1592//1592 1593//1593
f 1594//1594 1595//1595 1596//1596
f 1597//1597 1598//1598 1599//1599
f 1600//1600 1601//1601 1602//1602
f 1603//1603 1604//1604 1605//1605
f 1606//1606 1607//1607 1608//1608
f 1609//1609 1610//1610 1611//1611
f 1612//1612 1613//1613 1614//1614
f 1615//1615 1616//1616 1617//1617
f 1618//1618 1619//1619 1620//1620
f 1621//1621 1622//1622 1623//1623
f 1624//1624 1625//1625 1626//1626
f 1627//1627 1628//1628 1629//1629
f 1630//1630 1631//1631 1632//1632
f 1633//1633 1634//1634 1635//1635
f 1636//1636 1637//1637 1638//1638
f 1639//1639 1640//1640 1641//1641
f 1642//1642 1643//1643 1644//1644
f 1645//1645 1646//1646 1647//1647
f 1648//1648 1649//1649 1650//1650
f 1651//1651 1652//1652 1653//1653
f 1654//1654 1655//1655 1656//1656
f 1657//1657 1658//1658 1659//1659
f 1660//1660 1661//1661 1662//1662
f 1663//1663 1664//1664 1665//1665
f 1666//1666 1667//1667 1668//1668
f 1669//1669 1670//1670 1671//1671
f 1672//1672 1673//1673 1674//1674
f 1675//1675 1676//1676 1677//1677
f 1678//1678 1679//1679 1680//1680
f 1681//1681 1682//1682 1683//1683
f 1684//1684 1685//1685 1686//1686
f 1687//1687 1688//1688 1689//1689
f 1690//1690 1691//1691 1692//1692
f 1693//1693 1694//1694 1695//1695
f 1696//1696 1697//1697 1698//1698
f 1699//1699 1700//1700 1701//1701
f 1702//1702 1703//1703 1704//1704
f 1705//1705 1706//1706 1707//1707
f 1708//1708 1709//1709 1710//1710
f 1711//1711 1712//1712 1713//1713
f 1714//1714 1715//1715 1716//1716
f 1717//1717 1718//1718 1719//1719
f 1720//1720 1721//1721 1722//1722
f 1723//1723 1724//1724 1725//1725
f 1726//1726 1727//1727 1728//1728
f 1729//1729 1730//1730 1731//1731
f 1732//1732 1733//1733 1734//1734
f 1735//1735 1736//1736 1737//1737
f 1738//1738 1739//1739 1740//1740
f 1741//1741 1742//1742 1743//1743
f 1744//1744 1745//1745 1746//1746
f 1747//1747 1748//1748 1749//1749
f 1750//1750 1751//1751 1752//1752
f 1753//1753 1754//1754 1755//1755
f 1756//1756 1757//1757 1758//1758
f 1759//1759 1760//1760 1761//1761
f 1762//1762 1763//1763 1764//1764
f 1765//1765 1766//1766 1767//1767
f 1768//1768 1769//1769 1770//1770
f 1771//1771 1772//1772 1773//1773
f 1774//1774 1775//1775 1776//1776
f 1777//1777 1778//1778 1779//1779
f 1780//1780 1781//1781 1782//1782
f 1783//1783 1784//1784 1785//1785
f 1786//1786 1787//1787 1788//1788
f 1789//1789 1790//1790 1791//1791
f 1792//1792 1793//1793 1794//1794
f 1795//1795 1796//1796 1797//1797
f 1798//1798 1799//1799 1800//1800
f 1801//1801 1802//1802 1803//1803
f 1804//1804 1805//1805 1806//1806
f 1807//1807 1808//1808 1809//1809
f 1810//1810 1811//1811 1812//1812
f 1813//1813 1814//1814 1815//1815
f 1816//1816 1817//1817 1818//1818
f 1819//1819 1820//1820 1821//1821
f 1822//1822 1823//1823 1824//1824
f 1825//1825 1826//1826 1827//1827
f 1828//1828 1829//1829 1830//1830
f 1831//1831 1832//1832 1833//1833
f 1834//1834 1835//1835 1836//1836
f 1837//1837 1838//1838 1839//1839
f 1840//1840 1841//1841 1842//1842
f 1843//1843 1844//1844 1845//1845
f 1846//1846 1847//1847 1848//1848
f 1849//1849 1850//1850 1851//1851
f 1852//1852 1853//1853 1854//1854
f 1855//1855 1856//1856 1857//1857
f 1858//1858 1859//1859 1860//1860
f 1861//1861 1862//1862 1863//1863
f 1864//1864 1865//1865 1866//1866
f 1867//1867 1868//1868 1869//1869
f 1870//1870 1871//1871 1872//1872
f 1873//1873 1874//1874 1875//1875
f 1876//1876 1877//1877 1878//1878
f 1879//1879 1880//1880 1881//1881
f 1882//1882 1883//1883 1884//1884
f 1885//1885 1886//1886 1887//1887
f 1888//1888 1889//1889 1890//1890
f 1891//1891 1892//1892 1893//1893
f 1894//1894 1895//1895 1896//1896
f 1897//1897 1898//1898 1899//1899
f 1900//1900 1901//1901 1902//1902
f 1903//1903 1904//1904 1905//1905
f 1906//1906 1907//1907 1908//1908
f 1909//1909 1910//1910 1911//1911
f 1912//1912 1913//1913 1914//1914
f 1915//1915 1916//1916 1917//1917
f 1918//1918 1919//1919 1920//1920
f 1921//1921 1922//1922 1923//1923
f 1924//1924 1925//1925 1926//1926
f 1927//1927 1928//1928 1929//1929
f 1930//1930 1931//1931 1932//1932
f 1933//1933 1934//1934 1935//1935
f 1936//1936 1937//1937 1938//1938
f 1939//1939 1940//1940 1941//1941
f 1942//1942 1943//1943 1944//1944
f 1945//1945 1946//1946 1947//1947
f 1948//1948 1949//1949 1950//1950
f 1951//1951 1952//1952 1953//1953
f 1954//1954 1955//1955 1956//1956
f 1957//1957 1958//1958 1959//1959
f 1960//1960 1961//1961 1962//1962
f 1963//1963 1964//1964 1965//1965
f 1966//1966 1967//1967 1968//1968
f 1969//1969 1970//1970 1971//1971
f 1972//1972 1973//1973 1974//1974
f 1975//1975 1976//1976 1977//1977
f 1978//1978 1979//1979 1980//1980
f 1981//1981 1982//1982 1983//1983
f 1984//1984 1985//1985 1986//1986
f 1987//1987 1988//1988 1989//1989
f 1990//1990 1991//1991 1992//1992
f 1993//1993 1994//1994 1995//1995
f 1996//1996 1997//1997 1998//1998
f 1999//1999 2000//2000 2001//2001
f 2002//2002 2003//2003 2004//2004
f 2005//2005 2006//2006 2007//2007
f 2008//2008 2009//2009 2010//2010
f 2011//2011 2012//2012 2013//2013
f 2014//2014 2015//2015 2016//2016
f 2017//2017 2018//2018 2019//2019
f 2020//2020 2021//2021 2022//2022
f 2023//2023 2024//2024 2025//2025
f 2026//2026 2027//2027 2028//2028
f 2029//2029 2030//2030 2031//2031
f 2032//2032 2033//2033 2034//2034
f 2035//2035 2036//2036 2037//2037
f 2038//2038 2039//2039 2040//2040
f 2041//2041 2042//2042 2043//2043
f 2044//2044 2045//2045 2046//2046
f 2047//2047 2048//2048 2049//2049
f 2050//2050 2051//2051 2052//2052
f 2053//2053 2054//2054 2055//2055
f 2056//2056 2057//2057 2058//2058
f 2059//2059 2060//2060 2061//2061
f 2062//2062 2063//2063 2064//2064
f 2065//2065 2066//2066 2067//2067
f 2068//2068 2069//2069 2070//2070
f 2071//2071 2072//2072 2073//2073
f 2074//2074 2075//2075 2076//2076
f 2077//2077 2078//2078 2079//2079
f 2080//2080 2081//2081 2082//2082
f 2083//2083 2084//2084 2085//2085
f 2086//2086 2087//2087 2088//2088
f 2089//2089 2090//2090 2091//2091
f 2092//2092 2093//2093 2094//2094
f 2095//2095 2096//2096 2097//2097
f 2098//2098 2099//2099 2100//2100
f 2101//2101 2102//2102 2103//2103
f 2104//2104 2105//2105 2106//2106
f 2107//2107 2108//2108 2109//2109
f 2110//2110 2111//2111 2112//2112
f 2113//2113 2114//2114 2115//2115
f 2116//2116 2117//2117 2118//2118
f 2119//2119 2120//2120 2121//2121
f 2122//2122 2123//2123 2124//2124
f 2125//2125 2126//2126 2127//2127
f 2128//2128 2129//2129 2130//2130
f 2131//2131 2132//2132 2133//2133
f 2134//2134 2135//2135 2136//2136
f 2137//2137 2138//2138 2139//2139
f 2140//2140 2141//2141 2142//2142
f 2143//2143 2144//2144 2145//2145
f 2146//2146 2147//2147 2148//2148
f 2149//2149 2150//2150 2151//2151
f 2152//2152 2153//2153 2154//2154
f 2155//2155 2156//2156 2157//2157
f 2158//2158 2159//2159 2160//2160
f 2161//2161 2162//2162 2163//2163
f 2164//2164 2165//2165 2166//2166
f 2167//2167 2168//2168 2169//2169
f 2170//2170 2171//2171 2172//2172
f 2173//2173 2174//2174 2175//2175
f 2176//2176 2177//2177 2178//2178
f 2179//2179 2180//2180 2181//2181
f 2182//2182 2183//2183 2184//2184
f 2185//2185 2186//2186 2187//2187
f 2188//2188 2189//2189 2190//2190
f 2191//2191 2192//2192 2193//2193
f 2194//2194 2195//2195 2196//2196
f 2197//2197 2198//2198 2199//2199
f 2200//2200 2201//2201 2202//2202
f 2203//2203 2204//2204 2205//2205
f 2206//2206 2207//2207 2208//2208
f 2209//2209 2210//2210 2211//2211
f 2212//2212 2213//2213 2214//2214
f 2215//2215 2216//2216 2217//2217
f 2218//2218 2219//2219 2220//2220
f 2221//2221 2222//2222 2223//2223
f 2224//2224 2225//2225 2226//2226
f 2227//2227 2228//2228 2229//2229
f 2230//2230 2231//2231 2232//2232
f 2233//2233 2234//2234 2235//2235
f 2236//2236 2237//2237 2238//2238
f 2239//2239 2240//2240 2241//2241
f 2242//2242 2243//2243 2244//2244
f 2245//2245 2246//2246 2247//2247
f 2248//2248 2249//2249 2250//2250
f 2251//2251 2252//2252 2253//2253
f 2254//2254 2255//2255 2256//2256
f 2257//2257 2258//2258 2259//2259
f 2260//2260 2261//2261 2262//2262
f 2263//2263 2264//2264 2265//2265
f 2266//2266 2267//2267 2268//2268
f 2269//2269 2270//2270 2271//2271
f 2272//2272 2273//2273 2274//2274
f 2275//2275 2276//2276 2277//2277
f 2278//2278 2279//2279 2280//2280
f 2281//2281 2282//2282 2283//2283
f 2284//2284 2285//2285 2286//2286
f 2287//2287 2288//2288 2289//2289
f 2290//2290 2291//2291 2292//2292
f 2293//2293 2294//2294 2295//2295
f 2296//2296 2297//2297 2298//2298
f 2299//2299 2300//2300 2301//2301
f 2302//2302 2303//2303 2304//2304
f 2305//2305 2306//2306 2307//2307
f 2308//2308 2309//2309 2310//2310
f 2311//2311 2312//2312 2313//2313
f 2314//2314 2315//2315 2316//2316
f 2317//2317 2318//2318 2319//2319
f 2320//2320 2321//2321 2322//2322
f 2323//2323 2324//2324 2325//2325
f 2326//2326 2327//2327 2328//2328
f 2329//2329 2330//2330 2331//2331
f 2332//2332 2333//2333 2334//2334
f 2335//2335 2336//2336 2337//2337
f 2338//2338 2339//2339 2340//2340
f 2341//2341 2342//2342 2343//2343
f 2344//2344 2345//2345 2346//2346
f 2347//2347 2348//2348 2349//2349
f 2350//2350 2351//2351 2352//2352
f 2353//2353 2354//2354 2355//2355
f 2356//2356 2357//2357 2358//2358
f 2359//2359 2360//2360 2361//2361
f 2362//2362 2363//2363 2364//2364
f 2365//2365 2366//2366 2367//2367
f 2368//2368 2369//2369 2370//2370
f 2371//2371 2372//2372 2373//2373
f 2374//2374 2375//2375 2376//2376
f 2377//2377 2378//2378 2379//2379
f 2380//2380 2381//2381 2382//2382
f 2383//2383 2384//2384 2385//2385
f 2386//2386 2387//2387 2388//2388
f 2389//2389 2390//2390 2391//2391
f 2392//2392 2393//2393 2394//2394
f 2395//2395 2396//2396 2397//2397
f 2398//2398 2399//2399 2400//2400
f 2401//2401 2402//2402 2403//2403
f 2404//2404 2405//2405 2406//2406
f 2407//2407 2408//2408 2409//2409
f 2410//2410 2411//2411 2412//2412
f 2413//2413 2414//2414 2415//2415
f 2416//2416 2417//2417 2418//2418
f 2419//2419 2420//2420 2421//2421
f 2422//2422 2423//2423 2424//2424
f 2425//2425 2426//2426 2427//2427
f 2428//2428 2429//2429 2430//2430
f 2431//2431 2432//2432 2433//2433
f 2434//2434 2435//2435 2436//2436
f 2437//2437 2438//2438 2439//2439
f 2440//2440 2441//2441 2442//2442
f 2443//2443 2444//2444 2445//2445
f 2446//2446 2447//2447 2448//2448
f 2449//2449 2450//2450 2451//2451
f 2452//2452 2453//2453 2454//2454
f 2455//2455 2456//2456 2457//2457
f 2458//2458 2459//2459 2460//2460
f 2461//2461 2462//2462 2463//2463
f 2464//2464 2465//2465 2466//2466
f 2467//2467 2468//2468 2469//2469
f 2470//2470 2471//2471 2472//2472
f 2473//2473 2474//2474 2475//2475
f 2476//2476 2477//2477 2478//2478
f 2479//2479 2480//2480 2481//2481
f 2482//2482 2483//2483 2484//2484
f 2485//2485 2486//2486 2487//2487
f 2488//2488 2489//2489 2490//2490
f 2491//2491 2492//2492 2493//2493
f 2494//2494 2495//2495 2496//2496
f 2497//2497 2498//2498 2499//2499
f 2500//2500 2501//2501 2502//2502
f 2503//2503 2504//2504 2505//2505
f 2506//2506 2507//2507 2508//2508
f 2509//2509 2510//2510 2511//2511
f 2512//2512 2513//2513 2514//2514
f 2515//2515 2516//2516 2517//2517
f 2518//2518 2519//2519 2520//2520
f 2521//2521 2522//2522 2523//2523
f 2524//2524 2525//2525 2526//2526
f 2527//2527 2528//2528 2529//2529
f 2530//2530 2531//2531 2532//2532
f 2533//2533 2534//2534 2535//2535
f 2536//2536 2537//2537 2538//2538
f 2539//2539 2540//2540 2541//2541
f 2542//2542 2543//2543 2544//2544
f 2545//2545 2546//2546 2547//2547
f 2548//2548 2549//2549 2550//2550
f 2551//2551 2552//2552 2553//2553
f 2554//2554 2555//2555 2556//2556
f 2557//2557 2558//2558 2559//2559
f 2560//2560 2561//2561 2562//2562
f 2563//2563 2564//2564 2565//2565
f 2566//2566 2567//2567 2568//2568
f 2569//2569 2570//2570 2571//2571
f 2572//2572 2573//2573 2574//2574
f 2575//2575 2576//2576 2577//2577
f 2578//2578 2579//2579 2580//2580
f 2581//2581 2582//2582 2583//2583
f 2584//2584 2585//2585 2586//2586
f 2587//2587 2588//2588 2589//2589
f 2590//2590 2591//2591 2592//2592
f 2593//2593 2594//2594 2595//2595
f 2596//2596 2597//2597 2598//2598
f 2599//2599 2600//2600 2601//2601
f 2602//2602 2603//2603 2604//2604
f 2605//2605 2606//2606 2607//2607
f 2608//2608 2609//2609 2610//2610
f 2611//2611 2612//2612 2613//2613
f 2614//2614 2615//2615 2616//2616
f 2617//2617 2618//2618 2619//2619
f 2620//2620 2621//2621 2622//2622
f 2623//2623 2624//2624 2625//2625
f 2626//2626 2627//2627 2628//2628
f 2629//2629 2630//2630 2631//2631
f 2632//2632 2633//2633 2634//2634
f 2635//2635 2636//2636 2637//2637
f 2638//2638 2639//2639 2640//2640
f 2641//2641 2642//2642 2643//2643
f 2644//2644 2645//2645 2646//2646
f 2647//2647 2648//2648 2649//2649
f 2650//2650 2651//2651 2652//2652
f 2653//2653 2654//2654 2655//2655
f 2656//2656 2657//2657 2658//2658
f 2659//2659 2660//2660 2661//2661
f 2662//2662 2663//2663 2664//2664
f 2665//2665 2666//2666 2667//2667
f 2668//2668 2669//2669 2670//2670
f 2671//2671 2672//2672 2673//2673
f 2674//2674 2675//2675 2676//2676
f 2677//2677 2678//2678 2679//2679
f 2680//2680 2681//2681 2682//2682
f 2683//2683 2684//2684 2685//2685
f 2686//2686 2687//2687 2688//2688
f 2689//2689 2690//2690 2691//2691
f 2692//2692 2693//2693 2694//2694
f 2695//2695 2696//2696 2697//2697
f 2698//2698 2699//2699 2700//2700
f 2701//2701 2702//2702 2703//2703
f 2704//2704 2705//2705 2706//2706
f 2707//2707 2708//2708 2709//2709
f 2710//2710 2711//2711 2712//2712
f 2713//2713 2714//2714 2715//2715
f 2716//2716 2717//2717 2718//2718
f 2719//2719 2720//2720 2721//2721
f 2722//2722 2723//2723 2724//2724
f 2725//2725 2726//2726 2727//2727
f 2728//2728 2729//2729 2730//2730
f 2731//2731 2732//2732 2733//2733
f 2734//2734 2735//2735 2736//2736
f 2737//2737 2738//2738 2739//2739
f 2740//2740 2741//2741 2742//2742
f 2743//2743 2744//2744 2745//2745
f 2746//2746 2747//2747 2748//2748
f 2749//2749 2750//2750 2751//2751
f 2752//2752 2753//2753 2754//2754
f 2755//2755 2756//2756 2757//2757
f 2758//2758 2759//2759 2760//2760
f 2761//2761 2762//2762 2763//2763
f 2764//2764 2765//2765 2766//2766
f 2767//2767 2768//2768 2769//2769
f 2770//2770 2771//2771 2772//2772
f 2773//2773 2774//2774 2775//2775
f 2776//2776 2777//2777 2778//2778
f 2779//2779 2780//2780 2781//2781
f 2782//2782 2783//2783 2784//2784
f 2785//2785 2786//2786 2787//2787
f 2788//2788 2789//2789 2790//2790
f 2791//2791 2792//2792 2793//2793
f 2794//2794 2795//2795 2796//2796
f 2797//2797 2798//2798 2799//2799
f 2800//2800 2801//2801 2802//2802
f 2803//2803 2804//2804 2805//2805
f 2806//2806 2807//2807 2808//2808
f 2809//2809 2810//2810 2811//2811
f 2812//2812 2813//2813 2814//2814
f 2815//2815 2816//2816 2817//2817
f 2818//2818 2819//2819 2820//2820
f 2821//2821 2822//2822 2823//2823
f 2824//2824 2825//2825 2826//2826
f 2827//2827 2828//2828 2829//2829
f 2830//2830 2831//2831 2832//2832
f 2833//2833 2834//2834 2835//2835
f 2836//2836 2837//2837 2838//2838
f 2839//2839 2840//2840 2841//2841
f 2842//2842 2843//2843 2844//2844
f 2845//2845 2846//2846 2847//2847
f 2848//2848 2849//2849 2850//2850
f 2851//2851 2852//2852 2853//2853
f 2854//2854 2855//2855 2856//2856
f 2857//2857 2858//2858 2859//2859
f 2860//2860 2861//2861 2862//2862
f 2863//2863 2864//2864 2865//2865
f 2866//2866 2867//2867 2868//2868
f 2869//2869 2870//2870 2871//2871
f 2872//2872 2873//2873 2874//2874
f 2875//2875 2876//2876 2877//2877
f 2878//2878 2879//2879 2880//2880
f 2881//2881 2882//2882 2883//2883
f 2884//2884 2885//2885 2886//2886
f 2887//2887 2888//2888 2889//2889
f 2890//2890 2891//2891 2892//2892
f 2893//2893 2894//2894 2895//2895
f 2896//2896 2897//2897 2898//2898
f 2899//2899 2900//2900 2901//2901
f 2902//2902 2903//2903 2904//2904
f 2905//2905 2906//2906 2907//2907
f 2908//2908 2909//2909 2910//2910
f 2911//2911 2912//2912 2913//2913
f 2914//2914 2915//2915 2916//2916
f 2917//2917 2918//2918 2919//2919
f 2920//2920 2921//2921 2922//2922
f 2923//2923 2924//2924 2925//2925
f 2926//2926 2927//2927 2928//2928
f 2929//2929 2930//2930 2931//2931
f 2932//2932 2933//2933 2934//2934
f 2935//2935 2936//2936 2937//2937
f 2938//2938 2939//2939 2940//2940
f 2941//2941 2942//2942 2943//2943
f 2944//2944 2945//2945 2946//2946
f 2947//2947 2948//2948 2949//2949
f 2950//2950 2951//2951 2952//2952
f 2953//2953 2954//2954 2955//2955
f 2956//2956 2957//2957 2958//2958
f 2959//2959 2960//2960 2961//2961
f 2962//2962 2963//2963 2964//2964
f 2965//2965 2966//2966 2967//2967
f 2968//2968 2969//2969 2970//2970
f 2971//2971 2972//2972 2973//2973
f 2974//2974 2975//2975 2976//2976
f 2977//2977 2978//2978 2979//2979
f 2980//2980 2981//2981 2982//2982
f 2983//2983 2984//2984 2985//2985
f 2986//2986 2987//2987 2988//2988
f 2989//2989 2990//2990 2991//2991
f 2992//2992 2993//2993 2994//2994
f 2995//2995 2996//2996 2997//2997
f 2998//2998 2999//2999 3000//3000
f 3001//3001 3002//3002 3003//3003
f 3004//3004 3005//3005 3006//3006
f 3007//3007 3008//3008 3009//3009
f 3010//3010 3011//3011 3012//3012
f 3013//3013 3014//3014 3015//3015
f 3016//3016 3017//3017 3018//3018
f 3019//3019 3020//3020 3021//3021
f 3022//3022 3023//3023 3024//3024
f 3025//3025 3026//3026 3027//3027
f 3028//3028 3029//3029 3030//3030
f 3031//3031 3032//3032 3033//3033
f 3034//3034 3035//3035 3036//3036
f 3037//3037 3038//3038 3039//3039
f 3040//3040 3041//3041 3042//3042
f 3043//3043 3044//3044 3045//3045
f 3046//3046 3047//3047 3048//3048
f 3049//3049 3050//3050 3051//3051
f 3052//3052 3053//3053 3054//3054
f 3055//3055 3056//3056 3057//3057
f 3058//3058 3059//3059 3060//3060
f 3061//3061 3062//3062 3063//3063
f 3064//3064 3065//3065 3066//3066
f 3067//3067 3068//3068 3069//3069
f 3070//3070 3071//3071 3072//3072
f 3073//3073 3074//3074 3075//3075
f 3076//3076 3077//3077 3078//3078
f 3079//3079 3080//3080 3081//3081
f 3082//3082 3083//3083 3084//3084
f 3085//3085 3086//3086 3087//3087
f 3088//3088 3089//3089 3090//3090
f 3091//3091 3092//3092 3093//3093
f 3094//3094 3095//3095 3096//3096
f 3097//3097 3098//3098 3099//3099
f 3100//3100 3101//3101 3102//3102
f 3103//3103 3104//3104 3105//3105
f 3106//3106 3107//3107 3108//3108
f 3109//3109 3110//3110 3111//3111
f 3112//3112 3113//3113 3114//3114
f 3115//3115 3116//3116 3117//3117
f 3118//3118 3119//3119 3120//3120
f 3121//3121 3122//3122 3123//3123
f 3124//3124 3125//3125 3126//3126
f 3127//3127 3128//3128 3129//3129
f 3130//3130 3131//3131 3132//3132
f 3133//3133 3134//3134 3135//3135
f 3136//3136 3137//3137 3138//3138
f 3139//3139 3140//3140 3141//3141
f 3142//3142 3143//3143 3144//3144
f 3145//3145 3146//3146 3147//3147
f 3148//3148 3149//3149 3150//3150
f 3151//3151 3152//3152 3153//3153
f 3154//3154 3155//3155 3156//3156
f 3157//3157 3158//3158 3159//3159
f 3160//3160 3161//3161 3162//3162
f 3163//3163 3164//3164 3165//3165
f 3166//3166 3167//3167 3168//3168
f 3169//3169 3170//3170 3171//3171
f 3172//3172 3173//3173 3174//3174
f 3175//3175 3176//3176 3177//3177
f 3178//3178 3179//3179 3180//3180
f 3181//3181 3182//3182 3183//3183
f 3184//3184 3185//3185 3186//3186
f 3187//3187 3188//3188 3189//3189
f 3190//3190 3191//3191 3192//3192
f 3193//3193 3194//3194 3195//3195
f 3196//3196 3197//3197 3198//3198
f 3199//3199 3200//3200 3201//3201
f 3202//3202 3203//3203 3204//3204
f 3205//3205 3206//3206 3207//3207
f 3208//3208 3209//3209 3210//3210
f 3211//3211 3212//3212 3213//3213
f 3214//3214 3215//3215 3216//3216
f 3217//3217 3218//3218 3219//3219
f 3220//3220 3221//3221 3222//3222
f 3223//3223 3224//3224 3225//3225
f 3226//3226 3227//3227 3228//3228
f 3229//3229 3230//3230 3231//3231
f 3232//3232 3233//3233 3234//3234
f 3235//3235 3236//3236 3237//3237
f 3238//3238 3239//3239 3240//3240
f 3241//3241 3242//3242 3243//3243
f 3244//3244 3245//3245 3246//3246
f 3247//3247 3248//3248 3249//3249
f 3250//3250 3251//3251 3252//3252
f 3253//3253 3254//3254 3255//3255
f 3256//3256 3257//3257 3258//3258
f 3259//3259 3260//3260 3261//3261
f 3262//3262 3263//3263 3264//3264
f 3265//3265 3266//3266 3267//3267
f 3268//3268 3269//3269 3270//3270
f 3271//3271 3272//3272 3273//3273
f 3274//3274 3275//3275 3276//3276
f 3277//3277 3278//3278 3279//3279
f 3280//3280 3281//3281 3282//3282
f 3283//3283 3284//3284 3285//3285
f 3286//3286 3287//3287 3288//3288
f 3289//3289 3290//3290 3291//3291
f 3292//3292 3293//3293 3294//3294
f 3295//3295 3296//3296 3297//3297
f 3298//3298 3299//3299 3300//3300
f 3301//3301 3302//3302 3303//3303
f 3304//3304 3305//3305 3306//3306
f 3307//3307 3308//3308 3309//3309
f 3310//3310 3311//3311 3312//3312
f 3313//3313 3314//3314 3315//3315
f 3316//3316 3317//3317 3318//3318
f 3319//3319 3320//3320 3321//3321
f 3322//3322 3323//3323 3324//3324
f 3325//3325 3326//3326 3327//3327
f 3328//3328 3329//3329 3330//3330
f 3331//3331 3332//3332 3333//3333
f 3334//3334 3335//3335 3336//3336
f 3337//3337 3338//3338 3339//3339
f 3340//3340 3341//3341 3342//3342
f 3343//3343 3344//3344 3345//3345
f 3346//3346 3347//3347 3348//3348
f 3349//3349 3350//3350 3351//3351
f 3352//3352 3353//3353 3354//3354
f 3355//3355 3356//3356 3357//3357
f 3358//3358 3359//3359 3360//3360
f 3361//3361 3362//3362 3363//3363
f 3364//3364 3365//3365 3366//3366
f 3367//3367 3368//3368 3369//3369
f 3370//3370 3371//3371 3372//3372
f 3373//3373 3374//3374 3375//3375
f 3376//3376 3377//3377 3378//3378
f 3379//3379 3380//3380 3381//3381
f 3382//3382 3383//3383 3384//3384
f 3385//3385 3386//3386 3387//3387
f 3388//3388 3389//3389 3390//3390
f 3391//3391 3392//3392 3393//3393
f 3394//3394 3395//3395 3396//3396
f 3397//3397 3398//3398 3399//3399
f 3400//3400 3401//3401 3402//3402
f 3403//3403 3404//3404 3405//3405
f 3406//3406 3407//3407 3408//3408
f 3409//3409 3410//3410 3411//3411
f 3412//3412 3413//3413 3414//3414
f 3415//3415 3416//3416 3417//3417
f 3418//3418 3419//3419 3420//3420
f 3421//3421 3422//3422 3423//3423
f 3424//3424 3425//3425 3426//3426
f 3427//3427 3428//3428 3429//3429
f 3430//3430 3431//3431 3432//3432
f 3433//3433 3434//3434 3435//3435
f 3436//3436 3437//3437 3438//3438
f 3439//3439 3440//3440 3441//3441
f 3442//3442 3443//3443 3444//3444
f 3445//3445 3446//3446 3447//3447
f 3448//3448 3449//3449 3450//3450
f 3451//3451 3452//3452 3453//3453
f 3454//3454 3455//3455 3456//3456
f 3457//3457 3458//3458 3459//3459
f 3460//3460 3461//3461 3462//3462
f 3463//3463 3464//3464 3465//3465
f 3466//3466 3467//3467 3468//3468
f 3469//3469 3470//3470 3471//3471
f 3472//3472 3473//3473 3474//3474
f 3475//3475 3476//3476 3477//3477
f 3478//3478 3479//3479 3480//3480
f 3481//3481 3482//3482 3483//3483
f 3484//3484 3485//3485 3486//3486
f 3487//3487 3488//3488 3489//3489
f 3490//3490 3491//3491 3492//3492
f 3493//3493 3494//3494 3495//3495
f 3496//3496 3497//3497 3498//3498
f 3499//3499 3500//3500 3501//3501
f 3502//3502 3503//3503 3504//3504
f 3505//3505 3506//3506 3507//3507
f 3508//3508 3509//3509 3510//3510
f 3511//3511 3512//3512 3513//3513
f 3514//3514 3515//3515 3516//3516
f 3517//3517 3518//3518 3519//3519
f 3520//3520 3521//3521 3522//3522
f 3523//3523 3524//3524 3525//3525
f 3526//3526 3527//3527 3528//3528
f 3529//3529 3530//3530 3531//3531
f 3532//3532 3533//3533 3534//3534
f 3535//3535 3536//3536 3537//3537
f 3538//3538 3539//3539 3540//3540
f 3541//3541 3542//3542 3543//3543
f 3544//3544 3545//3545 3546//3546
f 3547//3547 3548//3548 3549//3549
f 3550//3550 3551//3551 3552//3552
f 3553//3553 3554//3554 3555//3555
f 3556//3556 3557//3557 3558//3558
f 3559//3559 3560//3560 3561//3561
f 3562//3562 3563//3563 3564//3564
f 3565//3565 3566//3566 3567//3567
f 3568//3568 3569//3569 3570//3570
f 3571//3571 3572//3572 3573//3573
f 3574//3574 3575//3575 3576//3576
f 3577//3577 3578//3578 3579//3579
f 3580//3580 3581//3581 3582//3582
f 3583//3583 3584//3584 3585//3585
f 3586//3586 3587//3587 3588//3588
f 3589//3589 3590//3590 3591//3591
f 3592//3592 3593//3593 3594//3594
f 3595//3595 3596//3596 3597//3597
f 3598//3598 3599//3599 3600//3600
f 3601//3601 3602//3602 3603//3603
f 3604//3604 3605//3605 3606//3606
f 3607//3607 3608//3608 3609//3609
f 3610//3610 3611//3611 3612//3612
f 3613//3613 3614//3614 3615//3615
f 3616//3616 3617//3617 3618//3618
f 3619//3619 3620//3620 3621//3621
f 3622//3622 3623//3623 3624//3624
f 3625//3625 3626//3626 3627//3627
f 3628//3628 3629//3629 3630//3630
f 3631//3631 3632//3632 3633//3633
f 3634//3634 3635//3635 3636//3636
f 3637//3637 3638//3638 3639//3639
f 3640//3640 3641//3641 3642//3642
f 3643//3643 3644//3644 3645//3645
f 3646//3646 3647//3647 3648//3648
f 3649//3649 3650//3650 3651//3651
f 3652//3652 3653//3653 3654//3654
f 3655//3655 3656//3656 3657//3657
f 3658//3658 3659//3659 3660//3660
f 3661//3661 3662//3662 3663//3663
f 3664//3664 3665//3665 3666//3666
f 3667//3667 3668//3668 3669//3669
f 3670//3670 3671//3671 3672//3672
f 3673//3673 3674//3674 3675//3675
f 3676//3676 3677//3677 3678//3678
f 3679//3679 3680//3680 3681//3681
f 3682//3682 3683//3683 3684//3684
f 3685//3685 3686//3686 3687//3687
f 3688//3688 3689//3689 3690//3690
f 3691//3691 3692//3692 3693//3693
f 3694//3694 3695//3695 3696//3696
f 3697//3697 3698//3698 3699//3699
f 3700//3700 3701//3701 3702//3702
f 3703//3703 3704//3704 3705//3705
f 3706//3706 3707//3707 3708//3708
f 3709//3709 3710//3710 3711//3711
f 3712//3712 3713//3713 3714//3714
f 3715//3715 3716//3716 3717//3717
f 3718//3718 3719//3719 3720//3720
f 3721//3721 3722//3722 3723//3723
f 3724//3724 3725//3725 3726//3726
f 3727//3727 3728//3728 3729//3729
f 3730//3730 3731//3731 3732//3732
f 3733//3733 3734//3734 3735//3735
f 3736//3736 3737//3737 3738//3738
f 3739//3739 3740//3740 3741//3741
f 3742//3742 3743//3743 3744//3744
f 3745//3745 3746//3746 3747//3747
f 3748//3748 3749//3749 3750//3750
f 3751//3751 3752//3752 3753//3753
f 3754//3754 3755//3755 3756//3756
f 3757//3757 3758//3758 3759//3759
f 3760//3760 3761//3761 3762//3762
f 3763//3763 3764//3764 3765//3765
f 3766//3766 3767//3767 3768//3768
f 3769//3769 3770//3770 3771//3771
f 3772//3772 3773//3773 3774//3774
f 3775//3775 3776//3776 3777//3777
f 3778//3778 3779//3779 3780//3780
f 3781//3781 3782//3782 3783//3783
f 3784//3784 3785//3785 3786//3786
f 3787//3787 3788//3788 3789//3789
f 3790//3790 3791//3791 3792//3792
f 3793//3793 3794//3794 3795//3795
f 3796//3796 3797//3797 3798//3798
f 3799//3799 3800//3800 3801//3801
f 3802//3802 3803//3803 3804//3804
f 3805//3805 3806//3806 3807//3807
f 3808//3808 3809//3809 3810//3810
f 3811//3811 3812//3812 3813//3813
f 3814//3814 3815//3815 3816//3816
f 3817//3817 3818//3818 3819//3819
f 3820//3820 3821//3821 3822//3822
f 3823//3823 3824//3824 3825//3825
f 3826//3826 3827//3827 3828//3828
f 3829//3829 3830//3830 3831//3831
f 3832//3832 3833//3833 3834//3834
f 3835//3835 3836//3836 3837//3837
f 3838//3838 3839//3839 3840//3840
f 3841//3841 3842//3842 3843//3843
f 3844//3844 3845//3845 3846//3846
f 3847//3847 3848//3848 3849//3849
f 3850//3850 3851//3851 3852//3852
f 3853//3853 3854//3854 3855//3855
f 3856//3856 3857//3857 3858//3858
f 3859//3859 3860//3860 3861//3861
f 3862//3862 3863//3863 3864//3864
f 3865//3865 3866//3866 3867//3867
f 3868//3868 3869//3869 3870//3870
f 3871//3871 3872//3872 3873//3873
f 3874//3874 3875//3875 3876//3876
f 3877//3877 3878//3878 3879//3879
f 3880//3880 3881//3881 3882//3882
f 3883//3883 3884//3884 3885//3885
f 3886//3886 3887//3887 3888//3888
f 3889//3889 3890//3890 3891//3891
f 3892//3892 3893//3893 3894//3894
f 3895//3895 3896//3896 3897//3897
f 3898//3898 3899//3899 3900//3900
f 3901//3901 3902//3902 3903//3903
f 3904//3904 3905//3905 3906//3906
f 3907//3907 3908//3908 3909//3909
f 3910//3910 3911//3911 3912//3912
f 3913//3913 3914//3914 3915//3915
f 3916//3916 3917//3917 3918//3918
f 3919//3919 3920//3920 3921//3921
f 3922//3922 3923//3923 3924//3924
f 3925//3925 3926//3926 3927//3927
f 3928//3928 3929//3929 3930//3930
f 3931//3931 3932//3932 3933//3933
f 3934//3934 3935//3935 3936//3936
f 3937//3937 3938//3938 3939//3939
f 3940//3940 3941//3941 3942//3942
f 3943//3943 3944//3944 3945//3945
f 3946//3946 3947//3947 3948//3948
f 3949//3949 3950//3950 3951//3951
f 3952//3952 3953//3953 3954//3954
f 3955//3955 3956//3956 3957//3957
f 3958//3958 3959//3959 3960//3960
f 3961//3961 3962//3962 3963//3963
f 3964//3964 3965//3965 3966//3966
f 3967//3967 3968//3968 3969//3969
f 3970//3970 3971//3971 3972//3972
f 3973//3973 3974//3974 3975//3975
f 3976//3976 3977//3977 3978//3978
f 3979//3979 3980//3980 3981//3981
f 3982//3982 3983//3983 3984//3984
f 3985//3985 3986//3986 3987//3987
f 3988//3988 3989//3989 3990//3990
f 3991//3991 3992//3992 3993//3993
f 3994//3994 3995//3995 3996//3996
f 3997//3997 3998//3998 3999//3999
f 4000//4000 4001//4001 4002//4002
f 4003//4003 4004//4004 4005//4005
f 4006//4006 4007//4007 4008//4008
f 4009//4009 4010//4010 4011//4011
f 4012//4012 4013//4013 4014//4014
f 4015//4015 4016//4016 4017//4017
f 4018//4018 4019//4019 4020//4020
f 4021//4021 4022//4022 4023//4023
f 4024//4024 4025//4025 4026//4026
f 4027//4027 4028//4028 4029//4029
f 4030//4030 4031//4031 4032//4032
f 4033//4033 4034//4034 4035//4035
f 4036//4036 4037//4037 4038//4038
f 4039//4039 4040//4040 4041//4041
f 4042//4042 4043//4043 4044//4044
f 4045//4045 4046//4046 4047//4047
f 4048//4048 4049//4049 4050//4050
f 4051//4051 4052//4052 4053//4053
f 4054//4054 4055//4055 4056//4056
f 4057//4057 4058//4058 4059//4059
f 4060//4060 4061//4061 4062//4062
f 4063//4063 4064//4064 4065//4065
f 4066//4066 4067//4067 4068//4068
f 4069//4069 4070//4070 4071//4071
f 4072//4072 4073//4073 4074//4074
f 4075//4075 4076//4076 4077//4077
f 4078//4078 4079//4079 4080//4080
f 4081//4081 4082//4082 4083//4083
f 4084//4084 4085//4085 4086//4086
f 4087//4087 4088//4088 4089//4089
f 4090//4090 4091//4091 4092//4092
f 4093//4093 4094//4094 4095//4095
f 4096//4096 4097//4097 4098//4098
f 4099//4099 4100//4100 4101//4101
f 4102//4102 4103//4103 4104//4104
f 4105//4105 4106//4106 4107//4107
f 4108//4108 4109//4109 4110//4110
f 4111//4111 4112//4112 4113//4113
f 4114//4114 4115//4115 4116//4116
f 4117//4117 4118//4118 4119//4119
f 4120//4120 4121//4121 4122//4122
f 4123//4123 4124//4124 4125//4125
f 4126//4126 4127//4127 4128//4128
f 4129//4129 4130//4130 4131//4131
f 4132//4132 4133//4133 4134//4134
f 4135//4135 4136//4136 4137//4137
f 4138//4138 4139//4139 4140//4140
f 4141//4141 4142//4142 4143//4143
f 4144//4144 4145//4145 4146//4146
f 4147//4147 4148//4148 4149//4149
f 4150//4150 4151//4151 4152//4152
f 4153//4153 4154//4154 4155//4155
f 4156//4156 4157//4157 4158//4158
f 4159//4159 4160//4160 4161//4161
f 4162//4162 4163//4163 4164//4164
f 4165//4165 4166//4166 4167//4167
f 4168//4168 4169//4169 4170//4170
f 4171//4171 4172//4172 4173//4173
f 4174//4174 4175//4175 4176//4176
f 4177//4177 4178//4178 4179//4179
f 4180//4180 4181//4181 4182//4182
f 4183//4183 4184//4184 4185//4185
f 4186//4186 4187//4187 4188//4188
f 4189//4189 4190//4190 4191//4191
f 4192//4192 4193//4193 4194//4194
f 4195//4195 4196//4196 4197//4197
f 4198//4198 4199//4199 4200//4200
f 4201//4201 4202//4202 4203//4203
f 4204//4204 4205//4205 4206//4206
f 4207//4207 4208//4208 4209//4209
f 4210//4210 4211//4211 4212//4212
f 4213//4213 4214//4214 4215//4215
f 4216//4216 4217//4217 4218//4218
f 4219//4219 4220//4220 4221//4221
f 4222//4222 4223//4223 4224//4224
f 4225//4225 4226//4226 4227//4227
f 4228//4228 4229//4229 4230//4230
f 4231//4231 4232//4232 4233//4233
f 4234//4234 4235//4235 4236//4236
f 4237//4237 4238//4238 4239//4239
f 4240//4240 4241//4241 4242//4242
f 4243//4243 4244//4244 4245//4245
f 4246//4246 4247//4247 4248//4248
f 4249//4249 4250//4250 4251//4251
f 4252//4252 4253//4253 4254//4254
f 4255//4255 4256//4256 4257//4257
f 4258//4258 4259//4259 4260//4260
f 4261//4261 4262//4262 4263//4263
f 4264//4264 4265//4265 4266//4266
f 4267//4267 4268//4268 4269//4269
f 4270//4270 4271//4271 4272//4272
f 4273//4273 4274//4274 4275//4275
f 4276//4276 4277//4277 4278//4278
f 4279//4279 4280//4280 4281//4281
f 4282//4282 4283//4283 4284//4284
f 4285//4285 4286//4286 4287//4287
f 4288//4288 4289//4289 4290//4290
f 4291//4291 4292//4292 4293//4293
f 4294//4294 4295//4295 4296//4296
f 4297//4297 4298//4298 4299//4299
f 4300//4300 4301//4301 4302//4302
f 4303//4303 4304//4304 4305//4305
f 4306//4306 4307//4307 4308//4308
f 4309//4309 4310//4310 4311//4311
f 4312//4312 4313//4313 4314//4314
f 4315//4315 4316//4316 4317//4317
f 4318//4318 4319//4319 4320//4320
f 4321//4321 4322//4322 4323//4323
f 4324//4324 4325//4325 4326//4326
f 4327//4327 4328//4328 4329//4329
f 4330//4330 4331//4331 4332//4332
f 4333//4333 4334//4334 4335//4335
f 4336//4336 4337//4337 4338//4338
f 4339//4339 4340//4340 4341//4341
f 4342//4342 4343//4343 4344//4344
f 4345//4345 4346//4346 4347//4347
f 4348//4348 4349//4349 4350//4350
f 4351//4351 4352//4352 4353//4353
f 4354//4354 4355//4355 4356//4356
f 4357//4357 4358//4358 4359//4359
f 4360//4360 4361//4361 4362//4362
f 4363//4363 4364//4364 4365//4365
f 4366//4366 4367//4367 4368//4368
f 4369//4369 4370//4370 4371//4371
f 4372//4372 4373//4373 4374//4374
f 4375//4375 4376//4376 4377//4377
f 4378//4378 4379//4379 4380//4380
f 4381//4381 4382//4382 4383//4383
f 4384//4384 4385//4385 4386//4386
f 4387//4387 4388//4388 4389//4389
f 4390//4390 4391//4391 4392//4392
f 4393//4393 4394//4394 4395//4395
f 4396//4396 4397//4397 4398//4398
f 4399//4399 4400//4400 4401//4401
f 4402//4402 4403//4403 4404//4404
f 4405//4405 4406//4406 4407//4407
f 4408//4408 4409//4409 4410//4410
f 4411//4411 4412//4412 4413//4413
f 4414//4414 4415//4415 4416//4416
f 4417//4417 4418//4418 4419//4419
f 4420//4420 4421//4421 4422//4422
f 4423//4423 4424//4424 4425//4425
f 4426//4426 4427//4427 4428//4428
f 4429//4429 4430//4430 4431//4431
f 4432//4432 4433//4433 4434//4434
f 4435//4435 4436//4436 4437//4437
f 4438//4438 4439//4439 4440//4440
f 4441//4441 4442//4442 4443//4443
f 4444//4444 4445//4445 4446//4446
f 4447//4447 4448//4448 4449//4449
f 4450//4450 4451//4451 4452//4452
f 4453//4453 4454//4454 4455//4455
f 4456//4456 4457//4457 4458//4458
f 4459//4459 4460//4460 4461//4461
f 4462//4462 4463//4463 4464//4464
f 4465//4465 4466//4466 4467//4467
f 4468//4468 4469//4469 4470//4470
f 4471//4471 4472//4472 4473//4473
f 4474//4474 4475//4475 4476//4476
f 4477//4477 4478//4478 4479//4479
f 4480//4480 4481//4481 4482//4482
f 4483//4483 4484//4484 4485//4485
f 4486//4486 4487//4487 4488//4488
f 4489//4489 4490//4490 4491//4491
f 4492//4492 4493//4493 4494//4494
f 4495//4495 4496//4496 4497//4497
f 4498//4498 4499//4499 4500//4500
