# 04_person — split from wip_-_lowpoly_people_-_1.glb
# WIP - Lowpoly People - 1 by Loic Norgeot, CC-BY-4.0
# https://sketchfab.com/3d-models/wip-lowpoly-people-1-8cfd467af4334ea384d854109865f939
v 116.528995 2.718865 97.159021
v 113.420299 7.215440 98.167043
v 115.744543 4.128956 98.173476
v 116.672153 1.031589 104.882281
v 119.192193 0.654471 104.594053
v 117.694324 1.598203 105.181002
v 122.905333 63.340837 118.468611
v 120.040112 68.921024 121.855675
v 122.759904 63.286055 120.803475
v 110.741171 3.841656 97.140980
v 111.100665 2.829688 96.294205
v 113.116241 2.307033 96.399312
v 111.603687 3.774052 95.629698
v 111.100665 2.829688 96.294205
v 110.169833 4.028767 96.902925
v 111.353144 4.091399 98.306971
v 110.068124 3.438597 98.042173
v 110.741171 3.841656 97.140980
v 129.332320 64.886904 96.105726
v 128.751579 64.383370 95.218702
v 129.837073 64.875400 96.167684
v 108.532397 5.178534 101.249129
v 109.956179 5.103856 100.518147
v 109.199150 5.567353 101.868069
v 131.017361 72.254157 93.785454
v 131.593386 72.507220 94.904739
v 127.583906 68.696737 93.782709
v 116.672153 1.031589 104.882281
v 117.694324 1.598203 105.181002
v 115.162535 2.329457 105.138413
v 116.966971 51.309520 119.166641
v 119.473699 53.168565 118.716284
v 117.604897 56.046081 120.113876
v 132.388336 78.860193 92.974946
v 130.034028 74.074530 85.595474
v 128.905544 78.950184 91.602026
v 113.326581 7.343495 106.858232
v 111.737186 11.902332 106.384090
v 111.539348 9.081435 105.396635
v 131.946696 53.863377 105.820415
v 132.768521 57.347983 104.474091
v 132.964162 57.481760 106.603662
v 126.060081 96.272349 104.359529
v 123.907798 96.049857 101.636076
v 123.957852 94.848907 104.981403
v 111.737186 11.902332 106.384090
v 113.096743 12.196371 106.532543
v 111.860712 14.688581 104.897189
v 111.021869 17.277553 104.490166
v 110.846350 19.122564 102.182723
v 110.901098 12.532719 103.544339
v 109.577878 3.431189 103.216962
v 109.295878 2.376782 101.517731
v 110.060487 1.448583 102.046411
v 109.577878 3.431189 103.216962
v 110.060487 1.448583 102.046411
v 111.231435 2.730381 104.237015
v 111.231435 2.730381 104.237015
v 111.608520 1.361811 102.714754
v 112.187298 1.542460 104.081248
v 110.060487 1.448583 102.046411
v 109.295878 2.376782 101.517731
v 110.924646 2.123212 99.504102
v 110.169833 4.028767 96.902925
v 111.100665 2.829688 96.294205
v 110.741171 3.841656 97.140980
v 117.092791 21.566779 124.578358
v 120.306604 27.137044 123.933387
v 118.603806 28.094328 122.158197
v 111.866954 4.393309 97.219451
v 111.353144 4.091399 98.306971
v 110.741171 3.841656 97.140980
v 126.091966 63.735401 88.843456
v 126.519893 63.435161 87.632975
v 126.455461 61.283320 90.291668
v 124.306847 22.577757 122.062911
v 123.556504 24.923084 123.718909
v 122.510345 11.101327 124.597665
v 123.084215 6.743420 129.156330
v 121.224433 11.513439 127.546110
v 122.176789 7.085700 130.184495
v 111.009200 14.350724 99.275928
v 110.687409 12.580028 99.896846
v 111.434537 11.961641 99.128886
v 111.836332 12.770777 97.606181
v 109.673371 11.511996 98.638632
v 111.336235 14.192914 98.462747
v 132.013920 93.039322 104.051497
v 131.572321 92.797029 106.149458
v 132.301661 91.473162 106.517475
v 116.791083 2.817601 122.686217
v 119.570500 2.259708 123.984459
v 115.314180 1.778406 122.872001
v 111.108476 14.036545 98.994526
v 111.434537 11.961641 99.128886
v 111.743922 14.190730 99.301094
v 111.336235 14.192914 98.462747
v 113.521922 11.945778 97.607831
v 111.836332 12.770777 97.606181
v 117.694324 1.598203 105.181002
v 117.612057 3.547072 104.765411
v 115.162535 2.329457 105.138413
v 123.147682 90.861130 104.078143
v 124.044336 89.795363 105.254036
v 125.166065 94.114578 105.788509
v 126.091966 63.735401 88.843456
v 126.455461 61.283320 90.291668
v 126.822975 64.535504 92.600634
v 111.743922 14.190730 99.301094
v 111.009200 14.350724 99.275928
v 111.336235 14.192914 98.462747
v 111.863345 50.768244 110.348986
v 113.867641 50.680393 110.210792
v 113.530668 50.386852 110.941371
v 125.928897 59.937781 91.125415
v 127.067763 59.250354 91.308859
v 126.517526 54.574090 91.225988
v 111.737618 51.717376 109.860591
v 111.863345 50.768244 110.348986
v 108.979401 52.925867 110.585317
v 111.148848 8.172404 98.203943
v 111.836332 12.770777 97.606181
v 113.521922 11.945778 97.607831
v 117.672635 72.207636 125.941758
v 113.459482 74.472606 126.820515
v 113.967320 72.307945 126.844762
v 116.279594 49.794548 105.257105
v 115.121298 49.944097 109.480948
v 114.803899 50.589120 108.392063
v 113.867641 50.680393 110.210792
v 114.803899 50.589120 108.392063
v 115.121298 49.944097 109.480948
v 118.241161 83.635038 113.970494
v 118.101268 82.393158 115.019896
v 118.670752 83.881545 115.114237
v 116.241112 49.148479 103.890300
v 116.279594 49.794548 105.257105
v 115.369468 50.360930 104.452380
v 117.543197 49.380964 104.013152
v 116.279594 49.794548 105.257105
v 116.241112 49.148479 103.890300
v 133.664308 71.777827 104.361415
v 133.353520 73.309755 99.612404
v 132.693891 77.114582 98.299343
v 123.147682 90.861130 104.078143
v 124.014806 88.949132 104.431918
v 124.044336 89.795363 105.254036
v 115.270327 53.285736 109.919701
v 113.867641 50.680393 110.210792
v 114.755572 54.501319 110.700197
v 113.867641 50.680393 110.210792
v 115.270327 53.285736 109.919701
v 114.803899 50.589120 108.392063
v 121.083509 66.581470 118.068696
v 121.405733 66.346568 117.547033
v 121.081243 65.895874 118.302605
v 112.609897 56.340873 113.929907
v 112.710535 60.873127 111.859004
v 111.531610 53.658181 113.259690
v 115.369468 50.360930 104.452380
v 116.121379 50.919199 102.942254
v 116.241112 49.148479 103.890300
v 115.369468 50.360930 104.452380
v 116.279594 49.794548 105.257105
v 116.430049 55.699032 105.540601
v 111.100665 2.829688 96.294205
v 111.603687 3.774052 95.629698
v 113.116241 2.307033 96.399312
v 114.125755 1.577579 97.471393
v 114.207583 0.981253 98.717502
v 113.520699 2.119195 97.454959
v 119.682124 22.952795 125.736780
v 117.092791 21.566779 124.578358
v 119.368853 15.051929 126.910333
v 114.125755 1.577579 97.471393
v 115.744543 4.128956 98.173476
v 114.619407 1.867729 98.219407
v 113.116241 2.307033 96.399312
v 113.520699 2.119195 97.454959
v 113.353936 3.912055 97.528032
v 114.992215 1.778864 96.507339
v 113.116241 2.307033 96.399312
v 111.603687 3.774052 95.629698
v 116.471173 1.955795 97.841164
v 114.992215 1.778864 96.507339
v 116.528995 2.718865 97.159021
v 120.005971 1.007604 98.742910
v 120.684107 0.321990 100.515471
v 114.207583 0.981253 98.717502
v 121.912973 0.417256 100.384196
v 121.614975 1.672268 100.590995
v 124.709446 0.655907 102.991367
v 120.561251 1.088154 105.317374
v 119.192193 0.654471 104.594053
v 121.725290 0.339657 104.594976
v 115.809682 59.956795 111.454840
v 114.755572 54.501319 110.700197
v 113.882425 61.825096 110.925129
v 118.977619 68.348092 120.658011
v 117.603988 71.409005 121.340331
v 118.406053 71.926672 121.896738
v 114.619407 1.867729 98.219407
v 117.002567 1.256293 97.980083
v 114.207583 0.981253 98.717502
v 114.764110 69.271344 121.614800
v 114.928744 74.468708 120.212841
v 116.851790 72.794974 120.235281
v 116.279594 49.794548 105.257105
v 114.803899 50.589120 108.392063
v 116.430049 55.699032 105.540601
v 114.709534 68.434042 125.219632
v 111.968991 73.907042 125.719459
v 114.091265 68.322402 123.480660
v 124.598831 -0.000000 104.694997
v 124.709446 0.655907 102.991367
v 124.273890 1.504403 103.829364
v 126.873429 66.358327 84.009028
v 125.477710 68.685912 84.507974
v 126.182601 70.024675 82.687904
v 126.964932 78.333068 91.235290
v 128.481295 74.176692 85.084507
v 126.370430 74.713236 86.588811
v 125.477710 68.685912 84.507974
v 125.147128 74.733316 89.096670
v 126.182601 70.024675 82.687904
v 126.339766 89.528144 108.517759
v 127.544916 91.395652 108.609407
v 125.166065 94.114578 105.788509
v 113.520699 2.119195 97.454959
v 113.116241 2.307033 96.399312
v 114.125755 1.577579 97.471393
v 130.560317 87.699056 102.495066
v 131.996905 88.944799 105.074093
v 131.331273 87.472344 106.795843
v 118.971240 49.350631 117.406730
v 117.700384 50.792772 115.801576
v 120.696908 33.373940 121.943139
v 124.572404 48.031348 94.559411
v 123.427427 50.042283 95.455824
v 120.807659 48.739981 93.996808
v 129.885678 82.078034 101.585149
v 129.722944 83.524984 102.067740
v 129.722893 83.054251 102.028375
v 116.672153 1.031589 104.882281
v 115.361219 0.973528 103.057917
v 114.207583 0.981253 98.717502
v 123.995538 51.739782 96.273517
v 124.379190 51.613462 97.518454
v 122.522351 50.704908 97.215051
v 126.031127 53.478473 98.199142
v 125.281797 55.071056 97.101022
v 127.803519 53.931171 98.479527
v 126.007126 54.328161 95.509888
v 126.814281 56.416267 97.045024
v 125.281797 55.071056 97.101022
v 115.973013 50.684690 96.767818
v 117.244007 49.425584 97.317980
v 118.000633 49.797257 98.180615
v 115.973013 50.684690 96.767818
v 116.719700 49.731081 95.693982
v 117.244007 49.425584 97.317980
v 117.877228 49.470490 95.768032
v 119.796726 49.762851 93.725064
v 120.807659 48.739981 93.996808
v 120.898842 48.625391 92.621864
v 122.668716 48.022776 91.868956
v 120.807659 48.739981 93.996808
v 122.236081 24.361944 101.998106
v 120.135528 22.454738 99.679850
v 120.935365 26.133242 100.384974
v 120.625952 50.120836 98.551329
v 120.714647 49.072101 99.054871
v 119.535327 49.673739 98.902806
v 120.625952 50.120836 98.551329
v 122.463672 49.874955 98.083293
v 120.714647 49.072101 99.054871
v 111.863345 50.768244 110.348986
v 114.052773 51.363951 111.916146
v 111.905478 52.054882 113.275865
v 115.528558 8.483434 123.340411
v 114.843927 3.513241 122.480617
v 114.466664 2.840913 124.472864
v 122.668716 48.022776 91.868956
v 124.572404 48.031348 94.559411
v 120.807659 48.739981 93.996808
v 125.458665 47.820463 92.946118
v 126.697830 48.719668 94.454067
v 124.572404 48.031348 94.559411
v 125.192323 54.611975 95.888494
v 126.007126 54.328161 95.509888
v 125.281797 55.071056 97.101022
v 131.680804 90.901542 107.434222
v 131.996905 88.944799 105.074093
v 132.301661 91.473162 106.517475
v 122.236311 63.785327 116.932067
v 123.462375 63.905841 115.738233
v 125.381605 67.506367 115.937714
v 126.297027 62.977922 93.564491
v 126.686425 64.683687 92.945726
v 126.822975 64.535504 92.600634
v 126.686425 64.683687 92.945726
v 128.199771 65.399986 93.431359
v 127.694192 65.382302 92.752428
v 127.803519 53.931171 98.479527
v 125.281797 55.071056 97.101022
v 127.307488 56.610173 98.088146
v 116.719700 49.731081 95.693982
v 119.796726 49.762851 93.725064
v 117.877228 49.470490 95.768032
v 119.796726 49.762851 93.725064
v 116.719700 49.731081 95.693982
v 116.266430 50.922393 95.627497
v 116.241112 49.148479 103.890300
v 116.117976 49.428039 103.104933
v 117.928914 49.140924 102.098604
v 116.117976 49.428039 103.104933
v 118.222280 49.715051 100.932030
v 117.928914 49.140924 102.098604
v 129.486801 63.033706 98.305953
v 129.440121 63.114214 99.165081
v 128.962197 62.834531 97.628134
v 130.070627 82.323385 109.276851
v 129.536899 80.760217 108.773270
v 130.193611 80.645198 106.469730
v 119.184897 50.269109 98.589236
v 118.963762 49.420648 97.900235
v 119.535327 49.673739 98.902806
v 115.588486 13.263402 119.951076
v 116.146442 7.181287 121.114808
v 114.843927 3.513241 122.480617
v 119.258480 49.538645 100.032285
v 119.184897 50.269109 98.589236
v 119.535327 49.673739 98.902806
v 119.184897 50.269109 98.589236
v 119.258480 49.538645 100.032285
v 120.298501 52.999925 98.976984
v 120.785486 66.501618 118.987043
v 122.905333 63.340837 118.468611
v 121.081243 65.895874 118.302605
v 118.253871 55.942046 96.865893
v 115.973013 50.684690 96.767818
v 119.249384 56.925428 98.067607
v 131.893370 71.134072 88.597668
v 131.821872 68.450534 88.074801
v 131.996963 68.597132 85.303902
v 129.886751 94.077826 107.540599
v 127.544916 91.395652 108.609407
v 130.665343 93.268431 108.533081
v 111.743922 14.190730 99.301094
v 111.336235 14.192914 98.462747
v 111.108476 14.036545 98.994526
v 128.326999 62.223989 96.642639
v 128.078752 62.739909 97.401897
v 127.582498 62.076437 98.627115
v 130.917174 89.182198 101.573175
v 130.801643 89.387775 101.858525
v 130.637718 89.036834 101.490230
v 131.642620 80.582589 96.645157
v 130.860970 80.834007 92.457410
v 128.402857 83.192968 99.621673
v 111.938529 22.965407 100.682509
v 113.216607 22.061180 98.222853
v 109.885196 14.363670 100.079947
v 123.427427 50.042283 95.455824
v 122.522351 50.704908 97.215051
v 120.807659 48.739981 93.996808
v 125.331941 61.689049 92.652313
v 125.827506 61.061489 91.050567
v 123.879219 61.687439 92.367134
v 122.370388 27.153439 124.193959
v 123.556504 24.923084 123.718909
v 125.539978 27.053938 123.094567
v 131.379742 47.469661 102.868014
v 130.770747 47.815859 99.960894
v 131.367236 53.388149 102.408299
v 128.997501 67.555380 114.031483
v 124.717303 63.846165 115.790238
v 129.990816 64.811105 113.169914
v 125.694467 85.038674 100.704694
v 128.680555 85.792893 101.040025
v 129.722944 83.524984 102.067740
v 128.078752 62.739909 97.401897
v 128.219908 63.329679 97.162946
v 128.617866 62.644076 97.337835
v 108.207771 5.268960 98.091742
v 108.215417 3.974866 98.053925
v 107.741333 5.267339 100.783843
v 124.639004 70.197159 93.559394
v 125.477065 72.442180 91.803491
v 127.462640 71.028000 92.791400
v 130.426807 88.263589 99.860859
v 130.637718 89.036834 101.490230
v 130.560317 87.699056 102.495066
v 123.957852 94.848907 104.981403
v 123.147682 90.861130 104.078143
v 125.166065 94.114578 105.788509
v 126.455461 61.283320 90.291668
v 127.067763 59.250354 91.308859
v 125.928897 59.937781 91.125415
v 126.455461 61.283320 90.291668
v 127.845845 60.197806 91.147470
v 127.067763 59.250354 91.308859
v 127.980289 60.537463 90.748962
v 127.961852 60.413736 90.618759
v 127.845845 60.197806 91.147470
v 127.961852 60.413736 90.618759
v 128.075164 60.804838 89.957595
v 128.066054 60.473716 90.698946
v 127.838304 60.564494 90.725229
v 127.961852 60.413736 90.618759
v 127.980289 60.537463 90.748962
v 127.980289 60.537463 90.748962
v 128.075164 60.804838 89.957595
v 127.838304 60.564494 90.725229
v 128.075164 60.804838 89.957595
v 128.624795 60.107195 90.712587
v 127.838304 60.564494 90.725229
v 127.838304 60.564494 90.725229
v 128.066054 60.473716 90.698946
v 127.845845 60.197806 91.147470
v 127.961852 60.413736 90.618759
v 128.066054 60.473716 90.698946
v 128.624795 60.107195 90.712587
v 127.838304 60.564494 90.725229
v 128.624795 60.107195 90.712587
v 128.066054 60.473716 90.698946
v 125.747967 66.430932 87.057578
v 126.091966 63.735401 88.843456
v 126.380029 65.087443 89.165637
v 125.917545 66.403687 87.893163
v 125.747967 66.430932 87.057578
v 125.809435 66.518610 87.945774
v 116.479506 67.339194 111.521319
v 116.913871 69.078416 113.345086
v 117.269225 76.059342 115.321880
v 125.853147 66.457730 87.963458
v 126.380029 65.087443 89.165637
v 125.917545 66.403687 87.893163
v 125.809435 66.518610 87.945774
v 126.043899 68.237674 87.741253
v 125.917545 66.403687 87.893163
v 126.043899 68.237674 87.741253
v 125.853147 66.457730 87.963458
v 125.917545 66.403687 87.893163
v 125.853147 66.457730 87.963458
v 126.043899 68.237674 87.741253
v 126.034634 66.733700 87.966895
v 126.380029 65.087443 89.165637
v 126.034634 66.733700 87.966895
v 125.917545 66.403687 87.893163
v 125.331941 61.689049 92.652313
v 126.455461 61.283320 90.291668
v 125.827506 61.061489 91.050567
v 117.786444 11.228752 103.964833
v 118.723533 13.046425 102.150552
v 120.118603 21.806484 105.165668
v 120.935365 26.133242 100.384974
v 116.259993 23.240202 97.892136
v 117.696138 26.483568 99.122600
v 118.963762 49.420648 97.900235
v 118.000633 49.797257 98.180615
v 117.244007 49.425584 97.317980
v 120.696908 33.373940 121.943139
v 120.306604 27.137044 123.933387
v 124.255634 32.855344 122.808256
v 118.302684 82.398343 110.987081
v 116.964409 77.332324 108.170049
v 117.087810 80.023587 112.997090
v 118.670752 83.881545 115.114237
v 118.101268 82.393158 115.019896
v 119.062395 82.246334 117.067531
v 119.631165 53.724473 98.065024
v 119.249384 56.925428 98.067607
v 118.000633 49.797257 98.180615
v 131.429469 72.050023 84.927992
v 130.333147 70.757567 82.801215
v 130.034028 74.074530 85.595474
v 129.949441 83.173651 102.148002
v 129.427091 83.331972 102.316789
v 129.722944 83.524984 102.067740
v 130.860970 80.834007 92.457410
v 127.999203 82.495296 94.191586
v 128.402857 83.192968 99.621673
v 129.722944 83.524984 102.067740
v 128.680555 85.792893 101.040025
v 129.785568 84.820366 102.535958
v 124.787825 80.643654 94.800764
v 123.919949 79.120946 93.636623
v 119.995853 74.258387 97.930928
v 115.314180 1.778406 122.872001
v 119.570500 2.259708 123.984459
v 119.859304 1.121784 125.350751
v 125.147128 74.733316 89.096670
v 126.370430 74.713236 86.588811
v 126.182601 70.024675 82.687904
v 120.259068 1.324762 132.993660
v 123.030139 2.016593 136.268931
v 119.839368 1.815600 133.257913
v 130.801643 89.387775 101.858525
v 130.917174 89.182198 101.573175
v 131.172806 89.357323 101.272623
v 120.967647 6.102831 132.663185
v 118.003567 4.612583 130.091191
v 121.026541 3.943033 133.795586
v 131.642620 80.582589 96.645157
v 131.142360 80.158341 105.090671
v 132.693891 77.114582 98.299343
v 122.176789 7.085700 130.184495
v 119.988627 7.523144 130.545859
v 120.967647 6.102831 132.663185
v 118.131782 9.335220 120.674004
v 118.446215 7.196737 121.172153
v 117.234222 5.624426 121.271298
v 128.481295 74.176692 85.084507
v 130.034028 74.074530 85.595474
v 130.333147 70.757567 82.801215
v 121.083509 66.581470 118.068696
v 120.670144 66.224563 117.679075
v 120.325137 65.940410 118.848978
v 114.466664 2.840913 124.472864
v 116.205280 7.488698 127.801315
v 115.528558 8.483434 123.340411
v 115.314180 1.778406 122.872001
v 116.154262 3.004420 121.290832
v 116.791083 2.817601 122.686217
v 116.154262 3.004420 121.290832
v 115.314180 1.778406 122.872001
v 114.843927 3.513241 122.480617
v 119.570500 2.259708 123.984459
v 121.459926 1.792920 125.957400
v 119.859304 1.121784 125.350751
v 117.438578 2.194369 130.319459
v 118.003667 1.429457 129.293691
v 119.566659 1.284397 131.042011
v 118.279959 74.782503 124.143988
v 124.405018 77.794552 117.386086
v 120.191967 78.650904 121.411566
v 120.563607 1.075692 127.966932
v 119.859304 1.121784 125.350751
v 121.459926 1.792920 125.957400
v 123.948644 26.416391 105.113947
v 121.960142 23.369053 103.616919
v 125.549300 29.367194 103.886501
v 115.925471 14.264420 124.894214
v 119.368853 15.051929 126.910333
v 117.092791 21.566779 124.578358
v 121.293316 39.129564 110.266614
v 122.929246 39.169687 109.638638
v 122.838497 38.964585 110.872286
v 119.995853 74.258387 97.930928
v 120.947345 80.167579 99.263215
v 124.787825 80.643654 94.800764
v 129.886751 94.077826 107.540599
v 127.575292 95.060051 107.380798
v 127.544916 91.395652 108.609407
v 127.074483 2.245648 137.353093
v 124.775646 2.863962 137.234452
v 127.073189 1.077123 137.003627
v 127.074483 2.245648 137.353093
v 127.073189 1.077123 137.003627
v 127.869185 2.095378 136.011830
v 127.074483 2.245648 137.353093
v 127.869185 2.095378 136.011830
v 127.229791 3.197927 136.276667
v 127.869185 2.095378 136.011830
v 127.073189 1.077123 137.003627
v 127.429207 1.588477 134.223994
v 127.869185 2.095378 136.011830
v 127.429207 1.588477 134.223994
v 127.229791 3.197927 136.276667
v 129.722893 83.054251 102.028375
v 129.910137 82.956272 102.079594
v 129.427091 83.331972 102.316789
v 130.255502 86.819327 107.867595
v 131.107429 88.803196 109.042785
v 129.532072 88.230062 109.511080
v 117.603988 71.409005 121.340331
v 118.977619 68.348092 120.658011
v 116.361005 67.861843 120.781695
v 122.929246 39.169687 109.638638
v 121.389338 38.989982 109.090754
v 121.389819 37.658137 108.859989
v 123.374232 87.793910 99.917633
v 127.321523 88.695776 97.247019
v 125.694467 85.038674 100.704694
v 119.062395 82.246334 117.067531
v 116.914653 79.802823 115.358578
v 113.122874 76.640415 122.596227
v 118.388307 60.364747 118.720249
v 118.477539 60.194415 120.265892
v 117.496473 59.357023 120.279976
v 110.924646 2.123212 99.504102
v 109.295878 2.376782 101.517731
v 109.199150 5.567353 101.868069
v 116.117976 49.428039 103.104933
v 116.241112 49.148479 103.890300
v 116.121379 50.919199 102.942254
v 117.860548 46.051955 106.450366
v 119.301022 44.975844 102.768309
v 119.482532 43.693018 106.199815
v 129.788628 82.801455 102.132359
v 129.949441 83.173651 102.148002
v 130.904592 82.932127 102.432992
v 121.293316 39.129564 110.266614
v 120.508400 42.323136 108.250682
v 121.389338 38.989982 109.090754
v 129.440121 63.114214 99.165081
v 129.486801 63.033706 98.305953
v 131.009431 65.044308 99.305776
v 128.928693 36.672777 104.073223
v 128.922413 42.311388 107.780201
v 123.948644 26.416391 105.113947
v 118.191862 30.361903 118.188390
v 119.101843 34.332261 119.597718
v 118.963753 32.942182 117.904706
v 126.533344 38.214702 113.090107
v 128.930789 43.661407 112.754006
v 128.788384 43.158001 115.540033
v 123.651778 5.139530 128.817548
v 125.466664 1.751734 130.884919
v 122.886928 2.177662 128.400926
v 109.876804 8.407348 98.481118
v 111.603687 3.774052 95.629698
v 110.169833 4.028767 96.902925
v 129.717041 81.945312 101.890046
v 130.086372 82.167351 102.203919
v 130.493117 81.676424 102.245575
v 126.291393 47.893343 118.747835
v 124.762031 42.364377 121.115049
v 127.291662 43.016938 119.416041
v 113.326581 7.343495 106.858232
v 112.187298 1.542460 104.081248
v 115.162535 2.329457 105.138413
v 127.229791 3.197927 136.276667
v 124.775646 2.863962 137.234452
v 127.074483 2.245648 137.353093
v 129.176760 89.789778 109.694647
v 126.339766 89.528144 108.517759
v 129.532072 88.230062 109.511080
v 123.388490 58.178913 92.361116
v 122.412189 60.420209 92.500426
v 125.827506 61.061489 91.050567
v 124.709446 0.655907 102.991367
v 120.684107 0.321990 100.515471
v 121.912973 0.417256 100.384196
v 128.110044 66.152763 93.442858
v 126.686425 64.683687 92.945726
v 123.879322 63.299530 92.694315
v 115.864869 50.135559 110.124139
v 116.131075 51.882046 113.652764
v 114.052773 51.363951 111.916146
v 116.686750 51.620436 116.266125
v 113.776900 51.978290 115.899297
v 116.131075 51.882046 113.652764
v 116.131075 51.882046 113.652764
v 117.700384 50.792772 115.801576
v 116.686750 51.620436 116.266125
v 113.776900 51.978290 115.899297
v 114.105545 52.337647 118.086937
v 113.499517 52.320957 116.368427
v 116.159395 53.389061 119.832078
v 115.445043 51.507753 118.446628
v 116.966971 51.309520 119.166641
v 118.906066 51.277149 117.740841
v 117.700384 50.792772 115.801576
v 118.971240 49.350631 117.406730
v 116.966971 51.309520 119.166641
v 116.886784 51.740158 117.805243
v 117.314012 51.190180 117.969998
v 117.314012 51.190180 117.969998
v 118.906066 51.277149 117.740841
v 116.966971 51.309520 119.166641
v 133.025118 63.353986 105.529705
v 132.964162 57.481760 106.603662
v 132.768521 57.347983 104.474091
v 127.838304 60.564494 90.725229
v 126.455461 61.283320 90.291668
v 127.961852 60.413736 90.618759
v 118.388307 60.364747 118.720249
v 118.711139 58.896613 118.110434
v 120.445170 59.371537 117.769970
v 117.889482 60.300035 120.508521
v 118.477539 60.194415 120.265892
v 120.287872 60.830719 121.922539
v 121.179571 61.025906 120.511822
v 120.287872 60.830719 121.922539
v 118.477539 60.194415 120.265892
v 123.244217 59.406609 116.936129
v 122.828772 60.031575 118.764970
v 120.445170 59.371537 117.769970
v 127.954815 58.186168 115.507408
v 130.728452 57.590980 112.839698
v 129.990816 64.811105 113.169914
v 114.091265 68.322402 123.480660
v 114.764110 69.271344 121.614800
v 116.361005 67.861843 120.781695
v 125.119009 82.868910 115.394752
v 125.150125 80.315590 117.204442
v 127.257398 79.202038 114.431706
v 123.703628 94.265091 98.988832
v 123.769299 89.697939 98.288132
v 122.323617 91.026813 100.367782
v 130.130428 45.534322 100.646234
v 128.620239 44.613141 99.368422
v 130.770747 47.815859 99.960894
v 126.585521 81.719714 92.736729
v 129.374312 81.515974 92.307675
v 127.513935 79.874885 91.877833
v 130.747384 79.804325 107.052543
v 131.142360 80.158341 105.090671
v 130.785441 80.915058 106.622039
v 125.946952 40.863276 109.462343
v 125.974573 38.269311 107.995919
v 128.922413 42.311388 107.780201
v 129.910137 82.956272 102.079594
v 129.949441 83.173651 102.148002
v 130.070268 83.653659 102.561422
v 129.536899 80.760217 108.773270
v 130.070627 82.323385 109.276851
v 127.977179 82.834816 109.226077
v 115.855736 62.396687 109.846538
v 115.809682 59.956795 111.454840
v 115.398485 63.152087 111.482370
v 128.668530 80.877716 109.794262
v 129.536899 80.760217 108.773270
v 127.977179 82.834816 109.226077
v 127.954815 58.186168 115.507408
v 127.598375 55.491341 115.157031
v 130.728452 57.590980 112.839698
v 117.612057 3.547072 104.765411
v 118.430537 5.035889 103.922057
v 114.735929 8.526122 106.857435
v 118.906066 51.277149 117.740841
v 118.971240 49.350631 117.406730
v 121.525842 51.802612 117.840522
v 129.776309 52.194667 112.682747
v 126.291393 47.893343 118.747835
v 127.291662 43.016938 119.416041
v 121.525842 51.802612 117.840522
v 120.925261 55.095208 117.473659
v 118.906066 51.277149 117.740841
v 121.525842 51.802612 117.840522
v 121.378492 55.736834 116.480725
v 120.925261 55.095208 117.473659
v 130.255502 86.819327 107.867595
v 128.699652 86.820913 108.032537
v 129.159108 82.516617 107.065799
v 133.225470 76.958758 96.907492
v 132.429325 75.236672 95.420277
v 132.946005 77.415717 95.061145
v 121.378492 55.736834 116.480725
v 120.445170 59.371537 117.769970
v 120.925261 55.095208 117.473659
v 118.006677 61.783666 120.330211
v 118.936365 64.068896 119.207736
v 118.219025 62.837768 119.303912
v 125.618367 50.999290 118.260233
v 126.536310 50.861991 118.420260
v 126.391537 53.935653 116.490880
v 118.685885 43.235356 108.538406
v 117.860548 46.051955 106.450366
v 119.482532 43.693018 106.199815
v 114.619407 1.867729 98.219407
v 114.207583 0.981253 98.717502
v 114.125755 1.577579 97.471393
v 121.677617 58.195305 116.517085
v 123.244217 59.406609 116.936129
v 120.445170 59.371537 117.769970
v 123.863748 61.346430 116.704765
v 122.828772 60.031575 118.764970
v 123.244217 59.406609 116.936129
v 123.462375 63.905841 115.738233
v 123.863748 61.346430 116.704765
v 124.717303 63.846165 115.790238
v 122.485787 93.077659 102.585388
v 122.323617 91.026813 100.367782
v 122.820105 87.901521 103.135176
v 113.386865 61.971170 111.070694
v 113.886348 63.630229 112.614229
v 113.882425 61.825096 110.925129
v 114.146088 19.278997 97.283843
v 120.135528 22.454738 99.679850
v 116.545113 12.795487 99.548767
v 113.886348 63.630229 112.614229
v 115.092002 65.714616 112.560350
v 113.882425 61.825096 110.925129
v 116.479506 67.339194 111.521319
v 115.398485 63.152087 111.482370
v 115.092002 65.714616 112.560350
v 121.405733 66.346568 117.547033
v 121.644667 66.496337 118.153033
v 121.081243 65.895874 118.302605
v 115.650249 76.079619 126.116518
v 118.279959 74.782503 124.143988
v 120.191967 78.650904 121.411566
v 120.819321 65.487922 117.920782
v 120.690829 65.914971 117.766841
v 118.936365 64.068896 119.207736
v 127.791481 63.010567 96.321572
v 128.219908 63.329679 97.162946
v 128.078752 62.739909 97.401897
v 124.096812 66.212630 95.162694
v 124.639004 70.197159 93.559394
v 126.273414 69.208026 93.889183
v 121.004859 66.676176 117.349375
v 120.690829 65.914971 117.766841
v 121.405733 66.346568 117.547033
v 121.004859 66.676176 117.349375
v 121.083509 66.581470 118.068696
v 120.690829 65.914971 117.766841
v 120.690829 65.914971 117.766841
v 121.083509 66.581470 118.068696
v 121.081243 65.895874 118.302605
v 121.004859 66.676176 117.349375
v 120.670144 66.224563 117.679075
v 121.083509 66.581470 118.068696
v 130.120774 81.498605 101.978006
v 129.717041 81.945312 101.890046
v 130.458316 81.027514 102.166308
v 122.625977 30.737656 100.479497
v 125.549300 29.367194 103.886501
v 122.236081 24.361944 101.998106
v 114.709534 68.434042 125.219632
v 119.776247 62.934280 123.191806
v 118.280304 67.770791 125.318238
v 125.258160 79.617011 92.380440
v 125.472768 78.436345 92.798864
v 124.023369 76.485014 92.810850
v 120.785486 66.501618 118.987043
v 121.644667 66.496337 118.153033
v 121.083509 66.581470 118.068696
v 121.004859 66.676176 117.349375
v 121.405733 66.346568 117.547033
v 122.538841 67.769337 117.264945
v 113.997585 59.721386 116.209830
v 118.006677 61.783666 120.330211
v 118.219025 62.837768 119.303912
v 122.538841 67.769337 117.264945
v 121.083509 66.581470 118.068696
v 121.644667 66.496337 118.153033
v 119.566659 1.284397 131.042011
v 119.839368 1.815600 133.257913
v 118.610174 2.941454 131.572992
v 118.000633 49.797257 98.180615
v 119.184897 50.269109 98.589236
v 119.631165 53.724473 98.065024
v 116.851790 72.794974 120.235281
v 119.077912 73.453605 121.108320
v 117.603988 71.409005 121.340331
v 127.993236 93.553215 97.879075
v 126.214529 95.580458 98.079898
v 130.170610 96.110606 99.305377
v 132.378348 93.388009 101.985359
v 132.133011 92.571497 100.045420
v 130.170610 96.110606 99.305377
v 115.445043 51.507753 118.446628
v 116.886784 51.740158 117.805243
v 116.966971 51.309520 119.166641
v 131.331273 87.472344 106.795843
v 129.159108 82.516617 107.065799
v 130.200717 82.464314 105.777494
v 126.585521 81.719714 92.736729
v 123.919949 79.120946 93.636623
v 124.787825 80.643654 94.800764
v 129.717041 81.945312 101.890046
v 130.493117 81.676424 102.245575
v 129.885678 82.078034 101.585149
v 125.381605 67.506367 115.937714
v 124.717303 63.846165 115.790238
v 125.992214 66.989398 115.056488
v 126.964932 78.333068 91.235290
v 127.513935 79.874885 91.877833
v 128.905544 78.950184 91.602026
v 111.108476 14.036545 98.994526
v 111.009200 14.350724 99.275928
v 111.434537 11.961641 99.128886
v 129.885678 82.078034 101.585149
v 126.561593 84.030616 100.573804
v 129.722944 83.524984 102.067740
v 121.405733 66.346568 117.547033
v 121.083509 66.581470 118.068696
v 122.538841 67.769337 117.264945
v 124.775646 2.863962 137.234452
v 122.705573 4.570831 133.209302
v 121.026541 3.943033 133.795586
v 117.234222 5.624426 121.271298
v 118.446215 7.196737 121.172153
v 116.791083 2.817601 122.686217
v 130.177936 81.504178 103.477188
v 130.458316 81.027514 102.166308
v 129.570445 81.386453 102.799886
v 112.249178 53.361142 114.252964
v 113.499517 52.320957 116.368427
v 112.609897 56.340873 113.929907
v 120.287872 60.830719 121.922539
v 122.179799 62.808240 122.039764
v 119.776247 62.934280 123.191806
v 121.179571 61.025906 120.511822
v 122.179799 62.808240 122.039764
v 120.287872 60.830719 121.922539
v 125.281797 55.071056 97.101022
v 124.379190 51.613462 97.518454
v 123.995538 51.739782 96.273517
v 122.179799 62.808240 122.039764
v 121.179571 61.025906 120.511822
v 122.828772 60.031575 118.764970
v 123.857519 85.628664 102.726383
v 123.374232 87.793910 99.917633
v 125.694467 85.038674 100.704694
v 116.851790 72.794974 120.235281
v 119.891189 74.208778 117.822713
v 119.077912 73.453605 121.108320
v 120.191967 78.650904 121.411566
v 124.405018 77.794552 117.386086
v 125.150125 80.315590 117.204442
v 125.663668 28.903827 116.770950
v 126.533344 38.214702 113.090107
v 128.788384 43.158001 115.540033
v 126.127540 87.609506 107.071795
v 127.131411 85.826612 107.752304
v 128.699652 86.820913 108.032537
v 126.536945 78.589887 115.985007
v 125.233545 75.270152 117.118851
v 127.257398 79.202038 114.431706
v 131.893370 71.134072 88.597668
v 132.946005 77.415717 95.061145
v 132.429325 75.236672 95.420277
v 123.084215 6.743420 129.156330
v 123.651778 5.139530 128.817548
v 122.149554 12.559397 125.865119
v 127.580245 70.518738 116.067652
v 125.381605 67.506367 115.937714
v 129.951260 72.035665 113.645207
v 118.302684 82.398343 110.987081
v 118.241161 83.635038 113.970494
v 121.242642 84.371269 110.127762
v 118.489015 71.591169 115.572695
v 115.092002 65.714616 112.560350
v 121.420988 71.762008 117.545743
v 127.131411 85.826612 107.752304
v 127.977179 82.834816 109.226077
v 128.749780 83.905435 108.729403
v 126.127540 87.609506 107.071795
v 125.318886 85.744470 107.032759
v 127.131411 85.826612 107.752304
v 127.024768 74.897105 115.377666
v 128.685370 76.071591 114.631600
v 127.257398 79.202038 114.431706
v 121.963519 85.109091 105.058609
v 121.242642 84.371269 110.127762
v 123.128485 85.144043 105.299470
v 116.203061 22.230074 119.714040
v 118.461152 26.763243 117.451204
v 115.588486 13.263402 119.951076
v 127.894727 69.365215 81.816974
v 126.873429 66.358327 84.009028
v 126.182601 70.024675 82.687904
v 113.216607 22.061180 98.222853
v 116.864195 29.839903 100.091049
v 116.259993 23.240202 97.892136
v 108.280364 4.344135 99.373278
v 109.175343 5.612987 99.551226
v 108.532397 5.178534 101.249129
v 126.519893 63.435161 87.632975
v 128.075164 60.804838 89.957595
v 127.961852 60.413736 90.618759
v 127.257398 79.202038 114.431706
v 128.668530 80.877716 109.794262
v 126.203738 83.039856 110.994642
v 130.747384 79.804325 107.052543
v 128.668530 80.877716 109.794262
v 132.555413 73.127401 108.355210
v 114.726766 57.774144 118.512915
v 116.159395 53.389061 119.832078
v 117.496473 59.357023 120.279976
v 112.779119 4.426789 95.981369
v 111.148848 8.172404 98.203943
v 113.420299 7.215440 98.167043
v 127.315294 65.881657 91.263513
v 126.180500 67.285525 88.529900
v 126.380029 65.087443 89.165637
v 117.604897 56.046081 120.113876
v 118.711139 58.896613 118.110434
v 118.388307 60.364747 118.720249
v 127.803519 53.931171 98.479527
v 127.307488 56.610173 98.088146
v 129.434102 57.106578 99.203696
v 124.163833 86.429614 104.623103
v 125.318886 85.744470 107.032759
v 124.014806 88.949132 104.431918
v 128.811256 43.882326 109.871876
v 128.930789 43.661407 112.754006
v 126.464704 42.096576 110.788255
v 122.392115 34.255636 113.036974
v 120.161831 31.331384 115.352328
v 120.370683 35.283980 113.694067
v 124.014806 88.949132 104.431918
v 122.820105 87.901521 103.135176
v 124.163833 86.429614 104.623103
v 127.307137 57.810020 96.057918
v 127.307488 56.610173 98.088146
v 126.814281 56.416267 97.045024
v 129.440121 63.114214 99.165081
v 128.621723 60.512602 99.157999
v 127.582498 62.076437 98.627115
v 127.417130 57.941836 93.068964
v 126.720652 57.166141 94.172498
v 127.437439 54.557997 92.184105
v 128.455383 53.707731 95.483850
v 128.284261 51.749170 95.542092
v 128.825831 51.414162 94.822737
v 127.579448 53.605288 96.269185
v 128.455383 53.707731 95.483850
v 127.711489 54.963600 95.328042
v 127.579448 53.605288 96.269185
v 128.284261 51.749170 95.542092
v 128.455383 53.707731 95.483850
v 130.627428 51.011193 99.893943
v 131.367236 53.388149 102.408299
v 130.770747 47.815859 99.960894
v 130.770747 47.815859 99.960894
v 128.620239 44.613141 99.368422
v 130.627428 51.011193 99.893943
v 130.785441 80.915058 106.622039
v 132.026390 81.502223 104.951862
v 131.529520 81.726957 105.737443
v 116.479506 67.339194 111.521319
v 116.964409 77.332324 108.170049
v 115.855736 62.396687 109.846538
v 128.326999 62.223989 96.642639
v 128.160179 60.845220 98.654855
v 128.903313 61.950743 96.967313
v 128.160179 60.845220 98.654855
v 129.827021 59.758693 97.237433
v 128.903313 61.950743 96.967313
v 129.827021 59.758693 97.237433
v 130.226651 58.854115 95.679455
v 131.239674 60.596150 94.692380
v 128.160179 60.845220 98.654855
v 128.621723 60.512602 99.157999
v 129.827021 59.758693 97.237433
v 129.316544 57.892865 98.121428
v 128.621723 60.512602 99.157999
v 129.434102 57.106578 99.203696
v 130.762678 42.741132 103.472159
v 131.379742 47.469661 102.868014
v 131.492696 51.054406 108.371308
v 130.701663 80.923009 106.101048
v 130.165930 81.348402 106.628857
v 130.863217 81.143004 106.248360
v 130.165930 81.348402 106.628857
v 130.701663 80.923009 106.101048
v 130.785441 80.915058 106.622039
v 129.095505 64.421361 93.938893
v 128.751579 64.383370 95.218702
v 127.791481 63.010567 96.321572
v 127.582498 62.076437 98.627115
v 128.160179 60.845220 98.654855
v 128.326999 62.223989 96.642639
v 128.078752 62.739909 97.401897
v 129.440121 63.114214 99.165081
v 127.582498 62.076437 98.627115
v 128.326999 62.223989 96.642639
v 127.791481 63.010567 96.321572
v 128.078752 62.739909 97.401897
v 129.486801 63.033706 98.305953
v 128.903313 61.950743 96.967313
v 129.345395 61.966920 96.706369
v 128.903313 61.950743 96.967313
v 129.372971 62.531936 97.419462
v 128.909053 62.367809 96.746489
v 128.909053 62.367809 96.746489
v 128.962197 62.834531 97.628134
v 128.617866 62.644076 97.337835
v 129.345395 61.966920 96.706369
v 128.909053 62.367809 96.746489
v 129.372971 62.531936 97.419462
v 121.877867 7.832897 123.349863
v 120.615814 10.140640 121.739963
v 122.510345 11.101327 124.597665
v 128.872539 64.771145 96.030779
v 129.332320 64.886904 96.105726
v 129.126099 65.322035 95.720860
v 129.159108 82.516617 107.065799
v 130.165930 81.348402 106.628857
v 130.193611 80.645198 106.469730
v 132.388336 78.860193 92.974946
v 131.711982 74.663603 88.538867
v 130.034028 74.074530 85.595474
v 128.903313 61.950743 96.967313
v 128.962197 62.834531 97.628134
v 129.372971 62.531936 97.419462
v 129.372971 62.531936 97.419462
v 129.486801 63.033706 98.305953
v 129.345395 61.966920 96.706369
v 117.002567 1.256293 97.980083
v 116.471173 1.955795 97.841164
v 116.528995 2.718865 97.159021
v 129.486801 63.033706 98.305953
v 129.372971 62.531936 97.419462
v 131.009431 65.044308 99.305776
v 130.170610 96.110606 99.305377
v 130.486829 97.661221 103.455993
v 130.475994 96.487761 104.201306
v 129.570445 81.386453 102.799886
v 129.788628 82.801455 102.132359
v 129.427091 83.331972 102.316789
v 125.258160 79.617011 92.380440
v 127.513935 79.874885 91.877833
v 126.964932 78.333068 91.235290
v 129.321687 64.861965 96.424295
v 130.039969 65.468293 96.711470
v 129.332320 64.886904 96.105726
v 120.819321 65.487922 117.920782
v 122.905333 63.340837 118.468611
v 122.236311 63.785327 116.932067
v 132.555413 73.127401 108.355210
v 133.664308 71.777827 104.361415
v 131.142360 80.158341 105.090671
v 128.685370 76.071591 114.631600
v 130.937165 74.150891 111.588679
v 129.019946 77.915705 112.958699
v 130.070627 82.323385 109.276851
v 129.884161 83.639187 108.409529
v 128.749780 83.905435 108.729403
v 122.972757 28.915105 114.990681
v 120.161831 31.331384 115.352328
v 122.392115 34.255636 113.036974
v 132.280146 67.143071 98.776185
v 132.208313 65.879703 99.286906
v 131.621362 66.498381 98.834408
v 125.477065 72.442180 91.803491
v 126.901429 70.961207 91.501083
v 127.462640 71.028000 92.791400
v 131.621362 66.498381 98.834408
v 132.208313 65.879703 99.286906
v 131.009431 65.044308 99.305776
v 132.768397 73.735172 97.825822
v 132.693891 77.114582 98.299343
v 133.353520 73.309755 99.612404
v 114.674694 19.796306 107.337408
v 117.321309 22.449535 107.630713
v 114.356314 22.442373 107.070048
v 114.105545 52.337647 118.086937
v 114.726766 57.774144 118.512915
v 112.504663 58.582383 114.609137
v 126.180500 67.285525 88.529900
v 126.043899 68.237674 87.741253
v 125.809435 66.518610 87.945774
v 132.378348 93.388009 101.985359
v 131.195140 89.290887 102.092182
v 132.133011 92.571497 100.045420
v 131.581025 65.032565 90.278500
v 130.307911 65.639061 91.653821
v 130.522859 62.197888 95.630355
v 128.997501 67.555380 114.031483
v 129.951260 72.035665 113.645207
v 125.381605 67.506367 115.937714
v 128.110044 66.152763 93.442858
v 127.583906 68.696737 93.782709
v 131.593386 72.507220 94.904739
v 131.581025 65.032565 90.278500
v 131.275323 63.544589 90.839336
v 131.250993 65.442454 86.035419
v 112.504663 58.582383 114.609137
v 113.997585 59.721386 116.209830
v 113.748141 62.341917 115.480878
v 114.052773 51.363951 111.916146
v 115.121298 49.944097 109.480948
v 115.864869 50.135559 110.124139
v 131.303676 89.064819 102.373467
v 130.560317 87.699056 102.495066
v 130.983298 88.999474 101.990383
v 131.621362 66.498381 98.834408
v 130.039969 65.468293 96.711470
v 131.207853 67.698973 97.915169
v 130.171482 82.481307 103.836311
v 129.427091 83.331972 102.316789
v 129.785568 84.820366 102.535958
v 132.688225 68.762791 101.192212
v 132.208313 65.879703 99.286906
v 133.366677 70.513165 101.253022
v 123.689603 56.322760 116.623065
v 126.391537 53.935653 116.490880
v 127.598375 55.491341 115.157031
v 132.429325 75.236672 95.420277
v 131.593386 72.507220 94.904739
v 131.017361 72.254157 93.785454
v 111.353144 4.091399 98.306971
v 109.956179 5.103856 100.518147
v 109.175343 5.612987 99.551226
v 117.672635 72.207636 125.941758
v 115.650249 76.079619 126.116518
v 113.459482 74.472606 126.820515
v 119.113892 56.920069 98.807656
v 119.249384 56.925428 98.067607
v 120.298501 52.999925 98.976984
v 130.034028 74.074530 85.595474
v 131.711982 74.663603 88.538867
v 131.429469 72.050023 84.927992
v 126.214529 95.580458 98.079898
v 127.993236 93.553215 97.879075
v 125.297052 92.453301 97.247633
v 129.788628 82.801455 102.132359
v 130.171482 82.481307 103.836311
v 130.553080 82.419402 104.189078
v 130.070268 83.653659 102.561422
v 130.904592 82.932127 102.432992
v 129.722944 83.524984 102.067740
v 123.128485 85.144043 105.299470
v 121.242642 84.371269 110.127762
v 121.604496 83.960301 116.455119
v 115.864869 50.135559 110.124139
v 116.279594 49.794548 105.257105
v 117.543197 49.380964 104.013152
v 128.617866 62.644076 97.337835
v 128.326999 62.223989 96.642639
v 128.903313 61.950743 96.967313
v 125.992214 66.989398 115.056488
v 124.717303 63.846165 115.790238
v 128.997501 67.555380 114.031483
v 112.249178 53.361142 114.252964
v 111.905478 52.054882 113.275865
v 113.499517 52.320957 116.368427
v 118.963762 49.420648 97.900235
v 119.184897 50.269109 98.589236
v 118.000633 49.797257 98.180615
v 113.216607 22.061180 98.222853
v 116.259993 23.240202 97.892136
v 114.146088 19.278997 97.283843
v 118.388307 60.364747 118.720249
v 117.496473 59.357023 120.279976
v 117.604897 56.046081 120.113876
v 108.955183 8.384293 103.137610
v 110.901098 12.532719 103.544339
v 108.866152 9.771412 100.709004
v 125.281797 55.071056 97.101022
v 126.031127 53.478473 98.199142
v 124.379190 51.613462 97.518454
v 119.046457 30.907559 108.285464
v 117.321309 22.449535 107.630713
v 122.207434 26.822284 106.497612
v 119.796726 49.762851 93.725064
v 120.898842 48.625391 92.621864
v 120.807659 48.739981 93.996808
v 129.785568 84.820366 102.535958
v 130.070268 83.653659 102.561422
v 129.722944 83.524984 102.067740
v 120.563607 1.075692 127.966932
v 125.466664 1.751734 130.884919
v 126.270564 0.637729 133.764056
v 123.857519 85.628664 102.726383
v 124.163833 86.429614 104.623103
v 122.820105 87.901521 103.135176
v 126.517526 54.574090 91.225988
v 128.184916 50.501275 93.651828
v 125.458665 47.820463 92.946118
v 117.603988 71.409005 121.340331
v 114.764110 69.271344 121.614800
v 116.851790 72.794974 120.235281
v 121.405733 66.346568 117.547033
v 122.236311 63.785327 116.932067
v 127.580245 70.518738 116.067652
v 118.219025 62.837768 119.303912
v 118.936365 64.068896 119.207736
v 120.690829 65.914971 117.766841
v 131.303676 89.064819 102.373467
v 130.983298 88.999474 101.990383
v 131.172806 89.357323 101.272623
v 121.242642 84.371269 110.127762
v 121.774356 84.660029 103.102335
v 118.302684 82.398343 110.987081
v 109.377641 3.636973 97.253847
v 108.280364 4.344135 99.373278
v 108.215417 3.974866 98.053925
v 127.310726 98.006439 104.712255
v 126.060081 96.272349 104.359529
v 128.973356 97.979796 105.538485
v 125.233545 75.270152 117.118851
v 121.004859 66.676176 117.349375
v 127.024768 74.897105 115.377666
v 117.928914 49.140924 102.098604
v 117.543197 49.380964 104.013152
v 116.241112 49.148479 103.890300
v 108.979401 52.925867 110.585317
v 108.817772 54.850453 110.459314
v 111.737618 51.717376 109.860591
v 128.480037 68.556189 89.849495
v 130.573977 68.676591 89.257111
v 130.120402 69.580000 89.887830
v 121.004859 66.676176 117.349375
v 125.540997 69.867313 116.747127
v 127.024768 74.897105 115.377666
v 120.005971 1.007604 98.742910
v 121.614975 1.672268 100.590995
v 121.912973 0.417256 100.384196
v 117.002567 1.256293 97.980083
v 114.619407 1.867729 98.219407
v 115.511448 2.503126 98.081478
v 125.539978 27.053938 123.094567
v 124.912065 23.809693 119.737000
v 125.663668 28.903827 116.770950
v 122.463672 49.874955 98.083293
v 122.522351 50.704908 97.215051
v 124.379190 51.613462 97.518454
v 119.249384 56.925428 98.067607
v 119.113892 56.920069 98.807656
v 120.994028 62.239724 96.952208
v 131.893370 71.134072 88.597668
v 132.388336 78.860193 92.974946
v 132.946005 77.415717 95.061145
v 120.623396 55.441886 93.027124
v 120.891067 58.666175 94.113374
v 123.388490 58.178913 92.361116
v 127.417130 57.941836 93.068964
v 127.437439 54.557997 92.184105
v 127.067763 59.250354 91.308859
v 130.493117 81.676424 102.245575
v 132.026390 81.502223 104.951862
v 131.142360 80.158341 105.090671
v 126.297027 62.977922 93.564491
v 126.455461 61.283320 90.291668
v 125.331941 61.689049 92.652313
v 126.107846 90.296125 97.082025
v 127.254895 90.173501 96.798791
v 127.321523 88.695776 97.247019
v 129.095505 64.421361 93.938893
v 130.522859 62.197888 95.630355
v 130.307911 65.639061 91.653821
v 128.624795 60.107195 90.712587
v 127.845845 60.197806 91.147470
v 127.961852 60.413736 90.618759
v 115.452673 30.019477 101.579764
v 113.216607 22.061180 98.222853
v 111.938529 22.965407 100.682509
v 130.458316 81.027514 102.166308
v 130.177936 81.504178 103.477188
v 130.493117 81.676424 102.245575
v 130.637718 89.036834 101.490230
v 130.426807 88.263589 99.860859
v 131.172806 89.357323 101.272623
v 127.575292 95.060051 107.380798
v 125.166065 94.114578 105.788509
v 127.544916 91.395652 108.609407
v 130.553080 82.419402 104.189078
v 130.171482 82.481307 103.836311
v 130.560317 87.699056 102.495066
v 118.610174 2.941454 131.572992
v 117.438578 2.194369 130.319459
v 119.566659 1.284397 131.042011
v 129.949441 83.173651 102.148002
v 129.722944 83.524984 102.067740
v 130.904592 82.932127 102.432992
v 128.973356 97.979796 105.538485
v 129.529113 98.584557 103.617401
v 127.310726 98.006439 104.712255
v 118.461152 26.763243 117.451204
v 118.210889 28.463003 119.477497
v 118.191862 30.361903 118.188390
v 122.886928 2.177662 128.400926
v 120.563607 1.075692 127.966932
v 121.459926 1.792920 125.957400
v 120.325137 65.940410 118.848978
v 118.936365 64.068896 119.207736
v 116.361005 67.861843 120.781695
v 108.817772 54.850453 110.459314
v 113.882425 61.825096 110.925129
v 111.737618 51.717376 109.860591
v 114.207583 0.981253 98.717502
v 117.002567 1.256293 97.980083
v 120.005971 1.007604 98.742910
v 124.827356 96.419275 99.867496
v 126.214529 95.580458 98.079898
v 123.703628 94.265091 98.988832
v 130.904592 82.932127 102.432992
v 132.026390 81.502223 104.951862
v 130.493117 81.676424 102.245575
v 116.205280 7.488698 127.801315
v 118.534281 10.720405 128.314396
v 115.925471 14.264420 124.894214
v 118.610174 2.941454 131.572992
v 121.026541 3.943033 133.795586
v 118.003567 4.612583 130.091191
v 130.282917 53.558672 100.128108
v 131.579779 55.589938 101.509015
v 131.367236 53.388149 102.408299
v 112.187298 1.542460 104.081248
v 115.361219 0.973528 103.057917
v 115.162535 2.329457 105.138413
v 126.273414 69.208026 93.889183
v 124.639004 70.197159 93.559394
v 127.462640 71.028000 92.791400
v 128.909053 62.367809 96.746489
v 128.617866 62.644076 97.337835
v 128.903313 61.950743 96.967313
v 116.913871 69.078416 113.345086
v 118.489015 71.591169 115.572695
v 117.269225 76.059342 115.321880
v 131.009431 65.044308 99.305776
v 132.208313 65.879703 99.286906
v 132.688225 68.762791 101.192212
v 111.603687 3.774052 95.629698
v 112.779119 4.426789 95.981369
v 116.528995 2.718865 97.159021
v 124.044336 89.795363 105.254036
v 126.339766 89.528144 108.517759
v 125.166065 94.114578 105.788509
v 113.353936 3.912055 97.528032
v 110.741171 3.841656 97.140980
v 113.116241 2.307033 96.399312
v 126.380029 65.087443 89.165637
v 126.822975 64.535504 92.600634
v 127.315294 65.881657 91.263513
v 130.262555 45.898581 111.242871
v 128.930789 43.661407 112.754006
v 128.811256 43.882326 109.871876
v 109.577878 3.431189 103.216962
v 109.199150 5.567353 101.868069
v 109.295878 2.376782 101.517731
v 111.539348 9.081435 105.396635
v 110.901098 12.532719 103.544339
v 108.955183 8.384293 103.137610
v 108.955183 8.384293 103.137610
v 109.199150 5.567353 101.868069
v 109.577878 3.431189 103.216962
v 131.529520 81.726957 105.737443
v 130.701663 80.923009 106.101048
v 130.863217 81.143004 106.248360
v 130.701663 80.923009 106.101048
v 130.193611 80.645198 106.469730
v 130.747384 79.804325 107.052543
v 131.621362 66.498381 98.834408
v 128.962197 62.834531 97.628134
v 128.219908 63.329679 97.162946
v 129.064769 68.420284 82.368211
v 127.894727 69.365215 81.816974
v 130.333147 70.757567 82.801215
v 132.768397 73.735172 97.825822
v 133.406050 72.430360 95.870245
v 133.225470 76.958758 96.907492
v 131.172806 89.357323 101.272623
v 132.133011 92.571497 100.045420
v 130.801643 89.387775 101.858525
v 119.077912 73.453605 121.108320
v 119.891189 74.208778 117.822713
v 122.306257 75.698477 118.152234
v 119.139182 39.867723 112.356183
v 118.978476 36.636794 114.051560
v 118.101568 39.550585 114.505110
v 121.725290 0.339657 104.594976
v 123.488088 0.776732 105.314273
v 120.561251 1.088154 105.317374
v 115.650249 76.079619 126.116518
v 115.025899 77.076489 125.093985
v 113.459482 74.472606 126.820515
v 129.785568 84.820366 102.535958
v 130.560317 87.699056 102.495066
v 130.171482 82.481307 103.836311
v 117.343780 75.268531 117.087093
v 117.269225 76.059342 115.321880
v 118.283621 73.770869 115.993789
v 120.005971 1.007604 98.742910
v 121.912973 0.417256 100.384196
v 120.684107 0.321990 100.515471
v 116.259993 23.240202 97.892136
v 120.135528 22.454738 99.679850
v 114.146088 19.278997 97.283843
v 119.088930 3.900099 101.049999
v 121.614975 1.672268 100.590995
v 116.165163 3.986960 98.332043
v 125.472768 78.436345 92.798864
v 125.258160 79.617011 92.380440
v 126.964932 78.333068 91.235290
v 130.762678 42.741132 103.472159
v 128.928693 36.672777 104.073223
v 129.124773 40.304381 101.034713
v 129.910137 82.956272 102.079594
v 129.788628 82.801455 102.132359
v 130.904592 82.932127 102.432992
v 115.528558 8.483434 123.340411
v 116.205280 7.488698 127.801315
v 115.925471 14.264420 124.894214
v 124.224196 84.639072 101.631712
v 123.857519 85.628664 102.726383
v 125.694467 85.038674 100.704694
v 111.863345 50.768244 110.348986
v 111.737618 51.717376 109.860591
v 113.867641 50.680393 110.210792
v 124.572404 48.031348 94.559411
v 122.668716 48.022776 91.868956
v 125.458665 47.820463 92.946118
v 115.753825 30.576244 104.786220
v 118.839358 38.863909 106.473245
v 119.301022 44.975844 102.768309
v 115.025899 77.076489 125.093985
v 120.191967 78.650904 121.411566
v 121.604496 83.960301 116.455119
v 130.863217 81.143004 106.248360
v 130.165930 81.348402 106.628857
v 128.749780 83.905435 108.729403
v 127.999203 82.495296 94.191586
v 124.224196 84.639072 101.631712
v 126.561593 84.030616 100.573804
v 133.225470 76.958758 96.907492
v 132.693891 77.114582 98.299343
v 132.768397 73.735172 97.825822
v 119.139182 39.867723 112.356183
v 121.293316 39.129564 110.266614
v 118.978476 36.636794 114.051560
v 128.930789 43.661407 112.754006
v 130.262555 45.898581 111.242871
v 128.788384 43.158001 115.540033
v 116.250726 6.696790 99.787737
v 114.329879 8.402299 98.762459
v 113.521922 11.945778 97.607831
v 120.508400 42.323136 108.250682
v 121.293316 39.129564 110.266614
v 119.139182 39.867723 112.356183
v 124.405018 77.794552 117.386086
v 126.536945 78.589887 115.985007
v 125.150125 80.315590 117.204442
v 131.195140 89.290887 102.092182
v 131.172806 89.357323 101.272623
v 130.917174 89.182198 101.573175
v 125.532908 4.113216 132.439842
v 123.651778 5.139530 128.817548
v 123.084215 6.743420 129.156330
v 114.764110 69.271344 121.614800
v 117.603988 71.409005 121.340331
v 116.361005 67.861843 120.781695
v 114.928744 74.468708 120.212841
v 117.343780 75.268531 117.087093
v 117.921818 74.552268 117.810055
v 131.172806 89.357323 101.272623
v 130.983298 88.999474 101.990383
v 130.637718 89.036834 101.490230
v 121.929996 62.414753 93.244002
v 120.891067 58.666175 94.113374
v 119.521041 57.002925 96.386528
v 111.860712 14.688581 104.897189
v 113.096743 12.196371 106.532543
v 114.541500 14.886084 106.067505
v 131.946696 53.863377 105.820415
v 132.191619 53.111416 109.041621
v 131.492696 51.054406 108.371308
v 113.967320 72.307945 126.844762
v 113.459482 74.472606 126.820515
v 111.968991 73.907042 125.719459
v 115.249219 64.161581 117.495283
v 113.748141 62.341917 115.480878
v 113.997585 59.721386 116.209830
v 125.321990 72.914606 89.534491
v 126.901429 70.961207 91.501083
v 125.477065 72.442180 91.803491
v 129.884161 83.639187 108.409529
v 130.070627 82.323385 109.276851
v 130.863345 81.944049 108.028259
v 128.749780 83.905435 108.729403
v 128.539612 84.294319 107.823721
v 127.131411 85.826612 107.752304
v 126.380029 65.087443 89.165637
v 126.180500 67.285525 88.529900
v 126.034634 66.733700 87.966895
v 123.863748 61.346430 116.704765
v 123.462375 63.905841 115.738233
v 122.236311 63.785327 116.932067
v 130.281235 58.353138 93.879827
v 128.911128 58.628916 92.256074
v 128.624795 60.107195 90.712587
v 128.922413 42.311388 107.780201
v 130.893892 45.976311 108.333353
v 128.811256 43.882326 109.871876
v 125.853147 66.457730 87.963458
v 126.034634 66.733700 87.966895
v 126.180500 67.285525 88.529900
v 117.530778 15.772799 118.097886
v 121.227724 21.149254 117.201102
v 118.131782 9.335220 120.674004
v 130.120774 81.498605 101.978006
v 130.086372 82.167351 102.203919
v 129.717041 81.945312 101.890046
v 119.521041 57.002925 96.386528
v 120.994028 62.239724 96.952208
v 121.929996 62.414753 93.244002
v 119.995853 74.258387 97.930928
v 116.964409 77.332324 108.170049
v 120.947345 80.167579 99.263215
v 129.788628 82.801455 102.132359
v 130.070268 83.653659 102.561422
v 129.949441 83.173651 102.148002
v 129.785568 84.820366 102.535958
v 129.427091 83.331972 102.316789
v 130.070268 83.653659 102.561422
v 127.257398 79.202038 114.431706
v 128.685370 76.071591 114.631600
v 129.019946 77.915705 112.958699
v 118.003567 4.612583 130.091191
v 116.205280 7.488698 127.801315
v 115.911255 2.330536 127.496528
v 129.717041 81.945312 101.890046
v 129.570445 81.386453 102.799886
v 130.458316 81.027514 102.166308
v 131.250993 65.442454 86.035419
v 131.996963 68.597132 85.303902
v 131.581025 65.032565 90.278500
v 130.904592 82.932127 102.432992
v 131.529520 81.726957 105.737443
v 132.026390 81.502223 104.951862
v 116.686750 51.620436 116.266125
v 116.886784 51.740158 117.805243
v 115.445043 51.507753 118.446628
v 111.539348 9.081435 105.396635
v 111.737186 11.902332 106.384090
v 110.901098 12.532719 103.544339
v 124.023369 76.485014 92.810850
v 126.964932 78.333068 91.235290
v 126.370430 74.713236 86.588811
v 110.846350 19.122564 102.182723
v 111.938529 22.965407 100.682509
v 110.052063 16.608828 101.291316
v 131.693799 69.248497 94.863411
v 129.126099 65.322035 95.720860
v 128.199771 65.399986 93.431359
v 126.464704 42.096576 110.788255
v 122.838497 38.964585 110.872286
v 122.929246 39.169687 109.638638
v 118.431373 7.871496 102.627783
v 117.786444 11.228752 103.964833
v 118.430537 5.035889 103.922057
v 122.370388 27.153439 124.193959
v 121.224433 11.513439 127.546110
v 123.556504 24.923084 123.718909
v 130.747384 79.804325 107.052543
v 130.785441 80.915058 106.622039
v 130.701663 80.923009 106.101048
v 129.529113 98.584557 103.617401
v 128.973356 97.979796 105.538485
v 130.486829 97.661221 103.455993
v 128.160179 60.845220 98.654855
v 127.582498 62.076437 98.627115
v 128.621723 60.512602 99.157999
v 122.972757 28.915105 114.990681
v 119.522207 24.425304 116.801015
v 120.161831 31.331384 115.352328
v 108.866152 9.771412 100.709004
v 109.885196 14.363670 100.079947
v 109.673371 11.511996 98.638632
v 118.839358 38.863909 106.473245
v 121.389819 37.658137 108.859989
v 121.389338 38.989982 109.090754
v 118.302684 82.398343 110.987081
v 117.087810 80.023587 112.997090
v 118.241161 83.635038 113.970494
v 124.827356 96.419275 99.867496
v 129.529113 98.584557 103.617401
v 128.502786 97.370326 100.277700
v 127.575292 95.060051 107.380798
v 130.106049 95.301771 106.900364
v 128.972334 97.117651 105.211821
v 124.023369 76.485014 92.810850
v 125.147128 74.733316 89.096670
v 125.477065 72.442180 91.803491
v 128.219908 63.329679 97.162946
v 129.321687 64.861965 96.424295
v 131.621362 66.498381 98.834408
v 121.420988 71.762008 117.545743
v 121.004859 66.676176 117.349375
v 125.233545 75.270152 117.118851
v 122.485787 93.077659 102.585388
v 122.820105 87.901521 103.135176
v 123.147682 90.861130 104.078143
v 115.452673 30.019477 101.579764
v 117.289219 35.654157 102.218732
v 116.864195 29.839903 100.091049
v 118.006677 61.783666 120.330211
v 114.091265 68.322402 123.480660
v 118.936365 64.068896 119.207736
v 133.366677 70.513165 101.253022
v 133.664308 71.777827 104.361415
v 132.688225 68.762791 101.192212
v 119.077912 73.453605 121.108320
v 118.406053 71.926672 121.896738
v 117.603988 71.409005 121.340331
v 123.030139 2.016593 136.268931
v 127.073189 1.077123 137.003627
v 124.775646 2.863962 137.234452
v 116.154262 3.004420 121.290832
v 116.146442 7.181287 121.114808
v 117.234222 5.624426 121.271298
v 127.307488 56.610173 98.088146
v 129.316544 57.892865 98.121428
v 129.434102 57.106578 99.203696
v 129.717041 81.945312 101.890046
v 129.885678 82.078034 101.585149
v 129.788628 82.801455 102.132359
v 117.813373 66.233253 103.586420
v 115.369468 50.360930 104.452380
v 116.430049 55.699032 105.540601
v 130.426807 88.263589 99.860859
v 128.680555 85.792893 101.040025
v 129.356915 89.786541 97.428467
v 115.398485 63.152087 111.482370
v 116.479506 67.339194 111.521319
v 115.855736 62.396687 109.846538
v 130.475994 96.487761 104.201306
v 130.106049 95.301771 106.900364
v 131.946430 94.173134 105.356228
v 121.677617 58.195305 116.517085
v 123.689603 56.322760 116.623065
v 123.244217 59.406609 116.936129
v 114.125755 1.577579 97.471393
v 113.116241 2.307033 96.399312
v 114.992215 1.778864 96.507339
v 116.250726 6.696790 99.787737
v 118.723533 13.046425 102.150552
v 118.431373 7.871496 102.627783
v 129.788628 82.801455 102.132359
v 129.885678 82.078034 101.585149
v 130.086372 82.167351 102.203919
v 120.925261 55.095208 117.473659
v 119.473699 53.168565 118.716284
v 118.906066 51.277149 117.740841
v 122.522351 50.704908 97.215051
v 122.463672 49.874955 98.083293
v 120.625952 50.120836 98.551329
v 123.948644 26.416391 105.113947
v 125.974573 38.269311 107.995919
v 122.207434 26.822284 106.497612
v 112.504663 58.582383 114.609137
v 112.609897 56.340873 113.929907
v 113.499517 52.320957 116.368427
v 127.999203 82.495296 94.191586
v 129.374312 81.515974 92.307675
v 126.585521 81.719714 92.736729
v 119.988627 7.523144 130.545859
v 116.205280 7.488698 127.801315
v 118.003567 4.612583 130.091191
v 128.184916 50.501275 93.651828
v 128.455383 53.707731 95.483850
v 128.825831 51.414162 94.822737
v 130.165930 81.348402 106.628857
v 130.785441 80.915058 106.622039
v 130.193611 80.645198 106.469730
v 131.009431 65.044308 99.305776
v 129.372971 62.531936 97.419462
v 128.962197 62.834531 97.628134
v 110.068124 3.438597 98.042173
v 110.169833 4.028767 96.902925
v 110.741171 3.841656 97.140980
v 130.391413 65.047633 86.305139
v 129.222863 63.770121 86.300078
v 129.064769 68.420284 82.368211
v 129.095505 64.421361 93.938893
v 130.307911 65.639061 91.653821
v 127.694192 65.382302 92.752428
v 129.722893 83.054251 102.028375
v 129.788628 82.801455 102.132359
v 129.910137 82.956272 102.079594
v 129.332320 64.886904 96.105726
v 130.039969 65.468293 96.711470
v 129.126099 65.322035 95.720860
v 129.722944 83.524984 102.067740
v 129.788628 82.801455 102.132359
v 129.722893 83.054251 102.028375
v 123.306919 82.416582 98.407994
v 124.787825 80.643654 94.800764
v 120.947345 80.167579 99.263215
v 121.179571 61.025906 120.511822
v 120.445170 59.371537 117.769970
v 122.828772 60.031575 118.764970
v 130.130428 45.534322 100.646234
v 130.770747 47.815859 99.960894
v 131.379742 47.469661 102.868014
v 128.973356 97.979796 105.538485
v 128.972334 97.117651 105.211821
v 130.475994 96.487761 104.201306
v 127.999203 82.495296 94.191586
v 126.585521 81.719714 92.736729
v 123.306919 82.416582 98.407994
v 118.446215 7.196737 121.172153
v 119.570500 2.259708 123.984459
v 116.791083 2.817601 122.686217
v 117.813373 66.233253 103.586420
v 119.995853 74.258387 97.930928
v 120.764712 70.670306 98.366789
v 126.214529 95.580458 98.079898
v 125.297052 92.453301 97.247633
v 123.703628 94.265091 98.988832
v 109.956179 5.103856 100.518147
v 108.532397 5.178534 101.249129
v 109.175343 5.612987 99.551226
v 131.996905 88.944799 105.074093
v 132.013920 93.039322 104.051497
v 132.301661 91.473162 106.517475
v 119.521041 57.002925 96.386528
v 118.253871 55.942046 96.865893
v 119.249384 56.925428 98.067607
v 129.951260 72.035665 113.645207
v 130.937165 74.150891 111.588679
v 128.685370 76.071591 114.631600
v 128.219908 63.329679 97.162946
v 128.909053 62.367809 96.746489
v 128.326999 62.223989 96.642639
v 116.913871 69.078416 113.345086
v 115.092002 65.714616 112.560350
v 118.489015 71.591169 115.572695
v 118.978476 36.636794 114.051560
v 118.963753 32.942182 117.904706
v 118.101568 39.550585 114.505110
v 111.866954 4.393309 97.219451
v 113.353936 3.912055 97.528032
v 111.353144 4.091399 98.306971
v 129.886751 94.077826 107.540599
v 130.665343 93.268431 108.533081
v 131.680804 90.901542 107.434222
v 118.963762 49.420648 97.900235
v 120.625952 50.120836 98.551329
v 119.535327 49.673739 98.902806
v 123.703628 94.265091 98.988832
v 123.907798 96.049857 101.636076
v 124.827356 96.419275 99.867496
v 127.961852 60.413736 90.618759
v 126.455461 61.283320 90.291668
v 126.519893 63.435161 87.632975
v 119.368853 15.051929 126.910333
v 115.925471 14.264420 124.894214
v 118.534281 10.720405 128.314396
v 109.876804 8.407348 98.481118
v 108.207771 5.268960 98.091742
v 108.866152 9.771412 100.709004
v 132.693891 77.114582 98.299343
v 131.142360 80.158341 105.090671
v 133.664308 71.777827 104.361415
v 123.427427 50.042283 95.455824
v 126.007126 54.328161 95.509888
v 123.995538 51.739782 96.273517
v 126.901429 70.961207 91.501083
v 125.321990 72.914606 89.534491
v 125.441419 69.774633 87.213085
v 113.096743 12.196371 106.532543
v 117.786444 11.228752 103.964833
v 114.541500 14.886084 106.067505
v 127.360831 68.903708 89.534015
v 127.315294 65.881657 91.263513
v 128.480037 68.556189 89.849495
v 133.366677 70.513165 101.253022
v 132.982972 70.999748 98.819065
v 133.353520 73.309755 99.612404
v 124.224196 84.639072 101.631712
v 125.694467 85.038674 100.704694
v 126.561593 84.030616 100.573804
v 118.711139 58.896613 118.110434
v 117.604897 56.046081 120.113876
v 120.925261 55.095208 117.473659
v 113.326581 7.343495 106.858232
v 111.539348 9.081435 105.396635
v 111.231435 2.730381 104.237015
v 130.391413 65.047633 86.305139
v 128.624795 60.107195 90.712587
v 129.222863 63.770121 86.300078
v 131.996963 68.597132 85.303902
v 131.429469 72.050023 84.927992
v 131.711982 74.663603 88.538867
v 113.530668 50.386852 110.941371
v 115.121298 49.944097 109.480948
v 114.052773 51.363951 111.916146
v 128.184916 50.501275 93.651828
v 128.825831 51.414162 94.822737
v 128.284261 51.749170 95.542092
v 126.536945 78.589887 115.985007
v 127.257398 79.202038 114.431706
v 125.150125 80.315590 117.204442
v 117.889482 60.300035 120.508521
v 117.496473 59.357023 120.279976
v 118.477539 60.194415 120.265892
v 125.539978 27.053938 123.094567
v 125.663668 28.903827 116.770950
v 126.486218 29.910040 121.308678
v 126.180500 67.285525 88.529900
v 127.315294 65.881657 91.263513
v 127.360831 68.903708 89.534015
v 127.307137 57.810020 96.057918
v 127.417130 57.941836 93.068964
v 130.226651 58.854115 95.679455
v 127.024768 74.897105 115.377666
v 127.580245 70.518738 116.067652
v 128.685370 76.071591 114.631600
v 125.928897 59.937781 91.125415
v 123.388490 58.178913 92.361116
v 125.827506 61.061489 91.050567
v 130.255502 86.819327 107.867595
v 129.532072 88.230062 109.511080
v 128.699652 86.820913 108.032537
v 114.146088 19.278997 97.283843
v 111.336235 14.192914 98.462747
v 113.216607 22.061180 98.222853
v 127.580245 70.518738 116.067652
v 125.540997 69.867313 116.747127
v 121.405733 66.346568 117.547033
v 118.283621 73.770869 115.993789
v 118.489015 71.591169 115.572695
v 119.891189 74.208778 117.822713
v 124.255634 32.855344 122.808256
v 122.370388 27.153439 124.193959
v 125.539978 27.053938 123.094567
v 126.007126 54.328161 95.509888
v 126.697830 48.719668 94.454067
v 128.284261 51.749170 95.542092
v 129.722893 83.054251 102.028375
v 129.949441 83.173651 102.148002
v 129.885678 82.078034 101.585149
v 129.949441 83.173651 102.148002
v 129.910137 82.956272 102.079594
v 129.885678 82.078034 101.585149
v 129.910137 82.956272 102.079594
v 130.904592 82.932127 102.432992
v 129.885678 82.078034 101.585149
v 122.820105 87.901521 103.135176
v 122.323617 91.026813 100.367782
v 123.374232 87.793910 99.917633
v 130.747384 79.804325 107.052543
v 130.193611 80.645198 106.469730
v 129.536899 80.760217 108.773270
v 130.893892 45.976311 108.333353
v 130.262555 45.898581 111.242871
v 128.811256 43.882326 109.871876
v 131.572321 92.797029 106.149458
v 131.680804 90.901542 107.434222
v 132.301661 91.473162 106.517475
v 117.972061 61.495197 121.434556
v 114.091265 68.322402 123.480660
v 118.006677 61.783666 120.330211
v 115.092002 65.714616 112.560350
v 113.886348 63.630229 112.614229
v 121.420988 71.762008 117.545743
v 131.634289 62.518209 102.118519
v 129.440121 63.114214 99.165081
v 132.688225 68.762791 101.192212
v 111.531610 53.658181 113.259690
v 108.492015 55.522620 111.484436
v 108.522346 53.895068 111.700113
v 130.692870 57.455182 100.196763
v 129.440121 63.114214 99.165081
v 131.634289 62.518209 102.118519
v 131.634289 62.518209 102.118519
v 131.579779 55.589938 101.509015
v 130.692870 57.455182 100.196763
v 132.555413 73.127401 108.355210
v 131.142360 80.158341 105.090671
v 130.747384 79.804325 107.052543
v 124.306847 22.577757 122.062911
v 123.562643 15.532041 122.336999
v 124.912065 23.809693 119.737000
v 121.026541 3.943033 133.795586
v 122.705573 4.570831 133.209302
v 120.967647 6.102831 132.663185
v 113.386865 61.971170 111.070694
v 108.492015 55.522620 111.484436
v 112.710535 60.873127 111.859004
v 124.224196 84.639072 101.631712
v 123.306919 82.416582 98.407994
v 121.774356 84.660029 103.102335
v 125.321990 72.914606 89.534491
v 125.477065 72.442180 91.803491
v 125.147128 74.733316 89.096670
v 114.146088 19.278997 97.283843
v 113.521922 11.945778 97.607831
v 111.336235 14.192914 98.462747
v 123.703628 94.265091 98.988832
v 122.485787 93.077659 102.585388
v 123.907798 96.049857 101.636076
v 120.690829 65.914971 117.766841
v 117.444190 66.292173 117.740633
v 118.219025 62.837768 119.303912
v 118.776111 33.934638 100.099724
v 120.245052 44.960439 100.083581
v 120.807153 39.865336 99.339718
v 121.963519 85.109091 105.058609
v 123.128485 85.144043 105.299470
v 124.224196 84.639072 101.631712
v 113.499517 52.320957 116.368427
v 111.905478 52.054882 113.275865
v 113.776900 51.978290 115.899297
v 127.894727 69.365215 81.816974
v 129.064769 68.420284 82.368211
v 126.873429 66.358327 84.009028
v 111.938529 22.965407 100.682509
v 115.753825 30.576244 104.786220
v 115.452673 30.019477 101.579764
v 114.829211 1.607889 124.458845
v 115.911255 2.330536 127.496528
v 114.466664 2.840913 124.472864
v 130.086372 82.167351 102.203919
v 130.171482 82.481307 103.836311
v 129.788628 82.801455 102.132359
v 114.105545 52.337647 118.086937
v 113.776900 51.978290 115.899297
v 115.445043 51.507753 118.446628
v 122.149554 12.559397 125.865119
v 123.651778 5.139530 128.817548
v 122.510345 11.101327 124.597665
v 124.096812 66.212630 95.162694
v 123.879322 63.299530 92.694315
v 121.929996 62.414753 93.244002
v 126.007126 54.328161 95.509888
v 128.284261 51.749170 95.542092
v 127.579448 53.605288 96.269185
v 131.642620 80.582589 96.645157
v 130.120774 81.498605 101.978006
v 130.458316 81.027514 102.166308
v 121.960142 23.369053 103.616919
v 122.207434 26.822284 106.497612
v 120.118603 21.806484 105.165668
v 126.686425 64.683687 92.945726
v 126.297027 62.977922 93.564491
v 123.879219 61.687439 92.367134
v 120.785486 66.501618 118.987043
v 116.361005 67.861843 120.781695
v 118.977619 68.348092 120.658011
v 129.427091 83.331972 102.316789
v 129.788628 82.801455 102.132359
v 129.722944 83.524984 102.067740
v 123.658491 82.171023 117.882837
v 121.604496 83.960301 116.455119
v 120.191967 78.650904 121.411566
v 116.791083 2.817601 122.686217
v 116.154262 3.004420 121.290832
v 117.234222 5.624426 121.271298
v 115.314180 1.778406 122.872001
v 114.466664 2.840913 124.472864
v 114.843927 3.513241 122.480617
v 118.906066 51.277149 117.740841
v 119.473699 53.168565 118.716284
v 116.966971 51.309520 119.166641
v 118.648385 73.663700 122.835426
v 119.378068 69.493628 123.775854
v 120.040112 68.921024 121.855675
v 111.336235 14.192914 98.462747
v 109.673371 11.511996 98.638632
v 111.108476 14.036545 98.994526
v 131.693799 69.248497 94.863411
v 131.593386 72.507220 94.904739
v 133.406050 72.430360 95.870245
v 123.488088 0.776732 105.314273
v 124.598831 -0.000000 104.694997
v 124.273890 1.504403 103.829364
v 121.929996 62.414753 93.244002
v 120.994028 62.239724 96.952208
v 124.096812 66.212630 95.162694
v 120.670144 66.224563 117.679075
v 117.444190 66.292173 117.740633
v 120.690829 65.914971 117.766841
v 127.993236 93.553215 97.879075
v 130.462784 92.090678 97.653676
v 127.254895 90.173501 96.798791
v 124.163833 86.429614 104.623103
v 124.609447 85.019839 107.746480
v 125.318886 85.744470 107.032759
v 119.258480 49.538645 100.032285
v 120.714647 49.072101 99.054871
v 120.245052 44.960439 100.083581
v 124.224196 84.639072 101.631712
v 121.774356 84.660029 103.102335
v 121.963519 85.109091 105.058609
v 131.195140 89.290887 102.092182
v 131.303676 89.064819 102.373467
v 131.172806 89.357323 101.272623
v 125.532908 4.113216 132.439842
v 127.429207 1.588477 134.223994
v 123.651778 5.139530 128.817548
v 118.603806 28.094328 122.158197
v 116.203061 22.230074 119.714040
v 115.470440 18.833822 121.592693
v 124.709446 0.655907 102.991367
v 124.598831 -0.000000 104.694997
v 120.684107 0.321990 100.515471
v 121.968779 68.350196 95.971734
v 124.639004 70.197159 93.559394
v 120.994028 62.239724 96.952208
v 120.135528 22.454738 99.679850
v 118.723533 13.046425 102.150552
v 116.545113 12.795487 99.548767
v 118.446215 7.196737 121.172153
v 121.877867 7.832897 123.349863
v 119.570500 2.259708 123.984459
v 115.121298 49.944097 109.480948
v 113.530668 50.386852 110.941371
v 113.867641 50.680393 110.210792
v 127.073189 1.077123 137.003627
v 120.259068 1.324762 132.993660
v 126.270564 0.637729 133.764056
v 118.906066 51.277149 117.740841
v 117.314012 51.190180 117.969998
v 116.886784 51.740158 117.805243
v 118.191862 30.361903 118.188390
v 118.963753 32.942182 117.904706
v 120.161831 31.331384 115.352328
v 128.749780 83.905435 108.729403
v 127.977179 82.834816 109.226077
v 130.070627 82.323385 109.276851
v 115.452673 30.019477 101.579764
v 115.753825 30.576244 104.786220
v 117.289219 35.654157 102.218732
v 123.562643 15.532041 122.336999
v 122.510345 11.101327 124.597665
v 122.777261 14.802844 120.758167
v 121.081243 65.895874 118.302605
v 120.325137 65.940410 118.848978
v 120.670144 66.224563 117.679075
v 116.471173 1.955795 97.841164
v 117.002567 1.256293 97.980083
v 115.511448 2.503126 98.081478
v 126.814281 56.416267 97.045024
v 127.711489 54.963600 95.328042
v 127.307137 57.810020 96.057918
v 132.208313 65.879703 99.286906
v 132.280146 67.143071 98.776185
v 132.982972 70.999748 98.819065
v 108.955183 8.384293 103.137610
v 107.741333 5.267339 100.783843
v 109.199150 5.567353 101.868069
v 131.107429 88.803196 109.042785
v 130.255502 86.819327 107.867595
v 131.331273 87.472344 106.795843
v 122.176789 7.085700 130.184495
v 125.532908 4.113216 132.439842
v 123.084215 6.743420 129.156330
v 124.255634 32.855344 122.808256
v 126.486218 29.910040 121.308678
v 126.991908 34.991265 120.922306
v 113.420299 7.215440 98.167043
v 115.716301 4.028958 98.474846
v 115.744543 4.128956 98.173476
v 121.081243 65.895874 118.302605
v 122.905333 63.340837 118.468611
v 120.819321 65.487922 117.920782
v 130.801643 89.387775 101.858525
v 130.983298 88.999474 101.990383
v 130.560317 87.699056 102.495066
v 130.486829 97.661221 103.455993
v 128.502786 97.370326 100.277700
v 129.529113 98.584557 103.617401
v 118.131782 9.335220 120.674004
v 116.146442 7.181287 121.114808
v 117.530778 15.772799 118.097886
v 130.627428 51.011193 99.893943
v 130.282917 53.558672 100.128108
v 131.367236 53.388149 102.408299
v 126.291393 47.893343 118.747835
v 126.536310 50.861991 118.420260
v 125.618367 50.999290 118.260233
v 127.131411 85.826612 107.752304
v 128.539612 84.294319 107.823721
v 128.699652 86.820913 108.032537
v 126.370430 74.713236 86.588811
v 128.481295 74.176692 85.084507
v 126.182601 70.024675 82.687904
v 118.101568 39.550585 114.505110
v 118.685885 43.235356 108.538406
v 119.139182 39.867723 112.356183
v 126.380029 65.087443 89.165637
v 126.091966 63.735401 88.843456
v 126.822975 64.535504 92.600634
v 114.735929 8.526122 106.857435
v 113.096743 12.196371 106.532543
v 113.326581 7.343495 106.858232
v 131.996963 68.597132 85.303902
v 131.250993 65.442454 86.035419
v 129.064769 68.420284 82.368211
v 122.463672 49.874955 98.083293
v 120.807153 39.865336 99.339718
v 120.714647 49.072101 99.054871
v 127.575292 95.060051 107.380798
v 128.972334 97.117651 105.211821
v 126.060081 96.272349 104.359529
v 131.946430 94.173134 105.356228
v 130.106049 95.301771 106.900364
v 131.572321 92.797029 106.149458
v 120.623396 55.441886 93.027124
v 123.388490 58.178913 92.361116
v 125.928897 59.937781 91.125415
v 119.258480 49.538645 100.032285
v 119.301022 44.975844 102.768309
v 117.860548 46.051955 106.450366
v 126.107846 90.296125 97.082025
v 127.321523 88.695776 97.247019
v 123.769299 89.697939 98.288132
v 118.839358 38.863909 106.473245
v 121.389338 38.989982 109.090754
v 120.508400 42.323136 108.250682
v 115.744543 4.128956 98.173476
v 115.511448 2.503126 98.081478
v 116.165163 3.986960 98.332043
v 132.280146 67.143071 98.776185
v 131.621362 66.498381 98.834408
v 131.207853 67.698973 97.915169
v 113.967320 72.307945 126.844762
v 118.280304 67.770791 125.318238
v 117.672635 72.207636 125.941758
v 131.107429 88.803196 109.042785
v 129.176760 89.789778 109.694647
v 129.532072 88.230062 109.511080
v 114.052773 51.363951 111.916146
v 113.776900 51.978290 115.899297
v 111.905478 52.054882 113.275865
v 130.070627 82.323385 109.276851
v 130.785441 80.915058 106.622039
v 130.863345 81.944049 108.028259
v 128.749780 83.905435 108.729403
v 129.159108 82.516617 107.065799
v 128.539612 84.294319 107.823721
v 128.199771 65.399986 93.431359
v 128.110044 66.152763 93.442858
v 131.693799 69.248497 94.863411
v 115.092002 65.714616 112.560350
v 115.398485 63.152087 111.482370
v 113.882425 61.825096 110.925129
v 128.962197 62.834531 97.628134
v 128.078752 62.739909 97.401897
v 128.617866 62.644076 97.337835
v 119.301022 44.975844 102.768309
v 119.258480 49.538645 100.032285
v 120.245052 44.960439 100.083581
v 117.813373 66.233253 103.586420
v 121.968779 68.350196 95.971734
v 116.121379 50.919199 102.942254
v 116.165163 3.986960 98.332043
v 115.511448 2.503126 98.081478
v 115.716301 4.028958 98.474846
v 117.672635 72.207636 125.941758
v 118.280304 67.770791 125.318238
v 119.378068 69.493628 123.775854
v 113.867641 50.680393 110.210792
v 111.737618 51.717376 109.860591
v 113.882425 61.825096 110.925129
v 131.017361 72.254157 93.785454
v 131.893370 71.134072 88.597668
v 132.429325 75.236672 95.420277
v 125.532908 4.113216 132.439842
v 122.705573 4.570831 133.209302
v 127.229791 3.197927 136.276667
v 126.060081 96.272349 104.359529
v 123.957852 94.848907 104.981403
v 125.166065 94.114578 105.788509
v 132.378348 93.388009 101.985359
v 132.013920 93.039322 104.051497
v 131.195140 89.290887 102.092182
v 130.193611 80.645198 106.469730
v 130.200717 82.464314 105.777494
v 129.159108 82.516617 107.065799
v 117.289219 35.654157 102.218732
v 118.776111 33.934638 100.099724
v 116.864195 29.839903 100.091049
v 131.893370 71.134072 88.597668
v 131.017361 72.254157 93.785454
v 130.120402 69.580000 89.887830
v 128.617866 62.644076 97.337835
v 128.219908 63.329679 97.162946
v 128.326999 62.223989 96.642639
v 114.803899 50.589120 108.392063
v 115.809682 59.956795 111.454840
v 115.855736 62.396687 109.846538
v 119.101843 34.332261 119.597718
v 117.700384 50.792772 115.801576
v 118.073781 39.551616 116.905205
v 130.573977 68.676591 89.257111
v 131.893370 71.134072 88.597668
v 130.120402 69.580000 89.887830
v 129.440121 63.114214 99.165081
v 130.692870 57.455182 100.196763
v 128.621723 60.512602 99.157999
v 124.609447 85.019839 107.746480
v 126.203738 83.039856 110.994642
v 125.318886 85.744470 107.032759
v 117.444190 66.292173 117.740633
v 120.670144 66.224563 117.679075
v 121.420988 71.762008 117.545743
v 126.297027 62.977922 93.564491
v 126.822975 64.535504 92.600634
v 126.455461 61.283320 90.291668
v 121.819941 49.531656 91.724214
v 120.898842 48.625391 92.621864
v 119.796726 49.762851 93.725064
v 117.438578 2.194369 130.319459
v 115.911255 2.330536 127.496528
v 118.003667 1.429457 129.293691
v 118.430537 5.035889 103.922057
v 117.612057 3.547072 104.765411
v 121.566347 2.621221 103.892767
v 127.598375 55.491341 115.157031
v 127.954815 58.186168 115.507408
v 123.689603 56.322760 116.623065
v 129.434102 57.106578 99.203696
v 130.692870 57.455182 100.196763
v 127.803519 53.931171 98.479527
v 129.990816 64.811105 113.169914
v 130.728452 57.590980 112.839698
v 132.555413 73.127401 108.355210
v 124.717303 63.846165 115.790238
v 123.863748 61.346430 116.704765
v 127.954815 58.186168 115.507408
v 119.062395 82.246334 117.067531
v 113.122874 76.640415 122.596227
v 115.025899 77.076489 125.093985
v 119.368853 15.051929 126.910333
v 118.534281 10.720405 128.314396
v 121.224433 11.513439 127.546110
v 127.791481 63.010567 96.321572
v 128.872539 64.771145 96.030779
v 128.219908 63.329679 97.162946
v 125.477710 68.685912 84.507974
v 125.441419 69.774633 87.213085
v 125.321990 72.914606 89.534491
v 120.994028 62.239724 96.952208
v 119.521041 57.002925 96.386528
v 119.249384 56.925428 98.067607
v 124.273890 1.504403 103.829364
v 124.709446 0.655907 102.991367
v 121.614975 1.672268 100.590995
v 118.222280 49.715051 100.932030
v 119.113892 56.920069 98.807656
v 120.298501 52.999925 98.976984
v 115.092002 65.714616 112.560350
v 116.913871 69.078416 113.345086
v 116.479506 67.339194 111.521319
v 114.356314 22.442373 107.070048
v 118.839358 38.863909 106.473245
v 115.753825 30.576244 104.786220
v 128.788384 43.158001 115.540033
v 127.291662 43.016938 119.416041
v 126.991908 34.991265 120.922306
v 130.226651 58.854115 95.679455
v 127.417130 57.941836 93.068964
v 130.281235 58.353138 93.879827
v 128.219908 63.329679 97.162946
v 128.872539 64.771145 96.030779
v 129.321687 64.861965 96.424295
v 114.541500 14.886084 106.067505
v 114.674694 19.796306 107.337408
v 111.860712 14.688581 104.897189
v 125.477065 72.442180 91.803491
v 124.639004 70.197159 93.559394
v 121.968779 68.350196 95.971734
v 127.462640 71.028000 92.791400
v 128.480037 68.556189 89.849495
v 130.120402 69.580000 89.887830
v 111.737186 11.902332 106.384090
v 113.326581 7.343495 106.858232
v 113.096743 12.196371 106.532543
v 127.598375 55.491341 115.157031
v 131.224491 55.001420 110.327913
v 130.728452 57.590980 112.839698
v 118.406053 71.926672 121.896738
v 119.077912 73.453605 121.108320
v 118.648385 73.663700 122.835426
v 117.889482 60.300035 120.508521
v 117.972061 61.495197 121.434556
v 118.006677 61.783666 120.330211
v 119.378068 69.493628 123.775854
v 118.280304 67.770791 125.318238
v 122.179799 62.808240 122.039764
v 129.837073 64.875400 96.167684
v 129.321687 64.861965 96.424295
v 129.332320 64.886904 96.105726
v 130.553080 82.419402 104.189078
v 130.560317 87.699056 102.495066
v 131.331273 87.472344 106.795843
v 118.936365 64.068896 119.207736
v 114.091265 68.322402 123.480660
v 116.361005 67.861843 120.781695
v 114.125755 1.577579 97.471393
v 116.471173 1.955795 97.841164
v 115.511448 2.503126 98.081478
v 108.866152 9.771412 100.709004
v 110.901098 12.532719 103.544339
v 110.052063 16.608828 101.291316
v 122.236311 63.785327 116.932067
v 122.905333 63.340837 118.468611
v 123.863748 61.346430 116.704765
v 132.378348 93.388009 101.985359
v 130.475994 96.487761 104.201306
v 132.013920 93.039322 104.051497
v 129.176760 89.789778 109.694647
v 131.107429 88.803196 109.042785
v 130.665343 93.268431 108.533081
v 130.086372 82.167351 102.203919
v 129.885678 82.078034 101.585149
v 130.904592 82.932127 102.432992
v 130.426807 88.263589 99.860859
v 132.133011 92.571497 100.045420
v 131.172806 89.357323 101.272623
v 130.106049 95.301771 106.900364
v 129.886751 94.077826 107.540599
v 131.572321 92.797029 106.149458
v 129.949441 83.173651 102.148002
v 129.722893 83.054251 102.028375
v 129.427091 83.331972 102.316789
v 126.370430 74.713236 86.588811
v 125.147128 74.733316 89.096670
v 124.023369 76.485014 92.810850
v 123.128485 85.144043 105.299470
v 121.604496 83.960301 116.455119
v 124.609447 85.019839 107.746480
v 127.575292 95.060051 107.380798
v 129.886751 94.077826 107.540599
v 130.106049 95.301771 106.900364
v 119.088930 3.900099 101.049999
v 121.566347 2.621221 103.892767
v 121.614975 1.672268 100.590995
v 111.863345 50.768244 110.348986
v 113.530668 50.386852 110.941371
v 114.052773 51.363951 111.916146
v 122.828772 60.031575 118.764970
v 122.759904 63.286055 120.803475
v 122.179799 62.808240 122.039764
v 116.966971 51.309520 119.166641
v 117.604897 56.046081 120.113876
v 116.159395 53.389061 119.832078
v 108.532397 5.178534 101.249129
v 107.741333 5.267339 100.783843
v 108.280364 4.344135 99.373278
v 107.741333 5.267339 100.783843
v 108.215417 3.974866 98.053925
v 108.280364 4.344135 99.373278
v 115.911255 2.330536 127.496528
v 114.829211 1.607889 124.458845
v 118.003667 1.429457 129.293691
v 109.673371 11.511996 98.638632
v 109.885196 14.363670 100.079947
v 111.108476 14.036545 98.994526
v 114.105545 52.337647 118.086937
v 112.504663 58.582383 114.609137
v 113.499517 52.320957 116.368427
v 119.378068 69.493628 123.775854
v 122.179799 62.808240 122.039764
v 120.040112 68.921024 121.855675
v 113.386865 61.971170 111.070694
v 112.710535 60.873127 111.859004
v 113.886348 63.630229 112.614229
v 131.331273 87.472344 106.795843
v 131.680804 90.901542 107.434222
v 131.107429 88.803196 109.042785
v 127.257398 79.202038 114.431706
v 126.203738 83.039856 110.994642
v 125.119009 82.868910 115.394752
v 124.255634 32.855344 122.808256
v 126.991908 34.991265 120.922306
v 124.762031 42.364377 121.115049
v 126.991908 34.991265 120.922306
v 127.291662 43.016938 119.416041
v 124.762031 42.364377 121.115049
v 116.154262 3.004420 121.290832
v 114.843927 3.513241 122.480617
v 116.146442 7.181287 121.114808
v 125.466664 1.751734 130.884919
v 123.651778 5.139530 128.817548
v 127.429207 1.588477 134.223994
v 121.224433 11.513439 127.546110
v 122.149554 12.559397 125.865119
v 123.556504 24.923084 123.718909
v 110.052063 16.608828 101.291316
v 109.885196 14.363670 100.079947
v 108.866152 9.771412 100.709004
v 132.982972 70.999748 98.819065
v 132.280146 67.143071 98.776185
v 131.207853 67.698973 97.915169
v 118.461152 26.763243 117.451204
v 116.203061 22.230074 119.714040
v 118.210889 28.463003 119.477497
v 126.464704 42.096576 110.788255
v 122.929246 39.169687 109.638638
v 125.946952 40.863276 109.462343
v 112.609897 56.340873 113.929907
v 112.504663 58.582383 114.609137
v 113.886348 63.630229 112.614229
v 120.325137 65.940410 118.848978
v 121.081243 65.895874 118.302605
v 120.819321 65.487922 117.920782
v 117.877228 49.470490 95.768032
v 118.963762 49.420648 97.900235
v 117.244007 49.425584 97.317980
v 112.092906 73.149085 123.533800
v 114.091265 68.322402 123.480660
v 111.968991 73.907042 125.719459
v 111.968991 73.907042 125.719459
v 114.709534 68.434042 125.219632
v 113.967320 72.307945 126.844762
v 129.159108 82.516617 107.065799
v 128.699652 86.820913 108.032537
v 128.539612 84.294319 107.823721
v 118.534281 10.720405 128.314396
v 119.988627 7.523144 130.545859
v 121.224433 11.513439 127.546110
v 119.077912 73.453605 121.108320
v 124.405018 77.794552 117.386086
v 118.648385 73.663700 122.835426
v 128.909053 62.367809 96.746489
v 129.345395 61.966920 96.706369
v 130.522859 62.197888 95.630355
v 117.921818 74.552268 117.810055
v 117.343780 75.268531 117.087093
v 118.283621 73.770869 115.993789
v 131.579779 55.589938 101.509015
v 132.768521 57.347983 104.474091
v 131.367236 53.388149 102.408299
v 126.270564 0.637729 133.764056
v 125.466664 1.751734 130.884919
v 127.429207 1.588477 134.223994
v 130.785441 80.915058 106.622039
v 131.142360 80.158341 105.090671
v 132.026390 81.502223 104.951862
v 129.532072 88.230062 109.511080
v 126.339766 89.528144 108.517759
v 128.699652 86.820913 108.032537
v 126.339766 89.528144 108.517759
v 126.127540 87.609506 107.071795
v 128.699652 86.820913 108.032537
v 118.839358 38.863909 106.473245
v 120.508400 42.323136 108.250682
v 119.482532 43.693018 106.199815
v 111.108476 14.036545 98.994526
v 109.885196 14.363670 100.079947
v 111.009200 14.350724 99.275928
v 127.417130 57.941836 93.068964
v 127.845845 60.197806 91.147470
v 128.911128 58.628916 92.256074
v 110.060487 1.448583 102.046411
v 110.924646 2.123212 99.504102
v 114.207583 0.981253 98.717502
v 119.682124 22.952795 125.736780
v 121.224433 11.513439 127.546110
v 122.370388 27.153439 124.193959
v 119.570500 2.259708 123.984459
v 121.877867 7.832897 123.349863
v 121.459926 1.792920 125.957400
v 119.192193 0.654471 104.594053
v 120.561251 1.088154 105.317374
v 117.694324 1.598203 105.181002
v 130.120774 81.498605 101.978006
v 130.493117 81.676424 102.245575
v 130.177936 81.504178 103.477188
v 122.538841 67.769337 117.264945
v 121.644667 66.496337 118.153033
v 125.540997 69.867313 116.747127
v 129.788628 82.801455 102.132359
v 130.553080 82.419402 104.189078
v 130.070268 83.653659 102.561422
v 129.427091 83.331972 102.316789
v 129.910137 82.956272 102.079594
v 130.070268 83.653659 102.561422
v 128.668530 80.877716 109.794262
v 127.257398 79.202038 114.431706
v 129.019946 77.915705 112.958699
v 125.233545 75.270152 117.118851
v 127.024768 74.897105 115.377666
v 127.257398 79.202038 114.431706
v 128.326999 62.223989 96.642639
v 129.095505 64.421361 93.938893
v 127.791481 63.010567 96.321572
v 109.673371 11.511996 98.638632
v 111.836332 12.770777 97.606181
v 109.876804 8.407348 98.481118
v 127.429207 1.588477 134.223994
v 125.532908 4.113216 132.439842
v 127.229791 3.197927 136.276667
v 118.073781 39.551616 116.905205
v 117.594943 43.672749 113.136438
v 118.101568 39.550585 114.505110
v 121.389819 37.658137 108.859989
v 114.356314 22.442373 107.070048
v 119.046457 30.907559 108.285464
v 116.266430 50.922393 95.627497
v 115.973013 50.684690 96.767818
v 118.253871 55.942046 96.865893
v 116.250726 6.696790 99.787737
v 116.545113 12.795487 99.548767
v 118.723533 13.046425 102.150552
v 118.131782 9.335220 120.674004
v 117.234222 5.624426 121.271298
v 116.146442 7.181287 121.114808
v 130.226651 58.854115 95.679455
v 129.316544 57.892865 98.121428
v 127.307137 57.810020 96.057918
v 110.052063 16.608828 101.291316
v 110.901098 12.532719 103.544339
v 110.846350 19.122564 102.182723
v 116.528995 2.718865 97.159021
v 120.005971 1.007604 98.742910
v 117.002567 1.256293 97.980083
v 131.017361 72.254157 93.785454
v 127.583906 68.696737 93.782709
v 126.273414 69.208026 93.889183
v 128.199771 65.399986 93.431359
v 129.095505 64.421361 93.938893
v 127.694192 65.382302 92.752428
v 123.879322 63.299530 92.694315
v 126.686425 64.683687 92.945726
v 123.879219 61.687439 92.367134
v 122.668716 48.022776 91.868956
v 120.898842 48.625391 92.621864
v 121.819941 49.531656 91.724214
v 118.388307 60.364747 118.720249
v 121.179571 61.025906 120.511822
v 118.477539 60.194415 120.265892
v 130.553080 82.419402 104.189078
v 130.701663 80.923009 106.101048
v 131.529520 81.726957 105.737443
v 128.481295 74.176692 85.084507
v 126.964932 78.333068 91.235290
v 128.905544 78.950184 91.602026
v 124.775646 2.863962 137.234452
v 121.026541 3.943033 133.795586
v 123.030139 2.016593 136.268931
v 110.052063 16.608828 101.291316
v 111.938529 22.965407 100.682509
v 109.885196 14.363670 100.079947
v 126.107846 90.296125 97.082025
v 123.769299 89.697939 98.288132
v 125.297052 92.453301 97.247633
v 124.044336 89.795363 105.254036
v 124.014806 88.949132 104.431918
v 126.127540 87.609506 107.071795
v 120.040112 68.921024 121.855675
v 118.406053 71.926672 121.896738
v 118.648385 73.663700 122.835426
v 116.672153 1.031589 104.882281
v 115.162535 2.329457 105.138413
v 115.361219 0.973528 103.057917
v 119.473699 53.168565 118.716284
v 120.925261 55.095208 117.473659
v 117.604897 56.046081 120.113876
v 119.101843 34.332261 119.597718
v 118.210889 28.463003 119.477497
v 118.603806 28.094328 122.158197
v 119.995853 74.258387 97.930928
v 123.919949 79.120946 93.636623
v 120.764712 70.670306 98.366789
v 117.786444 11.228752 103.964833
v 117.321309 22.449535 107.630713
v 114.541500 14.886084 106.067505
v 129.095505 64.421361 93.938893
v 128.199771 65.399986 93.431359
v 128.751579 64.383370 95.218702
v 117.700384 50.792772 115.801576
v 119.101843 34.332261 119.597718
v 120.696908 33.373940 121.943139
v 121.378492 55.736834 116.480725
v 121.677617 58.195305 116.517085
v 120.445170 59.371537 117.769970
v 112.504663 58.582383 114.609137
v 113.748141 62.341917 115.480878
v 113.886348 63.630229 112.614229
v 132.388336 78.860193 92.974946
v 131.642620 80.582589 96.645157
v 133.225470 76.958758 96.907492
v 123.957852 94.848907 104.981403
v 123.907798 96.049857 101.636076
v 122.485787 93.077659 102.585388
v 129.827021 59.758693 97.237433
v 129.316544 57.892865 98.121428
v 130.226651 58.854115 95.679455
v 122.705573 4.570831 133.209302
v 125.532908 4.113216 132.439842
v 122.176789 7.085700 130.184495
v 123.388490 58.178913 92.361116
v 120.891067 58.666175 94.113374
v 122.412189 60.420209 92.500426
v 130.426807 88.263589 99.860859
v 129.356915 89.786541 97.428467
v 130.462784 92.090678 97.653676
v 126.814281 56.416267 97.045024
v 127.307488 56.610173 98.088146
v 125.281797 55.071056 97.101022
v 118.978476 36.636794 114.051560
v 121.293316 39.129564 110.266614
v 120.370683 35.283980 113.694067
v 129.095505 64.421361 93.938893
v 128.326999 62.223989 96.642639
v 128.909053 62.367809 96.746489
v 121.963519 85.109091 105.058609
v 121.774356 84.660029 103.102335
v 121.242642 84.371269 110.127762
v 130.863217 81.143004 106.248360
v 129.884161 83.639187 108.409529
v 130.863345 81.944049 108.028259
v 114.091265 68.322402 123.480660
v 117.972061 61.495197 121.434556
v 114.709534 68.434042 125.219632
v 123.907798 96.049857 101.636076
v 127.310726 98.006439 104.712255
v 124.827356 96.419275 99.867496
v 131.239674 60.596150 94.692380
v 131.581025 65.032565 90.278500
v 130.522859 62.197888 95.630355
v 129.827021 59.758693 97.237433
v 129.345395 61.966920 96.706369
v 128.903313 61.950743 96.967313
v 114.821910 77.421814 119.186199
v 112.092906 73.149085 123.533800
v 113.122874 76.640415 122.596227
v 115.025899 77.076489 125.093985
v 113.122874 76.640415 122.596227
v 111.968991 73.907042 125.719459
v 131.572321 92.797029 106.149458
v 132.013920 93.039322 104.051497
v 131.946430 94.173134 105.356228
v 127.791481 63.010567 96.321572
v 128.751579 64.383370 95.218702
v 128.872539 64.771145 96.030779
v 130.785441 80.915058 106.622039
v 130.863217 81.143004 106.248360
v 130.863345 81.944049 108.028259
v 122.176789 7.085700 130.184495
v 121.224433 11.513439 127.546110
v 119.988627 7.523144 130.545859
v 130.560317 87.699056 102.495066
v 131.303676 89.064819 102.373467
v 131.996905 88.944799 105.074093
v 123.651778 5.139530 128.817548
v 121.459926 1.792920 125.957400
v 121.877867 7.832897 123.349863
v 130.462784 92.090678 97.653676
v 132.133011 92.571497 100.045420
v 130.426807 88.263589 99.860859
v 116.851790 72.794974 120.235281
v 114.928744 74.468708 120.212841
v 117.921818 74.552268 117.810055
v 123.689603 56.322760 116.623065
v 121.378492 55.736834 116.480725
v 121.525842 51.802612 117.840522
v 117.438578 2.194369 130.319459
v 118.003567 4.612583 130.091191
v 115.911255 2.330536 127.496528
v 116.914653 79.802823 115.358578
v 119.062395 82.246334 117.067531
v 118.101268 82.393158 115.019896
v 120.561251 1.088154 105.317374
v 123.488088 0.776732 105.314273
v 117.612057 3.547072 104.765411
v 121.604496 83.960301 116.455119
v 118.670752 83.881545 115.114237
v 119.062395 82.246334 117.067531
v 114.755572 54.501319 110.700197
v 115.809682 59.956795 111.454840
v 115.270327 53.285736 109.919701
v 116.719700 49.731081 95.693982
v 117.877228 49.470490 95.768032
v 117.244007 49.425584 97.317980
v 130.193611 80.645198 106.469730
v 130.785441 80.915058 106.622039
v 130.070627 82.323385 109.276851
v 130.177936 81.504178 103.477188
v 129.570445 81.386453 102.799886
v 129.427091 83.331972 102.316789
v 120.325137 65.940410 118.848978
v 120.785486 66.501618 118.987043
v 121.083509 66.581470 118.068696
v 128.973356 97.979796 105.538485
v 126.060081 96.272349 104.359529
v 128.972334 97.117651 105.211821
v 118.241161 83.635038 113.970494
v 118.670752 83.881545 115.114237
v 121.242642 84.371269 110.127762
v 123.147682 90.861130 104.078143
v 123.957852 94.848907 104.981403
v 122.485787 93.077659 102.585388
v 125.297052 92.453301 97.247633
v 127.993236 93.553215 97.879075
v 126.107846 90.296125 97.082025
v 132.768521 57.347983 104.474091
v 131.634289 62.518209 102.118519
v 133.025118 63.353986 105.529705
v 110.169833 4.028767 96.902925
v 108.215417 3.974866 98.053925
v 108.207771 5.268960 98.091742
v 117.444190 66.292173 117.740633
v 121.420988 71.762008 117.545743
v 115.249219 64.161581 117.495283
v 130.627428 51.011193 99.893943
v 125.678645 47.409466 97.472694
v 127.803519 53.931171 98.479527
v 126.273414 69.208026 93.889183
v 127.462640 71.028000 92.791400
v 131.017361 72.254157 93.785454
v 127.845845 60.197806 91.147470
v 127.417130 57.941836 93.068964
v 127.067763 59.250354 91.308859
v 119.088930 3.900099 101.049999
v 116.250726 6.696790 99.787737
v 118.881407 5.125516 102.564335
v 123.879219 61.687439 92.367134
v 125.827506 61.061489 91.050567
v 122.412189 60.420209 92.500426
v 128.668530 80.877716 109.794262
v 130.937165 74.150891 111.588679
v 132.555413 73.127401 108.355210
v 118.406053 71.926672 121.896738
v 120.040112 68.921024 121.855675
v 118.977619 68.348092 120.658011
v 128.075164 60.804838 89.957595
v 129.222863 63.770121 86.300078
v 128.624795 60.107195 90.712587
v 130.701663 80.923009 106.101048
v 130.553080 82.419402 104.189078
v 130.200717 82.464314 105.777494
v 115.511448 2.503126 98.081478
v 114.619407 1.867729 98.219407
v 115.716301 4.028958 98.474846
v 123.488088 0.776732 105.314273
v 121.566347 2.621221 103.892767
v 117.612057 3.547072 104.765411
v 110.068124 3.438597 98.042173
v 111.353144 4.091399 98.306971
v 109.175343 5.612987 99.551226
v 117.530778 15.772799 118.097886
v 119.522207 24.425304 116.801015
v 121.227724 21.149254 117.201102
v 108.207771 5.268960 98.091742
v 109.876804 8.407348 98.481118
v 110.169833 4.028767 96.902925
v 126.519893 63.435161 87.632975
v 129.222863 63.770121 86.300078
v 128.075164 60.804838 89.957595
v 116.250726 6.696790 99.787737
v 115.716301 4.028958 98.474846
v 113.420299 7.215440 98.167043
v 131.429469 72.050023 84.927992
v 131.996963 68.597132 85.303902
v 130.333147 70.757567 82.801215
v 125.747967 66.430932 87.057578
v 125.917545 66.403687 87.893163
v 126.034634 66.733700 87.966895
v 128.481295 74.176692 85.084507
v 127.894727 69.365215 81.816974
v 126.182601 70.024675 82.687904
v 117.087810 80.023587 112.997090
v 116.479506 67.339194 111.521319
v 116.914653 79.802823 115.358578
v 125.381605 67.506367 115.937714
v 125.992214 66.989398 115.056488
v 128.997501 67.555380 114.031483
v 118.461152 26.763243 117.451204
v 120.161831 31.331384 115.352328
v 119.522207 24.425304 116.801015
v 132.191619 53.111416 109.041621
v 131.946696 53.863377 105.820415
v 131.224491 55.001420 110.327913
v 115.511448 2.503126 98.081478
v 115.744543 4.128956 98.173476
v 114.125755 1.577579 97.471393
v 129.321687 64.861965 96.424295
v 131.207853 67.698973 97.915169
v 130.039969 65.468293 96.711470
v 123.556504 24.923084 123.718909
v 122.149554 12.559397 125.865119
v 122.510345 11.101327 124.597665
v 125.974573 38.269311 107.995919
v 119.046457 30.907559 108.285464
v 122.207434 26.822284 106.497612
v 129.126099 65.322035 95.720860
v 131.207853 67.698973 97.915169
v 129.321687 64.861965 96.424295
v 131.893370 71.134072 88.597668
v 131.711982 74.663603 88.538867
v 132.388336 78.860193 92.974946
v 128.905544 78.950184 91.602026
v 127.513935 79.874885 91.877833
v 130.860970 80.834007 92.457410
v 117.972061 61.495197 121.434556
v 117.889482 60.300035 120.508521
v 120.287872 60.830719 121.922539
v 111.539348 9.081435 105.396635
v 108.955183 8.384293 103.137610
v 109.577878 3.431189 103.216962
v 114.992215 1.778864 96.507339
v 111.603687 3.774052 95.629698
v 116.528995 2.718865 97.159021
v 127.954815 58.186168 115.507408
v 123.244217 59.406609 116.936129
v 123.689603 56.322760 116.623065
v 131.009431 65.044308 99.305776
v 128.962197 62.834531 97.628134
v 131.621362 66.498381 98.834408
v 122.674380 47.210437 119.789958
v 125.618367 50.999290 118.260233
v 121.525842 51.802612 117.840522
v 130.391413 65.047633 86.305139
v 130.281235 58.353138 93.879827
v 128.624795 60.107195 90.712587
v 125.678645 47.409466 97.472694
v 128.620239 44.613141 99.368422
v 129.124773 40.304381 101.034713
v 118.073781 39.551616 116.905205
v 118.963753 32.942182 117.904706
v 119.101843 34.332261 119.597718
v 121.224433 11.513439 127.546110
v 119.682124 22.952795 125.736780
v 119.368853 15.051929 126.910333
v 127.954815 58.186168 115.507408
v 129.990816 64.811105 113.169914
v 124.717303 63.846165 115.790238
v 131.207853 67.698973 97.915169
v 129.126099 65.322035 95.720860
v 131.693799 69.248497 94.863411
v 114.803899 50.589120 108.392063
v 115.855736 62.396687 109.846538
v 116.430049 55.699032 105.540601
v 124.762031 42.364377 121.115049
v 122.674380 47.210437 119.789958
v 122.202552 38.540310 122.159351
v 124.762031 42.364377 121.115049
v 122.202552 38.540310 122.159351
v 124.255634 32.855344 122.808256
v 130.665343 93.268431 108.533081
v 131.107429 88.803196 109.042785
v 131.680804 90.901542 107.434222
v 131.996963 68.597132 85.303902
v 131.711982 74.663603 88.538867
v 131.893370 71.134072 88.597668
v 109.876804 8.407348 98.481118
v 108.866152 9.771412 100.709004
v 109.673371 11.511996 98.638632
v 119.839368 1.815600 133.257913
v 123.030139 2.016593 136.268931
v 121.026541 3.943033 133.795586
v 111.905478 52.054882 113.275865
v 108.979401 52.925867 110.585317
v 111.863345 50.768244 110.348986
v 120.690829 65.914971 117.766841
v 120.819321 65.487922 117.920782
v 121.405733 66.346568 117.547033
v 122.625977 30.737656 100.479497
v 125.678645 47.409466 97.472694
v 129.124773 40.304381 101.034713
v 111.531610 53.658181 113.259690
v 112.710535 60.873127 111.859004
v 108.492015 55.522620 111.484436
v 113.353936 3.912055 97.528032
v 113.520699 2.119195 97.454959
v 111.353144 4.091399 98.306971
v 120.891067 58.666175 94.113374
v 120.623396 55.441886 93.027124
v 119.521041 57.002925 96.386528
v 125.539978 27.053938 123.094567
v 123.556504 24.923084 123.718909
v 124.306847 22.577757 122.062911
v 130.560317 87.699056 102.495066
v 128.680555 85.792893 101.040025
v 130.426807 88.263589 99.860859
v 115.925471 14.264420 124.894214
v 117.092791 21.566779 124.578358
v 115.470440 18.833822 121.592693
v 124.096812 66.212630 95.162694
v 125.213985 66.424548 93.912688
v 123.879322 63.299530 92.694315
v 124.163833 86.429614 104.623103
v 123.857519 85.628664 102.726383
v 123.128485 85.144043 105.299470
v 118.648385 73.663700 122.835426
v 118.279959 74.782503 124.143988
v 119.378068 69.493628 123.775854
v 119.682124 22.952795 125.736780
v 122.370388 27.153439 124.193959
v 120.306604 27.137044 123.933387
v 118.222280 49.715051 100.932030
v 116.117976 49.428039 103.104933
v 116.121379 50.919199 102.942254
v 127.360831 68.903708 89.534015
v 126.901429 70.961207 91.501083
v 125.441419 69.774633 87.213085
v 116.914653 79.802823 115.358578
v 116.479506 67.339194 111.521319
v 117.269225 76.059342 115.321880
v 128.066054 60.473716 90.698946
v 127.980289 60.537463 90.748962
v 127.845845 60.197806 91.147470
v 130.475994 96.487761 104.201306
v 132.378348 93.388009 101.985359
v 130.170610 96.110606 99.305377
v 118.006677 61.783666 120.330211
v 113.997585 59.721386 116.209830
v 114.726766 57.774144 118.512915
v 114.726766 57.774144 118.512915
v 117.496473 59.357023 120.279976
v 118.006677 61.783666 120.330211
v 126.873429 66.358327 84.009028
v 129.064769 68.420284 82.368211
v 129.222863 63.770121 86.300078
v 114.992215 1.778864 96.507339
v 116.471173 1.955795 97.841164
v 114.125755 1.577579 97.471393
v 121.819941 49.531656 91.724214
v 120.623396 55.441886 93.027124
v 125.928897 59.937781 91.125415
v 119.521041 57.002925 96.386528
v 116.266430 50.922393 95.627497
v 118.253871 55.942046 96.865893
v 119.088930 3.900099 101.049999
v 118.881407 5.125516 102.564335
v 121.566347 2.621221 103.892767
v 122.306257 75.698477 118.152234
v 122.029536 74.403638 117.590062
v 124.405018 77.794552 117.386086
v 130.637718 89.036834 101.490230
v 130.801643 89.387775 101.858525
v 130.560317 87.699056 102.495066
v 128.680555 85.792893 101.040025
v 125.694467 85.038674 100.704694
v 127.321523 88.695776 97.247019
v 127.694192 65.382302 92.752428
v 128.480037 68.556189 89.849495
v 127.315294 65.881657 91.263513
v 115.925471 14.264420 124.894214
v 115.470440 18.833822 121.592693
v 115.588486 13.263402 119.951076
v 125.381605 67.506367 115.937714
v 123.462375 63.905841 115.738233
v 124.717303 63.846165 115.790238
v 108.522346 53.895068 111.700113
v 108.817772 54.850453 110.459314
v 108.979401 52.925867 110.585317
v 120.615814 10.140640 121.739963
v 118.446215 7.196737 121.172153
v 118.131782 9.335220 120.674004
v 120.615814 10.140640 121.739963
v 122.777261 14.802844 120.758167
v 122.510345 11.101327 124.597665
v 125.539978 27.053938 123.094567
v 124.306847 22.577757 122.062911
v 124.912065 23.809693 119.737000
v 115.744543 4.128956 98.173476
v 115.716301 4.028958 98.474846
v 114.619407 1.867729 98.219407
v 124.379190 51.613462 97.518454
v 127.803519 53.931171 98.479527
v 125.678645 47.409466 97.472694
v 125.747967 66.430932 87.057578
v 126.034634 66.733700 87.966895
v 126.043899 68.237674 87.741253
v 122.522351 50.704908 97.215051
v 120.625952 50.120836 98.551329
v 117.877228 49.470490 95.768032
v 127.513935 79.874885 91.877833
v 129.374312 81.515974 92.307675
v 130.860970 80.834007 92.457410
v 125.119009 82.868910 115.394752
v 126.203738 83.039856 110.994642
v 124.609447 85.019839 107.746480
v 125.192323 54.611975 95.888494
v 123.995538 51.739782 96.273517
v 126.007126 54.328161 95.509888
v 118.430537 5.035889 103.922057
v 121.566347 2.621221 103.892767
v 118.881407 5.125516 102.564335
v 115.270327 53.285736 109.919701
v 115.809682 59.956795 111.454840
v 114.803899 50.589120 108.392063
v 125.974573 38.269311 107.995919
v 122.929246 39.169687 109.638638
v 121.389819 37.658137 108.859989
v 118.610174 2.941454 131.572992
v 118.003567 4.612583 130.091191
v 117.438578 2.194369 130.319459
v 113.886348 63.630229 112.614229
v 115.249219 64.161581 117.495283
v 121.420988 71.762008 117.545743
v 115.925471 14.264420 124.894214
v 115.588486 13.263402 119.951076
v 115.528558 8.483434 123.340411
v 125.213985 66.424548 93.912688
v 124.096812 66.212630 95.162694
v 126.273414 69.208026 93.889183
v 120.696908 33.373940 121.943139
v 124.255634 32.855344 122.808256
v 122.202552 38.540310 122.159351
v 117.672635 72.207636 125.941758
v 119.378068 69.493628 123.775854
v 118.279959 74.782503 124.143988
v 119.077912 73.453605 121.108320
v 122.306257 75.698477 118.152234
v 124.405018 77.794552 117.386086
v 120.819321 65.487922 117.920782
v 118.936365 64.068896 119.207736
v 120.325137 65.940410 118.848978
v 131.642620 80.582589 96.645157
v 132.693891 77.114582 98.299343
v 133.225470 76.958758 96.907492
v 121.929996 62.414753 93.244002
v 123.879219 61.687439 92.367134
v 122.412189 60.420209 92.500426
v 120.670144 66.224563 117.679075
v 120.690829 65.914971 117.766841
v 121.081243 65.895874 118.302605
v 122.886928 2.177662 128.400926
v 125.466664 1.751734 130.884919
v 120.563607 1.075692 127.966932
v 126.519893 63.435161 87.632975
v 126.091966 63.735401 88.843456
v 125.747967 66.430932 87.057578
v 123.879219 61.687439 92.367134
v 126.297027 62.977922 93.564491
v 125.331941 61.689049 92.652313
v 120.714647 49.072101 99.054871
v 119.258480 49.538645 100.032285
v 119.535327 49.673739 98.902806
v 130.462784 92.090678 97.653676
v 127.993236 93.553215 97.879075
v 130.170610 96.110606 99.305377
v 126.486218 29.910040 121.308678
v 128.788384 43.158001 115.540033
v 126.991908 34.991265 120.922306
v 132.982972 70.999748 98.819065
v 133.406050 72.430360 95.870245
v 132.768397 73.735172 97.825822
v 122.029536 74.403638 117.590062
v 118.489015 71.591169 115.572695
v 121.420988 71.762008 117.545743
v 128.685370 76.071591 114.631600
v 127.580245 70.518738 116.067652
v 129.951260 72.035665 113.645207
v 131.239674 60.596150 94.692380
v 131.275323 63.544589 90.839336
v 131.581025 65.032565 90.278500
v 129.827021 59.758693 97.237433
v 130.522859 62.197888 95.630355
v 129.345395 61.966920 96.706369
v 133.025118 63.353986 105.529705
v 132.688225 68.762791 101.192212
v 133.664308 71.777827 104.361415
v 131.017361 72.254157 93.785454
v 127.462640 71.028000 92.791400
v 130.120402 69.580000 89.887830
v 131.634289 62.518209 102.118519
v 132.688225 68.762791 101.192212
v 133.025118 63.353986 105.529705
v 128.199771 65.399986 93.431359
v 129.126099 65.322035 95.720860
v 128.751579 64.383370 95.218702
v 121.081243 65.895874 118.302605
v 121.644667 66.496337 118.153033
v 120.785486 66.501618 118.987043
v 123.995538 51.739782 96.273517
v 122.522351 50.704908 97.215051
v 123.427427 50.042283 95.455824
v 129.316544 57.892865 98.121428
v 129.827021 59.758693 97.237433
v 128.621723 60.512602 99.157999
v 117.496473 59.357023 120.279976
v 117.889482 60.300035 120.508521
v 118.006677 61.783666 120.330211
v 131.529520 81.726957 105.737443
v 130.863217 81.143004 106.248360
v 130.785441 80.915058 106.622039
v 116.528995 2.718865 97.159021
v 115.744543 4.128956 98.173476
v 116.165163 3.986960 98.332043
v 123.857519 85.628664 102.726383
v 122.820105 87.901521 103.135176
v 123.374232 87.793910 99.917633
v 125.477710 68.685912 84.507974
v 125.747967 66.430932 87.057578
v 125.441419 69.774633 87.213085
v 123.857519 85.628664 102.726383
v 124.224196 84.639072 101.631712
v 123.128485 85.144043 105.299470
v 130.462784 92.090678 97.653676
v 130.170610 96.110606 99.305377
v 132.133011 92.571497 100.045420
v 111.531610 53.658181 113.259690
v 108.522346 53.895068 111.700113
v 111.905478 52.054882 113.275865
v 124.255634 32.855344 122.808256
v 125.539978 27.053938 123.094567
v 126.486218 29.910040 121.308678
v 127.067763 59.250354 91.308859
v 127.437439 54.557997 92.184105
v 126.517526 54.574090 91.225988
v 117.696138 26.483568 99.122600
v 116.259993 23.240202 97.892136
v 116.864195 29.839903 100.091049
v 130.307911 65.639061 91.653821
v 130.573977 68.676591 89.257111
v 127.694192 65.382302 92.752428
v 119.184897 50.269109 98.589236
v 120.298501 52.999925 98.976984
v 119.631165 53.724473 98.065024
v 129.785568 84.820366 102.535958
v 128.680555 85.792893 101.040025
v 130.560317 87.699056 102.495066
v 117.269225 76.059342 115.321880
v 118.489015 71.591169 115.572695
v 118.283621 73.770869 115.993789
v 126.517526 54.574090 91.225988
v 122.668716 48.022776 91.868956
v 125.928897 59.937781 91.125415
v 125.213985 66.424548 93.912688
v 127.583906 68.696737 93.782709
v 128.110044 66.152763 93.442858
v 125.678645 47.409466 97.472694
v 130.627428 51.011193 99.893943
v 128.620239 44.613141 99.368422
v 121.293316 39.129564 110.266614
v 121.389338 38.989982 109.090754
v 122.929246 39.169687 109.638638
v 130.458316 81.027514 102.166308
v 130.493117 81.676424 102.245575
v 131.142360 80.158341 105.090671
v 131.593386 72.507220 94.904739
v 132.429325 75.236672 95.420277
v 133.406050 72.430360 95.870245
v 120.191967 78.650904 121.411566
v 125.150125 80.315590 117.204442
v 123.658491 82.171023 117.882837
v 126.901429 70.961207 91.501083
v 128.480037 68.556189 89.849495
v 127.462640 71.028000 92.791400
v 131.239674 60.596150 94.692380
v 130.226651 58.854115 95.679455
v 130.281235 58.353138 93.879827
v 127.544916 91.395652 108.609407
v 129.176760 89.789778 109.694647
v 130.665343 93.268431 108.533081
v 127.838304 60.564494 90.725229
v 127.845845 60.197806 91.147470
v 126.455461 61.283320 90.291668
v 125.233545 75.270152 117.118851
v 122.029536 74.403638 117.590062
v 121.420988 71.762008 117.545743
v 125.119009 82.868910 115.394752
v 123.658491 82.171023 117.882837
v 125.150125 80.315590 117.204442
v 132.964162 57.481760 106.603662
v 131.224491 55.001420 110.327913
v 131.946696 53.863377 105.820415
v 113.326581 7.343495 106.858232
v 117.612057 3.547072 104.765411
v 114.735929 8.526122 106.857435
v 119.482532 43.693018 106.199815
v 119.301022 44.975844 102.768309
v 118.839358 38.863909 106.473245
v 116.131075 51.882046 113.652764
v 118.073781 39.551616 116.905205
v 117.700384 50.792772 115.801576
v 124.775646 2.863962 137.234452
v 127.229791 3.197927 136.276667
v 122.705573 4.570831 133.209302
v 115.973013 50.684690 96.767818
v 116.266430 50.922393 95.627497
v 116.719700 49.731081 95.693982
v 112.092906 73.149085 123.533800
v 111.968991 73.907042 125.719459
v 113.122874 76.640415 122.596227
v 128.402857 83.192968 99.621673
v 126.561593 84.030616 100.573804
v 129.885678 82.078034 101.585149
v 123.769299 89.697939 98.288132
v 123.374232 87.793910 99.917633
v 122.323617 91.026813 100.367782
v 125.853147 66.457730 87.963458
v 126.180500 67.285525 88.529900
v 125.809435 66.518610 87.945774
v 117.928914 49.140924 102.098604
v 119.258480 49.538645 100.032285
v 117.860548 46.051955 106.450366
v 130.171482 82.481307 103.836311
v 130.177936 81.504178 103.477188
v 129.427091 83.331972 102.316789
v 124.609447 85.019839 107.746480
v 124.163833 86.429614 104.623103
v 123.128485 85.144043 105.299470
v 121.242642 84.371269 110.127762
v 118.670752 83.881545 115.114237
v 121.604496 83.960301 116.455119
v 125.119009 82.868910 115.394752
v 124.609447 85.019839 107.746480
v 121.604496 83.960301 116.455119
v 115.452673 30.019477 101.579764
v 116.864195 29.839903 100.091049
v 113.216607 22.061180 98.222853
v 112.625837 7.996678 98.894360
v 111.148848 8.172404 98.203943
v 113.521922 11.945778 97.607831
v 113.353936 3.912055 97.528032
v 111.866954 4.393309 97.219451
v 110.741171 3.841656 97.140980
v 118.839358 38.863909 106.473245
v 114.356314 22.442373 107.070048
v 121.389819 37.658137 108.859989
v 114.928744 74.468708 120.212841
v 114.821910 77.421814 119.186199
v 117.343780 75.268531 117.087093
v 125.549300 29.367194 103.886501
v 129.124773 40.304381 101.034713
v 128.928693 36.672777 104.073223
v 113.459482 74.472606 126.820515
v 115.025899 77.076489 125.093985
v 111.968991 73.907042 125.719459
v 124.023369 76.485014 92.810850
v 125.477065 72.442180 91.803491
v 121.968779 68.350196 95.971734
v 111.148848 8.172404 98.203943
v 112.779119 4.426789 95.981369
v 111.603687 3.774052 95.629698
v 116.250726 6.696790 99.787737
v 118.431373 7.871496 102.627783
v 118.881407 5.125516 102.564335
v 112.779119 4.426789 95.981369
v 113.420299 7.215440 98.167043
v 116.528995 2.718865 97.159021
v 118.711139 58.896613 118.110434
v 120.925261 55.095208 117.473659
v 120.445170 59.371537 117.769970
v 127.598375 55.491341 115.157031
v 126.391537 53.935653 116.490880
v 129.776309 52.194667 112.682747
v 118.963753 32.942182 117.904706
v 118.073781 39.551616 116.905205
v 118.101568 39.550585 114.505110
v 118.279959 74.782503 124.143988
v 118.648385 73.663700 122.835426
v 124.405018 77.794552 117.386086
v 129.486801 63.033706 98.305953
v 128.962197 62.834531 97.628134
v 128.903313 61.950743 96.967313
v 126.043899 68.237674 87.741253
v 127.360831 68.903708 89.534015
v 125.441419 69.774633 87.213085
v 120.298501 52.999925 98.976984
v 119.249384 56.925428 98.067607
v 119.631165 53.724473 98.065024
v 125.281797 55.071056 97.101022
v 123.995538 51.739782 96.273517
v 125.192323 54.611975 95.888494
v 124.827356 96.419275 99.867496
v 127.310726 98.006439 104.712255
v 129.529113 98.584557 103.617401
v 116.159395 53.389061 119.832078
v 117.604897 56.046081 120.113876
v 117.496473 59.357023 120.279976
v 114.735929 8.526122 106.857435
v 117.786444 11.228752 103.964833
v 113.096743 12.196371 106.532543
v 122.777261 14.802844 120.758167
v 121.227724 21.149254 117.201102
v 123.148488 24.006117 117.357369
v 123.948644 26.416391 105.113947
v 128.922413 42.311388 107.780201
v 125.974573 38.269311 107.995919
v 110.068124 3.438597 98.042173
v 109.377641 3.636973 97.253847
v 110.169833 4.028767 96.902925
v 131.250993 65.442454 86.035419
v 130.391413 65.047633 86.305139
v 129.064769 68.420284 82.368211
v 123.306919 82.416582 98.407994
v 126.585521 81.719714 92.736729
v 124.787825 80.643654 94.800764
v 121.179571 61.025906 120.511822
v 118.388307 60.364747 118.720249
v 120.445170 59.371537 117.769970
v 128.219908 63.329679 97.162946
v 128.962197 62.834531 97.628134
v 128.909053 62.367809 96.746489
v 118.963762 49.420648 97.900235
v 117.877228 49.470490 95.768032
v 120.625952 50.120836 98.551329
v 116.279594 49.794548 105.257105
v 115.864869 50.135559 110.124139
v 115.121298 49.944097 109.480948
v 130.086372 82.167351 102.203919
v 130.120774 81.498605 101.978006
v 130.177936 81.504178 103.477188
v 126.203738 83.039856 110.994642
v 127.977179 82.834816 109.226077
v 125.318886 85.744470 107.032759
v 130.039969 65.468293 96.711470
v 129.837073 64.875400 96.167684
v 129.126099 65.322035 95.720860
v 115.864869 50.135559 110.124139
v 117.860548 46.051955 106.450366
v 117.594943 43.672749 113.136438
v 116.266430 50.922393 95.627497
v 119.521041 57.002925 96.386528
v 119.796726 49.762851 93.725064
v 125.663668 28.903827 116.770950
v 124.912065 23.809693 119.737000
v 123.148488 24.006117 117.357369
v 114.928744 74.468708 120.212841
v 114.764110 69.271344 121.614800
v 112.092906 73.149085 123.533800
v 114.674694 19.796306 107.337408
v 114.541500 14.886084 106.067505
v 117.321309 22.449535 107.630713
v 125.827506 61.061489 91.050567
v 126.455461 61.283320 90.291668
v 125.928897 59.937781 91.125415
v 120.135528 22.454738 99.679850
v 122.236081 24.361944 101.998106
v 118.723533 13.046425 102.150552
v 128.962197 62.834531 97.628134
v 129.440121 63.114214 99.165081
v 128.078752 62.739909 97.401897
v 117.594943 43.672749 113.136438
v 118.073781 39.551616 116.905205
v 116.131075 51.882046 113.652764
v 130.193611 80.645198 106.469730
v 130.701663 80.923009 106.101048
v 130.200717 82.464314 105.777494
v 120.807153 39.865336 99.339718
v 122.463672 49.874955 98.083293
v 121.112920 33.045241 99.876578
v 125.213985 66.424548 93.912688
v 128.110044 66.152763 93.442858
v 123.879322 63.299530 92.694315
v 113.521922 11.945778 97.607831
v 116.545113 12.795487 99.548767
v 116.250726 6.696790 99.787737
v 130.762678 42.741132 103.472159
v 130.130428 45.534322 100.646234
v 131.379742 47.469661 102.868014
v 125.381605 67.506367 115.937714
v 127.580245 70.518738 116.067652
v 122.236311 63.785327 116.932067
v 130.333147 70.757567 82.801215
v 131.996963 68.597132 85.303902
v 129.064769 68.420284 82.368211
v 128.481295 74.176692 85.084507
v 128.905544 78.950184 91.602026
v 130.034028 74.074530 85.595474
v 122.838497 38.964585 110.872286
v 120.370683 35.283980 113.694067
v 121.293316 39.129564 110.266614
v 132.982972 70.999748 98.819065
v 131.693799 69.248497 94.863411
v 133.406050 72.430360 95.870245
v 129.837073 64.875400 96.167684
v 131.621362 66.498381 98.834408
v 129.321687 64.861965 96.424295
v 119.891189 74.208778 117.822713
v 118.489015 71.591169 115.572695
v 122.029536 74.403638 117.590062
v 127.429207 1.588477 134.223994
v 127.073189 1.077123 137.003627
v 126.270564 0.637729 133.764056
v 123.148488 24.006117 117.357369
v 121.227724 21.149254 117.201102
v 122.972757 28.915105 114.990681
v 110.687409 12.580028 99.896846
v 111.009200 14.350724 99.275928
v 111.743922 14.190730 99.301094
v 126.686425 64.683687 92.945726
v 128.110044 66.152763 93.442858
v 128.199771 65.399986 93.431359
v 118.723533 13.046425 102.150552
v 117.786444 11.228752 103.964833
v 118.431373 7.871496 102.627783
v 126.697830 48.719668 94.454067
v 126.007126 54.328161 95.509888
v 123.427427 50.042283 95.455824
v 126.720652 57.166141 94.172498
v 127.417130 57.941836 93.068964
v 127.307137 57.810020 96.057918
v 123.863748 61.346430 116.704765
v 122.759904 63.286055 120.803475
v 122.828772 60.031575 118.764970
v 129.222863 63.770121 86.300078
v 126.519893 63.435161 87.632975
v 126.873429 66.358327 84.009028
v 129.885678 82.078034 101.585149
v 131.642620 80.582589 96.645157
v 128.402857 83.192968 99.621673
v 115.588486 13.263402 119.951076
v 118.461152 26.763243 117.451204
v 117.530778 15.772799 118.097886
v 129.827021 59.758693 97.237433
v 131.239674 60.596150 94.692380
v 130.522859 62.197888 95.630355
v 120.370683 35.283980 113.694067
v 122.838497 38.964585 110.872286
v 122.392115 34.255636 113.036974
v 131.581025 65.032565 90.278500
v 130.573977 68.676591 89.257111
v 130.307911 65.639061 91.653821
v 120.040112 68.921024 121.855675
v 120.785486 66.501618 118.987043
v 118.977619 68.348092 120.658011
v 117.087810 80.023587 112.997090
v 116.914653 79.802823 115.358578
v 118.101268 82.393158 115.019896
v 119.682124 22.952795 125.736780
v 120.306604 27.137044 123.933387
v 117.092791 21.566779 124.578358
v 115.162535 2.329457 105.138413
v 117.612057 3.547072 104.765411
v 113.326581 7.343495 106.858232
v 114.105545 52.337647 118.086937
v 115.445043 51.507753 118.446628
v 116.159395 53.389061 119.832078
v 111.531610 53.658181 113.259690
v 112.249178 53.361142 114.252964
v 112.609897 56.340873 113.929907
v 120.245052 44.960439 100.083581
v 120.714647 49.072101 99.054871
v 120.807153 39.865336 99.339718
v 111.148848 8.172404 98.203943
v 111.603687 3.774052 95.629698
v 109.876804 8.407348 98.481118
v 122.668716 48.022776 91.868956
v 126.517526 54.574090 91.225988
v 125.458665 47.820463 92.946118
v 132.688225 68.762791 101.192212
v 129.440121 63.114214 99.165081
v 131.009431 65.044308 99.305776
v 116.686750 51.620436 116.266125
v 118.906066 51.277149 117.740841
v 116.886784 51.740158 117.805243
v 125.747967 66.430932 87.057578
v 125.853147 66.457730 87.963458
v 125.809435 66.518610 87.945774
v 123.658491 82.171023 117.882837
v 125.119009 82.868910 115.394752
v 121.604496 83.960301 116.455119
v 129.356915 89.786541 97.428467
v 128.680555 85.792893 101.040025
v 127.321523 88.695776 97.247019
v 125.318886 85.744470 107.032759
v 126.127540 87.609506 107.071795
v 124.014806 88.949132 104.431918
v 130.983298 88.999474 101.990383
v 130.917174 89.182198 101.573175
v 130.637718 89.036834 101.490230
v 124.762031 42.364377 121.115049
v 125.618367 50.999290 118.260233
v 122.674380 47.210437 119.789958
v 123.562643 15.532041 122.336999
v 124.306847 22.577757 122.062911
v 122.510345 11.101327 124.597665
v 128.066054 60.473716 90.698946
v 128.075164 60.804838 89.957595
v 127.980289 60.537463 90.748962
v 110.901098 12.532719 103.544339
v 111.737186 11.902332 106.384090
v 111.860712 14.688581 104.897189
v 114.356314 22.442373 107.070048
v 111.860712 14.688581 104.897189
v 114.674694 19.796306 107.337408
v 125.549300 29.367194 103.886501
v 128.928693 36.672777 104.073223
v 123.948644 26.416391 105.113947
v 130.553080 82.419402 104.189078
v 131.331273 87.472344 106.795843
v 130.200717 82.464314 105.777494
v 124.912065 23.809693 119.737000
v 123.562643 15.532041 122.336999
v 122.777261 14.802844 120.758167
v 111.231435 2.730381 104.237015
v 110.060487 1.448583 102.046411
v 111.608520 1.361811 102.714754
v 113.882425 61.825096 110.925129
v 108.817772 54.850453 110.459314
v 113.386865 61.971170 111.070694
v 122.705573 4.570831 133.209302
v 122.176789 7.085700 130.184495
v 120.967647 6.102831 132.663185
v 129.332320 64.886904 96.105726
v 128.872539 64.771145 96.030779
v 128.751579 64.383370 95.218702
v 131.946696 53.863377 105.820415
v 131.367236 53.388149 102.408299
v 132.768521 57.347983 104.474091
v 111.938529 22.965407 100.682509
v 110.846350 19.122564 102.182723
v 115.753825 30.576244 104.786220
v 110.846350 19.122564 102.182723
v 111.021869 17.277553 104.490166
v 115.753825 30.576244 104.786220
v 126.060081 96.272349 104.359529
v 127.310726 98.006439 104.712255
v 123.907798 96.049857 101.636076
v 118.776111 33.934638 100.099724
v 121.112920 33.045241 99.876578
v 117.696138 26.483568 99.122600
v 123.084215 6.743420 129.156330
v 122.149554 12.559397 125.865119
v 121.224433 11.513439 127.546110
v 130.281235 58.353138 93.879827
v 130.391413 65.047633 86.305139
v 131.239674 60.596150 94.692380
v 117.694324 1.598203 105.181002
v 120.561251 1.088154 105.317374
v 117.612057 3.547072 104.765411
v 111.148848 8.172404 98.203943
v 109.876804 8.407348 98.481118
v 111.836332 12.770777 97.606181
v 118.241161 83.635038 113.970494
v 117.087810 80.023587 112.997090
v 118.101268 82.393158 115.019896
v 124.044336 89.795363 105.254036
v 126.127540 87.609506 107.071795
v 126.339766 89.528144 108.517759
v 118.685885 43.235356 108.538406
v 118.101568 39.550585 114.505110
v 117.594943 43.672749 113.136438
v 115.864869 50.135559 110.124139
v 117.594943 43.672749 113.136438
v 116.131075 51.882046 113.652764
v 112.609897 56.340873 113.929907
v 113.886348 63.630229 112.614229
v 112.710535 60.873127 111.859004
v 115.249219 64.161581 117.495283
v 113.886348 63.630229 112.614229
v 113.748141 62.341917 115.480878
v 116.250726 6.696790 99.787737
v 113.420299 7.215440 98.167043
v 114.329879 8.402299 98.762459
v 118.003567 4.612583 130.091191
v 120.967647 6.102831 132.663185
v 119.988627 7.523144 130.545859
v 113.867641 50.680393 110.210792
v 113.882425 61.825096 110.925129
v 114.755572 54.501319 110.700197
v 113.882425 61.825096 110.925129
v 115.398485 63.152087 111.482370
v 115.809682 59.956795 111.454840
v 122.759904 63.286055 120.803475
v 123.863748 61.346430 116.704765
v 122.905333 63.340837 118.468611
v 126.873429 66.358327 84.009028
v 126.519893 63.435161 87.632975
v 125.477710 68.685912 84.507974
v 127.580245 70.518738 116.067652
v 127.024768 74.897105 115.377666
v 125.540997 69.867313 116.747127
v 120.306604 27.137044 123.933387
v 120.696908 33.373940 121.943139
v 118.603806 28.094328 122.158197
v 111.434537 11.961641 99.128886
v 110.687409 12.580028 99.896846
v 111.743922 14.190730 99.301094
v 119.522207 24.425304 116.801015
v 117.530778 15.772799 118.097886
v 118.461152 26.763243 117.451204
v 114.207583 0.981253 98.717502
v 120.684107 0.321990 100.515471
v 116.672153 1.031589 104.882281
v 120.684107 0.321990 100.515471
v 124.598831 -0.000000 104.694997
v 121.725290 0.339657 104.594976
v 116.672153 1.031589 104.882281
v 120.684107 0.321990 100.515471
v 119.192193 0.654471 104.594053
v 110.060487 1.448583 102.046411
v 114.207583 0.981253 98.717502
v 111.608520 1.361811 102.714754
v 115.361219 0.973528 103.057917
v 112.187298 1.542460 104.081248
v 114.207583 0.981253 98.717502
v 112.187298 1.542460 104.081248
v 111.608520 1.361811 102.714754
v 114.207583 0.981253 98.717502
v 121.725290 0.339657 104.594976
v 119.192193 0.654471 104.594053
v 120.684107 0.321990 100.515471
v 115.528558 8.483434 123.340411
v 115.588486 13.263402 119.951076
v 114.843927 3.513241 122.480617
v 120.785486 66.501618 118.987043
v 120.040112 68.921024 121.855675
v 122.905333 63.340837 118.468611
v 128.455383 53.707731 95.483850
v 127.437439 54.557997 92.184105
v 127.711489 54.963600 95.328042
v 108.492015 55.522620 111.484436
v 113.386865 61.971170 111.070694
v 108.817772 54.850453 110.459314
v 125.472768 78.436345 92.798864
v 126.964932 78.333068 91.235290
v 124.023369 76.485014 92.810850
v 122.522351 50.704908 97.215051
v 117.877228 49.470490 95.768032
v 120.807659 48.739981 93.996808
v 131.946696 53.863377 105.820415
v 131.379742 47.469661 102.868014
v 131.367236 53.388149 102.408299
v 125.694467 85.038674 100.704694
v 129.722944 83.524984 102.067740
v 126.561593 84.030616 100.573804
v 122.392115 34.255636 113.036974
v 126.464704 42.096576 110.788255
v 122.972757 28.915105 114.990681
v 128.502786 97.370326 100.277700
v 130.486829 97.661221 103.455993
v 130.170610 96.110606 99.305377
v 129.374312 81.515974 92.307675
v 127.999203 82.495296 94.191586
v 130.860970 80.834007 92.457410
v 127.999203 82.495296 94.191586
v 126.561593 84.030616 100.573804
v 128.402857 83.192968 99.621673
v 131.492696 51.054406 108.371308
v 129.776309 52.194667 112.682747
v 130.262555 45.898581 111.242871
v 129.776309 52.194667 112.682747
v 128.788384 43.158001 115.540033
v 130.262555 45.898581 111.242871
v 130.262555 45.898581 111.242871
v 130.893892 45.976311 108.333353
v 131.492696 51.054406 108.371308
v 124.827356 96.419275 99.867496
v 128.502786 97.370326 100.277700
v 126.214529 95.580458 98.079898
v 122.236081 24.361944 101.998106
v 121.960142 23.369053 103.616919
v 118.723533 13.046425 102.150552
v 115.973013 50.684690 96.767818
v 118.000633 49.797257 98.180615
v 119.249384 56.925428 98.067607
v 115.716301 4.028958 98.474846
v 116.250726 6.696790 99.787737
v 116.165163 3.986960 98.332043
v 111.353144 4.091399 98.306971
v 113.520699 2.119195 97.454959
v 110.924646 2.123212 99.504102
v 112.249178 53.361142 114.252964
v 111.531610 53.658181 113.259690
v 111.905478 52.054882 113.275865
v 120.135528 22.454738 99.679850
v 116.259993 23.240202 97.892136
v 120.935365 26.133242 100.384974
v 128.184916 50.501275 93.651828
v 128.284261 51.749170 95.542092
v 126.697830 48.719668 94.454067
v 132.964162 57.481760 106.603662
v 130.728452 57.590980 112.839698
v 131.224491 55.001420 110.327913
v 123.374232 87.793910 99.917633
v 123.769299 89.697939 98.288132
v 127.321523 88.695776 97.247019
v 109.199150 5.567353 101.868069
v 109.956179 5.103856 100.518147
v 110.924646 2.123212 99.504102
v 109.956179 5.103856 100.518147
v 111.353144 4.091399 98.306971
v 110.924646 2.123212 99.504102
v 126.060081 96.272349 104.359529
v 125.166065 94.114578 105.788509
v 127.575292 95.060051 107.380798
v 120.947345 80.167579 99.263215
v 121.774356 84.660029 103.102335
v 123.306919 82.416582 98.407994
v 128.928693 36.672777 104.073223
v 130.893892 45.976311 108.333353
v 128.922413 42.311388 107.780201
v 125.618367 50.999290 118.260233
v 124.762031 42.364377 121.115049
v 126.291393 47.893343 118.747835
v 133.353520 73.309755 99.612404
v 133.664308 71.777827 104.361415
v 133.366677 70.513165 101.253022
v 133.025118 63.353986 105.529705
v 133.664308 71.777827 104.361415
v 132.964162 57.481760 106.603662
v 130.281235 58.353138 93.879827
v 127.417130 57.941836 93.068964
v 128.911128 58.628916 92.256074
v 112.092906 73.149085 123.533800
v 114.764110 69.271344 121.614800
v 114.091265 68.322402 123.480660
v 123.703628 94.265091 98.988832
v 125.297052 92.453301 97.247633
v 123.769299 89.697939 98.288132
v 130.130428 45.534322 100.646234
v 129.124773 40.304381 101.034713
v 128.620239 44.613141 99.368422
v 125.258160 79.617011 92.380440
v 126.585521 81.719714 92.736729
v 127.513935 79.874885 91.877833
v 117.289219 35.654157 102.218732
v 119.301022 44.975844 102.768309
v 120.245052 44.960439 100.083581
v 111.021869 17.277553 104.490166
v 110.901098 12.532719 103.544339
v 111.860712 14.688581 104.897189
v 121.644667 66.496337 118.153033
v 121.405733 66.346568 117.547033
v 125.540997 69.867313 116.747127
v 120.508400 42.323136 108.250682
v 118.685885 43.235356 108.538406
v 119.482532 43.693018 106.199815
v 116.545113 12.795487 99.548767
v 113.521922 11.945778 97.607831
v 114.146088 19.278997 97.283843
v 115.470440 18.833822 121.592693
v 116.203061 22.230074 119.714040
v 115.588486 13.263402 119.951076
v 115.650249 76.079619 126.116518
v 117.672635 72.207636 125.941758
v 118.279959 74.782503 124.143988
v 124.096812 66.212630 95.162694
v 120.994028 62.239724 96.952208
v 124.639004 70.197159 93.559394
v 112.187298 1.542460 104.081248
v 113.326581 7.343495 106.858232
v 111.231435 2.730381 104.237015
v 127.307137 57.810020 96.057918
v 127.711489 54.963600 95.328042
v 126.720652 57.166141 94.172498
v 127.711489 54.963600 95.328042
v 127.437439 54.557997 92.184105
v 126.720652 57.166141 94.172498
v 120.935365 26.133242 100.384974
v 122.625977 30.737656 100.479497
v 122.236081 24.361944 101.998106
v 118.280304 67.770791 125.318238
v 113.967320 72.307945 126.844762
v 114.709534 68.434042 125.219632
v 108.532397 5.178534 101.249129
v 109.199150 5.567353 101.868069
v 107.741333 5.267339 100.783843
v 119.566659 1.284397 131.042011
v 120.259068 1.324762 132.993660
v 119.839368 1.815600 133.257913
v 117.289219 35.654157 102.218732
v 115.753825 30.576244 104.786220
v 119.301022 44.975844 102.768309
v 131.331273 87.472344 106.795843
v 130.255502 86.819327 107.867595
v 129.159108 82.516617 107.065799
v 131.581025 65.032565 90.278500
v 131.996963 68.597132 85.303902
v 131.821872 68.450534 88.074801
v 122.202552 38.540310 122.159351
v 118.971240 49.350631 117.406730
v 120.696908 33.373940 121.943139
v 120.764712 70.670306 98.366789
v 123.919949 79.120946 93.636623
v 124.023369 76.485014 92.810850
v 124.023369 76.485014 92.810850
v 121.968779 68.350196 95.971734
v 120.764712 70.670306 98.366789
v 121.968779 68.350196 95.971734
v 117.813373 66.233253 103.586420
v 120.764712 70.670306 98.366789
v 126.464704 42.096576 110.788255
v 128.930789 43.661407 112.754006
v 126.533344 38.214702 113.090107
v 130.747384 79.804325 107.052543
v 129.536899 80.760217 108.773270
v 128.668530 80.877716 109.794262
v 114.726766 57.774144 118.512915
v 114.105545 52.337647 118.086937
v 116.159395 53.389061 119.832078
v 124.014806 88.949132 104.431918
v 123.147682 90.861130 104.078143
v 122.820105 87.901521 103.135176
v 109.885196 14.363670 100.079947
v 113.216607 22.061180 98.222853
v 111.336235 14.192914 98.462747
v 111.336235 14.192914 98.462747
v 111.009200 14.350724 99.275928
v 109.885196 14.363670 100.079947
v 116.479506 67.339194 111.521319
v 117.087810 80.023587 112.997090
v 116.964409 77.332324 108.170049
v 114.356314 22.442373 107.070048
v 117.321309 22.449535 107.630713
v 119.046457 30.907559 108.285464
v 132.191619 53.111416 109.041621
v 129.776309 52.194667 112.682747
v 131.492696 51.054406 108.371308
v 121.819941 49.531656 91.724214
v 125.928897 59.937781 91.125415
v 122.668716 48.022776 91.868956
v 131.492696 51.054406 108.371308
v 130.893892 45.976311 108.333353
v 130.762678 42.741132 103.472159
v 131.379742 47.469661 102.868014
v 131.946696 53.863377 105.820415
v 131.492696 51.054406 108.371308
v 127.977179 82.834816 109.226077
v 126.203738 83.039856 110.994642
v 128.668530 80.877716 109.794262
v 133.225470 76.958758 96.907492
v 133.406050 72.430360 95.870245
v 132.429325 75.236672 95.420277
v 132.946005 77.415717 95.061145
v 132.388336 78.860193 92.974946
v 133.225470 76.958758 96.907492
v 129.570445 81.386453 102.799886
v 129.717041 81.945312 101.890046
v 129.788628 82.801455 102.132359
v 114.207583 0.981253 98.717502
v 110.924646 2.123212 99.504102
v 113.520699 2.119195 97.454959
v 125.946952 40.863276 109.462343
v 128.922413 42.311388 107.780201
v 128.811256 43.882326 109.871876
v 128.811256 43.882326 109.871876
v 126.464704 42.096576 110.788255
v 125.946952 40.863276 109.462343
v 129.885678 82.078034 101.585149
v 130.120774 81.498605 101.978006
v 131.642620 80.582589 96.645157
v 110.068124 3.438597 98.042173
v 109.175343 5.612987 99.551226
v 108.280364 4.344135 99.373278
v 128.997501 67.555380 114.031483
v 129.990816 64.811105 113.169914
v 129.951260 72.035665 113.645207
v 125.258160 79.617011 92.380440
v 124.023369 76.485014 92.810850
v 123.919949 79.120946 93.636623
v 118.685885 43.235356 108.538406
v 117.594943 43.672749 113.136438
v 117.860548 46.051955 106.450366
v 109.377641 3.636973 97.253847
v 110.068124 3.438597 98.042173
v 108.280364 4.344135 99.373278
v 125.458665 47.820463 92.946118
v 128.184916 50.501275 93.651828
v 126.697830 48.719668 94.454067
v 121.004859 66.676176 117.349375
v 122.538841 67.769337 117.264945
v 125.540997 69.867313 116.747127
v 129.095505 64.421361 93.938893
v 128.909053 62.367809 96.746489
v 130.522859 62.197888 95.630355
v 128.624795 60.107195 90.712587
v 128.911128 58.628916 92.256074
v 127.845845 60.197806 91.147470
v 120.118603 21.806484 105.165668
v 118.723533 13.046425 102.150552
v 121.960142 23.369053 103.616919
v 131.250993 65.442454 86.035419
v 131.275323 63.544589 90.839336
v 130.391413 65.047633 86.305139
v 117.343780 75.268531 117.087093
v 114.821910 77.421814 119.186199
v 117.269225 76.059342 115.321880
v 118.610174 2.941454 131.572992
v 119.839368 1.815600 133.257913
v 121.026541 3.943033 133.795586
v 120.947345 80.167579 99.263215
v 116.964409 77.332324 108.170049
v 121.774356 84.660029 103.102335
v 116.964409 77.332324 108.170049
v 118.302684 82.398343 110.987081
v 121.774356 84.660029 103.102335
v 116.686750 51.620436 116.266125
v 115.445043 51.507753 118.446628
v 113.776900 51.978290 115.899297
v 121.604496 83.960301 116.455119
v 119.062395 82.246334 117.067531
v 115.025899 77.076489 125.093985
v 120.508400 42.323136 108.250682
v 119.139182 39.867723 112.356183
v 118.685885 43.235356 108.538406
v 116.250726 6.696790 99.787737
v 119.088930 3.900099 101.049999
v 116.165163 3.986960 98.332043
v 126.533344 38.214702 113.090107
v 125.663668 28.903827 116.770950
v 122.972757 28.915105 114.990681
v 125.663668 28.903827 116.770950
v 123.148488 24.006117 117.357369
v 122.972757 28.915105 114.990681
v 122.972757 28.915105 114.990681
v 126.464704 42.096576 110.788255
v 126.533344 38.214702 113.090107
v 121.725290 0.339657 104.594976
v 124.598831 -0.000000 104.694997
v 123.488088 0.776732 105.314273
v 122.236081 24.361944 101.998106
v 125.549300 29.367194 103.886501
v 121.960142 23.369053 103.616919
v 115.025899 77.076489 125.093985
v 115.650249 76.079619 126.116518
v 120.191967 78.650904 121.411566
v 128.749780 83.905435 108.729403
v 129.884161 83.639187 108.409529
v 130.863217 81.143004 106.248360
v 122.777261 14.802844 120.758167
v 123.148488 24.006117 117.357369
v 124.912065 23.809693 119.737000
v 124.405018 77.794552 117.386086
v 125.233545 75.270152 117.118851
v 126.536945 78.589887 115.985007
v 115.249219 64.161581 117.495283
v 118.219025 62.837768 119.303912
v 117.444190 66.292173 117.740633
v 115.864869 50.135559 110.124139
v 117.543197 49.380964 104.013152
v 117.860548 46.051955 106.450366
v 117.860548 46.051955 106.450366
v 117.543197 49.380964 104.013152
v 117.928914 49.140924 102.098604
v 129.776309 52.194667 112.682747
v 132.191619 53.111416 109.041621
v 131.224491 55.001420 110.327913
v 131.224491 55.001420 110.327913
v 127.598375 55.491341 115.157031
v 129.776309 52.194667 112.682747
v 126.536310 50.861991 118.420260
v 126.291393 47.893343 118.747835
v 129.776309 52.194667 112.682747
v 107.741333 5.267339 100.783843
v 108.866152 9.771412 100.709004
v 108.207771 5.268960 98.091742
v 130.904592 82.932127 102.432992
v 130.070268 83.653659 102.561422
v 131.529520 81.726957 105.737443
v 117.321309 22.449535 107.630713
v 117.786444 11.228752 103.964833
v 120.118603 21.806484 105.165668
v 122.972757 28.915105 114.990681
v 121.227724 21.149254 117.201102
v 119.522207 24.425304 116.801015
v 130.333147 70.757567 82.801215
v 127.894727 69.365215 81.816974
v 128.481295 74.176692 85.084507
v 130.462784 92.090678 97.653676
v 129.356915 89.786541 97.428467
v 127.254895 90.173501 96.798791
v 129.356915 89.786541 97.428467
v 127.321523 88.695776 97.247019
v 127.254895 90.173501 96.798791
v 121.420988 71.762008 117.545743
v 120.670144 66.224563 117.679075
v 121.004859 66.676176 117.349375
v 132.013920 93.039322 104.051497
v 130.475994 96.487761 104.201306
v 131.946430 94.173134 105.356228
v 130.475994 96.487761 104.201306
v 128.972334 97.117651 105.211821
v 130.106049 95.301771 106.900364
v 120.623396 55.441886 93.027124
v 119.796726 49.762851 93.725064
v 119.521041 57.002925 96.386528
v 121.677617 58.195305 116.517085
v 121.378492 55.736834 116.480725
v 123.689603 56.322760 116.623065
v 119.988627 7.523144 130.545859
v 118.534281 10.720405 128.314396
v 116.205280 7.488698 127.801315
v 128.184916 50.501275 93.651828
v 127.437439 54.557997 92.184105
v 128.455383 53.707731 95.483850
v 125.147128 74.733316 89.096670
v 125.477710 68.685912 84.507974
v 125.321990 72.914606 89.534491
v 130.493117 81.676424 102.245575
v 130.086372 82.167351 102.203919
v 130.904592 82.932127 102.432992
v 131.996905 88.944799 105.074093
v 131.195140 89.290887 102.092182
v 132.013920 93.039322 104.051497
v 118.978476 36.636794 114.051560
v 120.161831 31.331384 115.352328
v 118.963753 32.942182 117.904706
v 132.982972 70.999748 98.819065
v 132.768397 73.735172 97.825822
v 133.353520 73.309755 99.612404
v 129.434102 57.106578 99.203696
v 128.621723 60.512602 99.157999
v 130.692870 57.455182 100.196763
v 133.366677 70.513165 101.253022
v 132.208313 65.879703 99.286906
v 132.982972 70.999748 98.819065
v 132.555413 73.127401 108.355210
v 132.964162 57.481760 106.603662
v 133.664308 71.777827 104.361415
v 127.360831 68.903708 89.534015
v 126.043899 68.237674 87.741253
v 126.180500 67.285525 88.529900
v 117.321309 22.449535 107.630713
v 120.118603 21.806484 105.165668
v 122.207434 26.822284 106.497612
v 131.572321 92.797029 106.149458
v 129.886751 94.077826 107.540599
v 131.680804 90.901542 107.434222
v 123.703628 94.265091 98.988832
v 122.323617 91.026813 100.367782
v 122.485787 93.077659 102.585388
v 118.776111 33.934638 100.099724
v 117.289219 35.654157 102.218732
v 120.245052 44.960439 100.083581
v 130.086372 82.167351 102.203919
v 130.177936 81.504178 103.477188
v 130.171482 82.481307 103.836311
v 120.785486 66.501618 118.987043
v 120.325137 65.940410 118.848978
v 116.361005 67.861843 120.781695
v 115.314180 1.778406 122.872001
v 114.829211 1.607889 124.458845
v 114.466664 2.840913 124.472864
v 125.678645 47.409466 97.472694
v 122.463672 49.874955 98.083293
v 124.379190 51.613462 97.518454
v 131.693799 69.248497 94.863411
v 128.110044 66.152763 93.442858
v 131.593386 72.507220 94.904739
v 118.603806 28.094328 122.158197
v 118.210889 28.463003 119.477497
v 116.203061 22.230074 119.714040
v 111.231435 2.730381 104.237015
v 111.539348 9.081435 105.396635
v 109.577878 3.431189 103.216962
v 126.814281 56.416267 97.045024
v 127.579448 53.605288 96.269185
v 127.711489 54.963600 95.328042
v 131.195140 89.290887 102.092182
v 130.801643 89.387775 101.858525
v 132.133011 92.571497 100.045420
v 128.480037 68.556189 89.849495
v 127.694192 65.382302 92.752428
v 130.573977 68.676591 89.257111
v 130.801643 89.387775 101.858525
v 131.195140 89.290887 102.092182
v 130.983298 88.999474 101.990383
v 111.148848 8.172404 98.203943
v 112.625837 7.996678 98.894360
v 113.420299 7.215440 98.167043
v 121.525842 51.802612 117.840522
v 118.971240 49.350631 117.406730
v 122.674380 47.210437 119.789958
v 118.971240 49.350631 117.406730
v 122.202552 38.540310 122.159351
v 122.674380 47.210437 119.789958
v 113.122874 76.640415 122.596227
v 116.914653 79.802823 115.358578
v 114.821910 77.421814 119.186199
v 128.749780 83.905435 108.729403
v 130.165930 81.348402 106.628857
v 129.159108 82.516617 107.065799
v 115.369468 50.360930 104.452380
v 117.813373 66.233253 103.586420
v 116.121379 50.919199 102.942254
v 119.258480 49.538645 100.032285
v 118.222280 49.715051 100.932030
v 120.298501 52.999925 98.976984
v 118.430537 5.035889 103.922057
v 118.881407 5.125516 102.564335
v 118.431373 7.871496 102.627783
v 130.573977 68.676591 89.257111
v 131.821872 68.450534 88.074801
v 131.893370 71.134072 88.597668
v 129.176760 89.789778 109.694647
v 127.544916 91.395652 108.609407
v 126.339766 89.528144 108.517759
v 120.623396 55.441886 93.027124
v 121.819941 49.531656 91.724214
v 119.796726 49.762851 93.725064
v 130.937165 74.150891 111.588679
v 129.951260 72.035665 113.645207
v 132.555413 73.127401 108.355210
v 129.951260 72.035665 113.645207
v 129.990816 64.811105 113.169914
v 132.555413 73.127401 108.355210
v 118.776111 33.934638 100.099724
v 117.696138 26.483568 99.122600
v 116.864195 29.839903 100.091049
v 115.753825 30.576244 104.786220
v 111.021869 17.277553 104.490166
v 114.356314 22.442373 107.070048
v 128.788384 43.158001 115.540033
v 129.776309 52.194667 112.682747
v 127.291662 43.016938 119.416041
v 130.486829 97.661221 103.455993
v 128.973356 97.979796 105.538485
v 130.475994 96.487761 104.201306
v 117.530778 15.772799 118.097886
v 116.146442 7.181287 121.114808
v 115.588486 13.263402 119.951076
v 127.579448 53.605288 96.269185
v 126.814281 56.416267 97.045024
v 126.007126 54.328161 95.509888
v 130.627428 51.011193 99.893943
v 127.803519 53.931171 98.479527
v 130.282917 53.558672 100.128108
v 126.536310 50.861991 118.420260
v 129.776309 52.194667 112.682747
v 126.391537 53.935653 116.490880
v 117.092791 21.566779 124.578358
v 118.603806 28.094328 122.158197
v 115.470440 18.833822 121.592693
v 130.692870 57.455182 100.196763
v 131.579779 55.589938 101.509015
v 130.282917 53.558672 100.128108
v 132.388336 78.860193 92.974946
v 128.905544 78.950184 91.602026
v 130.860970 80.834007 92.457410
v 131.529520 81.726957 105.737443
v 130.070268 83.653659 102.561422
v 130.553080 82.419402 104.189078
v 124.255634 32.855344 122.808256
v 120.306604 27.137044 123.933387
v 122.370388 27.153439 124.193959
v 121.112920 33.045241 99.876578
v 125.678645 47.409466 97.472694
v 122.625977 30.737656 100.479497
v 122.179799 62.808240 122.039764
v 122.759904 63.286055 120.803475
v 120.040112 68.921024 121.855675
v 131.331273 87.472344 106.795843
v 131.996905 88.944799 105.074093
v 131.680804 90.901542 107.434222
v 123.919949 79.120946 93.636623
v 126.585521 81.719714 92.736729
v 125.258160 79.617011 92.380440
v 124.273890 1.504403 103.829364
v 121.614975 1.672268 100.590995
v 121.566347 2.621221 103.892767
v 112.504663 58.582383 114.609137
v 114.726766 57.774144 118.512915
v 113.997585 59.721386 116.209830
v 121.112920 33.045241 99.876578
v 122.625977 30.737656 100.479497
v 117.696138 26.483568 99.122600
v 122.625977 30.737656 100.479497
v 120.935365 26.133242 100.384974
v 117.696138 26.483568 99.122600
v 130.120774 81.498605 101.978006
v 129.885678 82.078034 101.585149
v 130.493117 81.676424 102.245575
v 127.437439 54.557997 92.184105
v 128.184916 50.501275 93.651828
v 126.517526 54.574090 91.225988
v 117.813373 66.233253 103.586420
v 116.430049 55.699032 105.540601
v 115.855736 62.396687 109.846538
v 115.855736 62.396687 109.846538
v 116.964409 77.332324 108.170049
v 117.813373 66.233253 103.586420
v 117.813373 66.233253 103.586420
v 116.964409 77.332324 108.170049
v 119.995853 74.258387 97.930928
v 122.306257 75.698477 118.152234
v 119.891189 74.208778 117.822713
v 122.029536 74.403638 117.590062
v 119.101843 34.332261 119.597718
v 118.191862 30.361903 118.188390
v 118.210889 28.463003 119.477497
v 132.388336 78.860193 92.974946
v 130.860970 80.834007 92.457410
v 131.642620 80.582589 96.645157
v 114.466664 2.840913 124.472864
v 115.911255 2.330536 127.496528
v 116.205280 7.488698 127.801315
v 120.161831 31.331384 115.352328
v 118.978476 36.636794 114.051560
v 120.370683 35.283980 113.694067
v 122.392115 34.255636 113.036974
v 122.838497 38.964585 110.872286
v 126.464704 42.096576 110.788255
v 121.405733 66.346568 117.547033
v 120.819321 65.487922 117.920782
v 122.236311 63.785327 116.932067
v 122.886928 2.177662 128.400926
v 121.459926 1.792920 125.957400
v 123.651778 5.139530 128.817548
v 121.525842 51.802612 117.840522
v 125.618367 50.999290 118.260233
v 123.689603 56.322760 116.623065
v 126.391537 53.935653 116.490880
v 123.689603 56.322760 116.623065
v 125.618367 50.999290 118.260233
v 132.768521 57.347983 104.474091
v 131.579779 55.589938 101.509015
v 131.634289 62.518209 102.118519
v 110.169833 4.028767 96.902925
v 109.377641 3.636973 97.253847
v 108.215417 3.974866 98.053925
v 128.668530 80.877716 109.794262
v 129.019946 77.915705 112.958699
v 130.937165 74.150891 111.588679
v 123.488088 0.776732 105.314273
v 124.273890 1.504403 103.829364
v 121.566347 2.621221 103.892767
v 117.921818 74.552268 117.810055
v 118.283621 73.770869 115.993789
v 119.891189 74.208778 117.822713
v 125.974573 38.269311 107.995919
v 121.389819 37.658137 108.859989
v 119.046457 30.907559 108.285464
v 120.287872 60.830719 121.922539
v 119.776247 62.934280 123.191806
v 117.972061 61.495197 121.434556
v 119.776247 62.934280 123.191806
v 114.709534 68.434042 125.219632
v 117.972061 61.495197 121.434556
v 120.259068 1.324762 132.993660
v 119.566659 1.284397 131.042011
v 120.563607 1.075692 127.966932
v 119.566659 1.284397 131.042011
v 118.003667 1.429457 129.293691
v 120.563607 1.075692 127.966932
v 118.003667 1.429457 129.293691
v 114.829211 1.607889 124.458845
v 119.859304 1.121784 125.350751
v 114.829211 1.607889 124.458845
v 115.314180 1.778406 122.872001
v 119.859304 1.121784 125.350751
v 118.003667 1.429457 129.293691
v 119.859304 1.121784 125.350751
v 120.563607 1.075692 127.966932
v 120.563607 1.075692 127.966932
v 126.270564 0.637729 133.764056
v 120.259068 1.324762 132.993660
v 122.179799 62.808240 122.039764
v 118.280304 67.770791 125.318238
v 119.776247 62.934280 123.191806
v 127.954815 58.186168 115.507408
v 123.863748 61.346430 116.704765
v 123.244217 59.406609 116.936129
v 129.316544 57.892865 98.121428
v 127.307488 56.610173 98.088146
v 127.307137 57.810020 96.057918
v 122.207434 26.822284 106.497612
v 121.960142 23.369053 103.616919
v 123.948644 26.416391 105.113947
v 111.905478 52.054882 113.275865
v 108.522346 53.895068 111.700113
v 108.979401 52.925867 110.585317
v 118.191862 30.361903 118.188390
v 120.161831 31.331384 115.352328
v 118.461152 26.763243 117.451204
v 116.121379 50.919199 102.942254
v 121.968779 68.350196 95.971734
v 119.113892 56.920069 98.807656
v 121.968779 68.350196 95.971734
v 120.994028 62.239724 96.952208
v 119.113892 56.920069 98.807656
v 119.113892 56.920069 98.807656
v 118.222280 49.715051 100.932030
v 116.121379 50.919199 102.942254
v 128.502786 97.370326 100.277700
v 130.170610 96.110606 99.305377
v 126.214529 95.580458 98.079898
v 126.822975 64.535504 92.600634
v 126.686425 64.683687 92.945726
v 127.315294 65.881657 91.263513
v 126.686425 64.683687 92.945726
v 127.694192 65.382302 92.752428
v 127.315294 65.881657 91.263513
v 108.522346 53.895068 111.700113
v 108.492015 55.522620 111.484436
v 108.817772 54.850453 110.459314
v 120.615814 10.140640 121.739963
v 121.877867 7.832897 123.349863
v 118.446215 7.196737 121.172153
v 124.379190 51.613462 97.518454
v 126.031127 53.478473 98.199142
v 127.803519 53.931171 98.479527
v 125.974573 38.269311 107.995919
v 125.946952 40.863276 109.462343
v 122.929246 39.169687 109.638638
v 125.318886 85.744470 107.032759
v 127.977179 82.834816 109.226077
v 127.131411 85.826612 107.752304
v 121.929996 62.414753 93.244002
v 123.879322 63.299530 92.694315
v 123.879219 61.687439 92.367134
v 131.239674 60.596150 94.692380
v 130.391413 65.047633 86.305139
v 131.275323 63.544589 90.839336
v 118.219025 62.837768 119.303912
v 115.249219 64.161581 117.495283
v 113.997585 59.721386 116.209830
v 108.866152 9.771412 100.709004
v 107.741333 5.267339 100.783843
v 108.955183 8.384293 103.137610
v 121.614975 1.672268 100.590995
v 120.005971 1.007604 98.742910
v 116.165163 3.986960 98.332043
v 120.005971 1.007604 98.742910
v 116.528995 2.718865 97.159021
v 116.165163 3.986960 98.332043
v 125.477710 68.685912 84.507974
v 126.519893 63.435161 87.632975
v 125.747967 66.430932 87.057578
v 132.964162 57.481760 106.603662
v 132.555413 73.127401 108.355210
v 130.728452 57.590980 112.839698
v 127.999203 82.495296 94.191586
v 123.306919 82.416582 98.407994
v 124.224196 84.639072 101.631712
v 114.052773 51.363951 111.916146
v 116.131075 51.882046 113.652764
v 113.776900 51.978290 115.899297
v 125.213985 66.424548 93.912688
v 126.273414 69.208026 93.889183
v 127.583906 68.696737 93.782709
v 126.901429 70.961207 91.501083
v 127.360831 68.903708 89.534015
v 128.480037 68.556189 89.849495
v 125.233545 75.270152 117.118851
v 124.405018 77.794552 117.386086
v 122.029536 74.403638 117.590062
v 125.549300 29.367194 103.886501
v 122.625977 30.737656 100.479497
v 129.124773 40.304381 101.034713
v 119.891189 74.208778 117.822713
v 116.851790 72.794974 120.235281
v 117.921818 74.552268 117.810055
v 131.303676 89.064819 102.373467
v 131.195140 89.290887 102.092182
v 131.996905 88.944799 105.074093
v 126.107846 90.296125 97.082025
v 127.993236 93.553215 97.879075
v 127.254895 90.173501 96.798791
v 127.803519 53.931171 98.479527
v 130.692870 57.455182 100.196763
v 130.282917 53.558672 100.128108
v 121.877867 7.832897 123.349863
v 122.510345 11.101327 124.597665
v 123.651778 5.139530 128.817548
v 128.872539 64.771145 96.030779
v 129.126099 65.322035 95.720860
v 129.321687 64.861965 96.424295
v 122.412189 60.420209 92.500426
v 120.891067 58.666175 94.113374
v 121.929996 62.414753 93.244002
v 113.420299 7.215440 98.167043
v 112.625837 7.996678 98.894360
v 114.329879 8.402299 98.762459
v 117.928914 49.140924 102.098604
v 118.222280 49.715051 100.932030
v 119.258480 49.538645 100.032285
v 113.521922 11.945778 97.607831
v 114.329879 8.402299 98.762459
v 112.625837 7.996678 98.894360
v 126.486218 29.910040 121.308678
v 125.663668 28.903827 116.770950
v 128.788384 43.158001 115.540033
v 125.441419 69.774633 87.213085
v 125.747967 66.430932 87.057578
v 126.043899 68.237674 87.741253
v 130.458316 81.027514 102.166308
v 131.142360 80.158341 105.090671
v 131.642620 80.582589 96.645157
v 114.735929 8.526122 106.857435
v 118.430537 5.035889 103.922057
v 117.786444 11.228752 103.964833
v 131.621362 66.498381 98.834408
v 129.837073 64.875400 96.167684
v 130.039969 65.468293 96.711470
v 129.837073 64.875400 96.167684
v 128.751579 64.383370 95.218702
v 129.126099 65.322035 95.720860
v 114.821910 77.421814 119.186199
v 114.928744 74.468708 120.212841
v 112.092906 73.149085 123.533800
v 122.463672 49.874955 98.083293
v 125.678645 47.409466 97.472694
v 121.112920 33.045241 99.876578
v 121.112920 33.045241 99.876578
v 118.776111 33.934638 100.099724
v 120.807153 39.865336 99.339718
v 130.762678 42.741132 103.472159
v 129.124773 40.304381 101.034713
v 130.130428 45.534322 100.646234
v 132.982972 70.999748 98.819065
v 131.207853 67.698973 97.915169
v 131.693799 69.248497 94.863411
v 123.427427 50.042283 95.455824
v 124.572404 48.031348 94.559411
v 126.697830 48.719668 94.454067
v 131.581025 65.032565 90.278500
v 131.821872 68.450534 88.074801
v 130.573977 68.676591 89.257111
v 116.686750 51.620436 116.266125
v 117.700384 50.792772 115.801576
v 118.906066 51.277149 117.740841
v 125.747967 66.430932 87.057578
v 126.380029 65.087443 89.165637
v 125.853147 66.457730 87.963458
v 120.259068 1.324762 132.993660
v 127.073189 1.077123 137.003627
v 123.030139 2.016593 136.268931
v 121.227724 21.149254 117.201102
v 122.777261 14.802844 120.758167
v 118.131782 9.335220 120.674004
v 122.777261 14.802844 120.758167
v 120.615814 10.140640 121.739963
v 118.131782 9.335220 120.674004
v 130.983298 88.999474 101.990383
v 131.195140 89.290887 102.092182
v 130.917174 89.182198 101.573175
v 114.356314 22.442373 107.070048
v 111.021869 17.277553 104.490166
v 111.860712 14.688581 104.897189
v 116.914653 79.802823 115.358578
v 117.269225 76.059342 115.321880
v 114.821910 77.421814 119.186199
v 119.101843 34.332261 119.597718
v 118.603806 28.094328 122.158197
v 120.696908 33.373940 121.943139
v 130.893892 45.976311 108.333353
v 128.928693 36.672777 104.073223
v 130.762678 42.741132 103.472159
vn 78.073573 58.748271 -21.287525
vn 78.073573 58.748271 -21.287525
vn 78.073573 58.748271 -21.287525
vn 2.418469 -50.001821 86.567721
vn 2.418469 -50.001821 86.567721
vn 2.418469 -50.001821 86.567721
vn 90.339320 42.367107 6.620847
vn 90.339320 42.367107 6.620847
vn 90.339320 42.367107 6.620847
vn -21.091329 -67.028169 71.150410
vn -21.091329 -67.028169 71.150410
vn -21.091329 -67.028169 71.150410
vn -67.122352 -15.284853 -72.532506
vn -67.122352 -15.284853 -72.532506
vn -67.122352 -15.284853 -72.532506
vn 46.081334 -88.596682 -5.209435
vn 46.081334 -88.596682 -5.209435
vn 46.081334 -88.596682 -5.209435
vn -8.460239 -84.174656 53.320285
vn -8.460239 -84.174656 53.320285
vn -8.460239 -84.174656 53.320285
vn 15.714221 -90.365271 39.839467
vn 15.714221 -90.365271 39.839467
vn 15.714221 -90.365271 39.839467
vn 70.377563 -67.909108 -20.865088
vn 70.377563 -67.909108 -20.865088
vn 70.377563 -67.909108 -20.865088
vn -10.508894 -30.878884 94.530735
vn -10.508894 -30.878884 94.530735
vn -10.508894 -30.878884 94.530735
vn 33.334316 -22.785202 91.485837
vn 33.334316 -22.785202 91.485837
vn 33.334316 -22.785202 91.485837
vn 24.930195 77.428197 -58.166656
vn 24.930195 77.428197 -58.166656
vn 24.930195 77.428197 -58.166656
vn -72.272424 -18.264479 66.656637
vn -72.272424 -18.264479 66.656637
vn -72.272424 -18.264479 66.656637
vn 96.411075 -25.540218 -7.252782
vn 96.411075 -25.540218 -7.252782
vn 96.411075 -25.540218 -7.252782
vn -47.070833 82.813924 30.433404
vn -47.070833 82.813924 30.433404
vn -47.070833 82.813924 30.433404
vn -19.539775 46.846419 86.160385
vn -19.539775 46.846419 86.160385
vn -19.539775 46.846419 86.160385
vn -99.652071 0.884485 8.287478
vn -99.652071 0.884485 8.287478
vn -99.652071 0.884485 8.287478
vn -80.566633 -43.409289 40.306985
vn -80.566633 -43.409289 40.306985
vn -80.566633 -43.409289 40.306985
vn -59.770337 -51.048011 61.819147
vn -59.770337 -51.048011 61.819147
vn -59.770337 -51.048011 61.819147
vn -69.722746 -61.032874 37.599564
vn -69.722746 -61.032874 37.599564
vn -69.722746 -61.032874 37.599564
vn -59.035219 -70.754054 -38.842086
vn -59.035219 -70.754054 -38.842086
vn -59.035219 -70.754054 -38.842086
vn -46.276459 -65.979391 59.204808
vn -46.276459 -65.979391 59.204808
vn -46.276459 -65.979391 59.204808
vn -54.437796 39.948965 73.760479
vn -54.437796 39.948965 73.760479
vn -54.437796 39.948965 73.760479
vn 44.192233 -89.616130 -3.999543
vn 44.192233 -89.616130 -3.999543
vn 44.192233 -89.616130 -3.999543
vn -92.319773 -28.749279 -25.505654
vn -92.319773 -28.749279 -25.505654
vn -92.319773 -28.749279 -25.505654
vn 88.873448 -3.822385 45.682593
vn 88.873448 -3.822385 45.682593
vn 88.873448 -3.822385 45.682593
vn 73.715195 45.580486 49.884782
vn 73.715195 45.580486 49.884782
vn 73.715195 45.580486 49.884782
vn 75.012532 9.325293 65.468773
vn 75.012532 9.325293 65.468773
vn 75.012532 9.325293 65.468773
vn -54.289788 28.490900 -78.999289
vn -54.289788 28.490900 -78.999289
vn -54.289788 28.490900 -78.999289
vn 82.292264 51.815096 23.306242
vn 82.292264 51.815096 23.306242
vn 82.292264 51.815096 23.306242
vn 27.014670 -52.788426 -80.520752
vn 27.014670 -52.788426 -80.520752
vn 27.014670 -52.788426 -80.520752
vn -43.260950 -0.960381 90.153038
vn -43.260950 -0.960381 90.153038
vn -43.260950 -0.960381 90.153038
vn 27.749707 56.541286 -77.672630
vn 27.749707 56.541286 -77.672630
vn 27.749707 56.541286 -77.672630
vn 4.426545 21.014062 97.666863
vn 4.426545 21.014062 97.666863
vn 4.426545 21.014062 97.666863
vn -73.978414 10.998699 66.379386
vn -73.978414 10.998699 66.379386
vn -73.978414 10.998699 66.379386
vn -98.000399 -2.901350 19.685143
vn -98.000399 -2.901350 19.685143
vn -98.000399 -2.901350 19.685143
vn -21.500021 -97.127039 10.202311
vn -21.500021 -97.127039 10.202311
vn -21.500021 -97.127039 10.202311
vn -6.757558 -91.460951 -39.865148
vn -6.757558 -91.460951 -39.865148
vn -6.757558 -91.460951 -39.865148
vn 15.835804 -0.113550 -98.738112
vn 15.835804 -0.113550 -98.738112
vn 15.835804 -0.113550 -98.738112
vn -40.861911 -45.981980 -78.841368
vn -40.861911 -45.981980 -78.841368
vn -40.861911 -45.981980 -78.841368
vn -5.785241 -12.018332 -99.106464
vn -5.785241 -12.018332 -99.106464
vn -5.785241 -12.018332 -99.106464
vn 23.795436 6.667805 96.898496
vn 23.795436 6.667805 96.898496
vn 23.795436 6.667805 96.898496
vn -73.111984 -65.884468 -17.716504
vn -73.111984 -65.884468 -17.716504
vn -73.111984 -65.884468 -17.716504
vn -59.990331 -75.276032 -27.104979
vn -59.990331 -75.276032 -27.104979
vn -59.990331 -75.276032 -27.104979
vn -90.511167 32.925952 26.900015
vn -90.511167 32.925952 26.900015
vn -90.511167 32.925952 26.900015
vn -68.994462 -64.673771 32.512594
vn -68.994462 -64.673771 32.512594
vn -68.994462 -64.673771 32.512594
vn 12.071219 -89.878402 42.144507
vn 12.071219 -89.878402 42.144507
vn 12.071219 -89.878402 42.144507
vn 98.585459 16.727021 -1.055782
vn 98.585459 16.727021 -1.055782
vn 98.585459 16.727021 -1.055782
vn -87.063526 -32.681818 36.767421
vn -87.063526 -32.681818 36.767421
vn -87.063526 -32.681818 36.767421
vn -59.923778 23.719171 -76.462691
vn -59.923778 23.719171 -76.462691
vn -59.923778 23.719171 -76.462691
vn -81.138573 38.799726 -43.716289
vn -81.138573 38.799726 -43.716289
vn -81.138573 38.799726 -43.716289
vn -87.025498 -15.648059 -46.708702
vn -87.025498 -15.648059 -46.708702
vn -87.025498 -15.648059 -46.708702
vn -85.738147 22.952885 46.066662
vn -85.738147 22.952885 46.066662
vn -85.738147 22.952885 46.066662
vn -79.090207 -32.954789 -51.562795
vn -79.090207 -32.954789 -51.562795
vn -79.090207 -32.954789 -51.562795
vn -66.876644 -1.864448 74.323879
vn -66.876644 -1.864448 74.323879
vn -66.876644 -1.864448 74.323879
vn -9.588030 -53.815445 -83.737491
vn -9.588030 -53.815445 -83.737491
vn -9.588030 -53.815445 -83.737491
vn -63.158661 -71.468517 -30.053868
vn -63.158661 -71.468517 -30.053868
vn -63.158661 -71.468517 -30.053868
vn -46.878326 14.793680 87.083705
vn -46.878326 14.793680 87.083705
vn -46.878326 14.793680 87.083705
vn 82.431547 -41.791867 -38.190051
vn 82.431547 -41.791867 -38.190051
vn 82.431547 -41.791867 -38.190051
vn -93.491085 -10.082902 34.025764
vn -93.491085 -10.082902 34.025764
vn -93.491085 -10.082902 34.025764
vn -10.559876 -54.516944 -83.164854
vn -10.559876 -54.516944 -83.164854
vn -10.559876 -54.516944 -83.164854
vn 58.979311 -56.259030 -57.934129
vn 58.979311 -56.259030 -57.934129
vn 58.979311 -56.259030 -57.934129
vn 0.582431 -93.189592 -36.267906
vn 0.582431 -93.189592 -36.267906
vn 0.582431 -93.189592 -36.267906
vn 64.397014 27.081036 -71.551668
vn 64.397014 27.081036 -71.551668
vn 64.397014 27.081036 -71.551668
vn -9.517832 -76.396446 63.820018
vn -9.517832 -76.396446 63.820018
vn -9.517832 -76.396446 63.820018
vn 32.491006 6.770753 -94.331817
vn 32.491006 6.770753 -94.331817
vn 32.491006 6.770753 -94.331817
vn 36.649117 35.608108 -85.958741
vn 36.649117 35.608108 -85.958741
vn 36.649117 35.608108 -85.958741
vn -19.471057 -41.017181 -89.098086
vn -19.471057 -41.017181 -89.098086
vn -19.471057 -41.017181 -89.098086
vn -20.550248 -24.880371 -94.650180
vn -20.550248 -24.880371 -94.650180
vn -20.550248 -24.880371 -94.650180
vn -89.958212 4.378703 -43.455126
vn -89.958212 4.378703 -43.455126
vn -89.958212 4.378703 -43.455126
vn -83.340533 -44.699942 32.500322
vn -83.340533 -44.699942 32.500322
vn -83.340533 -44.699942 32.500322
vn 93.572205 30.453185 17.800185
vn 93.572205 30.453185 17.800185
vn 93.572205 30.453185 17.800185
vn -76.446523 -34.114854 -54.700152
vn -76.446523 -34.114854 -54.700152
vn -76.446523 -34.114854 -54.700152
vn -21.611570 78.343788 -58.268269
vn -21.611570 78.343788 -58.268269
vn -21.611570 78.343788 -58.268269
vn -95.396334 14.645267 -26.173590
vn -95.396334 14.645267 -26.173590
vn -95.396334 14.645267 -26.173590
vn -55.131253 31.792245 77.134942
vn -55.131253 31.792245 77.134942
vn -55.131253 31.792245 77.134942
vn -66.375064 -73.776569 12.303205
vn -66.375064 -73.776569 12.303205
vn -66.375064 -73.776569 12.303205
vn 80.476583 -56.746356 -17.417561
vn 80.476583 -56.746356 -17.417561
vn 80.476583 -56.746356 -17.417561
vn -72.656119 11.391829 67.759249
vn -72.656119 11.391829 67.759249
vn -72.656119 11.391829 67.759249
vn -21.918353 -49.863924 83.864025
vn -21.918353 -49.863924 83.864025
vn -21.918353 -49.863924 83.864025
vn 91.121324 -3.442716 41.049381
vn 91.121324 -3.442716 41.049381
vn 91.121324 -3.442716 41.049381
vn 7.399844 -99.702781 -2.144230
vn 7.399844 -99.702781 -2.144230
vn 7.399844 -99.702781 -2.144230
vn 45.774445 -85.928517 -22.825224
vn 45.774445 -85.928517 -22.825224
vn 45.774445 -85.928517 -22.825224
vn 25.308623 -46.564167 -84.801253
vn 25.308623 -46.564167 -84.801253
vn 25.308623 -46.564167 -84.801253
vn 56.376407 -61.950865 54.624084
vn 56.376407 -61.950865 54.624084
vn 56.376407 -61.950865 54.624084
vn -63.284979 -33.349970 69.876974
vn -63.284979 -33.349970 69.876974
vn -63.284979 -33.349970 69.876974
vn -72.240794 -68.350192 10.465163
vn -72.240794 -68.350192 10.465163
vn -72.240794 -68.350192 10.465163
vn -50.515435 -65.006778 -56.765414
vn -50.515435 -65.006778 -56.765414
vn -50.515435 -65.006778 -56.765414
vn -29.894866 -95.240933 5.955018
vn -29.894866 -95.240933 5.955018
vn -29.894866 -95.240933 5.955018
vn 75.634162 -3.928425 -65.299630
vn 75.634162 -3.928425 -65.299630
vn 75.634162 -3.928425 -65.299630
vn -10.821226 -43.771642 -89.257747
vn -10.821226 -43.771642 -89.257747
vn -10.821226 -43.771642 -89.257747
vn -27.645124 -43.486798 -85.700909
vn -27.645124 -43.486798 -85.700909
vn -27.645124 -43.486798 -85.700909
vn -3.933544 -91.453611 40.258742
vn -3.933544 -91.453611 40.258742
vn -3.933544 -91.453611 40.258742
vn -97.861710 15.765607 -13.211109
vn -97.861710 15.765607 -13.211109
vn -97.861710 15.765607 -13.211109
vn -20.421104 -96.773911 14.757686
vn -20.421104 -96.773911 14.757686
vn -20.421104 -96.773911 14.757686
vn 30.794519 -90.685795 28.771239
vn 30.794519 -90.685795 28.771239
vn 30.794519 -90.685795 28.771239
vn -15.340445 -92.034137 35.977617
vn -15.340445 -92.034137 35.977617
vn -15.340445 -92.034137 35.977617
vn 86.482321 -32.345917 38.399886
vn 86.482321 -32.345917 38.399886
vn 86.482321 -32.345917 38.399886
vn 66.215637 -38.846015 64.081815
vn 66.215637 -38.846015 64.081815
vn 66.215637 -38.846015 64.081815
vn -91.752353 6.727606 -39.194971
vn -91.752353 6.727606 -39.194971
vn -91.752353 6.727606 -39.194971
vn -48.959587 80.134648 34.371447
vn -48.959587 80.134648 34.371447
vn -48.959587 80.134648 34.371447
vn 46.405897 -4.333111 -88.474398
vn 46.405897 -4.333111 -88.474398
vn 46.405897 -4.333111 -88.474398
vn -18.969675 -93.112601 -31.147975
vn -18.969675 -93.112601 -31.147975
vn -18.969675 -93.112601 -31.147975
vn -52.092316 -24.385392 -81.803083
vn -52.092316 -24.385392 -81.803083
vn -52.092316 -24.385392 -81.803083
vn -29.920667 -91.279103 -27.800741
vn -29.920667 -91.279103 -27.800741
vn -29.920667 -91.279103 -27.800741
vn -39.279725 -78.213772 -48.370561
vn -39.279725 -78.213772 -48.370561
vn -39.279725 -78.213772 -48.370561
vn 23.361650 -96.682726 10.328878
vn 23.361650 -96.682726 10.328878
vn 23.361650 -96.682726 10.328878
vn 88.105825 -38.798999 27.055568
vn 88.105825 -38.798999 27.055568
vn 88.105825 -38.798999 27.055568
vn -82.558370 -21.010641 52.370499
vn -82.558370 -21.010641 52.370499
vn -82.558370 -21.010641 52.370499
vn -36.732147 -20.718671 -90.672409
vn -36.732147 -20.718671 -90.672409
vn -36.732147 -20.718671 -90.672409
vn -76.695334 -58.744082 -25.825535
vn -76.695334 -58.744082 -25.825535
vn -76.695334 -58.744082 -25.825535
vn -91.389232 34.151513 21.947273
vn -91.389232 34.151513 21.947273
vn -91.389232 34.151513 21.947273
vn 80.898643 56.762525 -15.278306
vn 80.898643 56.762525 -15.278306
vn 80.898643 56.762525 -15.278306
vn -84.166915 35.760395 40.461413
vn -84.166915 35.760395 40.461413
vn -84.166915 35.760395 40.461413
vn 99.739724 -3.845749 6.099201
vn 99.739724 -3.845749 6.099201
vn 99.739724 -3.845749 6.099201
vn -33.332086 58.550037 73.897669
vn -33.332086 58.550037 73.897669
vn -33.332086 58.550037 73.897669
vn -30.025217 94.223475 14.846676
vn -30.025217 94.223475 14.846676
vn -30.025217 94.223475 14.846676
vn 93.605445 -5.985293 34.672709
vn 93.605445 -5.985293 34.672709
vn 93.605445 -5.985293 34.672709
vn 20.579749 -75.257621 62.552102
vn 20.579749 -75.257621 62.552102
vn 20.579749 -75.257621 62.552102
vn 59.102831 80.426224 -6.203101
vn 59.102831 80.426224 -6.203101
vn 59.102831 80.426224 -6.203101
vn -82.523494 23.303221 -51.447394
vn -82.523494 23.303221 -51.447394
vn -82.523494 23.303221 -51.447394
vn 19.652724 -87.993459 43.254157
vn 19.652724 -87.993459 43.254157
vn 19.652724 -87.993459 43.254157
vn 6.687922 93.585770 -34.597356
vn 6.687922 93.585770 -34.597356
vn 6.687922 93.585770 -34.597356
vn 32.681231 -2.741275 94.469174
vn 32.681231 -2.741275 94.469174
vn 32.681231 -2.741275 94.469174
vn 97.832390 -1.398097 -20.660809
vn 97.832390 -1.398097 -20.660809
vn 97.832390 -1.398097 -20.660809
vn 45.843652 -11.090219 88.178052
vn 45.843652 -11.090219 88.178052
vn 45.843652 -11.090219 88.178052
vn 18.777232 -33.250942 -92.421819
vn 18.777232 -33.250942 -92.421819
vn 18.777232 -33.250942 -92.421819
vn -16.967381 -33.491201 -92.684671
vn -16.967381 -33.491201 -92.684671
vn -16.967381 -33.491201 -92.684671
vn -98.531940 -0.083237 -17.071910
vn -98.531940 -0.083237 -17.071910
vn -98.531940 -0.083237 -17.071910
vn -3.732268 -60.696545 -79.385136
vn -3.732268 -60.696545 -79.385136
vn -3.732268 -60.696545 -79.385136
vn 99.076713 -11.327565 -7.449290
vn 99.076713 -11.327565 -7.449290
vn 99.076713 -11.327565 -7.449290
vn -58.151638 -6.553002 81.089123
vn -58.151638 -6.553002 81.089123
vn -58.151638 -6.553002 81.089123
vn -14.910236 -47.801188 -86.560563
vn -14.910236 -47.801188 -86.560563
vn -14.910236 -47.801188 -86.560563
vn 26.234440 -36.743574 -89.228160
vn 26.234440 -36.743574 -89.228160
vn 26.234440 -36.743574 -89.228160
vn -96.095758 25.533878 -10.659542
vn -96.095758 25.533878 -10.659542
vn -96.095758 25.533878 -10.659542
vn 64.093566 -70.376371 -30.646063
vn 64.093566 -70.376371 -30.646063
vn 64.093566 -70.376371 -30.646063
vn -24.505008 -68.526273 68.583189
vn -24.505008 -68.526273 68.583189
vn -24.505008 -68.526273 68.583189
vn 12.282720 93.565811 33.084374
vn 12.282720 93.565811 33.084374
vn 12.282720 93.565811 33.084374
vn -46.708295 -79.246142 -39.222259
vn -46.708295 -79.246142 -39.222259
vn -46.708295 -79.246142 -39.222259
vn -35.316373 -70.949236 -60.983281
vn -35.316373 -70.949236 -60.983281
vn -35.316373 -70.949236 -60.983281
vn 33.910953 48.696508 -80.490360
vn 33.910953 48.696508 -80.490360
vn 33.910953 48.696508 -80.490360
vn 27.994874 45.825714 84.358114
vn 27.994874 45.825714 84.358114
vn 27.994874 45.825714 84.358114
vn -92.922368 11.423881 35.141557
vn -92.922368 11.423881 35.141557
vn -92.922368 11.423881 35.141557
vn 69.568457 70.858695 -11.801462
vn 69.568457 70.858695 -11.801462
vn 69.568457 70.858695 -11.801462
vn -96.764240 -2.192417 25.137145
vn -96.764240 -2.192417 25.137145
vn -96.764240 -2.192417 25.137145
vn 78.067532 55.395940 28.926635
vn 78.067532 55.395940 28.926635
vn 78.067532 55.395940 28.926635
vn -47.167907 -4.046270 -88.084150
vn -47.167907 -4.046270 -88.084150
vn -47.167907 -4.046270 -88.084150
vn 73.920702 0.485463 67.346080
vn 73.920702 0.485463 67.346080
vn 73.920702 0.485463 67.346080
vn 23.940629 -14.549444 -95.995635
vn 23.940629 -14.549444 -95.995635
vn 23.940629 -14.549444 -95.995635
vn -84.472391 18.773257 50.119668
vn -84.472391 18.773257 50.119668
vn -84.472391 18.773257 50.119668
vn -71.779938 54.358878 -43.505782
vn -71.779938 54.358878 -43.505782
vn -71.779938 54.358878 -43.505782
vn 93.936790 -23.541566 24.933399
vn 93.936790 -23.541566 24.933399
vn 93.936790 -23.541566 24.933399
vn 37.401186 17.957602 -90.987230
vn 37.401186 17.957602 -90.987230
vn 37.401186 17.957602 -90.987230
vn -17.724834 -83.778374 51.643155
vn -17.724834 -83.778374 51.643155
vn -17.724834 -83.778374 51.643155
vn -18.185028 30.924677 93.343288
vn -18.185028 30.924677 93.343288
vn -18.185028 30.924677 93.343288
vn -92.753647 33.601084 -16.362422
vn -92.753647 33.601084 -16.362422
vn -92.753647 33.601084 -16.362422
vn -85.498569 30.033363 42.284667
vn -85.498569 30.033363 42.284667
vn -85.498569 30.033363 42.284667
vn 5.648892 0.593215 99.838563
vn 5.648892 0.593215 99.838563
vn 5.648892 0.593215 99.838563
vn 53.300475 57.272810 -62.280684
vn 53.300475 57.272810 -62.280684
vn 53.300475 57.272810 -62.280684
vn -39.392177 -43.849749 -80.780297
vn -39.392177 -43.849749 -80.780297
vn -39.392177 -43.849749 -80.780297
vn 42.878142 89.146538 -14.641050
vn 42.878142 89.146538 -14.641050
vn 42.878142 89.146538 -14.641050
vn 83.912435 14.856624 -52.325752
vn 83.912435 14.856624 -52.325752
vn 83.912435 14.856624 -52.325752
vn -82.115626 55.834207 -11.813842
vn -82.115626 55.834207 -11.813842
vn -82.115626 55.834207 -11.813842
vn 25.103709 -71.704103 -65.025577
vn 25.103709 -71.704103 -65.025577
vn 25.103709 -71.704103 -65.025577
vn -83.247852 37.369346 -40.906334
vn -83.247852 37.369346 -40.906334
vn -83.247852 37.369346 -40.906334
vn -46.991734 -69.487733 54.435579
vn -46.991734 -69.487733 54.435579
vn -46.991734 -69.487733 54.435579
vn 80.553295 -27.549254 52.461467
vn 80.553295 -27.549254 52.461467
vn 80.553295 -27.549254 52.461467
vn -70.733435 31.301742 63.379675
vn -70.733435 31.301742 63.379675
vn -70.733435 31.301742 63.379675
vn 94.444939 32.066202 7.205034
vn 94.444939 32.066202 7.205034
vn 94.444939 32.066202 7.205034
vn 24.642832 85.371896 45.873419
vn 24.642832 85.371896 45.873419
vn 24.642832 85.371896 45.873419
vn 17.838534 -19.827818 -96.377620
vn 17.838534 -19.827818 -96.377620
vn 17.838534 -19.827818 -96.377620
vn 27.920139 63.325481 -72.182758
vn 27.920139 63.325481 -72.182758
vn 27.920139 63.325481 -72.182758
vn -64.972995 76.013307 -0.698131
vn -64.972995 76.013307 -0.698131
vn -64.972995 76.013307 -0.698131
vn -95.629587 21.888173 19.387935
vn -95.629587 21.888173 19.387935
vn -95.629587 21.888173 19.387935
vn 51.235577 -78.884267 -33.943904
vn 51.235577 -78.884267 -33.943904
vn 51.235577 -78.884267 -33.943904
vn -70.149199 -33.237548 -63.042493
vn -70.149199 -33.237548 -63.042493
vn -70.149199 -33.237548 -63.042493
vn 49.155915 -61.524463 -61.631457
vn 49.155915 -61.524463 -61.631457
vn 49.155915 -61.524463 -61.631457
vn -46.616502 -81.281859 34.930812
vn -46.616502 -81.281859 34.930812
vn -46.616502 -81.281859 34.930812
vn 69.878175 14.883295 69.968051
vn 69.878175 14.883295 69.968051
vn 69.878175 14.883295 69.968051
vn 42.494953 -89.580702 -13.018374
vn 42.494953 -89.580702 -13.018374
vn 42.494953 -89.580702 -13.018374
vn 85.551833 -50.725815 -10.381477
vn 85.551833 -50.725815 -10.381477
vn 85.551833 -50.725815 -10.381477
vn -52.190896 11.995888 84.452420
vn -52.190896 11.995888 84.452420
vn -52.190896 11.995888 84.452420
vn -3.983670 -98.519803 -16.672727
vn -3.983670 -98.519803 -16.672727
vn -3.983670 -98.519803 -16.672727
vn -74.564972 25.852819 -61.414147
vn -74.564972 25.852819 -61.414147
vn -74.564972 25.852819 -61.414147
vn 6.913876 31.661448 94.603123
vn 6.913876 31.661448 94.603123
vn 6.913876 31.661448 94.603123
vn -12.547819 -28.413353 95.053849
vn -12.547819 -28.413353 95.053849
vn -12.547819 -28.413353 95.053849
vn 84.214742 -15.536733 51.638053
vn 84.214742 -15.536733 51.638053
vn 84.214742 -15.536733 51.638053
vn 81.755234 36.765842 44.321061
vn 81.755234 36.765842 44.321061
vn 81.755234 36.765842 44.321061
vn 78.063268 -62.481103 -1.495993
vn 78.063268 -62.481103 -1.495993
vn 78.063268 -62.481103 -1.495993
vn 77.514872 53.154929 -34.146746
vn 77.514872 53.154929 -34.146746
vn 77.514872 53.154929 -34.146746
vn -50.358438 -81.971950 27.287880
vn -50.358438 -81.971950 27.287880
vn -50.358438 -81.971950 27.287880
vn 41.961376 -58.921131 69.047391
vn 41.961376 -58.921131 69.047391
vn 41.961376 -58.921131 69.047391
vn -8.022526 18.244011 -97.993852
vn -8.022526 18.244011 -97.993852
vn -8.022526 18.244011 -97.993852
vn -31.390878 -16.220440 93.549507
vn -31.390878 -16.220440 93.549507
vn -31.390878 -16.220440 93.549507
vn -38.453170 -53.808508 -75.006661
vn -38.453170 -53.808508 -75.006661
vn -38.453170 -53.808508 -75.006661
vn -72.143563 68.815634 -7.727537
vn -72.143563 68.815634 -7.727537
vn -72.143563 68.815634 -7.727537
vn 64.348670 -75.592081 -12.045181
vn 64.348670 -75.592081 -12.045181
vn 64.348670 -75.592081 -12.045181
vn -77.383882 4.590472 -63.171698
vn -77.383882 4.590472 -63.171698
vn -77.383882 4.590472 -63.171698
vn -98.662758 1.990031 16.177155
vn -98.662758 1.990031 16.177155
vn -98.662758 1.990031 16.177155
vn -82.113779 -54.748151 -16.123527
vn -82.113779 -54.748151 -16.123527
vn -82.113779 -54.748151 -16.123527
vn 26.759945 -7.523966 -96.058812
vn 26.759945 -7.523966 -96.058812
vn 26.759945 -7.523966 -96.058812
vn -96.274410 -26.629687 -4.700925
vn -96.274410 -26.629687 -4.700925
vn -96.274410 -26.629687 -4.700925
vn 76.831372 -63.205824 10.097754
vn 76.831372 -63.205824 10.097754
vn 76.831372 -63.205824 10.097754
vn 79.353740 -33.367013 50.888382
vn 79.353740 -33.367013 50.888382
vn 79.353740 -33.367013 50.888382
vn -95.237710 26.914802 -14.330852
vn -95.237710 26.914802 -14.330852
vn -95.237710 26.914802 -14.330852
vn 91.434464 -40.408343 -2.627807
vn 91.434464 -40.408343 -2.627807
vn 91.434464 -40.408343 -2.627807
vn 68.520186 -7.503457 -72.447804
vn 68.520186 -7.503457 -72.447804
vn 68.520186 -7.503457 -72.447804
vn -62.358342 22.781144 -74.782724
vn -62.358342 22.781144 -74.782724
vn -62.358342 22.781144 -74.782724
vn 48.575317 33.391898 -80.780074
vn 48.575317 33.391898 -80.780074
vn 48.575317 33.391898 -80.780074
vn 50.476994 21.799731 83.527517
vn 50.476994 21.799731 83.527517
vn 50.476994 21.799731 83.527517
vn -21.626038 -38.668547 89.649649
vn -21.626038 -38.668547 89.649649
vn -21.626038 -38.668547 89.649649
vn 16.126091 72.751316 66.687300
vn 16.126091 72.751316 66.687300
vn 16.126091 72.751316 66.687300
vn -36.123461 -18.974031 91.296671
vn -36.123461 -18.974031 91.296671
vn -36.123461 -18.974031 91.296671
vn -37.190043 -10.466930 -92.235268
vn -37.190043 -10.466930 -92.235268
vn -37.190043 -10.466930 -92.235268
vn 7.808582 -99.691844 0.749893
vn 7.808582 -99.691844 0.749893
vn 7.808582 -99.691844 0.749893
vn -13.218224 43.027514 -89.296769
vn -13.218224 43.027514 -89.296769
vn -13.218224 43.027514 -89.296769
vn -15.444145 -88.079583 44.760090
vn -15.444145 -88.079583 44.760090
vn -15.444145 -88.079583 44.760090
vn -11.235858 -99.081100 -7.529423
vn -11.235858 -99.081100 -7.529423
vn -11.235858 -99.081100 -7.529423
vn -61.702451 -78.518434 5.259762
vn -61.702451 -78.518434 5.259762
vn -61.702451 -78.518434 5.259762
vn -59.247644 -77.595861 21.647197
vn -59.247644 -77.595861 21.647197
vn -59.247644 -77.595861 21.647197
vn -43.196902 -42.269256 79.670185
vn -43.196902 -42.269256 79.670185
vn -43.196902 -42.269256 79.670185
vn -82.879441 -12.271735 54.593061
vn -82.879441 -12.271735 54.593061
vn -82.879441 -12.271735 54.593061
vn -75.682140 -63.468829 -15.618034
vn -75.682140 -63.468829 -15.618034
vn -75.682140 -63.468829 -15.618034
vn 7.128418 -99.027943 11.943711
vn 7.128418 -99.027943 11.943711
vn 7.128418 -99.027943 11.943711
vn 99.560178 -2.675524 -8.978429
vn 99.560178 -2.675524 -8.978429
vn 99.560178 -2.675524 -8.978429
vn -51.892163 -73.431081 43.761632
vn -51.892163 -73.431081 43.761632
vn -51.892163 -73.431081 43.761632
vn 26.603347 -31.929683 90.954700
vn 26.603347 -31.929683 90.954700
vn 26.603347 -31.929683 90.954700
vn -1.352559 -92.838775 37.136683
vn -1.352559 -92.838775 37.136683
vn -1.352559 -92.838775 37.136683
vn 28.951660 -95.582669 5.075023
vn 28.951660 -95.582669 5.075023
vn 28.951660 -95.582669 5.075023
vn 11.427167 -93.184422 34.439558
vn 11.427167 -93.184422 34.439558
vn 11.427167 -93.184422 34.439558
vn 69.697172 3.845572 71.606688
vn 69.697172 3.845572 71.606688
vn 69.697172 3.845572 71.606688
vn -70.377707 -49.772287 -50.692186
vn -70.377707 -49.772287 -50.692186
vn -70.377707 -49.772287 -50.692186
vn 80.862142 34.672863 47.530075
vn 80.862142 34.672863 47.530075
vn 80.862142 34.672863 47.530075
vn -79.333451 8.115982 -60.335201
vn -79.333451 8.115982 -60.335201
vn -79.333451 8.115982 -60.335201
vn 72.143970 -37.696075 -58.088333
vn 72.143970 -37.696075 -58.088333
vn 72.143970 -37.696075 -58.088333
vn -11.463357 37.129232 -92.141266
vn -11.463357 37.129232 -92.141266
vn -11.463357 37.129232 -92.141266
vn 97.765340 4.600768 20.512721
vn 97.765340 4.600768 20.512721
vn 97.765340 4.600768 20.512721
vn 58.995228 -39.259135 70.556964
vn 58.995228 -39.259135 70.556964
vn 58.995228 -39.259135 70.556964
vn 98.227109 -13.749947 -12.742655
vn 98.227109 -13.749947 -12.742655
vn 98.227109 -13.749947 -12.742655
vn -9.090016 -27.711240 95.652801
vn -9.090016 -27.711240 95.652801
vn -9.090016 -27.711240 95.652801
vn -96.904684 -12.286011 -21.413481
vn -96.904684 -12.286011 -21.413481
vn -96.904684 -12.286011 -21.413481
vn 71.585086 41.574399 56.099433
vn 71.585086 41.574399 56.099433
vn 71.585086 41.574399 56.099433
vn 66.104644 -18.207763 72.791845
vn 66.104644 -18.207763 72.791845
vn 66.104644 -18.207763 72.791845
vn 65.720749 6.409748 75.097929
vn 65.720749 6.409748 75.097929
vn 65.720749 6.409748 75.097929
vn -0.319142 -17.098151 98.526909
vn -0.319142 -17.098151 98.526909
vn -0.319142 -17.098151 98.526909
vn 75.919721 23.870176 60.550902
vn 75.919721 23.870176 60.550902
vn 75.919721 23.870176 60.550902
vn -5.787470 10.011639 99.329115
vn -5.787470 10.011639 99.329115
vn -5.787470 10.011639 99.329115
vn 83.154662 20.901717 51.462826
vn 83.154662 20.901717 51.462826
vn 83.154662 20.901717 51.462826
vn 10.291952 -20.750449 97.280495
vn 10.291952 -20.750449 97.280495
vn 10.291952 -20.750449 97.280495
vn 94.381988 -25.785310 -20.667832
vn 94.381988 -25.785310 -20.667832
vn 94.381988 -25.785310 -20.667832
vn 89.004834 6.869647 45.066041
vn 89.004834 6.869647 45.066041
vn 89.004834 6.869647 45.066041
vn -80.049099 49.304266 34.076869
vn -80.049099 49.304266 34.076869
vn -80.049099 49.304266 34.076869
vn -6.857183 52.808162 84.642057
vn -6.857183 52.808162 84.642057
vn -6.857183 52.808162 84.642057
vn -78.471743 -50.076292 -36.531506
vn -78.471743 -50.076292 -36.531506
vn -78.471743 -50.076292 -36.531506
vn 78.432050 -53.795479 -30.894358
vn 78.432050 -53.795479 -30.894358
vn 78.432050 -53.795479 -30.894358
vn 23.939616 -57.919201 77.924719
vn 23.939616 -57.919201 77.924719
vn 23.939616 -57.919201 77.924719
vn 91.929658 -25.817045 29.705528
vn 91.929658 -25.817045 29.705528
vn 91.929658 -25.817045 29.705528
vn -2.215286 35.015744 93.642889
vn -2.215286 35.015744 93.642889
vn -2.215286 35.015744 93.642889
vn -99.145469 -5.129664 11.994273
vn -99.145469 -5.129664 11.994273
vn -99.145469 -5.129664 11.994273
vn -1.307842 68.320499 -73.010949
vn -1.307842 68.320499 -73.010949
vn -1.307842 68.320499 -73.010949
vn 43.455116 -14.947286 -88.815720
vn 43.455116 -14.947286 -88.815720
vn 43.455116 -14.947286 -88.815720
vn -77.242827 43.482577 -46.290527
vn -77.242827 43.482577 -46.290527
vn -77.242827 43.482577 -46.290527
vn -72.272302 19.276528 -66.371155
vn -72.272302 19.276528 -66.371155
vn -72.272302 19.276528 -66.371155
vn 71.124182 -69.447843 -10.878832
vn 71.124182 -69.447843 -10.878832
vn 71.124182 -69.447843 -10.878832
vn 64.883591 19.822398 73.465583
vn 64.883591 19.822398 73.465583
vn 64.883591 19.822398 73.465583
vn 29.156068 40.081069 86.852931
vn 29.156068 40.081069 86.852931
vn 29.156068 40.081069 86.852931
vn 88.361975 -34.132950 -32.048456
vn 88.361975 -34.132950 -32.048456
vn 88.361975 -34.132950 -32.048456
vn -3.581666 -36.885557 -92.879639
vn -3.581666 -36.885557 -92.879639
vn -3.581666 -36.885557 -92.879639
vn -2.742312 48.935481 87.165361
vn -2.742312 48.935481 87.165361
vn -2.742312 48.935481 87.165361
vn 88.028774 -44.830955 -15.528093
vn 88.028774 -44.830955 -15.528093
vn 88.028774 -44.830955 -15.528093
vn 78.826336 -20.102792 -58.157427
vn 78.826336 -20.102792 -58.157427
vn 78.826336 -20.102792 -58.157427
vn -72.983365 66.289387 16.707672
vn -72.983365 66.289387 16.707672
vn -72.983365 66.289387 16.707672
vn 57.437361 62.354145 53.036886
vn 57.437361 62.354145 53.036886
vn 57.437361 62.354145 53.036886
vn 70.029085 -20.564842 -68.359458
vn 70.029085 -20.564842 -68.359458
vn 70.029085 -20.564842 -68.359458
vn -10.413636 -42.710671 89.818457
vn -10.413636 -42.710671 89.818457
vn -10.413636 -42.710671 89.818457
vn 34.051805 -25.848235 -90.401021
vn 34.051805 -25.848235 -90.401021
vn 34.051805 -25.848235 -90.401021
vn 12.997179 98.326130 12.768945
vn 12.997179 98.326130 12.768945
vn 12.997179 98.326130 12.768945
vn -18.460648 33.052512 92.556668
vn -18.460648 33.052512 92.556668
vn -18.460648 33.052512 92.556668
vn -71.787445 55.447560 42.096680
vn -71.787445 55.447560 42.096680
vn -71.787445 55.447560 42.096680
vn -3.248818 58.711293 80.885291
vn -3.248818 58.711293 80.885291
vn -3.248818 58.711293 80.885291
vn -80.941139 -54.065784 22.922127
vn -80.941139 -54.065784 22.922127
vn -80.941139 -54.065784 22.922127
vn -38.614870 18.691169 90.330132
vn -38.614870 18.691169 90.330132
vn -38.614870 18.691169 90.330132
vn 43.517647 -40.496246 -80.413127
vn 43.517647 -40.496246 -80.413127
vn 43.517647 -40.496246 -80.413127
vn 24.417732 30.541728 -92.037918
vn 24.417732 30.541728 -92.037918
vn 24.417732 30.541728 -92.037918
vn 86.228208 41.849195 -28.519133
vn 86.228208 41.849195 -28.519133
vn 86.228208 41.849195 -28.519133
vn 1.901690 -95.294160 -30.255691
vn 1.901690 -95.294160 -30.255691
vn 1.901690 -95.294160 -30.255691
vn 73.830591 -29.045122 60.872211
vn 73.830591 -29.045122 60.872211
vn 73.830591 -29.045122 60.872211
vn -71.627058 63.292149 -29.388232
vn -71.627058 63.292149 -29.388232
vn -71.627058 63.292149 -29.388232
vn 10.435301 88.947238 44.491502
vn 10.435301 88.947238 44.491502
vn 10.435301 88.947238 44.491502
vn 76.330787 -16.371505 62.494672
vn 76.330787 -16.371505 62.494672
vn 76.330787 -16.371505 62.494672
vn 5.912639 36.599318 -92.873739
vn 5.912639 36.599318 -92.873739
vn 5.912639 36.599318 -92.873739
vn 97.334202 16.337924 16.097350
vn 97.334202 16.337924 16.097350
vn 97.334202 16.337924 16.097350
vn 44.599546 32.792037 -83.280031
vn 44.599546 32.792037 -83.280031
vn 44.599546 32.792037 -83.280031
vn -67.633635 41.845321 -60.618977
vn -67.633635 41.845321 -60.618977
vn -67.633635 41.845321 -60.618977
vn -16.729464 87.381262 45.657856
vn -16.729464 87.381262 45.657856
vn -16.729464 87.381262 45.657856
vn 52.209993 -44.821019 -72.561648
vn 52.209993 -44.821019 -72.561648
vn 52.209993 -44.821019 -72.561648
vn 16.030227 93.816238 -30.684637
vn 16.030227 93.816238 -30.684637
vn 16.030227 93.816238 -30.684637
vn -81.365319 15.912139 55.915011
vn -81.365319 15.912139 55.915011
vn -81.365319 15.912139 55.915011
vn 37.673264 -40.967342 83.080699
vn 37.673264 -40.967342 83.080699
vn 37.673264 -40.967342 83.080699
vn 67.145046 -66.211495 33.280347
vn 67.145046 -66.211495 33.280347
vn 67.145046 -66.211495 33.280347
vn 91.060972 -27.496232 -30.852202
vn 91.060972 -27.496232 -30.852202
vn 91.060972 -27.496232 -30.852202
vn 26.486844 -70.896563 65.361492
vn 26.486844 -70.896563 65.361492
vn 26.486844 -70.896563 65.361492
vn -64.436285 -65.525344 -39.425813
vn -64.436285 -65.525344 -39.425813
vn -64.436285 -65.525344 -39.425813
vn 32.893455 -93.487560 -13.345351
vn 32.893455 -93.487560 -13.345351
vn 32.893455 -93.487560 -13.345351
vn 66.799637 -14.483699 72.993372
vn 66.799637 -14.483699 72.993372
vn 66.799637 -14.483699 72.993372
vn 90.148302 -22.931613 -36.707290
vn 90.148302 -22.931613 -36.707290
vn 90.148302 -22.931613 -36.707290
vn -29.048218 19.407987 93.699162
vn -29.048218 19.407987 93.699162
vn -29.048218 19.407987 93.699162
vn 91.256385 -24.696929 32.593469
vn 91.256385 -24.696929 32.593469
vn 91.256385 -24.696929 32.593469
vn 97.351327 -22.148595 5.670944
vn 97.351327 -22.148595 5.670944
vn 97.351327 -22.148595 5.670944
vn 93.145140 28.070570 23.152228
vn 93.145140 28.070570 23.152228
vn 93.145140 28.070570 23.152228
vn 74.058827 -55.676272 37.622386
vn 74.058827 -55.676272 37.622386
vn 74.058827 -55.676272 37.622386
vn -59.064175 74.104676 -31.936191
vn -59.064175 74.104676 -31.936191
vn -59.064175 74.104676 -31.936191
vn -55.090586 -10.588715 82.782288
vn -55.090586 -10.588715 82.782288
vn -55.090586 -10.588715 82.782288
vn -2.569834 43.589744 89.962943
vn -2.569834 43.589744 89.962943
vn -2.569834 43.589744 89.962943
vn -37.079399 14.155941 91.786323
vn -37.079399 14.155941 91.786323
vn -37.079399 14.155941 91.786323
vn 28.683651 19.078805 93.878902
vn 28.683651 19.078805 93.878902
vn 28.683651 19.078805 93.878902
vn -5.774111 98.905951 13.574781
vn -5.774111 98.905951 13.574781
vn -5.774111 98.905951 13.574781
vn -73.967524 3.292862 -67.215804
vn -73.967524 3.292862 -67.215804
vn -73.967524 3.292862 -67.215804
vn -53.088572 -37.404276 -76.042909
vn -53.088572 -37.404276 -76.042909
vn -53.088572 -37.404276 -76.042909
vn -22.620903 32.648372 -91.773532
vn -22.620903 32.648372 -91.773532
vn -22.620903 32.648372 -91.773532
vn 79.740480 -58.384112 15.256233
vn 79.740480 -58.384112 15.256233
vn 79.740480 -58.384112 15.256233
vn -46.549493 -72.450194 -50.834186
vn -46.549493 -72.450194 -50.834186
vn -46.549493 -72.450194 -50.834186
vn 70.534442 57.047776 42.076661
vn 70.534442 57.047776 42.076661
vn 70.534442 57.047776 42.076661
vn 81.151350 31.568236 49.172199
vn 81.151350 31.568236 49.172199
vn 81.151350 31.568236 49.172199
vn -56.255185 6.417467 82.426759
vn -56.255185 6.417467 82.426759
vn -56.255185 6.417467 82.426759
vn 22.647117 56.806145 -79.121242
vn 22.647117 56.806145 -79.121242
vn 22.647117 56.806145 -79.121242
vn -91.728024 3.155383 39.699029
vn -91.728024 3.155383 39.699029
vn -91.728024 3.155383 39.699029
vn 87.852749 -0.522391 47.766322
vn 87.852749 -0.522391 47.766322
vn 87.852749 -0.522391 47.766322
vn 47.168599 -4.134233 -88.079690
vn 47.168599 -4.134233 -88.079690
vn 47.168599 -4.134233 -88.079690
vn -90.387251 -2.104026 42.728420
vn -90.387251 -2.104026 42.728420
vn -90.387251 -2.104026 42.728420
vn 58.182679 -80.874036 -8.612119
vn 58.182679 -80.874036 -8.612119
vn 58.182679 -80.874036 -8.612119
vn -43.874756 -32.783330 -83.667554
vn -43.874756 -32.783330 -83.667554
vn -43.874756 -32.783330 -83.667554
vn -73.843772 0.748753 67.428022
vn -73.843772 0.748753 67.428022
vn -73.843772 0.748753 67.428022
vn 81.662288 -49.682142 -29.376143
vn 81.662288 -49.682142 -29.376143
vn 81.662288 -49.682142 -29.376143
vn 32.825126 -10.070233 -93.920728
vn 32.825126 -10.070233 -93.920728
vn 32.825126 -10.070233 -93.920728
vn 87.500803 -11.755178 46.961956
vn 87.500803 -11.755178 46.961956
vn 87.500803 -11.755178 46.961956
vn 78.646709 -5.040933 61.557174
vn 78.646709 -5.040933 61.557174
vn 78.646709 -5.040933 61.557174
vn 57.531952 42.730794 69.743503
vn 57.531952 42.730794 69.743503
vn 57.531952 42.730794 69.743503
vn 66.946736 -3.642908 74.194781
vn 66.946736 -3.642908 74.194781
vn 66.946736 -3.642908 74.194781
vn 94.898568 3.600092 -31.325741
vn 94.898568 3.600092 -31.325741
vn 94.898568 3.600092 -31.325741
vn 27.630177 -0.774351 -96.103982
vn 27.630177 -0.774351 -96.103982
vn 27.630177 -0.774351 -96.103982
vn 81.779085 -14.174251 55.778790
vn 81.779085 -14.174251 55.778790
vn 81.779085 -14.174251 55.778790
vn -98.972423 8.626747 11.403516
vn -98.972423 8.626747 11.403516
vn -98.972423 8.626747 11.403516
vn 6.905195 82.028093 56.777732
vn 6.905195 82.028093 56.777732
vn 6.905195 82.028093 56.777732
vn 73.027882 37.786467 56.913210
vn 73.027882 37.786467 56.913210
vn 73.027882 37.786467 56.913210
vn 87.451194 -28.701579 39.096144
vn 87.451194 -28.701579 39.096144
vn 87.451194 -28.701579 39.096144
vn 56.319845 82.580246 2.928842
vn 56.319845 82.580246 2.928842
vn 56.319845 82.580246 2.928842
vn 97.056718 23.234247 6.337419
vn 97.056718 23.234247 6.337419
vn 97.056718 23.234247 6.337419
vn 99.080548 -12.176281 5.897814
vn 99.080548 -12.176281 5.897814
vn 99.080548 -12.176281 5.897814
vn -21.024384 64.585450 -73.394105
vn -21.024384 64.585450 -73.394105
vn -21.024384 64.585450 -73.394105
vn -57.079168 -81.725510 7.931679
vn -57.079168 -81.725510 7.931679
vn -57.079168 -81.725510 7.931679
vn 87.375674 -43.276262 22.195891
vn 87.375674 -43.276262 22.195891
vn 87.375674 -43.276262 22.195891
vn 84.587439 40.470804 34.743083
vn 84.587439 40.470804 34.743083
vn 84.587439 40.470804 34.743083
vn 52.466797 -81.931989 -23.116776
vn 52.466797 -81.931989 -23.116776
vn 52.466797 -81.931989 -23.116776
vn 83.987759 53.539690 -8.919556
vn 83.987759 53.539690 -8.919556
vn 83.987759 53.539690 -8.919556
vn 32.685130 -79.933927 50.420722
vn 32.685130 -79.933927 50.420722
vn 32.685130 -79.933927 50.420722
vn -82.154139 27.557864 49.912539
vn -82.154139 27.557864 49.912539
vn -82.154139 27.557864 49.912539
vn 9.924146 -88.190268 46.086755
vn 9.924146 -88.190268 46.086755
vn 9.924146 -88.190268 46.086755
vn 54.511111 64.671093 -53.349686
vn 54.511111 64.671093 -53.349686
vn 54.511111 64.671093 -53.349686
vn 82.333539 5.628459 -56.475730
vn 82.333539 5.628459 -56.475730
vn 82.333539 5.628459 -56.475730
vn -26.916205 56.334884 78.114654
vn -26.916205 56.334884 78.114654
vn -26.916205 56.334884 78.114654
vn -17.281823 21.091145 -96.210718
vn -17.281823 21.091145 -96.210718
vn -17.281823 21.091145 -96.210718
vn 74.979080 41.980029 -51.145042
vn 74.979080 41.980029 -51.145042
vn 74.979080 41.980029 -51.145042
vn 3.270577 59.710870 -80.149335
vn 3.270577 59.710870 -80.149335
vn 3.270577 59.710870 -80.149335
vn 88.330486 35.019203 -31.167019
vn 88.330486 35.019203 -31.167019
vn 88.330486 35.019203 -31.167019
vn -53.915265 -53.822926 -64.778383
vn -53.915265 -53.822926 -64.778383
vn -53.915265 -53.822926 -64.778383
vn 68.907940 -66.502628 28.794040
vn 68.907940 -66.502628 28.794040
vn 68.907940 -66.502628 28.794040
vn 99.719933 -4.644128 -5.862421
vn 99.719933 -4.644128 -5.862421
vn 99.719933 -4.644128 -5.862421
vn 68.246577 22.311966 69.603029
vn 68.246577 22.311966 69.603029
vn 68.246577 22.311966 69.603029
vn -24.292088 44.558489 -86.165163
vn -24.292088 44.558489 -86.165163
vn -24.292088 44.558489 -86.165163
vn -65.327352 75.619863 3.738412
vn -65.327352 75.619863 3.738412
vn -65.327352 75.619863 3.738412
vn 72.722473 67.561461 -12.119924
vn 72.722473 67.561461 -12.119924
vn 72.722473 67.561461 -12.119924
vn 94.737537 27.014795 17.175602
vn 94.737537 27.014795 17.175602
vn 94.737537 27.014795 17.175602
vn 84.748640 26.399867 46.051217
vn 84.748640 26.399867 46.051217
vn 84.748640 26.399867 46.051217
vn 34.372908 55.029098 76.094035
vn 34.372908 55.029098 76.094035
vn 34.372908 55.029098 76.094035
vn -41.099862 -35.227946 -84.082074
vn -41.099862 -35.227946 -84.082074
vn -41.099862 -35.227946 -84.082074
vn 28.704876 -37.299495 -88.231398
vn 28.704876 -37.299495 -88.231398
vn 28.704876 -37.299495 -88.231398
vn -64.992063 -69.008989 31.840095
vn -64.992063 -69.008989 31.840095
vn -64.992063 -69.008989 31.840095
vn 26.176115 -39.554744 -88.035421
vn 26.176115 -39.554744 -88.035421
vn 26.176115 -39.554744 -88.035421
vn 95.277974 6.263953 -29.713158
vn 95.277974 6.263953 -29.713158
vn 95.277974 6.263953 -29.713158
vn -18.543341 7.667357 97.966109
vn -18.543341 7.667357 97.966109
vn -18.543341 7.667357 97.966109
vn -86.223870 5.911077 50.304099
vn -86.223870 5.911077 50.304099
vn -86.223870 5.911077 50.304099
vn -91.697592 16.810971 36.179308
vn -91.697592 16.810971 36.179308
vn -91.697592 16.810971 36.179308
vn 96.069671 -27.756101 -0.467111
vn 96.069671 -27.756101 -0.467111
vn 96.069671 -27.756101 -0.467111
vn 72.235767 54.175351 42.977049
vn 72.235767 54.175351 42.977049
vn 72.235767 54.175351 42.977049
vn 46.646582 -2.306449 88.423859
vn 46.646582 -2.306449 88.423859
vn 46.646582 -2.306449 88.423859
vn 12.517268 15.676284 -97.967209
vn 12.517268 15.676284 -97.967209
vn 12.517268 15.676284 -97.967209
vn 96.690675 -23.557376 -9.796141
vn 96.690675 -23.557376 -9.796141
vn 96.690675 -23.557376 -9.796141
vn -76.333500 10.466311 63.746801
vn -76.333500 10.466311 63.746801
vn -76.333500 10.466311 63.746801
vn -15.775436 -88.162141 44.481154
vn -15.775436 -88.162141 44.481154
vn -15.775436 -88.162141 44.481154
vn 72.399036 -44.125726 -53.021696
vn 72.399036 -44.125726 -53.021696
vn 72.399036 -44.125726 -53.021696
vn 82.497323 -13.589265 -54.859135
vn 82.497323 -13.589265 -54.859135
vn 82.497323 -13.589265 -54.859135
vn 85.831773 -13.377936 -49.537243
vn 85.831773 -13.377936 -49.537243
vn 85.831773 -13.377936 -49.537243
vn 88.228090 -35.280251 31.162612
vn 88.228090 -35.280251 31.162612
vn 88.228090 -35.280251 31.162612
vn 39.527273 40.165804 82.609353
vn 39.527273 40.165804 82.609353
vn 39.527273 40.165804 82.609353
vn 88.940230 -19.423431 -41.380766
vn 88.940230 -19.423431 -41.380766
vn 88.940230 -19.423431 -41.380766
vn -56.441185 -82.521935 2.127170
vn -56.441185 -82.521935 2.127170
vn -56.441185 -82.521935 2.127170
vn 24.733408 8.562510 96.513949
vn 24.733408 8.562510 96.513949
vn 24.733408 8.562510 96.513949
vn -94.048527 -29.172952 -17.430271
vn -94.048527 -29.172952 -17.430271
vn -94.048527 -29.172952 -17.430271
vn 63.800264 59.921045 -48.363156
vn 63.800264 59.921045 -48.363156
vn 63.800264 59.921045 -48.363156
vn 13.791298 21.674629 -96.643733
vn 13.791298 21.674629 -96.643733
vn 13.791298 21.674629 -96.643733
vn -1.419684 98.212284 18.770523
vn -1.419684 98.212284 18.770523
vn -1.419684 98.212284 18.770523
vn 50.530376 67.905796 -53.249268
vn 50.530376 67.905796 -53.249268
vn 50.530376 67.905796 -53.249268
vn -20.715589 97.541403 7.519244
vn -20.715589 97.541403 7.519244
vn -20.715589 97.541403 7.519244
vn -27.113443 -96.152312 4.426524
vn -27.113443 -96.152312 4.426524
vn -27.113443 -96.152312 4.426524
vn -59.220329 -55.566967 58.354643
vn -59.220329 -55.566967 58.354643
vn -59.220329 -55.566967 58.354643
vn 30.476031 9.754966 94.742030
vn 30.476031 9.754966 94.742030
vn 30.476031 9.754966 94.742030
vn -87.890520 -11.501526 46.292261
vn -87.890520 -11.501526 46.292261
vn -87.890520 -11.501526 46.292261
vn -1.867167 -62.733916 77.852237
vn -1.867167 -62.733916 77.852237
vn -1.867167 -62.733916 77.852237
vn -20.065966 25.244116 -94.657764
vn -20.065966 25.244116 -94.657764
vn -20.065966 25.244116 -94.657764
vn 86.715186 0.341209 49.803216
vn 86.715186 0.341209 49.803216
vn 86.715186 0.341209 49.803216
vn -88.475226 38.999412 25.518266
vn -88.475226 38.999412 25.518266
vn -88.475226 38.999412 25.518266
vn 59.469421 -24.758852 -76.487830
vn 59.469421 -24.758852 -76.487830
vn 59.469421 -24.758852 -76.487830
vn 34.222565 -14.170789 92.887061
vn 34.222565 -14.170789 92.887061
vn 34.222565 -14.170789 92.887061
vn -71.268524 -70.139476 1.119073
vn -71.268524 -70.139476 1.119073
vn -71.268524 -70.139476 1.119073
vn 78.240581 17.789619 -59.682002
vn 78.240581 17.789619 -59.682002
vn 78.240581 17.789619 -59.682002
vn 36.600199 -82.895595 -42.293573
vn 36.600199 -82.895595 -42.293573
vn 36.600199 -82.895595 -42.293573
vn -83.829826 -44.042690 32.137248
vn -83.829826 -44.042690 32.137248
vn -83.829826 -44.042690 32.137248
vn 49.421552 -28.653122 -82.076249
vn 49.421552 -28.653122 -82.076249
vn 49.421552 -28.653122 -82.076249
vn 29.268047 -49.395321 -81.874813
vn 29.268047 -49.395321 -81.874813
vn 29.268047 -49.395321 -81.874813
vn 31.056830 -12.552009 94.222724
vn 31.056830 -12.552009 94.222724
vn 31.056830 -12.552009 94.222724
vn -79.870407 43.271654 -41.812458
vn -79.870407 43.271654 -41.812458
vn -79.870407 43.271654 -41.812458
vn 49.918131 -82.087850 -27.744664
vn 49.918131 -82.087850 -27.744664
vn 49.918131 -82.087850 -27.744664
vn -55.886565 82.921754 -0.821528
vn -55.886565 82.921754 -0.821528
vn -55.886565 82.921754 -0.821528
vn -9.084275 -95.784091 27.255906
vn -9.084275 -95.784091 27.255906
vn -9.084275 -95.784091 27.255906
vn -43.913223 13.606959 88.805863
vn -43.913223 13.606959 88.805863
vn -43.913223 13.606959 88.805863
vn 63.437188 -29.295527 71.536668
vn 63.437188 -29.295527 71.536668
vn 63.437188 -29.295527 71.536668
vn 15.952366 -97.504668 15.438970
vn 15.952366 -97.504668 15.438970
vn 15.952366 -97.504668 15.438970
vn -28.851296 -8.665843 -95.354634
vn -28.851296 -8.665843 -95.354634
vn -28.851296 -8.665843 -95.354634
vn 26.624285 -45.833382 84.796520
vn 26.624285 -45.833382 84.796520
vn 26.624285 -45.833382 84.796520
vn -7.097127 28.148186 95.693837
vn -7.097127 28.148186 95.693837
vn -7.097127 28.148186 95.693837
vn 67.470239 27.318961 -68.567067
vn 67.470239 27.318961 -68.567067
vn 67.470239 27.318961 -68.567067
vn -11.385121 -5.548960 -99.194707
vn -11.385121 -5.548960 -99.194707
vn -11.385121 -5.548960 -99.194707
vn 98.641211 -16.187607 -2.806063
vn 98.641211 -16.187607 -2.806063
vn 98.641211 -16.187607 -2.806063
vn 42.650892 -66.804404 -60.976011
vn 42.650892 -66.804404 -60.976011
vn 42.650892 -66.804404 -60.976011
vn -94.616572 27.467668 -17.124015
vn -94.616572 27.467668 -17.124015
vn -94.616572 27.467668 -17.124015
vn 97.402286 6.113262 -21.804216
vn 97.402286 6.113262 -21.804216
vn 97.402286 6.113262 -21.804216
vn -50.379861 31.305843 -80.509717
vn -50.379861 31.305843 -80.509717
vn -50.379861 31.305843 -80.509717
vn 98.593228 4.779933 -16.016497
vn 98.593228 4.779933 -16.016497
vn 98.593228 4.779933 -16.016497
vn 72.628444 -52.374660 -44.519703
vn 72.628444 -52.374660 -44.519703
vn 72.628444 -52.374660 -44.519703
vn -57.721023 71.341029 -39.733394
vn -57.721023 71.341029 -39.733394
vn -57.721023 71.341029 -39.733394
vn -25.855907 -29.105127 -92.110607
vn -25.855907 -29.105127 -92.110607
vn -25.855907 -29.105127 -92.110607
vn 40.012931 70.359430 58.724066
vn 40.012931 70.359430 58.724066
vn 40.012931 70.359430 58.724066
vn -33.182791 -84.560265 -41.814664
vn -33.182791 -84.560265 -41.814664
vn -33.182791 -84.560265 -41.814664
vn -72.664205 43.013265 -53.570254
vn -72.664205 43.013265 -53.570254
vn -72.664205 43.013265 -53.570254
vn -96.826965 8.081533 -23.648045
vn -96.826965 8.081533 -23.648045
vn -96.826965 8.081533 -23.648045
vn 57.562245 -76.510355 28.857502
vn 57.562245 -76.510355 28.857502
vn 57.562245 -76.510355 28.857502
vn -60.118922 25.850407 75.613970
vn -60.118922 25.850407 75.613970
vn -60.118922 25.850407 75.613970
vn 63.876227 -23.585910 -73.236147
vn 63.876227 -23.585910 -73.236147
vn 63.876227 -23.585910 -73.236147
vn -46.263262 -50.133919 73.118412
vn -46.263262 -50.133919 73.118412
vn -46.263262 -50.133919 73.118412
vn 27.601483 -4.141677 -96.026070
vn 27.601483 -4.141677 -96.026070
vn 27.601483 -4.141677 -96.026070
vn -11.741863 95.648057 26.712891
vn -11.741863 95.648057 26.712891
vn -11.741863 95.648057 26.712891
vn -99.555231 -5.954104 -7.301119
vn -99.555231 -5.954104 -7.301119
vn -99.555231 -5.954104 -7.301119
vn 44.358019 -88.827454 -11.918541
vn 44.358019 -88.827454 -11.918541
vn 44.358019 -88.827454 -11.918541
vn -39.005819 11.430110 -91.366835
vn -39.005819 11.430110 -91.366835
vn -39.005819 11.430110 -91.366835
vn -7.422223 12.001511 -98.999371
vn -7.422223 12.001511 -98.999371
vn -7.422223 12.001511 -98.999371
vn 0.573681 -94.386066 -33.029395
vn 0.573681 -94.386066 -33.029395
vn 0.573681 -94.386066 -33.029395
vn -52.212967 54.122182 -65.913559
vn -52.212967 54.122182 -65.913559
vn -52.212967 54.122182 -65.913559
vn 84.612657 -20.375628 -49.249705
vn 84.612657 -20.375628 -49.249705
vn 84.612657 -20.375628 -49.249705
vn -58.267384 30.000079 75.530843
vn -58.267384 30.000079 75.530843
vn -58.267384 30.000079 75.530843
vn -71.012235 30.494675 63.461324
vn -71.012235 30.494675 63.461324
vn -71.012235 30.494675 63.461324
vn 86.453864 -25.929143 -43.051255
vn 86.453864 -25.929143 -43.051255
vn 86.453864 -25.929143 -43.051255
vn 2.664452 -83.631627 54.759951
vn 2.664452 -83.631627 54.759951
vn 2.664452 -83.631627 54.759951
vn -10.296437 -46.356013 -88.006273
vn -10.296437 -46.356013 -88.006273
vn -10.296437 -46.356013 -88.006273
vn 91.319966 18.080054 36.520884
vn 91.319966 18.080054 36.520884
vn 91.319966 18.080054 36.520884
vn -71.439608 -15.674588 68.195979
vn -71.439608 -15.674588 68.195979
vn -71.439608 -15.674588 68.195979
vn 39.569631 -55.127689 73.451907
vn 39.569631 -55.127689 73.451907
vn 39.569631 -55.127689 73.451907
vn 29.375959 -1.405865 -95.577599
vn 29.375959 -1.405865 -95.577599
vn 29.375959 -1.405865 -95.577599
vn -80.484121 13.758295 57.732281
vn -80.484121 13.758295 57.732281
vn -80.484121 13.758295 57.732281
vn -10.644948 -56.137709 82.068527
vn -10.644948 -56.137709 82.068527
vn -10.644948 -56.137709 82.068527
vn -84.662080 49.746550 18.910684
vn -84.662080 49.746550 18.910684
vn -84.662080 49.746550 18.910684
vn 83.318000 -54.768006 -7.653529
vn 83.318000 -54.768006 -7.653529
vn 83.318000 -54.768006 -7.653529
vn -97.962596 -5.102764 19.424003
vn -97.962596 -5.102764 19.424003
vn -97.962596 -5.102764 19.424003
vn -67.464812 24.830636 69.512157
vn -67.464812 24.830636 69.512157
vn -67.464812 24.830636 69.512157
vn -98.894012 -12.300011 8.287647
vn -98.894012 -12.300011 8.287647
vn -98.894012 -12.300011 8.287647
vn -72.573680 66.090283 -19.108543
vn -72.573680 66.090283 -19.108543
vn -72.573680 66.090283 -19.108543
vn 18.965847 64.062002 74.406697
vn 18.965847 64.062002 74.406697
vn 18.965847 64.062002 74.406697
vn 49.402687 -7.332222 -86.634950
vn 49.402687 -7.332222 -86.634950
vn 49.402687 -7.332222 -86.634950
vn 39.585816 -4.490011 -91.721345
vn 39.585816 -4.490011 -91.721345
vn 39.585816 -4.490011 -91.721345
vn 94.212244 -3.871172 33.302657
vn 94.212244 -3.871172 33.302657
vn 94.212244 -3.871172 33.302657
vn 84.272076 -4.699185 53.629611
vn 84.272076 -4.699185 53.629611
vn 84.272076 -4.699185 53.629611
vn 53.016954 -84.553967 -6.311009
vn 53.016954 -84.553967 -6.311009
vn 53.016954 -84.553967 -6.311009
vn -87.224588 -19.252361 -44.957961
vn -87.224588 -19.252361 -44.957961
vn -87.224588 -19.252361 -44.957961
vn -7.948148 -75.348870 65.263874
vn -7.948148 -75.348870 65.263874
vn -7.948148 -75.348870 65.263874
vn -22.052150 62.768544 74.657975
vn -22.052150 62.768544 74.657975
vn -22.052150 62.768544 74.657975
vn 76.229908 -21.383750 -61.087938
vn 76.229908 -21.383750 -61.087938
vn 76.229908 -21.383750 -61.087938
vn -88.438670 -43.876210 -15.921082
vn -88.438670 -43.876210 -15.921082
vn -88.438670 -43.876210 -15.921082
vn 3.227676 -92.796106 -37.127687
vn 3.227676 -92.796106 -37.127687
vn 3.227676 -92.796106 -37.127687
vn 40.488446 -7.614246 -91.119205
vn 40.488446 -7.614246 -91.119205
vn 40.488446 -7.614246 -91.119205
vn 50.768359 68.365920 -52.427813
vn 50.768359 68.365920 -52.427813
vn 50.768359 68.365920 -52.427813
vn -68.908792 -35.011534 -63.448973
vn -68.908792 -35.011534 -63.448973
vn -68.908792 -35.011534 -63.448973
vn 90.319806 -30.307064 -30.394343
vn 90.319806 -30.307064 -30.394343
vn 90.319806 -30.307064 -30.394343
vn -27.947140 49.886410 82.038428
vn -27.947140 49.886410 82.038428
vn -27.947140 49.886410 82.038428
vn -98.747950 2.597827 15.559443
vn -98.747950 2.597827 15.559443
vn -98.747950 2.597827 15.559443
vn -55.254117 51.777180 -65.315440
vn -55.254117 51.777180 -65.315440
vn -55.254117 51.777180 -65.315440
vn -8.114940 -46.451408 -88.183982
vn -8.114940 -46.451408 -88.183982
vn -8.114940 -46.451408 -88.183982
vn -10.066471 -99.213559 7.438807
vn -10.066471 -99.213559 7.438807
vn -10.066471 -99.213559 7.438807
vn -90.426573 26.919986 33.141362
vn -90.426573 26.919986 33.141362
vn -90.426573 26.919986 33.141362
vn 34.061097 59.157387 73.076982
vn 34.061097 59.157387 73.076982
vn 34.061097 59.157387 73.076982
vn -29.467483 50.382956 -81.198687
vn -29.467483 50.382956 -81.198687
vn -29.467483 50.382956 -81.198687
vn 16.305705 96.697485 -19.588817
vn 16.305705 96.697485 -19.588817
vn 16.305705 96.697485 -19.588817
vn 93.265305 -2.981624 35.954058
vn 93.265305 -2.981624 35.954058
vn 93.265305 -2.981624 35.954058
vn -71.536687 -29.644279 -63.274961
vn -71.536687 -29.644279 -63.274961
vn -71.536687 -29.644279 -63.274961
vn 84.152629 -53.749988 -5.410589
vn 84.152629 -53.749988 -5.410589
vn 84.152629 -53.749988 -5.410589
vn 28.464281 -23.770914 -92.869420
vn 28.464281 -23.770914 -92.869420
vn 28.464281 -23.770914 -92.869420
vn -68.466373 -50.190131 -52.851752
vn -68.466373 -50.190131 -52.851752
vn -68.466373 -50.190131 -52.851752
vn 57.446985 -11.135978 81.091525
vn 57.446985 -11.135978 81.091525
vn 57.446985 -11.135978 81.091525
vn -49.440659 86.520152 8.359733
vn -49.440659 86.520152 8.359733
vn -49.440659 86.520152 8.359733
vn 86.141588 37.676920 -34.059918
vn 86.141588 37.676920 -34.059918
vn 86.141588 37.676920 -34.059918
vn -27.221056 24.205471 -93.129544
vn -27.221056 24.205471 -93.129544
vn -27.221056 24.205471 -93.129544
vn -36.961534 -79.077068 -48.792047
vn -36.961534 -79.077068 -48.792047
vn -36.961534 -79.077068 -48.792047
vn 38.307010 -86.308670 -32.914855
vn 38.307010 -86.308670 -32.914855
vn 38.307010 -86.308670 -32.914855
vn -89.110084 14.743300 -42.918875
vn -89.110084 14.743300 -42.918875
vn -89.110084 14.743300 -42.918875
vn -39.554347 35.865019 84.552672
vn -39.554347 35.865019 84.552672
vn -39.554347 35.865019 84.552672
vn 95.064358 -27.828285 -13.724305
vn 95.064358 -27.828285 -13.724305
vn 95.064358 -27.828285 -13.724305
vn -55.936125 -12.204393 81.989039
vn -55.936125 -12.204393 81.989039
vn -55.936125 -12.204393 81.989039
vn -83.066991 7.441573 55.176980
vn -83.066991 7.441573 55.176980
vn -83.066991 7.441573 55.176980
vn -72.701082 -68.043694 -9.198361
vn -72.701082 -68.043694 -9.198361
vn -72.701082 -68.043694 -9.198361
vn 82.732956 38.614447 40.794394
vn 82.732956 38.614447 40.794394
vn 82.732956 38.614447 40.794394
vn 72.809101 67.475721 12.077398
vn 72.809101 67.475721 12.077398
vn 72.809101 67.475721 12.077398
vn -96.507271 -1.191078 26.171135
vn -96.507271 -1.191078 26.171135
vn -96.507271 -1.191078 26.171135
vn 63.295763 35.840739 68.622807
vn 63.295763 35.840739 68.622807
vn 63.295763 35.840739 68.622807
vn 61.203740 -51.134014 -60.327577
vn 61.203740 -51.134014 -60.327577
vn 61.203740 -51.134014 -60.327577
vn 77.968337 -48.009139 40.200264
vn 77.968337 -48.009139 40.200264
vn 77.968337 -48.009139 40.200264
vn 79.274201 -52.519628 30.940100
vn 79.274201 -52.519628 30.940100
vn 79.274201 -52.519628 30.940100
vn 26.966937 -33.595585 -90.244796
vn 26.966937 -33.595585 -90.244796
vn 26.966937 -33.595585 -90.244796
vn -50.708747 -29.915395 80.831257
vn -50.708747 -29.915395 80.831257
vn -50.708747 -29.915395 80.831257
vn -93.216554 28.615230 -22.177541
vn -93.216554 28.615230 -22.177541
vn -93.216554 28.615230 -22.177541
vn -91.433971 22.337854 -33.776475
vn -91.433971 22.337854 -33.776475
vn -91.433971 22.337854 -33.776475
vn -89.686369 39.580300 -19.742254
vn -89.686369 39.580300 -19.742254
vn -89.686369 39.580300 -19.742254
vn -32.867515 -5.963275 94.255862
vn -32.867515 -5.963275 94.255862
vn -32.867515 -5.963275 94.255862
vn 74.001552 37.328819 55.949365
vn 74.001552 37.328819 55.949365
vn 74.001552 37.328819 55.949365
vn -78.171629 0.771266 62.358664
vn -78.171629 0.771266 62.358664
vn -78.171629 0.771266 62.358664
vn 60.264602 63.300506 48.592432
vn 60.264602 63.300506 48.592432
vn 60.264602 63.300506 48.592432
vn 96.297863 -25.069431 -9.911916
vn 96.297863 -25.069431 -9.911916
vn 96.297863 -25.069431 -9.911916
vn 61.227534 77.299353 16.613209
vn 61.227534 77.299353 16.613209
vn 61.227534 77.299353 16.613209
vn 18.175368 -98.192780 5.275898
vn 18.175368 -98.192780 5.275898
vn 18.175368 -98.192780 5.275898
vn -96.061950 -2.935230 27.631272
vn -96.061950 -2.935230 27.631272
vn -96.061950 -2.935230 27.631272
vn -63.359301 64.753213 -42.339353
vn -63.359301 64.753213 -42.339353
vn -63.359301 64.753213 -42.339353
vn -95.680274 28.786141 4.079762
vn -95.680274 28.786141 4.079762
vn -95.680274 28.786141 4.079762
vn 75.717377 -56.626158 -32.563140
vn 75.717377 -56.626158 -32.563140
vn 75.717377 -56.626158 -32.563140
vn 65.064127 -75.539706 -7.772556
vn 65.064127 -75.539706 -7.772556
vn 65.064127 -75.539706 -7.772556
vn 97.075129 9.945419 21.851950
vn 97.075129 9.945419 21.851950
vn 97.075129 9.945419 21.851950
vn 57.185343 13.164957 80.972345
vn 57.185343 13.164957 80.972345
vn 57.185343 13.164957 80.972345
vn -98.257674 9.547010 15.946313
vn -98.257674 9.547010 15.946313
vn -98.257674 9.547010 15.946313
vn 67.186675 62.833056 39.216803
vn 67.186675 62.833056 39.216803
vn 67.186675 62.833056 39.216803
vn 79.376041 36.140461 -48.921488
vn 79.376041 36.140461 -48.921488
vn 79.376041 36.140461 -48.921488
vn -27.097143 -17.351737 -94.681912
vn -27.097143 -17.351737 -94.681912
vn -27.097143 -17.351737 -94.681912
vn -95.823567 18.247350 -22.019988
vn -95.823567 18.247350 -22.019988
vn -95.823567 18.247350 -22.019988
vn -70.812712 -12.079325 69.567606
vn -70.812712 -12.079325 69.567606
vn -70.812712 -12.079325 69.567606
vn -92.709171 33.911705 -15.968967
vn -92.709171 33.911705 -15.968967
vn -92.709171 33.911705 -15.968967
vn -21.183104 93.758772 -27.578418
vn -21.183104 93.758772 -27.578418
vn -21.183104 93.758772 -27.578418
vn 6.761368 70.171776 70.923942
vn 6.761368 70.171776 70.923942
vn 6.761368 70.171776 70.923942
vn -94.221990 -30.342117 -14.197702
vn -94.221990 -30.342117 -14.197702
vn -94.221990 -30.342117 -14.197702
vn 72.314376 -64.235268 -25.386252
vn 72.314376 -64.235268 -25.386252
vn 72.314376 -64.235268 -25.386252
vn 15.731059 -5.095071 98.623402
vn 15.731059 -5.095071 98.623402
vn 15.731059 -5.095071 98.623402
vn -92.424588 -1.919371 38.131524
vn -92.424588 -1.919371 38.131524
vn -92.424588 -1.919371 38.131524
vn -67.489896 29.659520 -67.567947
vn -67.489896 29.659520 -67.567947
vn -67.489896 29.659520 -67.567947
vn -69.364929 -6.994304 -71.690914
vn -69.364929 -6.994304 -71.690914
vn -69.364929 -6.994304 -71.690914
vn 93.012817 -36.255377 5.844916
vn 93.012817 -36.255377 5.844916
vn 93.012817 -36.255377 5.844916
vn 68.581760 -54.865556 -47.815410
vn 68.581760 -54.865556 -47.815410
vn 68.581760 -54.865556 -47.815410
vn -25.902698 -44.387527 85.783436
vn -25.902698 -44.387527 85.783436
vn -25.902698 -44.387527 85.783436
vn 8.340497 -4.180253 -99.563866
vn 8.340497 -4.180253 -99.563866
vn 8.340497 -4.180253 -99.563866
vn 45.399776 -69.667077 -55.546012
vn 45.399776 -69.667077 -55.546012
vn 45.399776 -69.667077 -55.546012
vn 89.181694 -19.068073 41.024799
vn 89.181694 -19.068073 41.024799
vn 89.181694 -19.068073 41.024799
vn -97.283091 15.897210 16.830929
vn -97.283091 15.897210 16.830929
vn -97.283091 15.897210 16.830929
vn 48.264406 -63.099820 -60.736806
vn 48.264406 -63.099820 -60.736806
vn 48.264406 -63.099820 -60.736806
vn -90.204793 23.625033 -36.124139
vn -90.204793 23.625033 -36.124139
vn -90.204793 23.625033 -36.124139
vn 69.064491 62.246004 36.817566
vn 69.064491 62.246004 36.817566
vn 69.064491 62.246004 36.817566
vn -16.632383 -12.333832 97.832722
vn -16.632383 -12.333832 97.832722
vn -16.632383 -12.333832 97.832722
vn -22.843044 -89.140739 -39.142354
vn -22.843044 -89.140739 -39.142354
vn -22.843044 -89.140739 -39.142354
vn 80.864177 -9.913067 -57.988940
vn 80.864177 -9.913067 -57.988940
vn 80.864177 -9.913067 -57.988940
vn -86.699584 -36.935260 33.450994
vn -86.699584 -36.935260 33.450994
vn -86.699584 -36.935260 33.450994
vn 84.393208 -42.325317 32.959895
vn 84.393208 -42.325317 32.959895
vn 84.393208 -42.325317 32.959895
vn -26.417458 -68.820682 -67.570945
vn -26.417458 -68.820682 -67.570945
vn -26.417458 -68.820682 -67.570945
vn 55.477540 -28.489061 78.170436
vn 55.477540 -28.489061 78.170436
vn 55.477540 -28.489061 78.170436
vn -97.693764 -10.260800 18.725515
vn -97.693764 -10.260800 18.725515
vn -97.693764 -10.260800 18.725515
vn -0.689483 88.518392 -46.519038
vn -0.689483 88.518392 -46.519038
vn -0.689483 88.518392 -46.519038
vn -56.770972 26.545945 77.925413
vn -56.770972 26.545945 77.925413
vn -56.770972 26.545945 77.925413
vn 72.096837 29.692671 -62.613037
vn 72.096837 29.692671 -62.613037
vn 72.096837 29.692671 -62.613037
vn 14.595321 22.380433 -96.364376
vn 14.595321 22.380433 -96.364376
vn 14.595321 22.380433 -96.364376
vn 2.458215 58.994386 -80.706998
vn 2.458215 58.994386 -80.706998
vn 2.458215 58.994386 -80.706998
vn -9.477797 -88.045176 -46.456645
vn -9.477797 -88.045176 -46.456645
vn -9.477797 -88.045176 -46.456645
vn 57.018824 -51.903516 -63.677938
vn 57.018824 -51.903516 -63.677938
vn 57.018824 -51.903516 -63.677938
vn 13.634549 84.243234 52.126562
vn 13.634549 84.243234 52.126562
vn 13.634549 84.243234 52.126562
vn -6.267536 36.568078 92.862768
vn -6.267536 36.568078 92.862768
vn -6.267536 36.568078 92.862768
vn -73.280823 22.169606 64.330632
vn -73.280823 22.169606 64.330632
vn -73.280823 22.169606 64.330632
vn 88.451648 3.877864 -46.489448
vn 88.451648 3.877864 -46.489448
vn 88.451648 3.877864 -46.489448
vn -67.804956 51.018061 -52.911662
vn -67.804956 51.018061 -52.911662
vn -67.804956 51.018061 -52.911662
vn 2.420638 -85.881768 51.170932
vn 2.420638 -85.881768 51.170932
vn 2.420638 -85.881768 51.170932
vn 91.653306 -32.658307 -23.089137
vn 91.653306 -32.658307 -23.089137
vn 91.653306 -32.658307 -23.089137
vn 43.249357 -31.991233 84.297410
vn 43.249357 -31.991233 84.297410
vn 43.249357 -31.991233 84.297410
vn -24.724016 93.405680 -25.770166
vn -24.724016 93.405680 -25.770166
vn -24.724016 93.405680 -25.770166
vn 31.554659 -41.440497 -85.363867
vn 31.554659 -41.440497 -85.363867
vn 31.554659 -41.440497 -85.363867
vn -74.648087 -23.555308 -62.231923
vn -74.648087 -23.555308 -62.231923
vn -74.648087 -23.555308 -62.231923
vn -47.672152 35.400765 -80.462118
vn -47.672152 35.400765 -80.462118
vn -47.672152 35.400765 -80.462118
vn -21.102397 -92.480745 -31.654417
vn -21.102397 -92.480745 -31.654417
vn -21.102397 -92.480745 -31.654417
vn 98.933390 -3.915233 -14.030512
vn 98.933390 -3.915233 -14.030512
vn 98.933390 -3.915233 -14.030512
vn -65.603318 75.134955 -7.137614
vn -65.603318 75.134955 -7.137614
vn -65.603318 75.134955 -7.137614
vn 83.466500 13.105635 53.493811
vn 83.466500 13.105635 53.493811
vn 83.466500 13.105635 53.493811
vn 5.471145 42.948163 -90.141680
vn 5.471145 42.948163 -90.141680
vn 5.471145 42.948163 -90.141680
vn -88.446461 45.210350 11.543293
vn -88.446461 45.210350 11.543293
vn -88.446461 45.210350 11.543293
vn -93.946161 -24.552742 -23.901539
vn -93.946161 -24.552742 -23.901539
vn -93.946161 -24.552742 -23.901539
vn -22.003374 -90.818085 -35.607982
vn -22.003374 -90.818085 -35.607982
vn -22.003374 -90.818085 -35.607982
vn 83.611081 48.108636 -26.358076
vn 83.611081 48.108636 -26.358076
vn 83.611081 48.108636 -26.358076
vn 38.329213 -92.351149 1.462108
vn 38.329213 -92.351149 1.462108
vn 38.329213 -92.351149 1.462108
vn -79.042987 53.442695 -29.934672
vn -79.042987 53.442695 -29.934672
vn -79.042987 53.442695 -29.934672
vn -29.522982 -73.914811 -60.539199
vn -29.522982 -73.914811 -60.539199
vn -29.522982 -73.914811 -60.539199
vn -53.157497 35.212839 77.034655
vn -53.157497 35.212839 77.034655
vn -53.157497 35.212839 77.034655
vn -68.741449 43.749916 -57.970338
vn -68.741449 43.749916 -57.970338
vn -68.741449 43.749916 -57.970338
vn 95.563093 27.947975 9.306290
vn 95.563093 27.947975 9.306290
vn 95.563093 27.947975 9.306290
vn 76.797675 -46.776780 43.749874
vn 76.797675 -46.776780 43.749874
vn 76.797675 -46.776780 43.749874
vn -86.794455 -31.618054 38.301729
vn -86.794455 -31.618054 38.301729
vn -86.794455 -31.618054 38.301729
vn 46.268602 -9.615710 88.129203
vn 46.268602 -9.615710 88.129203
vn 46.268602 -9.615710 88.129203
vn -8.957543 49.572342 86.384875
vn -8.957543 49.572342 86.384875
vn -8.957543 49.572342 86.384875
vn 97.991984 -9.744442 -17.395895
vn 97.991984 -9.744442 -17.395895
vn 97.991984 -9.744442 -17.395895
vn -45.558672 -28.227348 -84.425267
vn -45.558672 -28.227348 -84.425267
vn -45.558672 -28.227348 -84.425267
vn 64.549397 25.539274 71.980002
vn 64.549397 25.539274 71.980002
vn 64.549397 25.539274 71.980002
vn -68.560663 -9.845731 72.128347
vn -68.560663 -9.845731 72.128347
vn -68.560663 -9.845731 72.128347
vn 67.134676 -61.242967 -41.740079
vn 67.134676 -61.242967 -41.740079
vn 67.134676 -61.242967 -41.740079
vn 97.391708 14.068491 -17.802661
vn 97.391708 14.068491 -17.802661
vn 97.391708 14.068491 -17.802661
vn 32.246714 -74.932090 57.838847
vn 32.246714 -74.932090 57.838847
vn 32.246714 -74.932090 57.838847
vn 19.863114 -82.268236 53.267204
vn 19.863114 -82.268236 53.267204
vn 19.863114 -82.268236 53.267204
vn 81.344594 30.278028 49.661854
vn 81.344594 30.278028 49.661854
vn 81.344594 30.278028 49.661854
vn 30.511163 -34.251472 88.858914
vn 30.511163 -34.251472 88.858914
vn 30.511163 -34.251472 88.858914
vn 92.789369 -36.234755 -8.785018
vn 92.789369 -36.234755 -8.785018
vn 92.789369 -36.234755 -8.785018
vn -82.014691 29.344936 49.116868
vn -82.014691 29.344936 49.116868
vn -82.014691 29.344936 49.116868
vn 33.322489 -94.239222 -2.929635
vn 33.322489 -94.239222 -2.929635
vn 33.322489 -94.239222 -2.929635
vn 29.099586 18.484718 93.869751
vn 29.099586 18.484718 93.869751
vn 29.099586 18.484718 93.869751
vn -38.108482 -9.563665 -91.958048
vn -38.108482 -9.563665 -91.958048
vn -38.108482 -9.563665 -91.958048
vn 6.998322 -74.149660 66.729698
vn 6.998322 -74.149660 66.729698
vn 6.998322 -74.149660 66.729698
vn -53.747025 10.292688 -83.697786
vn -53.747025 10.292688 -83.697786
vn -53.747025 10.292688 -83.697786
vn 37.413893 -23.565895 89.693091
vn 37.413893 -23.565895 89.693091
vn 37.413893 -23.565895 89.693091
vn -71.244383 -19.723539 67.344044
vn -71.244383 -19.723539 67.344044
vn -71.244383 -19.723539 67.344044
vn 32.870700 11.900860 93.690382
vn 32.870700 11.900860 93.690382
vn 32.870700 11.900860 93.690382
vn -24.980977 -20.876300 94.552271
vn -24.980977 -20.876300 94.552271
vn -24.980977 -20.876300 94.552271
vn 23.113848 43.390698 -87.080410
vn 23.113848 43.390698 -87.080410
vn 23.113848 43.390698 -87.080410
vn 81.114867 -30.390616 49.967878
vn 81.114867 -30.390616 49.967878
vn 81.114867 -30.390616 49.967878
vn 30.716439 46.036281 -83.289625
vn 30.716439 46.036281 -83.289625
vn 30.716439 46.036281 -83.289625
vn -94.587118 -28.603587 -15.333403
vn -94.587118 -28.603587 -15.333403
vn -94.587118 -28.603587 -15.333403
vn 75.717918 62.658665 18.457762
vn 75.717918 62.658665 18.457762
vn 75.717918 62.658665 18.457762
vn 75.304963 -64.150044 14.626479
vn 75.304963 -64.150044 14.626479
vn 75.304963 -64.150044 14.626479
vn 54.846821 49.042708 67.724736
vn 54.846821 49.042708 67.724736
vn 54.846821 49.042708 67.724736
vn -87.820673 -45.530546 -14.645826
vn -87.820673 -45.530546 -14.645826
vn -87.820673 -45.530546 -14.645826
vn -77.746200 46.076443 42.807608
vn -77.746200 46.076443 42.807608
vn -77.746200 46.076443 42.807608
vn 76.155575 -21.901428 -60.997182
vn 76.155575 -21.901428 -60.997182
vn 76.155575 -21.901428 -60.997182
vn -45.061626 10.901590 88.603653
vn -45.061626 10.901590 88.603653
vn -45.061626 10.901590 88.603653
vn 80.753896 7.204393 -58.539777
vn 80.753896 7.204393 -58.539777
vn 80.753896 7.204393 -58.539777
vn 85.279006 3.910596 -52.078780
vn 85.279006 3.910596 -52.078780
vn 85.279006 3.910596 -52.078780
vn 92.429011 29.704920 23.968679
vn 92.429011 29.704920 23.968679
vn 92.429011 29.704920 23.968679
vn 97.450644 -9.502620 20.324177
vn 97.450644 -9.502620 20.324177
vn 97.450644 -9.502620 20.324177
vn 13.284195 46.307674 87.630646
vn 13.284195 46.307674 87.630646
vn 13.284195 46.307674 87.630646
vn -77.953408 60.266338 17.065598
vn -77.953408 60.266338 17.065598
vn -77.953408 60.266338 17.065598
vn -28.561070 82.506130 -48.754542
vn -28.561070 82.506130 -48.754542
vn -28.561070 82.506130 -48.754542
vn -99.522069 -8.349741 5.063505
vn -99.522069 -8.349741 5.063505
vn -99.522069 -8.349741 5.063505
vn -37.252377 -0.929141 -92.797613
vn -37.252377 -0.929141 -92.797613
vn -37.252377 -0.929141 -92.797613
vn -90.829299 37.597510 -18.342995
vn -90.829299 37.597510 -18.342995
vn -90.829299 37.597510 -18.342995
vn 4.143452 41.963822 90.674529
vn 4.143452 41.963822 90.674529
vn 4.143452 41.963822 90.674529
vn -51.674157 6.759471 -85.346899
vn -51.674157 6.759471 -85.346899
vn -51.674157 6.759471 -85.346899
vn -0.143437 99.059605 -13.681180
vn -0.143437 99.059605 -13.681180
vn -0.143437 99.059605 -13.681180
vn -47.729610 -81.974966 31.654242
vn -47.729610 -81.974966 31.654242
vn -47.729610 -81.974966 31.654242
vn -7.548740 -57.053986 -81.779340
vn -7.548740 -57.053986 -81.779340
vn -7.548740 -57.053986 -81.779340
vn -89.540440 44.520208 0.679251
vn -89.540440 44.520208 0.679251
vn -89.540440 44.520208 0.679251
vn -88.668314 -26.502018 37.888985
vn -88.668314 -26.502018 37.888985
vn -88.668314 -26.502018 37.888985
vn -90.336510 -40.996035 12.595255
vn -90.336510 -40.996035 12.595255
vn -90.336510 -40.996035 12.595255
vn -55.544974 -80.317248 21.538237
vn -55.544974 -80.317248 21.538237
vn -55.544974 -80.317248 21.538237
vn 97.675191 21.154994 3.467476
vn 97.675191 21.154994 3.467476
vn 97.675191 21.154994 3.467476
vn -45.654147 59.475854 -66.168894
vn -45.654147 59.475854 -66.168894
vn -45.654147 59.475854 -66.168894
vn -55.028722 -47.732636 68.508652
vn -55.028722 -47.732636 68.508652
vn -55.028722 -47.732636 68.508652
vn 78.395155 60.929915 11.905704
vn 78.395155 60.929915 11.905704
vn 78.395155 60.929915 11.905704
vn 76.668916 -44.274991 46.493042
vn 76.668916 -44.274991 46.493042
vn 76.668916 -44.274991 46.493042
vn 56.775070 -39.216042 -72.378827
vn 56.775070 -39.216042 -72.378827
vn 56.775070 -39.216042 -72.378827
vn -14.588708 58.146855 -80.038199
vn -14.588708 58.146855 -80.038199
vn -14.588708 58.146855 -80.038199
vn 59.005181 12.480594 79.766066
vn 59.005181 12.480594 79.766066
vn 59.005181 12.480594 79.766066
vn 7.081394 67.054626 73.848030
vn 7.081394 67.054626 73.848030
vn 7.081394 67.054626 73.848030
vn 83.470121 -34.724783 -42.742585
vn 83.470121 -34.724783 -42.742585
vn 83.470121 -34.724783 -42.742585
vn -90.993106 -30.905358 -27.660694
vn -90.993106 -30.905358 -27.660694
vn -90.993106 -30.905358 -27.660694
vn 50.381766 -51.054790 69.678463
vn 50.381766 -51.054790 69.678463
vn 50.381766 -51.054790 69.678463
vn 94.020310 22.264973 25.777021
vn 94.020310 22.264973 25.777021
vn 94.020310 22.264973 25.777021
vn -83.698602 50.537917 -20.987215
vn -83.698602 50.537917 -20.987215
vn -83.698602 50.537917 -20.987215
vn 47.080827 2.569121 -88.186144
vn 47.080827 2.569121 -88.186144
vn 47.080827 2.569121 -88.186144
vn 65.828512 47.718296 58.220041
vn 65.828512 47.718296 58.220041
vn 65.828512 47.718296 58.220041
vn -81.289102 55.422106 -17.901724
vn -81.289102 55.422106 -17.901724
vn -81.289102 55.422106 -17.901724
vn 2.407379 27.414715 96.138644
vn 2.407379 27.414715 96.138644
vn 2.407379 27.414715 96.138644
vn 8.283203 28.695321 -95.435680
vn 8.283203 28.695321 -95.435680
vn 8.283203 28.695321 -95.435680
vn -40.257316 81.143159 42.369045
vn -40.257316 81.143159 42.369045
vn -40.257316 81.143159 42.369045
vn -58.157542 -13.431504 -80.232759
vn -58.157542 -13.431504 -80.232759
vn -58.157542 -13.431504 -80.232759
vn -11.851600 97.021996 -21.125192
vn -11.851600 97.021996 -21.125192
vn -11.851600 97.021996 -21.125192
vn 89.570734 44.449213 1.162723
vn 89.570734 44.449213 1.162723
vn 89.570734 44.449213 1.162723
vn 85.202053 40.918978 -32.653441
vn 85.202053 40.918978 -32.653441
vn 85.202053 40.918978 -32.653441
vn -93.402783 30.464683 18.650036
vn -93.402783 30.464683 18.650036
vn -93.402783 30.464683 18.650036
vn 27.749583 -90.247691 -32.944121
vn 27.749583 -90.247691 -32.944121
vn 27.749583 -90.247691 -32.944121
vn -66.506326 -1.371608 -74.666121
vn -66.506326 -1.371608 -74.666121
vn -66.506326 -1.371608 -74.666121
vn 75.076403 -27.088880 -60.247228
vn 75.076403 -27.088880 -60.247228
vn 75.076403 -27.088880 -60.247228
vn 54.945007 -31.556994 -77.364094
vn 54.945007 -31.556994 -77.364094
vn 54.945007 -31.556994 -77.364094
vn -63.701733 -56.739632 -52.179548
vn -63.701733 -56.739632 -52.179548
vn -63.701733 -56.739632 -52.179548
vn -13.288856 -97.722113 16.546756
vn -13.288856 -97.722113 16.546756
vn -13.288856 -97.722113 16.546756
vn -11.310252 -36.472556 -92.422034
vn -11.310252 -36.472556 -92.422034
vn -11.310252 -36.472556 -92.422034
vn -83.554005 19.341210 -51.426136
vn -83.554005 19.341210 -51.426136
vn -83.554005 19.341210 -51.426136
vn 6.991504 37.784246 92.322636
vn 6.991504 37.784246 92.322636
vn 6.991504 37.784246 92.322636
vn -95.135128 30.597183 3.622292
vn -95.135128 30.597183 3.622292
vn -95.135128 30.597183 3.622292
vn 89.208637 -35.470460 -27.994027
vn 89.208637 -35.470460 -27.994027
vn 89.208637 -35.470460 -27.994027
vn -27.215894 -91.358324 -30.215094
vn -27.215894 -91.358324 -30.215094
vn -27.215894 -91.358324 -30.215094
vn -46.767521 -50.003377 -72.886648
vn -46.767521 -50.003377 -72.886648
vn -46.767521 -50.003377 -72.886648
vn 88.941401 0.915998 45.701074
vn 88.941401 0.915998 45.701074
vn 88.941401 0.915998 45.701074
vn 94.360321 -16.879123 -28.482049
vn 94.360321 -16.879123 -28.482049
vn 94.360321 -16.879123 -28.482049
vn -49.564184 -39.217823 77.494234
vn -49.564184 -39.217823 77.494234
vn -49.564184 -39.217823 77.494234
vn 73.254636 -55.119749 39.944622
vn 73.254636 -55.119749 39.944622
vn 73.254636 -55.119749 39.944622
vn 55.678596 79.953733 22.523230
vn 55.678596 79.953733 22.523230
vn 55.678596 79.953733 22.523230
vn 56.395627 0.666560 82.577788
vn 56.395627 0.666560 82.577788
vn 56.395627 0.666560 82.577788
vn 77.006190 58.043614 26.476139
vn 77.006190 58.043614 26.476139
vn 77.006190 58.043614 26.476139
vn 55.667160 34.842500 -75.413320
vn 55.667160 34.842500 -75.413320
vn 55.667160 34.842500 -75.413320
vn -5.730380 -34.495094 -93.686990
vn -5.730380 -34.495094 -93.686990
vn -5.730380 -34.495094 -93.686990
vn 58.809437 68.512452 -42.982485
vn 58.809437 68.512452 -42.982485
vn 58.809437 68.512452 -42.982485
vn 17.707704 -35.136046 -91.934205
vn 17.707704 -35.136046 -91.934205
vn 17.707704 -35.136046 -91.934205
vn 89.612805 15.926549 -41.423313
vn 89.612805 15.926549 -41.423313
vn 89.612805 15.926549 -41.423313
vn -15.291694 12.084399 98.082270
vn -15.291694 12.084399 98.082270
vn -15.291694 12.084399 98.082270
vn -13.009958 -7.347861 98.877449
vn -13.009958 -7.347861 98.877449
vn -13.009958 -7.347861 98.877449
vn -35.330350 60.665801 -71.213953
vn -35.330350 60.665801 -71.213953
vn -35.330350 60.665801 -71.213953
vn -70.095033 -57.409695 -42.318018
vn -70.095033 -57.409695 -42.318018
vn -70.095033 -57.409695 -42.318018
vn -97.333668 17.092419 15.297326
vn -97.333668 17.092419 15.297326
vn -97.333668 17.092419 15.297326
vn -5.343226 6.434680 99.649620
vn -5.343226 6.434680 99.649620
vn -5.343226 6.434680 99.649620
vn 68.105496 -31.438967 -66.130426
vn 68.105496 -31.438967 -66.130426
vn 68.105496 -31.438967 -66.130426
vn -47.409463 -3.198655 -87.989275
vn -47.409463 -3.198655 -87.989275
vn -47.409463 -3.198655 -87.989275
vn -37.322097 78.109646 50.059431
vn -37.322097 78.109646 50.059431
vn -37.322097 78.109646 50.059431
vn 69.971227 20.438133 68.456640
vn 69.971227 20.438133 68.456640
vn 69.971227 20.438133 68.456640
vn -63.216412 49.324106 -59.756322
vn -63.216412 49.324106 -59.756322
vn -63.216412 49.324106 -59.756322
vn -93.155685 -19.333501 -30.793445
vn -93.155685 -19.333501 -30.793445
vn -93.155685 -19.333501 -30.793445
vn -35.415779 -35.767473 -86.408404
vn -35.415779 -35.767473 -86.408404
vn -35.415779 -35.767473 -86.408404
vn -71.590351 -1.327107 69.807310
vn -71.590351 -1.327107 69.807310
vn -71.590351 -1.327107 69.807310
vn -35.341976 -0.226398 93.546215
vn -35.341976 -0.226398 93.546215
vn -35.341976 -0.226398 93.546215
vn 39.091201 -47.088457 -79.085750
vn 39.091201 -47.088457 -79.085750
vn 39.091201 -47.088457 -79.085750
vn 23.283241 -10.399697 96.694039
vn 23.283241 -10.399697 96.694039
vn 23.283241 -10.399697 96.694039
vn 29.933397 -4.398833 95.313396
vn 29.933397 -4.398833 95.313396
vn 29.933397 -4.398833 95.313396
vn -22.616451 -96.494437 13.316166
vn -22.616451 -96.494437 13.316166
vn -22.616451 -96.494437 13.316166
vn 45.325898 -73.114029 50.989245
vn 45.325898 -73.114029 50.989245
vn 45.325898 -73.114029 50.989245
vn 93.336640 35.298529 -6.502695
vn 93.336640 35.298529 -6.502695
vn 93.336640 35.298529 -6.502695
vn 32.770744 5.347021 -94.326499
vn 32.770744 5.347021 -94.326499
vn 32.770744 5.347021 -94.326499
vn -0.054279 38.770268 -92.178435
vn -0.054279 38.770268 -92.178435
vn -0.054279 38.770268 -92.178435
vn -6.951498 -79.428695 60.355288
vn -6.951498 -79.428695 60.355288
vn -6.951498 -79.428695 60.355288
vn -92.414338 -20.277434 -32.379277
vn -92.414338 -20.277434 -32.379277
vn -92.414338 -20.277434 -32.379277
vn -88.508762 11.674172 -45.054556
vn -88.508762 11.674172 -45.054556
vn -88.508762 11.674172 -45.054556
vn -26.817651 27.410140 -92.355294
vn -26.817651 27.410140 -92.355294
vn -26.817651 27.410140 -92.355294
vn 80.073903 2.556534 59.846775
vn 80.073903 2.556534 59.846775
vn 80.073903 2.556534 59.846775
vn 19.148341 6.252868 -97.950211
vn 19.148341 6.252868 -97.950211
vn 19.148341 6.252868 -97.950211
vn 81.469978 -52.299150 25.048781
vn 81.469978 -52.299150 25.048781
vn 81.469978 -52.299150 25.048781
vn 19.630650 96.983130 14.453744
vn 19.630650 96.983130 14.453744
vn 19.630650 96.983130 14.453744
vn -16.727974 59.161093 78.867865
vn -16.727974 59.161093 78.867865
vn -16.727974 59.161093 78.867865
vn 95.436644 -27.242136 12.235787
vn 95.436644 -27.242136 12.235787
vn 95.436644 -27.242136 12.235787
vn 76.167727 22.784796 60.657487
vn 76.167727 22.784796 60.657487
vn 76.167727 22.784796 60.657487
vn -64.659515 30.339121 -69.990618
vn -64.659515 30.339121 -69.990618
vn -64.659515 30.339121 -69.990618
vn 73.640299 -62.489107 25.927164
vn 73.640299 -62.489107 25.927164
vn 73.640299 -62.489107 25.927164
vn -78.747654 -32.322262 52.479317
vn -78.747654 -32.322262 52.479317
vn -78.747654 -32.322262 52.479317
vn -99.300354 7.748168 8.910961
vn -99.300354 7.748168 8.910961
vn -99.300354 7.748168 8.910961
vn -93.099806 0.490911 36.499143
vn -93.099806 0.490911 36.499143
vn -93.099806 0.490911 36.499143
vn 67.156603 -16.683535 72.191760
vn 67.156603 -16.683535 72.191760
vn 67.156603 -16.683535 72.191760
vn 32.471648 -9.958683 -94.055398
vn 32.471648 -9.958683 -94.055398
vn 32.471648 -9.958683 -94.055398
vn -21.417457 78.380228 58.290931
vn -21.417457 78.380228 58.290931
vn -21.417457 78.380228 58.290931
vn 1.952348 2.142080 99.957997
vn 1.952348 2.142080 99.957997
vn 1.952348 2.142080 99.957997
vn -96.096379 22.394613 -16.247142
vn -96.096379 22.394613 -16.247142
vn -96.096379 22.394613 -16.247142
vn -70.259566 0.933266 -71.152812
vn -70.259566 0.933266 -71.152812
vn -70.259566 0.933266 -71.152812
vn -56.641729 -77.902211 26.887913
vn -56.641729 -77.902211 26.887913
vn -56.641729 -77.902211 26.887913
vn 27.958215 35.224516 89.317259
vn 27.958215 35.224516 89.317259
vn 27.958215 35.224516 89.317259
vn 31.582125 -16.329550 93.466120
vn 31.582125 -16.329550 93.466120
vn 31.582125 -16.329550 93.466120
vn 63.803802 -15.565548 -75.410802
vn 63.803802 -15.565548 -75.410802
vn 63.803802 -15.565548 -75.410802
vn 83.416814 6.014860 54.822057
vn 83.416814 6.014860 54.822057
vn 83.416814 6.014860 54.822057
vn 40.691424 18.808622 89.389286
vn 40.691424 18.808622 89.389286
vn 40.691424 18.808622 89.389286
vn -52.493947 81.097960 25.836188
vn -52.493947 81.097960 25.836188
vn -52.493947 81.097960 25.836188
vn 19.020938 26.937020 94.406579
vn 19.020938 26.937020 94.406579
vn 19.020938 26.937020 94.406579
vn 81.670314 -53.656224 -21.236040
vn 81.670314 -53.656224 -21.236040
vn 81.670314 -53.656224 -21.236040
vn -99.919633 -3.999446 0.269258
vn -99.919633 -3.999446 0.269258
vn -99.919633 -3.999446 0.269258
vn -94.905902 28.210997 -14.036072
vn -94.905902 28.210997 -14.036072
vn -94.905902 28.210997 -14.036072
vn 56.271038 70.886964 -42.527746
vn 56.271038 70.886964 -42.527746
vn 56.271038 70.886964 -42.527746
vn -49.965199 -18.751622 -84.568647
vn -49.965199 -18.751622 -84.568647
vn -49.965199 -18.751622 -84.568647
vn -81.139367 50.722089 -29.046063
vn -81.139367 50.722089 -29.046063
vn -81.139367 50.722089 -29.046063
vn -89.288562 25.718851 36.960716
vn -89.288562 25.718851 36.960716
vn -89.288562 25.718851 36.960716
vn 93.195455 3.295844 36.107401
vn 93.195455 3.295844 36.107401
vn 93.195455 3.295844 36.107401
vn 6.174125 -96.104597 26.940424
vn 6.174125 -96.104597 26.940424
vn 6.174125 -96.104597 26.940424
vn 57.026332 -65.133649 -50.056030
vn 57.026332 -65.133649 -50.056030
vn 57.026332 -65.133649 -50.056030
vn -37.626341 -22.240621 89.942279
vn -37.626341 -22.240621 89.942279
vn -37.626341 -22.240621 89.942279
vn -38.645438 -47.437433 -79.096276
vn -38.645438 -47.437433 -79.096276
vn -38.645438 -47.437433 -79.096276
vn 38.255878 -63.796434 66.831900
vn 38.255878 -63.796434 66.831900
vn 38.255878 -63.796434 66.831900
vn -12.132063 6.074617 99.075292
vn -12.132063 6.074617 99.075292
vn -12.132063 6.074617 99.075292
vn 70.488202 -41.966330 57.186017
vn 70.488202 -41.966330 57.186017
vn 70.488202 -41.966330 57.186017
vn 92.576118 -27.141257 26.325180
vn 92.576118 -27.141257 26.325180
vn 92.576118 -27.141257 26.325180
vn -99.693715 7.742523 -1.102833
vn -99.693715 7.742523 -1.102833
vn -99.693715 7.742523 -1.102833
vn 73.139024 13.280912 66.890209
vn 73.139024 13.280912 66.890209
vn 73.139024 13.280912 66.890209
vn -1.309264 -99.683100 -7.846495
vn -1.309264 -99.683100 -7.846495
vn -1.309264 -99.683100 -7.846495
vn 98.206251 -5.882603 -17.914468
vn 98.206251 -5.882603 -17.914468
vn 98.206251 -5.882603 -17.914468
vn -75.916724 -26.962550 -59.242493
vn -75.916724 -26.962550 -59.242493
vn -75.916724 -26.962550 -59.242493
vn -5.902914 -48.628322 87.180516
vn -5.902914 -48.628322 87.180516
vn -5.902914 -48.628322 87.180516
vn -85.338748 10.452200 51.069066
vn -85.338748 10.452200 51.069066
vn -85.338748 10.452200 51.069066
vn 80.823807 55.710276 -19.075580
vn 80.823807 55.710276 -19.075580
vn 80.823807 55.710276 -19.075580
vn 89.380471 38.891706 22.328594
vn 89.380471 38.891706 22.328594
vn 89.380471 38.891706 22.328594
vn 38.102783 14.201046 91.359235
vn 38.102783 14.201046 91.359235
vn 38.102783 14.201046 91.359235
vn 69.585463 -70.747076 -12.357794
vn 69.585463 -70.747076 -12.357794
vn 69.585463 -70.747076 -12.357794
vn 91.222172 -35.234157 -20.906240
vn 91.222172 -35.234157 -20.906240
vn 91.222172 -35.234157 -20.906240
vn 71.475158 21.932129 66.409980
vn 71.475158 21.932129 66.409980
vn 71.475158 21.932129 66.409980
vn -0.862791 71.587304 -69.817718
vn -0.862791 71.587304 -69.817718
vn -0.862791 71.587304 -69.817718
vn -84.494344 33.758130 -41.486078
vn -84.494344 33.758130 -41.486078
vn -84.494344 33.758130 -41.486078
vn -7.407826 99.269593 9.522198
vn -7.407826 99.269593 9.522198
vn -7.407826 99.269593 9.522198
vn 12.638793 44.191584 88.810839
vn 12.638793 44.191584 88.810839
vn 12.638793 44.191584 88.810839
vn 62.571026 75.210418 -20.694491
vn 62.571026 75.210418 -20.694491
vn 62.571026 75.210418 -20.694491
vn -38.879598 -53.822802 74.776212
vn -38.879598 -53.822802 74.776212
vn -38.879598 -53.822802 74.776212
vn 91.441364 -20.079665 35.146610
vn 91.441364 -20.079665 35.146610
vn 91.441364 -20.079665 35.146610
vn 21.818243 -21.954791 95.089178
vn 21.818243 -21.954791 95.089178
vn 21.818243 -21.954791 95.089178
vn -34.138285 -84.091061 41.991344
vn -34.138285 -84.091061 41.991344
vn -34.138285 -84.091061 41.991344
vn -63.705725 -73.358054 23.668036
vn -63.705725 -73.358054 23.668036
vn -63.705725 -73.358054 23.668036
vn -62.323501 -68.123061 38.406132
vn -62.323501 -68.123061 38.406132
vn -62.323501 -68.123061 38.406132
vn -54.108761 41.101565 -73.368272
vn -54.108761 41.101565 -73.368272
vn -54.108761 41.101565 -73.368272
vn -94.141828 -5.614552 33.253468
vn -94.141828 -5.614552 33.253468
vn -94.141828 -5.614552 33.253468
vn 91.887556 32.823209 21.893244
vn 91.887556 32.823209 21.893244
vn 91.887556 32.823209 21.893244
vn -88.885093 42.557481 -16.979432
vn -88.885093 42.557481 -16.979432
vn -88.885093 42.557481 -16.979432
vn 97.558929 -13.209755 17.543093
vn 97.558929 -13.209755 17.543093
vn 97.558929 -13.209755 17.543093
vn 86.569345 44.425819 23.067192
vn 86.569345 44.425819 23.067192
vn 86.569345 44.425819 23.067192
vn 49.386786 12.687479 86.023098
vn 49.386786 12.687479 86.023098
vn 49.386786 12.687479 86.023098
vn 52.753896 13.763109 83.830801
vn 52.753896 13.763109 83.830801
vn 52.753896 13.763109 83.830801
vn -67.870485 -3.219119 -73.370538
vn -67.870485 -3.219119 -73.370538
vn -67.870485 -3.219119 -73.370538
vn 85.487436 15.600531 -49.482547
vn 85.487436 15.600531 -49.482547
vn 85.487436 15.600531 -49.482547
vn 88.064354 -1.803095 47.343639
vn 88.064354 -1.803095 47.343639
vn 88.064354 -1.803095 47.343639
vn -96.026966 18.439367 -20.947819
vn -96.026966 18.439367 -20.947819
vn -96.026966 18.439367 -20.947819
vn 59.137047 -9.887095 -80.031600
vn 59.137047 -9.887095 -80.031600
vn 59.137047 -9.887095 -80.031600
vn -89.793457 27.625089 -34.263545
vn -89.793457 27.625089 -34.263545
vn -89.793457 27.625089 -34.263545
vn 44.302172 -73.612538 51.171401
vn 44.302172 -73.612538 51.171401
vn 44.302172 -73.612538 51.171401
vn -90.557124 8.351028 -41.589271
vn -90.557124 8.351028 -41.589271
vn -90.557124 8.351028 -41.589271
vn -35.769694 75.017491 -55.613910
vn -35.769694 75.017491 -55.613910
vn -35.769694 75.017491 -55.613910
vn 0.608935 -99.963117 -2.646733
vn 0.608935 -99.963117 -2.646733
vn 0.608935 -99.963117 -2.646733
vn -92.064537 -38.205313 8.029656
vn -92.064537 -38.205313 8.029656
vn -92.064537 -38.205313 8.029656
vn -66.940135 -39.278332 63.057372
vn -66.940135 -39.278332 63.057372
vn -66.940135 -39.278332 63.057372
vn 63.731235 -10.348032 76.362618
vn 63.731235 -10.348032 76.362618
vn 63.731235 -10.348032 76.362618
vn 5.677643 58.863696 80.640124
vn 5.677643 58.863696 80.640124
vn 5.677643 58.863696 80.640124
vn 71.194927 -65.367910 25.657728
vn 71.194927 -65.367910 25.657728
vn 71.194927 -65.367910 25.657728
vn 52.643387 50.450066 68.435856
vn 52.643387 50.450066 68.435856
vn 52.643387 50.450066 68.435856
vn -81.523041 -57.299449 8.412382
vn -81.523041 -57.299449 8.412382
vn -81.523041 -57.299449 8.412382
vn 94.471885 -19.795185 -26.138368
vn 94.471885 -19.795185 -26.138368
vn 94.471885 -19.795185 -26.138368
vn 66.919943 -61.080765 -42.318576
vn 66.919943 -61.080765 -42.318576
vn 66.919943 -61.080765 -42.318576
vn 77.954806 -47.004341 41.396146
vn 77.954806 -47.004341 41.396146
vn 77.954806 -47.004341 41.396146
vn -43.847202 -51.431470 73.703643
vn -43.847202 -51.431470 73.703643
vn -43.847202 -51.431470 73.703643
vn -43.385278 -51.116913 74.194207
vn -43.385278 -51.116913 74.194207
vn -43.385278 -51.116913 74.194207
vn -84.421174 14.170759 51.693878
vn -84.421174 14.170759 51.693878
vn -84.421174 14.170759 51.693878
vn -50.639548 48.100858 -71.567762
vn -50.639548 48.100858 -71.567762
vn -50.639548 48.100858 -71.567762
vn -12.806665 -62.886020 -76.689888
vn -12.806665 -62.886020 -76.689888
vn -12.806665 -62.886020 -76.689888
vn -38.197398 -85.279723 -35.613616
vn -38.197398 -85.279723 -35.613616
vn -38.197398 -85.279723 -35.613616
vn 25.609634 18.460650 94.885987
vn 25.609634 18.460650 94.885987
vn 25.609634 18.460650 94.885987
vn 63.681936 -34.231621 -69.085505
vn 63.681936 -34.231621 -69.085505
vn 63.681936 -34.231621 -69.085505
vn -15.616427 -68.839763 70.832297
vn -15.616427 -68.839763 70.832297
vn -15.616427 -68.839763 70.832297
vn 43.873616 -89.851605 -1.340295
vn 43.873616 -89.851605 -1.340295
vn 43.873616 -89.851605 -1.340295
vn -37.904679 69.359661 61.257431
vn -37.904679 69.359661 61.257431
vn -37.904679 69.359661 61.257431
vn -92.291216 12.098438 36.550804
vn -92.291216 12.098438 36.550804
vn -92.291216 12.098438 36.550804
vn -3.246675 -56.307242 82.576956
vn -3.246675 -56.307242 82.576956
vn -3.246675 -56.307242 82.576956
vn 73.680196 53.250042 41.661270
vn 73.680196 53.250042 41.661270
vn 73.680196 53.250042 41.661270
vn 70.462532 11.575658 70.007410
vn 70.462532 11.575658 70.007410
vn 70.462532 11.575658 70.007410
vn 50.045909 59.675023 62.723980
vn 50.045909 59.675023 62.723980
vn 50.045909 59.675023 62.723980
vn -43.867744 1.684046 -89.848687
vn -43.867744 1.684046 -89.848687
vn -43.867744 1.684046 -89.848687
vn 85.176319 44.928401 -26.952435
vn 85.176319 44.928401 -26.952435
vn 85.176319 44.928401 -26.952435
vn -99.200071 -12.571454 -1.142963
vn -99.200071 -12.571454 -1.142963
vn -99.200071 -12.571454 -1.142963
vn -27.191060 1.249607 96.224143
vn -27.191060 1.249607 96.224143
vn -27.191060 1.249607 96.224143
vn -90.589537 39.582449 -15.058734
vn -90.589537 39.582449 -15.058734
vn -90.589537 39.582449 -15.058734
vn 76.819151 -6.204909 -63.720618
vn 76.819151 -6.204909 -63.720618
vn 76.819151 -6.204909 -63.720618
vn -6.346688 -14.361365 -98.759662
vn -6.346688 -14.361365 -98.759662
vn -6.346688 -14.361365 -98.759662
vn 29.674459 -92.111182 -25.198363
vn 29.674459 -92.111182 -25.198363
vn 29.674459 -92.111182 -25.198363
vn -86.187755 9.573738 49.799746
vn -86.187755 9.573738 49.799746
vn -86.187755 9.573738 49.799746
vn 18.788594 -43.384214 -88.118094
vn 18.788594 -43.384214 -88.118094
vn 18.788594 -43.384214 -88.118094
vn -5.860371 5.733205 -99.663369
vn -5.860371 5.733205 -99.663369
vn -5.860371 5.733205 -99.663369
vn 73.571182 38.407124 -55.786885
vn 73.571182 38.407124 -55.786885
vn 73.571182 38.407124 -55.786885
vn -1.030074 19.888885 -97.996796
vn -1.030074 19.888885 -97.996796
vn -1.030074 19.888885 -97.996796
vn -46.370359 -33.935017 -81.842558
vn -46.370359 -33.935017 -81.842558
vn -46.370359 -33.935017 -81.842558
vn 30.202863 -94.550746 -12.163258
vn 30.202863 -94.550746 -12.163258
vn 30.202863 -94.550746 -12.163258
vn -42.303195 69.731188 57.861912
vn -42.303195 69.731188 57.861912
vn -42.303195 69.731188 57.861912
vn -14.594075 80.262724 -57.835180
vn -14.594075 80.262724 -57.835180
vn -14.594075 80.262724 -57.835180
vn -57.742679 34.780082 73.865615
vn -57.742679 34.780082 73.865615
vn -57.742679 34.780082 73.865615
vn -91.597102 24.111952 -32.071584
vn -91.597102 24.111952 -32.071584
vn -91.597102 24.111952 -32.071584
vn -43.686733 -9.553455 -89.443842
vn -43.686733 -9.553455 -89.443842
vn -43.686733 -9.553455 -89.443842
vn -80.384006 -39.982675 44.043138
vn -80.384006 -39.982675 44.043138
vn -80.384006 -39.982675 44.043138
vn 57.760806 32.425803 -74.915005
vn 57.760806 32.425803 -74.915005
vn 57.760806 32.425803 -74.915005
vn -55.025904 -72.260559 41.839714
vn -55.025904 -72.260559 41.839714
vn -55.025904 -72.260559 41.839714
vn 62.725301 2.937266 77.826148
vn 62.725301 2.937266 77.826148
vn 62.725301 2.937266 77.826148
vn -97.594727 14.481078 16.296246
vn -97.594727 14.481078 16.296246
vn -97.594727 14.481078 16.296246
vn -58.319594 -21.995979 -78.198489
vn -58.319594 -21.995979 -78.198489
vn -58.319594 -21.995979 -78.198489
vn 26.958458 -28.893789 91.860714
vn 26.958458 -28.893789 91.860714
vn 26.958458 -28.893789 91.860714
vn 66.849555 71.606645 20.090444
vn 66.849555 71.606645 20.090444
vn 66.849555 71.606645 20.090444
vn -81.276453 6.433705 57.902912
vn -81.276453 6.433705 57.902912
vn -81.276453 6.433705 57.902912
vn 66.538410 -9.191412 74.082108
vn 66.538410 -9.191412 74.082108
vn 66.538410 -9.191412 74.082108
vn -95.166302 29.469484 8.655893
vn -95.166302 29.469484 8.655893
vn -95.166302 29.469484 8.655893
vn 91.643778 40.017411 -0.159692
vn 91.643778 40.017411 -0.159692
vn 91.643778 40.017411 -0.159692
vn -86.310394 47.108049 18.202956
vn -86.310394 47.108049 18.202956
vn -86.310394 47.108049 18.202956
vn 94.477081 -11.267239 30.775497
vn 94.477081 -11.267239 30.775497
vn 94.477081 -11.267239 30.775497
vn 28.208942 76.138439 58.371189
vn 28.208942 76.138439 58.371189
vn 28.208942 76.138439 58.371189
vn -58.866226 -20.786437 -78.119727
vn -58.866226 -20.786437 -78.119727
vn -58.866226 -20.786437 -78.119727
vn 77.702314 -31.994726 -54.209674
vn 77.702314 -31.994726 -54.209674
vn 77.702314 -31.994726 -54.209674
vn 64.690231 -74.393187 -16.757935
vn 64.690231 -74.393187 -16.757935
vn 64.690231 -74.393187 -16.757935
vn -60.279413 -44.540546 -66.200708
vn -60.279413 -44.540546 -66.200708
vn -60.279413 -44.540546 -66.200708
vn -29.151941 78.120513 55.202820
vn -29.151941 78.120513 55.202820
vn -29.151941 78.120513 55.202820
vn -84.271760 53.673658 -4.172541
vn -84.271760 53.673658 -4.172541
vn -84.271760 53.673658 -4.172541
vn 81.736932 52.534022 -23.648507
vn 81.736932 52.534022 -23.648507
vn 81.736932 52.534022 -23.648507
vn -78.243679 -53.849419 31.275658
vn -78.243679 -53.849419 31.275658
vn -78.243679 -53.849419 31.275658
vn -46.038157 88.605963 -5.428941
vn -46.038157 88.605963 -5.428941
vn -46.038157 88.605963 -5.428941
vn 92.283592 23.366524 30.622633
vn 92.283592 23.366524 30.622633
vn 92.283592 23.366524 30.622633
vn 47.628390 30.244167 82.564088
vn 47.628390 30.244167 82.564088
vn 47.628390 30.244167 82.564088
vn -89.799660 15.425536 -41.207716
vn -89.799660 15.425536 -41.207716
vn -89.799660 15.425536 -41.207716
vn -63.364141 68.288677 36.354414
vn -63.364141 68.288677 36.354414
vn -63.364141 68.288677 36.354414
vn 96.999799 -15.642481 18.610574
vn 96.999799 -15.642481 18.610574
vn 96.999799 -15.642481 18.610574
vn 85.489370 -50.605401 11.430704
vn 85.489370 -50.605401 11.430704
vn 85.489370 -50.605401 11.430704
vn 97.758861 -19.201049 8.632827
vn 97.758861 -19.201049 8.632827
vn 97.758861 -19.201049 8.632827
vn 24.065398 53.452125 81.016841
vn 24.065398 53.452125 81.016841
vn 24.065398 53.452125 81.016841
vn 84.403237 -48.058144 -23.801479
vn 84.403237 -48.058144 -23.801479
vn 84.403237 -48.058144 -23.801479
vn 88.457852 -23.510283 -40.279971
vn 88.457852 -23.510283 -40.279971
vn 88.457852 -23.510283 -40.279971
vn 80.954197 -29.898505 -50.522255
vn 80.954197 -29.898505 -50.522255
vn 80.954197 -29.898505 -50.522255
vn -49.910268 -58.205388 -64.195794
vn -49.910268 -58.205388 -64.195794
vn -49.910268 -58.205388 -64.195794
vn -13.858979 31.887805 93.760858
vn -13.858979 31.887805 93.760858
vn -13.858979 31.887805 93.760858
vn -84.829564 24.262388 47.066776
vn -84.829564 24.262388 47.066776
vn -84.829564 24.262388 47.066776
vn -80.792200 42.365675 40.960618
vn -80.792200 42.365675 40.960618
vn -80.792200 42.365675 40.960618
vn 2.767050 25.042015 96.774181
vn 2.767050 25.042015 96.774181
vn 2.767050 25.042015 96.774181
vn -31.380428 69.613738 64.569315
vn -31.380428 69.613738 64.569315
vn -31.380428 69.613738 64.569315
vn -61.661522 22.356045 -75.485527
vn -61.661522 22.356045 -75.485527
vn -61.661522 22.356045 -75.485527
vn -21.121498 -97.071982 -11.441711
vn -21.121498 -97.071982 -11.441711
vn -21.121498 -97.071982 -11.441711
vn 24.703848 -82.690350 50.517584
vn 24.703848 -82.690350 50.517584
vn 24.703848 -82.690350 50.517584
vn 74.933072 -10.705483 -65.348514
vn 74.933072 -10.705483 -65.348514
vn 74.933072 -10.705483 -65.348514
vn -73.759291 65.001825 -18.284715
vn -73.759291 65.001825 -18.284715
vn -73.759291 65.001825 -18.284715
vn -16.846008 -34.907655 92.182794
vn -16.846008 -34.907655 92.182794
vn -16.846008 -34.907655 92.182794
vn -33.098376 94.037746 -7.835894
vn -33.098376 94.037746 -7.835894
vn -33.098376 94.037746 -7.835894
vn -87.145447 6.699217 48.587995
vn -87.145447 6.699217 48.587995
vn -87.145447 6.699217 48.587995
vn 17.155888 13.935304 -97.526842
vn 17.155888 13.935304 -97.526842
vn 17.155888 13.935304 -97.526842
vn 92.321854 2.791870 -38.325982
vn 92.321854 2.791870 -38.325982
vn 92.321854 2.791870 -38.325982
vn -50.778906 2.216507 -86.119624
vn -50.778906 2.216507 -86.119624
vn -50.778906 2.216507 -86.119624
vn -41.957092 33.510272 84.360335
vn -41.957092 33.510272 84.360335
vn -41.957092 33.510272 84.360335
vn 44.293911 -0.590812 -89.653230
vn 44.293911 -0.590812 -89.653230
vn 44.293911 -0.590812 -89.653230
vn 40.424498 -65.142602 -64.205159
vn 40.424498 -65.142602 -64.205159
vn 40.424498 -65.142602 -64.205159
vn 59.584979 -58.336025 -55.195447
vn 59.584979 -58.336025 -55.195447
vn 59.584979 -58.336025 -55.195447
vn 73.066201 57.624002 -36.617033
vn 73.066201 57.624002 -36.617033
vn 73.066201 57.624002 -36.617033
vn -42.073550 40.150108 -81.349783
vn -42.073550 40.150108 -81.349783
vn -42.073550 40.150108 -81.349783
vn 87.030310 37.779943 31.597485
vn 87.030310 37.779943 31.597485
vn 87.030310 37.779943 31.597485
vn 61.470772 34.389165 -70.984017
vn 61.470772 34.389165 -70.984017
vn 61.470772 34.389165 -70.984017
vn -8.279800 -76.125070 -64.314995
vn -8.279800 -76.125070 -64.314995
vn -8.279800 -76.125070 -64.314995
vn 92.013230 33.988765 19.450748
vn 92.013230 33.988765 19.450748
vn 92.013230 33.988765 19.450748
vn -33.659396 27.719455 -89.992658
vn -33.659396 27.719455 -89.992658
vn -33.659396 27.719455 -89.992658
vn 30.464381 75.992551 57.419973
vn 30.464381 75.992551 57.419973
vn 30.464381 75.992551 57.419973
vn 10.137521 -53.879103 83.631773
vn 10.137521 -53.879103 83.631773
vn 10.137521 -53.879103 83.631773
vn -3.658610 -13.988826 -98.949114
vn -3.658610 -13.988826 -98.949114
vn -3.658610 -13.988826 -98.949114
vn -35.066329 29.669293 -88.826166
vn -35.066329 29.669293 -88.826166
vn -35.066329 29.669293 -88.826166
vn -23.429804 -71.789100 -65.554336
vn -23.429804 -71.789100 -65.554336
vn -23.429804 -71.789100 -65.554336
vn 51.495946 29.324304 -80.549694
vn 51.495946 29.324304 -80.549694
vn 51.495946 29.324304 -80.549694
vn 86.276140 8.758505 -49.796757
vn 86.276140 8.758505 -49.796757
vn 86.276140 8.758505 -49.796757
vn -93.669608 28.777832 19.945983
vn -93.669608 28.777832 19.945983
vn -93.669608 28.777832 19.945983
vn -18.916543 56.734279 -80.146032
vn -18.916543 56.734279 -80.146032
vn -18.916543 56.734279 -80.146032
vn -99.614230 5.566448 -6.783851
vn -99.614230 5.566448 -6.783851
vn -99.614230 5.566448 -6.783851
vn 34.764394 -68.349943 64.185072
vn 34.764394 -68.349943 64.185072
vn 34.764394 -68.349943 64.185072
vn -66.301495 -9.437541 -74.263359
vn -66.301495 -9.437541 -74.263359
vn -66.301495 -9.437541 -74.263359
vn 89.882369 43.701506 3.367351
vn 89.882369 43.701506 3.367351
vn 89.882369 43.701506 3.367351
vn -40.663185 0.660415 91.356821
vn -40.663185 0.660415 91.356821
vn -40.663185 0.660415 91.356821
vn -8.556204 50.746599 -85.741329
vn -8.556204 50.746599 -85.741329
vn -8.556204 50.746599 -85.741329
vn 94.370266 -5.064476 32.689504
vn 94.370266 -5.064476 32.689504
vn 94.370266 -5.064476 32.689504
vn 26.201816 -20.953270 94.204172
vn 26.201816 -20.953270 94.204172
vn 26.201816 -20.953270 94.204172
vn 83.609840 -32.277258 -44.357358
vn 83.609840 -32.277258 -44.357358
vn 83.609840 -32.277258 -44.357358
vn 97.987291 4.712523 -19.398075
vn 97.987291 4.712523 -19.398075
vn 97.987291 4.712523 -19.398075
vn 5.697723 36.313591 -92.999243
vn 5.697723 36.313591 -92.999243
vn 5.697723 36.313591 -92.999243
vn -32.226777 -56.579332 75.896075
vn -32.226777 -56.579332 75.896075
vn -32.226777 -56.579332 75.896075
vn -64.596375 -6.902988 76.024068
vn -64.596375 -6.902988 76.024068
vn -64.596375 -6.902988 76.024068
vn 31.917472 12.908446 -93.886360
vn 31.917472 12.908446 -93.886360
vn 31.917472 12.908446 -93.886360
vn 27.608536 -5.752367 95.941024
vn 27.608536 -5.752367 95.941024
vn 27.608536 -5.752367 95.941024
vn 80.448102 -46.026681 -37.545298
vn 80.448102 -46.026681 -37.545298
vn 80.448102 -46.026681 -37.545298
vn -1.864215 38.673848 92.200096
vn -1.864215 38.673848 92.200096
vn -1.864215 38.673848 92.200096
vn 41.942225 -68.322617 -59.773487
vn 41.942225 -68.322617 -59.773487
vn 41.942225 -68.322617 -59.773487
vn 28.205837 -31.713574 -90.546564
vn 28.205837 -31.713574 -90.546564
vn 28.205837 -31.713574 -90.546564
vn -98.008755 -10.664045 16.750031
vn -98.008755 -10.664045 16.750031
vn -98.008755 -10.664045 16.750031
vn -5.451066 14.881886 98.736089
vn -5.451066 14.881886 98.736089
vn -5.451066 14.881886 98.736089
vn 40.893600 18.930247 89.271271
vn 40.893600 18.930247 89.271271
vn 40.893600 18.930247 89.271271
vn 81.037857 -56.434027 -15.750126
vn 81.037857 -56.434027 -15.750126
vn 81.037857 -56.434027 -15.750126
vn -94.063983 12.277132 -31.642398
vn -94.063983 12.277132 -31.642398
vn -94.063983 12.277132 -31.642398
vn -0.030681 26.363102 96.462356
vn -0.030681 26.363102 96.462356
vn -0.030681 26.363102 96.462356
vn 15.033933 16.554755 97.467546
vn 15.033933 16.554755 97.467546
vn 15.033933 16.554755 97.467546
vn 85.987251 14.113587 49.061195
vn 85.987251 14.113587 49.061195
vn 85.987251 14.113587 49.061195
vn 99.865684 5.118895 -0.801809
vn 99.865684 5.118895 -0.801809
vn 99.865684 5.118895 -0.801809
vn -91.899427 -4.031947 -39.220391
vn -91.899427 -4.031947 -39.220391
vn -91.899427 -4.031947 -39.220391
vn -67.904368 20.044674 70.620165
vn -67.904368 20.044674 70.620165
vn -67.904368 20.044674 70.620165
vn -54.420964 -76.510305 34.417027
vn -54.420964 -76.510305 34.417027
vn -54.420964 -76.510305 34.417027
vn 7.080955 35.705161 93.139691
vn 7.080955 35.705161 93.139691
vn 7.080955 35.705161 93.139691
vn 42.090345 -23.507850 -87.611557
vn 42.090345 -23.507850 -87.611557
vn 42.090345 -23.507850 -87.611557
vn -37.831359 23.560622 89.519192
vn -37.831359 23.560622 89.519192
vn -37.831359 23.560622 89.519192
vn -36.245552 0.427128 -93.199126
vn -36.245552 0.427128 -93.199126
vn -36.245552 0.427128 -93.199126
vn -89.741194 20.594925 -39.017541
vn -89.741194 20.594925 -39.017541
vn -89.741194 20.594925 -39.017541
vn 58.870321 -33.204262 73.700494
vn 58.870321 -33.204262 73.700494
vn 58.870321 -33.204262 73.700494
vn 76.388750 -62.200211 -17.201529
vn 76.388750 -62.200211 -17.201529
vn 76.388750 -62.200211 -17.201529
vn -92.175438 16.257476 35.204903
vn -92.175438 16.257476 35.204903
vn -92.175438 16.257476 35.204903
vn -68.636163 49.929809 -52.878077
vn -68.636163 49.929809 -52.878077
vn -68.636163 49.929809 -52.878077
vn -80.269210 58.474544 -11.729584
vn -80.269210 58.474544 -11.729584
vn -80.269210 58.474544 -11.729584
vn 97.487646 19.490345 10.783571
vn 97.487646 19.490345 10.783571
vn 97.487646 19.490345 10.783571
vn -11.756433 40.779980 90.547116
vn -11.756433 40.779980 90.547116
vn -11.756433 40.779980 90.547116
vn -71.140967 -7.461253 -69.880568
vn -71.140967 -7.461253 -69.880568
vn -71.140967 -7.461253 -69.880568
vn -73.401808 -54.773940 40.149582
vn -73.401808 -54.773940 40.149582
vn -73.401808 -54.773940 40.149582
vn -91.327881 -9.039679 39.717806
vn -91.327881 -9.039679 39.717806
vn -91.327881 -9.039679 39.717806
vn 67.260690 43.560968 59.820091
vn 67.260690 43.560968 59.820091
vn 67.260690 43.560968 59.820091
vn 81.682029 56.905188 -9.478681
vn 81.682029 56.905188 -9.478681
vn 81.682029 56.905188 -9.478681
vn -75.183206 36.663245 54.802299
vn -75.183206 36.663245 54.802299
vn -75.183206 36.663245 54.802299
vn -57.665853 10.446880 81.027857
vn -57.665853 10.446880 81.027857
vn -57.665853 10.446880 81.027857
vn 3.466138 -64.459052 -76.374192
vn 3.466138 -64.459052 -76.374192
vn 3.466138 -64.459052 -76.374192
vn 16.741306 -98.434835 -5.505651
vn 16.741306 -98.434835 -5.505651
vn 16.741306 -98.434835 -5.505651
vn -41.920997 11.369769 -90.074190
vn -41.920997 11.369769 -90.074190
vn -41.920997 11.369769 -90.074190
vn -60.124816 40.761190 -68.727957
vn -60.124816 40.761190 -68.727957
vn -60.124816 40.761190 -68.727957
vn 72.493188 58.066775 -37.053875
vn 72.493188 58.066775 -37.053875
vn 72.493188 58.066775 -37.053875
vn 64.804273 -41.558846 63.822163
vn 64.804273 -41.558846 63.822163
vn 64.804273 -41.558846 63.822163
vn 95.177359 -21.755492 -21.632587
vn 95.177359 -21.755492 -21.632587
vn 95.177359 -21.755492 -21.632587
vn 25.457939 -72.177447 -64.360775
vn 25.457939 -72.177447 -64.360775
vn 25.457939 -72.177447 -64.360775
vn -76.312688 52.876912 37.153830
vn -76.312688 52.876912 37.153830
vn -76.312688 52.876912 37.153830
vn -99.609013 -4.373055 7.676081
vn -99.609013 -4.373055 7.676081
vn -99.609013 -4.373055 7.676081
vn -4.292399 -3.244356 99.855154
vn -4.292399 -3.244356 99.855154
vn -4.292399 -3.244356 99.855154
vn -94.802856 -9.940478 -30.225921
vn -94.802856 -9.940478 -30.225921
vn -94.802856 -9.940478 -30.225921
vn 42.941310 -14.452463 -89.146905
vn 42.941310 -14.452463 -89.146905
vn 42.941310 -14.452463 -89.146905
vn 80.539815 -45.371215 -38.141729
vn 80.539815 -45.371215 -38.141729
vn 80.539815 -45.371215 -38.141729
vn 95.356913 -28.508213 9.712928
vn 95.356913 -28.508213 9.712928
vn 95.356913 -28.508213 9.712928
vn 89.292759 -44.560203 -6.418089
vn 89.292759 -44.560203 -6.418089
vn 89.292759 -44.560203 -6.418089
vn 21.977008 7.851470 -97.238711
vn 21.977008 7.851470 -97.238711
vn 21.977008 7.851470 -97.238711
vn -95.713302 4.873157 28.551984
vn -95.713302 4.873157 28.551984
vn -95.713302 4.873157 28.551984
vn 26.824938 -96.251809 -4.001472
vn 26.824938 -96.251809 -4.001472
vn 26.824938 -96.251809 -4.001472
vn 14.313711 9.574868 -98.506042
vn 14.313711 9.574868 -98.506042
vn 14.313711 9.574868 -98.506042
vn 60.223176 77.806535 17.869297
vn 60.223176 77.806535 17.869297
vn 60.223176 77.806535 17.869297
vn 40.727856 -4.744012 91.207107
vn 40.727856 -4.744012 91.207107
vn 40.727856 -4.744012 91.207107
vn 59.259353 76.657089 24.739081
vn 59.259353 76.657089 24.739081
vn 59.259353 76.657089 24.739081
vn -96.434634 1.719633 26.408426
vn -96.434634 1.719633 26.408426
vn -96.434634 1.719633 26.408426
vn 22.440693 -61.707339 75.422944
vn 22.440693 -61.707339 75.422944
vn 22.440693 -61.707339 75.422944
vn -77.617344 23.651678 58.447810
vn -77.617344 23.651678 58.447810
vn -77.617344 23.651678 58.447810
vn -76.836757 62.296311 14.672507
vn -76.836757 62.296311 14.672507
vn -76.836757 62.296311 14.672507
vn -99.695023 5.307028 5.721738
vn -99.695023 5.307028 5.721738
vn -99.695023 5.307028 5.721738
vn -73.939675 27.623864 -61.399078
vn -73.939675 27.623864 -61.399078
vn -73.939675 27.623864 -61.399078
vn -23.240910 2.704308 97.224217
vn -23.240910 2.704308 97.224217
vn -23.240910 2.704308 97.224217
vn 85.696853 14.347514 49.499482
vn 85.696853 14.347514 49.499482
vn 85.696853 14.347514 49.499482
vn 72.443279 -60.377487 33.264545
vn 72.443279 -60.377487 33.264545
vn 72.443279 -60.377487 33.264545
vn -70.511958 41.270851 -57.660922
vn -70.511958 41.270851 -57.660922
vn -70.511958 41.270851 -57.660922
vn 86.993557 40.078158 28.737851
vn 86.993557 40.078158 28.737851
vn 86.993557 40.078158 28.737851
vn -31.168421 26.484423 -91.252984
vn -31.168421 26.484423 -91.252984
vn -31.168421 26.484423 -91.252984
vn -80.107833 11.311004 58.777531
vn -80.107833 11.311004 58.777531
vn -80.107833 11.311004 58.777531
vn 43.627306 -69.446963 -57.216938
vn 43.627306 -69.446963 -57.216938
vn 43.627306 -69.446963 -57.216938
vn -92.331981 -28.693757 -25.523994
vn -92.331981 -28.693757 -25.523994
vn -92.331981 -28.693757 -25.523994
vn 16.820950 48.243616 -85.962843
vn 16.820950 48.243616 -85.962843
vn 16.820950 48.243616 -85.962843
vn -42.285901 -88.173815 -20.911261
vn -42.285901 -88.173815 -20.911261
vn -42.285901 -88.173815 -20.911261
vn 14.483560 38.502885 -91.146882
vn 14.483560 38.502885 -91.146882
vn 14.483560 38.502885 -91.146882
vn 97.603469 -8.180192 20.165503
vn 97.603469 -8.180192 20.165503
vn 97.603469 -8.180192 20.165503
vn 96.508773 15.291967 21.265323
vn 96.508773 15.291967 21.265323
vn 96.508773 15.291967 21.265323
vn -55.919814 11.504697 82.101267
vn -55.919814 11.504697 82.101267
vn -55.919814 11.504697 82.101267
vn 69.963754 4.516925 71.306887
vn 69.963754 4.516925 71.306887
vn 69.963754 4.516925 71.306887
vn 94.331585 -26.773468 -19.614625
vn 94.331585 -26.773468 -19.614625
vn 94.331585 -26.773468 -19.614625
vn 60.798893 30.853657 73.154271
vn 60.798893 30.853657 73.154271
vn 60.798893 30.853657 73.154271
vn 97.387426 -10.203247 -20.287547
vn 97.387426 -10.203247 -20.287547
vn 97.387426 -10.203247 -20.287547
vn 13.599640 -83.124373 53.901657
vn 13.599640 -83.124373 53.901657
vn 13.599640 -83.124373 53.901657
vn 92.295658 -20.417389 -32.628842
vn 92.295658 -20.417389 -32.628842
vn 92.295658 -20.417389 -32.628842
vn 91.255940 -16.360236 -37.479276
vn 91.255940 -16.360236 -37.479276
vn 91.255940 -16.360236 -37.479276
vn 62.827225 -42.761978 64.993484
vn 62.827225 -42.761978 64.993484
vn 62.827225 -42.761978 64.993484
vn 68.700930 -48.888611 53.759517
vn 68.700930 -48.888611 53.759517
vn 68.700930 -48.888611 53.759517
vn 84.988820 1.701254 52.668841
vn 84.988820 1.701254 52.668841
vn 84.988820 1.701254 52.668841
vn -72.461758 13.837778 67.511566
vn -72.461758 13.837778 67.511566
vn -72.461758 13.837778 67.511566
vn -39.764978 81.777328 41.607874
vn -39.764978 81.777328 41.607874
vn -39.764978 81.777328 41.607874
vn 44.884153 67.279964 -58.811737
vn 44.884153 67.279964 -58.811737
vn 44.884153 67.279964 -58.811737
vn -90.978705 -38.942129 -14.366086
vn -90.978705 -38.942129 -14.366086
vn -90.978705 -38.942129 -14.366086
vn -99.543992 -9.236913 2.382046
vn -99.543992 -9.236913 2.382046
vn -99.543992 -9.236913 2.382046
vn -95.886739 -4.532581 -28.021219
vn -95.886739 -4.532581 -28.021219
vn -95.886739 -4.532581 -28.021219
vn 75.429491 29.567442 -58.618760
vn 75.429491 29.567442 -58.618760
vn 75.429491 29.567442 -58.618760
vn -46.400956 -9.932246 88.024451
vn -46.400956 -9.932246 88.024451
vn -46.400956 -9.932246 88.024451
vn 70.832545 19.035852 67.973429
vn 70.832545 19.035852 67.973429
vn 70.832545 19.035852 67.973429
vn 71.884557 -7.233107 -69.139669
vn 71.884557 -7.233107 -69.139669
vn 71.884557 -7.233107 -69.139669
vn 12.424897 30.339364 -94.472994
vn 12.424897 30.339364 -94.472994
vn 12.424897 30.339364 -94.472994
vn 26.557649 58.274183 76.803716
vn 26.557649 58.274183 76.803716
vn 26.557649 58.274183 76.803716
vn -71.163120 19.433371 67.514120
vn -71.163120 19.433371 67.514120
vn -71.163120 19.433371 67.514120
vn 71.980890 -20.315301 -66.378019
vn 71.980890 -20.315301 -66.378019
vn 71.980890 -20.315301 -66.378019
vn -79.852836 -18.585531 57.254729
vn -79.852836 -18.585531 57.254729
vn -79.852836 -18.585531 57.254729
vn -11.308389 -3.103150 -99.310074
vn -11.308389 -3.103150 -99.310074
vn -11.308389 -3.103150 -99.310074
vn -15.014546 10.034120 -98.355886
vn -15.014546 10.034120 -98.355886
vn -15.014546 10.034120 -98.355886
vn 48.473222 -8.053218 -87.094739
vn 48.473222 -8.053218 -87.094739
vn 48.473222 -8.053218 -87.094739
vn 7.161767 -98.977607 12.334584
vn 7.161767 -98.977607 12.334584
vn 7.161767 -98.977607 12.334584
vn 97.187779 -2.349898 -23.431072
vn 97.187779 -2.349898 -23.431072
vn 97.187779 -2.349898 -23.431072
vn 47.073792 2.241906 -88.198831
vn 47.073792 2.241906 -88.198831
vn 47.073792 2.241906 -88.198831
vn 59.594997 19.421129 77.918265
vn 59.594997 19.421129 77.918265
vn 59.594997 19.421129 77.918265
vn -67.160676 -66.507019 32.653656
vn -67.160676 -66.507019 32.653656
vn -67.160676 -66.507019 32.653656
vn 88.905073 -43.336203 14.760197
vn 88.905073 -43.336203 14.760197
vn 88.905073 -43.336203 14.760197
vn -21.213658 38.998102 89.605419
vn -21.213658 38.998102 89.605419
vn -21.213658 38.998102 89.605419
vn -18.511185 -74.361398 -64.247324
vn -18.511185 -74.361398 -64.247324
vn -18.511185 -74.361398 -64.247324
vn 15.937969 -5.325464 98.577993
vn 15.937969 -5.325464 98.577993
vn 15.937969 -5.325464 98.577993
vn 73.947747 39.524196 54.493752
vn 73.947747 39.524196 54.493752
vn 73.947747 39.524196 54.493752
vn 92.392008 -30.871635 22.597759
vn 92.392008 -30.871635 22.597759
vn 92.392008 -30.871635 22.597759
vn 22.310546 -26.524445 93.801358
vn 22.310546 -26.524445 93.801358
vn 22.310546 -26.524445 93.801358
vn -98.515650 13.706182 10.334832
vn -98.515650 13.706182 10.334832
vn -98.515650 13.706182 10.334832
vn -79.925647 3.236923 60.011784
vn -79.925647 3.236923 60.011784
vn -79.925647 3.236923 60.011784
vn 2.264787 92.454256 38.040544
vn 2.264787 92.454256 38.040544
vn 2.264787 92.454256 38.040544
vn -88.540965 -35.371137 -30.155945
vn -88.540965 -35.371137 -30.155945
vn -88.540965 -35.371137 -30.155945
vn -95.929466 24.552921 -13.953253
vn -95.929466 24.552921 -13.953253
vn -95.929466 24.552921 -13.953253
vn 46.931193 87.176808 14.059411
vn 46.931193 87.176808 14.059411
vn 46.931193 87.176808 14.059411
vn -86.095782 -21.564152 -46.070657
vn -86.095782 -21.564152 -46.070657
vn -86.095782 -21.564152 -46.070657
vn -63.834687 -24.654989 72.919583
vn -63.834687 -24.654989 72.919583
vn -63.834687 -24.654989 72.919583
vn -55.543321 -67.395476 -48.711286
vn -55.543321 -67.395476 -48.711286
vn -55.543321 -67.395476 -48.711286
vn 91.802955 14.211320 -37.016987
vn 91.802955 14.211320 -37.016987
vn 91.802955 14.211320 -37.016987
vn -60.043294 69.326430 39.857878
vn -60.043294 69.326430 39.857878
vn -60.043294 69.326430 39.857878
vn -5.781926 99.600852 6.800105
vn -5.781926 99.600852 6.800105
vn -5.781926 99.600852 6.800105
vn 35.156961 90.704491 23.166439
vn 35.156961 90.704491 23.166439
vn 35.156961 90.704491 23.166439
vn -62.194011 44.618951 -64.351025
vn -62.194011 44.618951 -64.351025
vn -62.194011 44.618951 -64.351025
vn 35.911819 -36.176209 -86.032692
vn 35.911819 -36.176209 -86.032692
vn 35.911819 -36.176209 -86.032692
vn -14.888007 16.514150 97.496826
vn -14.888007 16.514150 97.496826
vn -14.888007 16.514150 97.496826
vn -61.880169 19.657210 76.055497
vn -61.880169 19.657210 76.055497
vn -61.880169 19.657210 76.055497
vn -73.551797 -24.605918 -63.124349
vn -73.551797 -24.605918 -63.124349
vn -73.551797 -24.605918 -63.124349
vn 83.698478 -37.703265 -39.661431
vn 83.698478 -37.703265 -39.661431
vn 83.698478 -37.703265 -39.661431
vn -59.153732 66.150414 46.097282
vn -59.153732 66.150414 46.097282
vn -59.153732 66.150414 46.097282
vn -71.872801 -8.653657 -68.988510
vn -71.872801 -8.653657 -68.988510
vn -71.872801 -8.653657 -68.988510
vn -2.109897 50.338254 -86.380610
vn -2.109897 50.338254 -86.380610
vn -2.109897 50.338254 -86.380610
vn 75.692198 13.880595 -63.859376
vn 75.692198 13.880595 -63.859376
vn 75.692198 13.880595 -63.859376
vn 45.479013 48.226323 -74.872432
vn 45.479013 48.226323 -74.872432
vn 45.479013 48.226323 -74.872432
vn 20.427650 -4.482500 97.788649
vn 20.427650 -4.482500 97.788649
vn 20.427650 -4.482500 97.788649
vn 74.574660 -0.732723 66.618953
vn 74.574660 -0.732723 66.618953
vn 74.574660 -0.732723 66.618953
vn -99.076177 -13.513349 -1.141134
vn -99.076177 -13.513349 -1.141134
vn -99.076177 -13.513349 -1.141134
vn 76.472723 -36.734696 52.938517
vn 76.472723 -36.734696 52.938517
vn 76.472723 -36.734696 52.938517
vn -65.020448 -42.670396 62.861584
vn -65.020448 -42.670396 62.861584
vn -65.020448 -42.670396 62.861584
vn -78.456372 -9.709693 61.239872
vn -78.456372 -9.709693 61.239872
vn -78.456372 -9.709693 61.239872
vn -83.930060 -10.053546 53.429119
vn -83.930060 -10.053546 53.429119
vn -83.930060 -10.053546 53.429119
vn 92.402867 -37.512487 7.383982
vn 92.402867 -37.512487 7.383982
vn 92.402867 -37.512487 7.383982
vn -31.598969 93.758820 -14.518622
vn -31.598969 93.758820 -14.518622
vn -31.598969 93.758820 -14.518622
vn -9.631489 -5.301683 99.393802
vn -9.631489 -5.301683 99.393802
vn -9.631489 -5.301683 99.393802
vn 50.499861 29.726879 81.031332
vn 50.499861 29.726879 81.031332
vn 50.499861 29.726879 81.031332
vn 52.936252 -31.277052 -78.863811
vn 52.936252 -31.277052 -78.863811
vn 52.936252 -31.277052 -78.863811
vn 44.985436 -28.286370 84.712406
vn 44.985436 -28.286370 84.712406
vn 44.985436 -28.286370 84.712406
vn 24.026824 -87.051487 -42.950564
vn 24.026824 -87.051487 -42.950564
vn 24.026824 -87.051487 -42.950564
vn 12.611424 -73.197390 -66.955915
vn 12.611424 -73.197390 -66.955915
vn 12.611424 -73.197390 -66.955915
vn -78.846091 35.842799 -49.985885
vn -78.846091 35.842799 -49.985885
vn -78.846091 35.842799 -49.985885
vn -15.041916 -82.813649 53.996691
vn -15.041916 -82.813649 53.996691
vn -15.041916 -82.813649 53.996691
vn 66.618077 64.177997 -37.989705
vn 66.618077 64.177997 -37.989705
vn 66.618077 64.177997 -37.989705
vn 45.815250 -85.199326 -25.338474
vn 45.815250 -85.199326 -25.338474
vn 45.815250 -85.199326 -25.338474
vn 17.972351 -98.012542 8.398712
vn 17.972351 -98.012542 8.398712
vn 17.972351 -98.012542 8.398712
vn -99.720183 -6.422337 3.826121
vn -99.720183 -6.422337 3.826121
vn -99.720183 -6.422337 3.826121
vn 49.767786 76.409295 41.046165
vn 49.767786 76.409295 41.046165
vn 49.767786 76.409295 41.046165
vn 65.136792 37.963888 -65.695843
vn 65.136792 37.963888 -65.695843
vn 65.136792 37.963888 -65.695843
vn -93.497965 -32.081268 -15.130253
vn -93.497965 -32.081268 -15.130253
vn -93.497965 -32.081268 -15.130253
vn -37.097838 30.793049 -87.610162
vn -37.097838 30.793049 -87.610162
vn -37.097838 30.793049 -87.610162
vn 70.777774 -43.053409 -56.008148
vn 70.777774 -43.053409 -56.008148
vn 70.777774 -43.053409 -56.008148
vn -71.841806 -15.985836 -67.699411
vn -71.841806 -15.985836 -67.699411
vn -71.841806 -15.985836 -67.699411
vn 14.600632 -25.141352 95.680385
vn 14.600632 -25.141352 95.680385
vn 14.600632 -25.141352 95.680385
vn -74.948153 -11.109663 -65.263692
vn -74.948153 -11.109663 -65.263692
vn -74.948153 -11.109663 -65.263692
vn 81.217278 -25.915547 -52.269861
vn 81.217278 -25.915547 -52.269861
vn 81.217278 -25.915547 -52.269861
vn 6.475902 -98.513096 15.913284
vn 6.475902 -98.513096 15.913284
vn 6.475902 -98.513096 15.913284
vn -98.321815 -17.139496 -6.249787
vn -98.321815 -17.139496 -6.249787
vn -98.321815 -17.139496 -6.249787
vn 43.647405 31.850032 84.145599
vn 43.647405 31.850032 84.145599
vn 43.647405 31.850032 84.145599
vn -21.641049 -8.625356 -97.248486
vn -21.641049 -8.625356 -97.248486
vn -21.641049 -8.625356 -97.248486
vn -10.984395 40.142140 -90.928280
vn -10.984395 40.142140 -90.928280
vn -10.984395 40.142140 -90.928280
vn 55.104084 -5.921454 -83.237474
vn 55.104084 -5.921454 -83.237474
vn 55.104084 -5.921454 -83.237474
vn 91.434831 -16.648194 -36.912196
vn 91.434831 -16.648194 -36.912196
vn 91.434831 -16.648194 -36.912196
vn 76.817556 -57.298949 28.563872
vn 76.817556 -57.298949 28.563872
vn 76.817556 -57.298949 28.563872
vn 69.248110 -25.044936 -67.656857
vn 69.248110 -25.044936 -67.656857
vn 69.248110 -25.044936 -67.656857
vn 24.297673 77.497612 -58.341618
vn 24.297673 77.497612 -58.341618
vn 24.297673 77.497612 -58.341618
vn 20.429535 -67.818351 -70.592528
vn 20.429535 -67.818351 -70.592528
vn 20.429535 -67.818351 -70.592528
vn 88.865280 -44.954303 -9.059432
vn 88.865280 -44.954303 -9.059432
vn 88.865280 -44.954303 -9.059432
vn 22.013897 -89.173178 39.541523
vn 22.013897 -89.173178 39.541523
vn 22.013897 -89.173178 39.541523
vn 14.017210 -68.752894 71.249969
vn 14.017210 -68.752894 71.249969
vn 14.017210 -68.752894 71.249969
vn 64.675312 -76.056055 -5.707926
vn 64.675312 -76.056055 -5.707926
vn 64.675312 -76.056055 -5.707926
vn 56.793065 -34.085870 -74.917966
vn 56.793065 -34.085870 -74.917966
vn 56.793065 -34.085870 -74.917966
vn -3.828206 -32.446325 -94.512332
vn -3.828206 -32.446325 -94.512332
vn -3.828206 -32.446325 -94.512332
vn 28.429885 4.851401 -95.750751
vn 28.429885 4.851401 -95.750751
vn 28.429885 4.851401 -95.750751
vn 89.196663 -0.867255 45.201816
vn 89.196663 -0.867255 45.201816
vn 89.196663 -0.867255 45.201816
vn 23.268991 -15.217472 96.057193
vn 23.268991 -15.217472 96.057193
vn 23.268991 -15.217472 96.057193
vn 74.250879 -66.983268 -0.221838
vn 74.250879 -66.983268 -0.221838
vn 74.250879 -66.983268 -0.221838
vn 92.065674 -19.304550 33.930050
vn 92.065674 -19.304550 33.930050
vn 92.065674 -19.304550 33.930050
vn -21.565649 -74.964365 -62.572101
vn -21.565649 -74.964365 -62.572101
vn -21.565649 -74.964365 -62.572101
vn 61.672062 78.695549 -1.888597
vn 61.672062 78.695549 -1.888597
vn 61.672062 78.695549 -1.888597
vn -70.197394 1.753063 -71.198686
vn -70.197394 1.753063 -71.198686
vn -70.197394 1.753063 -71.198686
vn 85.834822 8.814721 50.543881
vn 85.834822 8.814721 50.543881
vn 85.834822 8.814721 50.543881
vn -44.254312 -33.958153 -82.996393
vn -44.254312 -33.958153 -82.996393
vn -44.254312 -33.958153 -82.996393
vn 75.827436 36.160086 54.246183
vn 75.827436 36.160086 54.246183
vn 75.827436 36.160086 54.246183
vn 24.554077 77.152448 -58.690707
vn 24.554077 77.152448 -58.690707
vn 24.554077 77.152448 -58.690707
vn -91.017490 41.326970 -2.810288
vn -91.017490 41.326970 -2.810288
vn -91.017490 41.326970 -2.810288
vn -54.391833 39.927719 73.805864
vn -54.391833 39.927719 73.805864
vn -54.391833 39.927719 73.805864
vn 25.647408 -22.824062 93.921630
vn 25.647408 -22.824062 93.921630
vn 25.647408 -22.824062 93.921630
vn -46.269835 -40.503832 78.857741
vn -46.269835 -40.503832 78.857741
vn -46.269835 -40.503832 78.857741
vn -77.680680 16.007125 60.905538
vn -77.680680 16.007125 60.905538
vn -77.680680 16.007125 60.905538
vn -86.974774 -2.398907 -49.291319
vn -86.974774 -2.398907 -49.291319
vn -86.974774 -2.398907 -49.291319
vn -9.663848 49.529320 -86.333406
vn -9.663848 49.529320 -86.333406
vn -9.663848 49.529320 -86.333406
vn 32.784130 -28.112115 -90.193736
vn 32.784130 -28.112115 -90.193736
vn 32.784130 -28.112115 -90.193736
vn 63.805609 -55.750313 53.110712
vn 63.805609 -55.750313 53.110712
vn 63.805609 -55.750313 53.110712
vn -21.913295 -97.014255 10.394371
vn -21.913295 -97.014255 10.394371
vn -21.913295 -97.014255 10.394371
vn -82.229723 -55.794712 11.190280
vn -82.229723 -55.794712 11.190280
vn -82.229723 -55.794712 11.190280
vn 38.610998 80.403021 45.216663
vn 38.610998 80.403021 45.216663
vn 38.610998 80.403021 45.216663
vn 40.559106 -64.992208 -64.272647
vn 40.559106 -64.992208 -64.272647
vn 40.559106 -64.992208 -64.272647
vn -67.582215 27.874786 68.232262
vn -67.582215 27.874786 68.232262
vn -67.582215 27.874786 68.232262
vn -51.372395 75.299543 41.120026
vn -51.372395 75.299543 41.120026
vn -51.372395 75.299543 41.120026
vn 10.221903 30.310515 94.745907
vn 10.221903 30.310515 94.745907
vn 10.221903 30.310515 94.745907
vn 95.903120 -9.085867 26.833576
vn 95.903120 -9.085867 26.833576
vn 95.903120 -9.085867 26.833576
vn 67.659293 66.921690 30.719831
vn 67.659293 66.921690 30.719831
vn 67.659293 66.921690 30.719831
vn -92.396516 21.115177 31.890972
vn -92.396516 21.115177 31.890972
vn -92.396516 21.115177 31.890972
vn -65.302218 -0.205124 75.733609
vn -65.302218 -0.205124 75.733609
vn -65.302218 -0.205124 75.733609
vn 89.406979 -41.770962 16.173411
vn 89.406979 -41.770962 16.173411
vn 89.406979 -41.770962 16.173411
vn 94.201305 -25.662672 21.622722
vn 94.201305 -25.662672 21.622722
vn 94.201305 -25.662672 21.622722
vn 90.772047 -25.308899 -33.464865
vn 90.772047 -25.308899 -33.464865
vn 90.772047 -25.308899 -33.464865
vn -29.906298 -74.526416 59.593852
vn -29.906298 -74.526416 59.593852
vn -29.906298 -74.526416 59.593852
vn -21.481980 21.955087 -95.165647
vn -21.481980 21.955087 -95.165647
vn -21.481980 21.955087 -95.165647
vn 47.066942 71.715108 51.396950
vn 47.066942 71.715108 51.396950
vn 47.066942 71.715108 51.396950
vn 16.036552 -89.978449 40.579653
vn 16.036552 -89.978449 40.579653
vn 16.036552 -89.978449 40.579653
vn 95.401418 -27.290964 -12.400521
vn 95.401418 -27.290964 -12.400521
vn 95.401418 -27.290964 -12.400521
vn -91.460800 34.332547 21.358853
vn -91.460800 34.332547 21.358853
vn -91.460800 34.332547 21.358853
vn -89.565814 31.163035 31.730610
vn -89.565814 31.163035 31.730610
vn -89.565814 31.163035 31.730610
vn -72.972568 41.588794 54.271321
vn -72.972568 41.588794 54.271321
vn -72.972568 41.588794 54.271321
vn -4.275614 13.599653 -98.978632
vn -4.275614 13.599653 -98.978632
vn -4.275614 13.599653 -98.978632
vn 62.762436 45.737279 62.999828
vn 62.762436 45.737279 62.999828
vn 62.762436 45.737279 62.999828
vn 91.940243 -30.125488 -25.287322
vn 91.940243 -30.125488 -25.287322
vn 91.940243 -30.125488 -25.287322
vn -0.948886 20.816532 97.804770
vn -0.948886 20.816532 97.804770
vn -0.948886 20.816532 97.804770
vn -22.817353 -9.188671 -96.927484
vn -22.817353 -9.188671 -96.927484
vn -22.817353 -9.188671 -96.927484
vn -95.046112 25.602511 17.628090
vn -95.046112 25.602511 17.628090
vn -95.046112 25.602511 17.628090
vn -78.902415 -31.170980 52.941287
vn -78.902415 -31.170980 52.941287
vn -78.902415 -31.170980 52.941287
vn -95.957233 -18.760163 -20.982523
vn -95.957233 -18.760163 -20.982523
vn -95.957233 -18.760163 -20.982523
vn -96.934560 -18.315307 16.378090
vn -96.934560 -18.315307 16.378090
vn -96.934560 -18.315307 16.378090
vn -85.077376 23.392058 47.060084
vn -85.077376 23.392058 47.060084
vn -85.077376 23.392058 47.060084
vn -84.807682 49.739749 18.265139
vn -84.807682 49.739749 18.265139
vn -84.807682 49.739749 18.265139
vn 50.288997 4.756223 -86.304095
vn 50.288997 4.756223 -86.304095
vn 50.288997 4.756223 -86.304095
vn -70.747209 39.049038 58.906749
vn -70.747209 39.049038 58.906749
vn -70.747209 39.049038 58.906749
vn 26.638838 6.130195 -96.191438
vn 26.638838 6.130195 -96.191438
vn 26.638838 6.130195 -96.191438
vn 30.750305 4.776043 -95.034778
vn 30.750305 4.776043 -95.034778
vn 30.750305 4.776043 -95.034778
vn 92.099312 38.388384 6.636974
vn 92.099312 38.388384 6.636974
vn 92.099312 38.388384 6.636974
vn -81.949798 -40.435166 -40.610689
vn -81.949798 -40.435166 -40.610689
vn -81.949798 -40.435166 -40.610689
vn 25.792902 18.224756 94.881943
vn 25.792902 18.224756 94.881943
vn 25.792902 18.224756 94.881943
vn -61.583746 27.423460 73.860667
vn -61.583746 27.423460 73.860667
vn -61.583746 27.423460 73.860667
vn -64.688095 14.758527 -74.817363
vn -64.688095 14.758527 -74.817363
vn -64.688095 14.758527 -74.817363
vn -53.042740 -0.497761 -84.771586
vn -53.042740 -0.497761 -84.771586
vn -53.042740 -0.497761 -84.771586
vn -11.608374 -99.174273 5.450596
vn -11.608374 -99.174273 5.450596
vn -11.608374 -99.174273 5.450596
vn -11.849996 -99.235308 3.454144
vn -11.849996 -99.235308 3.454144
vn -11.849996 -99.235308 3.454144
vn -14.485021 -98.906750 2.764242
vn -14.485021 -98.906750 2.764242
vn -14.485021 -98.906750 2.764242
vn -7.556456 -99.609315 4.569982
vn -7.556456 -99.609315 4.569982
vn -7.556456 -99.609315 4.569982
vn -16.326410 -98.570335 4.163957
vn -16.326410 -98.570335 4.163957
vn -16.326410 -98.570335 4.163957
vn 3.419756 -99.257439 11.673346
vn 3.419756 -99.257439 11.673346
vn 3.419756 -99.257439 11.673346
vn -12.326538 -99.172944 3.575499
vn -12.326538 -99.172944 3.575499
vn -12.326538 -99.172944 3.575499
vn -98.391543 11.137039 13.966790
vn -98.391543 11.137039 13.966790
vn -98.391543 11.137039 13.966790
vn 77.679877 56.619723 -27.568912
vn 77.679877 56.619723 -27.568912
vn 77.679877 56.619723 -27.568912
vn 85.954310 49.196925 -13.839052
vn 85.954310 49.196925 -13.839052
vn 85.954310 49.196925 -13.839052
vn -68.763155 48.743116 -53.812076
vn -68.763155 48.743116 -53.812076
vn -68.763155 48.743116 -53.812076
vn -62.639761 46.141409 -62.826991
vn -62.639761 46.141409 -62.826991
vn -62.639761 46.141409 -62.826991
vn 7.871033 -86.894689 48.860633
vn 7.871033 -86.894689 48.860633
vn 7.871033 -86.894689 48.860633
vn 98.607432 -1.080681 -16.595400
vn 98.607432 -1.080681 -16.595400
vn 98.607432 -1.080681 -16.595400
vn 43.693351 47.502773 -76.383101
vn 43.693351 47.502773 -76.383101
vn 43.693351 47.502773 -76.383101
vn 11.785555 -32.983833 -93.665188
vn 11.785555 -32.983833 -93.665188
vn 11.785555 -32.983833 -93.665188
vn 42.958113 83.470846 -34.456060
vn 42.958113 83.470846 -34.456060
vn 42.958113 83.470846 -34.456060
vn 42.474092 89.216430 -15.374715
vn 42.474092 89.216430 -15.374715
vn 42.474092 89.216430 -15.374715
vn 34.669921 92.672569 -14.484183
vn 34.669921 92.672569 -14.484183
vn 34.669921 92.672569 -14.484183
vn 92.775244 -1.364029 37.294690
vn 92.775244 -1.364029 37.294690
vn 92.775244 -1.364029 37.294690
vn 94.608538 -0.101134 32.391590
vn 94.608538 -0.101134 32.391590
vn 94.608538 -0.101134 32.391590
vn 97.128899 -11.608537 20.765854
vn 97.128899 -11.608537 20.765854
vn 97.128899 -11.608537 20.765854
vn -15.960005 84.027270 -51.814051
vn -15.960005 84.027270 -51.814051
vn -15.960005 84.027270 -51.814051
vn 95.479506 -29.664475 -1.919305
vn 95.479506 -29.664475 -1.919305
vn 95.479506 -29.664475 -1.919305
vn -53.636795 10.723572 83.714400
vn -53.636795 10.723572 83.714400
vn -53.636795 10.723572 83.714400
vn -22.827218 46.632003 -85.465635
vn -22.827218 46.632003 -85.465635
vn -22.827218 46.632003 -85.465635
vn -58.649089 -32.386367 -74.238872
vn -58.649089 -32.386367 -74.238872
vn -58.649089 -32.386367 -74.238872
vn -82.201353 -18.625323 53.814820
vn -82.201353 -18.625323 53.814820
vn -82.201353 -18.625323 53.814820
vn 43.067457 7.869657 -89.906971
vn 43.067457 7.869657 -89.906971
vn 43.067457 7.869657 -89.906971
vn 79.418951 -52.548518 30.516914
vn 79.418951 -52.548518 30.516914
vn 79.418951 -52.548518 30.516914
vn 93.016903 -14.779752 33.606801
vn 93.016903 -14.779752 33.606801
vn 93.016903 -14.779752 33.606801
vn -37.440851 -55.685243 -74.144037
vn -37.440851 -55.685243 -74.144037
vn -37.440851 -55.685243 -74.144037
vn -88.326634 -13.414275 -44.927320
vn -88.326634 -13.414275 -44.927320
vn -88.326634 -13.414275 -44.927320
vn -86.248653 -11.236210 -49.344885
vn -86.248653 -11.236210 -49.344885
vn -86.248653 -11.236210 -49.344885
vn -59.125902 60.107004 53.770599
vn -59.125902 60.107004 53.770599
vn -59.125902 60.107004 53.770599
vn -68.949057 53.970971 -48.302818
vn -68.949057 53.970971 -48.302818
vn -68.949057 53.970971 -48.302818
vn 61.772566 -43.152021 65.742332
vn 61.772566 -43.152021 65.742332
vn 61.772566 -43.152021 65.742332
vn 46.819598 23.517006 85.175570
vn 46.819598 23.517006 85.175570
vn 46.819598 23.517006 85.175570
vn 99.605191 -4.138622 -7.853571
vn 99.605191 -4.138622 -7.853571
vn 99.605191 -4.138622 -7.853571
vn 55.255919 -15.549064 -81.884135
vn 55.255919 -15.549064 -81.884135
vn 55.255919 -15.549064 -81.884135
vn 22.899169 -90.923381 -34.764462
vn 22.899169 -90.923381 -34.764462
vn 22.899169 -90.923381 -34.764462
vn -81.953622 -33.418230 -46.549186
vn -81.953622 -33.418230 -46.549186
vn -81.953622 -33.418230 -46.549186
vn -67.886037 10.180332 -72.717594
vn -67.886037 10.180332 -72.717594
vn -67.886037 10.180332 -72.717594
vn 69.822797 -18.561767 -69.139265
vn 69.822797 -18.561767 -69.139265
vn 69.822797 -18.561767 -69.139265
vn -24.030206 30.769094 -92.064171
vn -24.030206 30.769094 -92.064171
vn -24.030206 30.769094 -92.064171
vn -92.034294 21.778146 -32.486948
vn -92.034294 21.778146 -32.486948
vn -92.034294 21.778146 -32.486948
vn -70.897324 -12.046867 69.486999
vn -70.897324 -12.046867 69.486999
vn -70.897324 -12.046867 69.486999
vn 63.988108 -76.588665 -6.300741
vn 63.988108 -76.588665 -6.300741
vn 63.988108 -76.588665 -6.300741
vn -46.397916 -82.613339 -31.972947
vn -46.397916 -82.613339 -31.972947
vn -46.397916 -82.613339 -31.972947
vn 55.492815 -8.379970 -82.766682
vn 55.492815 -8.379970 -82.766682
vn 55.492815 -8.379970 -82.766682
vn -96.144361 5.879554 -26.864367
vn -96.144361 5.879554 -26.864367
vn -96.144361 5.879554 -26.864367
vn 66.413531 31.631235 67.740006
vn 66.413531 31.631235 67.740006
vn 66.413531 31.631235 67.740006
vn -6.919269 -36.428183 -92.871477
vn -6.919269 -36.428183 -92.871477
vn -6.919269 -36.428183 -92.871477
vn -30.581593 -36.156665 88.076460
vn -30.581593 -36.156665 88.076460
vn -30.581593 -36.156665 88.076460
vn 90.744076 22.060514 -35.760981
vn 90.744076 22.060514 -35.760981
vn 90.744076 22.060514 -35.760981
vn 92.777086 35.117137 -12.617452
vn 92.777086 35.117137 -12.617452
vn 92.777086 35.117137 -12.617452
vn 63.035612 -21.614236 -74.560969
vn 63.035612 -21.614236 -74.560969
vn 63.035612 -21.614236 -74.560969
vn -9.964565 -40.109590 91.060027
vn -9.964565 -40.109590 91.060027
vn -9.964565 -40.109590 91.060027
vn -50.021936 -38.043465 77.784968
vn -50.021936 -38.043465 77.784968
vn -50.021936 -38.043465 77.784968
vn -66.505332 -70.352961 25.049991
vn -66.505332 -70.352961 25.049991
vn -66.505332 -70.352961 25.049991
vn -96.490745 21.696662 -14.791667
vn -96.490745 21.696662 -14.791667
vn -96.490745 21.696662 -14.791667
vn 75.852133 -30.098583 57.797313
vn 75.852133 -30.098583 57.797313
vn 75.852133 -30.098583 57.797313
vn 99.763997 -3.070157 6.141652
vn 99.763997 -3.070157 6.141652
vn 99.763997 -3.070157 6.141652
vn -62.488590 15.004811 76.616145
vn -62.488590 15.004811 76.616145
vn -62.488590 15.004811 76.616145
vn -89.976397 9.791801 -42.524937
vn -89.976397 9.791801 -42.524937
vn -89.976397 9.791801 -42.524937
vn -87.821296 3.651272 -47.687406
vn -87.821296 3.651272 -47.687406
vn -87.821296 3.651272 -47.687406
vn -88.092284 3.036813 -47.228473
vn -88.092284 3.036813 -47.228473
vn -88.092284 3.036813 -47.228473
vn 70.957895 -35.006609 -61.151572
vn 70.957895 -35.006609 -61.151572
vn 70.957895 -35.006609 -61.151572
vn 72.516059 -24.209818 64.461661
vn 72.516059 -24.209818 64.461661
vn 72.516059 -24.209818 64.461661
vn -65.191341 1.508858 75.814340
vn -65.191341 1.508858 75.814340
vn -65.191341 1.508858 75.814340
vn -65.715935 -16.181837 73.617694
vn -65.715935 -16.181837 73.617694
vn -65.715935 -16.181837 73.617694
vn -72.738756 15.344024 -66.885246
vn -72.738756 15.344024 -66.885246
vn -72.738756 15.344024 -66.885246
vn 17.018726 -95.231252 25.325333
vn 17.018726 -95.231252 25.325333
vn 17.018726 -95.231252 25.325333
vn -99.884434 4.804724 -0.125387
vn -99.884434 4.804724 -0.125387
vn -99.884434 4.804724 -0.125387
vn -18.557785 -3.815820 98.188848
vn -18.557785 -3.815820 98.188848
vn -18.557785 -3.815820 98.188848
vn 80.344955 -41.279998 42.902810
vn 80.344955 -41.279998 42.902810
vn 80.344955 -41.279998 42.902810
vn 3.995188 -7.311882 -99.652276
vn 3.995188 -7.311882 -99.652276
vn 3.995188 -7.311882 -99.652276
vn 99.176612 -11.733175 5.131578
vn 99.176612 -11.733175 5.131578
vn 99.176612 -11.733175 5.131578
vn 99.225848 -11.238734 5.284150
vn 99.225848 -11.238734 5.284150
vn 99.225848 -11.238734 5.284150
vn 66.601339 41.518656 61.971477
vn 66.601339 41.518656 61.971477
vn 66.601339 41.518656 61.971477
vn 77.261510 17.086560 -61.144975
vn 77.261510 17.086560 -61.144975
vn 77.261510 17.086560 -61.144975
vn 96.427529 25.131637 -8.374563
vn 96.427529 25.131637 -8.374563
vn 96.427529 25.131637 -8.374563
vn 98.972982 -10.894992 9.254658
vn 98.972982 -10.894992 9.254658
vn 98.972982 -10.894992 9.254658
vn -38.881930 -77.953443 -49.106578
vn -38.881930 -77.953443 -49.106578
vn -38.881930 -77.953443 -49.106578
vn 59.133717 -62.941393 50.414143
vn 59.133717 -62.941393 50.414143
vn 59.133717 -62.941393 50.414143
vn 64.986098 -66.618553 36.589301
vn 64.986098 -66.618553 36.589301
vn 64.986098 -66.618553 36.589301
vn 86.861889 46.620167 16.780125
vn 86.861889 46.620167 16.780125
vn 86.861889 46.620167 16.780125
vn 40.699691 -40.209692 82.016558
vn 40.699691 -40.209692 82.016558
vn 40.699691 -40.209692 82.016558
vn 57.059687 -5.080000 81.965761
vn 57.059687 -5.080000 81.965761
vn 57.059687 -5.080000 81.965761
vn -70.821269 18.560551 -68.116482
vn -70.821269 18.560551 -68.116482
vn -70.821269 18.560551 -68.116482
vn -90.162402 -39.493540 -17.635228
vn -90.162402 -39.493540 -17.635228
vn -90.162402 -39.493540 -17.635228
vn -38.501898 -91.673846 10.654199
vn -38.501898 -91.673846 10.654199
vn -38.501898 -91.673846 10.654199
vn 71.297843 -67.712228 -18.211891
vn 71.297843 -67.712228 -18.211891
vn 71.297843 -67.712228 -18.211891
vn -58.117850 80.821005 -9.501580
vn -58.117850 80.821005 -9.501580
vn -58.117850 80.821005 -9.501580
vn 45.190219 70.545569 54.600059
vn 45.190219 70.545569 54.600059
vn 45.190219 70.545569 54.600059
vn -41.025827 -69.544193 -58.995650
vn -41.025827 -69.544193 -58.995650
vn -41.025827 -69.544193 -58.995650
vn 75.362777 -31.801273 57.525052
vn 75.362777 -31.801273 57.525052
vn 75.362777 -31.801273 57.525052
vn 29.716724 -88.751853 -35.213991
vn 29.716724 -88.751853 -35.213991
vn 29.716724 -88.751853 -35.213991
vn -74.027238 -62.466261 -24.858283
vn -74.027238 -62.466261 -24.858283
vn -74.027238 -62.466261 -24.858283
vn -70.858277 22.651289 66.828316
vn -70.858277 22.651289 66.828316
vn -70.858277 22.651289 66.828316
vn -87.995032 39.170285 -26.880551
vn -87.995032 39.170285 -26.880551
vn -87.995032 39.170285 -26.880551
vn -87.992467 38.627278 -27.663329
vn -87.992467 38.627278 -27.663329
vn -87.992467 38.627278 -27.663329
vn -10.734302 -98.787255 -11.218427
vn -10.734302 -98.787255 -11.218427
vn -10.734302 -98.787255 -11.218427
vn -48.725163 82.498353 28.633564
vn -48.725163 82.498353 28.633564
vn -48.725163 82.498353 28.633564
vn -43.899854 -69.902763 -56.448267
vn -43.899854 -69.902763 -56.448267
vn -43.899854 -69.902763 -56.448267
vn 64.429118 34.603110 -68.202016
vn 64.429118 34.603110 -68.202016
vn 64.429118 34.603110 -68.202016
vn 51.449506 -35.638244 -77.992719
vn 51.449506 -35.638244 -77.992719
vn 51.449506 -35.638244 -77.992719
vn 51.426863 -35.744194 -77.959161
vn 51.426863 -35.744194 -77.959161
vn 51.426863 -35.744194 -77.959161
vn 64.352173 -38.195240 -66.331897
vn 64.352173 -38.195240 -66.331897
vn 64.352173 -38.195240 -66.331897
vn -10.811675 -70.966963 69.618957
vn -10.811675 -70.966963 69.618957
vn -10.811675 -70.966963 69.618957
vn 84.989350 -50.125072 -16.256975
vn 84.989350 -50.125072 -16.256975
vn 84.989350 -50.125072 -16.256975
vn 20.678520 76.067230 61.531925
vn 20.678520 76.067230 61.531925
vn 20.678520 76.067230 61.531925
vn -6.655396 63.805220 -76.711147
vn -6.655396 63.805220 -76.711147
vn -6.655396 63.805220 -76.711147
vn 76.817612 -24.894922 -58.985569
vn 76.817612 -24.894922 -58.985569
vn 76.817612 -24.894922 -58.985569
vn 52.554583 8.285371 84.672127
vn 52.554583 8.285371 84.672127
vn 52.554583 8.285371 84.672127
vn -39.268191 30.462246 86.775932
vn -39.268191 30.462246 86.775932
vn -39.268191 30.462246 86.775932
vn -93.988698 -25.548372 -22.658434
vn -93.988698 -25.548372 -22.658434
vn -93.988698 -25.548372 -22.658434
vn -96.243051 -21.405435 -16.705828
vn -96.243051 -21.405435 -16.705828
vn -96.243051 -21.405435 -16.705828
vn 82.760137 4.257110 55.969969
vn 82.760137 4.257110 55.969969
vn 82.760137 4.257110 55.969969
vn 80.090382 8.415647 59.284985
vn 80.090382 8.415647 59.284985
vn 80.090382 8.415647 59.284985
vn 87.240361 -1.807572 48.845197
vn 87.240361 -1.807572 48.845197
vn 87.240361 -1.807572 48.845197
vn -95.742817 23.634803 -16.574367
vn -95.742817 23.634803 -16.574367
vn -95.742817 23.634803 -16.574367
vn 65.990199 73.739746 14.413300
vn 65.990199 73.739746 14.413300
vn 65.990199 73.739746 14.413300
vn 61.554515 -22.157458 75.631272
vn 61.554515 -22.157458 75.631272
vn 61.554515 -22.157458 75.631272
vn -20.760577 -22.435950 -95.213596
vn -20.760577 -22.435950 -95.213596
vn -20.760577 -22.435950 -95.213596
vn 1.411676 56.057290 -82.798478
vn 1.411676 56.057290 -82.798478
vn 1.411676 56.057290 -82.798478
vn 27.986486 -4.056797 -95.918203
vn 27.986486 -4.056797 -95.918203
vn 27.986486 -4.056797 -95.918203
vn 22.959079 -27.301606 -93.421115
vn 22.959079 -27.301606 -93.421115
vn 22.959079 -27.301606 -93.421115
vn 75.614871 -8.691225 64.860270
vn 75.614871 -8.691225 64.860270
vn 75.614871 -8.691225 64.860270
vn 86.566259 39.919298 -30.211454
vn 86.566259 39.919298 -30.211454
vn 86.566259 39.919298 -30.211454
vn 56.798133 72.200611 39.510055
vn 56.798133 72.200611 39.510055
vn 56.798133 72.200611 39.510055
vn -93.247003 9.282952 -34.911667
vn -93.247003 9.282952 -34.911667
vn -93.247003 9.282952 -34.911667
vn -5.957488 -0.751438 99.819560
vn -5.957488 -0.751438 99.819560
vn -5.957488 -0.751438 99.819560
vn -56.471730 28.394941 77.489810
vn -56.471730 28.394941 77.489810
vn -56.471730 28.394941 77.489810
vn 95.814450 7.675944 -27.580303
vn 95.814450 7.675944 -27.580303
vn 95.814450 7.675944 -27.580303
vn -99.545868 -8.576461 4.131100
vn -99.545868 -8.576461 4.131100
vn -99.545868 -8.576461 4.131100
vn 19.780120 8.098782 -97.689083
vn 19.780120 8.098782 -97.689083
vn 19.780120 8.098782 -97.689083
vn 96.120826 -7.058654 -26.663904
vn 96.120826 -7.058654 -26.663904
vn 96.120826 -7.058654 -26.663904
vn -92.579060 -27.109338 -26.347712
vn -92.579060 -27.109338 -26.347712
vn -92.579060 -27.109338 -26.347712
vn 94.649806 -4.193751 -31.997330
vn 94.649806 -4.193751 -31.997330
vn 94.649806 -4.193751 -31.997330
vn 59.157212 13.042242 -79.563333
vn 59.157212 13.042242 -79.563333
vn 59.157212 13.042242 -79.563333
vn 96.894890 -16.354609 -18.544780
vn 96.894890 -16.354609 -18.544780
vn 96.894890 -16.354609 -18.544780
vn 96.310315 -0.496313 26.908695
vn 96.310315 -0.496313 26.908695
vn 96.310315 -0.496313 26.908695
vn -81.939302 29.134493 49.367341
vn -81.939302 29.134493 49.367341
vn -81.939302 29.134493 49.367341
vn 54.396141 -41.951190 72.671586
vn 54.396141 -41.951190 72.671586
vn 54.396141 -41.951190 72.671586
vn 74.497182 40.297494 53.162795
vn 74.497182 40.297494 53.162795
vn 74.497182 40.297494 53.162795
vn -92.820550 30.453610 -21.375740
vn -92.820550 30.453610 -21.375740
vn -92.820550 30.453610 -21.375740
vn -77.343889 10.212738 -62.558962
vn -77.343889 10.212738 -62.558962
vn -77.343889 10.212738 -62.558962
vn -99.797076 -2.767156 5.734756
vn -99.797076 -2.767156 5.734756
vn -99.797076 -2.767156 5.734756
vn -23.265177 40.802696 -88.282908
vn -23.265177 40.802696 -88.282908
vn -23.265177 40.802696 -88.282908
vn -91.376494 -26.517586 -30.775867
vn -91.376494 -26.517586 -30.775867
vn -91.376494 -26.517586 -30.775867
vn -23.109435 -6.086168 -97.102590
vn -23.109435 -6.086168 -97.102590
vn -23.109435 -6.086168 -97.102590
vn 35.139371 2.269759 -93.595268
vn 35.139371 2.269759 -93.595268
vn 35.139371 2.269759 -93.595268
vn -93.440384 30.780581 17.929018
vn -93.440384 30.780581 17.929018
vn -93.440384 30.780581 17.929018
vn -55.821953 -12.276004 82.056137
vn -55.821953 -12.276004 82.056137
vn -55.821953 -12.276004 82.056137
vn 92.321710 15.415102 35.200526
vn 92.321710 15.415102 35.200526
vn 92.321710 15.415102 35.200526
vn 31.366338 -56.554521 -76.274111
vn 31.366338 -56.554521 -76.274111
vn 31.366338 -56.554521 -76.274111
vn 17.469492 64.062795 74.771488
vn 17.469492 64.062795 74.771488
vn 17.469492 64.062795 74.771488
vn 49.859244 -6.038824 -86.473057
vn 49.859244 -6.038824 -86.473057
vn 49.859244 -6.038824 -86.473057
vn 32.921244 80.071526 -50.047401
vn 32.921244 80.071526 -50.047401
vn 32.921244 80.071526 -50.047401
vn -40.647251 26.900698 87.316406
vn -40.647251 26.900698 87.316406
vn -40.647251 26.900698 87.316406
vn -41.119874 26.105295 87.336538
vn -41.119874 26.105295 87.336538
vn -41.119874 26.105295 87.336538
vn -89.944456 11.102534 -42.269715
vn -89.944456 11.102534 -42.269715
vn -89.944456 11.102534 -42.269715
vn 60.558939 67.784411 -41.688003
vn 60.558939 67.784411 -41.688003
vn 60.558939 67.784411 -41.688003
vn -90.561278 11.720252 -40.758929
vn -90.561278 11.720252 -40.758929
vn -90.561278 11.720252 -40.758929
vn -65.836403 -3.146816 -75.204161
vn -65.836403 -3.146816 -75.204161
vn -65.836403 -3.146816 -75.204161
vn 93.595014 14.598728 32.044522
vn 93.595014 14.598728 32.044522
vn 93.595014 14.598728 32.044522
vn 66.346871 -16.008365 73.087794
vn 66.346871 -16.008365 73.087794
vn 66.346871 -16.008365 73.087794
vn -39.109600 20.839244 89.644663
vn -39.109600 20.839244 89.644663
vn -39.109600 20.839244 89.644663
vn -70.223707 1.474407 -71.179050
vn -70.223707 1.474407 -71.179050
vn -70.223707 1.474407 -71.179050
vn 89.594281 1.403259 44.394768
vn 89.594281 1.403259 44.394768
vn 89.594281 1.403259 44.394768
vn 89.886825 -2.386550 43.756853
vn 89.886825 -2.386550 43.756853
vn 89.886825 -2.386550 43.756853
vn -36.635113 17.299380 -91.425383
vn -36.635113 17.299380 -91.425383
vn -36.635113 17.299380 -91.425383
vn -82.037091 28.081598 49.813048
vn -82.037091 28.081598 49.813048
vn -82.037091 28.081598 49.813048
vn 93.264968 1.205068 36.058205
vn 93.264968 1.205068 36.058205
vn 93.264968 1.205068 36.058205
vn 78.799457 32.489170 52.298179
vn 78.799457 32.489170 52.298179
vn 78.799457 32.489170 52.298179
vn -52.277249 -20.622241 -82.715251
vn -52.277249 -20.622241 -82.715251
vn -52.277249 -20.622241 -82.715251
vn -53.416773 -35.691675 76.633892
vn -53.416773 -35.691675 76.633892
vn -53.416773 -35.691675 76.633892
vn 56.296806 15.082737 -81.259962
vn 56.296806 15.082737 -81.259962
vn 56.296806 15.082737 -81.259962
vn 77.263237 36.322759 52.067754
vn 77.263237 36.322759 52.067754
vn 77.263237 36.322759 52.067754
vn -92.618746 29.938508 22.922775
vn -92.618746 29.938508 22.922775
vn -92.618746 29.938508 22.922775
vn 77.692120 -7.071711 -62.561373
vn 77.692120 -7.071711 -62.561373
vn 77.692120 -7.071711 -62.561373
vn 36.734083 4.061676 -92.919912
vn 36.734083 4.061676 -92.919912
vn 36.734083 4.061676 -92.919912
vn -54.341488 58.340466 60.360535
vn -54.341488 58.340466 60.360535
vn -54.341488 58.340466 60.360535
vn -12.265461 27.247601 95.431279
vn -12.265461 27.247601 95.431279
vn -12.265461 27.247601 95.431279
vn 9.421881 -19.338202 -97.658918
vn 9.421881 -19.338202 -97.658918
vn 9.421881 -19.338202 -97.658918
vn 81.382706 29.985793 49.776589
vn 81.382706 29.985793 49.776589
vn 81.382706 29.985793 49.776589
vn 95.816583 -14.373837 24.750265
vn 95.816583 -14.373837 24.750265
vn 95.816583 -14.373837 24.750265
vn -67.980535 51.723477 -51.993555
vn -67.980535 51.723477 -51.993555
vn -67.980535 51.723477 -51.993555
vn 36.392384 89.659876 -25.232932
vn 36.392384 89.659876 -25.232932
vn 36.392384 89.659876 -25.232932
vn -79.542596 31.471642 51.792985
vn -79.542596 31.471642 51.792985
vn -79.542596 31.471642 51.792985
vn 30.421284 -4.909406 -95.133819
vn 30.421284 -4.909406 -95.133819
vn 30.421284 -4.909406 -95.133819
vn 35.060809 -10.964041 -93.008224
vn 35.060809 -10.964041 -93.008224
vn 35.060809 -10.964041 -93.008224
vn 63.901460 -23.689540 -73.180674
vn 63.901460 -23.689540 -73.180674
vn 63.901460 -23.689540 -73.180674
vn 71.536686 -11.740232 -68.881572
vn 71.536686 -11.740232 -68.881572
vn 71.536686 -11.740232 -68.881572
vn -96.426202 7.975326 -25.266231
vn -96.426202 7.975326 -25.266231
vn -96.426202 7.975326 -25.266231
vn -96.042305 4.035609 -27.560666
vn -96.042305 4.035609 -27.560666
vn -96.042305 4.035609 -27.560666
vn -95.349678 4.982624 -29.725612
vn -95.349678 4.982624 -29.725612
vn -95.349678 4.982624 -29.725612
vn 13.585667 -41.884249 89.783854
vn 13.585667 -41.884249 89.783854
vn 13.585667 -41.884249 89.783854
vn -96.441112 14.182696 22.315100
vn -96.441112 14.182696 22.315100
vn -96.441112 14.182696 22.315100
vn 79.995621 58.914074 -11.394433
vn 79.995621 58.914074 -11.394433
vn 79.995621 58.914074 -11.394433
vn -90.032240 2.564799 43.446733
vn -90.032240 2.564799 43.446733
vn -90.032240 2.564799 43.446733
vn -50.787375 -31.030498 -80.360135
vn -50.787375 -31.030498 -80.360135
vn -50.787375 -31.030498 -80.360135
vn 34.243397 -41.903062 -84.092353
vn 34.243397 -41.903062 -84.092353
vn 34.243397 -41.903062 -84.092353
vn 55.682205 -1.881780 83.041863
vn 55.682205 -1.881780 83.041863
vn 55.682205 -1.881780 83.041863
vn 86.349409 -15.549354 -47.979136
vn 86.349409 -15.549354 -47.979136
vn 86.349409 -15.549354 -47.979136
vn -4.356945 27.921661 95.923922
vn -4.356945 27.921661 95.923922
vn -4.356945 27.921661 95.923922
vn 39.145504 39.711566 83.009766
vn 39.145504 39.711566 83.009766
vn 39.145504 39.711566 83.009766
vn 92.229345 2.666356 -38.556952
vn 92.229345 2.666356 -38.556952
vn 92.229345 2.666356 -38.556952
vn -49.542406 25.911858 -82.910351
vn -49.542406 25.911858 -82.910351
vn -49.542406 25.911858 -82.910351
vn 89.712989 36.782548 24.466828
vn 89.712989 36.782548 24.466828
vn 89.712989 36.782548 24.466828
vn 32.937004 76.726326 55.029327
vn 32.937004 76.726326 55.029327
vn 32.937004 76.726326 55.029327
vn -16.239456 -91.773509 36.247797
vn -16.239456 -91.773509 36.247797
vn -16.239456 -91.773509 36.247797
vn 20.264999 -15.266965 96.727717
vn 20.264999 -15.266965 96.727717
vn 20.264999 -15.266965 96.727717
vn -31.974216 -54.530774 77.485765
vn -31.974216 -54.530774 77.485765
vn -31.974216 -54.530774 77.485765
vn -30.181084 -56.199519 77.011150
vn -30.181084 -56.199519 77.011150
vn -30.181084 -56.199519 77.011150
vn -6.925994 -99.657488 4.518364
vn -6.925994 -99.657488 4.518364
vn -6.925994 -99.657488 4.518364
vn -12.283798 -99.204552 2.750577
vn -12.283798 -99.204552 2.750577
vn -12.283798 -99.204552 2.750577
vn -10.139531 -99.439752 2.987531
vn -10.139531 -99.439752 2.987531
vn -10.139531 -99.439752 2.987531
vn -7.279031 -98.903150 -12.852422
vn -7.279031 -98.903150 -12.852422
vn -7.279031 -98.903150 -12.852422
vn -12.819955 -99.160195 1.704251
vn -12.819955 -99.160195 1.704251
vn -12.819955 -99.160195 1.704251
vn -11.875365 -99.203676 4.196006
vn -11.875365 -99.203676 4.196006
vn -11.875365 -99.203676 4.196006
vn 40.631527 -25.951584 87.610476
vn 40.631527 -25.951584 87.610476
vn 40.631527 -25.951584 87.610476
vn 29.487241 1.976876 95.533222
vn 29.487241 1.976876 95.533222
vn 29.487241 1.976876 95.533222
vn 48.730355 -75.172490 -44.434796
vn 48.730355 -75.172490 -44.434796
vn 48.730355 -75.172490 -44.434796
vn 40.576275 -60.243424 68.733518
vn 40.576275 -60.243424 68.733518
vn 40.576275 -60.243424 68.733518
vn -57.359211 -71.993733 39.074591
vn -57.359211 -71.993733 39.074591
vn -57.359211 -71.993733 39.074591
vn -82.846101 5.223153 -55.760580
vn -82.846101 5.223153 -55.760580
vn -82.846101 5.223153 -55.760580
vn -86.686030 9.509012 -48.939870
vn -86.686030 9.509012 -48.939870
vn -86.686030 9.509012 -48.939870
vn -69.670939 -0.396303 -71.734265
vn -69.670939 -0.396303 -71.734265
vn -69.670939 -0.396303 -71.734265
vn -71.992761 -11.282593 -68.481729
vn -71.992761 -11.282593 -68.481729
vn -71.992761 -11.282593 -68.481729
vn 12.274256 70.311384 -70.040364
vn 12.274256 70.311384 -70.040364
vn 12.274256 70.311384 -70.040364
vn -93.230265 -1.785201 -36.123826
vn -93.230265 -1.785201 -36.123826
vn -93.230265 -1.785201 -36.123826
vn -47.439439 79.114395 38.605858
vn -47.439439 79.114395 38.605858
vn -47.439439 79.114395 38.605858
vn -96.129016 -5.372705 -27.024926
vn -96.129016 -5.372705 -27.024926
vn -96.129016 -5.372705 -27.024926
vn 55.138110 -25.302891 -79.495625
vn 55.138110 -25.302891 -79.495625
vn 55.138110 -25.302891 -79.495625
vn 8.036873 27.815536 -95.716798
vn 8.036873 27.815536 -95.716798
vn 8.036873 27.815536 -95.716798
vn 30.965006 -46.543726 82.914728
vn 30.965006 -46.543726 82.914728
vn 30.965006 -46.543726 82.914728
vn -36.137994 32.782800 87.288801
vn -36.137994 32.782800 87.288801
vn -36.137994 32.782800 87.288801
vn -34.423256 18.676392 -92.012140
vn -34.423256 18.676392 -92.012140
vn -34.423256 18.676392 -92.012140
vn 86.231190 -40.596272 -30.267543
vn 86.231190 -40.596272 -30.267543
vn 86.231190 -40.596272 -30.267543
vn -54.622735 -8.720709 83.308507
vn -54.622735 -8.720709 83.308507
vn -54.622735 -8.720709 83.308507
vn -95.491997 24.134839 17.285505
vn -95.491997 24.134839 17.285505
vn -95.491997 24.134839 17.285505
vn 50.920878 56.717366 -64.731789
vn 50.920878 56.717366 -64.731789
vn 50.920878 56.717366 -64.731789
vn 55.619267 64.468914 -52.442887
vn 55.619267 64.468914 -52.442887
vn 55.619267 64.468914 -52.442887
vn -95.204068 -27.216542 -13.980152
vn -95.204068 -27.216542 -13.980152
vn -95.204068 -27.216542 -13.980152
vn 94.117655 -1.321239 33.765706
vn 94.117655 -1.321239 33.765706
vn 94.117655 -1.321239 33.765706
vn -40.647378 80.217347 -43.737497
vn -40.647378 80.217347 -43.737497
vn -40.647378 80.217347 -43.737497
vn 11.165295 -98.094015 15.902872
vn 11.165295 -98.094015 15.902872
vn 11.165295 -98.094015 15.902872
vn -7.339925 1.951596 -99.711174
vn -7.339925 1.951596 -99.711174
vn -7.339925 1.951596 -99.711174
vn -38.673467 -68.092763 62.191148
vn -38.673467 -68.092763 62.191148
vn -38.673467 -68.092763 62.191148
vn 15.909824 -5.214947 98.588452
vn 15.909824 -5.214947 98.588452
vn 15.909824 -5.214947 98.588452
vn 62.011418 -38.146636 -68.552305
vn 62.011418 -38.146636 -68.552305
vn 62.011418 -38.146636 -68.552305
vn -13.108899 -77.440324 -61.896326
vn -13.108899 -77.440324 -61.896326
vn -13.108899 -77.440324 -61.896326
vn 95.738280 16.286441 -23.852376
vn 95.738280 16.286441 -23.852376
vn 95.738280 16.286441 -23.852376
vn -19.167516 33.656290 -92.194699
vn -19.167516 33.656290 -92.194699
vn -19.167516 33.656290 -92.194699
vn 54.868550 -4.301683 -83.492147
vn 54.868550 -4.301683 -83.492147
vn 54.868550 -4.301683 -83.492147
vn 94.144281 -5.519228 -33.262501
vn 94.144281 -5.519228 -33.262501
vn 94.144281 -5.519228 -33.262501
vn 59.853903 -58.398312 -54.837474
vn 59.853903 -58.398312 -54.837474
vn 59.853903 -58.398312 -54.837474
vn -75.757056 5.919973 -65.006331
vn -75.757056 5.919973 -65.006331
vn -75.757056 5.919973 -65.006331
vn -19.470206 55.495581 -80.877390
vn -19.470206 55.495581 -80.877390
vn -19.470206 55.495581 -80.877390
vn -53.358824 -69.793508 -47.767171
vn -53.358824 -69.793508 -47.767171
vn -53.358824 -69.793508 -47.767171
vn 0.014221 -30.978390 -95.080706
vn 0.014221 -30.978390 -95.080706
vn 0.014221 -30.978390 -95.080706
vn 96.671271 -22.278358 -12.583413
vn 96.671271 -22.278358 -12.583413
vn 96.671271 -22.278358 -12.583413
vn -78.841767 -10.050521 60.687433
vn -78.841767 -10.050521 60.687433
vn -78.841767 -10.050521 60.687433
vn 64.244842 76.251581 7.635232
vn 64.244842 76.251581 7.635232
vn 64.244842 76.251581 7.635232
vn 65.669559 6.310929 75.151056
vn 65.669559 6.310929 75.151056
vn 65.669559 6.310929 75.151056
vn 63.686513 39.132208 -66.428162
vn 63.686513 39.132208 -66.428162
vn 63.686513 39.132208 -66.428162
vn 60.104799 17.711246 -77.934110
vn 60.104799 17.711246 -77.934110
vn 60.104799 17.711246 -77.934110
vn -67.973477 -26.266424 -68.481254
vn -67.973477 -26.266424 -68.481254
vn -67.973477 -26.266424 -68.481254
vn -24.704424 -8.304436 -96.543925
vn -24.704424 -8.304436 -96.543925
vn -24.704424 -8.304436 -96.543925
vn -12.616085 -8.346767 -98.849209
vn -12.616085 -8.346767 -98.849209
vn -12.616085 -8.346767 -98.849209
vn 89.433204 -20.163596 -39.939123
vn 89.433204 -20.163596 -39.939123
vn 89.433204 -20.163596 -39.939123
vn 88.717584 -45.283416 -8.865864
vn 88.717584 -45.283416 -8.865864
vn 88.717584 -45.283416 -8.865864
vn 15.261006 -32.859054 93.206145
vn 15.261006 -32.859054 93.206145
vn 15.261006 -32.859054 93.206145
vn 67.411493 36.610470 64.151112
vn 67.411493 36.610470 64.151112
vn 67.411493 36.610470 64.151112
vn -42.586928 -77.944595 45.945551
vn -42.586928 -77.944595 45.945551
vn -42.586928 -77.944595 45.945551
vn -95.723965 -26.371011 11.895066
vn -95.723965 -26.371011 11.895066
vn -95.723965 -26.371011 11.895066
vn -27.694408 -86.561274 41.715317
vn -27.694408 -86.561274 41.715317
vn -27.694408 -86.561274 41.715317
vn 43.516976 -35.701228 -82.654073
vn 43.516976 -35.701228 -82.654073
vn 43.516976 -35.701228 -82.654073
vn 46.645953 -38.405431 -79.681745
vn 46.645953 -38.405431 -79.681745
vn 46.645953 -38.405431 -79.681745
vn -81.369906 47.395278 33.654540
vn -81.369906 47.395278 33.654540
vn -81.369906 47.395278 33.654540
vn -56.004036 -5.146181 82.686546
vn -56.004036 -5.146181 82.686546
vn -56.004036 -5.146181 82.686546
vn -85.426793 -7.587231 -51.426633
vn -85.426793 -7.587231 -51.426633
vn -85.426793 -7.587231 -51.426633
vn -72.181607 31.134101 61.810060
vn -72.181607 31.134101 61.810060
vn -72.181607 31.134101 61.810060
vn 94.979635 -27.167928 15.516894
vn 94.979635 -27.167928 15.516894
vn 94.979635 -27.167928 15.516894
f 1//1 2//2 3//3
f 4//4 5//5 6//6
f 7//7 8//8 9//9
f 10//10 11//11 12//12
f 13//13 14//14 15//15
f 16//16 17//17 18//18
f 19//19 20//20 21//21
f 22//22 23//23 24//24
f 25//25 26//26 27//27
f 28//28 29//29 30//30
f 31//31 32//32 33//33
f 34//34 35//35 36//36
f 37//37 38//38 39//39
f 40//40 41//41 42//42
f 43//43 44//44 45//45
f 46//46 47//47 48//48
f 49//49 50//50 51//51
f 52//52 53//53 54//54
f 55//55 56//56 57//57
f 58//58 59//59 60//60
f 61//61 62//62 63//63
f 64//64 65//65 66//66
f 67//67 68//68 69//69
f 70//70 71//71 72//72
f 73//73 74//74 75//75
f 76//76 77//77 78//78
f 79//79 80//80 81//81
f 82//82 83//83 84//84
f 85//85 86//86 87//87
f 88//88 89//89 90//90
f 91//91 92//92 93//93
f 94//94 95//95 96//96
f 97//97 98//98 99//99
f 100//100 101//101 102//102
f 103//103 104//104 105//105
f 106//106 107//107 108//108
f 109//109 110//110 111//111
f 112//112 113//113 114//114
f 115//115 116//116 117//117
f 118//118 119//119 120//120
f 121//121 122//122 123//123
f 124//124 125//125 126//126
f 127//127 128//128 129//129
f 130//130 131//131 132//132
f 133//133 134//134 135//135
f 136//136 137//137 138//138
f 139//139 140//140 141//141
f 142//142 143//143 144//144
f 145//145 146//146 147//147
f 148//148 149//149 150//150
f 151//151 152//152 153//153
f 154//154 155//155 156//156
f 157//157 158//158 159//159
f 160//160 161//161 162//162
f 163//163 164//164 165//165
f 166//166 167//167 168//168
f 169//169 170//170 171//171
f 172//172 173//173 174//174
f 175//175 176//176 177//177
f 178//178 179//179 180//180
f 181//181 182//182 183//183
f 184//184 185//185 186//186
f 187//187 188//188 189//189
f 190//190 191//191 192//192
f 193//193 194//194 195//195
f 196//196 197//197 198//198
f 199//199 200//200 201//201
f 202//202 203//203 204//204
f 205//205 206//206 207//207
f 208//208 209//209 210//210
f 211//211 212//212 213//213
f 214//214 215//215 216//216
f 217//217 218//218 219//219
f 220//220 221//221 222//222
f 223//223 224//224 225//225
f 226//226 227//227 228//228
f 229//229 230//230 231//231
f 232//232 233//233 234//234
f 235//235 236//236 237//237
f 238//238 239//239 240//240
f 241//241 242//242 243//243
f 244//244 245//245 246//246
f 247//247 248//248 249//249
f 250//250 251//251 252//252
f 253//253 254//254 255//255
f 256//256 257//257 258//258
f 259//259 260//260 261//261
f 262//262 263//263 264//264
f 265//265 266//266 267//267
f 268//268 269//269 270//270
f 271//271 272//272 273//273
f 274//274 275//275 276//276
f 277//277 278//278 279//279
f 280//280 281//281 282//282
f 283//283 284//284 285//285
f 286//286 287//287 288//288
f 289//289 290//290 291//291
f 292//292 293//293 294//294
f 295//295 296//296 297//297
f 298//298 299//299 300//300
f 301//301 302//302 303//303
f 304//304 305//305 306//306
f 307//307 308//308 309//309
f 310//310 311//311 312//312
f 313//313 314//314 315//315
f 316//316 317//317 318//318
f 319//319 320//320 321//321
f 322//322 323//323 324//324
f 325//325 326//326 327//327
f 328//328 329//329 330//330
f 331//331 332//332 333//333
f 334//334 335//335 336//336
f 337//337 338//338 339//339
f 340//340 341//341 342//342
f 343//343 344//344 345//345
f 346//346 347//347 348//348
f 349//349 350//350 351//351
f 352//352 353//353 354//354
f 355//355 356//356 357//357
f 358//358 359//359 360//360
f 361//361 362//362 363//363
f 364//364 365//365 366//366
f 367//367 368//368 369//369
f 370//370 371//371 372//372
f 373//373 374//374 375//375
f 376//376 377//377 378//378
f 379//379 380//380 381//381
f 382//382 383//383 384//384
f 385//385 386//386 387//387
f 388//388 389//389 390//390
f 391//391 392//392 393//393
f 394//394 395//395 396//396
f 397//397 398//398 399//399
f 400//400 401//401 402//402
f 403//403 404//404 405//405
f 406//406 407//407 408//408
f 409//409 410//410 411//411
f 412//412 413//413 414//414
f 415//415 416//416 417//417
f 418//418 419//419 420//420
f 421//421 422//422 423//423
f 424//424 425//425 426//426
f 427//427 428//428 429//429
f 430//430 431//431 432//432
f 433//433 434//434 435//435
f 436//436 437//437 438//438
f 439//439 440//440 441//441
f 442//442 443//443 444//444
f 445//445 446//446 447//447
f 448//448 449//449 450//450
f 451//451 452//452 453//453
f 454//454 455//455 456//456
f 457//457 458//458 459//459
f 460//460 461//461 462//462
f 463//463 464//464 465//465
f 466//466 467//467 468//468
f 469//469 470//470 471//471
f 472//472 473//473 474//474
f 475//475 476//476 477//477
f 478//478 479//479 480//480
f 481//481 482//482 483//483
f 484//484 485//485 486//486
f 487//487 488//488 489//489
f 490//490 491//491 492//492
f 493//493 494//494 495//495
f 496//496 497//497 498//498
f 499//499 500//500 501//501
f 502//502 503//503 504//504
f 505//505 506//506 507//507
f 508//508 509//509 510//510
f 511//511 512//512 513//513
f 514//514 515//515 516//516
f 517//517 518//518 519//519
f 520//520 521//521 522//522
f 523//523 524//524 525//525
f 526//526 527//527 528//528
f 529//529 530//530 531//531
f 532//532 533//533 534//534
f 535//535 536//536 537//537
f 538//538 539//539 540//540
f 541//541 542//542 543//543
f 544//544 545//545 546//546
f 547//547 548//548 549//549
f 550//550 551//551 552//552
f 553//553 554//554 555//555
f 556//556 557//557 558//558
f 559//559 560//560 561//561
f 562//562 563//563 564//564
f 565//565 566//566 567//567
f 568//568 569//569 570//570
f 571//571 572//572 573//573
f 574//574 575//575 576//576
f 577//577 578//578 579//579
f 580//580 581//581 582//582
f 583//583 584//584 585//585
f 586//586 587//587 588//588
f 589//589 590//590 591//591
f 592//592 593//593 594//594
f 595//595 596//596 597//597
f 598//598 599//599 600//600
f 601//601 602//602 603//603
f 604//604 605//605 606//606
f 607//607 608//608 609//609
f 610//610 611//611 612//612
f 613//613 614//614 615//615
f 616//616 617//617 618//618
f 619//619 620//620 621//621
f 622//622 623//623 624//624
f 625//625 626//626 627//627
f 628//628 629//629 630//630
f 631//631 632//632 633//633
f 634//634 635//635 636//636
f 637//637 638//638 639//639
f 640//640 641//641 642//642
f 643//643 644//644 645//645
f 646//646 647//647 648//648
f 649//649 650//650 651//651
f 652//652 653//653 654//654
f 655//655 656//656 657//657
f 658//658 659//659 660//660
f 661//661 662//662 663//663
f 664//664 665//665 666//666
f 667//667 668//668 669//669
f 670//670 671//671 672//672
f 673//673 674//674 675//675
f 676//676 677//677 678//678
f 679//679 680//680 681//681
f 682//682 683//683 684//684
f 685//685 686//686 687//687
f 688//688 689//689 690//690
f 691//691 692//692 693//693
f 694//694 695//695 696//696
f 697//697 698//698 699//699
f 700//700 701//701 702//702
f 703//703 704//704 705//705
f 706//706 707//707 708//708
f 709//709 710//710 711//711
f 712//712 713//713 714//714
f 715//715 716//716 717//717
f 718//718 719//719 720//720
f 721//721 722//722 723//723
f 724//724 725//725 726//726
f 727//727 728//728 729//729
f 730//730 731//731 732//732
f 733//733 734//734 735//735
f 736//736 737//737 738//738
f 739//739 740//740 741//741
f 742//742 743//743 744//744
f 745//745 746//746 747//747
f 748//748 749//749 750//750
f 751//751 752//752 753//753
f 754//754 755//755 756//756
f 757//757 758//758 759//759
f 760//760 761//761 762//762
f 763//763 764//764 765//765
f 766//766 767//767 768//768
f 769//769 770//770 771//771
f 772//772 773//773 774//774
f 775//775 776//776 777//777
f 778//778 779//779 780//780
f 781//781 782//782 783//783
f 784//784 785//785 786//786
f 787//787 788//788 789//789
f 790//790 791//791 792//792
f 793//793 794//794 795//795
f 796//796 797//797 798//798
f 799//799 800//800 801//801
f 802//802 803//803 804//804
f 805//805 806//806 807//807
f 808//808 809//809 810//810
f 811//811 812//812 813//813
f 814//814 815//815 816//816
f 817//817 818//818 819//819
f 820//820 821//821 822//822
f 823//823 824//824 825//825
f 826//826 827//827 828//828
f 829//829 830//830 831//831
f 832//832 833//833 834//834
f 835//835 836//836 837//837
f 838//838 839//839 840//840
f 841//841 842//842 843//843
f 844//844 845//845 846//846
f 847//847 848//848 849//849
f 850//850 851//851 852//852
f 853//853 854//854 855//855
f 856//856 857//857 858//858
f 859//859 860//860 861//861
f 862//862 863//863 864//864
f 865//865 866//866 867//867
f 868//868 869//869 870//870
f 871//871 872//872 873//873
f 874//874 875//875 876//876
f 877//877 878//878 879//879
f 880//880 881//881 882//882
f 883//883 884//884 885//885
f 886//886 887//887 888//888
f 889//889 890//890 891//891
f 892//892 893//893 894//894
f 895//895 896//896 897//897
f 898//898 899//899 900//900
f 901//901 902//902 903//903
f 904//904 905//905 906//906
f 907//907 908//908 909//909
f 910//910 911//911 912//912
f 913//913 914//914 915//915
f 916//916 917//917 918//918
f 919//919 920//920 921//921
f 922//922 923//923 924//924
f 925//925 926//926 927//927
f 928//928 929//929 930//930
f 931//931 932//932 933//933
f 934//934 935//935 936//936
f 937//937 938//938 939//939
f 940//940 941//941 942//942
f 943//943 944//944 945//945
f 946//946 947//947 948//948
f 949//949 950//950 951//951
f 952//952 953//953 954//954
f 955//955 956//956 957//957
f 958//958 959//959 960//960
f 961//961 962//962 963//963
f 964//964 965//965 966//966
f 967//967 968//968 969//969
f 970//970 971//971 972//972
f 973//973 974//974 975//975
f 976//976 977//977 978//978
f 979//979 980//980 981//981
f 982//982 983//983 984//984
f 985//985 986//986 987//987
f 988//988 989//989 990//990
f 991//991 992//992 993//993
f 994//994 995//995 996//996
f 997//997 998//998 999//999
f 1000//1000 1001//1001 1002//1002
f 1003//1003 1004//1004 1005//1005
f 1006//1006 1007//1007 1008//1008
f 1009//1009 1010//1010 1011//1011
f 1012//1012 1013//1013 1014//1014
f 1015//1015 1016//1016 1017//1017
f 1018//1018 1019//1019 1020//1020
f 1021//1021 1022//1022 1023//1023
f 1024//1024 1025//1025 1026//1026
f 1027//1027 1028//1028 1029//1029
f 1030//1030 1031//1031 1032//1032
f 1033//1033 1034//1034 1035//1035
f 1036//1036 1037//1037 1038//1038
f 1039//1039 1040//1040 1041//1041
f 1042//1042 1043//1043 1044//1044
f 1045//1045 1046//1046 1047//1047
f 1048//1048 1049//1049 1050//1050
f 1051//1051 1052//1052 1053//1053
f 1054//1054 1055//1055 1056//1056
f 1057//1057 1058//1058 1059//1059
f 1060//1060 1061//1061 1062//1062
f 1063//1063 1064//1064 1065//1065
f 1066//1066 1067//1067 1068//1068
f 1069//1069 1070//1070 1071//1071
f 1072//1072 1073//1073 1074//1074
f 1075//1075 1076//1076 1077//1077
f 1078//1078 1079//1079 1080//1080
f 1081//1081 1082//1082 1083//1083
f 1084//1084 1085//1085 1086//1086
f 1087//1087 1088//1088 1089//1089
f 1090//1090 1091//1091 1092//1092
f 1093//1093 1094//1094 1095//1095
f 1096//1096 1097//1097 1098//1098
f 1099//1099 1100//1100 1101//1101
f 1102//1102 1103//1103 1104//1104
f 1105//1105 1106//1106 1107//1107
f 1108//1108 1109//1109 1110//1110
f 1111//1111 1112//1112 1113//1113
f 1114//1114 1115//1115 1116//1116
f 1117//1117 1118//1118 1119//1119
f 1120//1120 1121//1121 1122//1122
f 1123//1123 1124//1124 1125//1125
f 1126//1126 1127//1127 1128//1128
f 1129//1129 1130//1130 1131//1131
f 1132//1132 1133//1133 1134//1134
f 1135//1135 1136//1136 1137//1137
f 1138//1138 1139//1139 1140//1140
f 1141//1141 1142//1142 1143//1143
f 1144//1144 1145//1145 1146//1146
f 1147//1147 1148//1148 1149//1149
f 1150//1150 1151//1151 1152//1152
f 1153//1153 1154//1154 1155//1155
f 1156//1156 1157//1157 1158//1158
f 1159//1159 1160//1160 1161//1161
f 1162//1162 1163//1163 1164//1164
f 1165//1165 1166//1166 1167//1167
f 1168//1168 1169//1169 1170//1170
f 1171//1171 1172//1172 1173//1173
f 1174//1174 1175//1175 1176//1176
f 1177//1177 1178//1178 1179//1179
f 1180//1180 1181//1181 1182//1182
f 1183//1183 1184//1184 1185//1185
f 1186//1186 1187//1187 1188//1188
f 1189//1189 1190//1190 1191//1191
f 1192//1192 1193//1193 1194//1194
f 1195//1195 1196//1196 1197//1197
f 1198//1198 1199//1199 1200//1200
f 1201//1201 1202//1202 1203//1203
f 1204//1204 1205//1205 1206//1206
f 1207//1207 1208//1208 1209//1209
f 1210//1210 1211//1211 1212//1212
f 1213//1213 1214//1214 1215//1215
f 1216//1216 1217//1217 1218//1218
f 1219//1219 1220//1220 1221//1221
f 1222//1222 1223//1223 1224//1224
f 1225//1225 1226//1226 1227//1227
f 1228//1228 1229//1229 1230//1230
f 1231//1231 1232//1232 1233//1233
f 1234//1234 1235//1235 1236//1236
f 1237//1237 1238//1238 1239//1239
f 1240//1240 1241//1241 1242//1242
f 1243//1243 1244//1244 1245//1245
f 1246//1246 1247//1247 1248//1248
f 1249//1249 1250//1250 1251//1251
f 1252//1252 1253//1253 1254//1254
f 1255//1255 1256//1256 1257//1257
f 1258//1258 1259//1259 1260//1260
f 1261//1261 1262//1262 1263//1263
f 1264//1264 1265//1265 1266//1266
f 1267//1267 1268//1268 1269//1269
f 1270//1270 1271//1271 1272//1272
f 1273//1273 1274//1274 1275//1275
f 1276//1276 1277//1277 1278//1278
f 1279//1279 1280//1280 1281//1281
f 1282//1282 1283//1283 1284//1284
f 1285//1285 1286//1286 1287//1287
f 1288//1288 1289//1289 1290//1290
f 1291//1291 1292//1292 1293//1293
f 1294//1294 1295//1295 1296//1296
f 1297//1297 1298//1298 1299//1299
f 1300//1300 1301//1301 1302//1302
f 1303//1303 1304//1304 1305//1305
f 1306//1306 1307//1307 1308//1308
f 1309//1309 1310//1310 1311//1311
f 1312//1312 1313//1313 1314//1314
f 1315//1315 1316//1316 1317//1317
f 1318//1318 1319//1319 1320//1320
f 1321//1321 1322//1322 1323//1323
f 1324//1324 1325//1325 1326//1326
f 1327//1327 1328//1328 1329//1329
f 1330//1330 1331//1331 1332//1332
f 1333//1333 1334//1334 1335//1335
f 1336//1336 1337//1337 1338//1338
f 1339//1339 1340//1340 1341//1341
f 1342//1342 1343//1343 1344//1344
f 1345//1345 1346//1346 1347//1347
f 1348//1348 1349//1349 1350//1350
f 1351//1351 1352//1352 1353//1353
f 1354//1354 1355//1355 1356//1356
f 1357//1357 1358//1358 1359//1359
f 1360//1360 1361//1361 1362//1362
f 1363//1363 1364//1364 1365//1365
f 1366//1366 1367//1367 1368//1368
f 1369//1369 1370//1370 1371//1371
f 1372//1372 1373//1373 1374//1374
f 1375//1375 1376//1376 1377//1377
f 1378//1378 1379//1379 1380//1380
f 1381//1381 1382//1382 1383//1383
f 1384//1384 1385//1385 1386//1386
f 1387//1387 1388//1388 1389//1389
f 1390//1390 1391//1391 1392//1392
f 1393//1393 1394//1394 1395//1395
f 1396//1396 1397//1397 1398//1398
f 1399//1399 1400//1400 1401//1401
f 1402//1402 1403//1403 1404//1404
f 1405//1405 1406//1406 1407//1407
f 1408//1408 1409//1409 1410//1410
f 1411//1411 1412//1412 1413//1413
f 1414//1414 1415//1415 1416//1416
f 1417//1417 1418//1418 1419//1419
f 1420//1420 1421//1421 1422//1422
f 1423//1423 1424//1424 1425//1425
f 1426//1426 1427//1427 1428//1428
f 1429//1429 1430//1430 1431//1431
f 1432//1432 1433//1433 1434//1434
f 1435//1435 1436//1436 1437//1437
f 1438//1438 1439//1439 1440//1440
f 1441//1441 1442//1442 1443//1443
f 1444//1444 1445//1445 1446//1446
f 1447//1447 1448//1448 1449//1449
f 1450//1450 1451//1451 1452//1452
f 1453//1453 1454//1454 1455//1455
f 1456//1456 1457//1457 1458//1458
f 1459//1459 1460//1460 1461//1461
f 1462//1462 1463//1463 1464//1464
f 1465//1465 1466//1466 1467//1467
f 1468//1468 1469//1469 1470//1470
f 1471//1471 1472//1472 1473//1473
f 1474//1474 1475//1475 1476//1476
f 1477//1477 1478//1478 1479//1479
f 1480//1480 1481//1481 1482//1482
f 1483//1483 1484//1484 1485//1485
f 1486//1486 1487//1487 1488//1488
f 1489//1489 1490//1490 1491//1491
f 1492//1492 1493//1493 1494//1494
f 1495//1495 1496//1496 1497//1497
f 1498//1498 1499//1499 1500//1500
f 1501//1501 1502//1502 1503//1503
f 1504//1504 1505//1505 1506//1506
f 1507//1507 1508//1508 1509//1509
f 1510//1510 1511//1511 1512//1512
f 1513//1513 1514//1514 1515//1515
f 1516//1516 1517//1517 1518//1518
f 1519//1519 1520//1520 1521//1521
f 1522//1522 1523//1523 1524//1524
f 1525//1525 1526//1526 1527//1527
f 1528//1528 1529//1529 1530//1530
f 1531//1531 1532//1532 1533//1533
f 1534//1534 1535//1535 1536//1536
f 1537//1537 1538//1538 1539//1539
f 1540//1540 1541//1541 1542//1542
f 1543//1543 1544//1544 1545//1545
f 1546//1546 1547//1547 1548//1548
f 1549//1549 1550//1550 1551//1551
f 1552//1552 1553//1553 1554//1554
f 1555//1555 1556//1556 1557//1557
f 1558//1558 1559//1559 1560//1560
f 1561//1561 1562//1562 1563//1563
f 1564//1564 1565//1565 1566//1566
f 1567//1567 1568//1568 1569//1569
f 1570//1570 1571//1571 1572//1572
f 1573//1573 1574//1574 1575//1575
f 1576//1576 1577//1577 1578//1578
f 1579//1579 1580//1580 1581//1581
f 1582//1582 1583//1583 1584//1584
f 1585//1585 1586//1586 1587//1587
f 1588//1588 1589//1589 1590//1590
f 1591//1591 1592//1592 1593//1593
f 1594//1594 1595//1595 1596//1596
f 1597//1597 1598//1598 1599//1599
f 1600//1600 1601//1601 1602//1602
f 1603//1603 1604//1604 1605//1605
f 1606//1606 1607//1607 1608//1608
f 1609//1609 1610//1610 1611//1611
f 1612//1612 1613//1613 1614//1614
f 1615//1615 1616//1616 1617//1617
f 1618//1618 1619//1619 1620//1620
f 1621//1621 1622//1622 1623//1623
f 1624//1624 1625//1625 1626//1626
f 1627//1627 1628//1628 1629//1629
f 1630//1630 1631//1631 1632//1632
f 1633//1633 1634//1634 1635//1635
f 1636//1636 1637//1637 1638//1638
f 1639//1639 1640//1640 1641//1641
f 1642//1642 1643//1643 1644//1644
f 1645//1645 1646//1646 1647//1647
f 1648//1648 1649//1649 1650//1650
f 1651//1651 1652//1652 1653//1653
f 1654//1654 1655//1655 1656//1656
f 1657//1657 1658//1658 1659//1659
f 1660//1660 1661//1661 1662//1662
f 1663//1663 1664//1664 1665//1665
f 1666//1666 1667//1667 1668//1668
f 1669//1669 1670//1670 1671//1671
f 1672//1672 1673//1673 1674//1674
f 1675//1675 1676//1676 1677//1677
f 1678//1678 1679//1679 1680//1680
f 1681//1681 1682//1682 1683//1683
f 1684//1684 1685//1685 1686//1686
f 1687//1687 1688//1688 1689//1689
f 1690//1690 1691//1691 1692//1692
f 1693//1693 1694//1694 1695//1695
f 1696//1696 1697//1697 1698//1698
f 1699//1699 1700//1700 1701//1701
f 1702//1702 1703//1703 1704//1704
f 1705//1705 1706//1706 1707//1707
f 1708//1708 1709//1709 1710//1710
f 1711//1711 1712//1712 1713//1713
f 1714//1714 1715//1715 1716//1716
f 1717//1717 1718//1718 1719//1719
f 1720//1720 1721//1721 1722//1722
f 1723//1723 1724//1724 1725//1725
f 1726//1726 1727//1727 1728//1728
f 1729//1729 1730//1730 1731//1731
f 1732//1732 1733//1733 1734//1734
f 1735//1735 1736//1736 1737//1737
f 1738//1738 1739//1739 1740//1740
f 1741//1741 1742//1742 1743//1743
f 1744//1744 1745//1745 1746//1746
f 1747//1747 1748//1748 1749//1749
f 1750//1750 1751//1751 1752//1752
f 1753//1753 1754//1754 1755//1755
f 1756//1756 1757//1757 1758//1758
f 1759//1759 1760//1760 1761//1761
f 1762//1762 1763//1763 1764//1764
f 1765//1765 1766//1766 1767//1767
f 1768//1768 1769//1769 1770//1770
f 1771//1771 1772//1772 1773//1773
f 1774//1774 1775//1775 1776//1776
f 1777//1777 1778//1778 1779//1779
f 1780//1780 1781//1781 1782//1782
f 1783//1783 1784//1784 1785//1785
f 1786//1786 1787//1787 1788//1788
f 1789//1789 1790//1790 1791//1791
f 1792//1792 1793//1793 1794//1794
f 1795//1795 1796//1796 1797//1797
f 1798//1798 1799//1799 1800//1800
f 1801//1801 1802//1802 1803//1803
f 1804//1804 1805//1805 1806//1806
f 1807//1807 1808//1808 1809//1809
f 1810//1810 1811//1811 1812//1812
f 1813//1813 1814//1814 1815//1815
f 1816//1816 1817//1817 1818//1818
f 1819//1819 1820//1820 1821//1821
f 1822//1822 1823//1823 1824//1824
f 1825//1825 1826//1826 1827//1827
f 1828//1828 1829//1829 1830//1830
f 1831//1831 1832//1832 1833//1833
f 1834//1834 1835//1835 1836//1836
f 1837//1837 1838//1838 1839//1839
f 1840//1840 1841//1841 1842//1842
f 1843//1843 1844//1844 1845//1845
f 1846//1846 1847//1847 1848//1848
f 1849//1849 1850//1850 1851//1851
f 1852//1852 1853//1853 1854//1854
f 1855//1855 1856//1856 1857//1857
f 1858//1858 1859//1859 1860//1860
f 1861//1861 1862//1862 1863//1863
f 1864//1864 1865//1865 1866//1866
f 1867//1867 1868//1868 1869//1869
f 1870//1870 1871//1871 1872//1872
f 1873//1873 1874//1874 1875//1875
f 1876//1876 1877//1877 1878//1878
f 1879//1879 1880//1880 1881//1881
f 1882//1882 1883//1883 1884//1884
f 1885//1885 1886//1886 1887//1887
f 1888//1888 1889//1889 1890//1890
f 1891//1891 1892//1892 1893//1893
f 1894//1894 1895//1895 1896//1896
f 1897//1897 1898//1898 1899//1899
f 1900//1900 1901//1901 1902//1902
f 1903//1903 1904//1904 1905//1905
f 1906//1906 1907//1907 1908//1908
f 1909//1909 1910//1910 1911//1911
f 1912//1912 1913//1913 1914//1914
f 1915//1915 1916//1916 1917//1917
f 1918//1918 1919//1919 1920//1920
f 1921//1921 1922//1922 1923//1923
f 1924//1924 1925//1925 1926//1926
f 1927//1927 1928//1928 1929//1929
f 1930//1930 1931//1931 1932//1932
f 1933//1933 1934//1934 1935//1935
f 1936//1936 1937//1937 1938//1938
f 1939//1939 1940//1940 1941//1941
f 1942//1942 1943//1943 1944//1944
f 1945//1945 1946//1946 1947//1947
f 1948//1948 1949//1949 1950//1950
f 1951//1951 1952//1952 1953//1953
f 1954//1954 1955//1955 1956//1956
f 1957//1957 1958//1958 1959//1959
f 1960//1960 1961//1961 1962//1962
f 1963//1963 1964//1964 1965//1965
f 1966//1966 1967//1967 1968//1968
f 1969//1969 1970//1970 1971//1971
f 1972//1972 1973//1973 1974//1974
f 1975//1975 1976//1976 1977//1977
f 1978//1978 1979//1979 1980//1980
f 1981//1981 1982//1982 1983//1983
f 1984//1984 1985//1985 1986//1986
f 1987//1987 1988//1988 1989//1989
f 1990//1990 1991//1991 1992//1992
f 1993//1993 1994//1994 1995//1995
f 1996//1996 1997//1997 1998//1998
f 1999//1999 2000//2000 2001//2001
f 2002//2002 2003//2003 2004//2004
f 2005//2005 2006//2006 2007//2007
f 2008//2008 2009//2009 2010//2010
f 2011//2011 2012//2012 2013//2013
f 2014//2014 2015//2015 2016//2016
f 2017//2017 2018//2018 2019//2019
f 2020//2020 2021//2021 2022//2022
f 2023//2023 2024//2024 2025//2025
f 2026//2026 2027//2027 2028//2028
f 2029//2029 2030//2030 2031//2031
f 2032//2032 2033//2033 2034//2034
f 2035//2035 2036//2036 2037//2037
f 2038//2038 2039//2039 2040//2040
f 2041//2041 2042//2042 2043//2043
f 2044//2044 2045//2045 2046//2046
f 2047//2047 2048//2048 2049//2049
f 2050//2050 2051//2051 2052//2052
f 2053//2053 2054//2054 2055//2055
f 2056//2056 2057//2057 2058//2058
f 2059//2059 2060//2060 2061//2061
f 2062//2062 2063//2063 2064//2064
f 2065//2065 2066//2066 2067//2067
f 2068//2068 2069//2069 2070//2070
f 2071//2071 2072//2072 2073//2073
f 2074//2074 2075//2075 2076//2076
f 2077//2077 2078//2078 2079//2079
f 2080//2080 2081//2081 2082//2082
f 2083//2083 2084//2084 2085//2085
f 2086//2086 2087//2087 2088//2088
f 2089//2089 2090//2090 2091//2091
f 2092//2092 2093//2093 2094//2094
f 2095//2095 2096//2096 2097//2097
f 2098//2098 2099//2099 2100//2100
f 2101//2101 2102//2102 2103//2103
f 2104//2104 2105//2105 2106//2106
f 2107//2107 2108//2108 2109//2109
f 2110//2110 2111//2111 2112//2112
f 2113//2113 2114//2114 2115//2115
f 2116//2116 2117//2117 2118//2118
f 2119//2119 2120//2120 2121//2121
f 2122//2122 2123//2123 2124//2124
f 2125//2125 2126//2126 2127//2127
f 2128//2128 2129//2129 2130//2130
f 2131//2131 2132//2132 2133//2133
f 2134//2134 2135//2135 2136//2136
f 2137//2137 2138//2138 2139//2139
f 2140//2140 2141//2141 2142//2142
f 2143//2143 2144//2144 2145//2145
f 2146//2146 2147//2147 2148//2148
f 2149//2149 2150//2150 2151//2151
f 2152//2152 2153//2153 2154//2154
f 2155//2155 2156//2156 2157//2157
f 2158//2158 2159//2159 2160//2160
f 2161//2161 2162//2162 2163//2163
f 2164//2164 2165//2165 2166//2166
f 2167//2167 2168//2168 2169//2169
f 2170//2170 2171//2171 2172//2172
f 2173//2173 2174//2174 2175//2175
f 2176//2176 2177//2177 2178//2178
f 2179//2179 2180//2180 2181//2181
f 2182//2182 2183//2183 2184//2184
f 2185//2185 2186//2186 2187//2187
f 2188//2188 2189//2189 2190//2190
f 2191//2191 2192//2192 2193//2193
f 2194//2194 2195//2195 2196//2196
f 2197//2197 2198//2198 2199//2199
f 2200//2200 2201//2201 2202//2202
f 2203//2203 2204//2204 2205//2205
f 2206//2206 2207//2207 2208//2208
f 2209//2209 2210//2210 2211//2211
f 2212//2212 2213//2213 2214//2214
f 2215//2215 2216//2216 2217//2217
f 2218//2218 2219//2219 2220//2220
f 2221//2221 2222//2222 2223//2223
f 2224//2224 2225//2225 2226//2226
f 2227//2227 2228//2228 2229//2229
f 2230//2230 2231//2231 2232//2232
f 2233//2233 2234//2234 2235//2235
f 2236//2236 2237//2237 2238//2238
f 2239//2239 2240//2240 2241//2241
f 2242//2242 2243//2243 2244//2244
f 2245//2245 2246//2246 2247//2247
f 2248//2248 2249//2249 2250//2250
f 2251//2251 2252//2252 2253//2253
f 2254//2254 2255//2255 2256//2256
f 2257//2257 2258//2258 2259//2259
f 2260//2260 2261//2261 2262//2262
f 2263//2263 2264//2264 2265//2265
f 2266//2266 2267//2267 2268//2268
f 2269//2269 2270//2270 2271//2271
f 2272//2272 2273//2273 2274//2274
f 2275//2275 2276//2276 2277//2277
f 2278//2278 2279//2279 2280//2280
f 2281//2281 2282//2282 2283//2283
f 2284//2284 2285//2285 2286//2286
f 2287//2287 2288//2288 2289//2289
f 2290//2290 2291//2291 2292//2292
f 2293//2293 2294//2294 2295//2295
f 2296//2296 2297//2297 2298//2298
f 2299//2299 2300//2300 2301//2301
f 2302//2302 2303//2303 2304//2304
f 2305//2305 2306//2306 2307//2307
f 2308//2308 2309//2309 2310//2310
f 2311//2311 2312//2312 2313//2313
f 2314//2314 2315//2315 2316//2316
f 2317//2317 2318//2318 2319//2319
f 2320//2320 2321//2321 2322//2322
f 2323//2323 2324//2324 2325//2325
f 2326//2326 2327//2327 2328//2328
f 2329//2329 2330//2330 2331//2331
f 2332//2332 2333//2333 2334//2334
f 2335//2335 2336//2336 2337//2337
f 2338//2338 2339//2339 2340//2340
f 2341//2341 2342//2342 2343//2343
f 2344//2344 2345//2345 2346//2346
f 2347//2347 2348//2348 2349//2349
f 2350//2350 2351//2351 2352//2352
f 2353//2353 2354//2354 2355//2355
f 2356//2356 2357//2357 2358//2358
f 2359//2359 2360//2360 2361//2361
f 2362//2362 2363//2363 2364//2364
f 2365//2365 2366//2366 2367//2367
f 2368//2368 2369//2369 2370//2370
f 2371//2371 2372//2372 2373//2373
f 2374//2374 2375//2375 2376//2376
f 2377//2377 2378//2378 2379//2379
f 2380//2380 2381//2381 2382//2382
f 2383//2383 2384//2384 2385//2385
f 2386//2386 2387//2387 2388//2388
f 2389//2389 2390//2390 2391//2391
f 2392//2392 2393//2393 2394//2394
f 2395//2395 2396//2396 2397//2397
f 2398//2398 2399//2399 2400//2400
f 2401//2401 2402//2402 2403//2403
f 2404//2404 2405//2405 2406//2406
f 2407//2407 2408//2408 2409//2409
f 2410//2410 2411//2411 2412//2412
f 2413//2413 2414//2414 2415//2415
f 2416//2416 2417//2417 2418//2418
f 2419//2419 2420//2420 2421//2421
f 2422//2422 2423//2423 2424//2424
f 2425//2425 2426//2426 2427//2427
f 2428//2428 2429//2429 2430//2430
f 2431//2431 2432//2432 2433//2433
f 2434//2434 2435//2435 2436//2436
f 2437//2437 2438//2438 2439//2439
f 2440//2440 2441//2441 2442//2442
f 2443//2443 2444//2444 2445//2445
f 2446//2446 2447//2447 2448//2448
f 2449//2449 2450//2450 2451//2451
f 2452//2452 2453//2453 2454//2454
f 2455//2455 2456//2456 2457//2457
f 2458//2458 2459//2459 2460//2460
f 2461//2461 2462//2462 2463//2463
f 2464//2464 2465//2465 2466//2466
f 2467//2467 2468//2468 2469//2469
f 2470//2470 2471//2471 2472//2472
f 2473//2473 2474//2474 2475//2475
f 2476//2476 2477//2477 2478//2478
f 2479//2479 2480//2480 2481//2481
f 2482//2482 2483//2483 2484//2484
f 2485//2485 2486//2486 2487//2487
f 2488//2488 2489//2489 2490//2490
f 2491//2491 2492//2492 2493//2493
f 2494//2494 2495//2495 2496//2496
f 2497//2497 2498//2498 2499//2499
f 2500//2500 2501//2501 2502//2502
f 2503//2503 2504//2504 2505//2505
f 2506//2506 2507//2507 2508//2508
f 2509//2509 2510//2510 2511//2511
f 2512//2512 2513//2513 2514//2514
f 2515//2515 2516//2516 2517//2517
f 2518//2518 2519//2519 2520//2520
f 2521//2521 2522//2522 2523//2523
f 2524//2524 2525//2525 2526//2526
f 2527//2527 2528//2528 2529//2529
f 2530//2530 2531//2531 2532//2532
f 2533//2533 2534//2534 2535//2535
f 2536//2536 2537//2537 2538//2538
f 2539//2539 2540//2540 2541//2541
f 2542//2542 2543//2543 2544//2544
f 2545//2545 2546//2546 2547//2547
f 2548//2548 2549//2549 2550//2550
f 2551//2551 2552//2552 2553//2553
f 2554//2554 2555//2555 2556//2556
f 2557//2557 2558//2558 2559//2559
f 2560//2560 2561//2561 2562//2562
f 2563//2563 2564//2564 2565//2565
f 2566//2566 2567//2567 2568//2568
f 2569//2569 2570//2570 2571//2571
f 2572//2572 2573//2573 2574//2574
f 2575//2575 2576//2576 2577//2577
f 2578//2578 2579//2579 2580//2580
f 2581//2581 2582//2582 2583//2583
f 2584//2584 2585//2585 2586//2586
f 2587//2587 2588//2588 2589//2589
f 2590//2590 2591//2591 2592//2592
f 2593//2593 2594//2594 2595//2595
f 2596//2596 2597//2597 2598//2598
f 2599//2599 2600//2600 2601//2601
f 2602//2602 2603//2603 2604//2604
f 2605//2605 2606//2606 2607//2607
f 2608//2608 2609//2609 2610//2610
f 2611//2611 2612//2612 2613//2613
f 2614//2614 2615//2615 2616//2616
f 2617//2617 2618//2618 2619//2619
f 2620//2620 2621//2621 2622//2622
f 2623//2623 2624//2624 2625//2625
f 2626//2626 2627//2627 2628//2628
f 2629//2629 2630//2630 2631//2631
f 2632//2632 2633//2633 2634//2634
f 2635//2635 2636//2636 2637//2637
f 2638//2638 2639//2639 2640//2640
f 2641//2641 2642//2642 2643//2643
f 2644//2644 2645//2645 2646//2646
f 2647//2647 2648//2648 2649//2649
f 2650//2650 2651//2651 2652//2652
f 2653//2653 2654//2654 2655//2655
f 2656//2656 2657//2657 2658//2658
f 2659//2659 2660//2660 2661//2661
f 2662//2662 2663//2663 2664//2664
f 2665//2665 2666//2666 2667//2667
f 2668//2668 2669//2669 2670//2670
f 2671//2671 2672//2672 2673//2673
f 2674//2674 2675//2675 2676//2676
f 2677//2677 2678//2678 2679//2679
f 2680//2680 2681//2681 2682//2682
f 2683//2683 2684//2684 2685//2685
f 2686//2686 2687//2687 2688//2688
f 2689//2689 2690//2690 2691//2691
f 2692//2692 2693//2693 2694//2694
f 2695//2695 2696//2696 2697//2697
f 2698//2698 2699//2699 2700//2700
f 2701//2701 2702//2702 2703//2703
f 2704//2704 2705//2705 2706//2706
f 2707//2707 2708//2708 2709//2709
f 2710//2710 2711//2711 2712//2712
f 2713//2713 2714//2714 2715//2715
f 2716//2716 2717//2717 2718//2718
f 2719//2719 2720//2720 2721//2721
f 2722//2722 2723//2723 2724//2724
f 2725//2725 2726//2726 2727//2727
f 2728//2728 2729//2729 2730//2730
f 2731//2731 2732//2732 2733//2733
f 2734//2734 2735//2735 2736//2736
f 2737//2737 2738//2738 2739//2739
f 2740//2740 2741//2741 2742//2742
f 2743//2743 2744//2744 2745//2745
f 2746//2746 2747//2747 2748//2748
f 2749//2749 2750//2750 2751//2751
f 2752//2752 2753//2753 2754//2754
f 2755//2755 2756//2756 2757//2757
f 2758//2758 2759//2759 2760//2760
f 2761//2761 2762//2762 2763//2763
f 2764//2764 2765//2765 2766//2766
f 2767//2767 2768//2768 2769//2769
f 2770//2770 2771//2771 2772//2772
f 2773//2773 2774//2774 2775//2775
f 2776//2776 2777//2777 2778//2778
f 2779//2779 2780//2780 2781//2781
f 2782//2782 2783//2783 2784//2784
f 2785//2785 2786//2786 2787//2787
f 2788//2788 2789//2789 2790//2790
f 2791//2791 2792//2792 2793//2793
f 2794//2794 2795//2795 2796//2796
f 2797//2797 2798//2798 2799//2799
f 2800//2800 2801//2801 2802//2802
f 2803//2803 2804//2804 2805//2805
f 2806//2806 2807//2807 2808//2808
f 2809//2809 2810//2810 2811//2811
f 2812//2812 2813//2813 2814//2814
f 2815//2815 2816//2816 2817//2817
f 2818//2818 2819//2819 2820//2820
f 2821//2821 2822//2822 2823//2823
f 2824//2824 2825//2825 2826//2826
f 2827//2827 2828//2828 2829//2829
f 2830//2830 2831//2831 2832//2832
f 2833//2833 2834//2834 2835//2835
f 2836//2836 2837//2837 2838//2838
f 2839//2839 2840//2840 2841//2841
f 2842//2842 2843//2843 2844//2844
f 2845//2845 2846//2846 2847//2847
f 2848//2848 2849//2849 2850//2850
f 2851//2851 2852//2852 2853//2853
f 2854//2854 2855//2855 2856//2856
f 2857//2857 2858//2858 2859//2859
f 2860//2860 2861//2861 2862//2862
f 2863//2863 2864//2864 2865//2865
f 2866//2866 2867//2867 2868//2868
f 2869//2869 2870//2870 2871//2871
f 2872//2872 2873//2873 2874//2874
f 2875//2875 2876//2876 2877//2877
f 2878//2878 2879//2879 2880//2880
f 2881//2881 2882//2882 2883//2883
f 2884//2884 2885//2885 2886//2886
f 2887//2887 2888//2888 2889//2889
f 2890//2890 2891//2891 2892//2892
f 2893//2893 2894//2894 2895//2895
f 2896//2896 2897//2897 2898//2898
f 2899//2899 2900//2900 2901//2901
f 2902//2902 2903//2903 2904//2904
f 2905//2905 2906//2906 2907//2907
f 2908//2908 2909//2909 2910//2910
f 2911//2911 2912//2912 2913//2913
f 2914//2914 2915//2915 2916//2916
f 2917//2917 2918//2918 2919//2919
f 2920//2920 2921//2921 2922//2922
f 2923//2923 2924//2924 2925//2925
f 2926//2926 2927//2927 2928//2928
f 2929//2929 2930//2930 2931//2931
f 2932//2932 2933//2933 2934//2934
f 2935//2935 2936//2936 2937//2937
f 2938//2938 2939//2939 2940//2940
f 2941//2941 2942//2942 2943//2943
f 2944//2944 2945//2945 2946//2946
f 2947//2947 2948//2948 2949//2949
f 2950//2950 2951//2951 2952//2952
f 2953//2953 2954//2954 2955//2955
f 2956//2956 2957//2957 2958//2958
f 2959//2959 2960//2960 2961//2961
f 2962//2962 2963//2963 2964//2964
f 2965//2965 2966//2966 2967//2967
f 2968//2968 2969//2969 2970//2970
f 2971//2971 2972//2972 2973//2973
f 2974//2974 2975//2975 2976//2976
f 2977//2977 2978//2978 2979//2979
f 2980//2980 2981//2981 2982//2982
f 2983//2983 2984//2984 2985//2985
f 2986//2986 2987//2987 2988//2988
f 2989//2989 2990//2990 2991//2991
f 2992//2992 2993//2993 2994//2994
f 2995//2995 2996//2996 2997//2997
f 2998//2998 2999//2999 3000//3000
f 3001//3001 3002//3002 3003//3003
f 3004//3004 3005//3005 3006//3006
f 3007//3007 3008//3008 3009//3009
f 3010//3010 3011//3011 3012//3012
f 3013//3013 3014//3014 3015//3015
f 3016//3016 3017//3017 3018//3018
f 3019//3019 3020//3020 3021//3021
f 3022//3022 3023//3023 3024//3024
f 3025//3025 3026//3026 3027//3027
f 3028//3028 3029//3029 3030//3030
f 3031//3031 3032//3032 3033//3033
f 3034//3034 3035//3035 3036//3036
f 3037//3037 3038//3038 3039//3039
f 3040//3040 3041//3041 3042//3042
f 3043//3043 3044//3044 3045//3045
f 3046//3046 3047//3047 3048//3048
f 3049//3049 3050//3050 3051//3051
f 3052//3052 3053//3053 3054//3054
f 3055//3055 3056//3056 3057//3057
f 3058//3058 3059//3059 3060//3060
f 3061//3061 3062//3062 3063//3063
f 3064//3064 3065//3065 3066//3066
f 3067//3067 3068//3068 3069//3069
f 3070//3070 3071//3071 3072//3072
f 3073//3073 3074//3074 3075//3075
f 3076//3076 3077//3077 3078//3078
f 3079//3079 3080//3080 3081//3081
f 3082//3082 3083//3083 3084//3084
f 3085//3085 3086//3086 3087//3087
f 3088//3088 3089//3089 3090//3090
f 3091//3091 3092//3092 3093//3093
f 3094//3094 3095//3095 3096//3096
f 3097//3097 3098//3098 3099//3099
f 3100//3100 3101//3101 3102//3102
f 3103//3103 3104//3104 3105//3105
f 3106//3106 3107//3107 3108//3108
f 3109//3109 3110//3110 3111//3111
f 3112//3112 3113//3113 3114//3114
f 3115//3115 3116//3116 3117//3117
f 3118//3118 3119//3119 3120//3120
f 3121//3121 3122//3122 3123//3123
f 3124//3124 3125//3125 3126//3126
f 3127//3127 3128//3128 3129//3129
f 3130//3130 3131//3131 3132//3132
f 3133//3133 3134//3134 3135//3135
f 3136//3136 3137//3137 3138//3138
f 3139//3139 3140//3140 3141//3141
f 3142//3142 3143//3143 3144//3144
f 3145//3145 3146//3146 3147//3147
f 3148//3148 3149//3149 3150//3150
f 3151//3151 3152//3152 3153//3153
f 3154//3154 3155//3155 3156//3156
f 3157//3157 3158//3158 3159//3159
f 3160//3160 3161//3161 3162//3162
f 3163//3163 3164//3164 3165//3165
f 3166//3166 3167//3167 3168//3168
f 3169//3169 3170//3170 3171//3171
f 3172//3172 3173//3173 3174//3174
f 3175//3175 3176//3176 3177//3177
f 3178//3178 3179//3179 3180//3180
f 3181//3181 3182//3182 3183//3183
f 3184//3184 3185//3185 3186//3186
f 3187//3187 3188//3188 3189//3189
f 3190//3190 3191//3191 3192//3192
f 3193//3193 3194//3194 3195//3195
f 3196//3196 3197//3197 3198//3198
f 3199//3199 3200//3200 3201//3201
f 3202//3202 3203//3203 3204//3204
f 3205//3205 3206//3206 3207//3207
f 3208//3208 3209//3209 3210//3210
f 3211//3211 3212//3212 3213//3213
f 3214//3214 3215//3215 3216//3216
f 3217//3217 3218//3218 3219//3219
f 3220//3220 3221//3221 3222//3222
f 3223//3223 3224//3224 3225//3225
f 3226//3226 3227//3227 3228//3228
f 3229//3229 3230//3230 3231//3231
f 3232//3232 3233//3233 3234//3234
f 3235//3235 3236//3236 3237//3237
f 3238//3238 3239//3239 3240//3240
f 3241//3241 3242//3242 3243//3243
f 3244//3244 3245//3245 3246//3246
f 3247//3247 3248//3248 3249//3249
f 3250//3250 3251//3251 3252//3252
f 3253//3253 3254//3254 3255//3255
f 3256//3256 3257//3257 3258//3258
f 3259//3259 3260//3260 3261//3261
f 3262//3262 3263//3263 3264//3264
f 3265//3265 3266//3266 3267//3267
f 3268//3268 3269//3269 3270//3270
f 3271//3271 3272//3272 3273//3273
f 3274//3274 3275//3275 3276//3276
f 3277//3277 3278//3278 3279//3279
f 3280//3280 3281//3281 3282//3282
f 3283//3283 3284//3284 3285//3285
f 3286//3286 3287//3287 3288//3288
f 3289//3289 3290//3290 3291//3291
f 3292//3292 3293//3293 3294//3294
f 3295//3295 3296//3296 3297//3297
f 3298//3298 3299//3299 3300//3300
f 3301//3301 3302//3302 3303//3303
f 3304//3304 3305//3305 3306//3306
f 3307//3307 3308//3308 3309//3309
f 3310//3310 3311//3311 3312//3312
f 3313//3313 3314//3314 3315//3315
f 3316//3316 3317//3317 3318//3318
f 3319//3319 3320//3320 3321//3321
f 3322//3322 3323//3323 3324//3324
f 3325//3325 3326//3326 3327//3327
f 3328//3328 3329//3329 3330//3330
f 3331//3331 3332//3332 3333//3333
f 3334//3334 3335//3335 3336//3336
f 3337//3337 3338//3338 3339//3339
f 3340//3340 3341//3341 3342//3342
f 3343//3343 3344//3344 3345//3345
f 3346//3346 3347//3347 3348//3348
f 3349//3349 3350//3350 3351//3351
f 3352//3352 3353//3353 3354//3354
f 3355//3355 3356//3356 3357//3357
f 3358//3358 3359//3359 3360//3360
f 3361//3361 3362//3362 3363//3363
f 3364//3364 3365//3365 3366//3366
f 3367//3367 3368//3368 3369//3369
f 3370//3370 3371//3371 3372//3372
f 3373//3373 3374//3374 3375//3375
f 3376//3376 3377//3377 3378//3378
f 3379//3379 3380//3380 3381//3381
f 3382//3382 3383//3383 3384//3384
f 3385//3385 3386//3386 3387//3387
f 3388//3388 3389//3389 3390//3390
f 3391//3391 3392//3392 3393//3393
f 3394//3394 3395//3395 3396//3396
f 3397//3397 3398//3398 3399//3399
f 3400//3400 3401//3401 3402//3402
f 3403//3403 3404//3404 3405//3405
f 3406//3406 3407//3407 3408//3408
f 3409//3409 3410//3410 3411//3411
f 3412//3412 3413//3413 3414//3414
f 3415//3415 3416//3416 3417//3417
f 3418//3418 3419//3419 3420//3420
f 3421//3421 3422//3422 3423//3423
f 3424//3424 3425//3425 3426//3426
f 3427//3427 3428//3428 3429//3429
f 3430//3430 3431//3431 3432//3432
f 3433//3433 3434//3434 3435//3435
f 3436//3436 3437//3437 3438//3438
f 3439//3439 3440//3440 3441//3441
f 3442//3442 3443//3443 3444//3444
f 3445//3445 3446//3446 3447//3447
f 3448//3448 3449//3449 3450//3450
f 3451//3451 3452//3452 3453//3453
f 3454//3454 3455//3455 3456//3456
f 3457//3457 3458//3458 3459//3459
f 3460//3460 3461//3461 3462//3462
f 3463//3463 3464//3464 3465//3465
f 3466//3466 3467//3467 3468//3468
f 3469//3469 3470//3470 3471//3471
f 3472//3472 3473//3473 3474//3474
f 3475//3475 3476//3476 3477//3477
f 3478//3478 3479//3479 3480//3480
f 3481//3481 3482//3482 3483//3483
f 3484//3484 3485//3485 3486//3486
f 3487//3487 3488//3488 3489//3489
f 3490//3490 3491//3491 3492//3492
f 3493//3493 3494//3494 3495//3495
f 3496//3496 3497//3497 3498//3498
f 3499//3499 3500//3500 3501//3501
f 3502//3502 3503//3503 3504//3504
f 3505//3505 3506//3506 3507//3507
f 3508//3508 3509//3509 3510//3510
f 3511//3511 3512//3512 3513//3513
f 3514//3514 3515//3515 3516//3516
f 3517//3517 3518//3518 3519//3519
f 3520//3520 3521//3521 3522//3522
f 3523//3523 3524//3524 3525//3525
f 3526//3526 3527//3527 3528//3528
f 3529//3529 3530//3530 3531//3531
f 3532//3532 3533//3533 3534//3534
f 3535//3535 3536//3536 3537//3537
f 3538//3538 3539//3539 3540//3540
f 3541//3541 3542//3542 3543//3543
f 3544//3544 3545//3545 3546//3546
f 3547//3547 3548//3548 3549//3549
f 3550//3550 3551//3551 3552//3552
f 3553//3553 3554//3554 3555//3555
f 3556//3556 3557//3557 3558//3558
f 3559//3559 3560//3560 3561//3561
f 3562//3562 3563//3563 3564//3564
f 3565//3565 3566//3566 3567//3567
f 3568//3568 3569//3569 3570//3570
f 3571//3571 3572//3572 3573//3573
f 3574//3574 3575//3575 3576//3576
f 3577//3577 3578//3578 3579//3579
f 3580//3580 3581//3581 3582//3582
f 3583//3583 3584//3584 3585//3585
f 3586//3586 3587//3587 3588//3588
f 3589//3589 3590//3590 3591//3591
f 3592//3592 3593//3593 3594//3594
f 3595//3595 3596//3596 3597//3597
f 3598//3598 3599//3599 3600//3600
f 3601//3601 3602//3602 3603//3603
f 3604//3604 3605//3605 3606//3606
f 3607//3607 3608//3608 3609//3609
f 3610//3610 3611//3611 3612//3612
f 3613//3613 3614//3614 3615//3615
f 3616//3616 3617//3617 3618//3618
f 3619//3619 3620//3620 3621//3621
f 3622//3622 3623//3623 3624//3624
f 3625//3625 3626//3626 3627//3627
f 3628//3628 3629//3629 3630//3630
f 3631//3631 3632//3632 3633//3633
f 3634//3634 3635//3635 3636//3636
f 3637//3637 3638//3638 3639//3639
f 3640//3640 3641//3641 3642//3642
f 3643//3643 3644//3644 3645//3645
f 3646//3646 3647//3647 3648//3648
f 3649//3649 3650//3650 3651//3651
f 3652//3652 3653//3653 3654//3654
f 3655//3655 3656//3656 3657//3657
f 3658//3658 3659//3659 3660//3660
f 3661//3661 3662//3662 3663//3663
f 3664//3664 3665//3665 3666//3666
f 3667//3667 3668//3668 3669//3669
f 3670//3670 3671//3671 3672//3672
f 3673//3673 3674//3674 3675//3675
f 3676//3676 3677//3677 3678//3678
f 3679//3679 3680//3680 3681//3681
f 3682//3682 3683//3683 3684//3684
f 3685//3685 3686//3686 3687//3687
f 3688//3688 3689//3689 3690//3690
f 3691//3691 3692//3692 3693//3693
f 3694//3694 3695//3695 3696//3696
f 3697//3697 3698//3698 3699//3699
f 3700//3700 3701//3701 3702//3702
f 3703//3703 3704//3704 3705//3705
f 3706//3706 3707//3707 3708//3708
f 3709//3709 3710//3710 3711//3711
f 3712//3712 3713//3713 3714//3714
f 3715//3715 3716//3716 3717//3717
f 3718//3718 3719//3719 3720//3720
f 3721//3721 3722//3722 3723//3723
f 3724//3724 3725//3725 3726//3726
f 3727//3727 3728//3728 3729//3729
f 3730//3730 3731//3731 3732//3732
f 3733//3733 3734//3734 3735//3735
f 3736//3736 3737//3737 3738//3738
f 3739//3739 3740//3740 3741//3741
f 3742//3742 3743//3743 3744//3744
f 3745//3745 3746//3746 3747//3747
f 3748//3748 3749//3749 3750//3750
f 3751//3751 3752//3752 3753//3753
f 3754//3754 3755//3755 3756//3756
f 3757//3757 3758//3758 3759//3759
f 3760//3760 3761//3761 3762//3762
f 3763//3763 3764//3764 3765//3765
f 3766//3766 3767//3767 3768//3768
f 3769//3769 3770//3770 3771//3771
f 3772//3772 3773//3773 3774//3774
f 3775//3775 3776//3776 3777//3777
f 3778//3778 3779//3779 3780//3780
f 3781//3781 3782//3782 3783//3783
f 3784//3784 3785//3785 3786//3786
f 3787//3787 3788//3788 3789//3789
f 3790//3790 3791//3791 3792//3792
f 3793//3793 3794//3794 3795//3795
f 3796//3796 3797//3797 3798//3798
f 3799//3799 3800//3800 3801//3801
f 3802//3802 3803//3803 3804//3804
f 3805//3805 3806//3806 3807//3807
f 3808//3808 3809//3809 3810//3810
f 3811//3811 3812//3812 3813//3813
f 3814//3814 3815//3815 3816//3816
f 3817//3817 3818//3818 3819//3819
f 3820//3820 3821//3821 3822//3822
f 3823//3823 3824//3824 3825//3825
f 3826//3826 3827//3827 3828//3828
f 3829//3829 3830//3830 3831//3831
f 3832//3832 3833//3833 3834//3834
f 3835//3835 3836//3836 3837//3837
f 3838//3838 3839//3839 3840//3840
f 3841//3841 3842//3842 3843//3843
f 3844//3844 3845//3845 3846//3846
f 3847//3847 3848//3848 3849//3849
f 3850//3850 3851//3851 3852//3852
f 3853//3853 3854//3854 3855//3855
f 3856//3856 3857//3857 3858//3858
f 3859//3859 3860//3860 3861//3861
f 3862//3862 3863//3863 3864//3864
f 3865//3865 3866//3866 3867//3867
f 3868//3868 3869//3869 3870//3870
f 3871//3871 3872//3872 3873//3873
f 3874//3874 3875//3875 3876//3876
f 3877//3877 3878//3878 3879//3879
f 3880//3880 3881//3881 3882//3882
f 3883//3883 3884//3884 3885//3885
f 3886//3886 3887//3887 3888//3888
f 3889//3889 3890//3890 3891//3891
f 3892//3892 3893//3893 3894//3894
f 3895//3895 3896//3896 3897//3897
f 3898//3898 3899//3899 3900//3900
f 3901//3901 3902//3902 3903//3903
f 3904//3904 3905//3905 3906//3906
f 3907//3907 3908//3908 3909//3909
f 3910//3910 3911//3911 3912//3912
f 3913//3913 3914//3914 3915//3915
f 3916//3916 3917//3917 3918//3918
f 3919//3919 3920//3920 3921//3921
f 3922//3922 3923//3923 3924//3924
f 3925//3925 3926//3926 3927//3927
f 3928//3928 3929//3929 3930//3930
f 3931//3931 3932//3932 3933//3933
f 3934//3934 3935//3935 3936//3936
f 3937//3937 3938//3938 3939//3939
f 3940//3940 3941//3941 3942//3942
f 3943//3943 3944//3944 3945//3945
f 3946//3946 3947//3947 3948//3948
f 3949//3949 3950//3950 3951//3951
f 3952//3952 3953//3953 3954//3954
f 3955//3955 3956//3956 3957//3957
f 3958//3958 3959//3959 3960//3960
f 3961//3961 3962//3962 3963//3963
f 3964//3964 3965//3965 3966//3966
f 3967//3967 3968//3968 3969//3969
f 3970//3970 3971//3971 3972//3972
f 3973//3973 3974//3974 3975//3975
f 3976//3976 3977//3977 3978//3978
f 3979//3979 3980//3980 3981//3981
f 3982//3982 3983//3983 3984//3984
f 3985//3985 3986//3986 3987//3987
f 3988//3988 3989//3989 3990//3990
f 3991//3991 3992//3992 3993//3993
f 3994//3994 3995//3995 3996//3996
f 3997//3997 3998//3998 3999//3999
f 4000//4000 4001//4001 4002//4002
f 4003//4003 4004//4004 4005//4005
f 4006//4006 4007//4007 4008//4008
f 4009//4009 4010//4010 4011//4011
f 4012//4012 4013//4013 4014//4014
f 4015//4015 4016//4016 4017//4017
f 4018//4018 4019//4019 4020//4020
f 4021//4021 4022//4022 4023//4023
f 4024//4024 4025//4025 4026//4026
f 4027//4027 4028//4028 4029//4029
f 4030//4030 4031//4031 4032//4032
f 4033//4033 4034//4034 4035//4035
f 4036//4036 4037//4037 4038//4038
f 4039//4039 4040//4040 4041//4041
f 4042//4042 4043//4043 4044//4044
f 4045//4045 4046//4046 4047//4047
f 4048//4048 4049//4049 4050//4050
f 4051//4051 4052//4052 4053//4053
f 4054//4054 4055//4055 4056//4056
f 4057//4057 4058//4058 4059//4059
f 4060//4060 4061//4061 4062//4062
f 4063//4063 4064//4064 4065//4065
f 4066//4066 4067//4067 4068//4068
f 4069//4069 4070//4070 4071//4071
f 4072//4072 4073//4073 4074//4074
f 4075//4075 4076//4076 4077//4077
f 4078//4078 4079//4079 4080//4080
f 4081//4081 4082//4082 4083//4083
f 4084//4084 4085//4085 4086//4086
f 4087//4087 4088//4088 4089//4089
f 4090//4090 4091//4091 4092//4092
f 4093//4093 4094//4094 4095//4095
f 4096//4096 4097//4097 4098//4098
f 4099//4099 4100//4100 4101//4101
f 4102//4102 4103//4103 4104//4104
f 4105//4105 4106//4106 4107//4107
f 4108//4108 4109//4109 4110//4110
f 4111//4111 4112//4112 4113//4113
f 4114//4114 4115//4115 4116//4116
f 4117//4117 4118//4118 4119//4119
f 4120//4120 4121//4121 4122//4122
f 4123//4123 4124//4124 4125//4125
f 4126//4126 4127//4127 4128//4128
f 4129//4129 4130//4130 4131//4131
f 4132//4132 4133//4133 4134//4134
f 4135//4135 4136//4136 4137//4137
f 4138//4138 4139//4139 4140//4140
f 4141//4141 4142//4142 4143//4143
f 4144//4144 4145//4145 4146//4146
f 4147//4147 4148//4148 4149//4149
f 4150//4150 4151//4151 4152//4152
f 4153//4153 4154//4154 4155//4155
f 4156//4156 4157//4157 4158//4158
f 4159//4159 4160//4160 4161//4161
f 4162//4162 4163//4163 4164//4164
f 4165//4165 4166//4166 4167//4167
f 4168//4168 4169//4169 4170//4170
f 4171//4171 4172//4172 4173//4173
f 4174//4174 4175//4175 4176//4176
f 4177//4177 4178//4178 4179//4179
f 4180//4180 4181//4181 4182//4182
f 4183//4183 4184//4184 4185//4185
f 4186//4186 4187//4187 4188//4188
f 4189//4189 4190//4190 4191//4191
f 4192//4192 4193//4193 4194//4194
f 4195//4195 4196//4196 4197//4197
f 4198//4198 4199//4199 4200//4200
f 4201//4201 4202//4202 4203//4203
f 4204//4204 4205//4205 4206//4206
f 4207//4207 4208//4208 4209//4209
f 4210//4210 4211//4211 4212//4212
f 4213//4213 4214//4214 4215//4215
f 4216//4216 4217//4217 4218//4218
f 4219//4219 4220//4220 4221//4221
f 4222//4222 4223//4223 4224//4224
f 4225//4225 4226//4226 4227//4227
f 4228//4228 4229//4229 4230//4230
f 4231//4231 4232//4232 4233//4233
f 4234//4234 4235//4235 4236//4236
f 4237//4237 4238//4238 4239//4239
f 4240//4240 4241//4241 4242//4242
f 4243//4243 4244//4244 4245//4245
f 4246//4246 4247//4247 4248//4248
f 4249//4249 4250//4250 4251//4251
f 4252//4252 4253//4253 4254//4254
f 4255//4255 4256//4256 4257//4257
f 4258//4258 4259//4259 4260//4260
f 4261//4261 4262//4262 4263//4263
f 4264//4264 4265//4265 4266//4266
f 4267//4267 4268//4268 4269//4269
f 4270//4270 4271//4271 4272//4272
f 4273//4273 4274//4274 4275//4275
f 4276//4276 4277//4277 4278//4278
f 4279//4279 4280//4280 4281//4281
f 4282//4282 4283//4283 4284//4284
f 4285//4285 4286//4286 4287//4287
f 4288//4288 4289//4289 4290//4290
f 4291//4291 4292//4292 4293//4293
f 4294//4294 4295//4295 4296//4296
f 4297//4297 4298//4298 4299//4299
f 4300//4300 4301//4301 4302//4302
f 4303//4303 4304//4304 4305//4305
f 4306//4306 4307//4307 4308//4308
f 4309//4309 4310//4310 4311//4311
f 4312//4312 4313//4313 4314//4314
f 4315//4315 4316//4316 4317//4317
f 4318//4318 4319//4319 4320//4320
f 4321//4321 4322//4322 4323//4323
f 4324//4324 4325//4325 4326//4326
f 4327//4327 4328//4328 4329//4329
f 4330//4330 4331//4331 4332//4332
f 4333//4333 4334//4334 4335//4335
f 4336//4336 4337//4337 4338//4338
f 4339//4339 4340//4340 4341//4341
f 4342//4342 4343//4343 4344//4344
f 4345//4345 4346//4346 4347//4347
f 4348//4348 4349//4349 4350//4350
f 4351//4351 4352//4352 4353//4353
f 4354//4354 4355//4355 4356//4356
f 4357//4357 4358//4358 4359//4359
f 4360//4360 4361//4361 4362//4362
f 4363//4363 4364//4364 4365//4365
f 4366//4366 4367//4367 4368//4368
f 4369//4369 4370//4370 4371//4371
f 4372//4372 4373//4373 4374//4374
f 4375//4375 4376//4376 4377//4377
f 4378//4378 4379//4379 4380//4380
f 4381//4381 4382//4382 4383//4383
f 4384//4384 4385//4385 4386//4386
f 4387//4387 4388//4388 4389//4389
f 4390//4390 4391//4391 4392//4392
f 4393//4393 4394//4394 4395//4395
f 4396//4396 4397//4397 4398//4398
f 4399//4399 4400//4400 4401//4401
f 4402//4402 4403//4403 4404//4404
f 4405//4405 4406//4406 4407//4407
f 4408//4408 4409//4409 4410//4410
f 4411//4411 4412//4412 4413//4413
f 4414//4414 4415//4415 4416//4416
f 4417//4417 4418//4418 4419//4419
f 4420//4420 4421//4421 4422//4422
f 4423//4423 4424//4424 4425//4425
f 4426//4426 4427//4427 4428//4428
f 4429//4429 4430//4430 4431//4431
f 4432//4432 4433//4433 4434//4434
f 4435//4435 4436//4436 4437//4437
f 4438//4438 4439//4439 4440//4440
f 4441//4441 4442//4442 4443//4443
f 4444//4444 4445//4445 4446//4446
f 4447//4447 4448//4448 4449//4449
f 4450//4450 4451//4451 4452//4452
f 4453//4453 4454//4454 4455//4455
f 4456//4456 4457//4457 4458//4458
f 4459//4459 4460//4460 4461//4461
f 4462//4462 4463//4463 4464//4464
f 4465//4465 4466//4466 4467//4467
f 4468//4468 4469//4469 4470//4470
f 4471//4471 4472//4472 4473//4473
f 4474//4474 4475//4475 4476//4476
f 4477//4477 4478//4478 4479//4479
f 4480//4480 4481//4481 4482//4482
f 4483//4483 4484//4484 4485//4485
f 4486//4486 4487//4487 4488//4488
f 4489//4489 4490//4490 4491//4491
f 4492//4492 4493//4493 4494//4494
f 4495//4495 4496//4496 4497//4497
f 4498//4498 4499//4499 4500//4500
