# 07_person — split from wip_-_lowpoly_people_-_1.glb
# WIP - Lowpoly People - 1 by Loic Norgeot, CC-BY-4.0
# https://sketchfab.com/3d-models/wip-lowpoly-people-1-8cfd467af4334ea384d854109865f939
v -134.387341 0.263780 52.074273
v -132.879022 0.206250 50.552765
v -132.117964 0.778216 51.516223
v -138.606754 22.142303 48.931290
v -140.188221 23.824075 50.027446
v -137.703169 31.668573 49.889183
v -127.354979 37.856514 94.323626
v -128.736123 38.108802 95.119732
v -129.651529 38.805783 95.319723
v -129.338464 56.949836 61.619136
v -129.193608 56.516146 57.563798
v -130.620341 58.499682 58.677408
v -141.772140 80.698264 53.733225
v -142.934344 79.728294 54.360855
v -140.440805 82.398713 58.269957
v -127.413587 57.187414 56.125902
v -129.862793 69.175875 56.015905
v -129.381683 70.249688 56.412702
v -138.512562 0.225866 63.539261
v -140.071505 0.594574 64.595534
v -139.241094 1.425624 62.646353
v -139.241094 1.425624 62.646353
v -140.071505 0.594574 64.595534
v -139.964785 1.826811 64.506248
v -133.771910 65.459955 71.912130
v -133.656571 66.128528 71.304768
v -134.047179 64.672840 72.592758
v -129.651529 38.805783 95.319723
v -128.736123 38.108802 95.119732
v -127.354979 37.856514 94.323626
v -144.062346 0.532764 52.778662
v -142.501930 1.734102 54.352929
v -143.716337 1.631826 52.403414
v -144.072455 75.913978 59.336653
v -142.395252 77.084047 60.567823
v -142.090674 77.119994 58.844712
v -136.126687 74.988949 65.775653
v -133.478193 68.219346 71.467642
v -136.517008 76.166630 66.018617
v -143.469007 36.815088 24.776143
v -142.247733 36.195725 24.550864
v -143.602253 36.575919 26.277013
v -142.207206 78.235132 52.007674
v -142.263683 77.655011 51.757962
v -142.238156 77.910364 51.679712
v -133.701614 66.519547 71.275363
v -133.959645 66.277814 71.074928
v -134.021342 66.435766 70.893990
v -140.516876 66.297054 51.814908
v -140.774486 64.164692 51.851773
v -141.171481 64.936995 51.190971
v -130.548630 83.397126 62.229625
v -129.945447 83.156907 59.302945
v -131.001946 84.412068 59.340386
v -127.055583 41.637373 88.182666
v -128.540529 45.000118 86.666836
v -128.209792 44.763854 85.862568
v -133.535727 1.770192 63.019732
v -135.501939 1.192421 62.218421
v -132.742147 4.751938 61.697036
v -131.167528 71.160245 52.371810
v -133.456170 74.889636 49.840993
v -133.706563 77.778726 48.379641
v -133.151472 61.232298 52.722965
v -131.160354 66.068041 56.310583
v -131.754154 64.767849 56.429911
v -129.804593 67.312920 58.212579
v -129.882920 74.001360 58.141155
v -130.611830 71.230954 58.122898
v -142.238156 77.910364 51.679712
v -142.196996 77.605832 51.639060
v -141.698646 80.037045 51.603440
v -129.442546 62.634134 58.039168
v -130.464921 66.206926 57.727641
v -130.725588 60.140007 57.914654
v -142.196996 77.605832 51.639060
v -142.238156 77.910364 51.679712
v -142.263683 77.655011 51.757962
v -131.126216 22.578442 61.852771
v -129.661010 21.323615 64.455588
v -130.159146 11.387861 63.193410
v -140.940833 74.143481 47.274511
v -141.420528 65.846342 46.608389
v -140.578605 67.950368 48.734153
v -128.428256 53.345114 57.189128
v -127.310432 47.159630 60.461542
v -127.508991 45.321285 57.685071
v -125.212226 49.449122 87.380160
v -126.059468 49.987483 88.584449
v -124.407679 48.919609 88.602428
v -140.038857 47.473460 46.947725
v -140.559447 45.561179 48.126854
v -142.567006 45.618683 49.289087
v -129.193608 56.516146 57.563798
v -129.458864 57.086807 57.072259
v -129.622532 57.004511 57.233026
v -120.720638 36.575824 88.456032
v -118.965943 38.880023 85.323131
v -119.152926 39.098519 85.784688
v -139.255449 43.538317 48.887872
v -137.703169 31.668573 49.889183
v -139.546760 33.274591 50.248265
v -134.384734 63.317579 69.682296
v -134.505192 66.081816 70.552522
v -133.919223 64.914095 67.821099
v -137.314175 65.595686 47.326567
v -138.963246 65.616721 48.546329
v -139.554377 58.805829 44.452708
v -129.193608 56.516146 57.563798
v -129.498706 57.176429 57.207342
v -129.458864 57.086807 57.072259
v -135.063623 81.421465 66.390986
v -133.497795 81.917447 66.654396
v -134.260433 83.331060 63.411038
v -139.244961 53.222323 70.209895
v -139.336873 47.756151 69.992245
v -137.821522 41.445700 71.709930
v -134.711658 95.299292 60.703813
v -132.487700 93.459749 58.678941
v -132.136535 95.821273 57.382537
v -133.201597 66.058380 71.848754
v -133.112389 66.331422 71.645107
v -133.123209 66.235572 71.763064
v -130.936210 0.987643 62.163791
v -132.381916 1.560813 63.121487
v -132.742147 4.751938 61.697036
v -117.116924 39.335811 84.843685
v -118.627495 38.511750 84.599099
v -118.456612 39.566028 85.168019
v -118.627495 38.511750 84.599099
v -118.965943 38.880023 85.323131
v -118.456612 39.566028 85.168019
v -139.513423 43.552959 62.843023
v -138.595515 32.362425 62.335012
v -138.876684 32.086802 64.097938
v -141.142433 50.384873 48.973338
v -140.629235 49.344438 49.359346
v -143.061689 47.637236 49.650531
v -130.048284 6.507838 65.242065
v -132.573340 4.289836 66.281203
v -131.778997 2.241456 65.258907
v -117.195778 40.419429 85.989578
v -117.017577 40.346402 86.095895
v -117.008664 40.363613 86.087292
v -136.142676 1.452195 50.524911
v -134.802095 2.218091 49.629961
v -135.142324 0.067121 51.022357
v -142.247733 36.195725 24.550864
v -141.904104 40.118509 22.950385
v -141.287273 38.005390 24.439955
v -119.093451 39.067656 85.549078
v -118.463632 39.174995 85.327777
v -119.152926 39.098519 85.784688
v -118.965943 38.880023 85.323131
v -119.093451 39.067656 85.549078
v -119.152926 39.098519 85.784688
v -119.093451 39.067656 85.549078
v -118.456612 39.566028 85.168019
v -118.463632 39.174995 85.327777
v -119.093451 39.067656 85.549078
v -119.610117 38.961792 85.616880
v -118.456612 39.566028 85.168019
v -132.764226 45.761737 54.405165
v -134.502388 41.950428 51.387710
v -134.037973 44.709599 51.059147
v -136.435623 10.636851 54.284083
v -132.744507 4.667592 53.077406
v -134.090717 12.758445 53.402716
v -143.047496 46.403005 30.509492
v -142.902864 43.869113 28.247610
v -143.699658 46.237415 31.352103
v -127.861971 44.059240 56.457404
v -128.741889 45.198220 58.005608
v -128.570009 43.667811 56.438359
v -132.865529 15.766001 61.573539
v -134.602965 14.984420 62.524301
v -135.593837 27.653611 61.471797
v -120.409642 37.095836 90.442518
v -119.680423 36.807427 88.604442
v -119.749502 36.399281 88.992787
v -118.965943 38.880023 85.323131
v -120.490041 37.089229 86.939041
v -119.610117 38.961792 85.616880
v -136.835702 35.180366 60.262334
v -137.952164 44.576067 60.333588
v -136.275381 42.519236 59.608264
v -137.971374 66.472590 51.977042
v -136.001763 63.094824 52.311620
v -140.516876 66.297054 51.814908
v -146.267629 49.664516 58.850613
v -145.035367 49.845600 58.150965
v -145.478559 58.852154 57.758320
v -131.061407 48.213712 82.150208
v -131.019949 46.949154 82.296293
v -131.888926 48.632217 81.260079
v -130.485266 45.295355 61.093555
v -130.813057 46.095413 58.795601
v -128.420626 46.657115 63.170858
v -134.151986 32.013822 67.230503
v -132.364783 26.984477 67.324670
v -131.615307 35.119262 65.127430
v -137.193522 66.216117 46.041788
v -136.248910 72.942650 45.926976
v -135.001408 66.074782 48.388755
v -143.886205 69.191390 54.768301
v -145.469852 73.535145 55.193850
v -144.913148 72.594935 53.325274
v -130.936210 0.987643 62.163791
v -131.119645 0.321281 63.703496
v -132.381916 1.560813 63.121487
v -131.843765 57.683867 78.801629
v -130.657127 57.448781 78.255224
v -132.189959 58.294612 78.019827
v -128.631661 4.254430 62.182879
v -128.285847 1.845550 63.755060
v -129.567592 0.281161 62.629143
v -126.447248 36.691004 89.858290
v -125.175576 36.888880 92.269220
v -126.807506 42.061636 89.802016
v -136.844349 90.828985 52.735933
v -132.638036 91.028392 53.019706
v -134.888545 86.861026 54.923393
v -144.860976 47.105086 55.959024
v -144.123581 46.142590 56.305502
v -145.451160 46.771819 58.129250
v -145.451160 46.771819 58.129250
v -145.579865 48.551142 57.725435
v -145.043567 48.861602 57.831260
v -136.052972 96.777153 52.741043
v -139.185651 96.281892 53.043826
v -136.186830 97.993046 53.280193
v -129.193608 56.516146 57.563798
v -129.338464 56.949836 61.619136
v -128.428256 53.345114 57.189128
v -137.959038 45.359877 47.859863
v -139.255449 43.538317 48.887872
v -140.559447 45.561179 48.126854
v -136.450353 38.227779 71.463043
v -137.821522 41.445700 71.709930
v -136.497695 34.254205 70.543041
v -141.321606 57.873916 40.076362
v -141.386773 57.831287 40.054406
v -139.994096 60.236591 41.034984
v -144.955125 46.369857 53.422389
v -144.006893 45.754165 52.774317
v -144.092052 45.870385 53.946331
v -134.888545 86.861026 54.923393
v -134.086563 86.684656 56.168354
v -134.525000 85.524130 55.030573
v -142.501930 1.734102 54.352929
v -141.016715 0.150943 54.521946
v -139.414108 1.382256 54.719557
v -143.197096 51.181817 39.959528
v -144.170661 52.481496 40.268865
v -143.402477 49.886513 40.351311
v -133.366293 66.247410 71.559276
v -133.201597 66.058380 71.848754
v -133.204423 66.226936 71.685081
v -135.501939 1.192421 62.218421
v -134.573813 0.350207 65.909462
v -138.512562 0.225866 63.539261
v -127.908647 47.690314 64.310486
v -129.229138 51.049661 64.756160
v -129.623177 47.538668 65.083193
v -134.888545 86.861026 54.923393
v -133.304181 87.386262 55.049164
v -134.086563 86.684656 56.168354
v -134.525000 85.524130 55.030573
v -133.490231 82.993221 51.995919
v -134.917901 84.529656 52.339364
v -122.332937 38.232041 91.803345
v -120.409642 37.095836 90.442518
v -122.495538 37.783996 91.384964
v -131.295082 92.865646 54.473248
v -130.626226 93.233382 56.107271
v -131.418596 92.418325 56.124964
v -129.229138 51.049661 64.756160
v -127.925566 52.433276 65.944592
v -130.629928 56.610972 65.918046
v -141.105026 46.498665 58.138805
v -141.680640 45.659223 59.658058
v -142.822949 46.258581 57.898298
v -126.671433 47.193542 66.105441
v -127.908647 47.690314 64.310486
v -126.186993 46.958756 64.389871
v -143.257273 38.644877 49.999288
v -142.877515 38.403505 49.923910
v -143.148119 38.144296 50.026154
v -145.526884 60.551846 56.441561
v -146.277636 55.250013 55.511011
v -148.367993 48.285541 55.667261
v -141.783269 63.340503 45.657237
v -140.940833 74.143481 47.274511
v -140.139234 66.469919 44.247843
v -118.627495 38.511750 84.599099
v -117.116924 39.335811 84.843685
v -119.499025 36.426866 87.163030
v -134.639706 96.853351 52.533209
v -135.117881 94.987118 52.648072
v -136.052972 96.777153 52.741043
v -135.447396 28.477668 50.354522
v -137.703169 31.668573 49.889183
v -135.865199 34.889340 50.532091
v -128.209792 44.763854 85.862568
v -128.921090 45.502103 83.416757
v -126.879721 45.994348 85.527400
v -132.598546 84.743047 58.774437
v -132.043899 82.071733 54.736418
v -132.454079 84.042269 55.479749
v -139.948850 1.479870 49.312799
v -138.606836 5.584007 50.103974
v -136.785240 5.420881 49.426585
v -148.367993 48.285541 55.667261
v -144.988498 50.342387 57.049986
v -147.784049 46.948567 56.502107
v -132.226954 59.492850 54.497279
v -129.192976 58.239686 55.700358
v -129.498706 57.176429 57.207342
v -130.048284 6.507838 65.242065
v -128.285847 1.845550 63.755060
v -129.584111 8.006421 64.054504
v -133.661394 85.519111 56.986421
v -134.489462 85.872424 58.639553
v -132.598546 84.743047 58.774437
v -132.598546 84.743047 58.774437
v -134.489462 85.872424 58.639553
v -135.235941 85.174179 59.865892
v -136.320467 87.923169 60.053816
v -134.489462 85.872424 58.639553
v -134.213444 86.812794 57.641881
v -141.225799 48.572218 48.895870
v -140.038857 47.473460 46.947725
v -142.567006 45.618683 49.289087
v -134.525000 85.524130 55.030573
v -134.917901 84.529656 52.339364
v -136.345683 84.976685 53.965113
v -138.943067 60.966337 66.987411
v -138.691237 60.682136 66.921578
v -138.766578 60.407377 67.206048
v -133.490231 82.993221 51.995919
v -132.043899 82.071733 54.736418
v -132.885139 82.425469 49.776424
v -142.824771 0.031418 53.190001
v -142.034604 -0.000000 51.012924
v -141.016715 0.150943 54.521946
v -136.345683 84.976685 53.965113
v -138.242570 82.890832 53.823475
v -137.833612 84.317624 54.460657
v -136.345683 84.976685 53.965113
v -137.151638 84.178537 52.179192
v -138.242570 82.890832 53.823475
v -137.313103 47.477150 71.068084
v -137.821522 41.445700 71.709930
v -136.128301 39.638049 71.946692
v -138.242570 82.890832 53.823475
v -138.849620 83.677399 56.285053
v -137.833612 84.317624 54.460657
v -129.747784 74.934017 56.886130
v -130.783522 76.818621 53.696027
v -129.428930 81.230050 55.859213
v -135.218921 97.264552 59.609819
v -134.711658 95.299292 60.703813
v -132.136535 95.821273 57.382537
v -135.142324 0.067121 51.022357
v -134.802095 2.218091 49.629961
v -132.879022 0.206250 50.552765
v -140.630824 45.239976 57.102816
v -141.105026 46.498665 58.138805
v -142.900116 46.160081 55.248842
v -141.753284 86.659885 60.665010
v -139.917478 90.728808 62.310446
v -142.467835 89.173138 61.444963
v -139.531831 81.899422 48.784624
v -137.221349 82.690227 48.577739
v -139.737000 79.431516 47.456673
v -138.544743 16.173315 53.857072
v -137.917625 30.293360 56.354421
v -140.293329 24.670920 53.731414
v -143.738287 57.766813 63.430618
v -144.109796 50.850249 62.114538
v -145.016874 48.436961 63.355669
v -132.885139 82.425469 49.776424
v -133.706563 77.778726 48.379641
v -134.344160 77.127498 47.991261
v -138.969735 45.956719 60.774042
v -136.867053 44.900137 59.044283
v -137.952164 44.576067 60.333588
v -133.669803 21.905490 50.222834
v -135.447396 28.477668 50.354522
v -134.995740 31.653595 52.654806
v -125.175576 36.888880 92.269220
v -124.635427 36.963040 93.904496
v -123.880875 38.273949 93.454183
v -131.001946 84.412068 59.340386
v -132.598546 84.743047 58.774437
v -132.874166 85.406566 62.323329
v -147.663987 46.539855 58.032826
v -145.451160 46.771819 58.129250
v -146.155206 47.087115 59.133483
v -147.784049 46.948567 56.502107
v -145.451160 46.771819 58.129250
v -147.663987 46.539855 58.032826
v -144.290521 58.411592 58.451351
v -145.478559 58.852154 57.758320
v -143.676948 47.371412 58.397706
v -127.508991 45.321285 57.685071
v -128.742031 45.933073 56.349943
v -128.428256 53.345114 57.189128
v -143.075734 45.518822 61.741634
v -144.410848 47.167832 63.722324
v -144.698929 46.168322 62.110252
v -141.753284 86.659885 60.665010
v -142.467835 89.173138 61.444963
v -143.136498 88.189650 59.971598
v -136.275381 42.519236 59.608264
v -136.867053 44.900137 59.044283
v -135.248285 44.243285 59.020656
v -143.536331 50.892418 34.912318
v -144.188176 48.245507 33.845884
v -145.025672 52.577471 36.478111
v -137.314175 65.595686 47.326567
v -136.621459 65.804940 48.001513
v -137.106228 67.020964 49.700918
v -138.963246 65.616721 48.546329
v -137.314175 65.595686 47.326567
v -137.106228 67.020964 49.700918
v -133.120564 64.466476 56.550654
v -132.812632 62.380123 57.887009
v -131.598238 63.861549 57.135826
v -136.798028 2.830076 66.176625
v -137.119977 4.113656 64.670217
v -138.194473 2.845621 64.200103
v -122.495538 37.783996 91.384964
v -120.409642 37.095836 90.442518
v -122.509545 36.123079 91.169098
v -131.167528 71.160245 52.371810
v -131.492438 69.547522 55.154202
v -131.882633 68.896705 53.316565
v -134.369356 66.179323 70.803262
v -134.047699 66.420472 70.822122
v -134.033701 66.492045 70.737786
v -144.952820 46.368784 54.731710
v -144.955125 46.369857 53.422389
v -144.092052 45.870385 53.946331
v -133.535727 1.770192 63.019732
v -132.742147 4.751938 61.697036
v -132.381916 1.560813 63.121487
v -143.676948 47.371412 58.397706
v -145.035367 49.845600 58.150965
v -144.788182 49.167341 58.376247
v -148.943340 47.137195 57.527027
v -148.367993 48.285541 55.667261
v -147.784049 46.948567 56.502107
v -144.092052 45.870385 53.946331
v -144.123581 46.142590 56.305502
v -144.952820 46.368784 54.731710
v -134.387341 0.263780 52.074273
v -135.762096 1.096785 51.330015
v -135.142324 0.067121 51.022357
v -133.201597 66.058380 71.848754
v -133.208699 66.203714 71.786210
v -133.257106 66.197139 71.742612
v -139.908008 67.064953 49.813599
v -140.749508 66.934383 50.024524
v -140.578605 67.950368 48.734153
v -139.908008 67.064953 49.813599
v -140.516876 66.297054 51.814908
v -140.749508 66.934383 50.024524
v -130.621451 45.431024 84.299017
v -128.540529 45.000118 86.666836
v -129.978552 46.338252 84.725389
v -123.631863 39.293790 92.917682
v -125.175576 36.888880 92.269220
v -123.880875 38.273949 93.454183
v -138.998770 58.085829 66.974923
v -141.281545 56.693054 66.157284
v -139.305262 53.813368 68.033011
v -127.508991 45.321285 57.685071
v -127.310432 47.159630 60.461542
v -127.851452 46.008676 61.241869
v -141.783269 63.340503 45.657237
v -141.420528 65.846342 46.608389
v -140.940833 74.143481 47.274511
v -144.988498 50.342387 57.049986
v -144.788182 49.167341 58.376247
v -145.035367 49.845600 58.150965
v -126.999558 51.068961 62.972335
v -125.562884 49.016747 64.943137
v -127.310432 47.159630 60.461542
v -145.043567 48.861602 57.831260
v -145.035367 49.845600 58.150965
v -146.267629 49.664516 58.850613
v -142.846169 55.796104 42.998271
v -142.611274 52.743524 40.385959
v -139.554377 58.805829 44.452708
v -142.451442 76.790273 51.500884
v -142.570784 78.662866 49.924137
v -142.879244 72.460771 51.401102
v -132.742147 4.751938 61.697036
v -130.552468 5.574971 61.361039
v -130.936210 0.987643 62.163791
v -142.900116 46.160081 55.248842
v -143.516335 46.600455 55.853096
v -143.252409 45.515066 54.053085
v -141.412909 75.713277 65.031564
v -140.364288 71.246988 66.886432
v -139.045666 76.414538 66.236387
v -137.971374 66.472590 51.977042
v -139.908008 67.064953 49.813599
v -137.106228 67.020964 49.700918
v -130.134499 52.330971 84.467154
v -129.459981 53.643263 84.199509
v -131.121101 53.745026 83.646648
v -141.520426 46.168381 64.562500
v -142.522332 46.220252 64.430479
v -142.459450 47.105208 63.026681
v -140.000786 45.601320 63.726775
v -140.966342 46.537936 64.693338
v -140.541707 46.249077 62.198121
v -145.579865 48.551142 57.725435
v -145.035367 49.845600 58.150965
v -145.043567 48.861602 57.831260
v -139.513423 43.552959 62.843023
v -140.000786 45.601320 63.726775
v -140.541707 46.249077 62.198121
v -128.428256 53.345114 57.189128
v -129.468620 53.337031 55.530692
v -127.834219 54.953062 57.097189
v -129.622532 57.004511 57.233026
v -130.620341 58.499682 58.677408
v -129.193608 56.516146 57.563798
v -136.867053 44.900137 59.044283
v -141.105026 46.498665 58.138805
v -138.243199 44.900060 57.925903
v -141.105026 46.498665 58.138805
v -140.630824 45.239976 57.102816
v -138.243199 44.900060 57.925903
v -141.105026 46.498665 58.138805
v -136.867053 44.900137 59.044283
v -138.969735 45.956719 60.774042
v -139.414108 1.382256 54.719557
v -136.770632 1.127326 52.011454
v -135.815275 3.366756 53.172215
v -141.105026 46.498665 58.138805
v -138.969735 45.956719 60.774042
v -140.541707 46.249077 62.198121
v -132.764226 45.761737 54.405165
v -133.795999 44.601851 55.463299
v -134.502388 41.950428 51.387710
v -123.581832 43.910176 91.413725
v -123.631863 39.293790 92.917682
v -123.054956 40.975356 92.432482
v -132.136535 95.821273 57.382537
v -130.626226 93.233382 56.107271
v -132.143465 96.724510 56.409172
v -143.699658 46.237415 31.352103
v -142.881130 45.492368 30.792239
v -143.114458 46.891313 34.656413
v -143.738287 57.766813 63.430618
v -141.987881 57.152188 63.895042
v -141.421575 62.037778 64.466111
v -131.492438 69.547522 55.154202
v -131.097749 68.955820 55.709601
v -131.882633 68.896705 53.316565
v -128.162879 54.636472 56.541254
v -127.834219 54.953062 57.097189
v -129.468620 53.337031 55.530692
v -126.116051 35.663551 90.449722
v -125.976984 36.417869 89.533549
v -124.916611 36.864728 89.368927
v -140.578605 67.950368 48.734153
v -141.252305 71.277267 49.601917
v -140.942666 74.741739 48.912926
v -135.235941 85.174179 59.865892
v -134.489462 85.872424 58.639553
v -136.320467 87.923169 60.053816
v -147.663987 46.539855 58.032826
v -146.267629 49.664516 58.850613
v -148.943340 47.137195 57.527027
v -135.623353 64.546489 49.057997
v -136.621459 65.804940 48.001513
v -135.001408 66.074782 48.388755
v -137.193522 66.216117 46.041788
v -136.621459 65.804940 48.001513
v -137.314175 65.595686 47.326567
v -136.621459 65.804940 48.001513
v -137.193522 66.216117 46.041788
v -135.001408 66.074782 48.388755
v -140.749508 66.934383 50.024524
v -140.516876 66.297054 51.814908
v -141.171481 64.936995 51.190971
v -140.749508 66.934383 50.024524
v -142.765561 64.345926 49.490025
v -143.188595 70.489067 49.464973
v -133.366293 66.247410 71.559276
v -133.656571 66.128528 71.304768
v -133.687330 66.023052 71.566226
v -137.314175 65.595686 47.326567
v -139.010843 59.533256 42.582108
v -137.193522 66.216117 46.041788
v -143.291246 66.632271 50.877639
v -142.958524 58.792305 52.652658
v -141.336187 66.975582 51.877343
v -131.287565 13.172328 62.169590
v -132.865529 15.766001 61.573539
v -131.126216 22.578442 61.852771
v -130.620341 58.499682 58.677408
v -129.498706 57.176429 57.207342
v -130.725588 60.140007 57.914654
v -141.528198 92.981941 60.650772
v -142.243586 92.682862 59.317334
v -142.841668 92.199594 60.903448
v -128.842081 55.628359 56.301222
v -129.622532 57.004511 57.233026
v -129.458864 57.086807 57.072259
v -128.842081 55.628359 56.301222
v -130.044599 55.998599 56.101592
v -129.622532 57.004511 57.233026
v -138.503339 45.521632 69.855833
v -138.467445 46.925974 69.156978
v -136.746775 45.566178 69.753967
v -128.842081 55.628359 56.301222
v -128.162879 54.636472 56.541254
v -130.044599 55.998599 56.101592
v -129.622532 57.004511 57.233026
v -129.498706 57.176429 57.207342
v -130.620341 58.499682 58.677408
v -143.765778 55.277788 40.035761
v -144.170661 52.481496 40.268865
v -142.846169 55.796104 42.998271
v -131.754154 64.767849 56.429911
v -131.067002 59.389794 54.329345
v -133.151472 61.232298 52.722965
v -131.615307 35.119262 65.127430
v -132.205439 41.432035 66.377098
v -134.151986 32.013822 67.230503
v -133.151472 61.232298 52.722965
v -134.126648 62.270051 52.623410
v -133.852156 63.244766 50.755285
v -142.162435 39.441382 28.114949
v -143.666623 40.122932 27.906728
v -142.846668 38.088267 28.012973
v -138.924498 59.344173 67.106575
v -138.937943 59.601993 66.797260
v -138.444530 58.730221 67.267906
v -142.735926 51.540136 39.259762
v -142.823836 50.319034 40.052193
v -143.402477 49.886513 40.351311
v -138.827485 61.405993 66.841809
v -138.943067 60.966337 66.987411
v -138.806428 61.869973 66.629062
v -142.915587 90.565956 60.632878
v -142.841668 92.199594 60.903448
v -142.243586 92.682862 59.317334
v -131.354550 64.640218 74.032523
v -133.478193 68.219346 71.467642
v -132.189959 58.294612 78.019827
v -144.880706 49.660471 38.467116
v -145.138032 49.153214 35.465862
v -144.410949 47.599551 36.430144
v -140.440805 82.398713 58.269957
v -142.934344 79.728294 54.360855
v -140.152532 81.996656 59.450405
v -136.353656 1.288521 67.364419
v -136.798028 2.830076 66.176625
v -139.371524 1.386947 66.324531
v -133.457926 65.815175 71.897868
v -133.366293 66.247410 71.559276
v -133.257106 66.197139 71.742612
v -141.321606 57.873916 40.076362
v -141.297608 57.938409 40.086464
v -142.910639 56.184184 38.675543
v -141.278551 57.518452 39.867328
v -141.386773 57.831287 40.054406
v -142.417083 57.840866 41.086925
v -142.536934 95.034391 57.094931
v -142.742019 93.638855 58.175547
v -141.953387 95.588076 59.656130
v -140.188221 23.824075 50.027446
v -141.618453 30.985159 52.485059
v -139.546760 33.274591 50.248265
v -142.611274 52.743524 40.385959
v -143.197096 51.181817 39.959528
v -142.735926 51.540136 39.259762
v -143.000686 49.758309 39.866471
v -143.402477 49.886513 40.351311
v -142.823836 50.319034 40.052193
v -142.467835 89.173138 61.444963
v -142.915587 90.565956 60.632878
v -143.136498 88.189650 59.971598
v -140.293329 24.670920 53.731414
v -141.091329 33.974600 56.056979
v -142.902870 38.378942 53.136967
v -143.402477 49.886513 40.351311
v -143.000686 49.758309 39.866471
v -143.197096 51.181817 39.959528
v -129.887171 47.780589 83.311603
v -130.598470 49.411434 83.696071
v -131.061407 48.213712 82.150208
v -131.928934 3.898608 50.890702
v -132.744507 4.667592 53.077406
v -132.117964 0.778216 51.516223
v -134.525000 85.524130 55.030573
v -134.086563 86.684656 56.168354
v -133.661394 85.519111 56.986421
v -142.910639 56.184184 38.675543
v -141.278551 57.518452 39.867328
v -143.518846 53.114950 37.053602
v -131.716189 45.888257 52.976816
v -130.586034 46.206560 53.995621
v -132.228631 45.912891 55.606391
v -133.098651 45.785725 48.498878
v -133.327020 45.407036 50.443581
v -134.375430 45.728746 49.301232
v -129.577618 45.321905 50.992425
v -131.716189 45.888257 52.976816
v -133.327020 45.407036 50.443581
v -133.669803 21.905490 50.222834
v -134.845672 22.600123 49.219491
v -135.447396 28.477668 50.354522
v -135.248285 44.243285 59.020656
v -136.867053 44.900137 59.044283
v -135.071033 45.018256 57.574507
v -136.008007 42.999786 57.265350
v -135.071033 45.018256 57.574507
v -136.867053 44.900137 59.044283
v -136.867053 44.900137 59.044283
v -138.243199 44.900060 57.925903
v -136.008007 42.999786 57.265350
v -136.275381 42.519236 59.608264
v -137.952164 44.576067 60.333588
v -136.867053 44.900137 59.044283
v -138.033040 45.945710 46.707701
v -137.959038 45.359877 47.859863
v -139.662890 45.126769 47.058046
v -136.770155 26.110628 63.055422
v -138.876684 32.086802 64.097938
v -138.595515 32.362425 62.335012
v -144.546599 58.772672 61.223575
v -143.738287 57.766813 63.430618
v -144.278807 66.748482 60.122799
v -130.586034 46.206560 53.995621
v -129.608714 46.414899 50.448195
v -130.401107 53.261649 52.242030
v -138.544743 16.173315 53.857072
v -140.293329 24.670920 53.731414
v -139.143598 13.040212 50.798866
v -136.345683 84.976685 53.965113
v -134.888545 86.861026 54.923393
v -134.525000 85.524130 55.030573
v -141.225799 48.572218 48.895870
v -140.629235 49.344438 49.359346
v -141.142433 50.384873 48.973338
v -138.600612 7.527631 49.438735
v -140.087896 5.506575 52.000569
v -139.143598 13.040212 50.798866
v -142.841668 92.199594 60.903448
v -142.915587 90.565956 60.632878
v -142.356058 91.094065 61.256455
v -129.442546 62.634134 58.039168
v -127.834219 54.953062 57.097189
v -127.413587 57.187414 56.125902
v -133.327020 45.407036 50.443581
v -134.037973 44.709599 51.059147
v -134.375430 45.728746 49.301232
v -138.561779 59.334970 67.461555
v -138.924498 59.344173 67.106575
v -138.448589 59.704447 67.054324
v -139.917478 90.728808 62.310446
v -141.528198 92.981941 60.650772
v -142.356058 91.094065 61.256455
v -134.375430 45.728746 49.301232
v -136.335875 43.440598 49.342486
v -134.562301 46.632898 48.600922
v -134.375430 45.728746 49.301232
v -134.037973 44.709599 51.059147
v -136.335875 43.440598 49.342486
v -134.562301 46.632898 48.600922
v -137.959038 45.359877 47.859863
v -137.030535 47.322181 47.972658
v -137.030535 47.322181 47.972658
v -137.959038 45.359877 47.859863
v -138.033040 45.945710 46.707701
v -130.401107 53.261649 52.242030
v -130.683073 46.301442 49.207183
v -134.260080 54.677361 49.412073
v -143.516335 46.600455 55.853096
v -144.123581 46.142590 56.305502
v -144.092052 45.870385 53.946331
v -134.711658 95.299292 60.703813
v -138.729931 97.080898 61.333054
v -138.678967 95.910138 61.192098
v -137.258352 79.539931 65.226118
v -138.946567 79.748178 64.776867
v -139.045666 76.414538 66.236387
v -143.331617 47.954627 33.773639
v -142.188252 49.211052 35.669934
v -143.114458 46.891313 34.656413
v -142.188252 49.211052 35.669934
v -143.331617 47.954627 33.773639
v -143.536331 50.892418 34.912318
v -122.804844 35.769373 92.649832
v -124.635427 36.963040 93.904496
v -124.450823 35.156632 92.516396
v -130.107757 44.576791 83.552095
v -131.149664 46.393007 82.991249
v -131.019949 46.949154 82.296293
v -143.331617 47.954627 33.773639
v -143.114458 46.891313 34.656413
v -142.881130 45.492368 30.792239
v -138.821583 47.156289 46.565542
v -139.662890 45.126769 47.058046
v -140.038857 47.473460 46.947725
v -136.008007 42.999786 57.265350
v -135.269815 35.821131 54.964124
v -133.795999 44.601851 55.463299
v -141.225799 48.572218 48.895870
v -142.567006 45.618683 49.289087
v -140.629235 49.344438 49.359346
v -133.166728 90.275115 58.313065
v -132.487700 93.459749 58.678941
v -135.163996 90.079319 60.514415
v -131.274441 40.879917 62.630285
v -131.615307 35.119262 65.127430
v -131.722868 32.814729 62.978826
v -134.151986 32.013822 67.230503
v -134.905534 22.406167 67.815007
v -132.629129 22.607574 68.063904
v -133.407678 0.871050 52.627927
v -134.387341 0.263780 52.074273
v -132.117964 0.778216 51.516223
v -142.570784 78.662866 49.924137
v -141.698646 80.037045 51.603440
v -140.811661 81.463772 49.466528
v -131.928934 3.898608 50.890702
v -132.117964 0.778216 51.516223
v -132.738842 2.672922 49.796667
v -132.879022 0.206250 50.552765
v -132.738842 2.672922 49.796667
v -132.117964 0.778216 51.516223
v -134.802095 2.218091 49.629961
v -132.738842 2.672922 49.796667
v -132.879022 0.206250 50.552765
v -135.142324 0.067121 51.022357
v -135.762096 1.096785 51.330015
v -136.142676 1.452195 50.524911
v -131.186178 68.167043 68.676492
v -131.900151 62.750363 69.641492
v -131.437130 73.423254 64.633687
v -144.788182 49.167341 58.376247
v -145.043567 48.861602 57.831260
v -146.267629 49.664516 58.850613
v -138.106231 0.151563 52.663549
v -139.414108 1.382256 54.719557
v -141.016715 0.150943 54.521946
v -137.564285 55.273015 68.315596
v -136.047392 46.516305 69.788199
v -135.087585 59.045380 67.261041
v -142.501930 1.734102 54.352929
v -142.824771 0.031418 53.190001
v -141.016715 0.150943 54.521946
v -142.682146 0.884640 50.326310
v -139.948850 1.479870 49.312799
v -142.034604 -0.000000 51.012924
v -139.838299 61.062587 67.639259
v -139.244961 53.222323 70.209895
v -140.364288 71.246988 66.886432
v -134.090717 12.758445 53.402716
v -133.500945 11.922896 51.393447
v -133.437369 21.152091 52.845202
v -129.965152 50.476724 79.679203
v -128.608817 52.218884 80.610570
v -127.697857 50.395727 83.771622
v -131.287565 13.172328 62.169590
v -130.159146 11.387861 63.193410
v -130.552468 5.574971 61.361039
v -130.134499 52.330971 84.467154
v -131.004921 52.194095 84.276035
v -130.598470 49.411434 83.696071
v -136.435623 10.636851 54.284083
v -134.892073 21.869823 54.648990
v -137.917625 30.293360 56.354421
v -122.332937 38.232041 91.803345
v -122.076180 37.817806 92.591794
v -118.314737 37.549964 88.121002
v -133.572658 8.078247 49.547050
v -132.884254 6.946587 51.072442
v -134.234689 6.257188 50.134648
v -139.838299 61.062587 67.639259
v -138.924498 59.344173 67.106575
v -138.998770 58.085829 66.974923
v -129.381683 70.249688 56.412702
v -129.862793 69.175875 56.015905
v -131.492438 69.547522 55.154202
v -127.697857 50.395727 83.771622
v -125.606318 47.853479 86.089908
v -129.110458 48.082090 83.243390
v -132.205439 41.432035 66.377098
v -129.707063 46.292355 63.273941
v -129.623177 47.538668 65.083193
v -143.173501 42.748743 26.272574
v -142.902864 43.869113 28.247610
v -142.018108 42.747825 24.152248
v -141.987881 57.152188 63.895042
v -143.360511 56.280107 63.933822
v -142.459450 47.105208 63.026681
v -141.904104 40.118509 22.950385
v -142.641981 41.703298 23.419798
v -141.240788 41.211414 23.648732
v -142.018108 42.747825 24.152248
v -141.240788 41.211414 23.648732
v -142.641981 41.703298 23.419798
v -141.240788 41.211414 23.648732
v -141.287273 38.005390 24.439955
v -141.904104 40.118509 22.950385
v -145.469852 73.535145 55.193850
v -144.521450 70.130068 57.651643
v -144.484768 73.707998 60.169765
v -142.791955 46.552959 59.403144
v -144.109796 50.850249 62.114538
v -144.546599 58.772672 61.223575
v -142.881130 45.492368 30.792239
v -142.902864 43.869113 28.247610
v -143.047496 46.403005 30.509492
v -137.258352 79.539931 65.226118
v -137.596976 81.862652 63.019941
v -138.946567 79.748178 64.776867
v -131.598238 63.861549 57.135826
v -132.812632 62.380123 57.887009
v -130.725588 60.140007 57.914654
v -130.775495 77.551818 66.158780
v -131.186178 68.167043 68.676492
v -130.567911 75.882435 63.558151
v -138.243199 44.900060 57.925903
v -136.911950 37.716103 56.573050
v -136.008007 42.999786 57.265350
v -127.851452 46.008676 61.241869
v -127.310432 47.159630 60.461542
v -126.186993 46.958756 64.389871
v -133.069356 64.296853 60.673524
v -133.674066 65.089619 57.162412
v -133.224545 65.807027 61.781263
v -142.247733 36.195725 24.550864
v -142.846668 38.088267 28.012973
v -143.602253 36.575919 26.277013
v -142.846668 38.088267 28.012973
v -143.666623 40.122932 27.906728
v -143.602253 36.575919 26.277013
v -132.742147 4.751938 61.697036
v -131.287565 13.172328 62.169590
v -130.552468 5.574971 61.361039
v -131.149664 46.393007 82.991249
v -129.862531 46.482843 83.333660
v -131.400351 47.979540 82.367251
v -134.845672 22.600123 49.219491
v -137.703169 31.668573 49.889183
v -135.447396 28.477668 50.354522
v -127.413587 57.187414 56.125902
v -128.162879 54.636472 56.541254
v -128.356358 55.410891 55.461997
v -137.633939 99.473369 58.298855
v -135.218921 97.264552 59.609819
v -132.143465 96.724510 56.409172
v -132.924733 44.091046 67.468519
v -134.151986 32.013822 67.230503
v -132.205439 41.432035 66.377098
v -136.126687 74.988949 65.775653
v -136.517008 76.166630 66.018617
v -136.527066 73.707062 65.110582
v -137.258352 79.539931 65.226118
v -135.063623 81.421465 66.390986
v -134.260433 83.331060 63.411038
v -144.890468 51.354271 39.139504
v -143.402477 49.886513 40.351311
v -144.170661 52.481496 40.268865
v -122.804844 35.769373 92.649832
v -122.509545 36.123079 91.169098
v -120.409642 37.095836 90.442518
v -137.258352 79.539931 65.226118
v -139.045666 76.414538 66.236387
v -137.764209 75.359535 65.434138
v -135.762096 1.096785 51.330015
v -134.387341 0.263780 52.074273
v -135.815275 3.366756 53.172215
v -132.041812 59.642327 78.236965
v -132.046580 59.656322 78.205486
v -132.236138 59.722245 78.290844
v -142.962590 44.540045 51.695823
v -143.252409 45.515066 54.053085
v -144.092052 45.870385 53.946331
v -132.536231 1.494318 64.647385
v -131.778997 2.241456 65.258907
v -134.573813 0.350207 65.909462
v -140.139234 66.469919 44.247843
v -140.610592 63.294279 42.140726
v -141.783269 63.340503 45.657237
v -143.284796 90.350819 58.247369
v -140.734489 92.307574 53.454787
v -140.517994 90.523279 53.796462
v -126.712695 54.304642 86.581354
v -126.272195 53.914184 84.982116
v -128.276857 54.938436 85.665584
v -138.578182 83.040082 58.659307
v -136.661624 84.530258 59.895868
v -138.717340 84.840250 58.835613
v -138.512562 0.225866 63.539261
v -138.090017 0.185752 65.810871
v -140.071505 0.594574 64.595534
v -133.701614 66.519547 71.275363
v -133.208699 66.203714 71.786210
v -133.204423 66.226936 71.685081
v -133.706563 77.778726 48.379641
v -131.236092 80.840683 51.182082
v -130.783522 76.818621 53.696027
v -129.459981 53.643263 84.199509
v -127.804804 51.195592 87.252281
v -128.276857 54.938436 85.665584
v -127.055583 41.637373 88.182666
v -128.209792 44.763854 85.862568
v -126.144450 43.042970 87.077480
v -131.121101 53.745026 83.646648
v -131.004921 52.194095 84.276035
v -130.134499 52.330971 84.467154
v -131.004921 52.194095 84.276035
v -131.121101 53.745026 83.646648
v -132.883128 51.812977 81.566769
v -134.573813 0.350207 65.909462
v -136.353656 1.288521 67.364419
v -138.090017 0.185752 65.810871
v -129.584111 8.006421 64.054504
v -128.631661 4.254430 62.182879
v -130.159146 11.387861 63.193410
v -131.888926 48.632217 81.260079
v -132.883128 51.812977 81.566769
v -132.338225 52.660430 79.940917
v -130.434615 48.686359 81.693881
v -130.790996 49.760068 80.610619
v -129.110458 48.082090 83.243390
v -141.875774 69.354451 52.454527
v -142.366212 69.917876 51.419816
v -141.336187 66.975582 51.877343
v -133.415622 65.812969 71.933814
v -133.112389 66.331422 71.645107
v -133.201597 66.058380 71.848754
v -133.415622 65.812969 71.933814
v -133.201597 66.058380 71.848754
v -133.771910 65.459955 71.912130
v -142.009756 77.568656 49.133577
v -142.570784 78.662866 49.924137
v -140.811661 81.463772 49.466528
v -133.795999 44.601851 55.463299
v -132.764226 45.761737 54.405165
v -132.228631 45.912891 55.606391
v -138.606836 5.584007 50.103974
v -135.849590 7.399636 48.493765
v -136.785240 5.420881 49.426585
v -143.284796 90.350819 58.247369
v -142.742019 93.638855 58.175547
v -142.536934 95.034391 57.094931
v -133.208699 66.203714 71.786210
v -133.123209 66.235572 71.763064
v -133.204423 66.226936 71.685081
v -133.204423 66.226936 71.685081
v -133.123209 66.235572 71.763064
v -133.366293 66.247410 71.559276
v -133.701614 66.519547 71.275363
v -133.257106 66.197139 71.742612
v -133.366293 66.247410 71.559276
v -133.701614 66.519547 71.275363
v -133.366293 66.247410 71.559276
v -133.687330 66.023052 71.566226
v -134.094607 66.489589 70.797729
v -134.047699 66.420472 70.822122
v -134.021342 66.435766 70.893990
v -133.701614 66.519547 71.275363
v -133.656571 66.128528 71.304768
v -134.033701 66.492045 70.737786
v -134.094607 66.489589 70.797729
v -133.701614 66.519547 71.275363
v -134.033701 66.492045 70.737786
v -134.047699 66.420472 70.822122
v -134.094607 66.489589 70.797729
v -134.033701 66.492045 70.737786
v -133.701614 66.519547 71.275363
v -134.094607 66.489589 70.797729
v -134.439044 66.943193 70.692115
v -142.702425 52.743315 38.082321
v -143.536331 50.892418 34.912318
v -143.518846 53.114950 37.053602
v -137.946381 45.550654 67.887144
v -134.151986 32.013822 67.230503
v -136.017015 43.716330 68.366663
v -122.804844 35.769373 92.649832
v -124.576995 34.541595 90.579008
v -122.509545 36.123079 91.169098
v -135.343108 71.423334 66.244726
v -136.126687 74.988949 65.775653
v -136.527066 73.707062 65.110582
v -136.527066 73.707062 65.110582
v -134.445596 70.344722 64.590259
v -133.952522 70.296699 65.356118
v -141.142433 50.384873 48.973338
v -140.155127 58.090728 49.932277
v -140.038857 47.473460 46.947725
v -136.142676 1.452195 50.524911
v -138.106231 0.151563 52.663549
v -138.820962 0.361371 49.976507
v -133.224545 65.807027 61.781263
v -132.396709 61.857372 62.366655
v -133.069356 64.296853 60.673524
v -127.804804 51.195592 87.252281
v -126.059468 49.987483 88.584449
v -128.276857 54.938436 85.665584
v -134.904740 27.489626 54.275961
v -134.892073 21.869823 54.648990
v -133.437369 21.152091 52.845202
v -131.888926 48.632217 81.260079
v -131.149664 46.393007 82.991249
v -132.883128 51.812977 81.566769
v -130.598470 49.411434 83.696071
v -131.004921 52.194095 84.276035
v -131.400351 47.979540 82.367251
v -140.364288 71.246988 66.886432
v -141.479808 72.444082 65.044421
v -140.127695 69.383967 64.742809
v -130.621451 45.431024 84.299017
v -131.149664 46.393007 82.991249
v -130.107757 44.576791 83.552095
v -129.862531 46.482843 83.333660
v -131.149664 46.393007 82.991249
v -129.978552 46.338252 84.725389
v -131.400351 47.979540 82.367251
v -129.862531 46.482843 83.333660
v -131.019949 46.949154 82.296293
v -129.747784 74.934017 56.886130
v -129.882920 74.001360 58.141155
v -129.381683 70.249688 56.412702
v -138.849620 83.677399 56.285053
v -138.578182 83.040082 58.659307
v -138.717340 84.840250 58.835613
v -138.561779 59.334970 67.461555
v -138.444530 58.730221 67.267906
v -138.998770 58.085829 66.974923
v -138.391677 61.191666 66.755411
v -138.937304 62.389171 66.809693
v -138.827485 61.405993 66.841809
v -138.391677 61.191666 66.755411
v -139.014584 61.450702 66.412877
v -138.943067 60.966337 66.987411
v -138.972338 62.881547 66.413898
v -139.014584 61.450702 66.412877
v -138.806428 61.869973 66.629062
v -138.937943 59.601993 66.797260
v -138.448589 59.704447 67.054324
v -138.691237 60.682136 66.921578
v -138.937943 59.601993 66.797260
v -138.766578 60.407377 67.206048
v -138.448589 59.704447 67.054324
v -138.524611 58.366698 68.891037
v -138.444530 58.730221 67.267906
v -138.561779 59.334970 67.461555
v -138.937943 59.601993 66.797260
v -138.924498 59.344173 67.106575
v -138.766578 60.407377 67.206048
v -141.218486 46.383721 67.910569
v -138.467445 46.925974 69.156978
v -139.561502 46.576766 69.266054
v -133.224545 65.807027 61.781263
v -131.145230 72.023064 58.612220
v -130.567911 75.882435 63.558151
v -138.448589 59.704447 67.054324
v -138.444530 58.730221 67.267906
v -137.564285 55.273015 68.315596
v -141.953387 95.588076 59.656130
v -142.742019 93.638855 58.175547
v -142.243586 92.682862 59.317334
v -138.673347 67.944551 67.239278
v -139.045666 76.414538 66.236387
v -138.524611 58.366698 68.891037
v -138.806428 61.869973 66.629062
v -138.943067 60.966337 66.987411
v -138.937304 62.389171 66.809693
v -136.145071 35.573280 70.113260
v -135.993658 37.311843 70.861281
v -136.497695 34.254205 70.543041
v -143.291246 66.632271 50.877639
v -142.966695 62.520754 50.135262
v -142.958524 58.792305 52.652658
v -130.813057 46.095413 58.795601
v -127.851452 46.008676 61.241869
v -128.420626 46.657115 63.170858
v -124.576995 34.541595 90.579008
v -124.450823 35.156632 92.516396
v -126.116051 35.663551 90.449722
v -132.742147 4.751938 61.697036
v -136.306643 3.615660 62.238415
v -135.540261 6.552371 62.929671
v -129.514051 50.242246 84.567538
v -130.134499 52.330971 84.467154
v -130.598470 49.411434 83.696071
v -127.908647 47.690314 64.310486
v -129.707063 46.292355 63.273941
v -128.420626 46.657115 63.170858
v -118.314737 37.549964 88.121002
v -119.680423 36.807427 88.604442
v -122.332937 38.232041 91.803345
v -120.490041 37.089229 86.939041
v -118.627495 38.511750 84.599099
v -119.499025 36.426866 87.163030
v -141.806289 69.420183 63.607676
v -141.479808 72.444082 65.044421
v -143.366427 74.214447 63.033098
v -124.916611 36.864728 89.368927
v -122.509545 36.123079 91.169098
v -125.396941 36.100149 89.586282
v -125.976984 36.417869 89.533549
v -125.919889 36.518634 89.398344
v -126.014468 37.003351 89.287028
v -139.561502 46.576766 69.266054
v -140.434934 47.101635 69.544381
v -141.218486 46.383721 67.910569
v -122.804844 35.769373 92.649832
v -126.202600 38.575614 96.304631
v -124.635427 36.963040 93.904496
v -138.467445 46.925974 69.156978
v -139.797767 45.153439 65.745294
v -137.946381 45.550654 67.887144
v -136.088172 83.354211 50.903465
v -137.221349 82.690227 48.577739
v -137.820977 83.414721 50.083955
v -130.813057 46.095413 58.795601
v -129.920155 45.040011 56.586680
v -128.741889 45.198220 58.005608
v -134.126648 62.270051 52.623410
v -136.001763 63.094824 52.311620
v -137.971374 66.472590 51.977042
v -137.957479 11.912060 49.419217
v -138.600612 7.527631 49.438735
v -139.143598 13.040212 50.798866
v -132.809951 46.753228 68.640866
v -129.229138 51.049661 64.756160
v -132.167833 56.287944 66.180392
v -142.602786 78.558290 54.030923
v -144.072455 75.913978 59.336653
v -142.090674 77.119994 58.844712
v -125.396941 36.100149 89.586282
v -126.014468 37.003351 89.287028
v -125.919889 36.518634 89.398344
v -125.396941 36.100149 89.586282
v -126.116051 35.663551 90.449722
v -126.040069 36.187825 89.595619
v -125.396941 36.100149 89.586282
v -124.576995 34.541595 90.579008
v -126.116051 35.663551 90.449722
v -126.040069 36.187825 89.595619
v -124.916611 36.864728 89.368927
v -125.919889 36.518634 89.398344
v -126.040069 36.187825 89.595619
v -125.919889 36.518634 89.398344
v -125.976984 36.417869 89.533549
v -126.447248 36.691004 89.858290
v -126.040069 36.187825 89.595619
v -125.976984 36.417869 89.533549
v -124.916611 36.864728 89.368927
v -126.040069 36.187825 89.595619
v -126.116051 35.663551 90.449722
v -126.447248 36.691004 89.858290
v -126.014468 37.003351 89.287028
v -126.040069 36.187825 89.595619
v -141.171481 64.936995 51.190971
v -140.774486 64.164692 51.851773
v -140.155127 58.090728 49.932277
v -138.194473 2.845621 64.200103
v -139.241094 1.425624 62.646353
v -139.964785 1.826811 64.506248
v -130.452098 79.842073 63.119103
v -129.344497 79.937488 60.842367
v -130.548630 83.397126 62.229625
v -122.980898 41.812739 91.402377
v -123.581832 43.910176 91.413725
v -123.054956 40.975356 92.432482
v -142.196996 77.605832 51.639060
v -142.263683 77.655011 51.757962
v -142.238312 77.735847 51.487081
v -142.492859 77.777863 52.070966
v -142.238312 77.735847 51.487081
v -142.263683 77.655011 51.757962
v -141.953387 95.588076 59.656130
v -142.243586 92.682862 59.317334
v -141.528198 92.981941 60.650772
v -133.701614 66.519547 71.275363
v -134.439044 66.943193 70.692115
v -133.112389 66.331422 71.645107
v -137.821522 41.445700 71.709930
v -138.503339 45.521632 69.855833
v -136.497695 34.254205 70.543041
v -125.396941 36.100149 89.586282
v -125.919889 36.518634 89.398344
v -124.916611 36.864728 89.368927
v -142.451442 76.790273 51.500884
v -142.263683 77.655011 51.757962
v -142.207206 78.235132 52.007674
v -143.188595 70.489067 49.464973
v -141.252305 71.277267 49.601917
v -140.749508 66.934383 50.024524
v -127.565052 54.296524 84.215204
v -129.459981 53.643263 84.199509
v -128.276857 54.938436 85.665584
v -122.076180 37.817806 92.591794
v -126.202600 38.575614 96.304631
v -122.804844 35.769373 92.649832
v -130.134499 52.330971 84.467154
v -127.804804 51.195592 87.252281
v -129.459981 53.643263 84.199509
v -132.924733 44.091046 67.468519
v -136.017015 43.716330 68.366663
v -134.151986 32.013822 67.230503
v -132.226954 59.492850 54.497279
v -130.044599 55.998599 56.101592
v -130.401107 53.261649 52.242030
v -134.260433 83.331060 63.411038
v -132.333973 83.102727 63.536884
v -135.850959 84.937930 62.667212
v -143.252409 45.515066 54.053085
v -142.962590 44.540045 51.695823
v -142.902870 38.378942 53.136967
v -127.697857 50.395727 83.771622
v -129.110458 48.082090 83.243390
v -130.790996 49.760068 80.610619
v -129.862531 46.482843 83.333660
v -129.110458 48.082090 83.243390
v -128.921090 45.502103 83.416757
v -131.126216 22.578442 61.852771
v -131.168272 29.233080 64.644315
v -129.661010 21.323615 64.455588
v -129.862531 46.482843 83.333660
v -129.887171 47.780589 83.311603
v -129.110458 48.082090 83.243390
v -133.533642 60.691607 74.402667
v -132.189959 58.294612 78.019827
v -134.047179 64.672840 72.592758
v -134.681748 4.426897 66.457332
v -134.633711 9.324172 66.170772
v -137.119977 4.113656 64.670217
v -127.439635 38.900450 96.587168
v -126.202600 38.575614 96.304631
v -128.578808 40.507222 97.269011
v -139.336873 47.756151 69.992245
v -139.244961 53.222323 70.209895
v -139.838299 61.062587 67.639259
v -137.731387 54.563486 48.770637
v -136.001763 63.094824 52.311620
v -134.260080 54.677361 49.412073
v -136.387015 46.284145 68.987284
v -136.746775 45.566178 69.753967
v -138.467445 46.925974 69.156978
v -129.747784 74.934017 56.886130
v -130.039502 72.446215 54.862288
v -130.783522 76.818621 53.696027
v -141.336187 66.975582 51.877343
v -141.578170 64.843518 53.069333
v -141.875774 69.354451 52.454527
v -142.207206 78.235132 52.007674
v -142.602786 78.558290 54.030923
v -142.934344 79.728294 54.360855
v -134.384734 63.317579 69.682296
v -133.919223 64.914095 67.821099
v -133.011989 62.220705 69.812271
v -138.678967 95.910138 61.192098
v -135.681314 93.643761 61.590865
v -134.711658 95.299292 60.703813
v -144.062346 0.532764 52.778662
v -143.716337 1.631826 52.403414
v -142.682146 0.884640 50.326310
v -134.462239 13.308155 49.628321
v -135.840541 10.884478 49.024754
v -134.845672 22.600123 49.219491
v -119.749502 36.399281 88.992787
v -120.720638 36.575824 88.456032
v -119.499025 36.426866 87.163030
v -145.025672 52.577471 36.478111
v -143.518846 53.114950 37.053602
v -143.536331 50.892418 34.912318
v -131.843765 57.683867 78.801629
v -130.564628 55.502147 80.796977
v -130.657127 57.448781 78.255224
v -139.255449 43.538317 48.887872
v -142.136653 44.036794 50.287946
v -140.559447 45.561179 48.126854
v -137.313103 47.477150 71.068084
v -136.128301 39.638049 71.946692
v -136.047392 46.516305 69.788199
v -141.218486 46.383721 67.910569
v -140.434934 47.101635 69.544381
v -141.773157 46.961433 68.961492
v -134.802095 2.218091 49.629961
v -136.142676 1.452195 50.524911
v -139.948850 1.479870 49.312799
v -143.075734 45.518822 61.741634
v -144.698929 46.168322 62.110252
v -141.680640 45.659223 59.658058
v -134.387341 0.263780 52.074273
v -135.142324 0.067121 51.022357
v -132.879022 0.206250 50.552765
v -134.602965 14.984420 62.524301
v -132.865529 15.766001 61.573539
v -132.742147 4.751938 61.697036
v -139.010843 59.533256 42.582108
v -139.994096 60.236591 41.034984
v -137.193522 66.216117 46.041788
v -131.097749 68.955820 55.709601
v -131.160354 66.068041 56.310583
v -133.151472 61.232298 52.722965
v -146.277636 55.250013 55.511011
v -143.774295 55.578679 55.689631
v -144.988498 50.342387 57.049986
v -133.478193 68.219346 71.467642
v -134.439044 66.943193 70.692115
v -134.047179 64.672840 72.592758
v -134.892073 21.869823 54.648990
v -135.269815 35.821131 54.964124
v -136.911950 37.716103 56.573050
v -142.034604 -0.000000 51.012924
v -139.948850 1.479870 49.312799
v -138.820962 0.361371 49.976507
v -137.952164 44.576067 60.333588
v -139.513423 43.552959 62.843023
v -138.969735 45.956719 60.774042
v -140.541707 46.249077 62.198121
v -141.520426 46.168381 64.562500
v -141.714066 45.865914 62.218229
v -139.554377 58.805829 44.452708
v -139.010843 59.533256 42.582108
v -137.314175 65.595686 47.326567
v -142.009756 77.568656 49.133577
v -139.737000 79.431516 47.456673
v -140.942666 74.741739 48.912926
v -138.969735 45.956719 60.774042
v -139.513423 43.552959 62.843023
v -140.541707 46.249077 62.198121
v -138.876684 32.086802 64.097938
v -137.835271 31.067676 65.909755
v -139.797767 45.153439 65.745294
v -136.835702 35.180366 60.262334
v -133.879429 40.217769 60.105119
v -133.043271 26.251581 61.235467
v -132.364783 26.984477 67.324670
v -131.168272 29.233080 64.644315
v -131.615307 35.119262 65.127430
v -142.467835 89.173138 61.444963
v -142.356058 91.094065 61.256455
v -142.915587 90.565956 60.632878
v -134.439044 66.943193 70.692115
v -134.369356 66.179323 70.803262
v -134.047179 64.672840 72.592758
v -140.559447 45.561179 48.126854
v -139.662890 45.126769 47.058046
v -137.959038 45.359877 47.859863
v -140.033285 94.238866 61.990145
v -141.953387 95.588076 59.656130
v -141.528198 92.981941 60.650772
v -144.521158 64.063567 58.145004
v -145.478559 58.852154 57.758320
v -144.290521 58.411592 58.451351
v -140.966342 46.537936 64.693338
v -141.218486 46.383721 67.910569
v -141.520426 46.168381 64.562500
v -132.167833 56.287944 66.180392
v -129.229138 51.049661 64.756160
v -130.629928 56.610972 65.918046
v -142.492859 77.777863 52.070966
v -142.207206 78.235132 52.007674
v -142.238156 77.910364 51.679712
v -145.526884 60.551846 56.441561
v -144.521158 64.063567 58.145004
v -143.971235 64.849663 56.333736
v -138.224850 86.627281 60.034539
v -138.684837 88.487637 61.724544
v -141.753284 86.659885 60.665010
v -140.033285 94.238866 61.990145
v -138.678967 95.910138 61.192098
v -141.953387 95.588076 59.656130
v -137.119977 4.113656 64.670217
v -134.633711 9.324172 66.170772
v -136.056459 7.229194 64.709648
v -138.943067 60.966337 66.987411
v -138.848826 61.069459 67.029758
v -138.391677 61.191666 66.755411
v -141.806289 69.420183 63.607676
v -144.484768 73.707998 60.169765
v -144.278807 66.748482 60.122799
v -142.417083 57.840866 41.086925
v -139.994096 60.236591 41.034984
v -141.297608 57.938409 40.086464
v -143.971235 64.849663 56.333736
v -143.886205 69.191390 54.768301
v -142.509356 63.037086 53.815191
v -134.505192 66.081816 70.552522
v -135.343108 71.423334 66.244726
v -133.919223 64.914095 67.821099
v -124.635427 36.963040 93.904496
v -126.202600 38.575614 96.304631
v -127.439635 38.900450 96.587168
v -138.717340 84.840250 58.835613
v -140.178898 86.213678 58.836945
v -138.849620 83.677399 56.285053
v -129.338464 56.949836 61.619136
v -135.057441 63.290310 65.267136
v -127.638352 53.620654 65.032489
v -131.019949 46.949154 82.296293
v -128.921090 45.502103 83.416757
v -130.107757 44.576791 83.552095
v -141.578170 64.843518 53.069333
v -142.958524 58.792305 52.652658
v -142.509356 63.037086 53.815191
v -137.596976 81.862652 63.019941
v -138.080999 83.161849 61.679131
v -140.366052 80.310327 58.289573
v -138.937304 62.389171 66.809693
v -138.943067 60.966337 66.987411
v -139.838299 61.062587 67.639259
v -140.774486 64.164692 51.851773
v -140.516876 66.297054 51.814908
v -136.001763 63.094824 52.311620
v -129.707063 46.292355 63.273941
v -130.485266 45.295355 61.093555
v -128.420626 46.657115 63.170858
v -142.915587 90.565956 60.632878
v -143.284796 90.350819 58.247369
v -143.136498 88.189650 59.971598
v -118.314737 37.549964 88.121002
v -119.499025 36.426866 87.163030
v -117.116924 39.335811 84.843685
v -124.635427 36.963040 93.904496
v -125.283931 38.714022 95.167737
v -123.880875 38.273949 93.454183
v -130.048284 6.507838 65.242065
v -129.584111 8.006421 64.054504
v -130.159146 11.387861 63.193410
v -136.770632 1.127326 52.011454
v -135.762096 1.096785 51.330015
v -135.815275 3.366756 53.172215
v -135.087585 59.045380 67.261041
v -130.629928 56.610972 65.918046
v -135.057441 63.290310 65.267136
v -138.766578 60.407377 67.206048
v -138.924498 59.344173 67.106575
v -138.943067 60.966337 66.987411
v -129.193608 56.516146 57.563798
v -127.834219 54.953062 57.097189
v -130.725588 60.140007 57.914654
v -117.008664 40.363613 86.087292
v -117.017577 40.346402 86.095895
v -117.195778 40.419429 85.989578
v -125.396941 36.100149 89.586282
v -126.040069 36.187825 89.595619
v -126.014468 37.003351 89.287028
v -136.056459 7.229194 64.709648
v -134.633711 9.324172 66.170772
v -135.362597 13.178477 65.116240
v -138.937304 62.389171 66.809693
v -138.848826 61.069459 67.029758
v -138.827485 61.405993 66.841809
v -140.118100 86.817116 56.249123
v -138.849620 83.677399 56.285053
v -140.178898 86.213678 58.836945
v -134.489462 85.872424 58.639553
v -133.661394 85.519111 56.986421
v -134.213444 86.812794 57.641881
v -140.366052 80.310327 58.289573
v -142.395252 77.084047 60.567823
v -137.596976 81.862652 63.019941
v -141.321606 57.873916 40.076362
v -142.417083 57.840866 41.086925
v -141.297608 57.938409 40.086464
v -120.490041 37.089229 86.939041
v -120.720638 36.575824 88.456032
v -119.610117 38.961792 85.616880
v -141.698646 80.037045 51.603440
v -137.151638 84.178537 52.179192
v -136.088172 83.354211 50.903465
v -148.943340 47.137195 57.527027
v -146.267629 49.664516 58.850613
v -145.478559 58.852154 57.758320
v -134.573813 0.350207 65.909462
v -133.535727 1.770192 63.019732
v -132.536231 1.494318 64.647385
v -138.600612 7.527631 49.438735
v -138.606836 5.584007 50.103974
v -140.087896 5.506575 52.000569
v -139.143598 13.040212 50.798866
v -141.618453 30.985159 52.485059
v -140.188221 23.824075 50.027446
v -133.678405 73.395485 69.104068
v -136.517008 76.166630 66.018617
v -133.478193 68.219346 71.467642
v -134.260433 83.331060 63.411038
v -133.497795 81.917447 66.654396
v -132.333973 83.102727 63.536884
v -135.850959 84.937930 62.667212
v -135.418088 85.352945 61.172477
v -140.440805 82.398713 58.269957
v -124.088812 46.359143 88.053052
v -125.212226 49.449122 87.380160
v -124.407679 48.919609 88.602428
v -136.056459 7.229194 64.709648
v -135.540261 6.552371 62.929671
v -137.119977 4.113656 64.670217
v -141.281545 56.693054 66.157284
v -142.459450 47.105208 63.026681
v -142.522332 46.220252 64.430479
v -142.417083 57.840866 41.086925
v -143.765778 55.277788 40.035761
v -142.494834 58.263898 43.284186
v -136.527066 73.707062 65.110582
v -133.952522 70.296699 65.356118
v -135.343108 71.423334 66.244726
v -142.846169 55.796104 42.998271
v -142.494834 58.263898 43.284186
v -143.765778 55.277788 40.035761
v -132.205439 41.432035 66.377098
v -129.623177 47.538668 65.083193
v -132.924733 44.091046 67.468519
v -132.313241 40.509271 61.169239
v -132.899025 45.731404 58.572333
v -130.485266 45.295355 61.093555
v -132.764226 45.761737 54.405165
v -134.037973 44.709599 51.059147
v -133.327020 45.407036 50.443581
v -142.567006 45.618683 49.289087
v -143.061689 47.637236 49.650531
v -140.629235 49.344438 49.359346
v -142.791955 46.552959 59.403144
v -141.680640 45.659223 59.658058
v -144.698929 46.168322 62.110252
v -130.592544 22.410032 66.685090
v -131.168272 29.233080 64.644315
v -132.364783 26.984477 67.324670
v -140.152532 81.996656 59.450405
v -138.080999 83.161849 61.679131
v -140.440805 82.398713 58.269957
v -143.291246 66.632271 50.877639
v -142.366212 69.917876 51.419816
v -142.879244 72.460771 51.401102
v -134.260080 54.677361 49.412073
v -134.562301 46.632898 48.600922
v -137.731387 54.563486 48.770637
v -142.090674 77.119994 58.844712
v -140.366052 80.310327 58.289573
v -142.602786 78.558290 54.030923
v -134.439044 66.943193 70.692115
v -134.033701 66.492045 70.737786
v -133.112389 66.331422 71.645107
v -139.336873 47.756151 69.992245
v -138.503339 45.521632 69.855833
v -137.821522 41.445700 71.709930
v -144.484768 73.707998 60.169765
v -141.806289 69.420183 63.607676
v -143.366427 74.214447 63.033098
v -132.883128 51.812977 81.566769
v -131.121101 53.745026 83.646648
v -131.843765 57.683867 78.801629
v -134.047699 66.420472 70.822122
v -133.959645 66.277814 71.074928
v -133.656571 66.128528 71.304768
v -132.396709 61.857372 62.366655
v -129.338464 56.949836 61.619136
v -130.620341 58.499682 58.677408
v -139.014584 61.450702 66.412877
v -138.827485 61.405993 66.841809
v -138.806428 61.869973 66.629062
v -141.171481 64.936995 51.190971
v -140.155127 58.090728 49.932277
v -140.749508 66.934383 50.024524
v -138.766578 60.407377 67.206048
v -138.561779 59.334970 67.461555
v -138.448589 59.704447 67.054324
v -138.937304 62.389171 66.809693
v -138.766578 60.407377 67.206048
v -138.848826 61.069459 67.029758
v -138.691237 60.682136 66.921578
v -138.848826 61.069459 67.029758
v -138.766578 60.407377 67.206048
v -139.143598 13.040212 50.798866
v -140.087896 5.506575 52.000569
v -139.008815 10.950258 52.951231
v -131.067002 59.389794 54.329345
v -132.226954 59.492850 54.497279
v -133.151472 61.232298 52.722965
v -144.170661 52.481496 40.268865
v -143.197096 51.181817 39.959528
v -142.846169 55.796104 42.998271
v -142.196996 77.605832 51.639060
v -142.207206 78.235132 52.007674
v -141.698646 80.037045 51.603440
v -134.905534 22.406167 67.815007
v -135.362597 13.178477 65.116240
v -134.633711 9.324172 66.170772
v -143.061689 47.637236 49.650531
v -142.567006 45.618683 49.289087
v -144.006893 45.754165 52.774317
v -144.410949 47.599551 36.430144
v -142.936274 49.429860 40.022381
v -144.880706 49.660471 38.467116
v -141.091329 33.974600 56.056979
v -142.900116 46.160081 55.248842
v -142.902870 38.378942 53.136967
v -137.703169 31.668573 49.889183
v -134.845672 22.600123 49.219491
v -138.606754 22.142303 48.931290
v -134.384734 63.317579 69.682296
v -133.011989 62.220705 69.812271
v -133.018241 59.136075 74.103287
v -128.578808 40.507222 97.269011
v -125.283931 38.714022 95.167737
v -127.439635 38.900450 96.587168
v -142.492859 77.777863 52.070966
v -142.451442 76.790273 51.500884
v -142.602786 78.558290 54.030923
v -126.671433 47.193542 66.105441
v -125.562884 49.016747 64.943137
v -127.925566 52.433276 65.944592
v -135.418088 85.352945 61.172477
v -135.850959 84.937930 62.667212
v -132.874166 85.406566 62.323329
v -128.276857 54.938436 85.665584
v -126.059468 49.987483 88.584449
v -126.712695 54.304642 86.581354
v -140.000786 45.601320 63.726775
v -138.876684 32.086802 64.097938
v -139.797767 45.153439 65.745294
v -142.966695 62.520754 50.135262
v -142.765561 64.345926 49.490025
v -141.142433 50.384873 48.973338
v -129.788203 47.215604 55.844359
v -129.468620 53.337031 55.530692
v -128.428256 53.345114 57.189128
v -141.676214 2.684730 51.581741
v -143.716337 1.631826 52.403414
v -142.501930 1.734102 54.352929
v -145.025672 52.577471 36.478111
v -144.890468 51.354271 39.139504
v -144.593609 55.001557 38.440916
v -133.448464 68.280255 49.747878
v -133.151472 61.232298 52.722965
v -135.001408 66.074782 48.388755
v -142.823836 50.319034 40.052193
v -142.936274 49.429860 40.022381
v -143.000686 49.758309 39.866471
v -139.371524 1.386947 66.324531
v -138.194473 2.845621 64.200103
v -139.964785 1.826811 64.506248
v -142.356058 91.094065 61.256455
v -142.467835 89.173138 61.444963
v -139.917478 90.728808 62.310446
v -136.306643 3.615660 62.238415
v -138.194473 2.845621 64.200103
v -135.540261 6.552371 62.929671
v -131.492438 69.547522 55.154202
v -130.039502 72.446215 54.862288
v -129.381683 70.249688 56.412702
v -132.883128 51.812977 81.566769
v -131.843765 57.683867 78.801629
v -132.189959 58.294612 78.019827
v -142.120198 96.938467 59.430210
v -137.633939 99.473369 58.298855
v -138.422369 99.763012 56.851011
v -138.391677 61.191666 66.755411
v -135.087585 59.045380 67.261041
v -135.057441 63.290310 65.267136
v -137.151638 84.178537 52.179192
v -134.917901 84.529656 52.339364
v -136.088172 83.354211 50.903465
v -142.567006 45.618683 49.289087
v -142.962590 44.540045 51.695823
v -144.006893 45.754165 52.774317
v -131.400351 47.979540 82.367251
v -131.061407 48.213712 82.150208
v -130.598470 49.411434 83.696071
v -138.243199 44.900060 57.925903
v -140.630824 45.239976 57.102816
v -141.091329 33.974600 56.056979
v -122.332937 38.232041 91.803345
v -122.495538 37.783996 91.384964
v -123.054956 40.975356 92.432482
v -133.201597 66.058380 71.848754
v -133.123209 66.235572 71.763064
v -133.208699 66.203714 71.786210
v -138.820962 0.361371 49.976507
v -139.948850 1.479870 49.312799
v -136.142676 1.452195 50.524911
v -136.248910 72.942650 45.926976
v -138.267379 77.292227 46.153408
v -134.337161 83.000648 49.224008
v -138.524799 67.501294 44.419475
v -139.994096 60.236591 41.034984
v -140.610592 63.294279 42.140726
v -142.500333 42.714321 28.022818
v -142.881130 45.492368 30.792239
v -143.699658 46.237415 31.352103
v -138.998770 58.085829 66.974923
v -138.444530 58.730221 67.267906
v -138.937943 59.601993 66.797260
v -133.879429 40.217769 60.105119
v -136.275381 42.519236 59.608264
v -135.248285 44.243285 59.020656
v -134.375430 45.728746 49.301232
v -134.562301 46.632898 48.600922
v -133.098651 45.785725 48.498878
v -128.742031 45.933073 56.349943
v -129.920155 45.040011 56.586680
v -129.788203 47.215604 55.844359
v -144.188176 48.245507 33.845884
v -145.138032 49.153214 35.465862
v -145.025672 52.577471 36.478111
v -143.114458 46.891313 34.656413
v -142.188252 49.211052 35.669934
v -143.000686 49.758309 39.866471
v -138.448589 59.704447 67.054324
v -135.087585 59.045380 67.261041
v -138.391677 61.191666 66.755411
v -141.753284 86.659885 60.665010
v -140.178898 86.213678 58.836945
v -138.224850 86.627281 60.034539
v -138.606836 5.584007 50.103974
v -139.948850 1.479870 49.312799
v -141.676214 2.684730 51.581741
v -141.578170 64.843518 53.069333
v -142.509356 63.037086 53.815191
v -143.886205 69.191390 54.768301
v -136.345683 84.976685 53.965113
v -134.917901 84.529656 52.339364
v -137.151638 84.178537 52.179192
v -132.809951 46.753228 68.640866
v -136.047392 46.516305 69.788199
v -136.017015 43.716330 68.366663
v -141.618453 30.985159 52.485059
v -139.143598 13.040212 50.798866
v -140.293329 24.670920 53.731414
v -119.610117 38.961792 85.616880
v -119.152926 39.098519 85.784688
v -118.456612 39.566028 85.168019
v -139.244961 53.222323 70.209895
v -137.313103 47.477150 71.068084
v -138.524611 58.366698 68.891037
v -130.107757 44.576791 83.552095
v -128.209792 44.763854 85.862568
v -128.540529 45.000118 86.666836
v -129.887171 47.780589 83.311603
v -129.978552 46.338252 84.725389
v -130.598470 49.411434 83.696071
v -135.362597 13.178477 65.116240
v -136.770155 26.110628 63.055422
v -134.602965 14.984420 62.524301
v -138.606836 5.584007 50.103974
v -141.676214 2.684730 51.581741
v -140.087896 5.506575 52.000569
v -131.778997 2.241456 65.258907
v -132.536231 1.494318 64.647385
v -129.849702 0.503599 64.376865
v -128.570009 43.667811 56.438359
v -129.920155 45.040011 56.586680
v -128.742031 45.933073 56.349943
v -138.524611 58.366698 68.891037
v -139.045666 76.414538 66.236387
v -139.244961 53.222323 70.209895
v -131.061407 48.213712 82.150208
v -131.400351 47.979540 82.367251
v -131.019949 46.949154 82.296293
v -133.656571 66.128528 71.304768
v -133.366293 66.247410 71.559276
v -133.112389 66.331422 71.645107
v -133.018241 59.136075 74.103287
v -131.394685 54.065836 77.428673
v -132.338225 52.660430 79.940917
v -141.297608 57.938409 40.086464
v -141.386773 57.831287 40.054406
v -141.278551 57.518452 39.867328
v -142.822949 46.258581 57.898298
v -142.791955 46.552959 59.403144
v -143.676948 47.371412 58.397706
v -142.846668 38.088267 28.012973
v -142.247733 36.195725 24.550864
v -142.162435 39.441382 28.114949
v -141.082722 62.334442 46.271853
v -138.963246 65.616721 48.546329
v -141.420528 65.846342 46.608389
v -131.167528 71.160245 52.371810
v -131.882633 68.896705 53.316565
v -133.448464 68.280255 49.747878
v -133.795999 44.601851 55.463299
v -135.071033 45.018256 57.574507
v -136.008007 42.999786 57.265350
v -142.238312 77.735847 51.487081
v -142.451442 76.790273 51.500884
v -142.196996 77.605832 51.639060
v -141.680640 45.659223 59.658058
v -141.105026 46.498665 58.138805
v -140.541707 46.249077 62.198121
v -132.764226 45.761737 54.405165
v -131.716189 45.888257 52.976816
v -132.228631 45.912891 55.606391
v -138.194473 2.845621 64.200103
v -137.119977 4.113656 64.670217
v -135.540261 6.552371 62.929671
v -138.946567 79.748178 64.776867
v -141.412909 75.713277 65.031564
v -139.045666 76.414538 66.236387
v -138.766578 60.407377 67.206048
v -138.937304 62.389171 66.809693
v -138.561779 59.334970 67.461555
v -143.047496 46.403005 30.509492
v -143.331617 47.954627 33.773639
v -142.881130 45.492368 30.792239
v -133.208699 66.203714 71.786210
v -133.415622 65.812969 71.933814
v -133.457926 65.815175 71.897868
v -142.900116 46.160081 55.248842
v -141.105026 46.498665 58.138805
v -143.516335 46.600455 55.853096
v -135.501939 1.192421 62.218421
v -138.512562 0.225866 63.539261
v -139.241094 1.425624 62.646353
v -143.727067 60.182238 55.338141
v -143.774295 55.578679 55.689631
v -146.277636 55.250013 55.511011
v -136.088172 83.354211 50.903465
v -137.820977 83.414721 50.083955
v -141.698646 80.037045 51.603440
v -136.088172 83.354211 50.903465
v -132.885139 82.425469 49.776424
v -134.337161 83.000648 49.224008
v -133.112389 66.331422 71.645107
v -133.366293 66.247410 71.559276
v -133.123209 66.235572 71.763064
v -138.242570 82.890832 53.823475
v -141.772140 80.698264 53.733225
v -140.201864 80.937707 55.265234
v -134.718039 98.819697 55.375112
v -136.186830 97.993046 53.280193
v -138.422369 99.763012 56.851011
v -127.925566 52.433276 65.944592
v -129.229138 51.049661 64.756160
v -127.908647 47.690314 64.310486
v -131.097749 68.955820 55.709601
v -131.492438 69.547522 55.154202
v -129.862793 69.175875 56.015905
v -145.526884 60.551846 56.441561
v -143.727067 60.182238 55.338141
v -146.277636 55.250013 55.511011
v -124.872468 48.438114 89.489518
v -126.059468 49.987483 88.584449
v -127.804804 51.195592 87.252281
v -131.598238 63.861549 57.135826
v -131.949884 66.726464 57.533436
v -133.120564 64.466476 56.550654
v -141.278551 57.518452 39.867328
v -142.417083 57.840866 41.086925
v -141.321606 57.873916 40.076362
v -132.809951 46.753228 68.640866
v -135.087585 59.045380 67.261041
v -136.047392 46.516305 69.788199
v -142.824771 0.031418 53.190001
v -144.062346 0.532764 52.778662
v -142.034604 -0.000000 51.012924
v -141.252305 71.277267 49.601917
v -142.009756 77.568656 49.133577
v -140.942666 74.741739 48.912926
v -119.680423 36.807427 88.604442
v -118.965943 38.880023 85.323131
v -120.720638 36.575824 88.456032
v -133.043271 26.251581 61.235467
v -131.126216 22.578442 61.852771
v -132.865529 15.766001 61.573539
v -130.401107 53.261649 52.242030
v -130.044599 55.998599 56.101592
v -129.468620 53.337031 55.530692
v -135.057441 63.290310 65.267136
v -132.396709 61.857372 62.366655
v -134.663857 65.295398 64.168662
v -130.790996 49.760068 80.610619
v -131.394685 54.065836 77.428673
v -129.965152 50.476724 79.679203
v -136.785240 5.420881 49.426585
v -134.802095 2.218091 49.629961
v -139.948850 1.479870 49.312799
v -141.806289 69.420183 63.607676
v -139.114873 65.495271 65.565833
v -138.557676 67.524994 65.316231
v -142.473510 56.422162 51.348016
v -142.958524 58.792305 52.652658
v -142.966695 62.520754 50.135262
v -118.965943 38.880023 85.323131
v -119.610117 38.961792 85.616880
v -119.093451 39.067656 85.549078
v -129.788203 47.215604 55.844359
v -130.586034 46.206560 53.995621
v -130.401107 53.261649 52.242030
v -134.505192 66.081816 70.552522
v -134.384734 63.317579 69.682296
v -133.533642 60.691607 74.402667
v -136.746775 45.566178 69.753967
v -135.993658 37.311843 70.861281
v -136.145071 35.573280 70.113260
v -135.343108 71.423334 66.244726
v -134.505192 66.081816 70.552522
v -136.126687 74.988949 65.775653
v -138.561779 59.334970 67.461555
v -138.998770 58.085829 66.974923
v -138.924498 59.344173 67.106575
v -142.823836 50.319034 40.052193
v -142.827443 50.248998 39.580359
v -142.936274 49.429860 40.022381
v -139.143598 13.040212 50.798866
v -139.008815 10.950258 52.951231
v -138.544743 16.173315 53.857072
v -119.152926 39.098519 85.784688
v -117.116924 39.335811 84.843685
v -118.456612 39.566028 85.168019
v -131.276393 10.287899 67.322697
v -134.681748 4.426897 66.457332
v -132.573340 4.289836 66.281203
v -134.126648 62.270051 52.623410
v -135.623353 64.546489 49.057997
v -133.852156 63.244766 50.755285
v -139.797767 45.153439 65.745294
v -138.467445 46.925974 69.156978
v -140.966342 46.537936 64.693338
v -132.448786 71.679795 63.771950
v -134.445596 70.344722 64.590259
v -133.224545 65.807027 61.781263
v -134.086563 86.684656 56.168354
v -133.304181 87.386262 55.049164
v -134.213444 86.812794 57.641881
v -130.966664 65.841341 57.020267
v -131.160354 66.068041 56.310583
v -131.272307 64.368093 56.524053
v -145.478559 58.852154 57.758320
v -145.526884 60.551846 56.441561
v -148.943340 47.137195 57.527027
v -139.676344 4.917389 53.212916
v -140.087896 5.506575 52.000569
v -141.676214 2.684730 51.581741
v -119.749502 36.399281 88.992787
v -118.314737 37.549964 88.121002
v -120.409642 37.095836 90.442518
v -144.290521 58.411592 58.451351
v -144.546599 58.772672 61.223575
v -144.278807 66.748482 60.122799
v -131.160354 66.068041 56.310583
v -130.966664 65.841341 57.020267
v -131.754154 64.767849 56.429911
v -139.235751 69.012678 65.597588
v -139.114873 65.495271 65.565833
v -140.324298 69.724953 65.775440
v -131.295082 92.865646 54.473248
v -132.143465 96.724510 56.409172
v -130.626226 93.233382 56.107271
v -139.255449 43.538317 48.887872
v -136.335875 43.440598 49.342486
v -135.865199 34.889340 50.532091
v -131.145230 72.023064 58.612220
v -130.611830 71.230954 58.122898
v -129.882920 74.001360 58.141155
v -141.698646 80.037045 51.603440
v -141.772140 80.698264 53.733225
v -137.151638 84.178537 52.179192
v -138.467445 46.925974 69.156978
v -141.218486 46.383721 67.910569
v -140.966342 46.537936 64.693338
v -130.434860 81.941819 54.655126
v -132.043899 82.071733 54.736418
v -129.945447 83.156907 59.302945
v -124.916611 36.864728 89.368927
v -126.014468 37.003351 89.287028
v -126.144450 43.042970 87.077480
v -139.143598 13.040212 50.798866
v -138.606754 22.142303 48.931290
v -137.957479 11.912060 49.419217
v -122.076180 37.817806 92.591794
v -123.880875 38.273949 93.454183
v -125.283931 38.714022 95.167737
v -130.464921 66.206926 57.727641
v -131.272307 64.368093 56.524053
v -131.598238 63.861549 57.135826
v -138.242570 82.890832 53.823475
v -140.201864 80.937707 55.265234
v -138.578182 83.040082 58.659307
v -140.038857 47.473460 46.947725
v -137.731387 54.563486 48.770637
v -138.821583 47.156289 46.565542
v -133.771910 65.459955 71.912130
v -134.369356 66.179323 70.803262
v -134.505192 66.081816 70.552522
v -134.462239 13.308155 49.628321
v -133.669803 21.905490 50.222834
v -133.500945 11.922896 51.393447
v -136.142676 1.452195 50.524911
v -135.762096 1.096785 51.330015
v -136.770632 1.127326 52.011454
v -142.702425 52.743315 38.082321
v -142.611274 52.743524 40.385959
v -142.735926 51.540136 39.259762
v -143.366427 74.214447 63.033098
v -141.412909 75.713277 65.031564
v -138.946567 79.748178 64.776867
v -142.902864 43.869113 28.247610
v -143.173501 42.748743 26.272574
v -142.772979 42.136427 27.825872
v -123.631863 39.293790 92.917682
v -123.880875 38.273949 93.454183
v -122.076180 37.817806 92.591794
v -145.025672 52.577471 36.478111
v -144.593609 55.001557 38.440916
v -142.910639 56.184184 38.675543
v -132.041812 59.642327 78.236965
v -132.236138 59.722245 78.290844
v -132.046580 59.656322 78.205486
v -120.720638 36.575824 88.456032
v -120.490041 37.089229 86.939041
v -119.499025 36.426866 87.163030
v -143.366427 74.214447 63.033098
v -138.946567 79.748178 64.776867
v -142.395252 77.084047 60.567823
v -131.716189 45.888257 52.976816
v -132.764226 45.761737 54.405165
v -133.327020 45.407036 50.443581
v -143.331617 47.954627 33.773639
v -143.047496 46.403005 30.509492
v -144.188176 48.245507 33.845884
v -134.995740 31.653595 52.654806
v -134.904740 27.489626 54.275961
v -133.437369 21.152091 52.845202
v -140.578605 67.950368 48.734153
v -141.420528 65.846342 46.608389
v -139.908008 67.064953 49.813599
v -130.401107 53.261649 52.242030
v -129.468620 53.337031 55.530692
v -129.788203 47.215604 55.844359
v -122.076180 37.817806 92.591794
v -122.332937 38.232041 91.803345
v -123.631863 39.293790 92.917682
v -137.258352 79.539931 65.226118
v -137.764209 75.359535 65.434138
v -136.517008 76.166630 66.018617
v -129.920155 45.040011 56.586680
v -130.813057 46.095413 58.795601
v -132.228631 45.912891 55.606391
v -138.972338 62.881547 66.413898
v -139.347320 64.000398 65.972795
v -139.014584 61.450702 66.412877
v -141.321606 57.873916 40.076362
v -139.994096 60.236591 41.034984
v -141.278551 57.518452 39.867328
v -125.283931 38.714022 95.167737
v -128.578808 40.507222 97.269011
v -126.202600 38.575614 96.304631
v -132.812632 62.380123 57.887009
v -133.674066 65.089619 57.162412
v -133.069356 64.296853 60.673524
v -127.638352 53.620654 65.032489
v -126.999558 51.068961 62.972335
v -129.338464 56.949836 61.619136
v -129.882920 74.001360 58.141155
v -129.344497 79.937488 60.842367
v -130.567911 75.882435 63.558151
v -122.332937 38.232041 91.803345
v -119.680423 36.807427 88.604442
v -120.409642 37.095836 90.442518
v -129.344497 79.937488 60.842367
v -129.747784 74.934017 56.886130
v -129.428930 81.230050 55.859213
v -131.149664 46.393007 82.991249
v -131.888926 48.632217 81.260079
v -131.019949 46.949154 82.296293
v -131.754154 64.767849 56.429911
v -131.598238 63.861549 57.135826
v -131.272307 64.368093 56.524053
v -143.173501 42.748743 26.272574
v -143.666623 40.122932 27.906728
v -142.772979 42.136427 27.825872
v -141.420528 65.846342 46.608389
v -141.783269 63.340503 45.657237
v -141.082722 62.334442 46.271853
v -132.598546 84.743047 58.774437
v -131.001946 84.412068 59.340386
v -132.043899 82.071733 54.736418
v -144.410848 47.167832 63.722324
v -143.360511 56.280107 63.933822
v -145.016874 48.436961 63.355669
v -140.038857 47.473460 46.947725
v -139.662890 45.126769 47.058046
v -140.559447 45.561179 48.126854
v -130.358582 64.372718 55.775150
v -131.067002 59.389794 54.329345
v -131.272307 64.368093 56.524053
v -142.822949 46.258581 57.898298
v -145.451160 46.771819 58.129250
v -144.123581 46.142590 56.305502
v -140.324298 69.724953 65.775440
v -139.347320 64.000398 65.972795
v -139.838299 61.062587 67.639259
v -122.980898 41.812739 91.402377
v -123.671869 45.224488 90.761155
v -123.581832 43.910176 91.413725
v -145.043567 48.861602 57.831260
v -143.774295 55.578679 55.689631
v -144.952820 46.368784 54.731710
v -136.248910 72.942650 45.926976
v -134.337161 83.000648 49.224008
v -134.344160 77.127498 47.991261
v -141.618453 30.985159 52.485059
v -142.136653 44.036794 50.287946
v -139.546760 33.274591 50.248265
v -133.304181 87.386262 55.049164
v -133.166728 90.275115 58.313065
v -134.213444 86.812794 57.641881
v -148.943340 47.137195 57.527027
v -145.526884 60.551846 56.441561
v -148.367993 48.285541 55.667261
v -126.807506 42.061636 89.802016
v -127.055583 41.637373 88.182666
v -126.447248 36.691004 89.858290
v -143.111761 46.085179 66.316883
v -141.520426 46.168381 64.562500
v -141.218486 46.383721 67.910569
v -143.075734 45.518822 61.741634
v -142.459450 47.105208 63.026681
v -144.410848 47.167832 63.722324
v -133.120564 64.466476 56.550654
v -132.740351 68.249374 56.798774
v -133.674066 65.089619 57.162412
v -139.908008 67.064953 49.813599
v -141.420528 65.846342 46.608389
v -138.963246 65.616721 48.546329
v -142.162435 39.441382 28.114949
v -142.772979 42.136427 27.825872
v -143.666623 40.122932 27.906728
v -142.735926 51.540136 39.259762
v -143.197096 51.181817 39.959528
v -142.823836 50.319034 40.052193
v -144.890468 51.354271 39.139504
v -145.025672 52.577471 36.478111
v -145.138032 49.153214 35.465862
v -134.505192 66.081816 70.552522
v -134.369356 66.179323 70.803262
v -134.033701 66.492045 70.737786
v -133.490231 82.993221 51.995919
v -136.088172 83.354211 50.903465
v -134.917901 84.529656 52.339364
v -139.014584 61.450702 66.412877
v -138.391677 61.191666 66.755411
v -138.827485 61.405993 66.841809
v -141.240788 41.211414 23.648732
v -142.018108 42.747825 24.152248
v -142.902864 43.869113 28.247610
v -141.528198 92.981941 60.650772
v -142.841668 92.199594 60.903448
v -142.356058 91.094065 61.256455
v -142.765561 64.345926 49.490025
v -142.966695 62.520754 50.135262
v -143.291246 66.632271 50.877639
v -133.457926 65.815175 71.897868
v -133.656571 66.128528 71.304768
v -133.771910 65.459955 71.912130
v -131.097749 68.955820 55.709601
v -133.151472 61.232298 52.722965
v -131.882633 68.896705 53.316565
v -134.344160 77.127498 47.991261
v -133.448464 68.280255 49.747878
v -136.248910 72.942650 45.926976
v -135.418088 85.352945 61.172477
v -135.235941 85.174179 59.865892
v -136.661624 84.530258 59.895868
v -143.971235 64.849663 56.333736
v -144.521158 64.063567 58.145004
v -144.278807 66.748482 60.122799
v -130.725588 60.140007 57.914654
v -132.812632 62.380123 57.887009
v -130.620341 58.499682 58.677408
v -143.360511 56.280107 63.933822
v -144.410848 47.167832 63.722324
v -142.459450 47.105208 63.026681
v -142.702425 52.743315 38.082321
v -142.188252 49.211052 35.669934
v -143.536331 50.892418 34.912318
v -139.008815 10.950258 52.951231
v -139.676344 4.917389 53.212916
v -138.036694 5.381668 53.828787
v -130.966664 65.841341 57.020267
v -130.464921 66.206926 57.727641
v -131.949884 66.726464 57.533436
v -135.362597 13.178477 65.116240
v -134.602965 14.984420 62.524301
v -135.540261 6.552371 62.929671
v -134.718039 98.819697 55.375112
v -132.143465 96.724510 56.409172
v -134.639706 96.853351 52.533209
v -129.498706 57.176429 57.207342
v -129.192976 58.239686 55.700358
v -129.458864 57.086807 57.072259
v -140.734489 92.307574 53.454787
v -143.284796 90.350819 58.247369
v -142.536934 95.034391 57.094931
v -142.827443 50.248998 39.580359
v -142.823836 50.319034 40.052193
v -143.197096 51.181817 39.959528
v -138.102994 71.521545 65.730361
v -139.235751 69.012678 65.597588
v -138.557676 67.524994 65.316231
v -136.387015 46.284145 68.987284
v -136.047392 46.516305 69.788199
v -136.746775 45.566178 69.753967
v -127.834219 54.953062 57.097189
v -128.162879 54.636472 56.541254
v -127.413587 57.187414 56.125902
v -130.790996 49.760068 80.610619
v -129.965152 50.476724 79.679203
v -127.697857 50.395727 83.771622
v -130.044599 55.998599 56.101592
v -129.498706 57.176429 57.207342
v -129.622532 57.004511 57.233026
v -141.386773 57.831287 40.054406
v -141.321606 57.873916 40.076362
v -142.910639 56.184184 38.675543
v -133.497795 81.917447 66.654396
v -132.021648 81.056303 66.354175
v -132.333973 83.102727 63.536884
v -132.629129 22.607574 68.063904
v -130.592544 22.410032 66.685090
v -132.364783 26.984477 67.324670
v -129.804593 67.312920 58.212579
v -131.949884 66.726464 57.533436
v -130.464921 66.206926 57.727641
v -138.524611 58.366698 68.891037
v -138.561779 59.334970 67.461555
v -138.937304 62.389171 66.809693
v -143.347362 48.199192 65.704489
v -142.522332 46.220252 64.430479
v -143.111761 46.085179 66.316883
v -144.955125 46.369857 53.422389
v -143.061689 47.637236 49.650531
v -144.006893 45.754165 52.774317
v -124.916611 36.864728 89.368927
v -125.976984 36.417869 89.533549
v -126.014468 37.003351 89.287028
v -143.252409 45.515066 54.053085
v -142.902870 38.378942 53.136967
v -142.900116 46.160081 55.248842
v -119.499025 36.426866 87.163030
v -118.314737 37.549964 88.121002
v -119.749502 36.399281 88.992787
v -131.119645 0.321281 63.703496
v -132.536231 1.494318 64.647385
v -132.381916 1.560813 63.121487
v -137.971374 66.472590 51.977042
v -137.106228 67.020964 49.700918
v -134.126648 62.270051 52.623410
v -140.324298 69.724953 65.775440
v -140.364288 71.246988 66.886432
v -140.127695 69.383967 64.742809
v -134.445596 70.344722 64.590259
v -136.527066 73.707062 65.110582
v -137.764209 75.359535 65.434138
v -132.043899 82.071733 54.736418
v -131.001946 84.412068 59.340386
v -129.945447 83.156907 59.302945
v -142.881130 45.492368 30.792239
v -141.240788 41.211414 23.648732
v -142.902864 43.869113 28.247610
v -141.783269 63.340503 45.657237
v -142.494834 58.263898 43.284186
v -141.082722 62.334442 46.271853
v -134.234689 6.257188 50.134648
v -136.785240 5.420881 49.426585
v -135.849590 7.399636 48.493765
v -133.224545 65.807027 61.781263
v -134.445596 70.344722 64.590259
v -134.663857 65.295398 64.168662
v -143.252409 45.515066 54.053085
v -143.516335 46.600455 55.853096
v -144.092052 45.870385 53.946331
v -133.112389 66.331422 71.645107
v -134.033701 66.492045 70.737786
v -133.656571 66.128528 71.304768
v -133.257106 66.197139 71.742612
v -133.204423 66.226936 71.685081
v -133.201597 66.058380 71.848754
v -138.820962 0.361371 49.976507
v -138.106231 0.151563 52.663549
v -142.034604 -0.000000 51.012924
v -138.224850 86.627281 60.034539
v -135.235941 85.174179 59.865892
v -136.320467 87.923169 60.053816
v -138.729931 97.080898 61.333054
v -137.633939 99.473369 58.298855
v -142.120198 96.938467 59.430210
v -141.773157 46.961433 68.961492
v -143.111761 46.085179 66.316883
v -141.218486 46.383721 67.910569
v -134.802095 2.218091 49.629961
v -136.785240 5.420881 49.426585
v -134.234689 6.257188 50.134648
v -131.400351 47.979540 82.367251
v -132.883128 51.812977 81.566769
v -131.149664 46.393007 82.991249
v -133.656571 66.128528 71.304768
v -134.505192 66.081816 70.552522
v -133.533642 60.691607 74.402667
v -137.957479 11.912060 49.419217
v -135.849590 7.399636 48.493765
v -138.600612 7.527631 49.438735
v -131.186178 68.167043 68.676492
v -131.437130 73.423254 64.633687
v -130.567911 75.882435 63.558151
v -143.360511 56.280107 63.933822
v -143.738287 57.766813 63.430618
v -145.016874 48.436961 63.355669
v -122.076180 37.817806 92.591794
v -120.409642 37.095836 90.442518
v -118.314737 37.549964 88.121002
v -143.738287 57.766813 63.430618
v -144.546599 58.772672 61.223575
v -144.109796 50.850249 62.114538
v -140.178898 86.213678 58.836945
v -141.937911 87.507570 57.068712
v -140.118100 86.817116 56.249123
v -139.045666 76.414538 66.236387
v -140.364288 71.246988 66.886432
v -139.244961 53.222323 70.209895
v -127.565052 54.296524 84.215204
v -126.272195 53.914184 84.982116
v -128.776561 53.383094 83.692005
v -126.807506 42.061636 89.802016
v -123.631863 39.293790 92.917682
v -127.804804 51.195592 87.252281
v -132.313241 40.509271 61.169239
v -131.274441 40.879917 62.630285
v -131.722868 32.814729 62.978826
v -144.593609 55.001557 38.440916
v -143.765778 55.277788 40.035761
v -142.910639 56.184184 38.675543
v -143.075734 45.518822 61.741634
v -141.680640 45.659223 59.658058
v -141.714066 45.865914 62.218229
v -132.874166 85.406566 62.323329
v -135.850959 84.937930 62.667212
v -132.333973 83.102727 63.536884
v -131.186178 68.167043 68.676492
v -131.693935 70.202690 69.731004
v -130.230900 62.024379 73.621402
v -130.048284 6.507838 65.242065
v -131.276393 10.287899 67.322697
v -132.573340 4.289836 66.281203
v -133.572658 8.078247 49.547050
v -134.234689 6.257188 50.134648
v -135.849590 7.399636 48.493765
v -140.155127 58.090728 49.932277
v -142.765561 64.345926 49.490025
v -140.749508 66.934383 50.024524
v -130.621451 45.431024 84.299017
v -130.107757 44.576791 83.552095
v -128.540529 45.000118 86.666836
v -129.707063 46.292355 63.273941
v -131.274441 40.879917 62.630285
v -130.485266 45.295355 61.093555
v -133.407678 0.871050 52.627927
v -132.117964 0.778216 51.516223
v -132.744507 4.667592 53.077406
v -138.684837 88.487637 61.724544
v -138.224850 86.627281 60.034539
v -136.320467 87.923169 60.053816
v -139.662890 45.126769 47.058046
v -138.821583 47.156289 46.565542
v -138.033040 45.945710 46.707701
v -145.469852 73.535145 55.193850
v -142.451442 76.790273 51.500884
v -144.913148 72.594935 53.325274
v -134.369356 66.179323 70.803262
v -134.439044 66.943193 70.692115
v -134.094607 66.489589 70.797729
v -138.963246 65.616721 48.546329
v -141.082722 62.334442 46.271853
v -142.494834 58.263898 43.284186
v -138.678967 95.910138 61.192098
v -140.033285 94.238866 61.990145
v -139.917478 90.728808 62.310446
v -136.345683 84.976685 53.965113
v -137.824122 87.522626 54.371040
v -134.888545 86.861026 54.923393
v -129.849702 0.503599 64.376865
v -131.119645 0.321281 63.703496
v -129.567592 0.281161 62.629143
v -131.615307 35.119262 65.127430
v -131.332521 40.847802 64.829378
v -132.205439 41.432035 66.377098
v -135.057441 63.290310 65.267136
v -138.972338 62.881547 66.413898
v -138.391677 61.191666 66.755411
v -133.018241 59.136075 74.103287
v -132.338225 52.660430 79.940917
v -133.533642 60.691607 74.402667
v -135.623353 64.546489 49.057997
v -135.001408 66.074782 48.388755
v -133.852156 63.244766 50.755285
v -143.257273 38.644877 49.999288
v -143.148119 38.144296 50.026154
v -142.877515 38.403505 49.923910
v -134.995740 31.653595 52.654806
v -135.447396 28.477668 50.354522
v -135.865199 34.889340 50.532091
v -136.052972 96.777153 52.741043
v -136.186830 97.993046 53.280193
v -134.639706 96.853351 52.533209
v -140.942666 74.741739 48.912926
v -139.737000 79.431516 47.456673
v -140.940833 74.143481 47.274511
v -136.047392 46.516305 69.788199
v -136.387015 46.284145 68.987284
v -136.017015 43.716330 68.366663
v -136.142676 1.452195 50.524911
v -136.770632 1.127326 52.011454
v -138.106231 0.151563 52.663549
v -130.434860 81.941819 54.655126
v -129.945447 83.156907 59.302945
v -129.428930 81.230050 55.859213
v -132.740351 68.249374 56.798774
v -130.611830 71.230954 58.122898
v -131.145230 72.023064 58.612220
v -124.916611 36.864728 89.368927
v -124.088812 46.359143 88.053052
v -122.509545 36.123079 91.169098
v -138.937304 62.389171 66.809693
v -138.391677 61.191666 66.755411
v -138.806428 61.869973 66.629062
v -138.391677 61.191666 66.755411
v -138.848826 61.069459 67.029758
v -138.691237 60.682136 66.921578
v -130.683073 46.301442 49.207183
v -133.098651 45.785725 48.498878
v -134.260080 54.677361 49.412073
v -133.011989 62.220705 69.812271
v -133.919223 64.914095 67.821099
v -131.900151 62.750363 69.641492
v -144.860976 47.105086 55.959024
v -144.952820 46.368784 54.731710
v -144.123581 46.142590 56.305502
v -137.221349 82.690227 48.577739
v -134.337161 83.000648 49.224008
v -138.267379 77.292227 46.153408
v -133.201597 66.058380 71.848754
v -133.457926 65.815175 71.897868
v -133.771910 65.459955 71.912130
v -128.742031 45.933073 56.349943
v -129.788203 47.215604 55.844359
v -128.428256 53.345114 57.189128
v -133.011989 62.220705 69.812271
v -131.394685 54.065836 77.428673
v -133.018241 59.136075 74.103287
v -130.657127 57.448781 78.255224
v -130.564628 55.502147 80.796977
v -130.371180 54.074264 78.740912
v -142.846169 55.796104 42.998271
v -139.554377 58.805829 44.452708
v -142.494834 58.263898 43.284186
v -131.236092 80.840683 51.182082
v -130.434860 81.941819 54.655126
v -129.428930 81.230050 55.859213
v -135.593837 27.653611 61.471797
v -134.602965 14.984420 62.524301
v -136.770155 26.110628 63.055422
v -145.469852 73.535145 55.193850
v -144.072455 75.913978 59.336653
v -142.602786 78.558290 54.030923
v -142.611274 52.743524 40.385959
v -139.010843 59.533256 42.582108
v -139.554377 58.805829 44.452708
v -133.478193 68.219346 71.467642
v -131.354550 64.640218 74.032523
v -131.693935 70.202690 69.731004
v -133.535727 1.770192 63.019732
v -132.381916 1.560813 63.121487
v -132.536231 1.494318 64.647385
v -140.610592 63.294279 42.140726
v -139.994096 60.236591 41.034984
v -142.417083 57.840866 41.086925
v -142.567006 45.618683 49.289087
v -142.136653 44.036794 50.287946
v -142.962590 44.540045 51.695823
v -138.557676 67.524994 65.316231
v -140.127695 69.383967 64.742809
v -141.806289 69.420183 63.607676
v -128.570009 43.667811 56.438359
v -128.741889 45.198220 58.005608
v -129.920155 45.040011 56.586680
v -140.610592 63.294279 42.140726
v -142.417083 57.840866 41.086925
v -141.783269 63.340503 45.657237
v -122.332937 38.232041 91.803345
v -123.054956 40.975356 92.432482
v -123.631863 39.293790 92.917682
v -140.559447 45.561179 48.126854
v -142.136653 44.036794 50.287946
v -142.567006 45.618683 49.289087
v -132.454079 84.042269 55.479749
v -132.043899 82.071733 54.736418
v -133.490231 82.993221 51.995919
v -139.371524 1.386947 66.324531
v -140.071505 0.594574 64.595534
v -138.090017 0.185752 65.810871
v -128.356358 55.410891 55.461997
v -129.862793 69.175875 56.015905
v -127.413587 57.187414 56.125902
v -138.963246 65.616721 48.546329
v -137.106228 67.020964 49.700918
v -139.908008 67.064953 49.813599
v -139.917478 90.728808 62.310446
v -138.684837 88.487637 61.724544
v -135.681314 93.643761 61.590865
v -143.173501 42.748743 26.272574
v -143.469007 36.815088 24.776143
v -143.602253 36.575919 26.277013
v -131.928934 3.898608 50.890702
v -134.234689 6.257188 50.134648
v -132.884254 6.946587 51.072442
v -134.502388 41.950428 51.387710
v -136.335875 43.440598 49.342486
v -134.037973 44.709599 51.059147
v -132.738842 2.672922 49.796667
v -134.802095 2.218091 49.629961
v -134.234689 6.257188 50.134648
v -130.452098 79.842073 63.119103
v -132.021648 81.056303 66.354175
v -130.775495 77.551818 66.158780
v -145.138032 49.153214 35.465862
v -144.880706 49.660471 38.467116
v -144.890468 51.354271 39.139504
v -141.618453 30.985159 52.485059
v -140.293329 24.670920 53.731414
v -142.902870 38.378942 53.136967
v -142.827443 50.248998 39.580359
v -143.197096 51.181817 39.959528
v -143.000686 49.758309 39.866471
v -126.144450 43.042970 87.077480
v -125.606318 47.853479 86.089908
v -124.916611 36.864728 89.368927
v -132.809951 46.753228 68.640866
v -129.623177 47.538668 65.083193
v -129.229138 51.049661 64.756160
v -122.076180 37.817806 92.591794
v -122.804844 35.769373 92.649832
v -120.409642 37.095836 90.442518
v -142.243586 92.682862 59.317334
v -142.742019 93.638855 58.175547
v -143.284796 90.350819 58.247369
v -133.257106 66.197139 71.742612
v -133.701614 66.519547 71.275363
v -133.204423 66.226936 71.685081
v -137.703169 31.668573 49.889183
v -139.255449 43.538317 48.887872
v -135.865199 34.889340 50.532091
v -137.564285 55.273015 68.315596
v -138.524611 58.366698 68.891037
v -137.313103 47.477150 71.068084
v -132.189959 58.294612 78.019827
v -132.338225 52.660430 79.940917
v -132.883128 51.812977 81.566769
v -130.159146 11.387861 63.193410
v -129.661010 21.323615 64.455588
v -130.048284 6.507838 65.242065
v -140.610592 63.294279 42.140726
v -140.139234 66.469919 44.247843
v -138.524799 67.501294 44.419475
v -129.381683 70.249688 56.412702
v -129.804593 67.312920 58.212579
v -127.413587 57.187414 56.125902
v -134.718039 98.819697 55.375112
v -138.422369 99.763012 56.851011
v -137.633939 99.473369 58.298855
v -140.440805 82.398713 58.269957
v -138.578182 83.040082 58.659307
v -140.201864 80.937707 55.265234
v -138.448589 59.704447 67.054324
v -138.924498 59.344173 67.106575
v -138.444530 58.730221 67.267906
v -128.209792 44.763854 85.862568
v -130.107757 44.576791 83.552095
v -128.921090 45.502103 83.416757
v -123.671869 45.224488 90.761155
v -124.088812 46.359143 88.053052
v -124.407679 48.919609 88.602428
v -148.367993 48.285541 55.667261
v -146.277636 55.250013 55.511011
v -144.988498 50.342387 57.049986
v -134.260433 83.331060 63.411038
v -135.850959 84.937930 62.667212
v -137.596976 81.862652 63.019941
v -131.167528 71.160245 52.371810
v -133.448464 68.280255 49.747878
v -133.456170 74.889636 49.840993
v -142.934344 79.728294 54.360855
v -141.698646 80.037045 51.603440
v -142.207206 78.235132 52.007674
v -145.043567 48.861602 57.831260
v -144.860976 47.105086 55.959024
v -145.451160 46.771819 58.129250
v -133.069356 64.296853 60.673524
v -132.396709 61.857372 62.366655
v -130.620341 58.499682 58.677408
v -147.663987 46.539855 58.032826
v -146.155206 47.087115 59.133483
v -146.267629 49.664516 58.850613
v -130.044599 55.998599 56.101592
v -128.162879 54.636472 56.541254
v -129.468620 53.337031 55.530692
v -138.503339 45.521632 69.855833
v -139.561502 46.576766 69.266054
v -138.467445 46.925974 69.156978
v -139.010843 59.533256 42.582108
v -142.702425 52.743315 38.082321
v -139.994096 60.236591 41.034984
v -148.943340 47.137195 57.527027
v -147.784049 46.948567 56.502107
v -147.663987 46.539855 58.032826
v -145.043567 48.861602 57.831260
v -144.788182 49.167341 58.376247
v -144.988498 50.342387 57.049986
v -138.080999 83.161849 61.679131
v -135.850959 84.937930 62.667212
v -140.440805 82.398713 58.269957
v -141.953387 95.588076 59.656130
v -138.678967 95.910138 61.192098
v -138.729931 97.080898 61.333054
v -139.554377 58.805829 44.452708
v -138.963246 65.616721 48.546329
v -142.494834 58.263898 43.284186
v -133.572658 8.078247 49.547050
v -134.462239 13.308155 49.628321
v -133.500945 11.922896 51.393447
v -144.410949 47.599551 36.430144
v -145.138032 49.153214 35.465862
v -144.188176 48.245507 33.845884
v -124.872468 48.438114 89.489518
v -123.671869 45.224488 90.761155
v -124.407679 48.919609 88.602428
v -144.880706 49.660471 38.467116
v -143.402477 49.886513 40.351311
v -144.890468 51.354271 39.139504
v -134.888545 86.861026 54.923393
v -132.638036 91.028392 53.019706
v -133.304181 87.386262 55.049164
v -143.284796 90.350819 58.247369
v -141.937911 87.507570 57.068712
v -143.136498 88.189650 59.971598
v -141.937911 87.507570 57.068712
v -141.753284 86.659885 60.665010
v -143.136498 88.189650 59.971598
v -141.875774 69.354451 52.454527
v -142.879244 72.460771 51.401102
v -142.366212 69.917876 51.419816
v -136.017015 43.716330 68.366663
v -136.387015 46.284145 68.987284
v -137.946381 45.550654 67.887144
v -130.159146 11.387861 63.193410
v -131.287565 13.172328 62.169590
v -131.126216 22.578442 61.852771
v -129.192976 58.239686 55.700358
v -128.842081 55.628359 56.301222
v -129.458864 57.086807 57.072259
v -130.230900 62.024379 73.621402
v -130.371180 54.074264 78.740912
v -131.900151 62.750363 69.641492
v -138.267379 77.292227 46.153408
v -138.524799 67.501294 44.419475
v -140.139234 66.469919 44.247843
v -128.420626 46.657115 63.170858
v -127.851452 46.008676 61.241869
v -126.186993 46.958756 64.389871
v -130.657127 57.448781 78.255224
v -131.354550 64.640218 74.032523
v -132.189959 58.294612 78.019827
v -119.749502 36.399281 88.992787
v -119.680423 36.807427 88.604442
v -120.720638 36.575824 88.456032
v -137.835271 31.067676 65.909755
v -138.876684 32.086802 64.097938
v -136.819315 24.502194 65.992819
v -138.717340 84.840250 58.835613
v -136.661624 84.530258 59.895868
v -138.224850 86.627281 60.034539
v -125.606318 47.853479 86.089908
v -126.272195 53.914184 84.982116
v -125.212226 49.449122 87.380160
v -132.899025 45.731404 58.572333
v -132.228631 45.912891 55.606391
v -130.813057 46.095413 58.795601
v -142.765561 64.345926 49.490025
v -143.291246 66.632271 50.877639
v -143.188595 70.489067 49.464973
v -141.281545 56.693054 66.157284
v -141.987881 57.152188 63.895042
v -142.459450 47.105208 63.026681
v -130.048284 6.507838 65.242065
v -132.629129 22.607574 68.063904
v -131.276393 10.287899 67.322697
v -131.167528 71.160245 52.371810
v -133.706563 77.778726 48.379641
v -130.783522 76.818621 53.696027
v -140.201864 80.937707 55.265234
v -141.772140 80.698264 53.733225
v -140.440805 82.398713 58.269957
v -141.278551 57.518452 39.867328
v -142.910639 56.184184 38.675543
v -141.297608 57.938409 40.086464
v -138.595515 32.362425 62.335012
v -139.513423 43.552959 62.843023
v -137.952164 44.576067 60.333588
v -129.887171 47.780589 83.311603
v -129.862531 46.482843 83.333660
v -129.978552 46.338252 84.725389
v -131.001946 84.412068 59.340386
v -132.874166 85.406566 62.323329
v -130.548630 83.397126 62.229625
v -133.456170 74.889636 49.840993
v -133.448464 68.280255 49.747878
v -134.344160 77.127498 47.991261
v -129.804593 67.312920 58.212579
v -129.442546 62.634134 58.039168
v -127.413587 57.187414 56.125902
v -127.638352 53.620654 65.032489
v -130.629928 56.610972 65.918046
v -127.925566 52.433276 65.944592
v -136.248910 72.942650 45.926976
v -138.524799 67.501294 44.419475
v -138.267379 77.292227 46.153408
v -133.500945 11.922896 51.393447
v -132.884254 6.946587 51.072442
v -133.572658 8.078247 49.547050
v -133.771910 65.459955 71.912130
v -134.047179 64.672840 72.592758
v -134.369356 66.179323 70.803262
v -129.192976 58.239686 55.700358
v -132.226954 59.492850 54.497279
v -131.067002 59.389794 54.329345
v -131.754154 64.767849 56.429911
v -130.966664 65.841341 57.020267
v -131.598238 63.861549 57.135826
v -142.536934 95.034391 57.094931
v -139.185651 96.281892 53.043826
v -140.734489 92.307574 53.454787
v -129.567592 0.281161 62.629143
v -131.119645 0.321281 63.703496
v -130.936210 0.987643 62.163791
v -143.111761 46.085179 66.316883
v -142.522332 46.220252 64.430479
v -141.520426 46.168381 64.562500
v -144.788182 49.167341 58.376247
v -146.267629 49.664516 58.850613
v -146.155206 47.087115 59.133483
v -134.663857 65.295398 64.168662
v -132.396709 61.857372 62.366655
v -133.224545 65.807027 61.781263
v -135.849590 7.399636 48.493765
v -135.840541 10.884478 49.024754
v -133.572658 8.078247 49.547050
v -133.112389 66.331422 71.645107
v -133.208699 66.203714 71.786210
v -133.701614 66.519547 71.275363
v -127.055583 41.637373 88.182666
v -126.144450 43.042970 87.077480
v -126.014468 37.003351 89.287028
v -130.044599 55.998599 56.101592
v -132.226954 59.492850 54.497279
v -129.498706 57.176429 57.207342
v -138.937943 59.601993 66.797260
v -138.691237 60.682136 66.921578
v -139.014584 61.450702 66.412877
v -127.697857 50.395727 83.771622
v -126.272195 53.914184 84.982116
v -125.606318 47.853479 86.089908
v -145.451160 46.771819 58.129250
v -142.822949 46.258581 57.898298
v -143.676948 47.371412 58.397706
v -143.676948 47.371412 58.397706
v -146.155206 47.087115 59.133483
v -145.451160 46.771819 58.129250
v -142.934344 79.728294 54.360855
v -142.602786 78.558290 54.030923
v -140.366052 80.310327 58.289573
v -135.057441 63.290310 65.267136
v -129.338464 56.949836 61.619136
v -132.396709 61.857372 62.366655
v -137.030535 47.322181 47.972658
v -138.821583 47.156289 46.565542
v -137.731387 54.563486 48.770637
v -131.693935 70.202690 69.731004
v -130.775495 77.551818 66.158780
v -132.021648 81.056303 66.354175
v -141.142433 50.384873 48.973338
v -143.061689 47.637236 49.650531
v -142.966695 62.520754 50.135262
v -145.469852 73.535145 55.193850
v -142.602786 78.558290 54.030923
v -142.451442 76.790273 51.500884
v -132.189959 58.294612 78.019827
v -133.478193 68.219346 71.467642
v -134.047179 64.672840 72.592758
v -143.469007 36.815088 24.776143
v -141.904104 40.118509 22.950385
v -142.247733 36.195725 24.550864
v -136.056459 7.229194 64.709648
v -135.362597 13.178477 65.116240
v -135.540261 6.552371 62.929671
v -140.630824 45.239976 57.102816
v -142.900116 46.160081 55.248842
v -141.091329 33.974600 56.056979
v -128.921090 45.502103 83.416757
v -131.019949 46.949154 82.296293
v -129.862531 46.482843 83.333660
v -126.272195 53.914184 84.982116
v -127.565052 54.296524 84.215204
v -128.276857 54.938436 85.665584
v -117.116924 39.335811 84.843685
v -119.152926 39.098519 85.784688
v -118.463632 39.174995 85.327777
v -129.965152 50.476724 79.679203
v -130.371180 54.074264 78.740912
v -128.608817 52.218884 80.610570
v -124.872468 48.438114 89.489518
v -124.407679 48.919609 88.602428
v -126.059468 49.987483 88.584449
v -131.900151 62.750363 69.641492
v -131.186178 68.167043 68.676492
v -130.230900 62.024379 73.621402
v -125.396941 36.100149 89.586282
v -122.509545 36.123079 91.169098
v -124.576995 34.541595 90.579008
v -142.492859 77.777863 52.070966
v -142.263683 77.655011 51.757962
v -142.451442 76.790273 51.500884
v -142.120198 96.938467 59.430210
v -142.536934 95.034391 57.094931
v -141.953387 95.588076 59.656130
v -140.178898 86.213678 58.836945
v -138.717340 84.840250 58.835613
v -138.224850 86.627281 60.034539
v -136.047392 46.516305 69.788199
v -137.564285 55.273015 68.315596
v -137.313103 47.477150 71.068084
v -136.335875 43.440598 49.342486
v -137.959038 45.359877 47.859863
v -134.562301 46.632898 48.600922
v -132.740351 68.249374 56.798774
v -131.145230 72.023064 58.612220
v -133.224545 65.807027 61.781263
v -129.344497 79.937488 60.842367
v -129.428930 81.230050 55.859213
v -129.945447 83.156907 59.302945
v -129.193608 56.516146 57.563798
v -130.725588 60.140007 57.914654
v -129.498706 57.176429 57.207342
v -118.965943 38.880023 85.323131
v -118.627495 38.511750 84.599099
v -120.490041 37.089229 86.939041
v -118.965943 38.880023 85.323131
v -119.680423 36.807427 88.604442
v -118.314737 37.549964 88.121002
v -142.238156 77.910364 51.679712
v -142.238312 77.735847 51.487081
v -142.492859 77.777863 52.070966
v -131.354550 64.640218 74.032523
v -130.230900 62.024379 73.621402
v -131.693935 70.202690 69.731004
v -138.943067 60.966337 66.987411
v -139.014584 61.450702 66.412877
v -138.691237 60.682136 66.921578
v -143.518846 53.114950 37.053602
v -141.278551 57.518452 39.867328
v -142.702425 52.743315 38.082321
v -138.524799 67.501294 44.419475
v -137.193522 66.216117 46.041788
v -139.994096 60.236591 41.034984
v -133.656571 66.128528 71.304768
v -134.021342 66.435766 70.893990
v -134.047699 66.420472 70.822122
v -145.579865 48.551142 57.725435
v -144.988498 50.342387 57.049986
v -145.035367 49.845600 58.150965
v -142.827443 50.248998 39.580359
v -143.000686 49.758309 39.866471
v -142.188252 49.211052 35.669934
v -140.811661 81.463772 49.466528
v -137.820977 83.414721 50.083955
v -139.531831 81.899422 48.784624
v -133.478193 68.219346 71.467642
v -131.693935 70.202690 69.731004
v -133.678405 73.395485 69.104068
v -137.824122 87.522626 54.371040
v -136.345683 84.976685 53.965113
v -137.833612 84.317624 54.460657
v -131.004921 52.194095 84.276035
v -132.883128 51.812977 81.566769
v -131.400351 47.979540 82.367251
v -136.353656 1.288521 67.364419
v -134.681748 4.426897 66.457332
v -136.798028 2.830076 66.176625
v -138.090017 0.185752 65.810871
v -136.353656 1.288521 67.364419
v -139.371524 1.386947 66.324531
v -133.257106 66.197139 71.742612
v -133.208699 66.203714 71.786210
v -133.457926 65.815175 71.897868
v -143.402477 49.886513 40.351311
v -142.936274 49.429860 40.022381
v -142.827443 50.248998 39.580359
v -144.278807 66.748482 60.122799
v -141.421575 62.037778 64.466111
v -141.806289 69.420183 63.607676
v -131.186178 68.167043 68.676492
v -130.775495 77.551818 66.158780
v -131.693935 70.202690 69.731004
v -129.849702 0.503599 64.376865
v -129.567592 0.281161 62.629143
v -128.285847 1.845550 63.755060
v -128.776561 53.383094 83.692005
v -126.272195 53.914184 84.982116
v -127.697857 50.395727 83.771622
v -133.795999 44.601851 55.463299
v -135.269815 35.821131 54.964124
v -134.995740 31.653595 52.654806
v -142.902864 43.869113 28.247610
v -142.500333 42.714321 28.022818
v -143.699658 46.237415 31.352103
v -137.946381 45.550654 67.887144
v -136.387015 46.284145 68.987284
v -138.467445 46.925974 69.156978
v -134.681748 4.426897 66.457332
v -131.276393 10.287899 67.322697
v -134.633711 9.324172 66.170772
v -131.168272 29.233080 64.644315
v -131.126216 22.578442 61.852771
v -131.722868 32.814729 62.978826
v -137.030535 47.322181 47.972658
v -137.731387 54.563486 48.770637
v -134.562301 46.632898 48.600922
v -133.795999 44.601851 55.463299
v -132.228631 45.912891 55.606391
v -135.071033 45.018256 57.574507
v -133.669803 21.905490 50.222834
v -133.437369 21.152091 52.845202
v -133.500945 11.922896 51.393447
v -134.718039 98.819697 55.375112
v -137.633939 99.473369 58.298855
v -132.143465 96.724510 56.409172
v -130.371180 54.074264 78.740912
v -130.564628 55.502147 80.796977
v -128.608817 52.218884 80.610570
v -138.937304 62.389171 66.809693
v -139.114873 65.495271 65.565833
v -139.235751 69.012678 65.597588
v -130.564628 55.502147 80.796977
v -129.459981 53.643263 84.199509
v -128.776561 53.383094 83.692005
v -134.439044 66.943193 70.692115
v -136.126687 74.988949 65.775653
v -134.505192 66.081816 70.552522
v -144.410949 47.599551 36.430144
v -144.188176 48.245507 33.845884
v -143.699658 46.237415 31.352103
v -144.698929 46.168322 62.110252
v -144.410848 47.167832 63.722324
v -145.016874 48.436961 63.355669
v -142.500333 42.714321 28.022818
v -142.772979 42.136427 27.825872
v -142.162435 39.441382 28.114949
v -144.913148 72.594935 53.325274
v -142.451442 76.790273 51.500884
v -142.879244 72.460771 51.401102
v -142.702425 52.743315 38.082321
v -142.735926 51.540136 39.259762
v -142.188252 49.211052 35.669934
v -134.260080 54.677361 49.412073
v -133.098651 45.785725 48.498878
v -134.562301 46.632898 48.600922
v -134.439044 66.943193 70.692115
v -134.505192 66.081816 70.552522
v -134.033701 66.492045 70.737786
v -132.885139 82.425469 49.776424
v -131.236092 80.840683 51.182082
v -133.706563 77.778726 48.379641
v -132.742147 4.751938 61.697036
v -135.540261 6.552371 62.929671
v -134.602965 14.984420 62.524301
v -129.442546 62.634134 58.039168
v -129.804593 67.312920 58.212579
v -130.464921 66.206926 57.727641
v -134.681748 4.426897 66.457332
v -136.353656 1.288521 67.364419
v -132.573340 4.289836 66.281203
v -142.009756 77.568656 49.133577
v -139.531831 81.899422 48.784624
v -139.737000 79.431516 47.456673
v -145.579865 48.551142 57.725435
v -145.451160 46.771819 58.129250
v -147.784049 46.948567 56.502107
v -129.514051 50.242246 84.567538
v -128.540529 45.000118 86.666836
v -127.804804 51.195592 87.252281
v -143.000686 49.758309 39.866471
v -144.410949 47.599551 36.430144
v -143.114458 46.891313 34.656413
v -119.610117 38.961792 85.616880
v -120.720638 36.575824 88.456032
v -119.152926 39.098519 85.784688
v -130.567911 75.882435 63.558151
v -131.145230 72.023064 58.612220
v -129.882920 74.001360 58.141155
v -142.735926 51.540136 39.259762
v -142.827443 50.248998 39.580359
v -142.188252 49.211052 35.669934
v -132.598546 84.743047 58.774437
v -135.235941 85.174179 59.865892
v -132.874166 85.406566 62.323329
v -128.540529 45.000118 86.666836
v -127.055583 41.637373 88.182666
v -126.807506 42.061636 89.802016
v -140.578605 67.950368 48.734153
v -140.749508 66.934383 50.024524
v -141.252305 71.277267 49.601917
v -142.501930 1.734102 54.352929
v -139.676344 4.917389 53.212916
v -141.676214 2.684730 51.581741
v -128.162879 54.636472 56.541254
v -128.842081 55.628359 56.301222
v -128.356358 55.410891 55.461997
v -141.806289 69.420183 63.607676
v -141.421575 62.037778 64.466111
v -139.114873 65.495271 65.565833
v -129.788203 47.215604 55.844359
v -129.920155 45.040011 56.586680
v -130.586034 46.206560 53.995621
v -128.631661 4.254430 62.182879
v -129.567592 0.281161 62.629143
v -130.936210 0.987643 62.163791
v -128.420626 46.657115 63.170858
v -126.186993 46.958756 64.389871
v -127.908647 47.690314 64.310486
v -144.788182 49.167341 58.376247
v -146.155206 47.087115 59.133483
v -143.676948 47.371412 58.397706
v -143.075734 45.518822 61.741634
v -141.714066 45.865914 62.218229
v -142.459450 47.105208 63.026681
v -134.047179 64.672840 72.592758
v -133.656571 66.128528 71.304768
v -133.533642 60.691607 74.402667
v -127.508991 45.321285 57.685071
v -127.851452 46.008676 61.241869
v -128.741889 45.198220 58.005608
v -139.414108 1.382256 54.719557
v -138.036694 5.381668 53.828787
v -142.501930 1.734102 54.352929
v -136.835702 35.180366 60.262334
v -133.043271 26.251581 61.235467
v -135.593837 27.653611 61.471797
v -142.501930 1.734102 54.352929
v -138.036694 5.381668 53.828787
v -139.676344 4.917389 53.212916
v -143.366427 74.214447 63.033098
v -142.395252 77.084047 60.567823
v -144.484768 73.707998 60.169765
v -127.925566 52.433276 65.944592
v -127.908647 47.690314 64.310486
v -126.671433 47.193542 66.105441
v -130.230900 62.024379 73.621402
v -131.354550 64.640218 74.032523
v -130.657127 57.448781 78.255224
v -141.953387 95.588076 59.656130
v -138.729931 97.080898 61.333054
v -142.120198 96.938467 59.430210
v -134.462239 13.308155 49.628321
v -133.572658 8.078247 49.547050
v -135.840541 10.884478 49.024754
v -142.962590 44.540045 51.695823
v -144.092052 45.870385 53.946331
v -144.006893 45.754165 52.774317
v -137.957479 11.912060 49.419217
v -135.840541 10.884478 49.024754
v -135.849590 7.399636 48.493765
v -129.577618 45.321905 50.992425
v -133.098651 45.785725 48.498878
v -130.683073 46.301442 49.207183
v -130.485266 45.295355 61.093555
v -132.899025 45.731404 58.572333
v -130.813057 46.095413 58.795601
v -131.168272 29.233080 64.644315
v -130.592544 22.410032 66.685090
v -129.661010 21.323615 64.455588
v -143.774295 55.578679 55.689631
v -145.043567 48.861602 57.831260
v -144.988498 50.342387 57.049986
v -133.043271 26.251581 61.235467
v -133.879429 40.217769 60.105119
v -132.313241 40.509271 61.169239
v -138.578182 83.040082 58.659307
v -138.849620 83.677399 56.285053
v -138.242570 82.890832 53.823475
v -142.641981 41.703298 23.419798
v -143.173501 42.748743 26.272574
v -142.018108 42.747825 24.152248
v -142.902870 38.378942 53.136967
v -142.962590 44.540045 51.695823
v -142.136653 44.036794 50.287946
v -141.875774 69.354451 52.454527
v -141.578170 64.843518 53.069333
v -143.886205 69.191390 54.768301
v -132.874166 85.406566 62.323329
v -132.333973 83.102727 63.536884
v -130.548630 83.397126 62.229625
v -133.674066 65.089619 57.162412
v -132.740351 68.249374 56.798774
v -133.224545 65.807027 61.781263
v -137.959038 45.359877 47.859863
v -136.335875 43.440598 49.342486
v -139.255449 43.538317 48.887872
v -130.452098 79.842073 63.119103
v -132.333973 83.102727 63.536884
v -132.021648 81.056303 66.354175
v -144.170661 52.481496 40.268865
v -144.593609 55.001557 38.440916
v -144.890468 51.354271 39.139504
v -133.456170 74.889636 49.840993
v -134.344160 77.127498 47.991261
v -133.706563 77.778726 48.379641
v -143.347362 48.199192 65.704489
v -141.281545 56.693054 66.157284
v -142.522332 46.220252 64.430479
v -131.598238 63.861549 57.135826
v -130.966664 65.841341 57.020267
v -131.949884 66.726464 57.533436
v -139.347320 64.000398 65.972795
v -138.972338 62.881547 66.413898
v -138.937304 62.389171 66.809693
v -122.495538 37.783996 91.384964
v -122.509545 36.123079 91.169098
v -124.088812 46.359143 88.053052
v -140.139234 66.469919 44.247843
v -140.940833 74.143481 47.274511
v -139.737000 79.431516 47.456673
v -129.978552 46.338252 84.725389
v -131.149664 46.393007 82.991249
v -130.621451 45.431024 84.299017
v -139.750953 89.278495 54.593610
v -140.517994 90.523279 53.796462
v -136.844349 90.828985 52.735933
v -137.952164 44.576067 60.333588
v -136.835702 35.180366 60.262334
v -138.595515 32.362425 62.335012
v -140.366052 80.310327 58.289573
v -138.080999 83.161849 61.679131
v -140.152532 81.996656 59.450405
v -127.804804 51.195592 87.252281
v -130.134499 52.330971 84.467154
v -129.514051 50.242246 84.567538
v -131.778997 2.241456 65.258907
v -136.353656 1.288521 67.364419
v -134.573813 0.350207 65.909462
v -138.036694 5.381668 53.828787
v -139.414108 1.382256 54.719557
v -135.815275 3.366756 53.172215
v -136.248910 72.942650 45.926976
v -133.448464 68.280255 49.747878
v -135.001408 66.074782 48.388755
v -136.450353 38.227779 71.463043
v -136.128301 39.638049 71.946692
v -137.821522 41.445700 71.709930
v -136.320467 87.923169 60.053816
v -134.213444 86.812794 57.641881
v -135.163996 90.079319 60.514415
v -139.737000 79.431516 47.456673
v -138.267379 77.292227 46.153408
v -140.139234 66.469919 44.247843
v -138.544743 16.173315 53.857072
v -136.435623 10.636851 54.284083
v -137.917625 30.293360 56.354421
v -143.676948 47.371412 58.397706
v -145.478559 58.852154 57.758320
v -145.035367 49.845600 58.150965
v -140.811661 81.463772 49.466528
v -139.531831 81.899422 48.784624
v -142.009756 77.568656 49.133577
v -130.783522 76.818621 53.696027
v -131.236092 80.840683 51.182082
v -129.428930 81.230050 55.859213
v -140.071505 0.594574 64.595534
v -139.371524 1.386947 66.324531
v -139.964785 1.826811 64.506248
v -124.450823 35.156632 92.516396
v -124.576995 34.541595 90.579008
v -122.804844 35.769373 92.649832
v -143.738287 57.766813 63.430618
v -143.360511 56.280107 63.933822
v -141.987881 57.152188 63.895042
v -134.445596 70.344722 64.590259
v -137.764209 75.359535 65.434138
v -138.102994 71.521545 65.730361
v -139.948850 1.479870 49.312799
v -142.682146 0.884640 50.326310
v -141.676214 2.684730 51.581741
v -127.508991 45.321285 57.685071
v -128.741889 45.198220 58.005608
v -127.861971 44.059240 56.457404
v -143.738287 57.766813 63.430618
v -141.421575 62.037778 64.466111
v -144.278807 66.748482 60.122799
v -134.892073 21.869823 54.648990
v -136.435623 10.636851 54.284083
v -134.090717 12.758445 53.402716
v -131.843765 57.683867 78.801629
v -131.121101 53.745026 83.646648
v -130.564628 55.502147 80.796977
v -131.121101 53.745026 83.646648
v -129.459981 53.643263 84.199509
v -130.564628 55.502147 80.796977
v -129.577618 45.321905 50.992425
v -130.586034 46.206560 53.995621
v -131.716189 45.888257 52.976816
v -136.770155 26.110628 63.055422
v -136.819315 24.502194 65.992819
v -138.876684 32.086802 64.097938
v -138.678967 95.910138 61.192098
v -139.917478 90.728808 62.310446
v -135.681314 93.643761 61.590865
v -139.917478 90.728808 62.310446
v -140.033285 94.238866 61.990145
v -141.528198 92.981941 60.650772
v -128.608817 52.218884 80.610570
v -128.776561 53.383094 83.692005
v -127.697857 50.395727 83.771622
v -133.656571 66.128528 71.304768
v -133.959645 66.277814 71.074928
v -134.505192 66.081816 70.552522
v -130.629928 56.610972 65.918046
v -135.087585 59.045380 67.261041
v -132.167833 56.287944 66.180392
v -132.885139 82.425469 49.776424
v -134.344160 77.127498 47.991261
v -134.337161 83.000648 49.224008
v -140.734489 92.307574 53.454787
v -136.228889 93.790149 51.974406
v -136.844349 90.828985 52.735933
v -133.687330 66.023052 71.566226
v -133.457926 65.815175 71.897868
v -133.415622 65.812969 71.933814
v -130.725588 60.140007 57.914654
v -130.464921 66.206926 57.727641
v -131.598238 63.861549 57.135826
v -143.061689 47.637236 49.650531
v -144.955125 46.369857 53.422389
v -142.473510 56.422162 51.348016
v -144.913148 72.594935 53.325274
v -141.875774 69.354451 52.454527
v -143.886205 69.191390 54.768301
v -132.865529 15.766001 61.573539
v -135.593837 27.653611 61.471797
v -133.043271 26.251581 61.235467
v -132.742147 4.751938 61.697036
v -132.865529 15.766001 61.573539
v -131.287565 13.172328 62.169590
v -132.228631 45.912891 55.606391
v -130.586034 46.206560 53.995621
v -129.920155 45.040011 56.586680
v -134.892073 21.869823 54.648990
v -136.911950 37.716103 56.573050
v -137.917625 30.293360 56.354421
v -141.225799 48.572218 48.895870
v -141.142433 50.384873 48.973338
v -140.038857 47.473460 46.947725
v -127.908647 47.690314 64.310486
v -129.623177 47.538668 65.083193
v -129.707063 46.292355 63.273941
v -138.243199 44.900060 57.925903
v -141.091329 33.974600 56.056979
v -137.917625 30.293360 56.354421
v -118.463632 39.174995 85.327777
v -118.456612 39.566028 85.168019
v -118.965943 38.880023 85.323131
v -141.386773 57.831287 40.054406
v -142.910639 56.184184 38.675543
v -142.417083 57.840866 41.086925
v -142.910639 56.184184 38.675543
v -143.765778 55.277788 40.035761
v -142.417083 57.840866 41.086925
v -136.088172 83.354211 50.903465
v -134.337161 83.000648 49.224008
v -137.221349 82.690227 48.577739
v -132.809951 46.753228 68.640866
v -136.017015 43.716330 68.366663
v -132.924733 44.091046 67.468519
v -130.434615 48.686359 81.693881
v -131.061407 48.213712 82.150208
v -131.888926 48.632217 81.260079
v -129.747784 74.934017 56.886130
v -129.381683 70.249688 56.412702
v -130.039502 72.446215 54.862288
v -141.773157 46.961433 68.961492
v -140.434934 47.101635 69.544381
v -139.305262 53.813368 68.033011
v -140.434934 47.101635 69.544381
v -139.336873 47.756151 69.992245
v -139.305262 53.813368 68.033011
v -139.305262 53.813368 68.033011
v -141.281545 56.693054 66.157284
v -141.773157 46.961433 68.961492
v -139.336873 47.756151 69.992245
v -139.561502 46.576766 69.266054
v -138.503339 45.521632 69.855833
v -144.484768 73.707998 60.169765
v -142.395252 77.084047 60.567823
v -144.072455 75.913978 59.336653
v -134.505192 66.081816 70.552522
v -133.959645 66.277814 71.074928
v -133.687330 66.023052 71.566226
v -147.784049 46.948567 56.502107
v -144.988498 50.342387 57.049986
v -145.579865 48.551142 57.725435
v -124.635427 36.963040 93.904496
v -127.439635 38.900450 96.587168
v -125.283931 38.714022 95.167737
v -134.086563 86.684656 56.168354
v -134.213444 86.812794 57.641881
v -133.661394 85.519111 56.986421
v -130.371180 54.074264 78.740912
v -131.394685 54.065836 77.428673
v -131.900151 62.750363 69.641492
v -130.434615 48.686359 81.693881
v -129.887171 47.780589 83.311603
v -131.061407 48.213712 82.150208
v -134.845672 22.600123 49.219491
v -135.840541 10.884478 49.024754
v -138.606754 22.142303 48.931290
v -137.820977 83.414721 50.083955
v -137.221349 82.690227 48.577739
v -139.531831 81.899422 48.784624
v -142.395252 77.084047 60.567823
v -138.946567 79.748178 64.776867
v -137.596976 81.862652 63.019941
v -138.448589 59.704447 67.054324
v -137.564285 55.273015 68.315596
v -135.087585 59.045380 67.261041
v -132.333973 83.102727 63.536884
v -130.452098 79.842073 63.119103
v -130.548630 83.397126 62.229625
v -125.212226 49.449122 87.380160
v -126.712695 54.304642 86.581354
v -126.059468 49.987483 88.584449
v -142.822949 46.258581 57.898298
v -141.680640 45.659223 59.658058
v -142.791955 46.552959 59.403144
v -141.281545 56.693054 66.157284
v -143.347362 48.199192 65.704489
v -141.773157 46.961433 68.961492
v -133.208699 66.203714 71.786210
v -133.112389 66.331422 71.645107
v -133.415622 65.812969 71.933814
v -126.116051 35.663551 90.449722
v -124.450823 35.156632 92.516396
v -125.175576 36.888880 92.269220
v -124.450823 35.156632 92.516396
v -124.635427 36.963040 93.904496
v -125.175576 36.888880 92.269220
v -132.167833 56.287944 66.180392
v -135.087585 59.045380 67.261041
v -132.809951 46.753228 68.640866
v -133.771910 65.459955 71.912130
v -133.687330 66.023052 71.566226
v -133.415622 65.812969 71.933814
v -141.937911 87.507570 57.068712
v -140.517994 90.523279 53.796462
v -139.750953 89.278495 54.593610
v -133.490231 82.993221 51.995919
v -132.885139 82.425469 49.776424
v -136.088172 83.354211 50.903465
v -135.815275 3.366756 53.172215
v -134.387341 0.263780 52.074273
v -132.744507 4.667592 53.077406
v -137.917625 30.293360 56.354421
v -136.911950 37.716103 56.573050
v -138.243199 44.900060 57.925903
v -135.501939 1.192421 62.218421
v -136.306643 3.615660 62.238415
v -132.742147 4.751938 61.697036
v -132.487700 93.459749 58.678941
v -135.681314 93.643761 61.590865
v -135.163996 90.079319 60.514415
v -143.774295 55.578679 55.689631
v -142.958524 58.792305 52.652658
v -144.952820 46.368784 54.731710
v -135.117881 94.987118 52.648072
v -131.295082 92.865646 54.473248
v -132.638036 91.028392 53.019706
v -129.849702 0.503599 64.376865
v -132.536231 1.494318 64.647385
v -131.119645 0.321281 63.703496
v -136.661624 84.530258 59.895868
v -138.578182 83.040082 58.659307
v -135.418088 85.352945 61.172477
v -138.578182 83.040082 58.659307
v -140.440805 82.398713 58.269957
v -135.418088 85.352945 61.172477
v -129.804593 67.312920 58.212579
v -130.611830 71.230954 58.122898
v -131.949884 66.726464 57.533436
v -130.790996 49.760068 80.610619
v -132.338225 52.660430 79.940917
v -131.394685 54.065836 77.428673
v -134.995740 31.653595 52.654806
v -133.437369 21.152091 52.845202
v -133.669803 21.905490 50.222834
v -135.235941 85.174179 59.865892
v -135.418088 85.352945 61.172477
v -132.874166 85.406566 62.323329
v -138.806428 61.869973 66.629062
v -138.391677 61.191666 66.755411
v -138.972338 62.881547 66.413898
v -142.641981 41.703298 23.419798
v -141.904104 40.118509 22.950385
v -143.469007 36.815088 24.776143
v -135.218921 97.264552 59.609819
v -132.136535 95.821273 57.382537
v -132.143465 96.724510 56.409172
v -143.699658 46.237415 31.352103
v -144.188176 48.245507 33.845884
v -143.047496 46.403005 30.509492
v -135.218921 97.264552 59.609819
v -138.729931 97.080898 61.333054
v -134.711658 95.299292 60.703813
v -138.557676 67.524994 65.316231
v -139.235751 69.012678 65.597588
v -140.127695 69.383967 64.742809
v -130.790996 49.760068 80.610619
v -131.888926 48.632217 81.260079
v -132.338225 52.660430 79.940917
v -142.473510 56.422162 51.348016
v -144.955125 46.369857 53.422389
v -144.952820 46.368784 54.731710
v -135.815275 3.366756 53.172215
v -132.744507 4.667592 53.077406
v -138.036694 5.381668 53.828787
v -129.623177 47.538668 65.083193
v -132.809951 46.753228 68.640866
v -132.924733 44.091046 67.468519
v -134.502388 41.950428 51.387710
v -135.865199 34.889340 50.532091
v -136.335875 43.440598 49.342486
v -135.593837 27.653611 61.471797
v -138.595515 32.362425 62.335012
v -136.835702 35.180366 60.262334
v -142.915587 90.565956 60.632878
v -142.243586 92.682862 59.317334
v -143.284796 90.350819 58.247369
v -132.189959 58.294612 78.019827
v -133.533642 60.691607 74.402667
v -132.338225 52.660430 79.940917
v -141.278551 57.518452 39.867328
v -139.994096 60.236591 41.034984
v -142.702425 52.743315 38.082321
v -132.899025 45.731404 58.572333
v -135.248285 44.243285 59.020656
v -135.071033 45.018256 57.574507
v -144.521450 70.130068 57.651643
v -143.971235 64.849663 56.333736
v -144.278807 66.748482 60.122799
v -142.120198 96.938467 59.430210
v -140.229827 97.917879 55.219337
v -142.536934 95.034391 57.094931
v -134.633711 9.324172 66.170772
v -131.276393 10.287899 67.322697
v -132.629129 22.607574 68.063904
v -130.358582 64.372718 55.775150
v -131.160354 66.068041 56.310583
v -129.862793 69.175875 56.015905
v -123.054956 40.975356 92.432482
v -122.495538 37.783996 91.384964
v -122.980898 41.812739 91.402377
v -144.484768 73.707998 60.169765
v -144.072455 75.913978 59.336653
v -145.469852 73.535145 55.193850
v -133.533642 60.691607 74.402667
v -134.384734 63.317579 69.682296
v -133.018241 59.136075 74.103287
v -130.552468 5.574971 61.361039
v -130.159146 11.387861 63.193410
v -128.631661 4.254430 62.182879
v -132.638036 91.028392 53.019706
v -131.295082 92.865646 54.473248
v -133.304181 87.386262 55.049164
v -129.965152 50.476724 79.679203
v -131.394685 54.065836 77.428673
v -130.371180 54.074264 78.740912
v -126.447248 36.691004 89.858290
v -127.055583 41.637373 88.182666
v -126.014468 37.003351 89.287028
v -129.442546 62.634134 58.039168
v -130.725588 60.140007 57.914654
v -127.834219 54.953062 57.097189
v -129.862793 69.175875 56.015905
v -131.160354 66.068041 56.310583
v -131.097749 68.955820 55.709601
v -130.567911 75.882435 63.558151
v -132.448786 71.679795 63.771950
v -133.224545 65.807027 61.781263
v -131.067002 59.389794 54.329345
v -130.358582 64.372718 55.775150
v -129.192976 58.239686 55.700358
v -138.937304 62.389171 66.809693
v -138.972338 62.881547 66.413898
v -139.114873 65.495271 65.565833
v -126.186993 46.958756 64.389871
v -127.310432 47.159630 60.461542
v -125.562884 49.016747 64.943137
v -142.494834 58.263898 43.284186
v -141.783269 63.340503 45.657237
v -142.417083 57.840866 41.086925
v -133.952522 70.296699 65.356118
v -134.445596 70.344722 64.590259
v -132.448786 71.679795 63.771950
v -142.735926 51.540136 39.259762
v -143.402477 49.886513 40.351311
v -142.827443 50.248998 39.580359
v -144.290521 58.411592 58.451351
v -144.278807 66.748482 60.122799
v -144.521158 64.063567 58.145004
v -134.021342 66.435766 70.893990
v -134.369356 66.179323 70.803262
v -134.094607 66.489589 70.797729
v -130.048284 6.507838 65.242065
v -129.849702 0.503599 64.376865
v -128.285847 1.845550 63.755060
v -143.188595 70.489067 49.464973
v -142.570784 78.662866 49.924137
v -142.009756 77.568656 49.133577
v -139.185651 96.281892 53.043826
v -136.228889 93.790149 51.974406
v -140.734489 92.307574 53.454787
v -144.170661 52.481496 40.268865
v -143.765778 55.277788 40.035761
v -144.593609 55.001557 38.440916
v -136.052972 96.777153 52.741043
v -135.117881 94.987118 52.648072
v -136.228889 93.790149 51.974406
v -138.937304 62.389171 66.809693
v -139.838299 61.062587 67.639259
v -139.347320 64.000398 65.972795
v -128.921090 45.502103 83.416757
v -129.110458 48.082090 83.243390
v -126.879721 45.994348 85.527400
v -129.110458 48.082090 83.243390
v -125.606318 47.853479 86.089908
v -126.879721 45.994348 85.527400
v -142.881130 45.492368 30.792239
v -142.500333 42.714321 28.022818
v -141.240788 41.211414 23.648732
v -134.639706 96.853351 52.533209
v -136.186830 97.993046 53.280193
v -134.718039 98.819697 55.375112
v -132.448786 71.679795 63.771950
v -131.437130 73.423254 64.633687
v -133.952522 70.296699 65.356118
v -136.126687 74.988949 65.775653
v -134.439044 66.943193 70.692115
v -133.478193 68.219346 71.467642
v -133.701614 66.519547 71.275363
v -133.687330 66.023052 71.566226
v -133.959645 66.277814 71.074928
v -141.336187 66.975582 51.877343
v -142.366212 69.917876 51.419816
v -143.291246 66.632271 50.877639
v -131.615307 35.119262 65.127430
v -131.168272 29.233080 64.644315
v -131.722868 32.814729 62.978826
v -138.876684 32.086802 64.097938
v -140.000786 45.601320 63.726775
v -139.513423 43.552959 62.843023
v -142.509356 63.037086 53.815191
v -143.727067 60.182238 55.338141
v -143.971235 64.849663 56.333736
v -137.193522 66.216117 46.041788
v -138.524799 67.501294 44.419475
v -136.248910 72.942650 45.926976
v -143.886205 69.191390 54.768301
v -144.521450 70.130068 57.651643
v -145.469852 73.535145 55.193850
v -136.844349 90.828985 52.735933
v -136.228889 93.790149 51.974406
v -132.638036 91.028392 53.019706
v -124.088812 46.359143 88.053052
v -124.916611 36.864728 89.368927
v -125.606318 47.853479 86.089908
v -136.052972 96.777153 52.741043
v -136.228889 93.790149 51.974406
v -139.185651 96.281892 53.043826
v -138.937304 62.389171 66.809693
v -139.235751 69.012678 65.597588
v -138.673347 67.944551 67.239278
v -129.338464 56.949836 61.619136
v -126.999558 51.068961 62.972335
v -128.428256 53.345114 57.189128
v -126.202600 38.575614 96.304631
v -122.076180 37.817806 92.591794
v -125.283931 38.714022 95.167737
v -133.366293 66.247410 71.559276
v -133.457926 65.815175 71.897868
v -133.201597 66.058380 71.848754
v -134.525000 85.524130 55.030573
v -132.454079 84.042269 55.479749
v -133.490231 82.993221 51.995919
v -131.900151 62.750363 69.641492
v -133.919223 64.914095 67.821099
v -131.437130 73.423254 64.633687
v -133.919223 64.914095 67.821099
v -133.952522 70.296699 65.356118
v -131.437130 73.423254 64.633687
v -142.570784 78.662866 49.924137
v -143.188595 70.489067 49.464973
v -143.291246 66.632271 50.877639
v -134.905534 22.406167 67.815007
v -137.835271 31.067676 65.909755
v -136.819315 24.502194 65.992819
v -143.516335 46.600455 55.853096
v -141.105026 46.498665 58.138805
v -142.822949 46.258581 57.898298
v -132.021648 81.056303 66.354175
v -133.497795 81.917447 66.654396
v -131.693935 70.202690 69.731004
v -133.497795 81.917447 66.654396
v -133.678405 73.395485 69.104068
v -131.693935 70.202690 69.731004
v -140.127695 69.383967 64.742809
v -141.479808 72.444082 65.044421
v -141.806289 69.420183 63.607676
v -142.034604 -0.000000 51.012924
v -138.106231 0.151563 52.663549
v -141.016715 0.150943 54.521946
v -137.313103 47.477150 71.068084
v -139.244961 53.222323 70.209895
v -137.821522 41.445700 71.709930
v -142.936274 49.429860 40.022381
v -144.410949 47.599551 36.430144
v -143.000686 49.758309 39.866471
v -138.606754 22.142303 48.931290
v -135.840541 10.884478 49.024754
v -137.957479 11.912060 49.419217
v -136.911950 37.716103 56.573050
v -135.269815 35.821131 54.964124
v -136.008007 42.999786 57.265350
v -127.508991 45.321285 57.685071
v -127.861971 44.059240 56.457404
v -128.742031 45.933073 56.349943
v -130.434615 48.686359 81.693881
v -131.888926 48.632217 81.260079
v -130.790996 49.760068 80.610619
v -138.849620 83.677399 56.285053
v -140.118100 86.817116 56.249123
v -137.833612 84.317624 54.460657
v -126.447248 36.691004 89.858290
v -126.116051 35.663551 90.449722
v -125.175576 36.888880 92.269220
v -136.798028 2.830076 66.176625
v -134.681748 4.426897 66.457332
v -137.119977 4.113656 64.670217
v -137.764209 75.359535 65.434138
v -139.045666 76.414538 66.236387
v -138.102994 71.521545 65.730361
v -131.167528 71.160245 52.371810
v -130.039502 72.446215 54.862288
v -131.492438 69.547522 55.154202
v -134.369356 66.179323 70.803262
v -133.959645 66.277814 71.074928
v -134.047699 66.420472 70.822122
v -130.371180 54.074264 78.740912
v -130.230900 62.024379 73.621402
v -130.657127 57.448781 78.255224
v -138.998770 58.085829 66.974923
v -141.421575 62.037778 64.466111
v -141.281545 56.693054 66.157284
v -142.846169 55.796104 42.998271
v -143.197096 51.181817 39.959528
v -142.611274 52.743524 40.385959
v -141.698646 80.037045 51.603440
v -142.570784 78.662866 49.924137
v -142.451442 76.790273 51.500884
v -142.570784 78.662866 49.924137
v -143.291246 66.632271 50.877639
v -142.879244 72.460771 51.401102
v -139.838299 61.062587 67.639259
v -139.305262 53.813368 68.033011
v -139.336873 47.756151 69.992245
v -136.527066 73.707062 65.110582
v -136.517008 76.166630 66.018617
v -137.764209 75.359535 65.434138
v -135.993658 37.311843 70.861281
v -136.450353 38.227779 71.463043
v -136.497695 34.254205 70.543041
v -137.971374 66.472590 51.977042
v -140.516876 66.297054 51.814908
v -139.908008 67.064953 49.813599
v -127.638352 53.620654 65.032489
v -127.925566 52.433276 65.944592
v -125.562884 49.016747 64.943137
v -135.850959 84.937930 62.667212
v -138.080999 83.161849 61.679131
v -137.596976 81.862652 63.019941
v -141.520426 46.168381 64.562500
v -140.541707 46.249077 62.198121
v -140.966342 46.537936 64.693338
v -139.414108 1.382256 54.719557
v -138.106231 0.151563 52.663549
v -136.770632 1.127326 52.011454
v -123.671869 45.224488 90.761155
v -124.872468 48.438114 89.489518
v -123.581832 43.910176 91.413725
v -124.872468 48.438114 89.489518
v -127.804804 51.195592 87.252281
v -123.581832 43.910176 91.413725
v -127.804804 51.195592 87.252281
v -123.631863 39.293790 92.917682
v -123.581832 43.910176 91.413725
v -140.774486 64.164692 51.851773
v -137.731387 54.563486 48.770637
v -140.155127 58.090728 49.932277
v -137.731387 54.563486 48.770637
v -140.038857 47.473460 46.947725
v -140.155127 58.090728 49.932277
v -142.791955 46.552959 59.403144
v -144.290521 58.411592 58.451351
v -143.676948 47.371412 58.397706
v -139.235751 69.012678 65.597588
v -138.102994 71.521545 65.730361
v -138.673347 67.944551 67.239278
v -138.827485 61.405993 66.841809
v -138.848826 61.069459 67.029758
v -138.943067 60.966337 66.987411
v -137.824122 87.522626 54.371040
v -139.750953 89.278495 54.593610
v -136.844349 90.828985 52.735933
v -142.451442 76.790273 51.500884
v -142.207206 78.235132 52.007674
v -142.196996 77.605832 51.639060
v -145.025672 52.577471 36.478111
v -142.910639 56.184184 38.675543
v -143.518846 53.114950 37.053602
v -142.641981 41.703298 23.419798
v -143.469007 36.815088 24.776143
v -143.173501 42.748743 26.272574
v -131.418596 92.418325 56.124964
v -132.136535 95.821273 57.382537
v -132.487700 93.459749 58.678941
v -136.001763 63.094824 52.311620
v -130.401107 53.261649 52.242030
v -134.260080 54.677361 49.412073
v -139.917478 90.728808 62.310446
v -141.753284 86.659885 60.665010
v -138.684837 88.487637 61.724544
v -133.166728 90.275115 58.313065
v -131.418596 92.418325 56.124964
v -132.487700 93.459749 58.678941
v -131.274441 40.879917 62.630285
v -131.332521 40.847802 64.829378
v -131.615307 35.119262 65.127430
v -134.151986 32.013822 67.230503
v -137.835271 31.067676 65.909755
v -134.905534 22.406167 67.815007
v -132.884254 6.946587 51.072442
v -133.500945 11.922896 51.393447
v -131.928934 3.898608 50.890702
v -143.402477 49.886513 40.351311
v -144.880706 49.660471 38.467116
v -142.936274 49.429860 40.022381
v -137.824122 87.522626 54.371040
v -137.833612 84.317624 54.460657
v -140.118100 86.817116 56.249123
v -139.838299 61.062587 67.639259
v -138.943067 60.966337 66.987411
v -138.924498 59.344173 67.106575
v -125.562884 49.016747 64.943137
v -126.671433 47.193542 66.105441
v -126.186993 46.958756 64.389871
v -132.812632 62.380123 57.887009
v -133.069356 64.296853 60.673524
v -130.620341 58.499682 58.677408
v -137.258352 79.539931 65.226118
v -134.260433 83.331060 63.411038
v -137.596976 81.862652 63.019941
v -140.517994 90.523279 53.796462
v -141.937911 87.507570 57.068712
v -143.284796 90.350819 58.247369
v -144.410949 47.599551 36.430144
v -143.699658 46.237415 31.352103
v -143.114458 46.891313 34.656413
v -129.584111 8.006421 64.054504
v -128.285847 1.845550 63.755060
v -128.631661 4.254430 62.182879
v -142.473510 56.422162 51.348016
v -144.952820 46.368784 54.731710
v -142.958524 58.792305 52.652658
v -138.606836 5.584007 50.103974
v -138.600612 7.527631 49.438735
v -135.849590 7.399636 48.493765
v -144.521450 70.130068 57.651643
v -144.278807 66.748482 60.122799
v -144.484768 73.707998 60.169765
v -137.946381 45.550654 67.887144
v -137.835271 31.067676 65.909755
v -134.151986 32.013822 67.230503
v -133.678405 73.395485 69.104068
v -135.063623 81.421465 66.390986
v -136.517008 76.166630 66.018617
v -135.063623 81.421465 66.390986
v -137.258352 79.539931 65.226118
v -136.517008 76.166630 66.018617
v -138.524611 58.366698 68.891037
v -137.564285 55.273015 68.315596
v -138.444530 58.730221 67.267906
v -137.151638 84.178537 52.179192
v -141.772140 80.698264 53.733225
v -138.242570 82.890832 53.823475
v -130.813057 46.095413 58.795601
v -128.741889 45.198220 58.005608
v -127.851452 46.008676 61.241869
v -142.902870 38.378942 53.136967
v -142.136653 44.036794 50.287946
v -141.618453 30.985159 52.485059
v -138.194473 2.845621 64.200103
v -136.306643 3.615660 62.238415
v -139.241094 1.425624 62.646353
v -131.900151 62.750363 69.641492
v -131.394685 54.065836 77.428673
v -133.011989 62.220705 69.812271
v -127.861971 44.059240 56.457404
v -128.570009 43.667811 56.438359
v -128.742031 45.933073 56.349943
v -130.401107 53.261649 52.242030
v -129.608714 46.414899 50.448195
v -130.683073 46.301442 49.207183
v -127.565052 54.296524 84.215204
v -128.776561 53.383094 83.692005
v -129.459981 53.643263 84.199509
v -137.106228 67.020964 49.700918
v -136.621459 65.804940 48.001513
v -134.126648 62.270051 52.623410
v -140.229827 97.917879 55.219337
v -138.422369 99.763012 56.851011
v -136.186830 97.993046 53.280193
v -123.671869 45.224488 90.761155
v -122.980898 41.812739 91.402377
v -124.088812 46.359143 88.053052
v -122.980898 41.812739 91.402377
v -122.495538 37.783996 91.384964
v -124.088812 46.359143 88.053052
v -139.305262 53.813368 68.033011
v -139.838299 61.062587 67.639259
v -138.998770 58.085829 66.974923
v -137.731387 54.563486 48.770637
v -140.774486 64.164692 51.851773
v -136.001763 63.094824 52.311620
v -133.669803 21.905490 50.222834
v -134.462239 13.308155 49.628321
v -134.845672 22.600123 49.219491
v -130.611830 71.230954 58.122898
v -132.740351 68.249374 56.798774
v -131.949884 66.726464 57.533436
v -134.892073 21.869823 54.648990
v -134.904740 27.489626 54.275961
v -135.269815 35.821131 54.964124
v -141.680640 45.659223 59.658058
v -140.541707 46.249077 62.198121
v -141.714066 45.865914 62.218229
v -129.882920 74.001360 58.141155
v -129.804593 67.312920 58.212579
v -129.381683 70.249688 56.412702
v -128.209792 44.763854 85.862568
v -126.879721 45.994348 85.527400
v -126.144450 43.042970 87.077480
v -126.879721 45.994348 85.527400
v -125.606318 47.853479 86.089908
v -126.144450 43.042970 87.077480
v -136.835702 35.180366 60.262334
v -136.275381 42.519236 59.608264
v -133.879429 40.217769 60.105119
v -142.492859 77.777863 52.070966
v -142.602786 78.558290 54.030923
v -142.207206 78.235132 52.007674
v -129.193608 56.516146 57.563798
v -128.428256 53.345114 57.189128
v -127.834219 54.953062 57.097189
v -135.681314 93.643761 61.590865
v -138.684837 88.487637 61.724544
v -135.163996 90.079319 60.514415
v -138.684837 88.487637 61.724544
v -136.320467 87.923169 60.053816
v -135.163996 90.079319 60.514415
v -137.824122 87.522626 54.371040
v -136.844349 90.828985 52.735933
v -134.888545 86.861026 54.923393
v -141.091329 33.974600 56.056979
v -140.293329 24.670920 53.731414
v -137.917625 30.293360 56.354421
v -134.573813 0.350207 65.909462
v -135.501939 1.192421 62.218421
v -133.535727 1.770192 63.019732
v -140.940833 74.143481 47.274511
v -140.578605 67.950368 48.734153
v -140.942666 74.741739 48.912926
v -132.313241 40.509271 61.169239
v -133.879429 40.217769 60.105119
v -132.899025 45.731404 58.572333
v -142.090674 77.119994 58.844712
v -142.395252 77.084047 60.567823
v -140.366052 80.310327 58.289573
v -134.905534 22.406167 67.815007
v -136.819315 24.502194 65.992819
v -135.362597 13.178477 65.116240
v -133.151472 61.232298 52.722965
v -133.852156 63.244766 50.755285
v -135.001408 66.074782 48.388755
v -129.661010 21.323615 64.455588
v -130.592544 22.410032 66.685090
v -130.048284 6.507838 65.242065
v -140.324298 69.724953 65.775440
v -139.838299 61.062587 67.639259
v -140.364288 71.246988 66.886432
v -139.371524 1.386947 66.324531
v -136.798028 2.830076 66.176625
v -138.194473 2.845621 64.200103
v -128.608817 52.218884 80.610570
v -130.564628 55.502147 80.796977
v -128.776561 53.383094 83.692005
v -135.248285 44.243285 59.020656
v -132.899025 45.731404 58.572333
v -133.879429 40.217769 60.105119
v -133.304181 87.386262 55.049164
v -131.295082 92.865646 54.473248
v -131.418596 92.418325 56.124964
v -135.362597 13.178477 65.116240
v -136.819315 24.502194 65.992819
v -136.770155 26.110628 63.055422
v -138.512562 0.225866 63.539261
v -134.573813 0.350207 65.909462
v -138.090017 0.185752 65.810871
v -139.235751 69.012678 65.597588
v -140.324298 69.724953 65.775440
v -140.127695 69.383967 64.742809
v -141.297608 57.938409 40.086464
v -139.994096 60.236591 41.034984
v -141.386773 57.831287 40.054406
v -142.238312 77.735847 51.487081
v -141.698646 80.037045 51.603440
v -142.451442 76.790273 51.500884
v -144.290521 58.411592 58.451351
v -142.791955 46.552959 59.403144
v -144.546599 58.772672 61.223575
v -129.707063 46.292355 63.273941
v -132.205439 41.432035 66.377098
v -131.332521 40.847802 64.829378
v -142.682146 0.884640 50.326310
v -143.716337 1.631826 52.403414
v -141.676214 2.684730 51.581741
v -130.452098 79.842073 63.119103
v -130.567911 75.882435 63.558151
v -129.344497 79.937488 60.842367
v -129.577618 45.321905 50.992425
v -130.683073 46.301442 49.207183
v -129.608714 46.414899 50.448195
v -133.120564 64.466476 56.550654
v -133.674066 65.089619 57.162412
v -132.812632 62.380123 57.887009
v -143.536331 50.892418 34.912318
v -143.331617 47.954627 33.773639
v -144.188176 48.245507 33.845884
v -142.509356 63.037086 53.815191
v -142.958524 58.792305 52.652658
v -143.727067 60.182238 55.338141
v -126.447248 36.691004 89.858290
v -125.976984 36.417869 89.533549
v -126.116051 35.663551 90.449722
v -134.995740 31.653595 52.654806
v -135.865199 34.889340 50.532091
v -134.502388 41.950428 51.387710
v -144.698929 46.168322 62.110252
v -145.016874 48.436961 63.355669
v -144.109796 50.850249 62.114538
v -142.791955 46.552959 59.403144
v -144.698929 46.168322 62.110252
v -144.109796 50.850249 62.114538
v -136.746775 45.566178 69.753967
v -136.047392 46.516305 69.788199
v -135.993658 37.311843 70.861281
v -142.162435 39.441382 28.114949
v -142.247733 36.195725 24.550864
v -141.287273 38.005390 24.439955
v -145.478559 58.852154 57.758320
v -144.521158 64.063567 58.145004
v -145.526884 60.551846 56.441561
v -130.966664 65.841341 57.020267
v -131.272307 64.368093 56.524053
v -130.464921 66.206926 57.727641
v -138.937304 62.389171 66.809693
v -138.673347 67.944551 67.239278
v -138.524611 58.366698 68.891037
v -142.966695 62.520754 50.135262
v -143.061689 47.637236 49.650531
v -142.473510 56.422162 51.348016
v -130.586034 46.206560 53.995621
v -129.577618 45.321905 50.992425
v -129.608714 46.414899 50.448195
v -134.663857 65.295398 64.168662
v -138.557676 67.524994 65.316231
v -135.057441 63.290310 65.267136
v -138.422369 99.763012 56.851011
v -140.229827 97.917879 55.219337
v -142.120198 96.938467 59.430210
v -127.638352 53.620654 65.032489
v -125.562884 49.016747 64.943137
v -126.999558 51.068961 62.972335
v -129.882920 74.001360 58.141155
v -129.747784 74.934017 56.886130
v -129.344497 79.937488 60.842367
v -132.143465 96.724510 56.409172
v -135.117881 94.987118 52.648072
v -134.639706 96.853351 52.533209
v -140.364288 71.246988 66.886432
v -141.412909 75.713277 65.031564
v -141.479808 72.444082 65.044421
v -141.412909 75.713277 65.031564
v -143.366427 74.214447 63.033098
v -141.479808 72.444082 65.044421
v -128.356358 55.410891 55.461997
v -129.192976 58.239686 55.700358
v -129.862793 69.175875 56.015905
v -129.192976 58.239686 55.700358
v -130.358582 64.372718 55.775150
v -129.862793 69.175875 56.015905
v -140.324298 69.724953 65.775440
v -139.114873 65.495271 65.565833
v -139.347320 64.000398 65.972795
v -132.598546 84.743047 58.774437
v -132.454079 84.042269 55.479749
v -133.661394 85.519111 56.986421
v -140.966342 46.537936 64.693338
v -140.000786 45.601320 63.726775
v -139.797767 45.153439 65.745294
v -133.151472 61.232298 52.722965
v -133.448464 68.280255 49.747878
v -131.882633 68.896705 53.316565
v -131.272307 64.368093 56.524053
v -131.067002 59.389794 54.329345
v -131.754154 64.767849 56.429911
v -138.036694 5.381668 53.828787
v -138.544743 16.173315 53.857072
v -139.008815 10.950258 52.951231
v -137.633939 99.473369 58.298855
v -138.729931 97.080898 61.333054
v -135.218921 97.264552 59.609819
v -134.090717 12.758445 53.402716
v -133.437369 21.152091 52.845202
v -134.892073 21.869823 54.648990
v -138.224850 86.627281 60.034539
v -136.661624 84.530258 59.895868
v -135.235941 85.174179 59.865892
v -140.178898 86.213678 58.836945
v -141.753284 86.659885 60.665010
v -141.937911 87.507570 57.068712
v -139.797767 45.153439 65.745294
v -137.835271 31.067676 65.909755
v -137.946381 45.550654 67.887144
v -131.949884 66.726464 57.533436
v -132.740351 68.249374 56.798774
v -133.120564 64.466476 56.550654
v -126.807506 42.061636 89.802016
v -125.175576 36.888880 92.269220
v -123.631863 39.293790 92.917682
v -138.391677 61.191666 66.755411
v -138.691237 60.682136 66.921578
v -138.448589 59.704447 67.054324
v -131.722868 32.814729 62.978826
v -133.043271 26.251581 61.235467
v -132.313241 40.509271 61.169239
v -134.995740 31.653595 52.654806
v -134.502388 41.950428 51.387710
v -133.795999 44.601851 55.463299
v -140.155127 58.090728 49.932277
v -141.142433 50.384873 48.973338
v -142.765561 64.345926 49.490025
v -129.707063 46.292355 63.273941
v -131.332521 40.847802 64.829378
v -131.274441 40.879917 62.630285
v -141.281545 56.693054 66.157284
v -141.421575 62.037778 64.466111
v -141.987881 57.152188 63.895042
v -135.057441 63.290310 65.267136
v -139.114873 65.495271 65.565833
v -138.972338 62.881547 66.413898
v -130.629928 56.610972 65.918046
v -127.638352 53.620654 65.032489
v -135.057441 63.290310 65.267136
v -133.407678 0.871050 52.627927
v -132.744507 4.667592 53.077406
v -134.387341 0.263780 52.074273
v -131.236092 80.840683 51.182082
v -132.885139 82.425469 49.776424
v -130.434860 81.941819 54.655126
v -142.034604 -0.000000 51.012924
v -144.062346 0.532764 52.778662
v -142.682146 0.884640 50.326310
v -142.611274 52.743524 40.385959
v -142.702425 52.743315 38.082321
v -139.010843 59.533256 42.582108
v -117.116924 39.335811 84.843685
v -118.463632 39.174995 85.327777
v -118.314737 37.549964 88.121002
v -118.463632 39.174995 85.327777
v -118.965943 38.880023 85.323131
v -118.314737 37.549964 88.121002
v -141.698646 80.037045 51.603440
v -142.934344 79.728294 54.360855
v -141.772140 80.698264 53.733225
v -140.087896 5.506575 52.000569
v -139.676344 4.917389 53.212916
v -139.008815 10.950258 52.951231
v -145.526884 60.551846 56.441561
v -143.971235 64.849663 56.333736
v -143.727067 60.182238 55.338141
v -143.602253 36.575919 26.277013
v -143.666623 40.122932 27.906728
v -143.173501 42.748743 26.272574
v -131.928934 3.898608 50.890702
v -132.738842 2.672922 49.796667
v -134.234689 6.257188 50.134648
v -136.746775 45.566178 69.753967
v -136.145071 35.573280 70.113260
v -138.503339 45.521632 69.855833
v -142.500333 42.714321 28.022818
v -142.902864 43.869113 28.247610
v -142.772979 42.136427 27.825872
v -138.937943 59.601993 66.797260
v -139.014584 61.450702 66.412877
v -141.421575 62.037778 64.466111
v -139.014584 61.450702 66.412877
v -139.347320 64.000398 65.972795
v -141.421575 62.037778 64.466111
v -139.347320 64.000398 65.972795
v -139.114873 65.495271 65.565833
v -141.421575 62.037778 64.466111
v -141.421575 62.037778 64.466111
v -138.998770 58.085829 66.974923
v -138.937943 59.601993 66.797260
v -141.714066 45.865914 62.218229
v -141.520426 46.168381 64.562500
v -142.459450 47.105208 63.026681
v -143.774295 55.578679 55.689631
v -143.727067 60.182238 55.338141
v -142.958524 58.792305 52.652658
v -127.310432 47.159630 60.461542
v -128.428256 53.345114 57.189128
v -126.999558 51.068961 62.972335
v -133.043271 26.251581 61.235467
v -131.722868 32.814729 62.978826
v -131.126216 22.578442 61.852771
v -133.497795 81.917447 66.654396
v -135.063623 81.421465 66.390986
v -133.678405 73.395485 69.104068
v -139.045666 76.414538 66.236387
v -138.673347 67.944551 67.239278
v -138.102994 71.521545 65.730361
v -145.043567 48.861602 57.831260
v -144.952820 46.368784 54.731710
v -144.860976 47.105086 55.959024
v -141.698646 80.037045 51.603440
v -137.820977 83.414721 50.083955
v -140.811661 81.463772 49.466528
v -134.126648 62.270051 52.623410
v -132.226954 59.492850 54.497279
v -136.001763 63.094824 52.311620
v -139.185651 96.281892 53.043826
v -140.229827 97.917879 55.219337
v -136.186830 97.993046 53.280193
v -132.226954 59.492850 54.497279
v -130.401107 53.261649 52.242030
v -136.001763 63.094824 52.311620
v -128.631661 4.254430 62.182879
v -130.936210 0.987643 62.163791
v -130.552468 5.574971 61.361039
v -129.192976 58.239686 55.700358
v -128.356358 55.410891 55.461997
v -128.842081 55.628359 56.301222
v -132.899025 45.731404 58.572333
v -135.071033 45.018256 57.574507
v -132.228631 45.912891 55.606391
v -140.152532 81.996656 59.450405
v -142.934344 79.728294 54.360855
v -140.366052 80.310327 58.289573
v -130.048284 6.507838 65.242065
v -130.592544 22.410032 66.685090
v -132.629129 22.607574 68.063904
v -130.783522 76.818621 53.696027
v -130.039502 72.446215 54.862288
v -131.167528 71.160245 52.371810
v -142.536934 95.034391 57.094931
v -140.229827 97.917879 55.219337
v -139.185651 96.281892 53.043826
v -142.500333 42.714321 28.022818
v -142.162435 39.441382 28.114949
v -141.240788 41.211414 23.648732
v -142.162435 39.441382 28.114949
v -141.287273 38.005390 24.439955
v -141.240788 41.211414 23.648732
v -135.117881 94.987118 52.648072
v -132.143465 96.724510 56.409172
v -131.295082 92.865646 54.473248
v -137.030535 47.322181 47.972658
v -138.033040 45.945710 46.707701
v -138.821583 47.156289 46.565542
v -138.606754 22.142303 48.931290
v -139.143598 13.040212 50.798866
v -140.188221 23.824075 50.027446
v -142.238156 77.910364 51.679712
v -141.698646 80.037045 51.603440
v -142.238312 77.735847 51.487081
v -142.958524 58.792305 52.652658
v -141.578170 64.843518 53.069333
v -141.336187 66.975582 51.877343
v -133.656571 66.128528 71.304768
v -133.701614 66.519547 71.275363
v -134.021342 66.435766 70.893990
v -142.136653 44.036794 50.287946
v -139.255449 43.538317 48.887872
v -139.546760 33.274591 50.248265
v -133.661394 85.519111 56.986421
v -132.454079 84.042269 55.479749
v -134.525000 85.524130 55.030573
v -130.434860 81.941819 54.655126
v -132.885139 82.425469 49.776424
v -132.043899 82.071733 54.736418
v -134.090717 12.758445 53.402716
v -132.744507 4.667592 53.077406
v -133.500945 11.922896 51.393447
v -132.744507 4.667592 53.077406
v -131.928934 3.898608 50.890702
v -133.500945 11.922896 51.393447
v -129.514051 50.242246 84.567538
v -130.598470 49.411434 83.696071
v -129.978552 46.338252 84.725389
v -128.540529 45.000118 86.666836
v -126.807506 42.061636 89.802016
v -127.804804 51.195592 87.252281
v -129.514051 50.242246 84.567538
v -129.978552 46.338252 84.725389
v -128.540529 45.000118 86.666836
v -131.418596 92.418325 56.124964
v -130.626226 93.233382 56.107271
v -132.136535 95.821273 57.382537
v -136.128301 39.638049 71.946692
v -136.450353 38.227779 71.463043
v -135.993658 37.311843 70.861281
v -135.993658 37.311843 70.861281
v -136.047392 46.516305 69.788199
v -136.128301 39.638049 71.946692
v -143.516335 46.600455 55.853096
v -142.822949 46.258581 57.898298
v -144.123581 46.142590 56.305502
v -130.485266 45.295355 61.093555
v -131.274441 40.879917 62.630285
v -132.313241 40.509271 61.169239
v -129.577618 45.321905 50.992425
v -133.327020 45.407036 50.443581
v -133.098651 45.785725 48.498878
v -139.737000 79.431516 47.456673
v -137.221349 82.690227 48.577739
v -138.267379 77.292227 46.153408
v -139.114873 65.495271 65.565833
v -135.057441 63.290310 65.267136
v -138.557676 67.524994 65.316231
v -131.418596 92.418325 56.124964
v -133.166728 90.275115 58.313065
v -133.304181 87.386262 55.049164
v -131.778997 2.241456 65.258907
v -132.573340 4.289836 66.281203
v -136.353656 1.288521 67.364419
v -135.623353 64.546489 49.057997
v -134.126648 62.270051 52.623410
v -136.621459 65.804940 48.001513
v -133.952522 70.296699 65.356118
v -133.919223 64.914095 67.821099
v -135.343108 71.423334 66.244726
v -142.501930 1.734102 54.352929
v -144.062346 0.532764 52.778662
v -142.824771 0.031418 53.190001
v -136.435623 10.636851 54.284083
v -138.544743 16.173315 53.857072
v -138.036694 5.381668 53.828787
v -130.548630 83.397126 62.229625
v -129.344497 79.937488 60.842367
v -129.945447 83.156907 59.302945
v -138.102994 71.521545 65.730361
v -138.557676 67.524994 65.316231
v -134.445596 70.344722 64.590259
v -138.557676 67.524994 65.316231
v -134.663857 65.295398 64.168662
v -134.445596 70.344722 64.590259
v -141.773157 46.961433 68.961492
v -143.347362 48.199192 65.704489
v -143.111761 46.085179 66.316883
v -133.151472 61.232298 52.722965
v -132.226954 59.492850 54.497279
v -134.126648 62.270051 52.623410
v -136.844349 90.828985 52.735933
v -140.517994 90.523279 53.796462
v -140.734489 92.307574 53.454787
v -133.687330 66.023052 71.566226
v -133.656571 66.128528 71.304768
v -133.457926 65.815175 71.897868
v -144.913148 72.594935 53.325274
v -142.879244 72.460771 51.401102
v -141.875774 69.354451 52.454527
v -130.452098 79.842073 63.119103
v -130.775495 77.551818 66.158780
v -130.567911 75.882435 63.558151
v -137.703169 31.668573 49.889183
v -140.188221 23.824075 50.027446
v -139.546760 33.274591 50.248265
v -139.336873 47.756151 69.992245
v -140.434934 47.101635 69.544381
v -139.561502 46.576766 69.266054
v -129.849702 0.503599 64.376865
v -130.048284 6.507838 65.242065
v -131.778997 2.241456 65.258907
v -132.364783 26.984477 67.324670
v -134.151986 32.013822 67.230503
v -132.629129 22.607574 68.063904
v -130.434615 48.686359 81.693881
v -129.110458 48.082090 83.243390
v -129.887171 47.780589 83.311603
v -134.995740 31.653595 52.654806
v -135.269815 35.821131 54.964124
v -134.904740 27.489626 54.275961
v -125.212226 49.449122 87.380160
v -126.272195 53.914184 84.982116
v -126.712695 54.304642 86.581354
v -137.824122 87.522626 54.371040
v -140.118100 86.817116 56.249123
v -139.750953 89.278495 54.593610
v -140.118100 86.817116 56.249123
v -141.937911 87.507570 57.068712
v -139.750953 89.278495 54.593610
v -136.497695 34.254205 70.543041
v -138.503339 45.521632 69.855833
v -136.145071 35.573280 70.113260
v -133.771910 65.459955 71.912130
v -134.505192 66.081816 70.552522
v -133.687330 66.023052 71.566226
v -135.501939 1.192421 62.218421
v -139.241094 1.425624 62.646353
v -136.306643 3.615660 62.238415
v -132.487700 93.459749 58.678941
v -134.711658 95.299292 60.703813
v -135.681314 93.643761 61.590865
v -132.638036 91.028392 53.019706
v -136.228889 93.790149 51.974406
v -135.117881 94.987118 52.648072
v -134.905534 22.406167 67.815007
v -134.633711 9.324172 66.170772
v -132.629129 22.607574 68.063904
v -132.744507 4.667592 53.077406
v -136.435623 10.636851 54.284083
v -138.036694 5.381668 53.828787
v -135.593837 27.653611 61.471797
v -136.770155 26.110628 63.055422
v -138.595515 32.362425 62.335012
v -144.521450 70.130068 57.651643
v -143.886205 69.191390 54.768301
v -143.971235 64.849663 56.333736
v -130.358582 64.372718 55.775150
v -131.272307 64.368093 56.524053
v -131.160354 66.068041 56.310583
v -125.606318 47.853479 86.089908
v -125.212226 49.449122 87.380160
v -124.088812 46.359143 88.053052
v -143.188595 70.489067 49.464973
v -142.009756 77.568656 49.133577
v -141.252305 71.277267 49.601917
v -133.166728 90.275115 58.313065
v -135.163996 90.079319 60.514415
v -134.213444 86.812794 57.641881
v -134.021342 66.435766 70.893990
v -133.959645 66.277814 71.074928
v -134.369356 66.179323 70.803262
v -132.448786 71.679795 63.771950
v -130.567911 75.882435 63.558151
v -131.437130 73.423254 64.633687
vn 28.276423 -90.613830 31.457569
vn 28.276423 -90.613830 31.457569
vn 28.276423 -90.613830 31.457569
vn -46.588295 13.216547 -87.492026
vn -46.588295 13.216547 -87.492026
vn -46.588295 13.216547 -87.492026
vn -50.578252 -45.377159 -73.367267
vn -50.578252 -45.377159 -73.367267
vn -50.578252 -45.377159 -73.367267
vn 80.184910 59.649214 -3.514544
vn 80.184910 59.649214 -3.514544
vn 80.184910 59.649214 -3.514544
vn -66.465011 74.250146 -8.325739
vn -66.465011 74.250146 -8.325739
vn -66.465011 74.250146 -8.325739
vn 49.982479 9.421291 -86.098738
vn 49.982479 9.421291 -86.098738
vn 49.982479 9.421291 -86.098738
vn -51.033235 -69.094741 -51.200837
vn -51.033235 -69.094741 -51.200837
vn -51.033235 -69.094741 -51.200837
vn -92.667403 5.329649 -37.206812
vn -92.667403 5.329649 -37.206812
vn -92.667403 5.329649 -37.206812
vn -17.603479 67.837974 71.331121
vn -17.603479 67.837974 71.331121
vn -17.603479 67.837974 71.331121
vn 50.578391 45.376971 73.367283
vn 50.578391 45.376971 73.367283
vn 50.578391 45.376971 73.367283
vn -78.483575 40.672104 46.755836
vn -78.483575 40.672104 46.755836
vn -78.483575 40.672104 46.755836
vn -53.211594 84.321197 -7.646049
vn -53.211594 84.321197 -7.646049
vn -53.211594 84.321197 -7.646049
vn -94.446560 -32.415357 5.393796
vn -94.446560 -32.415357 5.393796
vn -94.446560 -32.415357 5.393796
vn -47.109122 -86.363928 -17.944417
vn -47.109122 -86.363928 -17.944417
vn -47.109122 -86.363928 -17.944417
vn 99.514074 -9.840031 0.353554
vn 99.514074 -9.840031 0.353554
vn 99.514074 -9.840031 0.353554
vn 75.541118 -34.386621 -55.777233
vn 75.541118 -34.386621 -55.777233
vn 75.541118 -34.386621 -55.777233
vn 79.270424 -10.614455 -60.029447
vn 79.270424 -10.614455 -60.029447
vn 79.270424 -10.614455 -60.029447
vn 76.238511 63.859615 10.470832
vn 76.238511 63.859615 10.470832
vn 76.238511 63.859615 10.470832
vn -85.488154 -47.330150 -21.251678
vn -85.488154 -47.330150 -21.251678
vn -85.488154 -47.330150 -21.251678
vn 44.765233 -45.944617 -76.714841
vn 44.765233 -45.944617 -76.714841
vn 44.765233 -45.944617 -76.714841
vn 28.373188 -41.311884 -86.534915
vn 28.373188 -41.311884 -86.534915
vn 28.373188 -41.311884 -86.534915
vn 91.022484 -41.119591 4.907953
vn 91.022484 -41.119591 4.907953
vn 91.022484 -41.119591 4.907953
vn -6.270906 0.992251 99.798260
vn -6.270906 0.992251 99.798260
vn -6.270906 0.992251 99.798260
vn 39.839760 -6.825775 91.466946
vn 39.839760 -6.825775 91.466946
vn 39.839760 -6.825775 91.466946
vn -16.869517 3.760934 98.495047
vn -16.869517 3.760934 98.495047
vn -16.869517 3.760934 98.495047
vn 88.055337 5.618994 47.060461
vn 88.055337 5.618994 47.060461
vn 88.055337 5.618994 47.060461
vn 87.488754 1.762199 -48.400564
vn 87.488754 1.762199 -48.400564
vn 87.488754 1.762199 -48.400564
vn -93.811645 2.651465 34.530381
vn -93.811645 2.651465 34.530381
vn -93.811645 2.651465 34.530381
vn 98.473620 10.420120 -13.941657
vn 98.473620 10.420120 -13.941657
vn 98.473620 10.420120 -13.941657
vn 54.285699 83.980016 0.649175
vn 54.285699 83.980016 0.649175
vn 54.285699 83.980016 0.649175
vn -47.428368 -36.490107 -80.118802
vn -47.428368 -36.490107 -80.118802
vn -47.428368 -36.490107 -80.118802
vn 29.103739 69.844002 65.381868
vn 29.103739 69.844002 65.381868
vn 29.103739 69.844002 65.381868
vn 90.042701 -11.543132 41.941248
vn 90.042701 -11.543132 41.941248
vn 90.042701 -11.543132 41.941248
vn -28.774503 -11.780710 -95.043375
vn -28.774503 -11.780710 -95.043375
vn -28.774503 -11.780710 -95.043375
vn -97.496802 2.699292 -22.070064
vn -97.496802 2.699292 -22.070064
vn -97.496802 2.699292 -22.070064
vn 52.013329 -47.269446 71.135192
vn 52.013329 -47.269446 71.135192
vn 52.013329 -47.269446 71.135192
vn -90.934176 -41.597721 0.777247
vn -90.934176 -41.597721 0.777247
vn -90.934176 -41.597721 0.777247
vn -33.759838 83.123507 44.167367
vn -33.759838 83.123507 44.167367
vn -33.759838 83.123507 44.167367
vn -77.187735 -1.233141 63.565187
vn -77.187735 -1.233141 63.565187
vn -77.187735 -1.233141 63.565187
vn 75.182642 22.786753 61.873541
vn 75.182642 22.786753 61.873541
vn 75.182642 22.786753 61.873541
vn 78.457965 -51.445249 -34.608304
vn 78.457965 -51.445249 -34.608304
vn 78.457965 -51.445249 -34.608304
vn -61.079182 -37.921610 -69.507464
vn -61.079182 -37.921610 -69.507464
vn -61.079182 -37.921610 -69.507464
vn -12.561628 48.682959 -86.441749
vn -12.561628 48.682959 -86.441749
vn -12.561628 48.682959 -86.441749
vn -72.535742 41.424544 -54.977933
vn -72.535742 41.424544 -54.977933
vn -72.535742 41.424544 -54.977933
vn -98.304637 -7.299916 -16.819930
vn -98.304637 -7.299916 -16.819930
vn -98.304637 -7.299916 -16.819930
vn 9.905809 -30.281290 -94.788813
vn 9.905809 -30.281290 -94.788813
vn 9.905809 -30.281290 -94.788813
vn 52.359264 -20.914192 82.589977
vn 52.359264 -20.914192 82.589977
vn 52.359264 -20.914192 82.589977
vn -25.960705 53.599206 80.331606
vn -25.960705 53.599206 80.331606
vn -25.960705 53.599206 80.331606
vn -27.073058 -49.257780 -82.708659
vn -27.073058 -49.257780 -82.708659
vn -27.073058 -49.257780 -82.708659
vn 57.690987 -35.137994 -73.736508
vn 57.690987 -35.137994 -73.736508
vn 57.690987 -35.137994 -73.736508
vn 22.720604 -95.656491 18.264995
vn 22.720604 -95.656491 18.264995
vn 22.720604 -95.656491 18.264995
vn 89.930327 40.101627 17.446989
vn 89.930327 40.101627 17.446989
vn 89.930327 40.101627 17.446989
vn -25.351930 -36.194397 -89.706440
vn -25.351930 -36.194397 -89.706440
vn -25.351930 -36.194397 -89.706440
vn 2.677521 -62.854781 -77.731001
vn 2.677521 -62.854781 -77.731001
vn 2.677521 -62.854781 -77.731001
vn 93.567711 -19.269065 -29.559890
vn 93.567711 -19.269065 -29.559890
vn 93.567711 -19.269065 -29.559890
vn 33.724841 1.826917 94.123847
vn 33.724841 1.826917 94.123847
vn 33.724841 1.826917 94.123847
vn -75.875527 40.913458 -50.685240
vn -75.875527 40.913458 -50.685240
vn -75.875527 40.913458 -50.685240
vn 34.285594 -65.302807 67.528083
vn 34.285594 -65.302807 67.528083
vn 34.285594 -65.302807 67.528083
vn -43.923290 -10.844030 -89.180444
vn -43.923290 -10.844030 -89.180444
vn -43.923290 -10.844030 -89.180444
vn -92.510632 -16.761369 -34.071133
vn -92.510632 -16.761369 -34.071133
vn -92.510632 -16.761369 -34.071133
vn -42.318554 -38.142607 -82.184440
vn -42.318554 -38.142607 -82.184440
vn -42.318554 -38.142607 -82.184440
vn -44.350825 -4.591266 -89.509354
vn -44.350825 -4.591266 -89.509354
vn -44.350825 -4.591266 -89.509354
vn 6.752606 -5.927859 -99.595503
vn 6.752606 -5.927859 -99.595503
vn 6.752606 -5.927859 -99.595503
vn 48.589944 6.191734 87.181884
vn 48.589944 6.191734 87.181884
vn 48.589944 6.191734 87.181884
vn 71.780356 -5.663245 -69.393877
vn 71.780356 -5.663245 -69.393877
vn 71.780356 -5.663245 -69.393877
vn 72.336970 -61.350277 -31.678186
vn 72.336970 -61.350277 -31.678186
vn 72.336970 -61.350277 -31.678186
vn 48.113101 18.700834 85.647004
vn 48.113101 18.700834 85.647004
vn 48.113101 18.700834 85.647004
vn 72.270588 -11.312804 -68.183459
vn 72.270588 -11.312804 -68.183459
vn 72.270588 -11.312804 -68.183459
vn -93.701459 -33.056274 -11.283585
vn -93.701459 -33.056274 -11.283585
vn -93.701459 -33.056274 -11.283585
vn -54.952290 -74.090217 -38.612001
vn -54.952290 -74.090217 -38.612001
vn -54.952290 -74.090217 -38.612001
vn 37.259832 80.412179 46.320484
vn 37.259832 80.412179 46.320484
vn 37.259832 80.412179 46.320484
vn 79.278018 -24.921839 -55.622820
vn 79.278018 -24.921839 -55.622820
vn 79.278018 -24.921839 -55.622820
vn -88.135753 -5.420363 46.933043
vn -88.135753 -5.420363 46.933043
vn -88.135753 -5.420363 46.933043
vn 8.133239 -45.013776 -88.924750
vn 8.133239 -45.013776 -88.924750
vn 8.133239 -45.013776 -88.924750
vn -70.595657 -64.565269 -29.113232
vn -70.595657 -64.565269 -29.113232
vn -70.595657 -64.565269 -29.113232
vn 29.533303 -19.108205 -93.609087
vn 29.533303 -19.108205 -93.609087
vn 29.533303 -19.108205 -93.609087
vn -14.913572 38.705744 -90.991488
vn -14.913572 38.705744 -90.991488
vn -14.913572 38.705744 -90.991488
vn 97.230319 23.351985 0.975710
vn 97.230319 23.351985 0.975710
vn 97.230319 23.351985 0.975710
vn -12.477203 -41.881471 -89.945898
vn -12.477203 -41.881471 -89.945898
vn -12.477203 -41.881471 -89.945898
vn -32.582636 -20.956802 92.191028
vn -32.582636 -20.956802 92.191028
vn -32.582636 -20.956802 92.191028
vn 10.629507 32.194543 -94.077235
vn 10.629507 32.194543 -94.077235
vn 10.629507 32.194543 -94.077235
vn -52.138609 -85.204718 4.660675
vn -52.138609 -85.204718 4.660675
vn -52.138609 -85.204718 4.660675
vn 83.772402 18.665946 -51.320240
vn 83.772402 18.665946 -51.320240
vn 83.772402 18.665946 -51.320240
vn -11.848209 -0.514592 99.294290
vn -11.848209 -0.514592 99.294290
vn -11.848209 -0.514592 99.294290
vn 50.364715 17.596530 84.579896
vn 50.364715 17.596530 84.579896
vn 50.364715 17.596530 84.579896
vn -42.759569 62.602821 65.211249
vn -42.759569 62.602821 65.211249
vn -42.759569 62.602821 65.211249
vn 18.827854 -94.617952 -26.324046
vn 18.827854 -94.617952 -26.324046
vn 18.827854 -94.617952 -26.324046
vn 40.767921 3.922124 91.228254
vn 40.767921 3.922124 91.228254
vn 40.767921 3.922124 91.228254
vn 32.045718 -88.713380 -33.211577
vn 32.045718 -88.713380 -33.211577
vn 32.045718 -88.713380 -33.211577
vn 64.769047 67.906782 -34.549095
vn 64.769047 67.906782 -34.549095
vn 64.769047 67.906782 -34.549095
vn -9.128979 69.714330 -71.109596
vn -9.128979 69.714330 -71.109596
vn -9.128979 69.714330 -71.109596
vn 70.904565 -69.222733 -13.444598
vn 70.904565 -69.222733 -13.444598
vn 70.904565 -69.222733 -13.444598
vn -45.746541 -29.079258 84.033625
vn -45.746541 -29.079258 84.033625
vn -45.746541 -29.079258 84.033625
vn 18.312040 -88.820191 -42.138399
vn 18.312040 -88.820191 -42.138399
vn 18.312040 -88.820191 -42.138399
vn -39.162897 -91.999577 1.531671
vn -39.162897 -91.999577 1.531671
vn -39.162897 -91.999577 1.531671
vn -25.916640 -10.802395 -95.977278
vn -25.916640 -10.802395 -95.977278
vn -25.916640 -10.802395 -95.977278
vn -76.224824 21.508801 -61.050384
vn -76.224824 21.508801 -61.050384
vn -76.224824 21.508801 -61.050384
vn -79.261754 15.027282 -59.091074
vn -79.261754 15.027282 -59.091074
vn -79.261754 15.027282 -59.091074
vn 48.300412 -75.249937 -44.771830
vn 48.300412 -75.249937 -44.771830
vn 48.300412 -75.249937 -44.771830
vn -14.418713 -2.394219 -98.926079
vn -14.418713 -2.394219 -98.926079
vn -14.418713 -2.394219 -98.926079
vn 26.076441 4.370121 -96.441286
vn 26.076441 4.370121 -96.441286
vn 26.076441 4.370121 -96.441286
vn 57.260274 -72.380933 -38.500148
vn 57.260274 -72.380933 -38.500148
vn 57.260274 -72.380933 -38.500148
vn 97.898081 20.395220 -0.045664
vn 97.898081 20.395220 -0.045664
vn 97.898081 20.395220 -0.045664
vn -31.293880 27.743526 -90.834967
vn -31.293880 27.743526 -90.834967
vn -31.293880 27.743526 -90.834967
vn 50.691457 -28.629796 -81.306283
vn 50.691457 -28.629796 -81.306283
vn 50.691457 -28.629796 -81.306283
vn -9.910522 -80.349023 -58.701084
vn -9.910522 -80.349023 -58.701084
vn -9.910522 -80.349023 -58.701084
vn 84.049078 15.183481 52.011680
vn 84.049078 15.183481 52.011680
vn 84.049078 15.183481 52.011680
vn 50.775058 85.858701 7.083659
vn 50.775058 85.858701 7.083659
vn 50.775058 85.858701 7.083659
vn 36.954986 69.269854 61.935581
vn 36.954986 69.269854 61.935581
vn 36.954986 69.269854 61.935581
vn 78.079399 33.221401 52.914515
vn 78.079399 33.221401 52.914515
vn 78.079399 33.221401 52.914515
vn -75.200814 26.089997 -60.532219
vn -75.200814 26.089997 -60.532219
vn -75.200814 26.089997 -60.532219
vn -8.664985 93.852341 -33.416430
vn -8.664985 93.852341 -33.416430
vn -8.664985 93.852341 -33.416430
vn -66.039856 -44.507860 -60.479656
vn -66.039856 -44.507860 -60.479656
vn -66.039856 -44.507860 -60.479656
vn 59.412603 80.319575 -4.348476
vn 59.412603 80.319575 -4.348476
vn 59.412603 80.319575 -4.348476
vn 4.371048 -99.858546 3.027536
vn 4.371048 -99.858546 3.027536
vn 4.371048 -99.858546 3.027536
vn -45.895978 46.863487 -75.480942
vn -45.895978 46.863487 -75.480942
vn -45.895978 46.863487 -75.480942
vn -74.054677 67.113110 3.425884
vn -74.054677 67.113110 3.425884
vn -74.054677 67.113110 3.425884
vn -2.391026 10.778152 99.388708
vn -2.391026 10.778152 99.388708
vn -2.391026 10.778152 99.388708
vn -85.441695 39.542415 -33.706287
vn -85.441695 39.542415 -33.706287
vn -85.441695 39.542415 -33.706287
vn 92.563942 -10.612126 -36.322189
vn 92.563942 -10.612126 -36.322189
vn 92.563942 -10.612126 -36.322189
vn 64.946297 49.089490 58.070654
vn 64.946297 49.089490 58.070654
vn 64.946297 49.089490 58.070654
vn -14.241593 -52.190264 -84.103233
vn -14.241593 -52.190264 -84.103233
vn -14.241593 -52.190264 -84.103233
vn -63.145475 -62.056663 46.493219
vn -63.145475 -62.056663 46.493219
vn -63.145475 -62.056663 46.493219
vn -11.995256 -32.520125 93.800614
vn -11.995256 -32.520125 93.800614
vn -11.995256 -32.520125 93.800614
vn -23.855674 47.547131 -84.676914
vn -23.855674 47.547131 -84.676914
vn -23.855674 47.547131 -84.676914
vn -60.424463 -11.267358 78.879219
vn -60.424463 -11.267358 78.879219
vn -60.424463 -11.267358 78.879219
vn -90.208537 12.693756 -41.246675
vn -90.208537 12.693756 -41.246675
vn -90.208537 12.693756 -41.246675
vn 33.777593 21.568901 -91.617995
vn 33.777593 21.568901 -91.617995
vn 33.777593 21.568901 -91.617995
vn -69.140523 -29.989540 -65.728342
vn -69.140523 -29.989540 -65.728342
vn -69.140523 -29.989540 -65.728342
vn 83.828719 23.657637 -49.122937
vn 83.828719 23.657637 -49.122937
vn 83.828719 23.657637 -49.122937
vn -80.320024 54.496399 24.059038
vn -80.320024 54.496399 24.059038
vn -80.320024 54.496399 24.059038
vn 25.402346 95.409660 -15.865625
vn 25.402346 95.409660 -15.865625
vn 25.402346 95.409660 -15.865625
vn 8.250449 -93.283742 35.072404
vn 8.250449 -93.283742 35.072404
vn 8.250449 -93.283742 35.072404
vn 11.193410 -95.785744 -26.453711
vn 11.193410 -95.785744 -26.453711
vn 11.193410 -95.785744 -26.453711
vn -51.261469 -3.265838 85.799754
vn -51.261469 -3.265838 85.799754
vn -51.261469 -3.265838 85.799754
vn 74.389376 4.400864 -66.684741
vn 74.389376 4.400864 -66.684741
vn 74.389376 4.400864 -66.684741
vn -20.323516 -81.548051 54.192895
vn -20.323516 -81.548051 54.192895
vn -20.323516 -81.548051 54.192895
vn -71.675208 -38.434910 58.184402
vn -71.675208 -38.434910 58.184402
vn -71.675208 -38.434910 58.184402
vn -11.811536 -25.658404 -95.927759
vn -11.811536 -25.658404 -95.927759
vn -11.811536 -25.658404 -95.927759
vn -38.220602 42.476713 -82.066535
vn -38.220602 42.476713 -82.066535
vn -38.220602 42.476713 -82.066535
vn -25.337225 -81.946043 51.408867
vn -25.337225 -81.946043 51.408867
vn -25.337225 -81.946043 51.408867
vn 33.257952 -82.114810 46.379610
vn 33.257952 -82.114810 46.379610
vn 33.257952 -82.114810 46.379610
vn -11.644365 52.345088 84.406172
vn -11.644365 52.345088 84.406172
vn -11.644365 52.345088 84.406172
vn -73.592741 42.958547 52.332334
vn -73.592741 42.958547 52.332334
vn -73.592741 42.958547 52.332334
vn -37.476518 12.259781 -91.897824
vn -37.476518 12.259781 -91.897824
vn -37.476518 12.259781 -91.897824
vn 93.993974 -33.128107 -8.225739
vn 93.993974 -33.128107 -8.225739
vn 93.993974 -33.128107 -8.225739
vn -54.107570 68.337432 49.013940
vn -54.107570 68.337432 49.013940
vn -54.107570 68.337432 49.013940
vn -50.096355 -86.546836 0.017337
vn -50.096355 -86.546836 0.017337
vn -50.096355 -86.546836 0.017337
vn 0.670220 -40.697282 -91.341569
vn 0.670220 -40.697282 -91.341569
vn 0.670220 -40.697282 -91.341569
vn 70.264636 44.143011 55.805696
vn 70.264636 44.143011 55.805696
vn 70.264636 44.143011 55.805696
vn -58.328467 -59.800725 -54.969663
vn -58.328467 -59.800725 -54.969663
vn -58.328467 -59.800725 -54.969663
vn -43.035524 -89.734701 9.778903
vn -43.035524 -89.734701 9.778903
vn -43.035524 -89.734701 9.778903
vn -62.982216 -54.458680 55.384958
vn -62.982216 -54.458680 55.384958
vn -62.982216 -54.458680 55.384958
vn -66.463181 26.771994 69.756048
vn -66.463181 26.771994 69.756048
vn -66.463181 26.771994 69.756048
vn -3.417029 -78.302671 -62.104894
vn -3.417029 -78.302671 -62.104894
vn -3.417029 -78.302671 -62.104894
vn 5.989046 -93.791408 -34.165833
vn 5.989046 -93.791408 -34.165833
vn 5.989046 -93.791408 -34.165833
vn -71.868595 19.571317 66.722335
vn -71.868595 19.571317 66.722335
vn -71.868595 19.571317 66.722335
vn -81.459223 41.309522 40.717566
vn -81.459223 41.309522 40.717566
vn -81.459223 41.309522 40.717566
vn -45.579135 24.464004 85.580707
vn -45.579135 24.464004 85.580707
vn -45.579135 24.464004 85.580707
vn 93.029937 -33.294553 15.391702
vn 93.029937 -33.294553 15.391702
vn 93.029937 -33.294553 15.391702
vn -95.977453 3.310494 27.881360
vn -95.977453 3.310494 27.881360
vn -95.977453 3.310494 27.881360
vn -89.171737 -39.709980 -21.714503
vn -89.171737 -39.709980 -21.714503
vn -89.171737 -39.709980 -21.714503
vn 88.015071 20.499219 -42.815086
vn 88.015071 20.499219 -42.815086
vn 88.015071 20.499219 -42.815086
vn 50.508861 -27.049476 81.958422
vn 50.508861 -27.049476 81.958422
vn 50.508861 -27.049476 81.958422
vn 23.769453 -62.093352 74.695582
vn 23.769453 -62.093352 74.695582
vn 23.769453 -62.093352 74.695582
vn -97.859192 9.245783 18.387342
vn -97.859192 9.245783 18.387342
vn -97.859192 9.245783 18.387342
vn -8.892113 -16.446901 -98.236605
vn -8.892113 -16.446901 -98.236605
vn -8.892113 -16.446901 -98.236605
vn -12.356796 -85.770444 49.907320
vn -12.356796 -85.770444 49.907320
vn -12.356796 -85.770444 49.907320
vn -49.487846 23.163467 83.752060
vn -49.487846 23.163467 83.752060
vn -49.487846 23.163467 83.752060
vn -2.500154 -96.967364 -24.312122
vn -2.500154 -96.967364 -24.312122
vn -2.500154 -96.967364 -24.312122
vn -28.017350 32.800949 90.217110
vn -28.017350 32.800949 90.217110
vn -28.017350 32.800949 90.217110
vn 2.632604 -84.617646 -53.225212
vn 2.632604 -84.617646 -53.225212
vn 2.632604 -84.617646 -53.225212
vn -71.670546 -69.614724 -4.138047
vn -71.670546 -69.614724 -4.138047
vn -71.670546 -69.614724 -4.138047
vn 0.883093 30.892423 -95.104568
vn 0.883093 30.892423 -95.104568
vn 0.883093 30.892423 -95.104568
vn -93.055999 -30.729379 19.906986
vn -93.055999 -30.729379 19.906986
vn -93.055999 -30.729379 19.906986
vn 80.186694 -32.491211 -50.143960
vn 80.186694 -32.491211 -50.143960
vn 80.186694 -32.491211 -50.143960
vn 78.022421 61.743101 -10.014556
vn 78.022421 61.743101 -10.014556
vn 78.022421 61.743101 -10.014556
vn -39.737361 -77.650515 48.901341
vn -39.737361 -77.650515 48.901341
vn -39.737361 -77.650515 48.901341
vn -32.523331 -67.097661 66.634366
vn -32.523331 -67.097661 66.634366
vn -32.523331 -67.097661 66.634366
vn -37.147938 -92.172800 11.144815
vn -37.147938 -92.172800 11.144815
vn -37.147938 -92.172800 11.144815
vn 56.771237 -55.658705 60.655877
vn 56.771237 -55.658705 60.655877
vn 56.771237 -55.658705 60.655877
vn -20.980779 -97.725206 -3.097037
vn -20.980779 -97.725206 -3.097037
vn -20.980779 -97.725206 -3.097037
vn 81.731998 -53.735920 20.792609
vn 81.731998 -53.735920 20.792609
vn 81.731998 -53.735920 20.792609
vn -10.596064 30.905634 94.512258
vn -10.596064 30.905634 94.512258
vn -10.596064 30.905634 94.512258
vn 87.813584 35.378832 32.204258
vn 87.813584 35.378832 32.204258
vn 87.813584 35.378832 32.204258
vn -54.979870 -79.548899 25.479153
vn -54.979870 -79.548899 25.479153
vn -54.979870 -79.548899 25.479153
vn -28.151521 -7.914684 95.628706
vn -28.151521 -7.914684 95.628706
vn -28.151521 -7.914684 95.628706
vn 89.927347 31.567924 -30.274414
vn 89.927347 31.567924 -30.274414
vn 89.927347 31.567924 -30.274414
vn 71.457554 -69.913611 -2.430307
vn 71.457554 -69.913611 -2.430307
vn 71.457554 -69.913611 -2.430307
vn 23.093024 -76.804312 -59.731147
vn 23.093024 -76.804312 -59.731147
vn 23.093024 -76.804312 -59.731147
vn -84.380355 -3.113039 -53.574857
vn -84.380355 -3.113039 -53.574857
vn -84.380355 -3.113039 -53.574857
vn 75.404149 25.613599 60.482706
vn 75.404149 25.613599 60.482706
vn 75.404149 25.613599 60.482706
vn -39.281581 -6.454669 91.734929
vn -39.281581 -6.454669 91.734929
vn -39.281581 -6.454669 91.734929
vn 27.872235 -47.814640 -83.288052
vn 27.872235 -47.814640 -83.288052
vn 27.872235 -47.814640 -83.288052
vn 54.700638 -77.279582 -32.182403
vn 54.700638 -77.279582 -32.182403
vn 54.700638 -77.279582 -32.182403
vn 21.902068 -94.011415 -26.118085
vn 21.902068 -94.011415 -26.118085
vn 21.902068 -94.011415 -26.118085
vn 91.345199 -33.112595 -23.656094
vn 91.345199 -33.112595 -23.656094
vn 91.345199 -33.112595 -23.656094
vn 24.105103 1.264192 -97.043014
vn 24.105103 1.264192 -97.043014
vn 24.105103 1.264192 -97.043014
vn -55.002128 79.495343 25.598011
vn -55.002128 79.495343 25.598011
vn -55.002128 79.495343 25.598011
vn 96.824944 -24.830086 -2.897779
vn 96.824944 -24.830086 -2.897779
vn 96.824944 -24.830086 -2.897779
vn -47.246402 17.549641 86.370060
vn -47.246402 17.549641 86.370060
vn -47.246402 17.549641 86.370060
vn 29.896407 -3.724561 -95.353721
vn 29.896407 -3.724561 -95.353721
vn 29.896407 -3.724561 -95.353721
vn 86.568810 25.566761 43.037010
vn 86.568810 25.566761 43.037010
vn 86.568810 25.566761 43.037010
vn -49.969072 86.299231 7.452298
vn -49.969072 86.299231 7.452298
vn -49.969072 86.299231 7.452298
vn -71.570547 6.494630 -69.537593
vn -71.570547 6.494630 -69.537593
vn -71.570547 6.494630 -69.537593
vn 31.466739 64.806006 -69.354356
vn 31.466739 64.806006 -69.354356
vn 31.466739 64.806006 -69.354356
vn -4.063272 -44.432088 -89.494590
vn -4.063272 -44.432088 -89.494590
vn -4.063272 -44.432088 -89.494590
vn 11.369901 -15.944755 -98.063711
vn 11.369901 -15.944755 -98.063711
vn 11.369901 -15.944755 -98.063711
vn 59.410607 -31.749419 73.907747
vn 59.410607 -31.749419 73.907747
vn 59.410607 -31.749419 73.907747
vn -95.033663 15.986167 26.702951
vn -95.033663 15.986167 26.702951
vn -95.033663 15.986167 26.702951
vn 74.043563 32.450234 -58.860296
vn 74.043563 32.450234 -58.860296
vn 74.043563 32.450234 -58.860296
vn 69.095744 -7.768263 71.870942
vn 69.095744 -7.768263 71.870942
vn 69.095744 -7.768263 71.870942
vn -63.782206 -64.040481 -42.786061
vn -63.782206 -64.040481 -42.786061
vn -63.782206 -64.040481 -42.786061
vn -13.904342 -0.432249 99.027690
vn -13.904342 -0.432249 99.027690
vn -13.904342 -0.432249 99.027690
vn -62.264899 -61.417453 -48.486896
vn -62.264899 -61.417453 -48.486896
vn -62.264899 -61.417453 -48.486896
vn -2.826411 -54.271521 -83.944108
vn -2.826411 -54.271521 -83.944108
vn -2.826411 -54.271521 -83.944108
vn 46.614020 -38.616384 -79.598433
vn 46.614020 -38.616384 -79.598433
vn 46.614020 -38.616384 -79.598433
vn -94.067369 9.644440 -32.531774
vn -94.067369 9.644440 -32.531774
vn -94.067369 9.644440 -32.531774
vn -10.180654 53.885051 83.622699
vn -10.180654 53.885051 83.622699
vn -10.180654 53.885051 83.622699
vn -92.721006 -34.806269 13.832587
vn -92.721006 -34.806269 13.832587
vn -92.721006 -34.806269 13.832587
vn -88.091506 33.875565 33.050462
vn -88.091506 33.875565 33.050462
vn -88.091506 33.875565 33.050462
vn -25.793556 54.194626 79.985217
vn -25.793556 54.194626 79.985217
vn -25.793556 54.194626 79.985217
vn 64.022837 -55.323336 -53.295469
vn 64.022837 -55.323336 -53.295469
vn 64.022837 -55.323336 -53.295469
vn -75.124888 18.010393 63.497062
vn -75.124888 18.010393 63.497062
vn -75.124888 18.010393 63.497062
vn 69.605553 -17.553958 69.619873
vn 69.605553 -17.553958 69.619873
vn 69.605553 -17.553958 69.619873
vn -95.132668 26.352958 15.978055
vn -95.132668 26.352958 15.978055
vn -95.132668 26.352958 15.978055
vn -76.522956 6.690095 -64.027186
vn -76.522956 6.690095 -64.027186
vn -76.522956 6.690095 -64.027186
vn 84.365477 -41.083967 34.562646
vn 84.365477 -41.083967 34.562646
vn 84.365477 -41.083967 34.562646
vn -64.318780 41.582245 -64.296277
vn -64.318780 41.582245 -64.296277
vn -64.318780 41.582245 -64.296277
vn -90.050387 -3.685964 43.328323
vn -90.050387 -3.685964 43.328323
vn -90.050387 -3.685964 43.328323
vn -92.938331 -16.255199 33.139641
vn -92.938331 -16.255199 33.139641
vn -92.938331 -16.255199 33.139641
vn 77.681262 6.624352 62.623794
vn 77.681262 6.624352 62.623794
vn 77.681262 6.624352 62.623794
vn -70.842717 -43.922560 55.245995
vn -70.842717 -43.922560 55.245995
vn -70.842717 -43.922560 55.245995
vn 93.830485 1.243534 34.558583
vn 93.830485 1.243534 34.558583
vn 93.830485 1.243534 34.558583
vn 91.368466 5.022256 -40.330895
vn 91.368466 5.022256 -40.330895
vn 91.368466 5.022256 -40.330895
vn 30.783080 39.613673 -86.505255
vn 30.783080 39.613673 -86.505255
vn 30.783080 39.613673 -86.505255
vn 22.602862 -97.266889 5.316288
vn 22.602862 -97.266889 5.316288
vn 22.602862 -97.266889 5.316288
vn -8.195718 -97.641182 -19.975738
vn -8.195718 -97.641182 -19.975738
vn -8.195718 -97.641182 -19.975738
vn -5.425305 -97.409355 21.954130
vn -5.425305 -97.409355 21.954130
vn -5.425305 -97.409355 21.954130
vn 70.232279 20.362644 -68.211364
vn 70.232279 20.362644 -68.211364
vn 70.232279 20.362644 -68.211364
vn -33.652794 -81.221747 -47.649952
vn -33.652794 -81.221747 -47.649952
vn -33.652794 -81.221747 -47.649952
vn 59.938069 -38.566709 70.142987
vn 59.938069 -38.566709 70.142987
vn 59.938069 -38.566709 70.142987
vn -44.336548 -71.116129 54.559760
vn -44.336548 -71.116129 54.559760
vn -44.336548 -71.116129 54.559760
vn -68.184620 -32.471069 -65.547601
vn -68.184620 -32.471069 -65.547601
vn -68.184620 -32.471069 -65.547601
vn 32.375306 -83.481743 -44.526849
vn 32.375306 -83.481743 -44.526849
vn 32.375306 -83.481743 -44.526849
vn -93.514102 -29.554734 -19.535381
vn -93.514102 -29.554734 -19.535381
vn -93.514102 -29.554734 -19.535381
vn -92.298946 8.285551 37.579991
vn -92.298946 8.285551 37.579991
vn -92.298946 8.285551 37.579991
vn 96.263609 4.128948 26.763215
vn 96.263609 4.128948 26.763215
vn 96.263609 4.128948 26.763215
vn -91.272213 -18.240820 36.560330
vn -91.272213 -18.240820 36.560330
vn -91.272213 -18.240820 36.560330
vn 48.976715 6.347205 -86.953979
vn 48.976715 6.347205 -86.953979
vn 48.976715 6.347205 -86.953979
vn -60.872070 -0.591079 79.336270
vn -60.872070 -0.591079 79.336270
vn -60.872070 -0.591079 79.336270
vn -87.537221 3.278447 -48.233678
vn -87.537221 3.278447 -48.233678
vn -87.537221 3.278447 -48.233678
vn -70.487770 -8.474612 70.424830
vn -70.487770 -8.474612 70.424830
vn -70.487770 -8.474612 70.424830
vn 81.007085 9.874085 57.795807
vn 81.007085 9.874085 57.795807
vn 81.007085 9.874085 57.795807
vn 32.447604 -78.996053 -52.026685
vn 32.447604 -78.996053 -52.026685
vn 32.447604 -78.996053 -52.026685
vn 48.232785 -71.129313 -51.129445
vn 48.232785 -71.129313 -51.129445
vn 48.232785 -71.129313 -51.129445
vn -30.919275 41.076383 85.771384
vn -30.919275 41.076383 85.771384
vn -30.919275 41.076383 85.771384
vn 51.610442 -45.527134 -72.550975
vn 51.610442 -45.527134 -72.550975
vn 51.610442 -45.527134 -72.550975
vn 66.813948 -58.083407 -46.499626
vn 66.813948 -58.083407 -46.499626
vn 66.813948 -58.083407 -46.499626
vn 23.212124 -5.400909 -97.118632
vn 23.212124 -5.400909 -97.118632
vn 23.212124 -5.400909 -97.118632
vn 87.848461 -40.071655 -26.017517
vn 87.848461 -40.071655 -26.017517
vn 87.848461 -40.071655 -26.017517
vn 63.276610 28.781273 -71.886783
vn 63.276610 28.781273 -71.886783
vn 63.276610 28.781273 -71.886783
vn 64.394367 -75.900378 9.617670
vn 64.394367 -75.900378 9.617670
vn 64.394367 -75.900378 9.617670
vn 10.398114 -11.442305 98.797546
vn 10.398114 -11.442305 98.797546
vn 10.398114 -11.442305 98.797546
vn -18.963659 39.850980 89.734494
vn -18.963659 39.850980 89.734494
vn -18.963659 39.850980 89.734494
vn 88.967528 -17.008823 -42.373089
vn 88.967528 -17.008823 -42.373089
vn 88.967528 -17.008823 -42.373089
vn 71.990795 29.387986 -62.878244
vn 71.990795 29.387986 -62.878244
vn 71.990795 29.387986 -62.878244
vn 15.617800 -59.175019 79.084780
vn 15.617800 -59.175019 79.084780
vn 15.617800 -59.175019 79.084780
vn -64.034977 -53.694772 -54.921715
vn -64.034977 -53.694772 -54.921715
vn -64.034977 -53.694772 -54.921715
vn 98.135570 19.192831 -1.022830
vn 98.135570 19.192831 -1.022830
vn 98.135570 19.192831 -1.022830
vn -32.078499 -9.569189 -94.230569
vn -32.078499 -9.569189 -94.230569
vn -32.078499 -9.569189 -94.230569
vn 68.930097 -15.591756 70.749844
vn 68.930097 -15.591756 70.749844
vn 68.930097 -15.591756 70.749844
vn -83.028036 42.503066 36.053222
vn -83.028036 42.503066 36.053222
vn -83.028036 42.503066 36.053222
vn 73.088205 -22.967575 64.269793
vn 73.088205 -22.967575 64.269793
vn 73.088205 -22.967575 64.269793
vn 99.843802 -5.511865 0.913579
vn 99.843802 -5.511865 0.913579
vn 99.843802 -5.511865 0.913579
vn -11.448333 6.926942 99.100732
vn -11.448333 6.926942 99.100732
vn -11.448333 6.926942 99.100732
vn 29.718837 -85.917884 41.652219
vn 29.718837 -85.917884 41.652219
vn 29.718837 -85.917884 41.652219
vn -84.652923 53.232691 0.403743
vn -84.652923 53.232691 0.403743
vn -84.652923 53.232691 0.403743
vn 86.690164 -14.794029 -47.602042
vn 86.690164 -14.794029 -47.602042
vn 86.690164 -14.794029 -47.602042
vn 82.386862 -20.838344 -52.708329
vn 82.386862 -20.838344 -52.708329
vn 82.386862 -20.838344 -52.708329
vn 14.185757 -29.746297 -94.413574
vn 14.185757 -29.746297 -94.413574
vn 14.185757 -29.746297 -94.413574
vn -82.633051 -54.253366 15.111330
vn -82.633051 -54.253366 15.111330
vn -82.633051 -54.253366 15.111330
vn 94.202333 -17.515610 -28.620356
vn 94.202333 -17.515610 -28.620356
vn 94.202333 -17.515610 -28.620356
vn 11.440542 84.257446 -52.628866
vn 11.440542 84.257446 -52.628866
vn 11.440542 84.257446 -52.628866
vn 41.301426 -64.133030 64.661796
vn 41.301426 -64.133030 64.661796
vn 41.301426 -64.133030 64.661796
vn 13.070563 18.639438 97.374191
vn 13.070563 18.639438 97.374191
vn 13.070563 18.639438 97.374191
vn -52.296789 -41.088795 74.677683
vn -52.296789 -41.088795 74.677683
vn -52.296789 -41.088795 74.677683
vn -12.806916 -66.489513 -73.587553
vn -12.806916 -66.489513 -73.587553
vn -12.806916 -66.489513 -73.587553
vn -99.457026 -4.440933 9.411612
vn -99.457026 -4.440933 9.411612
vn -99.457026 -4.440933 9.411612
vn 95.182108 -5.403863 30.185527
vn 95.182108 -5.403863 30.185527
vn 95.182108 -5.403863 30.185527
vn 80.443623 -38.395993 -45.327396
vn 80.443623 -38.395993 -45.327396
vn 80.443623 -38.395993 -45.327396
vn 77.786591 14.045318 -61.253378
vn 77.786591 14.045318 -61.253378
vn 77.786591 14.045318 -61.253378
vn -17.501417 -22.532170 95.843634
vn -17.501417 -22.532170 95.843634
vn -17.501417 -22.532170 95.843634
vn 32.292628 -7.502221 94.344601
vn 32.292628 -7.502221 94.344601
vn 32.292628 -7.502221 94.344601
vn 42.653086 85.045134 30.790277
vn 42.653086 85.045134 30.790277
vn 42.653086 85.045134 30.790277
vn 65.279444 -43.698330 -61.879335
vn 65.279444 -43.698330 -61.879335
vn 65.279444 -43.698330 -61.879335
vn -32.606335 11.738601 -93.803169
vn -32.606335 11.738601 -93.803169
vn -32.606335 11.738601 -93.803169
vn 48.341510 10.457161 -86.912299
vn 48.341510 10.457161 -86.912299
vn 48.341510 10.457161 -86.912299
vn 61.030416 -19.747111 -76.715971
vn 61.030416 -19.747111 -76.715971
vn 61.030416 -19.747111 -76.715971
vn 91.737566 -34.637874 19.607063
vn 91.737566 -34.637874 19.607063
vn 91.737566 -34.637874 19.607063
vn -60.358335 72.615780 -32.921439
vn -60.358335 72.615780 -32.921439
vn -60.358335 72.615780 -32.921439
vn 8.506209 -8.975922 99.232447
vn 8.506209 -8.975922 99.232447
vn 8.506209 -8.975922 99.232447
vn 28.029412 39.027062 -87.699720
vn 28.029412 39.027062 -87.699720
vn 28.029412 39.027062 -87.699720
vn 28.992706 42.732674 -85.634940
vn 28.992706 42.732674 -85.634940
vn 28.992706 42.732674 -85.634940
vn 82.211388 -14.761768 -54.985263
vn 82.211388 -14.761768 -54.985263
vn 82.211388 -14.761768 -54.985263
vn -97.195541 -12.860199 19.688624
vn -97.195541 -12.860199 19.688624
vn -97.195541 -12.860199 19.688624
vn -94.357985 -8.792846 -31.925806
vn -94.357985 -8.792846 -31.925806
vn -94.357985 -8.792846 -31.925806
vn 98.366721 14.782254 -10.270095
vn 98.366721 14.782254 -10.270095
vn 98.366721 14.782254 -10.270095
vn -11.051334 67.594781 72.861604
vn -11.051334 67.594781 72.861604
vn -11.051334 67.594781 72.861604
vn 26.275580 25.628261 93.020354
vn 26.275580 25.628261 93.020354
vn 26.275580 25.628261 93.020354
vn 99.561016 -1.897988 9.165320
vn 99.561016 -1.897988 9.165320
vn 99.561016 -1.897988 9.165320
vn 15.680365 -15.463543 97.544894
vn 15.680365 -15.463543 97.544894
vn 15.680365 -15.463543 97.544894
vn 79.651474 -54.784039 -25.580306
vn 79.651474 -54.784039 -25.580306
vn 79.651474 -54.784039 -25.580306
vn 97.359639 19.135364 -12.447504
vn 97.359639 19.135364 -12.447504
vn 97.359639 19.135364 -12.447504
vn 41.008020 -76.856041 49.106943
vn 41.008020 -76.856041 49.106943
vn 41.008020 -76.856041 49.106943
vn -76.742131 -27.912574 57.719439
vn -76.742131 -27.912574 57.719439
vn -76.742131 -27.912574 57.719439
vn -18.280144 8.653856 -97.933390
vn -18.280144 8.653856 -97.933390
vn -18.280144 8.653856 -97.933390
vn -26.443855 31.651569 91.098306
vn -26.443855 31.651569 91.098306
vn -26.443855 31.651569 91.098306
vn 47.776038 21.347482 -85.215832
vn 47.776038 21.347482 -85.215832
vn 47.776038 21.347482 -85.215832
vn 86.752465 -31.720094 -38.312484
vn 86.752465 -31.720094 -38.312484
vn 86.752465 -31.720094 -38.312484
vn 51.401458 77.730136 36.275570
vn 51.401458 77.730136 36.275570
vn 51.401458 77.730136 36.275570
vn 72.141798 -8.684834 68.703242
vn 72.141798 -8.684834 68.703242
vn 72.141798 -8.684834 68.703242
vn -41.466475 -31.366360 85.420627
vn -41.466475 -31.366360 85.420627
vn -41.466475 -31.366360 85.420627
vn -70.214380 67.027113 24.027236
vn -70.214380 67.027113 24.027236
vn -70.214380 67.027113 24.027236
vn -72.759598 -19.448702 65.785947
vn -72.759598 -19.448702 65.785947
vn -72.759598 -19.448702 65.785947
vn 37.444966 -91.597779 -14.412558
vn 37.444966 -91.597779 -14.412558
vn 37.444966 -91.597779 -14.412558
vn 51.852162 -2.020779 85.482575
vn 51.852162 -2.020779 85.482575
vn 51.852162 -2.020779 85.482575
vn -62.659179 -49.990328 59.789584
vn -62.659179 -49.990328 59.789584
vn -62.659179 -49.990328 59.789584
vn 43.392499 84.579324 31.039151
vn 43.392499 84.579324 31.039151
vn 43.392499 84.579324 31.039151
vn -40.374163 -86.187784 30.685382
vn -40.374163 -86.187784 30.685382
vn -40.374163 -86.187784 30.685382
vn 58.161816 -77.959408 23.227864
vn 58.161816 -77.959408 23.227864
vn 58.161816 -77.959408 23.227864
vn -89.314409 33.310097 -30.222079
vn -89.314409 33.310097 -30.222079
vn -89.314409 33.310097 -30.222079
vn -82.850905 -20.063625 -52.279813
vn -82.850905 -20.063625 -52.279813
vn -82.850905 -20.063625 -52.279813
vn 42.460468 89.953898 -10.266766
vn 42.460468 89.953898 -10.266766
vn 42.460468 89.953898 -10.266766
vn -46.942552 -12.193601 87.451203
vn -46.942552 -12.193601 87.451203
vn -46.942552 -12.193601 87.451203
vn -21.542534 -97.625344 2.283214
vn -21.542534 -97.625344 2.283214
vn -21.542534 -97.625344 2.283214
vn 35.086050 90.933441 22.362421
vn 35.086050 90.933441 22.362421
vn 35.086050 90.933441 22.362421
vn 83.796176 -21.832666 -50.015369
vn 83.796176 -21.832666 -50.015369
vn 83.796176 -21.832666 -50.015369
vn -82.446206 12.955485 55.088827
vn -82.446206 12.955485 55.088827
vn -82.446206 12.955485 55.088827
vn -3.459512 -60.377069 -79.640702
vn -3.459512 -60.377069 -79.640702
vn -3.459512 -60.377069 -79.640702
vn -25.289968 34.747860 90.293983
vn -25.289968 34.747860 90.293983
vn -25.289968 34.747860 90.293983
vn -82.160701 16.043694 54.701185
vn -82.160701 16.043694 54.701185
vn -82.160701 16.043694 54.701185
vn 2.294245 -82.715534 56.150496
vn 2.294245 -82.715534 56.150496
vn 2.294245 -82.715534 56.150496
vn 97.510138 19.343696 10.844131
vn 97.510138 19.343696 10.844131
vn 97.510138 19.343696 10.844131
vn -87.837556 -23.438729 -41.655639
vn -87.837556 -23.438729 -41.655639
vn -87.837556 -23.438729 -41.655639
vn 55.959389 -48.919732 -66.898478
vn 55.959389 -48.919732 -66.898478
vn 55.959389 -48.919732 -66.898478
vn -91.785587 -27.713435 28.414283
vn -91.785587 -27.713435 28.414283
vn -91.785587 -27.713435 28.414283
vn 46.236827 -62.220940 -63.172073
vn 46.236827 -62.220940 -63.172073
vn 46.236827 -62.220940 -63.172073
vn -69.162425 68.379369 23.255551
vn -69.162425 68.379369 23.255551
vn -69.162425 68.379369 23.255551
vn -59.415240 24.815613 -76.511537
vn -59.415240 24.815613 -76.511537
vn -59.415240 24.815613 -76.511537
vn 63.993804 -74.413237 -19.169334
vn 63.993804 -74.413237 -19.169334
vn 63.993804 -74.413237 -19.169334
vn -35.700511 -25.483913 -89.866816
vn -35.700511 -25.483913 -89.866816
vn -35.700511 -25.483913 -89.866816
vn -98.628552 16.333098 2.374801
vn -98.628552 16.333098 2.374801
vn -98.628552 16.333098 2.374801
vn -29.340981 93.435337 20.222378
vn -29.340981 93.435337 20.222378
vn -29.340981 93.435337 20.222378
vn -56.756485 -50.886478 64.724554
vn -56.756485 -50.886478 64.724554
vn -56.756485 -50.886478 64.724554
vn 73.279099 62.696281 -26.445241
vn 73.279099 62.696281 -26.445241
vn 73.279099 62.696281 -26.445241
vn 31.298103 -47.335968 -82.339144
vn 31.298103 -47.335968 -82.339144
vn 31.298103 -47.335968 -82.339144
vn -82.003784 -41.893124 38.991602
vn -82.003784 -41.893124 38.991602
vn -82.003784 -41.893124 38.991602
vn 84.799313 5.806600 -52.681697
vn 84.799313 5.806600 -52.681697
vn 84.799313 5.806600 -52.681697
vn -5.628780 99.828166 -1.629293
vn -5.628780 99.828166 -1.629293
vn -5.628780 99.828166 -1.629293
vn -55.645598 -58.561771 -58.941379
vn -55.645598 -58.561771 -58.941379
vn -55.645598 -58.561771 -58.941379
vn 69.858165 39.091908 -59.930454
vn 69.858165 39.091908 -59.930454
vn 69.858165 39.091908 -59.930454
vn 77.516655 43.514951 -45.799745
vn 77.516655 43.514951 -45.799745
vn 77.516655 43.514951 -45.799745
vn -36.865993 -14.785306 91.773063
vn -36.865993 -14.785306 91.773063
vn -36.865993 -14.785306 91.773063
vn 61.778485 -78.373786 -6.400796
vn 61.778485 -78.373786 -6.400796
vn 61.778485 -78.373786 -6.400796
vn -77.107710 -8.646105 63.084434
vn -77.107710 -8.646105 63.084434
vn -77.107710 -8.646105 63.084434
vn -73.212353 -52.111020 43.867920
vn -73.212353 -52.111020 43.867920
vn -73.212353 -52.111020 43.867920
vn -73.620467 17.565716 -65.356521
vn -73.620467 17.565716 -65.356521
vn -73.620467 17.565716 -65.356521
vn 40.212399 -89.829357 -17.710159
vn 40.212399 -89.829357 -17.710159
vn 40.212399 -89.829357 -17.710159
vn 97.524693 18.689541 -11.816741
vn 97.524693 18.689541 -11.816741
vn 97.524693 18.689541 -11.816741
vn -43.601899 30.407990 84.700822
vn -43.601899 30.407990 84.700822
vn -43.601899 30.407990 84.700822
vn 78.593232 4.271551 61.683540
vn 78.593232 4.271551 61.683540
vn 78.593232 4.271551 61.683540
vn -95.375352 -29.997119 1.927731
vn -95.375352 -29.997119 1.927731
vn -95.375352 -29.997119 1.927731
vn -69.242793 -24.274643 67.942459
vn -69.242793 -24.274643 67.942459
vn -69.242793 -24.274643 67.942459
vn -87.312572 -41.154607 26.130678
vn -87.312572 -41.154607 26.130678
vn -87.312572 -41.154607 26.130678
vn -86.451924 -50.219264 -2.022539
vn -86.451924 -50.219264 -2.022539
vn -86.451924 -50.219264 -2.022539
vn -9.445967 99.097765 9.508269
vn -9.445967 99.097765 9.508269
vn -9.445967 99.097765 9.508269
vn 70.084833 30.320765 -64.566004
vn 70.084833 30.320765 -64.566004
vn 70.084833 30.320765 -64.566004
vn 98.643841 6.172399 15.208388
vn 98.643841 6.172399 15.208388
vn 98.643841 6.172399 15.208388
vn -99.221710 -8.556107 9.046936
vn -99.221710 -8.556107 9.046936
vn -99.221710 -8.556107 9.046936
vn 11.972458 32.374439 -93.853913
vn 11.972458 32.374439 -93.853913
vn 11.972458 32.374439 -93.853913
vn 22.080171 5.646891 97.368270
vn 22.080171 5.646891 97.368270
vn 22.080171 5.646891 97.368270
vn -3.902676 76.156540 64.691188
vn -3.902676 76.156540 64.691188
vn -3.902676 76.156540 64.691188
vn -74.059441 2.138681 67.161188
vn -74.059441 2.138681 67.161188
vn -74.059441 2.138681 67.161188
vn -46.579737 0.454238 88.487987
vn -46.579737 0.454238 88.487987
vn -46.579737 0.454238 88.487987
vn 37.554107 35.470172 -85.624508
vn 37.554107 35.470172 -85.624508
vn 37.554107 35.470172 -85.624508
vn 98.289836 16.332303 8.506734
vn 98.289836 16.332303 8.506734
vn 98.289836 16.332303 8.506734
vn -97.962138 13.128344 15.200843
vn -97.962138 13.128344 15.200843
vn -97.962138 13.128344 15.200843
vn 27.868116 -93.778594 -20.710993
vn 27.868116 -93.778594 -20.710993
vn 27.868116 -93.778594 -20.710993
vn 95.777689 -26.997844 9.886981
vn 95.777689 -26.997844 9.886981
vn 95.777689 -26.997844 9.886981
vn -31.079187 20.230647 92.869832
vn -31.079187 20.230647 92.869832
vn -31.079187 20.230647 92.869832
vn -90.292875 4.029271 42.789746
vn -90.292875 4.029271 42.789746
vn -90.292875 4.029271 42.789746
vn 88.116413 9.360895 46.345141
vn 88.116413 9.360895 46.345141
vn 88.116413 9.360895 46.345141
vn -87.790380 -5.584515 -47.556944
vn -87.790380 -5.584515 -47.556944
vn -87.790380 -5.584515 -47.556944
vn 95.659928 -18.142591 22.804064
vn 95.659928 -18.142591 22.804064
vn 95.659928 -18.142591 22.804064
vn -99.406355 -6.237134 -8.914857
vn -99.406355 -6.237134 -8.914857
vn -99.406355 -6.237134 -8.914857
vn -23.214297 -94.061522 24.769506
vn -23.214297 -94.061522 24.769506
vn -23.214297 -94.061522 24.769506
vn -58.071243 -76.428023 28.044410
vn -58.071243 -76.428023 28.044410
vn -58.071243 -76.428023 28.044410
vn -23.067597 27.957700 -93.200081
vn -23.067597 27.957700 -93.200081
vn -23.067597 27.957700 -93.200081
vn -56.034025 -12.711348 81.845033
vn -56.034025 -12.711348 81.845033
vn -56.034025 -12.711348 81.845033
vn 26.494641 -77.061361 57.961906
vn 26.494641 -77.061361 57.961906
vn 26.494641 -77.061361 57.961906
vn -52.361171 52.743286 -66.906307
vn -52.361171 52.743286 -66.906307
vn -52.361171 52.743286 -66.906307
vn -30.791148 -68.424285 -66.106146
vn -30.791148 -68.424285 -66.106146
vn -30.791148 -68.424285 -66.106146
vn -79.373187 -18.900372 57.815867
vn -79.373187 -18.900372 57.815867
vn -79.373187 -18.900372 57.815867
vn 42.363259 -48.383892 -76.579080
vn 42.363259 -48.383892 -76.579080
vn 42.363259 -48.383892 -76.579080
vn 79.220891 27.919568 54.263699
vn 79.220891 27.919568 54.263699
vn 79.220891 27.919568 54.263699
vn -32.028604 -80.110404 50.561776
vn -32.028604 -80.110404 50.561776
vn -32.028604 -80.110404 50.561776
vn -30.197368 -87.082634 38.790895
vn -30.197368 -87.082634 38.790895
vn -30.197368 -87.082634 38.790895
vn -48.288443 -68.575534 54.457533
vn -48.288443 -68.575534 54.457533
vn -48.288443 -68.575534 54.457533
vn 20.131313 91.162424 -35.834946
vn 20.131313 91.162424 -35.834946
vn 20.131313 91.162424 -35.834946
vn -26.903672 -90.681241 32.451591
vn -26.903672 -90.681241 32.451591
vn -26.903672 -90.681241 32.451591
vn 16.283342 -0.277934 -98.664970
vn 16.283342 -0.277934 -98.664970
vn 16.283342 -0.277934 -98.664970
vn -71.191629 10.133442 -69.491483
vn -71.191629 10.133442 -69.491483
vn -71.191629 10.133442 -69.491483
vn 63.721374 15.205635 75.553799
vn 63.721374 15.205635 75.553799
vn 63.721374 15.205635 75.553799
vn -44.056709 84.621277 29.970772
vn -44.056709 84.621277 29.970772
vn -44.056709 84.621277 29.970772
vn -20.032326 18.199301 96.267814
vn -20.032326 18.199301 96.267814
vn -20.032326 18.199301 96.267814
vn -12.229765 -84.096534 -52.708698
vn -12.229765 -84.096534 -52.708698
vn -12.229765 -84.096534 -52.708698
vn -40.633862 -63.330174 -65.864855
vn -40.633862 -63.330174 -65.864855
vn -40.633862 -63.330174 -65.864855
vn -16.526485 54.873684 81.949705
vn -16.526485 54.873684 81.949705
vn -16.526485 54.873684 81.949705
vn 94.719255 -19.003679 25.828717
vn 94.719255 -19.003679 25.828717
vn 94.719255 -19.003679 25.828717
vn 58.913664 5.593623 80.609497
vn 58.913664 5.593623 80.609497
vn 58.913664 5.593623 80.609497
vn -38.986147 79.987302 45.630163
vn -38.986147 79.987302 45.630163
vn -38.986147 79.987302 45.630163
vn -71.153858 -22.901972 -66.427610
vn -71.153858 -22.901972 -66.427610
vn -71.153858 -22.901972 -66.427610
vn 92.485140 19.709911 -32.527190
vn 92.485140 19.709911 -32.527190
vn 92.485140 19.709911 -32.527190
vn -51.088808 77.759702 -36.651902
vn -51.088808 77.759702 -36.651902
vn -51.088808 77.759702 -36.651902
vn 88.894066 13.374164 43.806135
vn 88.894066 13.374164 43.806135
vn 88.894066 13.374164 43.806135
vn 92.322495 26.299495 28.015953
vn 92.322495 26.299495 28.015953
vn 92.322495 26.299495 28.015953
vn -81.263012 -53.319929 -23.522511
vn -81.263012 -53.319929 -23.522511
vn -81.263012 -53.319929 -23.522511
vn -70.878318 -65.500544 -26.190531
vn -70.878318 -65.500544 -26.190531
vn -70.878318 -65.500544 -26.190531
vn -88.383199 3.387443 46.657646
vn -88.383199 3.387443 46.657646
vn -88.383199 3.387443 46.657646
vn 33.565954 -50.794372 -79.330068
vn 33.565954 -50.794372 -79.330068
vn 33.565954 -50.794372 -79.330068
vn -98.388772 -17.676953 -2.678917
vn -98.388772 -17.676953 -2.678917
vn -98.388772 -17.676953 -2.678917
vn 8.282630 -32.030648 -94.368617
vn 8.282630 -32.030648 -94.368617
vn 8.282630 -32.030648 -94.368617
vn 69.946161 -33.892671 62.919165
vn 69.946161 -33.892671 62.919165
vn 69.946161 -33.892671 62.919165
vn 10.441503 -8.434056 -99.095116
vn 10.441503 -8.434056 -99.095116
vn 10.441503 -8.434056 -99.095116
vn -27.860199 82.016164 -49.971567
vn -27.860199 82.016164 -49.971567
vn -27.860199 82.016164 -49.971567
vn 63.376258 -20.430305 74.605980
vn 63.376258 -20.430305 74.605980
vn 63.376258 -20.430305 74.605980
vn -59.140451 44.159023 67.471383
vn -59.140451 44.159023 67.471383
vn -59.140451 44.159023 67.471383
vn 28.393139 -4.772566 95.765613
vn 28.393139 -4.772566 95.765613
vn 28.393139 -4.772566 95.765613
vn 85.878395 37.714519 -34.677331
vn 85.878395 37.714519 -34.677331
vn 85.878395 37.714519 -34.677331
vn -1.080683 41.123413 91.146567
vn -1.080683 41.123413 91.146567
vn -1.080683 41.123413 91.146567
vn -99.356774 -3.483408 -10.774842
vn -99.356774 -3.483408 -10.774842
vn -99.356774 -3.483408 -10.774842
vn 71.262627 -28.916518 -63.917709
vn 71.262627 -28.916518 -63.917709
vn 71.262627 -28.916518 -63.917709
vn 1.972783 -6.559094 -99.765159
vn 1.972783 -6.559094 -99.765159
vn 1.972783 -6.559094 -99.765159
vn 89.173754 17.984249 -41.528415
vn 89.173754 17.984249 -41.528415
vn 89.173754 17.984249 -41.528415
vn -8.035455 -1.846481 -99.659532
vn -8.035455 -1.846481 -99.659532
vn -8.035455 -1.846481 -99.659532
vn -92.418954 5.275597 37.827314
vn -92.418954 5.275597 37.827314
vn -92.418954 5.275597 37.827314
vn -59.474363 5.277279 80.218149
vn -59.474363 5.277279 80.218149
vn -59.474363 5.277279 80.218149
vn 13.552603 -30.406593 94.296159
vn 13.552603 -30.406593 94.296159
vn 13.552603 -30.406593 94.296159
vn -96.976715 0.659311 24.394343
vn -96.976715 0.659311 24.394343
vn -96.976715 0.659311 24.394343
vn 15.901901 35.079599 -92.285164
vn 15.901901 35.079599 -92.285164
vn 15.901901 35.079599 -92.285164
vn -25.704488 -64.227886 -72.208441
vn -25.704488 -64.227886 -72.208441
vn -25.704488 -64.227886 -72.208441
vn 96.196830 9.541958 -25.595370
vn 96.196830 9.541958 -25.595370
vn 96.196830 9.541958 -25.595370
vn -91.457579 -11.325160 -38.823376
vn -91.457579 -11.325160 -38.823376
vn -91.457579 -11.325160 -38.823376
vn -96.141289 -22.979046 -15.126707
vn -96.141289 -22.979046 -15.126707
vn -96.141289 -22.979046 -15.126707
vn -43.833048 -62.510472 -64.584091
vn -43.833048 -62.510472 -64.584091
vn -43.833048 -62.510472 -64.584091
vn 17.096859 38.566212 90.666118
vn 17.096859 38.566212 90.666118
vn 17.096859 38.566212 90.666118
vn -87.273904 11.257020 -47.503104
vn -87.273904 11.257020 -47.503104
vn -87.273904 11.257020 -47.503104
vn 43.293298 -2.178462 -90.116291
vn 43.293298 -2.178462 -90.116291
vn 43.293298 -2.178462 -90.116291
vn -15.909117 -98.658353 -3.664851
vn -15.909117 -98.658353 -3.664851
vn -15.909117 -98.658353 -3.664851
vn 2.762855 69.344632 -71.997845
vn 2.762855 69.344632 -71.997845
vn 2.762855 69.344632 -71.997845
vn 39.823942 73.518240 54.855478
vn 39.823942 73.518240 54.855478
vn 39.823942 73.518240 54.855478
vn -43.999318 -55.053389 -70.944936
vn -43.999318 -55.053389 -70.944936
vn -43.999318 -55.053389 -70.944936
vn 76.461418 18.476619 61.743561
vn 76.461418 18.476619 61.743561
vn 76.461418 18.476619 61.743561
vn -9.778400 -89.300637 43.929271
vn -9.778400 -89.300637 43.929271
vn -9.778400 -89.300637 43.929271
vn 15.307098 -85.231914 -50.012138
vn 15.307098 -85.231914 -50.012138
vn 15.307098 -85.231914 -50.012138
vn -41.460399 -84.624331 -33.462781
vn -41.460399 -84.624331 -33.462781
vn -41.460399 -84.624331 -33.462781
vn 8.627645 -98.866034 12.291128
vn 8.627645 -98.866034 12.291128
vn 8.627645 -98.866034 12.291128
vn -47.472529 -1.518513 -88.000309
vn -47.472529 -1.518513 -88.000309
vn -47.472529 -1.518513 -88.000309
vn 85.132309 3.933264 -52.316539
vn 85.132309 3.933264 -52.316539
vn 85.132309 3.933264 -52.316539
vn 92.054858 -9.861819 -37.797479
vn 92.054858 -9.861819 -37.797479
vn 92.054858 -9.861819 -37.797479
vn 10.403974 -27.261275 -95.648212
vn 10.403974 -27.261275 -95.648212
vn 10.403974 -27.261275 -95.648212
vn -80.515083 29.279570 51.575475
vn -80.515083 29.279570 51.575475
vn -80.515083 29.279570 51.575475
vn 70.154888 0.289826 71.261554
vn 70.154888 0.289826 71.261554
vn 70.154888 0.289826 71.261554
vn -17.448449 -62.664319 -75.952192
vn -17.448449 -62.664319 -75.952192
vn -17.448449 -62.664319 -75.952192
vn -72.668226 -34.630735 -59.329952
vn -72.668226 -34.630735 -59.329952
vn -72.668226 -34.630735 -59.329952
vn 31.070675 -94.561083 9.634160
vn 31.070675 -94.561083 9.634160
vn 31.070675 -94.561083 9.634160
vn 92.423887 -35.944325 12.877548
vn 92.423887 -35.944325 12.877548
vn 92.423887 -35.944325 12.877548
vn -51.782193 -12.945992 -84.563632
vn -51.782193 -12.945992 -84.563632
vn -51.782193 -12.945992 -84.563632
vn -65.454628 -40.269016 -63.985143
vn -65.454628 -40.269016 -63.985143
vn -65.454628 -40.269016 -63.985143
vn -88.822319 -11.856930 44.384786
vn -88.822319 -11.856930 44.384786
vn -88.822319 -11.856930 44.384786
vn 7.643865 -7.588729 -99.418221
vn 7.643865 -7.588729 -99.418221
vn 7.643865 -7.588729 -99.418221
vn 90.199179 3.317125 43.047709
vn 90.199179 3.317125 43.047709
vn 90.199179 3.317125 43.047709
vn -78.296703 10.571697 61.301433
vn -78.296703 10.571697 61.301433
vn -78.296703 10.571697 61.301433
vn -99.047067 -7.340655 11.653062
vn -99.047067 -7.340655 11.653062
vn -99.047067 -7.340655 11.653062
vn -3.654774 -93.610459 34.981790
vn -3.654774 -93.610459 34.981790
vn -3.654774 -93.610459 34.981790
vn -72.342646 13.999434 67.605898
vn -72.342646 13.999434 67.605898
vn -72.342646 13.999434 67.605898
vn -49.626650 2.678314 86.775706
vn -49.626650 2.678314 86.775706
vn -49.626650 2.678314 86.775706
vn 55.428840 -83.231719 0.354653
vn 55.428840 -83.231719 0.354653
vn 55.428840 -83.231719 0.354653
vn 19.725610 -15.263553 96.839678
vn 19.725610 -15.263553 96.839678
vn 19.725610 -15.263553 96.839678
vn -80.920776 45.387261 -37.307164
vn -80.920776 45.387261 -37.307164
vn -80.920776 45.387261 -37.307164
vn -93.238980 33.402532 -13.811712
vn -93.238980 33.402532 -13.811712
vn -93.238980 33.402532 -13.811712
vn 12.794481 -64.936333 74.963822
vn 12.794481 -64.936333 74.963822
vn 12.794481 -64.936333 74.963822
vn -37.953047 63.074973 67.683925
vn -37.953047 63.074973 67.683925
vn -37.953047 63.074973 67.683925
vn -85.888664 28.782706 42.363829
vn -85.888664 28.782706 42.363829
vn -85.888664 28.782706 42.363829
vn -50.260856 67.907262 -53.501876
vn -50.260856 67.907262 -53.501876
vn -50.260856 67.907262 -53.501876
vn -80.506951 -2.782373 59.252762
vn -80.506951 -2.782373 59.252762
vn -80.506951 -2.782373 59.252762
vn -57.504805 56.884462 -58.799280
vn -57.504805 56.884462 -58.799280
vn -57.504805 56.884462 -58.799280
vn -89.603632 -13.495728 -42.297218
vn -89.603632 -13.495728 -42.297218
vn -89.603632 -13.495728 -42.297218
vn -96.574459 -23.690162 -10.590113
vn -96.574459 -23.690162 -10.590113
vn -96.574459 -23.690162 -10.590113
vn -10.989649 -85.676138 50.386779
vn -10.989649 -85.676138 50.386779
vn -10.989649 -85.676138 50.386779
vn -64.252508 -68.409356 34.522100
vn -64.252508 -68.409356 34.522100
vn -64.252508 -68.409356 34.522100
vn 78.101694 59.460554 19.093671
vn 78.101694 59.460554 19.093671
vn 78.101694 59.460554 19.093671
vn 20.577354 -39.485642 -89.540253
vn 20.577354 -39.485642 -89.540253
vn 20.577354 -39.485642 -89.540253
vn -83.673993 22.523983 -49.913255
vn -83.673993 22.523983 -49.913255
vn -83.673993 22.523983 -49.913255
vn -87.391789 15.117912 46.196597
vn -87.391789 15.117912 46.196597
vn -87.391789 15.117912 46.196597
vn -59.265085 -9.746473 -79.954083
vn -59.265085 -9.746473 -79.954083
vn -59.265085 -9.746473 -79.954083
vn 8.963710 -2.804100 -99.557972
vn 8.963710 -2.804100 -99.557972
vn 8.963710 -2.804100 -99.557972
vn 28.220013 -90.657568 31.382118
vn 28.220013 -90.657568 31.382118
vn 28.220013 -90.657568 31.382118
vn -98.764974 5.054620 14.830079
vn -98.764974 5.054620 14.830079
vn -98.764974 5.054620 14.830079
vn 72.732871 -67.838845 -10.383713
vn 72.732871 -67.838845 -10.383713
vn 72.732871 -67.838845 -10.383713
vn -73.281243 19.820127 -65.092421
vn -73.281243 19.820127 -65.092421
vn -73.281243 19.820127 -65.092421
vn 71.543263 28.420018 63.826837
vn 71.543263 28.420018 63.826837
vn 71.543263 28.420018 63.826837
vn 45.411564 -55.498886 69.696954
vn 45.411564 -55.498886 69.696954
vn 45.411564 -55.498886 69.696954
vn 44.984626 37.708482 80.959596
vn 44.984626 37.708482 80.959596
vn 44.984626 37.708482 80.959596
vn 72.151051 -4.250865 -69.109741
vn 72.151051 -4.250865 -69.109741
vn 72.151051 -4.250865 -69.109741
vn 40.984474 8.533663 90.815476
vn 40.984474 8.533663 90.815476
vn 40.984474 8.533663 90.815476
vn 25.961803 -53.600725 -80.330245
vn 25.961803 -53.600725 -80.330245
vn 25.961803 -53.600725 -80.330245
vn -6.149203 -35.154932 -93.414775
vn -6.149203 -35.154932 -93.414775
vn -6.149203 -35.154932 -93.414775
vn -74.482950 4.135468 66.597216
vn -74.482950 4.135468 66.597216
vn -74.482950 4.135468 66.597216
vn 94.241897 11.551968 31.384976
vn 94.241897 11.551968 31.384976
vn 94.241897 11.551968 31.384976
vn -92.125957 -37.344277 -10.872595
vn -92.125957 -37.344277 -10.872595
vn -92.125957 -37.344277 -10.872595
vn 89.488724 17.355119 41.116545
vn 89.488724 17.355119 41.116545
vn 89.488724 17.355119 41.116545
vn -74.313522 62.886372 22.864915
vn -74.313522 62.886372 22.864915
vn -74.313522 62.886372 22.864915
vn -64.178504 34.602217 -68.438342
vn -64.178504 34.602217 -68.438342
vn -64.178504 34.602217 -68.438342
vn -90.274878 43.008739 0.833132
vn -90.274878 43.008739 0.833132
vn -90.274878 43.008739 0.833132
vn -42.060522 56.091392 -71.306858
vn -42.060522 56.091392 -71.306858
vn -42.060522 56.091392 -71.306858
vn -54.533532 14.498683 82.558356
vn -54.533532 14.498683 82.558356
vn -54.533532 14.498683 82.558356
vn 29.602483 -89.507266 -33.348819
vn 29.602483 -89.507266 -33.348819
vn 29.602483 -89.507266 -33.348819
vn -76.725020 -20.548359 -60.753909
vn -76.725020 -20.548359 -60.753909
vn -76.725020 -20.548359 -60.753909
vn -96.464618 -11.055820 -23.923765
vn -96.464618 -11.055820 -23.923765
vn -96.464618 -11.055820 -23.923765
vn -52.197744 33.750773 78.334417
vn -52.197744 33.750773 78.334417
vn -52.197744 33.750773 78.334417
vn 8.419023 92.055834 38.142414
vn 8.419023 92.055834 38.142414
vn 8.419023 92.055834 38.142414
vn -53.822151 83.926459 7.715405
vn -53.822151 83.926459 7.715405
vn -53.822151 83.926459 7.715405
vn 85.597627 20.814400 -47.326612
vn 85.597627 20.814400 -47.326612
vn 85.597627 20.814400 -47.326612
vn -87.768552 30.429193 -37.023602
vn -87.768552 30.429193 -37.023602
vn -87.768552 30.429193 -37.023602
vn -99.320390 11.323705 2.689588
vn -99.320390 11.323705 2.689588
vn -99.320390 11.323705 2.689588
vn -85.539600 50.217590 -12.695334
vn -85.539600 50.217590 -12.695334
vn -85.539600 50.217590 -12.695334
vn -71.754765 -57.046138 -39.962373
vn -71.754765 -57.046138 -39.962373
vn -71.754765 -57.046138 -39.962373
vn -95.488836 10.370627 27.826832
vn -95.488836 10.370627 27.826832
vn -95.488836 10.370627 27.826832
vn 66.282215 -12.381162 73.846972
vn 66.282215 -12.381162 73.846972
vn 66.282215 -12.381162 73.846972
vn 67.241427 -26.773078 -69.005743
vn 67.241427 -26.773078 -69.005743
vn 67.241427 -26.773078 -69.005743
vn 68.554595 -72.731390 -3.227003
vn 68.554595 -72.731390 -3.227003
vn 68.554595 -72.731390 -3.227003
vn -20.334194 12.407423 -97.121453
vn -20.334194 12.407423 -97.121453
vn -20.334194 12.407423 -97.121453
vn -49.329631 -74.259274 -45.300634
vn -49.329631 -74.259274 -45.300634
vn -49.329631 -74.259274 -45.300634
vn 80.030402 23.279899 55.255601
vn 80.030402 23.279899 55.255601
vn 80.030402 23.279899 55.255601
vn -72.649788 57.660315 37.380441
vn -72.649788 57.660315 37.380441
vn -72.649788 57.660315 37.380441
vn -33.532124 -6.073239 94.014433
vn -33.532124 -6.073239 94.014433
vn -33.532124 -6.073239 94.014433
vn 17.801219 9.209981 -97.970879
vn 17.801219 9.209981 -97.970879
vn 17.801219 9.209981 -97.970879
vn -83.692569 49.357746 23.650942
vn -83.692569 49.357746 23.650942
vn -83.692569 49.357746 23.650942
vn -64.325166 -52.116057 56.090904
vn -64.325166 -52.116057 56.090904
vn -64.325166 -52.116057 56.090904
vn -88.367357 -30.812023 -35.239614
vn -88.367357 -30.812023 -35.239614
vn -88.367357 -30.812023 -35.239614
vn -88.840486 -24.237958 38.985780
vn -88.840486 -24.237958 38.985780
vn -88.840486 -24.237958 38.985780
vn -84.936792 34.036429 40.339367
vn -84.936792 34.036429 40.339367
vn -84.936792 34.036429 40.339367
vn 7.725742 87.958039 46.943545
vn 7.725742 87.958039 46.943545
vn 7.725742 87.958039 46.943545
vn 83.996607 53.616962 -8.354125
vn 83.996607 53.616962 -8.354125
vn 83.996607 53.616962 -8.354125
vn -88.359520 22.771048 40.915450
vn -88.359520 22.771048 40.915450
vn -88.359520 22.771048 40.915450
vn 90.411464 5.634744 42.355844
vn 90.411464 5.634744 42.355844
vn 90.411464 5.634744 42.355844
vn 83.361005 27.352760 47.987195
vn 83.361005 27.352760 47.987195
vn 83.361005 27.352760 47.987195
vn 86.677337 -2.494513 -49.807802
vn 86.677337 -2.494513 -49.807802
vn 86.677337 -2.494513 -49.807802
vn 86.479398 22.672256 44.802717
vn 86.479398 22.672256 44.802717
vn 86.479398 22.672256 44.802717
vn -96.528648 15.457694 21.054205
vn -96.528648 15.457694 21.054205
vn -96.528648 15.457694 21.054205
vn -15.992639 -74.527378 -64.729488
vn -15.992639 -74.527378 -64.729488
vn -15.992639 -74.527378 -64.729488
vn -39.751153 -48.340013 77.994168
vn -39.751153 -48.340013 77.994168
vn -39.751153 -48.340013 77.994168
vn -92.230808 18.407617 -33.979952
vn -92.230808 18.407617 -33.979952
vn -92.230808 18.407617 -33.979952
vn -91.933984 -6.781564 38.757632
vn -91.933984 -6.781564 38.757632
vn -91.933984 -6.781564 38.757632
vn -91.482463 -15.761506 -37.182445
vn -91.482463 -15.761506 -37.182445
vn -91.482463 -15.761506 -37.182445
vn -51.604224 -65.875241 54.749046
vn -51.604224 -65.875241 54.749046
vn -51.604224 -65.875241 54.749046
vn -90.972598 -10.845722 40.079386
vn -90.972598 -10.845722 40.079386
vn -90.972598 -10.845722 40.079386
vn 6.471588 9.375963 -99.348935
vn 6.471588 9.375963 -99.348935
vn 6.471588 9.375963 -99.348935
vn -51.015693 -69.801121 -50.251403
vn -51.015693 -69.801121 -50.251403
vn -51.015693 -69.801121 -50.251403
vn -55.182319 -3.769938 -83.310859
vn -55.182319 -3.769938 -83.310859
vn -55.182319 -3.769938 -83.310859
vn -99.861851 -1.239871 -5.106460
vn -99.861851 -1.239871 -5.106460
vn -99.861851 -1.239871 -5.106460
vn 57.451347 16.213813 80.227523
vn 57.451347 16.213813 80.227523
vn 57.451347 16.213813 80.227523
vn -12.512211 96.472646 23.161893
vn -12.512211 96.472646 23.161893
vn -12.512211 96.472646 23.161893
vn -36.588967 34.557519 86.411956
vn -36.588967 34.557519 86.411956
vn -36.588967 34.557519 86.411956
vn -99.337972 -8.037249 8.207905
vn -99.337972 -8.037249 8.207905
vn -99.337972 -8.037249 8.207905
vn -86.218222 -8.173494 -49.996132
vn -86.218222 -8.173494 -49.996132
vn -86.218222 -8.173494 -49.996132
vn 84.511789 -7.126871 -52.980815
vn 84.511789 -7.126871 -52.980815
vn 84.511789 -7.126871 -52.980815
vn -38.713530 90.141108 19.386731
vn -38.713530 90.141108 19.386731
vn -38.713530 90.141108 19.386731
vn -99.046842 9.896550 9.580275
vn -99.046842 9.896550 9.580275
vn -99.046842 9.896550 9.580275
vn 79.435991 -20.751621 -57.090225
vn 79.435991 -20.751621 -57.090225
vn 79.435991 -20.751621 -57.090225
vn 84.099001 -8.844869 -53.377212
vn 84.099001 -8.844869 -53.377212
vn 84.099001 -8.844869 -53.377212
vn -42.382857 83.899870 34.124880
vn -42.382857 83.899870 34.124880
vn -42.382857 83.899870 34.124880
vn -38.002594 11.221436 91.814393
vn -38.002594 11.221436 91.814393
vn -38.002594 11.221436 91.814393
vn -74.149552 33.089630 -58.368844
vn -74.149552 33.089630 -58.368844
vn -74.149552 33.089630 -58.368844
vn 56.313130 -35.730136 -74.513021
vn 56.313130 -35.730136 -74.513021
vn 56.313130 -35.730136 -74.513021
vn -67.153804 40.968258 61.741157
vn -67.153804 40.968258 61.741157
vn -67.153804 40.968258 61.741157
vn -38.184390 84.394344 37.676874
vn -38.184390 84.394344 37.676874
vn -38.184390 84.394344 37.676874
vn 13.581317 42.041986 89.710757
vn 13.581317 42.041986 89.710757
vn 13.581317 42.041986 89.710757
vn -8.405070 80.354219 -58.928384
vn -8.405070 80.354219 -58.928384
vn -8.405070 80.354219 -58.928384
vn -84.049342 -42.930696 -33.055473
vn -84.049342 -42.930696 -33.055473
vn -84.049342 -42.930696 -33.055473
vn 66.861419 -67.129095 31.988072
vn 66.861419 -67.129095 31.988072
vn 66.861419 -67.129095 31.988072
vn -33.436988 -7.355768 93.956701
vn -33.436988 -7.355768 93.956701
vn -33.436988 -7.355768 93.956701
vn 70.569198 32.956978 -62.720235
vn 70.569198 32.956978 -62.720235
vn 70.569198 32.956978 -62.720235
vn 9.885224 39.746051 91.227921
vn 9.885224 39.746051 91.227921
vn 9.885224 39.746051 91.227921
vn 29.190275 -25.298214 -92.238431
vn 29.190275 -25.298214 -92.238431
vn 29.190275 -25.298214 -92.238431
vn 37.870028 22.250817 -89.837422
vn 37.870028 22.250817 -89.837422
vn 37.870028 22.250817 -89.837422
vn 23.202385 37.182555 -89.883849
vn 23.202385 37.182555 -89.883849
vn 23.202385 37.182555 -89.883849
vn -17.490728 -70.704422 68.519774
vn -17.490728 -70.704422 68.519774
vn -17.490728 -70.704422 68.519774
vn -56.801172 11.822900 81.448428
vn -56.801172 11.822900 81.448428
vn -56.801172 11.822900 81.448428
vn -7.301341 -28.250154 -95.648425
vn -7.301341 -28.250154 -95.648425
vn -7.301341 -28.250154 -95.648425
vn -40.136562 -61.126870 -68.209692
vn -40.136562 -61.126870 -68.209692
vn -40.136562 -61.126870 -68.209692
vn 5.708280 -32.549649 -94.381859
vn 5.708280 -32.549649 -94.381859
vn 5.708280 -32.549649 -94.381859
vn -79.396810 19.616082 -57.544397
vn -79.396810 19.616082 -57.544397
vn -79.396810 19.616082 -57.544397
vn 86.674317 -44.471764 22.579340
vn 86.674317 -44.471764 22.579340
vn 86.674317 -44.471764 22.579340
vn -2.149165 19.779270 98.000837
vn -2.149165 19.779270 98.000837
vn -2.149165 19.779270 98.000837
vn 3.910433 -96.245682 26.860339
vn 3.910433 -96.245682 26.860339
vn 3.910433 -96.245682 26.860339
vn -65.047355 34.330631 -67.751381
vn -65.047355 34.330631 -67.751381
vn -65.047355 34.330631 -67.751381
vn -60.907490 -1.345250 -79.299871
vn -60.907490 -1.345250 -79.299871
vn -60.907490 -1.345250 -79.299871
vn -11.968002 92.541349 -35.956440
vn -11.968002 92.541349 -35.956440
vn -11.968002 92.541349 -35.956440
vn 32.988840 -42.450487 84.318991
vn 32.988840 -42.450487 84.318991
vn 32.988840 -42.450487 84.318991
vn -95.917250 -15.454002 23.686613
vn -95.917250 -15.454002 23.686613
vn -95.917250 -15.454002 23.686613
vn -36.434687 89.265962 26.534917
vn -36.434687 89.265962 26.534917
vn -36.434687 89.265962 26.534917
vn 21.408523 21.434382 95.300812
vn 21.408523 21.434382 95.300812
vn 21.408523 21.434382 95.300812
vn -16.615710 -96.250485 21.442096
vn -16.615710 -96.250485 21.442096
vn -16.615710 -96.250485 21.442096
vn -88.254585 -29.945502 -36.254588
vn -88.254585 -29.945502 -36.254588
vn -88.254585 -29.945502 -36.254588
vn -91.179629 -15.953936 -37.838454
vn -91.179629 -15.953936 -37.838454
vn -91.179629 -15.953936 -37.838454
vn -70.311983 47.438203 -52.970204
vn -70.311983 47.438203 -52.970204
vn -70.311983 47.438203 -52.970204
vn -12.074306 -55.259553 82.465706
vn -12.074306 -55.259553 82.465706
vn -12.074306 -55.259553 82.465706
vn -15.973897 -5.060955 -98.586118
vn -15.973897 -5.060955 -98.586118
vn -15.973897 -5.060955 -98.586118
vn 53.803954 13.784936 83.157153
vn 53.803954 13.784936 83.157153
vn 53.803954 13.784936 83.157153
vn 47.739826 11.626669 87.096098
vn 47.739826 11.626669 87.096098
vn 47.739826 11.626669 87.096098
vn -26.834388 95.321990 -13.915272
vn -26.834388 95.321990 -13.915272
vn -26.834388 95.321990 -13.915272
vn -62.396500 -55.836909 -54.670992
vn -62.396500 -55.836909 -54.670992
vn -62.396500 -55.836909 -54.670992
vn 22.028545 -44.337513 86.884578
vn 22.028545 -44.337513 86.884578
vn 22.028545 -44.337513 86.884578
vn -75.379896 -64.178333 14.107229
vn -75.379896 -64.178333 14.107229
vn -75.379896 -64.178333 14.107229
vn 81.314709 -43.990921 38.114533
vn 81.314709 -43.990921 38.114533
vn 81.314709 -43.990921 38.114533
vn -62.135853 -13.374947 77.202637
vn -62.135853 -13.374947 77.202637
vn -62.135853 -13.374947 77.202637
vn 86.222654 -40.136273 -30.898783
vn 86.222654 -40.136273 -30.898783
vn 86.222654 -40.136273 -30.898783
vn 73.644186 -42.274918 52.814453
vn 73.644186 -42.274918 52.814453
vn 73.644186 -42.274918 52.814453
vn -88.549172 20.566834 41.665922
vn -88.549172 20.566834 41.665922
vn -88.549172 20.566834 41.665922
vn 68.156146 -71.848425 -13.875999
vn 68.156146 -71.848425 -13.875999
vn 68.156146 -71.848425 -13.875999
vn 17.866061 -98.292536 4.402530
vn 17.866061 -98.292536 4.402530
vn 17.866061 -98.292536 4.402530
vn -78.064868 60.822860 14.368608
vn -78.064868 60.822860 14.368608
vn -78.064868 60.822860 14.368608
vn -50.561000 35.858933 78.471154
vn -50.561000 35.858933 78.471154
vn -50.561000 35.858933 78.471154
vn 33.863414 -15.639253 -92.782995
vn 33.863414 -15.639253 -92.782995
vn 33.863414 -15.639253 -92.782995
vn 98.370883 17.976948 0.017637
vn 98.370883 17.976948 0.017637
vn 98.370883 17.976948 0.017637
vn 53.243616 -53.099034 -65.921241
vn 53.243616 -53.099034 -65.921241
vn 53.243616 -53.099034 -65.921241
vn -33.198915 -89.069257 31.056388
vn -33.198915 -89.069257 31.056388
vn -33.198915 -89.069257 31.056388
vn -12.663088 -64.057137 -75.738567
vn -12.663088 -64.057137 -75.738567
vn -12.663088 -64.057137 -75.738567
vn 8.097840 -7.670624 -99.375984
vn 8.097840 -7.670624 -99.375984
vn 8.097840 -7.670624 -99.375984
vn -30.302950 65.800228 68.935198
vn -30.302950 65.800228 68.935198
vn -30.302950 65.800228 68.935198
vn 31.972559 93.770819 13.593738
vn 31.972559 93.770819 13.593738
vn 31.972559 93.770819 13.593738
vn -42.384257 72.157481 54.743706
vn -42.384257 72.157481 54.743706
vn -42.384257 72.157481 54.743706
vn -49.415470 77.965328 38.464535
vn -49.415470 77.965328 38.464535
vn -49.415470 77.965328 38.464535
vn 6.933647 91.040884 -40.785804
vn 6.933647 91.040884 -40.785804
vn 6.933647 91.040884 -40.785804
vn -45.711312 -29.117435 84.039589
vn -45.711312 -29.117435 84.039589
vn -45.711312 -29.117435 84.039589
vn 29.203071 -54.372999 -78.681374
vn 29.203071 -54.372999 -78.681374
vn 29.203071 -54.372999 -78.681374
vn -47.742464 21.704575 -85.144406
vn -47.742464 21.704575 -85.144406
vn -47.742464 21.704575 -85.144406
vn -60.717655 -0.102244 79.456634
vn -60.717655 -0.102244 79.456634
vn -60.717655 -0.102244 79.456634
vn -41.300954 -17.474168 89.380562
vn -41.300954 -17.474168 89.380562
vn -41.300954 -17.474168 89.380562
vn -64.601806 32.727332 -68.960340
vn -64.601806 32.727332 -68.960340
vn -64.601806 32.727332 -68.960340
vn 31.884687 16.387112 93.353256
vn 31.884687 16.387112 93.353256
vn 31.884687 16.387112 93.353256
vn -34.141480 -93.340116 -11.044628
vn -34.141480 -93.340116 -11.044628
vn -34.141480 -93.340116 -11.044628
vn -50.621050 -12.447196 -85.338022
vn -50.621050 -12.447196 -85.338022
vn -50.621050 -12.447196 -85.338022
vn -25.528712 84.158423 47.598786
vn -25.528712 84.158423 47.598786
vn -25.528712 84.158423 47.598786
vn 25.964225 -2.672275 -96.533511
vn 25.964225 -2.672275 -96.533511
vn 25.964225 -2.672275 -96.533511
vn 92.780646 25.848307 -26.900149
vn 92.780646 25.848307 -26.900149
vn 92.780646 25.848307 -26.900149
vn 76.802144 18.511598 61.308675
vn 76.802144 18.511598 61.308675
vn 76.802144 18.511598 61.308675
vn -32.083920 -59.158588 -73.965435
vn -32.083920 -59.158588 -73.965435
vn -32.083920 -59.158588 -73.965435
vn 6.480818 -2.322038 -99.762750
vn 6.480818 -2.322038 -99.762750
vn 6.480818 -2.322038 -99.762750
vn -35.643854 20.981147 91.045635
vn -35.643854 20.981147 91.045635
vn -35.643854 20.981147 91.045635
vn -98.047999 -11.149527 -16.195002
vn -98.047999 -11.149527 -16.195002
vn -98.047999 -11.149527 -16.195002
vn -23.070704 68.060892 -69.537453
vn -23.070704 68.060892 -69.537453
vn -23.070704 68.060892 -69.537453
vn 93.299193 -10.965694 -34.278512
vn 93.299193 -10.965694 -34.278512
vn 93.299193 -10.965694 -34.278512
vn -98.776492 -8.434058 13.117573
vn -98.776492 -8.434058 13.117573
vn -98.776492 -8.434058 13.117573
vn 95.250261 4.653234 -30.095434
vn 95.250261 4.653234 -30.095434
vn 95.250261 4.653234 -30.095434
vn -97.013559 -22.508889 -9.039926
vn -97.013559 -22.508889 -9.039926
vn -97.013559 -22.508889 -9.039926
vn 69.948407 3.340042 -71.386724
vn 69.948407 3.340042 -71.386724
vn 69.948407 3.340042 -71.386724
vn -99.199225 12.581109 -1.108857
vn -99.199225 12.581109 -1.108857
vn -99.199225 12.581109 -1.108857
vn -98.981044 6.606922 12.613635
vn -98.981044 6.606922 12.613635
vn -98.981044 6.606922 12.613635
vn 28.445665 58.159978 76.211954
vn 28.445665 58.159978 76.211954
vn 28.445665 58.159978 76.211954
vn 6.983682 -18.530045 98.019727
vn 6.983682 -18.530045 98.019727
vn 6.983682 -18.530045 98.019727
vn -17.744201 -86.157573 -47.560670
vn -17.744201 -86.157573 -47.560670
vn -17.744201 -86.157573 -47.560670
vn -81.458542 -31.991528 48.384382
vn -81.458542 -31.991528 48.384382
vn -81.458542 -31.991528 48.384382
vn 53.967835 -33.333472 77.306876
vn 53.967835 -33.333472 77.306876
vn 53.967835 -33.333472 77.306876
vn 75.310332 -64.666560 12.107443
vn 75.310332 -64.666560 12.107443
vn 75.310332 -64.666560 12.107443
vn -95.144610 9.924777 29.137652
vn -95.144610 9.924777 29.137652
vn -95.144610 9.924777 29.137652
vn -89.468017 25.739996 36.509276
vn -89.468017 25.739996 36.509276
vn -89.468017 25.739996 36.509276
vn -80.182243 38.327173 45.845796
vn -80.182243 38.327173 45.845796
vn -80.182243 38.327173 45.845796
vn 70.103583 -46.352888 54.193155
vn 70.103583 -46.352888 54.193155
vn 70.103583 -46.352888 54.193155
vn -99.530784 2.036290 -9.459230
vn -99.530784 2.036290 -9.459230
vn -99.530784 2.036290 -9.459230
vn 83.551866 -41.466711 -36.049962
vn 83.551866 -41.466711 -36.049962
vn 83.551866 -41.466711 -36.049962
vn -15.904822 0.344710 -98.726483
vn -15.904822 0.344710 -98.726483
vn -15.904822 0.344710 -98.726483
vn 81.724650 39.172625 -42.268036
vn 81.724650 39.172625 -42.268036
vn 81.724650 39.172625 -42.268036
vn 14.839675 -12.824468 -98.057723
vn 14.839675 -12.824468 -98.057723
vn 14.839675 -12.824468 -98.057723
vn 54.052438 -14.767377 82.826683
vn 54.052438 -14.767377 82.826683
vn 54.052438 -14.767377 82.826683
vn -63.473720 73.150940 -24.900338
vn -63.473720 73.150940 -24.900338
vn -63.473720 73.150940 -24.900338
vn 20.665779 -97.793222 -3.068110
vn 20.665779 -97.793222 -3.068110
vn 20.665779 -97.793222 -3.068110
vn 6.473973 96.376490 -25.877783
vn 6.473973 96.376490 -25.877783
vn 6.473973 96.376490 -25.877783
vn 2.674457 -34.294199 -93.897584
vn 2.674457 -34.294199 -93.897584
vn 2.674457 -34.294199 -93.897584
vn -78.698080 -7.913017 -61.188220
vn -78.698080 -7.913017 -61.188220
vn -78.698080 -7.913017 -61.188220
vn 20.822383 97.481524 -7.986379
vn 20.822383 97.481524 -7.986379
vn 20.822383 97.481524 -7.986379
vn -88.628726 45.280880 -9.725813
vn -88.628726 45.280880 -9.725813
vn -88.628726 45.280880 -9.725813
vn -73.012651 67.954573 -7.164497
vn -73.012651 67.954573 -7.164497
vn -73.012651 67.954573 -7.164497
vn -21.124426 30.731304 -92.786564
vn -21.124426 30.731304 -92.786564
vn -21.124426 30.731304 -92.786564
vn -87.966832 0.250123 47.558113
vn -87.966832 0.250123 47.558113
vn -87.966832 0.250123 47.558113
vn 86.222520 -4.458262 -50.455928
vn 86.222520 -4.458262 -50.455928
vn 86.222520 -4.458262 -50.455928
vn -23.053300 -92.576182 -29.969919
vn -23.053300 -92.576182 -29.969919
vn -23.053300 -92.576182 -29.969919
vn 99.701573 -6.636127 -3.944468
vn 99.701573 -6.636127 -3.944468
vn 99.701573 -6.636127 -3.944468
vn -77.650609 49.893288 38.484324
vn -77.650609 49.893288 38.484324
vn -77.650609 49.893288 38.484324
vn -97.165872 -12.210368 20.241088
vn -97.165872 -12.210368 20.241088
vn -97.165872 -12.210368 20.241088
vn 47.296176 31.698752 82.208641
vn 47.296176 31.698752 82.208641
vn 47.296176 31.698752 82.208641
vn -34.330353 62.724065 -69.907945
vn -34.330353 62.724065 -69.907945
vn -34.330353 62.724065 -69.907945
vn -43.392499 -84.579324 -31.039151
vn -43.392499 -84.579324 -31.039151
vn -43.392499 -84.579324 -31.039151
vn -46.590496 -81.421732 -34.638518
vn -46.590496 -81.421732 -34.638518
vn -46.590496 -81.421732 -34.638518
vn -78.822345 53.220210 30.897381
vn -78.822345 53.220210 30.897381
vn -78.822345 53.220210 30.897381
vn 19.894083 -97.821433 5.932332
vn 19.894083 -97.821433 5.932332
vn 19.894083 -97.821433 5.932332
vn 26.536412 87.952844 -39.498312
vn 26.536412 87.952844 -39.498312
vn 26.536412 87.952844 -39.498312
vn 93.654279 14.476672 31.926498
vn 93.654279 14.476672 31.926498
vn 93.654279 14.476672 31.926498
vn -88.214808 -10.974818 45.800678
vn -88.214808 -10.974818 45.800678
vn -88.214808 -10.974818 45.800678
vn 96.048345 -6.402400 -27.087382
vn 96.048345 -6.402400 -27.087382
vn 96.048345 -6.402400 -27.087382
vn 69.680171 70.298240 14.241950
vn 69.680171 70.298240 14.241950
vn 69.680171 70.298240 14.241950
vn -47.500982 10.097871 87.416766
vn -47.500982 10.097871 87.416766
vn -47.500982 10.097871 87.416766
vn -43.115743 -86.945848 24.113342
vn -43.115743 -86.945848 24.113342
vn -43.115743 -86.945848 24.113342
vn -73.454943 2.120335 67.822392
vn -73.454943 2.120335 67.822392
vn -73.454943 2.120335 67.822392
vn -22.722547 47.304784 -85.123119
vn -22.722547 47.304784 -85.123119
vn -22.722547 47.304784 -85.123119
vn 64.246569 50.071608 58.010470
vn 64.246569 50.071608 58.010470
vn 64.246569 50.071608 58.010470
vn 95.557310 27.648895 -10.214705
vn 95.557310 27.648895 -10.214705
vn 95.557310 27.648895 -10.214705
vn 93.111986 33.988490 -13.226617
vn 93.111986 33.988490 -13.226617
vn 93.111986 33.988490 -13.226617
vn 96.846252 -17.051296 18.167469
vn 96.846252 -17.051296 18.167469
vn 96.846252 -17.051296 18.167469
vn -55.265699 -82.861755 -8.923763
vn -55.265699 -82.861755 -8.923763
vn -55.265699 -82.861755 -8.923763
vn 99.795813 -5.565299 -3.134522
vn 99.795813 -5.565299 -3.134522
vn 99.795813 -5.565299 -3.134522
vn -50.338968 -62.635725 -59.521052
vn -50.338968 -62.635725 -59.521052
vn -50.338968 -62.635725 -59.521052
vn 36.888226 60.982311 70.145680
vn 36.888226 60.982311 70.145680
vn 36.888226 60.982311 70.145680
vn -84.323750 38.914315 37.083465
vn -84.323750 38.914315 37.083465
vn -84.323750 38.914315 37.083465
vn -75.536594 -13.412443 64.143045
vn -75.536594 -13.412443 64.143045
vn -75.536594 -13.412443 64.143045
vn 33.927067 80.532441 -48.615650
vn 33.927067 80.532441 -48.615650
vn 33.927067 80.532441 -48.615650
vn -46.563605 3.314592 88.435531
vn -46.563605 3.314592 88.435531
vn -46.563605 3.314592 88.435531
vn -78.694250 -15.416406 -59.745716
vn -78.694250 -15.416406 -59.745716
vn -78.694250 -15.416406 -59.745716
vn -60.561965 29.995859 -73.705475
vn -60.561965 29.995859 -73.705475
vn -60.561965 29.995859 -73.705475
vn -16.973734 -96.312885 20.873969
vn -16.973734 -96.312885 20.873969
vn -16.973734 -96.312885 20.873969
vn -83.360936 -16.048838 -52.852531
vn -83.360936 -16.048838 -52.852531
vn -83.360936 -16.048838 -52.852531
vn 88.756085 25.221241 38.551892
vn 88.756085 25.221241 38.551892
vn 88.756085 25.221241 38.551892
vn -97.999182 14.010676 -14.137245
vn -97.999182 14.010676 -14.137245
vn -97.999182 14.010676 -14.137245
vn 52.139163 17.469295 -83.524443
vn 52.139163 17.469295 -83.524443
vn 52.139163 17.469295 -83.524443
vn -64.278534 -15.191613 -75.083194
vn -64.278534 -15.191613 -75.083194
vn -64.278534 -15.191613 -75.083194
vn 91.281373 -32.411855 24.843181
vn 91.281373 -32.411855 24.843181
vn 91.281373 -32.411855 24.843181
vn -96.044412 23.216403 -15.377548
vn -96.044412 23.216403 -15.377548
vn -96.044412 23.216403 -15.377548
vn -98.377074 -6.423516 16.753810
vn -98.377074 -6.423516 16.753810
vn -98.377074 -6.423516 16.753810
vn 11.119370 -99.234158 5.379783
vn 11.119370 -99.234158 5.379783
vn 11.119370 -99.234158 5.379783
vn 23.172969 -66.507821 70.991017
vn 23.172969 -66.507821 70.991017
vn 23.172969 -66.507821 70.991017
vn 67.509898 -11.564223 72.860708
vn 67.509898 -11.564223 72.860708
vn 67.509898 -11.564223 72.860708
vn -46.066160 -73.539397 49.697752
vn -46.066160 -73.539397 49.697752
vn -46.066160 -73.539397 49.697752
vn -9.925333 8.386817 99.152157
vn -9.925333 8.386817 99.152157
vn -9.925333 8.386817 99.152157
vn 68.167451 36.312543 63.518485
vn 68.167451 36.312543 63.518485
vn 68.167451 36.312543 63.518485
vn -99.820009 1.563843 5.789848
vn -99.820009 1.563843 5.789848
vn -99.820009 1.563843 5.789848
vn -67.153138 73.694148 7.721986
vn -67.153138 73.694148 7.721986
vn -67.153138 73.694148 7.721986
vn 39.014035 53.071376 -75.241841
vn 39.014035 53.071376 -75.241841
vn 39.014035 53.071376 -75.241841
vn -42.481649 -90.065275 9.140818
vn -42.481649 -90.065275 9.140818
vn -42.481649 -90.065275 9.140818
vn 89.956600 43.001521 7.660316
vn 89.956600 43.001521 7.660316
vn 89.956600 43.001521 7.660316
vn 0.164633 30.483585 95.240350
vn 0.164633 30.483585 95.240350
vn 0.164633 30.483585 95.240350
vn -94.254166 -1.413257 -33.378975
vn -94.254166 -1.413257 -33.378975
vn -94.254166 -1.413257 -33.378975
vn -63.096600 57.847724 51.695860
vn -63.096600 57.847724 51.695860
vn -63.096600 57.847724 51.695860
vn 94.279719 -13.238389 -30.595452
vn 94.279719 -13.238389 -30.595452
vn 94.279719 -13.238389 -30.595452
vn 77.844760 -4.549363 -62.605886
vn 77.844760 -4.549363 -62.605886
vn 77.844760 -4.549363 -62.605886
vn -40.807385 89.515681 -17.936034
vn -40.807385 89.515681 -17.936034
vn -40.807385 89.515681 -17.936034
vn -95.488228 22.713640 -19.133467
vn -95.488228 22.713640 -19.133467
vn -95.488228 22.713640 -19.133467
vn 42.312784 40.421942 81.090668
vn 42.312784 40.421942 81.090668
vn 42.312784 40.421942 81.090668
vn 33.345896 -6.027362 94.083603
vn 33.345896 -6.027362 94.083603
vn 33.345896 -6.027362 94.083603
vn 78.380850 42.398377 -45.374226
vn 78.380850 42.398377 -45.374226
vn 78.380850 42.398377 -45.374226
vn -37.051770 8.113242 92.527524
vn -37.051770 8.113242 92.527524
vn -37.051770 8.113242 92.527524
vn -33.184780 -72.117982 60.809267
vn -33.184780 -72.117982 60.809267
vn -33.184780 -72.117982 60.809267
vn -97.135028 9.755594 -21.670620
vn -97.135028 9.755594 -21.670620
vn -97.135028 9.755594 -21.670620
vn 66.907766 61.966171 -41.031026
vn 66.907766 61.966171 -41.031026
vn 66.907766 61.966171 -41.031026
vn -96.801080 -6.509895 -24.231655
vn -96.801080 -6.509895 -24.231655
vn -96.801080 -6.509895 -24.231655
vn -88.719012 2.834600 -46.053250
vn -88.719012 2.834600 -46.053250
vn -88.719012 2.834600 -46.053250
vn -91.838048 -39.033150 6.495284
vn -91.838048 -39.033150 6.495284
vn -91.838048 -39.033150 6.495284
vn 14.741025 -11.852206 98.194845
vn 14.741025 -11.852206 98.194845
vn 14.741025 -11.852206 98.194845
vn 79.658435 -58.025179 -16.959171
vn 79.658435 -58.025179 -16.959171
vn 79.658435 -58.025179 -16.959171
vn 88.461642 -31.571792 -34.318519
vn 88.461642 -31.571792 -34.318519
vn 88.461642 -31.571792 -34.318519
vn 44.525820 -85.571548 -26.362120
vn 44.525820 -85.571548 -26.362120
vn 44.525820 -85.571548 -26.362120
vn 80.979871 -55.471512 19.109466
vn 80.979871 -55.471512 19.109466
vn 80.979871 -55.471512 19.109466
vn -30.530032 76.131761 -57.200279
vn -30.530032 76.131761 -57.200279
vn -30.530032 76.131761 -57.200279
vn 51.466311 71.982019 46.581210
vn 51.466311 71.982019 46.581210
vn 51.466311 71.982019 46.581210
vn 56.448212 10.420555 81.884145
vn 56.448212 10.420555 81.884145
vn 56.448212 10.420555 81.884145
vn -21.977670 -27.870211 93.489216
vn -21.977670 -27.870211 93.489216
vn -21.977670 -27.870211 93.489216
vn 98.853979 13.567346 6.619454
vn 98.853979 13.567346 6.619454
vn 98.853979 13.567346 6.619454
vn -93.266174 -19.235300 -30.519228
vn -93.266174 -19.235300 -30.519228
vn -93.266174 -19.235300 -30.519228
vn -68.587043 -51.260798 -51.654140
vn -68.587043 -51.260798 -51.654140
vn -68.587043 -51.260798 -51.654140
vn 1.992253 -38.690122 -92.190594
vn 1.992253 -38.690122 -92.190594
vn 1.992253 -38.690122 -92.190594
vn -94.169119 -8.782432 32.481478
vn -94.169119 -8.782432 32.481478
vn -94.169119 -8.782432 32.481478
vn 65.212231 -75.410112 7.789757
vn 65.212231 -75.410112 7.789757
vn 65.212231 -75.410112 7.789757
vn -67.328038 -73.259179 -10.001435
vn -67.328038 -73.259179 -10.001435
vn -67.328038 -73.259179 -10.001435
vn -64.408158 -65.102135 -40.165930
vn -64.408158 -65.102135 -40.165930
vn -64.408158 -65.102135 -40.165930
vn -96.252861 14.292483 -23.045886
vn -96.252861 14.292483 -23.045886
vn -96.252861 14.292483 -23.045886
vn 30.171474 3.936467 95.258533
vn 30.171474 3.936467 95.258533
vn 30.171474 3.936467 95.258533
vn 67.674516 58.304020 -44.953315
vn 67.674516 58.304020 -44.953315
vn 67.674516 58.304020 -44.953315
vn -13.558556 83.580749 -53.201731
vn -13.558556 83.580749 -53.201731
vn -13.558556 83.580749 -53.201731
vn -77.821563 -17.310423 60.366828
vn -77.821563 -17.310423 60.366828
vn -77.821563 -17.310423 60.366828
vn 38.441737 -53.607217 -75.156501
vn 38.441737 -53.607217 -75.156501
vn 38.441737 -53.607217 -75.156501
vn 86.112601 -7.915380 50.219204
vn 86.112601 -7.915380 50.219204
vn 86.112601 -7.915380 50.219204
vn -39.764253 -81.036446 43.033715
vn -39.764253 -81.036446 43.033715
vn -39.764253 -81.036446 43.033715
vn -58.825346 44.395486 67.591575
vn -58.825346 44.395486 67.591575
vn -58.825346 44.395486 67.591575
vn -35.849926 -65.342683 -66.671721
vn -35.849926 -65.342683 -66.671721
vn -35.849926 -65.342683 -66.671721
vn 7.972346 -99.192292 -9.865659
vn 7.972346 -99.192292 -9.865659
vn 7.972346 -99.192292 -9.865659
vn 2.863542 -5.692512 99.796770
vn 2.863542 -5.692512 99.796770
vn 2.863542 -5.692512 99.796770
vn -32.095538 79.663321 51.221422
vn -32.095538 79.663321 51.221422
vn -32.095538 79.663321 51.221422
vn -18.992900 -89.923589 39.408346
vn -18.992900 -89.923589 39.408346
vn -18.992900 -89.923589 39.408346
vn 23.985518 8.711893 -96.689182
vn 23.985518 8.711893 -96.689182
vn 23.985518 8.711893 -96.689182
vn 58.173985 37.566280 72.142655
vn 58.173985 37.566280 72.142655
vn 58.173985 37.566280 72.142655
vn -62.636089 37.518028 68.330958
vn -62.636089 37.518028 68.330958
vn -62.636089 37.518028 68.330958
vn -32.276828 4.313635 -94.549455
vn -32.276828 4.313635 -94.549455
vn -32.276828 4.313635 -94.549455
vn 55.550476 -49.012489 -67.170841
vn 55.550476 -49.012489 -67.170841
vn 55.550476 -49.012489 -67.170841
vn -66.072375 8.455582 74.585159
vn -66.072375 8.455582 74.585159
vn -66.072375 8.455582 74.585159
vn 74.759834 -17.861342 63.968277
vn 74.759834 -17.861342 63.968277
vn 74.759834 -17.861342 63.968277
vn -94.093446 -1.383236 33.830639
vn -94.093446 -1.383236 33.830639
vn -94.093446 -1.383236 33.830639
vn -42.948286 -87.719767 -21.463631
vn -42.948286 -87.719767 -21.463631
vn -42.948286 -87.719767 -21.463631
vn -17.902891 16.763505 96.945716
vn -17.902891 16.763505 96.945716
vn -17.902891 16.763505 96.945716
vn 47.609270 -13.359147 -86.918879
vn 47.609270 -13.359147 -86.918879
vn 47.609270 -13.359147 -86.918879
vn -62.520007 14.576923 76.673085
vn -62.520007 14.576923 76.673085
vn -62.520007 14.576923 76.673085
vn 82.130866 -7.013179 -56.615700
vn 82.130866 -7.013179 -56.615700
vn 82.130866 -7.013179 -56.615700
vn -58.236303 79.613301 16.439434
vn -58.236303 79.613301 16.439434
vn -58.236303 79.613301 16.439434
vn 21.935133 -97.224826 8.135405
vn 21.935133 -97.224826 8.135405
vn 21.935133 -97.224826 8.135405
vn 2.771704 47.094958 88.172459
vn 2.771704 47.094958 88.172459
vn 2.771704 47.094958 88.172459
vn 97.577777 20.750884 6.926676
vn 97.577777 20.750884 6.926676
vn 97.577777 20.750884 6.926676
vn 55.221583 -25.711084 79.306479
vn 55.221583 -25.711084 79.306479
vn 55.221583 -25.711084 79.306479
vn 48.122701 -42.273248 -76.793091
vn 48.122701 -42.273248 -76.793091
vn 48.122701 -42.273248 -76.793091
vn 22.567810 2.532618 -97.387272
vn 22.567810 2.532618 -97.387272
vn 22.567810 2.532618 -97.387272
vn -59.369296 -70.159176 39.407830
vn -59.369296 -70.159176 39.407830
vn -59.369296 -70.159176 39.407830
vn 94.294840 -24.644508 -22.385960
vn 94.294840 -24.644508 -22.385960
vn 94.294840 -24.644508 -22.385960
vn 63.157728 -19.903708 74.932933
vn 63.157728 -19.903708 74.932933
vn 63.157728 -19.903708 74.932933
vn 37.970610 -56.885254 72.954110
vn 37.970610 -56.885254 72.954110
vn 37.970610 -56.885254 72.954110
vn -11.458951 -18.916034 -97.523718
vn -11.458951 -18.916034 -97.523718
vn -11.458951 -18.916034 -97.523718
vn -85.200245 31.961401 -41.465496
vn -85.200245 31.961401 -41.465496
vn -85.200245 31.961401 -41.465496
vn 12.848390 -13.130697 -98.298039
vn 12.848390 -13.130697 -98.298039
vn 12.848390 -13.130697 -98.298039
vn 10.751694 -61.224018 78.332755
vn 10.751694 -61.224018 78.332755
vn 10.751694 -61.224018 78.332755
vn 41.447415 9.625433 90.495649
vn 41.447415 9.625433 90.495649
vn 41.447415 9.625433 90.495649
vn 23.917938 28.679898 -92.765275
vn 23.917938 28.679898 -92.765275
vn 23.917938 28.679898 -92.765275
vn 6.925124 -98.815519 13.694424
vn 6.925124 -98.815519 13.694424
vn 6.925124 -98.815519 13.694424
vn 86.812220 -1.704482 49.605776
vn 86.812220 -1.704482 49.605776
vn 86.812220 -1.704482 49.605776
vn 24.424043 27.202989 93.077734
vn 24.424043 27.202989 93.077734
vn 24.424043 27.202989 93.077734
vn -94.164426 -27.450424 -19.481693
vn -94.164426 -27.450424 -19.481693
vn -94.164426 -27.450424 -19.481693
vn 38.184636 -49.669972 -77.941180
vn 38.184636 -49.669972 -77.941180
vn 38.184636 -49.669972 -77.941180
vn 25.916640 10.802395 95.977278
vn 25.916640 10.802395 95.977278
vn 25.916640 10.802395 95.977278
vn 95.606779 7.018259 -28.462072
vn 95.606779 7.018259 -28.462072
vn 95.606779 7.018259 -28.462072
vn -15.455401 38.621659 -90.936778
vn -15.455401 38.621659 -90.936778
vn -15.455401 38.621659 -90.936778
vn -97.107922 22.392239 -8.284960
vn -97.107922 22.392239 -8.284960
vn -97.107922 22.392239 -8.284960
vn -86.998824 -23.068215 43.578255
vn -86.998824 -23.068215 43.578255
vn -86.998824 -23.068215 43.578255
vn 61.551086 -78.310218 8.886829
vn 61.551086 -78.310218 8.886829
vn 61.551086 -78.310218 8.886829
vn 73.685236 63.103971 -24.256437
vn 73.685236 63.103971 -24.256437
vn 73.685236 63.103971 -24.256437
vn 10.976903 -46.783025 87.697530
vn 10.976903 -46.783025 87.697530
vn 10.976903 -46.783025 87.697530
vn 55.866451 -16.145911 -81.352629
vn 55.866451 -16.145911 -81.352629
vn 55.866451 -16.145911 -81.352629
vn 76.946260 37.406366 -51.769089
vn 76.946260 37.406366 -51.769089
vn 76.946260 37.406366 -51.769089
vn 51.969342 -2.705710 85.392434
vn 51.969342 -2.705710 85.392434
vn 51.969342 -2.705710 85.392434
vn 25.298245 13.148464 -95.849452
vn 25.298245 13.148464 -95.849452
vn 25.298245 13.148464 -95.849452
vn 14.000311 -55.768892 -81.815780
vn 14.000311 -55.768892 -81.815780
vn 14.000311 -55.768892 -81.815780
vn -79.993930 -48.628669 35.159994
vn -79.993930 -48.628669 35.159994
vn -79.993930 -48.628669 35.159994
vn 16.357700 37.762517 -91.139554
vn 16.357700 37.762517 -91.139554
vn 16.357700 37.762517 -91.139554
vn 59.622682 -50.188345 62.659937
vn 59.622682 -50.188345 62.659937
vn 59.622682 -50.188345 62.659937
vn 50.756858 7.568671 -85.828073
vn 50.756858 7.568671 -85.828073
vn 50.756858 7.568671 -85.828073
vn -80.029454 -48.631216 -35.075524
vn -80.029454 -48.631216 -35.075524
vn -80.029454 -48.631216 -35.075524
vn 99.552560 8.894812 3.189143
vn 99.552560 8.894812 3.189143
vn 99.552560 8.894812 3.189143
vn -35.966831 -5.670039 93.135589
vn -35.966831 -5.670039 93.135589
vn -35.966831 -5.670039 93.135589
vn 78.120723 52.018043 -34.514873
vn 78.120723 52.018043 -34.514873
vn 78.120723 52.018043 -34.514873
vn -74.179909 -11.293385 -66.104461
vn -74.179909 -11.293385 -66.104461
vn -74.179909 -11.293385 -66.104461
vn -86.773469 49.697364 0.732577
vn -86.773469 49.697364 0.732577
vn -86.773469 49.697364 0.732577
vn 87.267244 -48.390788 6.539122
vn 87.267244 -48.390788 6.539122
vn 87.267244 -48.390788 6.539122
vn 8.368221 61.278148 78.580919
vn 8.368221 61.278148 78.580919
vn 8.368221 61.278148 78.580919
vn -17.307168 -98.305904 -6.034223
vn -17.307168 -98.305904 -6.034223
vn -17.307168 -98.305904 -6.034223
vn -28.984503 27.325820 -91.723487
vn -28.984503 27.325820 -91.723487
vn -28.984503 27.325820 -91.723487
vn -83.502123 -43.769685 -33.340830
vn -83.502123 -43.769685 -33.340830
vn -83.502123 -43.769685 -33.340830
vn -55.016825 -21.582111 80.668222
vn -55.016825 -21.582111 80.668222
vn -55.016825 -21.582111 80.668222
vn -56.919611 -61.859235 54.162670
vn -56.919611 -61.859235 54.162670
vn -56.919611 -61.859235 54.162670
vn -88.662782 35.173091 -30.029410
vn -88.662782 35.173091 -30.029410
vn -88.662782 35.173091 -30.029410
vn 64.949337 -0.343382 76.035963
vn 64.949337 -0.343382 76.035963
vn 64.949337 -0.343382 76.035963
vn -42.607847 -56.304747 -70.812070
vn -42.607847 -56.304747 -70.812070
vn -42.607847 -56.304747 -70.812070
vn 87.853211 31.750109 -35.689578
vn 87.853211 31.750109 -35.689578
vn 87.853211 31.750109 -35.689578
vn -46.553760 -71.795979 51.750224
vn -46.553760 -71.795979 51.750224
vn -46.553760 -71.795979 51.750224
vn 46.030427 8.593176 -88.359259
vn 46.030427 8.593176 -88.359259
vn 46.030427 8.593176 -88.359259
vn 2.030092 -65.085636 75.892942
vn 2.030092 -65.085636 75.892942
vn 2.030092 -65.085636 75.892942
vn 24.423794 -11.731673 96.259265
vn 24.423794 -11.731673 96.259265
vn 24.423794 -11.731673 96.259265
vn -99.461522 6.902866 -7.730241
vn -99.461522 6.902866 -7.730241
vn -99.461522 6.902866 -7.730241
vn 48.642457 20.312812 -84.978242
vn 48.642457 20.312812 -84.978242
vn 48.642457 20.312812 -84.978242
vn 65.427614 -19.706943 -73.012765
vn 65.427614 -19.706943 -73.012765
vn 65.427614 -19.706943 -73.012765
vn 5.449964 11.626011 -99.172249
vn 5.449964 11.626011 -99.172249
vn 5.449964 11.626011 -99.172249
vn 89.743345 30.114198 32.237662
vn 89.743345 30.114198 32.237662
vn 89.743345 30.114198 32.237662
vn -99.481068 -4.243981 9.246988
vn -99.481068 -4.243981 9.246988
vn -99.481068 -4.243981 9.246988
vn -97.580580 -18.040369 12.352153
vn -97.580580 -18.040369 12.352153
vn -97.580580 -18.040369 12.352153
vn 79.524669 7.035793 60.218972
vn 79.524669 7.035793 60.218972
vn 79.524669 7.035793 60.218972
vn 45.810587 -22.764546 -85.925348
vn 45.810587 -22.764546 -85.925348
vn 45.810587 -22.764546 -85.925348
vn 74.709296 -2.196440 66.435667
vn 74.709296 -2.196440 66.435667
vn 74.709296 -2.196440 66.435667
vn 72.641475 -24.015481 64.393111
vn 72.641475 -24.015481 64.393111
vn 72.641475 -24.015481 64.393111
vn -85.298951 15.171698 49.939061
vn -85.298951 15.171698 49.939061
vn -85.298951 15.171698 49.939061
vn -7.871321 -85.395522 -51.435858
vn -7.871321 -85.395522 -51.435858
vn -7.871321 -85.395522 -51.435858
vn 37.509705 -2.910649 -92.652859
vn 37.509705 -2.910649 -92.652859
vn 37.509705 -2.910649 -92.652859
vn 87.293927 18.718014 45.048947
vn 87.293927 18.718014 45.048947
vn 87.293927 18.718014 45.048947
vn -92.678015 -9.913946 -36.228455
vn -92.678015 -9.913946 -36.228455
vn -92.678015 -9.913946 -36.228455
vn 99.070522 -3.290272 -13.198801
vn 99.070522 -3.290272 -13.198801
vn 99.070522 -3.290272 -13.198801
vn -27.436993 55.961292 -78.201951
vn -27.436993 55.961292 -78.201951
vn -27.436993 55.961292 -78.201951
vn 89.977177 12.639876 41.765322
vn 89.977177 12.639876 41.765322
vn 89.977177 12.639876 41.765322
vn 26.461505 96.313005 4.857333
vn 26.461505 96.313005 4.857333
vn 26.461505 96.313005 4.857333
vn -20.840171 87.295717 -44.103817
vn -20.840171 87.295717 -44.103817
vn -20.840171 87.295717 -44.103817
vn -5.461836 21.360957 97.539111
vn -5.461836 21.360957 97.539111
vn -5.461836 21.360957 97.539111
vn 54.038198 -74.906769 -38.325585
vn 54.038198 -74.906769 -38.325585
vn 54.038198 -74.906769 -38.325585
vn 98.551004 14.247733 -9.203399
vn 98.551004 14.247733 -9.203399
vn 98.551004 14.247733 -9.203399
vn 45.384899 -15.590427 -87.733413
vn 45.384899 -15.590427 -87.733413
vn 45.384899 -15.590427 -87.733413
vn -21.234522 22.950836 94.986073
vn -21.234522 22.950836 94.986073
vn -21.234522 22.950836 94.986073
vn 74.909916 1.020524 -66.237939
vn 74.909916 1.020524 -66.237939
vn 74.909916 1.020524 -66.237939
vn -90.636331 16.893009 -38.725734
vn -90.636331 16.893009 -38.725734
vn -90.636331 16.893009 -38.725734
vn -95.926374 15.325324 -23.733228
vn -95.926374 15.325324 -23.733228
vn -95.926374 15.325324 -23.733228
vn 92.860102 34.711018 13.120499
vn 92.860102 34.711018 13.120499
vn 92.860102 34.711018 13.120499
vn -60.260603 6.104338 79.570077
vn -60.260603 6.104338 79.570077
vn -60.260603 6.104338 79.570077
vn 40.269635 27.444994 -87.321986
vn 40.269635 27.444994 -87.321986
vn 40.269635 27.444994 -87.321986
vn 5.327384 -44.598004 -89.345610
vn 5.327384 -44.598004 -89.345610
vn 5.327384 -44.598004 -89.345610
vn 82.506676 -7.767433 -55.967098
vn 82.506676 -7.767433 -55.967098
vn 82.506676 -7.767433 -55.967098
vn -34.104606 -91.455250 -21.744268
vn -34.104606 -91.455250 -21.744268
vn -34.104606 -91.455250 -21.744268
vn -92.547864 20.311412 31.974079
vn -92.547864 20.311412 31.974079
vn -92.547864 20.311412 31.974079
vn -67.278765 66.897860 31.595008
vn -67.278765 66.897860 31.595008
vn -67.278765 66.897860 31.595008
vn -41.102819 -12.658598 90.279113
vn -41.102819 -12.658598 90.279113
vn -41.102819 -12.658598 90.279113
vn -24.475278 -48.379019 84.026378
vn -24.475278 -48.379019 84.026378
vn -24.475278 -48.379019 84.026378
vn 91.436335 16.129996 -37.137859
vn 91.436335 16.129996 -37.137859
vn 91.436335 16.129996 -37.137859
vn -83.367562 -51.457557 -20.049181
vn -83.367562 -51.457557 -20.049181
vn -83.367562 -51.457557 -20.049181
vn 64.497639 47.716471 59.692505
vn 64.497639 47.716471 59.692505
vn 64.497639 47.716471 59.692505
vn -74.728276 -24.889377 61.613350
vn -74.728276 -24.889377 61.613350
vn -74.728276 -24.889377 61.613350
vn 23.352715 -50.553736 -83.060046
vn 23.352715 -50.553736 -83.060046
vn 23.352715 -50.553736 -83.060046
vn -90.387557 -30.297891 -30.201462
vn -90.387557 -30.297891 -30.201462
vn -90.387557 -30.297891 -30.201462
vn -70.611588 -69.644735 -12.791232
vn -70.611588 -69.644735 -12.791232
vn -70.611588 -69.644735 -12.791232
vn -92.320516 -18.377427 33.751924
vn -92.320516 -18.377427 33.751924
vn -92.320516 -18.377427 33.751924
vn -46.666652 -27.074163 84.197462
vn -46.666652 -27.074163 84.197462
vn -46.666652 -27.074163 84.197462
vn 63.891159 -3.684105 -76.839762
vn 63.891159 -3.684105 -76.839762
vn 63.891159 -3.684105 -76.839762
vn -91.522815 -20.306345 -34.802683
vn -91.522815 -20.306345 -34.802683
vn -91.522815 -20.306345 -34.802683
vn 86.527996 -28.210638 -41.437513
vn 86.527996 -28.210638 -41.437513
vn 86.527996 -28.210638 -41.437513
vn -0.683550 17.455251 -98.462424
vn -0.683550 17.455251 -98.462424
vn -0.683550 17.455251 -98.462424
vn -3.963874 -95.060717 30.785512
vn -3.963874 -95.060717 30.785512
vn -3.963874 -95.060717 30.785512
vn 15.230319 51.138259 84.574909
vn 15.230319 51.138259 84.574909
vn 15.230319 51.138259 84.574909
vn -25.046697 68.926045 67.984285
vn -25.046697 68.926045 67.984285
vn -25.046697 68.926045 67.984285
vn -88.967755 -13.214117 43.704998
vn -88.967755 -13.214117 43.704998
vn -88.967755 -13.214117 43.704998
vn -46.701575 -40.027657 78.846358
vn -46.701575 -40.027657 78.846358
vn -46.701575 -40.027657 78.846358
vn 94.009563 4.143578 -33.838359
vn 94.009563 4.143578 -33.838359
vn 94.009563 4.143578 -33.838359
vn 17.403933 -98.451681 -2.090450
vn 17.403933 -98.451681 -2.090450
vn 17.403933 -98.451681 -2.090450
vn -96.476421 -6.747360 -25.431750
vn -96.476421 -6.747360 -25.431750
vn -96.476421 -6.747360 -25.431750
vn -95.330160 1.869093 30.144109
vn -95.330160 1.869093 30.144109
vn -95.330160 1.869093 30.144109
vn 91.308514 7.615798 40.059412
vn 91.308514 7.615798 40.059412
vn 91.308514 7.615798 40.059412
vn 87.901170 5.128309 -47.403439
vn 87.901170 5.128309 -47.403439
vn 87.901170 5.128309 -47.403439
vn 26.168722 87.600605 -40.513380
vn 26.168722 87.600605 -40.513380
vn 26.168722 87.600605 -40.513380
vn 24.994247 45.681769 -85.372507
vn 24.994247 45.681769 -85.372507
vn 24.994247 45.681769 -85.372507
vn -84.003441 -4.435753 -54.071673
vn -84.003441 -4.435753 -54.071673
vn -84.003441 -4.435753 -54.071673
vn -99.615906 -2.036127 -8.516176
vn -99.615906 -2.036127 -8.516176
vn -99.615906 -2.036127 -8.516176
vn 64.911789 74.379108 15.943897
vn 64.911789 74.379108 15.943897
vn 64.911789 74.379108 15.943897
vn 90.478127 0.705391 -42.581815
vn 90.478127 0.705391 -42.581815
vn 90.478127 0.705391 -42.581815
vn 72.853609 3.101190 68.430509
vn 72.853609 3.101190 68.430509
vn 72.853609 3.101190 68.430509
vn 59.855937 39.190524 69.866807
vn 59.855937 39.190524 69.866807
vn 59.855937 39.190524 69.866807
vn 24.378821 16.290259 -95.604926
vn 24.378821 16.290259 -95.604926
vn 24.378821 16.290259 -95.604926
vn 93.702082 13.684970 -32.134776
vn 93.702082 13.684970 -32.134776
vn 93.702082 13.684970 -32.134776
vn 36.531436 -67.868462 -63.712849
vn 36.531436 -67.868462 -63.712849
vn 36.531436 -67.868462 -63.712849
vn -14.892939 -84.833700 -50.807915
vn -14.892939 -84.833700 -50.807915
vn -14.892939 -84.833700 -50.807915
vn 79.225925 -28.425432 -53.993037
vn 79.225925 -28.425432 -53.993037
vn 79.225925 -28.425432 -53.993037
vn -78.269780 24.590327 -57.176561
vn -78.269780 24.590327 -57.176561
vn -78.269780 24.590327 -57.176561
vn -30.509444 -86.019748 -40.862902
vn -30.509444 -86.019748 -40.862902
vn -30.509444 -86.019748 -40.862902
vn -4.048742 -99.564767 -8.394435
vn -4.048742 -99.564767 -8.394435
vn -4.048742 -99.564767 -8.394435
vn 33.872702 11.723250 93.355273
vn 33.872702 11.723250 93.355273
vn 33.872702 11.723250 93.355273
vn 80.505149 24.856765 53.861515
vn 80.505149 24.856765 53.861515
vn 80.505149 24.856765 53.861515
vn 38.157025 13.826686 -91.394006
vn 38.157025 13.826686 -91.394006
vn 38.157025 13.826686 -91.394006
vn 13.560254 -77.885600 -61.236869
vn 13.560254 -77.885600 -61.236869
vn 13.560254 -77.885600 -61.236869
vn -50.619538 -30.589116 -80.634794
vn -50.619538 -30.589116 -80.634794
vn -50.619538 -30.589116 -80.634794
vn 77.216698 20.632982 -60.098761
vn 77.216698 20.632982 -60.098761
vn 77.216698 20.632982 -60.098761
vn -76.350511 10.097012 63.785974
vn -76.350511 10.097012 63.785974
vn -76.350511 10.097012 63.785974
vn 71.417830 -4.915993 -69.823549
vn 71.417830 -4.915993 -69.823549
vn 71.417830 -4.915993 -69.823549
vn 0.025586 -40.926973 91.241346
vn 0.025586 -40.926973 91.241346
vn 0.025586 -40.926973 91.241346
vn 22.881096 -87.137347 43.399757
vn 22.881096 -87.137347 43.399757
vn 22.881096 -87.137347 43.399757
vn -75.262653 -36.737200 54.643498
vn -75.262653 -36.737200 54.643498
vn -75.262653 -36.737200 54.643498
vn 76.523937 40.005280 50.434775
vn 76.523937 40.005280 50.434775
vn 76.523937 40.005280 50.434775
vn 60.294407 14.481011 -78.453072
vn 60.294407 14.481011 -78.453072
vn 60.294407 14.481011 -78.453072
vn 72.925725 22.325275 64.679368
vn 72.925725 22.325275 64.679368
vn 72.925725 22.325275 64.679368
vn -37.371024 3.257511 -92.697330
vn -37.371024 3.257511 -92.697330
vn -37.371024 3.257511 -92.697330
vn -84.951445 40.723055 -33.539320
vn -84.951445 40.723055 -33.539320
vn -84.951445 40.723055 -33.539320
vn -72.543378 31.115700 61.394400
vn -72.543378 31.115700 61.394400
vn -72.543378 31.115700 61.394400
vn -33.106446 -33.145479 -88.347849
vn -33.106446 -33.145479 -88.347849
vn -33.106446 -33.145479 -88.347849
vn -93.763103 13.135241 -32.186143
vn -93.763103 13.135241 -32.186143
vn -93.763103 13.135241 -32.186143
vn -64.285872 -4.471131 76.467874
vn -64.285872 -4.471131 76.467874
vn -64.285872 -4.471131 76.467874
vn 65.719142 59.124436 -46.747168
vn 65.719142 59.124436 -46.747168
vn 65.719142 59.124436 -46.747168
vn 38.828727 89.801417 -20.689072
vn 38.828727 89.801417 -20.689072
vn 38.828727 89.801417 -20.689072
vn 12.830936 -99.134899 2.764145
vn 12.830936 -99.134899 2.764145
vn 12.830936 -99.134899 2.764145
vn 66.109540 -11.861568 -74.086663
vn 66.109540 -11.861568 -74.086663
vn 66.109540 -11.861568 -74.086663
vn 43.199503 67.822456 59.446754
vn 43.199503 67.822456 59.446754
vn 43.199503 67.822456 59.446754
vn 89.240882 -19.050079 -40.904291
vn 89.240882 -19.050079 -40.904291
vn 89.240882 -19.050079 -40.904291
vn 46.168493 -29.087565 -83.799668
vn 46.168493 -29.087565 -83.799668
vn 46.168493 -29.087565 -83.799668
vn -69.029500 33.978830 -63.877768
vn -69.029500 33.978830 -63.877768
vn -69.029500 33.978830 -63.877768
vn -96.802899 -7.979344 23.780890
vn -96.802899 -7.979344 23.780890
vn -96.802899 -7.979344 23.780890
vn -40.370454 -43.038961 80.733356
vn -40.370454 -43.038961 80.733356
vn -40.370454 -43.038961 80.733356
vn 77.325648 23.311530 58.968777
vn 77.325648 23.311530 58.968777
vn 77.325648 23.311530 58.968777
vn 33.203673 -38.455445 -86.131852
vn 33.203673 -38.455445 -86.131852
vn 33.203673 -38.455445 -86.131852
vn 93.159144 -35.391579 -8.295297
vn 93.159144 -35.391579 -8.295297
vn 93.159144 -35.391579 -8.295297
vn 97.924260 19.961440 3.518497
vn 97.924260 19.961440 3.518497
vn 97.924260 19.961440 3.518497
vn -91.761485 -39.340847 5.668178
vn -91.761485 -39.340847 5.668178
vn -91.761485 -39.340847 5.668178
vn -82.551833 24.289319 -50.943337
vn -82.551833 24.289319 -50.943337
vn -82.551833 24.289319 -50.943337
vn -29.009447 83.636900 46.511509
vn -29.009447 83.636900 46.511509
vn -29.009447 83.636900 46.511509
vn -81.688260 42.780980 -38.688705
vn -81.688260 42.780980 -38.688705
vn -81.688260 42.780980 -38.688705
vn 87.983981 32.317013 34.848676
vn 87.983981 32.317013 34.848676
vn 87.983981 32.317013 34.848676
vn -73.378981 -56.167821 -38.219118
vn -73.378981 -56.167821 -38.219118
vn -73.378981 -56.167821 -38.219118
vn 78.311302 -0.104650 -62.187863
vn 78.311302 -0.104650 -62.187863
vn 78.311302 -0.104650 -62.187863
vn 80.830576 10.630459 -57.908648
vn 80.830576 10.630459 -57.908648
vn 80.830576 10.630459 -57.908648
vn -80.928504 -43.906789 39.022719
vn -80.928504 -43.906789 39.022719
vn -80.928504 -43.906789 39.022719
vn 92.860016 -35.146487 -11.905554
vn 92.860016 -35.146487 -11.905554
vn 92.860016 -35.146487 -11.905554
vn 95.371501 -21.287310 21.239760
vn 95.371501 -21.287310 21.239760
vn 95.371501 -21.287310 21.239760
vn -46.188300 81.716938 -34.481644
vn -46.188300 81.716938 -34.481644
vn -46.188300 81.716938 -34.481644
vn 37.419983 39.713285 83.800967
vn 37.419983 39.713285 83.800967
vn 37.419983 39.713285 83.800967
vn -30.560501 -2.570926 -95.181133
vn -30.560501 -2.570926 -95.181133
vn -30.560501 -2.570926 -95.181133
vn -79.484287 -18.689250 57.731805
vn -79.484287 -18.689250 57.731805
vn -79.484287 -18.689250 57.731805
vn -44.904835 46.052740 76.568272
vn -44.904835 46.052740 76.568272
vn -44.904835 46.052740 76.568272
vn -27.557839 -61.125884 74.190243
vn -27.557839 -61.125884 74.190243
vn -27.557839 -61.125884 74.190243
vn 59.853044 -55.102358 -58.149320
vn 59.853044 -55.102358 -58.149320
vn 59.853044 -55.102358 -58.149320
vn 71.263018 25.746741 65.258625
vn 71.263018 25.746741 65.258625
vn 71.263018 25.746741 65.258625
vn -82.359039 2.297961 56.671949
vn -82.359039 2.297961 56.671949
vn -82.359039 2.297961 56.671949
vn 93.568196 5.265418 34.889388
vn 93.568196 5.265418 34.889388
vn 93.568196 5.265418 34.889388
vn 68.261329 -70.297732 19.965468
vn 68.261329 -70.297732 19.965468
vn 68.261329 -70.297732 19.965468
vn 43.165873 13.208603 -89.231396
vn 43.165873 13.208603 -89.231396
vn 43.165873 13.208603 -89.231396
vn 89.138391 -17.342206 41.875973
vn 89.138391 -17.342206 41.875973
vn 89.138391 -17.342206 41.875973
vn -94.360532 -33.091390 1.025108
vn -94.360532 -33.091390 1.025108
vn -94.360532 -33.091390 1.025108
vn -15.982674 -70.165405 69.436091
vn -15.982674 -70.165405 69.436091
vn -15.982674 -70.165405 69.436091
vn -33.890988 5.826988 93.901263
vn -33.890988 5.826988 93.901263
vn -33.890988 5.826988 93.901263
vn 98.337925 7.548423 -16.512860
vn 98.337925 7.548423 -16.512860
vn 98.337925 7.548423 -16.512860
vn 27.893460 13.181960 -95.121983
vn 27.893460 13.181960 -95.121983
vn 27.893460 13.181960 -95.121983
vn 54.244619 -69.930632 46.553510
vn 54.244619 -69.930632 46.553510
vn 54.244619 -69.930632 46.553510
vn 99.624046 0.672339 -8.637027
vn 99.624046 0.672339 -8.637027
vn 99.624046 0.672339 -8.637027
vn 51.124401 79.242407 33.270685
vn 51.124401 79.242407 33.270685
vn 51.124401 79.242407 33.270685
vn 81.966798 50.375297 -27.272214
vn 81.966798 50.375297 -27.272214
vn 81.966798 50.375297 -27.272214
vn 99.784874 3.479344 -5.556422
vn 99.784874 3.479344 -5.556422
vn 99.784874 3.479344 -5.556422
vn 51.436010 81.177639 27.650119
vn 51.436010 81.177639 27.650119
vn 51.436010 81.177639 27.650119
vn -93.755206 1.568313 34.749122
vn -93.755206 1.568313 34.749122
vn -93.755206 1.568313 34.749122
vn -98.850559 -10.275781 -11.089481
vn -98.850559 -10.275781 -11.089481
vn -98.850559 -10.275781 -11.089481
vn -87.957157 -31.769063 35.415615
vn -87.957157 -31.769063 35.415615
vn -87.957157 -31.769063 35.415615
vn -53.973958 -3.204402 84.122210
vn -53.973958 -3.204402 84.122210
vn -53.973958 -3.204402 84.122210
vn -68.186874 8.412229 -72.662136
vn -68.186874 8.412229 -72.662136
vn -68.186874 8.412229 -72.662136
vn 99.189441 7.368660 10.351769
vn 99.189441 7.368660 10.351769
vn 99.189441 7.368660 10.351769
vn -1.105727 10.072990 -99.485243
vn -1.105727 10.072990 -99.485243
vn -1.105727 10.072990 -99.485243
vn -25.825285 -13.519045 95.657155
vn -25.825285 -13.519045 95.657155
vn -25.825285 -13.519045 95.657155
vn 69.538368 9.134041 -71.281036
vn 69.538368 9.134041 -71.281036
vn 69.538368 9.134041 -71.281036
vn -40.272888 0.076291 -91.531908
vn -40.272888 0.076291 -91.531908
vn -40.272888 0.076291 -91.531908
vn -51.014407 -7.124343 85.713329
vn -51.014407 -7.124343 85.713329
vn -51.014407 -7.124343 85.713329
vn 9.580642 22.894870 96.871238
vn 9.580642 22.894870 96.871238
vn 9.580642 22.894870 96.871238
vn -72.866944 37.051071 -57.598851
vn -72.866944 37.051071 -57.598851
vn -72.866944 37.051071 -57.598851
vn 55.862403 -14.493273 -81.666022
vn 55.862403 -14.493273 -81.666022
vn 55.862403 -14.493273 -81.666022
vn -85.062403 5.156933 52.323936
vn -85.062403 5.156933 52.323936
vn -85.062403 5.156933 52.323936
vn 17.338528 -86.443591 47.189851
vn 17.338528 -86.443591 47.189851
vn 17.338528 -86.443591 47.189851
vn -40.957214 77.096668 48.771020
vn -40.957214 77.096668 48.771020
vn -40.957214 77.096668 48.771020
vn 83.957948 -47.145491 26.988251
vn 83.957948 -47.145491 26.988251
vn 83.957948 -47.145491 26.988251
vn 98.530589 -2.800238 16.848795
vn 98.530589 -2.800238 16.848795
vn 98.530589 -2.800238 16.848795
vn 8.721218 98.042338 -17.653334
vn 8.721218 98.042338 -17.653334
vn 8.721218 98.042338 -17.653334
vn -92.495681 -30.817928 22.244210
vn -92.495681 -30.817928 22.244210
vn -92.495681 -30.817928 22.244210
vn -96.311890 -13.419993 -23.322186
vn -96.311890 -13.419993 -23.322186
vn -96.311890 -13.419993 -23.322186
vn -74.687537 66.494080 0.555874
vn -74.687537 66.494080 0.555874
vn -74.687537 66.494080 0.555874
vn -75.700559 -58.754454 -28.589166
vn -75.700559 -58.754454 -28.589166
vn -75.700559 -58.754454 -28.589166
vn -51.557545 7.241062 85.377903
vn -51.557545 7.241062 85.377903
vn -51.557545 7.241062 85.377903
vn 93.513411 -16.389219 -31.410784
vn 93.513411 -16.389219 -31.410784
vn 93.513411 -16.389219 -31.410784
vn 24.056308 -16.411504 -95.665858
vn 24.056308 -16.411504 -95.665858
vn 24.056308 -16.411504 -95.665858
vn -30.244124 -63.459674 71.120764
vn -30.244124 -63.459674 71.120764
vn -30.244124 -63.459674 71.120764
vn 26.196495 17.343387 94.936566
vn 26.196495 17.343387 94.936566
vn 26.196495 17.343387 94.936566
vn -12.652660 -59.424273 79.427112
vn -12.652660 -59.424273 79.427112
vn -12.652660 -59.424273 79.427112
vn -68.131308 -37.395306 -62.926282
vn -68.131308 -37.395306 -62.926282
vn -68.131308 -37.395306 -62.926282
vn 14.900657 -96.810007 20.144328
vn 14.900657 -96.810007 20.144328
vn 14.900657 -96.810007 20.144328
vn -8.674378 24.494910 96.564765
vn -8.674378 24.494910 96.564765
vn -8.674378 24.494910 96.564765
vn -19.178625 -18.647620 -96.355841
vn -19.178625 -18.647620 -96.355841
vn -19.178625 -18.647620 -96.355841
vn -42.390984 61.454097 66.531191
vn -42.390984 61.454097 66.531191
vn -42.390984 61.454097 66.531191
vn -83.778684 49.016691 24.051949
vn -83.778684 49.016691 24.051949
vn -83.778684 49.016691 24.051949
vn -83.238793 -18.317598 52.304593
vn -83.238793 -18.317598 52.304593
vn -83.238793 -18.317598 52.304593
vn 86.751709 31.172899 38.760683
vn 86.751709 31.172899 38.760683
vn 86.751709 31.172899 38.760683
vn -49.039170 8.453811 86.739237
vn -49.039170 8.453811 86.739237
vn -49.039170 8.453811 86.739237
vn 30.070092 6.593249 -95.143685
vn 30.070092 6.593249 -95.143685
vn 30.070092 6.593249 -95.143685
vn -75.349103 -65.737531 1.044175
vn -75.349103 -65.737531 1.044175
vn -75.349103 -65.737531 1.044175
vn -11.027093 14.999373 -98.251840
vn -11.027093 14.999373 -98.251840
vn -11.027093 14.999373 -98.251840
vn 33.174172 -72.521314 -60.333524
vn 33.174172 -72.521314 -60.333524
vn 33.174172 -72.521314 -60.333524
vn 19.715562 -91.678889 -34.731515
vn 19.715562 -91.678889 -34.731515
vn 19.715562 -91.678889 -34.731515
vn 93.597645 17.102096 30.773329
vn 93.597645 17.102096 30.773329
vn 93.597645 17.102096 30.773329
vn 76.572495 -32.217462 -55.665863
vn 76.572495 -32.217462 -55.665863
vn 76.572495 -32.217462 -55.665863
vn 56.585647 -3.280016 -82.385116
vn 56.585647 -3.280016 -82.385116
vn 56.585647 -3.280016 -82.385116
vn -85.144675 -52.267846 -4.296117
vn -85.144675 -52.267846 -4.296117
vn -85.144675 -52.267846 -4.296117
vn -66.560781 65.208431 -36.297704
vn -66.560781 65.208431 -36.297704
vn -66.560781 65.208431 -36.297704
vn -87.436156 -11.854662 -47.057277
vn -87.436156 -11.854662 -47.057277
vn -87.436156 -11.854662 -47.057277
vn -74.275659 -13.829118 -65.512461
vn -74.275659 -13.829118 -65.512461
vn -74.275659 -13.829118 -65.512461
vn 45.827388 49.596667 73.756500
vn 45.827388 49.596667 73.756500
vn 45.827388 49.596667 73.756500
vn 95.636041 -28.816730 -4.831708
vn 95.636041 -28.816730 -4.831708
vn 95.636041 -28.816730 -4.831708
vn 11.087499 -54.713770 -82.966692
vn 11.087499 -54.713770 -82.966692
vn 11.087499 -54.713770 -82.966692
vn 85.365141 46.182549 24.082451
vn 85.365141 46.182549 24.082451
vn 85.365141 46.182549 24.082451
vn -89.545114 15.295523 41.805734
vn -89.545114 15.295523 41.805734
vn -89.545114 15.295523 41.805734
vn 69.057975 -27.789987 -66.773589
vn 69.057975 -27.789987 -66.773589
vn 69.057975 -27.789987 -66.773589
vn -65.351200 19.788936 -73.059019
vn -65.351200 19.788936 -73.059019
vn -65.351200 19.788936 -73.059019
vn 40.636130 -7.648753 91.050552
vn 40.636130 -7.648753 91.050552
vn 40.636130 -7.648753 91.050552
vn -75.321718 -44.383092 -48.546683
vn -75.321718 -44.383092 -48.546683
vn -75.321718 -44.383092 -48.546683
vn 93.579037 3.766699 -35.053927
vn 93.579037 3.766699 -35.053927
vn 93.579037 3.766699 -35.053927
vn -72.197266 18.730412 -66.608765
vn -72.197266 18.730412 -66.608765
vn -72.197266 18.730412 -66.608765
vn -78.536010 30.278445 53.993634
vn -78.536010 30.278445 53.993634
vn -78.536010 30.278445 53.993634
vn -17.400519 -60.485549 -77.709205
vn -17.400519 -60.485549 -77.709205
vn -17.400519 -60.485549 -77.709205
vn -70.482690 -7.840568 -70.503303
vn -70.482690 -7.840568 -70.503303
vn -70.482690 -7.840568 -70.503303
vn -53.747754 -43.092283 72.486097
vn -53.747754 -43.092283 72.486097
vn -53.747754 -43.092283 72.486097
vn -79.030666 -20.704226 57.667047
vn -79.030666 -20.704226 57.667047
vn -79.030666 -20.704226 57.667047
vn 45.079105 -38.996422 80.294176
vn 45.079105 -38.996422 80.294176
vn 45.079105 -38.996422 80.294176
vn 35.320963 8.584326 93.159762
vn 35.320963 8.584326 93.159762
vn 35.320963 8.584326 93.159762
vn 73.588637 -10.604358 -66.874964
vn 73.588637 -10.604358 -66.874964
vn 73.588637 -10.604358 -66.874964
vn -36.708331 -22.564968 90.240351
vn -36.708331 -22.564968 90.240351
vn -36.708331 -22.564968 90.240351
vn 56.013153 -44.913021 69.608538
vn 56.013153 -44.913021 69.608538
vn 56.013153 -44.913021 69.608538
vn -43.790495 22.882555 -86.941255
vn -43.790495 22.882555 -86.941255
vn -43.790495 22.882555 -86.941255
vn -50.845691 -12.802183 85.151757
vn -50.845691 -12.802183 85.151757
vn -50.845691 -12.802183 85.151757
vn -11.152012 3.780457 99.304281
vn -11.152012 3.780457 99.304281
vn -11.152012 3.780457 99.304281
vn -51.738807 22.961013 -82.437185
vn -51.738807 22.961013 -82.437185
vn -51.738807 22.961013 -82.437185
vn 92.986455 -11.400350 -34.979319
vn 92.986455 -11.400350 -34.979319
vn 92.986455 -11.400350 -34.979319
vn -93.761481 10.521461 33.137355
vn -93.761481 10.521461 33.137355
vn -93.761481 10.521461 33.137355
vn 31.692838 -90.974916 26.816586
vn 31.692838 -90.974916 26.816586
vn 31.692838 -90.974916 26.816586
vn -15.234376 28.190926 94.726904
vn -15.234376 28.190926 94.726904
vn -15.234376 28.190926 94.726904
vn 31.070453 4.585002 94.940008
vn 31.070453 4.585002 94.940008
vn 31.070453 4.585002 94.940008
vn -38.294088 66.278183 -64.348773
vn -38.294088 66.278183 -64.348773
vn -38.294088 66.278183 -64.348773
vn 24.265955 -71.045595 66.058207
vn 24.265955 -71.045595 66.058207
vn 24.265955 -71.045595 66.058207
vn -69.580255 21.097237 68.654891
vn -69.580255 21.097237 68.654891
vn -69.580255 21.097237 68.654891
vn 41.840960 -8.686444 90.409525
vn 41.840960 -8.686444 90.409525
vn 41.840960 -8.686444 90.409525
vn 41.859606 73.424095 53.447887
vn 41.859606 73.424095 53.447887
vn 41.859606 73.424095 53.447887
vn -11.562918 85.541411 50.487284
vn -11.562918 85.541411 50.487284
vn -11.562918 85.541411 50.487284
vn 1.183916 -95.809602 28.620264
vn 1.183916 -95.809602 28.620264
vn 1.183916 -95.809602 28.620264
vn -93.721322 -29.905409 -17.943831
vn -93.721322 -29.905409 -17.943831
vn -93.721322 -29.905409 -17.943831
vn 2.499249 20.520561 97.839981
vn 2.499249 20.520561 97.839981
vn 2.499249 20.520561 97.839981
vn -68.673079 4.355622 72.560582
vn -68.673079 4.355622 72.560582
vn -68.673079 4.355622 72.560582
vn 93.847477 33.684179 -7.617555
vn 93.847477 33.684179 -7.617555
vn 93.847477 33.684179 -7.617555
vn -64.791911 -17.346010 74.169570
vn -64.791911 -17.346010 74.169570
vn -64.791911 -17.346010 74.169570
vn 19.976067 -16.687694 96.552990
vn 19.976067 -16.687694 96.552990
vn 19.976067 -16.687694 96.552990
vn 41.304386 18.660616 -89.138828
vn 41.304386 18.660616 -89.138828
vn 41.304386 18.660616 -89.138828
vn -24.857585 -19.246648 -94.929805
vn -24.857585 -19.246648 -94.929805
vn -24.857585 -19.246648 -94.929805
vn -55.488265 47.609175 68.223304
vn -55.488265 47.609175 68.223304
vn -55.488265 47.609175 68.223304
vn -54.029651 4.910828 84.004057
vn -54.029651 4.910828 84.004057
vn -54.029651 4.910828 84.004057
vn -90.297857 13.901839 -40.657547
vn -90.297857 13.901839 -40.657547
vn -90.297857 13.901839 -40.657547
vn -65.666032 -45.359438 -60.253596
vn -65.666032 -45.359438 -60.253596
vn -65.666032 -45.359438 -60.253596
vn -11.067013 -3.390095 -99.327881
vn -11.067013 -3.390095 -99.327881
vn -11.067013 -3.390095 -99.327881
vn 34.373138 -0.667865 -93.904429
vn 34.373138 -0.667865 -93.904429
vn 34.373138 -0.667865 -93.904429
vn -19.146516 -91.246009 -36.160448
vn -19.146516 -91.246009 -36.160448
vn -19.146516 -91.246009 -36.160448
vn 32.927107 -7.234119 94.146026
vn 32.927107 -7.234119 94.146026
vn 32.927107 -7.234119 94.146026
vn -83.650253 6.174044 -54.447382
vn -83.650253 6.174044 -54.447382
vn -83.650253 6.174044 -54.447382
vn 30.865740 -78.993684 52.983987
vn 30.865740 -78.993684 52.983987
vn 30.865740 -78.993684 52.983987
vn -21.756361 -10.919937 96.991833
vn -21.756361 -10.919937 96.991833
vn -21.756361 -10.919937 96.991833
vn -22.668145 37.184444 90.019295
vn -22.668145 37.184444 90.019295
vn -22.668145 37.184444 90.019295
vn -43.950187 77.980990 -44.579663
vn -43.950187 77.980990 -44.579663
vn -43.950187 77.980990 -44.579663
vn -83.716773 51.549300 -18.280407
vn -83.716773 51.549300 -18.280407
vn -83.716773 51.549300 -18.280407
vn -4.735983 96.635425 -25.281729
vn -4.735983 96.635425 -25.281729
vn -4.735983 96.635425 -25.281729
vn 30.005720 -39.525791 86.818034
vn 30.005720 -39.525791 86.818034
vn 30.005720 -39.525791 86.818034
vn 19.735943 -80.369761 -56.135517
vn 19.735943 -80.369761 -56.135517
vn 19.735943 -80.369761 -56.135517
vn 95.939289 10.157636 -26.314967
vn 95.939289 10.157636 -26.314967
vn 95.939289 10.157636 -26.314967
vn -40.824805 26.539767 87.344022
vn -40.824805 26.539767 87.344022
vn -40.824805 26.539767 87.344022
vn -49.701609 26.939995 82.486297
vn -49.701609 26.939995 82.486297
vn -49.701609 26.939995 82.486297
vn -42.568937 27.033818 86.354270
vn -42.568937 27.033818 86.354270
vn -42.568937 27.033818 86.354270
vn -67.096983 -29.190003 68.161138
vn -67.096983 -29.190003 68.161138
vn -67.096983 -29.190003 68.161138
vn -70.249404 36.258210 61.240227
vn -70.249404 36.258210 61.240227
vn -70.249404 36.258210 61.240227
vn 70.643314 -38.732181 -59.239692
vn 70.643314 -38.732181 -59.239692
vn 70.643314 -38.732181 -59.239692
vn 65.985334 -44.590107 -60.478573
vn 65.985334 -44.590107 -60.478573
vn 65.985334 -44.590107 -60.478573
vn -48.341665 38.732451 -78.504017
vn -48.341665 38.732451 -78.504017
vn -48.341665 38.732451 -78.504017
vn 92.718543 37.157538 4.752848
vn 92.718543 37.157538 4.752848
vn 92.718543 37.157538 4.752848
vn 70.562901 -44.983933 -54.747829
vn 70.562901 -44.983933 -54.747829
vn 70.562901 -44.983933 -54.747829
vn 22.658327 -81.515588 -53.308628
vn 22.658327 -81.515588 -53.308628
vn 22.658327 -81.515588 -53.308628
vn 7.516538 1.019112 -99.711911
vn 7.516538 1.019112 -99.711911
vn 7.516538 1.019112 -99.711911
vn -31.896963 79.824275 -51.094712
vn -31.896963 79.824275 -51.094712
vn -31.896963 79.824275 -51.094712
vn -74.097560 64.052651 20.169553
vn -74.097560 64.052651 20.169553
vn -74.097560 64.052651 20.169553
vn -0.570027 27.269062 96.208488
vn -0.570027 27.269062 96.208488
vn -0.570027 27.269062 96.208488
vn 55.332653 21.628487 80.439455
vn 55.332653 21.628487 80.439455
vn 55.332653 21.628487 80.439455
vn 83.510353 33.042018 43.980082
vn 83.510353 33.042018 43.980082
vn 83.510353 33.042018 43.980082
vn -64.065193 -75.095526 16.009802
vn -64.065193 -75.095526 16.009802
vn -64.065193 -75.095526 16.009802
vn -85.626998 18.249644 48.321513
vn -85.626998 18.249644 48.321513
vn -85.626998 18.249644 48.321513
vn -88.879465 36.697122 -27.454756
vn -88.879465 36.697122 -27.454756
vn -88.879465 36.697122 -27.454756
vn -78.331720 -24.629127 57.074948
vn -78.331720 -24.629127 57.074948
vn -78.331720 -24.629127 57.074948
vn -89.211078 -32.907232 30.959622
vn -89.211078 -32.907232 30.959622
vn -89.211078 -32.907232 30.959622
vn 49.107899 18.651027 85.091448
vn 49.107899 18.651027 85.091448
vn 49.107899 18.651027 85.091448
vn 53.579547 -49.891934 -68.117745
vn 53.579547 -49.891934 -68.117745
vn 53.579547 -49.891934 -68.117745
vn -29.190562 -63.685489 -71.358750
vn -29.190562 -63.685489 -71.358750
vn -29.190562 -63.685489 -71.358750
vn 21.211687 95.908694 -18.750687
vn 21.211687 95.908694 -18.750687
vn 21.211687 95.908694 -18.750687
vn 14.399600 -27.054326 95.187794
vn 14.399600 -27.054326 95.187794
vn 14.399600 -27.054326 95.187794
vn 44.212802 -8.619845 89.280056
vn 44.212802 -8.619845 89.280056
vn 44.212802 -8.619845 89.280056
vn -13.827791 -3.775322 -98.967372
vn -13.827791 -3.775322 -98.967372
vn -13.827791 -3.775322 -98.967372
vn 66.441855 -12.603963 73.665605
vn 66.441855 -12.603963 73.665605
vn 66.441855 -12.603963 73.665605
vn -98.336225 13.810747 -11.800380
vn -98.336225 13.810747 -11.800380
vn -98.336225 13.810747 -11.800380
vn 52.814368 25.479966 -81.002561
vn 52.814368 25.479966 -81.002561
vn 52.814368 25.479966 -81.002561
vn -21.746744 -75.771210 61.528895
vn -21.746744 -75.771210 61.528895
vn -21.746744 -75.771210 61.528895
vn -68.163294 70.005474 21.283768
vn -68.163294 70.005474 21.283768
vn -68.163294 70.005474 21.283768
vn -16.948009 82.212644 -54.349287
vn -16.948009 82.212644 -54.349287
vn -16.948009 82.212644 -54.349287
vn -29.205837 -3.829936 95.563335
vn -29.205837 -3.829936 95.563335
vn -29.205837 -3.829936 95.563335
vn -68.904214 -49.071901 -53.330642
vn -68.904214 -49.071901 -53.330642
vn -68.904214 -49.071901 -53.330642
vn 98.825470 14.582344 -4.569901
vn 98.825470 14.582344 -4.569901
vn 98.825470 14.582344 -4.569901
vn 3.804327 99.075126 -13.024845
vn 3.804327 99.075126 -13.024845
vn 3.804327 99.075126 -13.024845
vn 5.756883 21.672512 97.453385
vn 5.756883 21.672512 97.453385
vn 5.756883 21.672512 97.453385
vn -66.764262 -9.203101 -73.877177
vn -66.764262 -9.203101 -73.877177
vn -66.764262 -9.203101 -73.877177
vn 64.039826 56.525891 51.997369
vn 64.039826 56.525891 51.997369
vn 64.039826 56.525891 51.997369
vn -75.177904 43.382661 -49.661129
vn -75.177904 43.382661 -49.661129
vn -75.177904 43.382661 -49.661129
vn 35.334057 52.298499 77.565276
vn 35.334057 52.298499 77.565276
vn 35.334057 52.298499 77.565276
vn -71.161544 -42.950152 55.599634
vn -71.161544 -42.950152 55.599634
vn -71.161544 -42.950152 55.599634
vn -21.098304 -32.538547 -92.174317
vn -21.098304 -32.538547 -92.174317
vn -21.098304 -32.538547 -92.174317
vn -97.075996 24.004511 0.190575
vn -97.075996 24.004511 0.190575
vn -97.075996 24.004511 0.190575
vn 11.221388 -19.386218 97.458994
vn 11.221388 -19.386218 97.458994
vn 11.221388 -19.386218 97.458994
vn 74.300159 -29.631169 60.012346
vn 74.300159 -29.631169 60.012346
vn 74.300159 -29.631169 60.012346
vn 72.279069 -5.603721 -68.879134
vn 72.279069 -5.603721 -68.879134
vn 72.279069 -5.603721 -68.879134
vn -57.400868 -22.138707 -78.835382
vn -57.400868 -22.138707 -78.835382
vn -57.400868 -22.138707 -78.835382
vn -92.541880 36.246423 11.054254
vn -92.541880 36.246423 11.054254
vn -92.541880 36.246423 11.054254
vn -87.993797 17.390419 44.211589
vn -87.993797 17.390419 44.211589
vn -87.993797 17.390419 44.211589
vn 29.444570 25.635117 -92.064421
vn 29.444570 25.635117 -92.064421
vn 29.444570 25.635117 -92.064421
vn 44.174095 -81.217834 -38.109251
vn 44.174095 -81.217834 -38.109251
vn 44.174095 -81.217834 -38.109251
vn -99.488960 -9.544897 -3.292748
vn -99.488960 -9.544897 -3.292748
vn -99.488960 -9.544897 -3.292748
vn -82.922243 49.643716 -25.678842
vn -82.922243 49.643716 -25.678842
vn -82.922243 49.643716 -25.678842
vn -29.998694 -9.007654 94.968103
vn -29.998694 -9.007654 94.968103
vn -29.998694 -9.007654 94.968103
vn -41.714372 8.839730 -90.453137
vn -41.714372 8.839730 -90.453137
vn -41.714372 8.839730 -90.453137
vn 97.917973 11.724932 16.570950
vn 97.917973 11.724932 16.570950
vn 97.917973 11.724932 16.570950
vn -95.241066 24.599236 18.000476
vn -95.241066 24.599236 18.000476
vn -95.241066 24.599236 18.000476
vn -94.944335 -31.391942 -0.344670
vn -94.944335 -31.391942 -0.344670
vn -94.944335 -31.391942 -0.344670
vn 51.076019 22.684289 -82.925663
vn 51.076019 22.684289 -82.925663
vn 51.076019 22.684289 -82.925663
vn 86.619623 -35.460899 -35.207473
vn 86.619623 -35.460899 -35.207473
vn 86.619623 -35.460899 -35.207473
vn 78.673855 -7.113172 -61.317437
vn 78.673855 -7.113172 -61.317437
vn 78.673855 -7.113172 -61.317437
vn -66.786792 -31.117579 -67.610807
vn -66.786792 -31.117579 -67.610807
vn -66.786792 -31.117579 -67.610807
vn 9.944948 -10.057985 98.994621
vn 9.944948 -10.057985 98.994621
vn 9.944948 -10.057985 98.994621
vn 26.950937 -20.180530 -94.161532
vn 26.950937 -20.180530 -94.161532
vn 26.950937 -20.180530 -94.161532
vn 74.126622 -30.123661 59.981755
vn 74.126622 -30.123661 59.981755
vn 74.126622 -30.123661 59.981755
vn 63.622598 13.019102 -76.043860
vn 63.622598 13.019102 -76.043860
vn 63.622598 13.019102 -76.043860
vn 99.846554 4.321697 -3.462500
vn 99.846554 4.321697 -3.462500
vn 99.846554 4.321697 -3.462500
vn 93.727853 -20.930180 -27.875015
vn 93.727853 -20.930180 -27.875015
vn 93.727853 -20.930180 -27.875015
vn -98.325413 16.932071 -6.739301
vn -98.325413 16.932071 -6.739301
vn -98.325413 16.932071 -6.739301
vn 42.824511 -84.184458 -32.848721
vn 42.824511 -84.184458 -32.848721
vn 42.824511 -84.184458 -32.848721
vn 77.438532 10.023393 62.472441
vn 77.438532 10.023393 62.472441
vn 77.438532 10.023393 62.472441
vn -98.605655 -3.137951 16.342595
vn -98.605655 -3.137951 16.342595
vn -98.605655 -3.137951 16.342595
vn 53.956375 -49.001322 -68.465911
vn 53.956375 -49.001322 -68.465911
vn 53.956375 -49.001322 -68.465911
vn 44.922490 -11.285136 88.626280
vn 44.922490 -11.285136 88.626280
vn 44.922490 -11.285136 88.626280
vn -74.634456 9.342984 -65.896948
vn -74.634456 9.342984 -65.896948
vn -74.634456 9.342984 -65.896948
vn -31.997492 2.676925 -94.704787
vn -31.997492 2.676925 -94.704787
vn -31.997492 2.676925 -94.704787
vn -88.683462 16.440657 43.185051
vn -88.683462 16.440657 43.185051
vn -88.683462 16.440657 43.185051
vn 32.425701 21.720668 -92.069476
vn 32.425701 21.720668 -92.069476
vn 32.425701 21.720668 -92.069476
vn -9.899347 -47.840123 -87.254381
vn -9.899347 -47.840123 -87.254381
vn -9.899347 -47.840123 -87.254381
vn 71.809872 0.594409 -69.591596
vn 71.809872 0.594409 -69.591596
vn 71.809872 0.594409 -69.591596
vn 61.205633 -18.671842 -76.845509
vn 61.205633 -18.671842 -76.845509
vn 61.205633 -18.671842 -76.845509
vn 91.814726 -20.945611 33.635388
vn 91.814726 -20.945611 33.635388
vn 91.814726 -20.945611 33.635388
vn 31.960144 78.331253 -53.317593
vn 31.960144 78.331253 -53.317593
vn 31.960144 78.331253 -53.317593
vn 78.253849 -57.366415 24.195683
vn 78.253849 -57.366415 24.195683
vn 78.253849 -57.366415 24.195683
vn -76.732713 20.941263 60.609846
vn -76.732713 20.941263 60.609846
vn -76.732713 20.941263 60.609846
vn 74.935400 -31.853456 -58.052089
vn 74.935400 -31.853456 -58.052089
vn 74.935400 -31.853456 -58.052089
vn -45.243499 -1.974589 89.157891
vn -45.243499 -1.974589 89.157891
vn -45.243499 -1.974589 89.157891
vn 98.604575 8.655821 -14.220249
vn 98.604575 8.655821 -14.220249
vn 98.604575 8.655821 -14.220249
vn -94.395955 -8.725832 -31.831807
vn -94.395955 -8.725832 -31.831807
vn -94.395955 -8.725832 -31.831807
vn -83.967903 7.092508 -53.843180
vn -83.967903 7.092508 -53.843180
vn -83.967903 7.092508 -53.843180
vn 72.228545 -11.307666 -68.228850
vn 72.228545 -11.307666 -68.228850
vn 72.228545 -11.307666 -68.228850
vn -93.800823 -33.233237 -9.846709
vn -93.800823 -33.233237 -9.846709
vn -93.800823 -33.233237 -9.846709
vn 7.735663 -26.337096 -96.158821
vn 7.735663 -26.337096 -96.158821
vn 7.735663 -26.337096 -96.158821
vn 72.024265 -15.646533 -67.584713
vn 72.024265 -15.646533 -67.584713
vn 72.024265 -15.646533 -67.584713
vn -13.271940 25.372649 -95.812760
vn -13.271940 25.372649 -95.812760
vn -13.271940 25.372649 -95.812760
vn 94.203416 -1.885594 -33.498679
vn 94.203416 -1.885594 -33.498679
vn 94.203416 -1.885594 -33.498679
vn 93.234667 34.945612 -9.279164
vn 93.234667 34.945612 -9.279164
vn 93.234667 34.945612 -9.279164
vn 60.683212 56.491577 55.912895
vn 60.683212 56.491577 55.912895
vn 60.683212 56.491577 55.912895
vn -45.130659 60.763118 65.353412
vn -45.130659 60.763118 65.353412
vn -45.130659 60.763118 65.353412
vn 59.044434 70.736059 -38.860839
vn 59.044434 70.736059 -38.860839
vn 59.044434 70.736059 -38.860839
vn 32.424360 -41.331721 -85.090253
vn 32.424360 -41.331721 -85.090253
vn 32.424360 -41.331721 -85.090253
vn 24.674577 -40.223259 -88.166069
vn 24.674577 -40.223259 -88.166069
vn 24.674577 -40.223259 -88.166069
vn -99.101897 6.845232 11.487306
vn -99.101897 6.845232 11.487306
vn -99.101897 6.845232 11.487306
vn -74.450948 -10.686929 65.900283
vn -74.450948 -10.686929 65.900283
vn -74.450948 -10.686929 65.900283
vn 16.481593 -96.222110 -21.671746
vn 16.481593 -96.222110 -21.671746
vn 16.481593 -96.222110 -21.671746
vn 34.933599 28.796259 89.165118
vn 34.933599 28.796259 89.165118
vn 34.933599 28.796259 89.165118
vn 13.507027 27.108969 95.303016
vn 13.507027 27.108969 95.303016
vn 13.507027 27.108969 95.303016
vn -53.644690 -31.422835 78.325302
vn -53.644690 -31.422835 78.325302
vn -53.644690 -31.422835 78.325302
vn 2.333196 -99.907196 3.620764
vn 2.333196 -99.907196 3.620764
vn 2.333196 -99.907196 3.620764
vn -10.096178 11.368970 98.837322
vn -10.096178 11.368970 98.837322
vn -10.096178 11.368970 98.837322
vn 92.491815 0.092294 -38.016522
vn 92.491815 0.092294 -38.016522
vn 92.491815 0.092294 -38.016522
vn -21.088830 -5.991850 -97.567209
vn -21.088830 -5.991850 -97.567209
vn -21.088830 -5.991850 -97.567209
vn 55.741771 -20.091286 80.555540
vn 55.741771 -20.091286 80.555540
vn 55.741771 -20.091286 80.555540
vn 76.420330 32.703342 -55.591600
vn 76.420330 32.703342 -55.591600
vn 76.420330 32.703342 -55.591600
vn 23.955278 -64.900276 -72.208718
vn 23.955278 -64.900276 -72.208718
vn 23.955278 -64.900276 -72.208718
vn -77.571331 -31.962384 -54.415951
vn -77.571331 -31.962384 -54.415951
vn -77.571331 -31.962384 -54.415951
vn -88.385408 -1.580285 46.749568
vn -88.385408 -1.580285 46.749568
vn -88.385408 -1.580285 46.749568
vn -52.568628 58.875779 61.401806
vn -52.568628 58.875779 61.401806
vn -52.568628 58.875779 61.401806
vn 54.068440 1.718678 84.104993
vn 54.068440 1.718678 84.104993
vn 54.068440 1.718678 84.104993
vn 87.562352 -45.516766 -16.157339
vn 87.562352 -45.516766 -16.157339
vn 87.562352 -45.516766 -16.157339
vn -52.143542 65.251979 54.983917
vn -52.143542 65.251979 54.983917
vn -52.143542 65.251979 54.983917
vn 97.359987 11.119181 19.934815
vn 97.359987 11.119181 19.934815
vn 97.359987 11.119181 19.934815
vn -46.090690 25.672401 84.950443
vn -46.090690 25.672401 84.950443
vn -46.090690 25.672401 84.950443
vn 71.678528 -42.071511 55.607352
vn 71.678528 -42.071511 55.607352
vn 71.678528 -42.071511 55.607352
vn -92.711770 20.505230 31.369797
vn -92.711770 20.505230 31.369797
vn -92.711770 20.505230 31.369797
vn -99.587555 6.468152 6.362730
vn -99.587555 6.468152 6.362730
vn -99.587555 6.468152 6.362730
vn -95.624457 -8.551001 -27.979379
vn -95.624457 -8.551001 -27.979379
vn -95.624457 -8.551001 -27.979379
vn -21.126623 -33.775833 91.721639
vn -21.126623 -33.775833 91.721639
vn -21.126623 -33.775833 91.721639
vn 62.946896 -18.237830 75.531924
vn 62.946896 -18.237830 75.531924
vn 62.946896 -18.237830 75.531924
vn 8.600341 -93.864537 -33.398859
vn 8.600341 -93.864537 -33.398859
vn 8.600341 -93.864537 -33.398859
vn 71.397610 30.967845 62.796288
vn 71.397610 30.967845 62.796288
vn 71.397610 30.967845 62.796288
vn -62.988970 43.168254 64.566959
vn -62.988970 43.168254 64.566959
vn -62.988970 43.168254 64.566959
vn 51.481514 -83.720507 18.453459
vn 51.481514 -83.720507 18.453459
vn 51.481514 -83.720507 18.453459
vn 62.806806 -42.333416 65.293077
vn 62.806806 -42.333416 65.293077
vn 62.806806 -42.333416 65.293077
vn 28.140821 44.213505 85.166085
vn 28.140821 44.213505 85.166085
vn 28.140821 44.213505 85.166085
vn -43.094449 24.610432 86.817025
vn -43.094449 24.610432 86.817025
vn -43.094449 24.610432 86.817025
vn -36.709321 29.173089 88.325301
vn -36.709321 29.173089 88.325301
vn -36.709321 29.173089 88.325301
vn -2.170519 29.924754 -95.392874
vn -2.170519 29.924754 -95.392874
vn -2.170519 29.924754 -95.392874
vn -6.851655 26.928366 -96.062052
vn -6.851655 26.928366 -96.062052
vn -6.851655 26.928366 -96.062052
vn -76.804094 -4.578860 63.876171
vn -76.804094 -4.578860 63.876171
vn -76.804094 -4.578860 63.876171
vn 80.220142 -33.608009 -49.348070
vn 80.220142 -33.608009 -49.348070
vn 80.220142 -33.608009 -49.348070
vn 69.396735 -38.411565 -60.898647
vn 69.396735 -38.411565 -60.898647
vn 69.396735 -38.411565 -60.898647
vn -38.653404 -31.426055 -86.708230
vn -38.653404 -31.426055 -86.708230
vn -38.653404 -31.426055 -86.708230
vn -74.124375 33.026455 -58.436551
vn -74.124375 33.026455 -58.436551
vn -74.124375 33.026455 -58.436551
vn 18.392175 43.051714 -88.364465
vn 18.392175 43.051714 -88.364465
vn 18.392175 43.051714 -88.364465
vn -97.028965 10.347709 -21.870197
vn -97.028965 10.347709 -21.870197
vn -97.028965 10.347709 -21.870197
vn 92.938734 6.158550 36.393206
vn 92.938734 6.158550 36.393206
vn 92.938734 6.158550 36.393206
vn 63.391585 36.587994 -68.138288
vn 63.391585 36.587994 -68.138288
vn 63.391585 36.587994 -68.138288
vn -13.397724 -31.897041 93.824731
vn -13.397724 -31.897041 93.824731
vn -13.397724 -31.897041 93.824731
vn 85.860397 -23.539126 45.540133
vn 85.860397 -23.539126 45.540133
vn 85.860397 -23.539126 45.540133
vn 99.851960 -4.795563 2.567176
vn 99.851960 -4.795563 2.567176
vn 99.851960 -4.795563 2.567176
vn -35.549232 8.451246 93.085062
vn -35.549232 8.451246 93.085062
vn -35.549232 8.451246 93.085062
vn 2.568522 6.752096 -99.738718
vn 2.568522 6.752096 -99.738718
vn 2.568522 6.752096 -99.738718
vn -44.723754 -77.641955 44.401733
vn -44.723754 -77.641955 44.401733
vn -44.723754 -77.641955 44.401733
vn -62.969135 -1.985009 -77.659175
vn -62.969135 -1.985009 -77.659175
vn -62.969135 -1.985009 -77.659175
vn -59.196460 -6.578516 -80.327478
vn -59.196460 -6.578516 -80.327478
vn -59.196460 -6.578516 -80.327478
vn 88.804416 -34.958669 29.860806
vn 88.804416 -34.958669 29.860806
vn 88.804416 -34.958669 29.860806
vn 86.718850 44.399264 -22.550982
vn 86.718850 44.399264 -22.550982
vn 86.718850 44.399264 -22.550982
vn -35.377717 61.651638 70.338418
vn -35.377717 61.651638 70.338418
vn -35.377717 61.651638 70.338418
vn -83.277514 -17.705261 -52.453594
vn -83.277514 -17.705261 -52.453594
vn -83.277514 -17.705261 -52.453594
vn -21.095495 -95.111166 22.557618
vn -21.095495 -95.111166 22.557618
vn -21.095495 -95.111166 22.557618
vn 97.513895 20.094858 9.340169
vn 97.513895 20.094858 9.340169
vn 97.513895 20.094858 9.340169
vn -88.928961 6.704520 -45.240355
vn -88.928961 6.704520 -45.240355
vn -88.928961 6.704520 -45.240355
vn -32.200860 -30.565328 -89.603937
vn -32.200860 -30.565328 -89.603937
vn -32.200860 -30.565328 -89.603937
vn -99.792327 -2.991765 5.704628
vn -99.792327 -2.991765 5.704628
vn -99.792327 -2.991765 5.704628
vn -30.459906 -13.114227 94.340935
vn -30.459906 -13.114227 94.340935
vn -30.459906 -13.114227 94.340935
vn -66.723334 13.260537 73.294989
vn -66.723334 13.260537 73.294989
vn -66.723334 13.260537 73.294989
vn -52.266063 8.444161 84.834873
vn -52.266063 8.444161 84.834873
vn -52.266063 8.444161 84.834873
vn 95.491712 27.615314 10.896212
vn 95.491712 27.615314 10.896212
vn 95.491712 27.615314 10.896212
vn -50.964449 80.828115 29.486308
vn -50.964449 80.828115 29.486308
vn -50.964449 80.828115 29.486308
vn -27.835307 -91.086773 30.469613
vn -27.835307 -91.086773 30.469613
vn -27.835307 -91.086773 30.469613
vn -88.070991 -11.242443 -46.012061
vn -88.070991 -11.242443 -46.012061
vn -88.070991 -11.242443 -46.012061
vn -59.871691 74.972095 -28.188060
vn -59.871691 74.972095 -28.188060
vn -59.871691 74.972095 -28.188060
vn 19.583839 -64.832517 -73.574581
vn 19.583839 -64.832517 -73.574581
vn 19.583839 -64.832517 -73.574581
vn 4.644300 -3.543813 -99.829219
vn 4.644300 -3.543813 -99.829219
vn 4.644300 -3.543813 -99.829219
vn 71.996366 25.267421 -64.638091
vn 71.996366 25.267421 -64.638091
vn 71.996366 25.267421 -64.638091
vn -23.537612 69.898277 -67.529340
vn -23.537612 69.898277 -67.529340
vn -23.537612 69.898277 -67.529340
vn -86.923863 -48.444259 9.869032
vn -86.923863 -48.444259 9.869032
vn -86.923863 -48.444259 9.869032
vn -28.434151 77.618533 -56.274885
vn -28.434151 77.618533 -56.274885
vn -28.434151 77.618533 -56.274885
vn 98.004746 18.466898 -7.351614
vn 98.004746 18.466898 -7.351614
vn 98.004746 18.466898 -7.351614
vn 97.948096 11.870637 -16.286755
vn 97.948096 11.870637 -16.286755
vn 97.948096 11.870637 -16.286755
vn -79.615477 -9.103382 -59.820610
vn -79.615477 -9.103382 -59.820610
vn -79.615477 -9.103382 -59.820610
vn 16.705478 34.887904 -92.215849
vn 16.705478 34.887904 -92.215849
vn 16.705478 34.887904 -92.215849
vn 64.672818 -0.686981 -76.268970
vn 64.672818 -0.686981 -76.268970
vn 64.672818 -0.686981 -76.268970
vn -59.911636 7.363571 79.726867
vn -59.911636 7.363571 79.726867
vn -59.911636 7.363571 79.726867
vn 96.301987 2.000530 26.868705
vn 96.301987 2.000530 26.868705
vn 96.301987 2.000530 26.868705
vn 31.089702 -94.702728 8.051366
vn 31.089702 -94.702728 8.051366
vn 31.089702 -94.702728 8.051366
vn 96.806159 1.400989 25.032077
vn 96.806159 1.400989 25.032077
vn 96.806159 1.400989 25.032077
vn 16.904132 -42.494854 -88.929401
vn 16.904132 -42.494854 -88.929401
vn 16.904132 -42.494854 -88.929401
vn 64.666430 -22.214609 -72.970995
vn 64.666430 -22.214609 -72.970995
vn 64.666430 -22.214609 -72.970995
vn 11.219285 -9.670699 -98.896939
vn 11.219285 -9.670699 -98.896939
vn 11.219285 -9.670699 -98.896939
vn -83.760643 48.974740 -24.199779
vn -83.760643 48.974740 -24.199779
vn -83.760643 48.974740 -24.199779
vn 27.560836 -4.692246 96.012414
vn 27.560836 -4.692246 96.012414
vn 27.560836 -4.692246 96.012414
vn 40.162888 -21.085016 89.119942
vn 40.162888 -21.085016 89.119942
vn 40.162888 -21.085016 89.119942
vn 45.751487 -41.354838 78.718362
vn 45.751487 -41.354838 78.718362
vn 45.751487 -41.354838 78.718362
vn 6.377058 -45.750763 -88.691610
vn 6.377058 -45.750763 -88.691610
vn 6.377058 -45.750763 -88.691610
vn -37.900849 -25.487506 88.960179
vn -37.900849 -25.487506 88.960179
vn -37.900849 -25.487506 88.960179
vn 37.816097 -87.738182 -29.528896
vn 37.816097 -87.738182 -29.528896
vn 37.816097 -87.738182 -29.528896
vn -99.836715 -5.400844 1.860401
vn -99.836715 -5.400844 1.860401
vn -99.836715 -5.400844 1.860401
vn 57.295187 -31.251053 -75.766973
vn 57.295187 -31.251053 -75.766973
vn 57.295187 -31.251053 -75.766973
vn -88.065654 45.060971 -14.627001
vn -88.065654 45.060971 -14.627001
vn -88.065654 45.060971 -14.627001
vn -76.169590 -14.683911 63.107666
vn -76.169590 -14.683911 63.107666
vn -76.169590 -14.683911 63.107666
vn 76.082931 56.935946 31.139780
vn 76.082931 56.935946 31.139780
vn 76.082931 56.935946 31.139780
vn 92.207429 -0.355912 38.699654
vn 92.207429 -0.355912 38.699654
vn 92.207429 -0.355912 38.699654
vn -99.829046 -4.922910 3.150960
vn -99.829046 -4.922910 3.150960
vn -99.829046 -4.922910 3.150960
vn -44.860010 83.313181 32.349565
vn -44.860010 83.313181 32.349565
vn -44.860010 83.313181 32.349565
vn 84.601784 51.234087 -14.751561
vn 84.601784 51.234087 -14.751561
vn 84.601784 51.234087 -14.751561
vn -1.601313 -26.516338 -96.407052
vn -1.601313 -26.516338 -96.407052
vn -1.601313 -26.516338 -96.407052
vn 93.780695 -34.634918 -2.367144
vn 93.780695 -34.634918 -2.367144
vn 93.780695 -34.634918 -2.367144
vn -98.921712 -12.085171 -8.273040
vn -98.921712 -12.085171 -8.273040
vn -98.921712 -12.085171 -8.273040
vn 4.744345 -99.852354 -2.645775
vn 4.744345 -99.852354 -2.645775
vn 4.744345 -99.852354 -2.645775
vn -51.836384 -83.652786 17.753936
vn -51.836384 -83.652786 17.753936
vn -51.836384 -83.652786 17.753936
vn 33.693048 -51.607680 78.749141
vn 33.693048 -51.607680 78.749141
vn 33.693048 -51.607680 78.749141
vn 96.614768 -21.973948 -13.517845
vn 96.614768 -21.973948 -13.517845
vn 96.614768 -21.973948 -13.517845
vn -98.861074 -13.089120 -7.427240
vn -98.861074 -13.089120 -7.427240
vn -98.861074 -13.089120 -7.427240
vn 84.864848 -10.526857 51.837654
vn 84.864848 -10.526857 51.837654
vn 84.864848 -10.526857 51.837654
vn -54.771555 66.247279 -51.101619
vn -54.771555 66.247279 -51.101619
vn -54.771555 66.247279 -51.101619
vn 89.864399 2.229449 43.811179
vn 89.864399 2.229449 43.811179
vn 89.864399 2.229449 43.811179
vn 73.760455 -28.403671 -61.258692
vn 73.760455 -28.403671 -61.258692
vn 73.760455 -28.403671 -61.258692
vn 84.453085 37.161718 38.557563
vn 84.453085 37.161718 38.557563
vn 84.453085 37.161718 38.557563
vn 4.506081 36.376012 -93.040214
vn 4.506081 36.376012 -93.040214
vn 4.506081 36.376012 -93.040214
vn -91.139900 19.560106 -36.206640
vn -91.139900 19.560106 -36.206640
vn -91.139900 19.560106 -36.206640
vn -66.882242 -52.091234 -53.040256
vn -66.882242 -52.091234 -53.040256
vn -66.882242 -52.091234 -53.040256
vn 85.511848 -10.348416 -50.799954
vn 85.511848 -10.348416 -50.799954
vn 85.511848 -10.348416 -50.799954
vn -89.389928 11.287746 -43.382356
vn -89.389928 11.287746 -43.382356
vn -89.389928 11.287746 -43.382356
vn -81.999604 10.369654 -56.289762
vn -81.999604 10.369654 -56.289762
vn -81.999604 10.369654 -56.289762
vn 20.020285 -11.230077 -97.329718
vn 20.020285 -11.230077 -97.329718
vn 20.020285 -11.230077 -97.329718
vn 83.234966 -41.956588 36.215820
vn 83.234966 -41.956588 36.215820
vn 83.234966 -41.956588 36.215820
vn -95.794372 15.822291 23.939372
vn -95.794372 15.822291 23.939372
vn -95.794372 15.822291 23.939372
vn -80.769771 -3.074962 58.879444
vn -80.769771 -3.074962 58.879444
vn -80.769771 -3.074962 58.879444
vn 96.923821 -2.713570 -24.462447
vn 96.923821 -2.713570 -24.462447
vn 96.923821 -2.713570 -24.462447
vn -93.569362 -0.551709 35.277049
vn -93.569362 -0.551709 35.277049
vn -93.569362 -0.551709 35.277049
vn 94.888765 16.189708 27.092738
vn 94.888765 16.189708 27.092738
vn 94.888765 16.189708 27.092738
vn 44.759262 36.047522 81.836334
vn 44.759262 36.047522 81.836334
vn 44.759262 36.047522 81.836334
vn -65.411348 74.682619 -11.994237
vn -65.411348 74.682619 -11.994237
vn -65.411348 74.682619 -11.994237
vn 88.651121 40.402036 -22.553398
vn 88.651121 40.402036 -22.553398
vn 88.651121 40.402036 -22.553398
vn 99.414951 -10.378640 2.991966
vn 99.414951 -10.378640 2.991966
vn 99.414951 -10.378640 2.991966
vn 81.232070 -24.082877 -53.116543
vn 81.232070 -24.082877 -53.116543
vn 81.232070 -24.082877 -53.116543
vn -84.955776 1.945815 52.713669
vn -84.955776 1.945815 52.713669
vn -84.955776 1.945815 52.713669
vn -72.151760 1.748691 69.217528
vn -72.151760 1.748691 69.217528
vn -72.151760 1.748691 69.217528
vn -22.992760 1.399499 -97.310713
vn -22.992760 1.399499 -97.310713
vn -22.992760 1.399499 -97.310713
vn 12.817676 3.644679 -99.108140
vn 12.817676 3.644679 -99.108140
vn 12.817676 3.644679 -99.108140
vn -58.427521 -12.734721 -80.150185
vn -58.427521 -12.734721 -80.150185
vn -58.427521 -12.734721 -80.150185
vn 70.682752 69.757995 -11.737606
vn 70.682752 69.757995 -11.737606
vn 70.682752 69.757995 -11.737606
vn -73.258180 -67.637817 -7.639693
vn -73.258180 -67.637817 -7.639693
vn -73.258180 -67.637817 -7.639693
vn 91.646075 -12.221116 -38.100419
vn 91.646075 -12.221116 -38.100419
vn 91.646075 -12.221116 -38.100419
vn 46.612992 37.291404 -80.228304
vn 46.612992 37.291404 -80.228304
vn 46.612992 37.291404 -80.228304
vn -78.189580 -3.844098 62.222296
vn -78.189580 -3.844098 62.222296
vn -78.189580 -3.844098 62.222296
vn 28.479097 70.004243 65.485469
vn 28.479097 70.004243 65.485469
vn 28.479097 70.004243 65.485469
vn 77.470015 -1.831914 63.206340
vn 77.470015 -1.831914 63.206340
vn 77.470015 -1.831914 63.206340
vn 3.801441 -3.769144 99.856618
vn 3.801441 -3.769144 99.856618
vn 3.801441 -3.769144 99.856618
vn -45.761933 -87.039267 -18.166266
vn -45.761933 -87.039267 -18.166266
vn -45.761933 -87.039267 -18.166266
vn -74.417690 -9.596405 66.105355
vn -74.417690 -9.596405 66.105355
vn -74.417690 -9.596405 66.105355
vn -66.242323 1.745711 74.892650
vn -66.242323 1.745711 74.892650
vn -66.242323 1.745711 74.892650
vn -60.500024 17.916101 77.580680
vn -60.500024 17.916101 77.580680
vn -60.500024 17.916101 77.580680
vn 21.817729 18.426919 95.835463
vn 21.817729 18.426919 95.835463
vn 21.817729 18.426919 95.835463
vn 87.342562 -4.697301 -48.468677
vn 87.342562 -4.697301 -48.468677
vn 87.342562 -4.697301 -48.468677
vn 98.945297 -6.343292 -13.022723
vn 98.945297 -6.343292 -13.022723
vn 98.945297 -6.343292 -13.022723
vn 33.594097 7.380808 -93.898669
vn 33.594097 7.380808 -93.898669
vn 33.594097 7.380808 -93.898669
vn 95.964012 -28.042740 2.124967
vn 95.964012 -28.042740 2.124967
vn 95.964012 -28.042740 2.124967
vn -94.762899 7.351476 31.079715
vn -94.762899 7.351476 31.079715
vn -94.762899 7.351476 31.079715
vn 23.702683 31.150161 92.020925
vn 23.702683 31.150161 92.020925
vn 23.702683 31.150161 92.020925
vn 66.043077 49.297448 56.639865
vn 66.043077 49.297448 56.639865
vn 66.043077 49.297448 56.639865
vn -48.281718 -1.931623 87.550817
vn -48.281718 -1.931623 87.550817
vn -48.281718 -1.931623 87.550817
vn 78.636854 51.306190 -34.408146
vn 78.636854 51.306190 -34.408146
vn 78.636854 51.306190 -34.408146
vn -55.091879 -72.461455 -41.403171
vn -55.091879 -72.461455 -41.403171
vn -55.091879 -72.461455 -41.403171
vn 88.758009 -45.931593 -3.507859
vn 88.758009 -45.931593 -3.507859
vn 88.758009 -45.931593 -3.507859
vn 7.601891 86.361904 49.838067
vn 7.601891 86.361904 49.838067
vn 7.601891 86.361904 49.838067
vn -45.106877 76.077524 46.664557
vn -45.106877 76.077524 46.664557
vn -45.106877 76.077524 46.664557
vn -69.449069 68.001248 -23.508674
vn -69.449069 68.001248 -23.508674
vn -69.449069 68.001248 -23.508674
vn -92.144456 11.801256 37.015268
vn -92.144456 11.801256 37.015268
vn -92.144456 11.801256 37.015268
vn -49.259327 15.682424 -85.601286
vn -49.259327 15.682424 -85.601286
vn -49.259327 15.682424 -85.601286
vn -98.008763 6.794065 -18.658089
vn -98.008763 6.794065 -18.658089
vn -98.008763 6.794065 -18.658089
vn 56.608362 30.833813 -76.451104
vn 56.608362 30.833813 -76.451104
vn 56.608362 30.833813 -76.451104
vn -5.685676 -3.929243 -99.760885
vn -5.685676 -3.929243 -99.760885
vn -5.685676 -3.929243 -99.760885
vn -17.003289 -24.506797 95.447919
vn -17.003289 -24.506797 95.447919
vn -17.003289 -24.506797 95.447919
vn -60.215283 13.851839 78.627272
vn -60.215283 13.851839 78.627272
vn -60.215283 13.851839 78.627272
vn -61.990484 5.421569 78.280182
vn -61.990484 5.421569 78.280182
vn -61.990484 5.421569 78.280182
vn -72.460885 28.366036 62.807549
vn -72.460885 28.366036 62.807549
vn -72.460885 28.366036 62.807549
vn -61.691228 11.596725 77.844142
vn -61.691228 11.596725 77.844142
vn -61.691228 11.596725 77.844142
vn -80.513240 -57.613060 14.083860
vn -80.513240 -57.613060 14.083860
vn -80.513240 -57.613060 14.083860
vn -96.280519 -1.073611 -26.998309
vn -96.280519 -1.073611 -26.998309
vn -96.280519 -1.073611 -26.998309
vn 97.434528 6.155384 -21.647770
vn 97.434528 6.155384 -21.647770
vn 97.434528 6.155384 -21.647770
vn 51.041813 12.336983 -85.103076
vn 51.041813 12.336983 -85.103076
vn 51.041813 12.336983 -85.103076
vn -24.299027 27.273944 93.089688
vn -24.299027 27.273944 93.089688
vn -24.299027 27.273944 93.089688
vn 82.630992 10.190948 55.391910
vn 82.630992 10.190948 55.391910
vn 82.630992 10.190948 55.391910
vn -84.382035 -42.996105 32.109323
vn -84.382035 -42.996105 32.109323
vn -84.382035 -42.996105 32.109323
vn -56.432844 77.536955 28.343541
vn -56.432844 77.536955 28.343541
vn -56.432844 77.536955 28.343541
vn -14.407086 -61.931760 -77.180913
vn -14.407086 -61.931760 -77.180913
vn -14.407086 -61.931760 -77.180913
vn -33.068962 67.117738 -66.344956
vn -33.068962 67.117738 -66.344956
vn -33.068962 67.117738 -66.344956
vn 71.831053 41.308843 -55.981081
vn 71.831053 41.308843 -55.981081
vn 71.831053 41.308843 -55.981081
vn 27.428076 -18.798003 -94.309785
vn 27.428076 -18.798003 -94.309785
vn 27.428076 -18.798003 -94.309785
vn -86.799845 -21.916524 -44.558439
vn -86.799845 -21.916524 -44.558439
vn -86.799845 -21.916524 -44.558439
vn 30.727055 -95.155610 1.122395
vn 30.727055 -95.155610 1.122395
vn 30.727055 -95.155610 1.122395
vn -78.334835 -28.209560 55.388409
vn -78.334835 -28.209560 55.388409
vn -78.334835 -28.209560 55.388409
vn 55.599139 -5.622334 82.928435
vn 55.599139 -5.622334 82.928435
vn 55.599139 -5.622334 82.928435
vn 90.246856 3.914576 -42.897328
vn 90.246856 3.914576 -42.897328
vn 90.246856 3.914576 -42.897328
vn -78.207518 25.624163 -56.806587
vn -78.207518 25.624163 -56.806587
vn -78.207518 25.624163 -56.806587
vn 96.462288 10.637797 24.121848
vn 96.462288 10.637797 24.121848
vn 96.462288 10.637797 24.121848
vn 97.540063 3.938486 21.689286
vn 97.540063 3.938486 21.689286
vn 97.540063 3.938486 21.689286
vn 57.798033 46.388819 -67.137669
vn 57.798033 46.388819 -67.137669
vn 57.798033 46.388819 -67.137669
vn 57.570316 28.500180 -76.638106
vn 57.570316 28.500180 -76.638106
vn 57.570316 28.500180 -76.638106
vn -64.652619 -11.656082 -75.393475
vn -64.652619 -11.656082 -75.393475
vn -64.652619 -11.656082 -75.393475
vn -94.933881 23.328124 -21.056056
vn -94.933881 23.328124 -21.056056
vn -94.933881 23.328124 -21.056056
vn -96.235063 20.742864 17.565512
vn -96.235063 20.742864 17.565512
vn -96.235063 20.742864 17.565512
vn -76.149386 -3.906382 64.699404
vn -76.149386 -3.906382 64.699404
vn -76.149386 -3.906382 64.699404
vn -44.927027 -10.484434 -88.722257
vn -44.927027 -10.484434 -88.722257
vn -44.927027 -10.484434 -88.722257
vn 59.852396 75.693146 -26.234308
vn 59.852396 75.693146 -26.234308
vn 59.852396 75.693146 -26.234308
vn 8.320256 99.491006 5.684550
vn 8.320256 99.491006 5.684550
vn 8.320256 99.491006 5.684550
vn 96.369373 15.150556 21.986481
vn 96.369373 15.150556 21.986481
vn 96.369373 15.150556 21.986481
vn 94.163740 16.612952 29.277984
vn 94.163740 16.612952 29.277984
vn 94.163740 16.612952 29.277984
vn -67.230879 10.959395 73.211346
vn -67.230879 10.959395 73.211346
vn -67.230879 10.959395 73.211346
vn -85.252989 5.209495 52.007606
vn -85.252989 5.209495 52.007606
vn -85.252989 5.209495 52.007606
vn -75.816912 11.615082 64.162977
vn -75.816912 11.615082 64.162977
vn -75.816912 11.615082 64.162977
vn 30.198398 -27.374943 91.316324
vn 30.198398 -27.374943 91.316324
vn 30.198398 -27.374943 91.316324
vn 36.751810 -37.569257 85.075599
vn 36.751810 -37.569257 85.075599
vn 36.751810 -37.569257 85.075599
vn 99.591158 1.617525 8.887437
vn 99.591158 1.617525 8.887437
vn 99.591158 1.617525 8.887437
vn 42.989850 -85.546049 -28.874672
vn 42.989850 -85.546049 -28.874672
vn 42.989850 -85.546049 -28.874672
vn 80.912006 -31.685744 -49.490026
vn 80.912006 -31.685744 -49.490026
vn 80.912006 -31.685744 -49.490026
vn 0.559662 -98.167068 -19.050300
vn 0.559662 -98.167068 -19.050300
vn 0.559662 -98.167068 -19.050300
vn -16.144162 43.018337 -88.818864
vn -16.144162 43.018337 -88.818864
vn -16.144162 43.018337 -88.818864
vn 12.083515 8.841561 98.872726
vn 12.083515 8.841561 98.872726
vn 12.083515 8.841561 98.872726
vn 86.678721 -39.097502 30.954582
vn 86.678721 -39.097502 30.954582
vn 86.678721 -39.097502 30.954582
vn 44.756501 -25.431016 85.732840
vn 44.756501 -25.431016 85.732840
vn 44.756501 -25.431016 85.732840
vn -71.851277 -68.246011 -13.411790
vn -71.851277 -68.246011 -13.411790
vn -71.851277 -68.246011 -13.411790
vn -67.735644 -30.976399 -66.725906
vn -67.735644 -30.976399 -66.725906
vn -67.735644 -30.976399 -66.725906
vn -44.014199 -44.803148 77.816632
vn -44.014199 -44.803148 77.816632
vn -44.014199 -44.803148 77.816632
vn -23.230132 -1.348532 97.255041
vn -23.230132 -1.348532 97.255041
vn -23.230132 -1.348532 97.255041
vn 94.957827 26.060402 17.431787
vn 94.957827 26.060402 17.431787
vn 94.957827 26.060402 17.431787
vn 25.721183 -12.850878 95.777228
vn 25.721183 -12.850878 95.777228
vn 25.721183 -12.850878 95.777228
vn 23.326869 -9.092001 96.815257
vn 23.326869 -9.092001 96.815257
vn 23.326869 -9.092001 96.815257
vn -89.565411 2.874975 44.382118
vn -89.565411 2.874975 44.382118
vn -89.565411 2.874975 44.382118
vn -68.047791 -66.828124 -30.058274
vn -68.047791 -66.828124 -30.058274
vn -68.047791 -66.828124 -30.058274
vn -25.478015 -21.159991 -94.356373
vn -25.478015 -21.159991 -94.356373
vn -25.478015 -21.159991 -94.356373
vn -24.528845 -88.869816 -38.736185
vn -24.528845 -88.869816 -38.736185
vn -24.528845 -88.869816 -38.736185
vn -63.698531 -42.408317 -64.374164
vn -63.698531 -42.408317 -64.374164
vn -63.698531 -42.408317 -64.374164
vn 99.561172 -1.895877 9.164035
vn 99.561172 -1.895877 9.164035
vn 99.561172 -1.895877 9.164035
vn -16.239845 3.406473 -98.613709
vn -16.239845 3.406473 -98.613709
vn -16.239845 3.406473 -98.613709
vn -3.936130 -51.846186 85.419441
vn -3.936130 -51.846186 85.419441
vn -3.936130 -51.846186 85.419441
vn 31.721816 -12.497260 94.008223
vn 31.721816 -12.497260 94.008223
vn 31.721816 -12.497260 94.008223
vn 33.651705 13.702702 93.165439
vn 33.651705 13.702702 93.165439
vn 33.651705 13.702702 93.165439
vn 26.366589 -80.088457 -53.764700
vn 26.366589 -80.088457 -53.764700
vn 26.366589 -80.088457 -53.764700
vn 99.812324 3.989937 4.645484
vn 99.812324 3.989937 4.645484
vn 99.812324 3.989937 4.645484
vn 93.128550 31.724638 17.905906
vn 93.128550 31.724638 17.905906
vn 93.128550 31.724638 17.905906
vn -48.557067 -43.686974 -75.720933
vn -48.557067 -43.686974 -75.720933
vn -48.557067 -43.686974 -75.720933
vn -50.132657 -43.016919 -75.075051
vn -50.132657 -43.016919 -75.075051
vn -50.132657 -43.016919 -75.075051
vn -50.595342 -14.195255 -85.080004
vn -50.595342 -14.195255 -85.080004
vn -50.595342 -14.195255 -85.080004
vn 67.985713 -45.527686 -57.490630
vn 67.985713 -45.527686 -57.490630
vn 67.985713 -45.527686 -57.490630
vn -11.550891 -3.016599 -99.284830
vn -11.550891 -3.016599 -99.284830
vn -11.550891 -3.016599 -99.284830
vn 67.380523 0.126236 73.890796
vn 67.380523 0.126236 73.890796
vn 67.380523 0.126236 73.890796
vn 38.439628 15.536710 -91.000035
vn 38.439628 15.536710 -91.000035
vn 38.439628 15.536710 -91.000035
vn -9.679050 -12.609983 98.728448
vn -9.679050 -12.609983 98.728448
vn -9.679050 -12.609983 98.728448
vn 12.323551 -12.286124 98.474278
vn 12.323551 -12.286124 98.474278
vn 12.323551 -12.286124 98.474278
vn -62.993747 -26.792573 -72.896826
vn -62.993747 -26.792573 -72.896826
vn -62.993747 -26.792573 -72.896826
vn -97.868686 -5.242289 -19.855469
vn -97.868686 -5.242289 -19.855469
vn -97.868686 -5.242289 -19.855469
vn -63.276335 -5.531729 -77.236693
vn -63.276335 -5.531729 -77.236693
vn -63.276335 -5.531729 -77.236693
vn 84.256347 19.718257 -50.120455
vn 84.256347 19.718257 -50.120455
vn 84.256347 19.718257 -50.120455
vn 9.567673 -6.243493 -99.345248
vn 9.567673 -6.243493 -99.345248
vn 9.567673 -6.243493 -99.345248
vn 71.246277 -33.492441 61.662189
vn 71.246277 -33.492441 61.662189
vn 71.246277 -33.492441 61.662189
vn 55.459270 -52.391664 -64.648161
vn 55.459270 -52.391664 -64.648161
vn 55.459270 -52.391664 -64.648161
vn 88.707606 -40.799392 -21.595652
vn 88.707606 -40.799392 -21.595652
vn 88.707606 -40.799392 -21.595652
f 1//1 2//2 3//3
f 4//4 5//5 6//6
f 7//7 8//8 9//9
f 10//10 11//11 12//12
f 13//13 14//14 15//15
f 16//16 17//17 18//18
f 19//19 20//20 21//21
f 22//22 23//23 24//24
f 25//25 26//26 27//27
f 28//28 29//29 30//30
f 31//31 32//32 33//33
f 34//34 35//35 36//36
f 37//37 38//38 39//39
f 40//40 41//41 42//42
f 43//43 44//44 45//45
f 46//46 47//47 48//48
f 49//49 50//50 51//51
f 52//52 53//53 54//54
f 55//55 56//56 57//57
f 58//58 59//59 60//60
f 61//61 62//62 63//63
f 64//64 65//65 66//66
f 67//67 68//68 69//69
f 70//70 71//71 72//72
f 73//73 74//74 75//75
f 76//76 77//77 78//78
f 79//79 80//80 81//81
f 82//82 83//83 84//84
f 85//85 86//86 87//87
f 88//88 89//89 90//90
f 91//91 92//92 93//93
f 94//94 95//95 96//96
f 97//97 98//98 99//99
f 100//100 101//101 102//102
f 103//103 104//104 105//105
f 106//106 107//107 108//108
f 109//109 110//110 111//111
f 112//112 113//113 114//114
f 115//115 116//116 117//117
f 118//118 119//119 120//120
f 121//121 122//122 123//123
f 124//124 125//125 126//126
f 127//127 128//128 129//129
f 130//130 131//131 132//132
f 133//133 134//134 135//135
f 136//136 137//137 138//138
f 139//139 140//140 141//141
f 142//142 143//143 144//144
f 145//145 146//146 147//147
f 148//148 149//149 150//150
f 151//151 152//152 153//153
f 154//154 155//155 156//156
f 157//157 158//158 159//159
f 160//160 161//161 162//162
f 163//163 164//164 165//165
f 166//166 167//167 168//168
f 169//169 170//170 171//171
f 172//172 173//173 174//174
f 175//175 176//176 177//177
f 178//178 179//179 180//180
f 181//181 182//182 183//183
f 184//184 185//185 186//186
f 187//187 188//188 189//189
f 190//190 191//191 192//192
f 193//193 194//194 195//195
f 196//196 197//197 198//198
f 199//199 200//200 201//201
f 202//202 203//203 204//204
f 205//205 206//206 207//207
f 208//208 209//209 210//210
f 211//211 212//212 213//213
f 214//214 215//215 216//216
f 217//217 218//218 219//219
f 220//220 221//221 222//222
f 223//223 224//224 225//225
f 226//226 227//227 228//228
f 229//229 230//230 231//231
f 232//232 233//233 234//234
f 235//235 236//236 237//237
f 238//238 239//239 240//240
f 241//241 242//242 243//243
f 244//244 245//245 246//246
f 247//247 248//248 249//249
f 250//250 251//251 252//252
f 253//253 254//254 255//255
f 256//256 257//257 258//258
f 259//259 260//260 261//261
f 262//262 263//263 264//264
f 265//265 266//266 267//267
f 268//268 269//269 270//270
f 271//271 272//272 273//273
f 274//274 275//275 276//276
f 277//277 278//278 279//279
f 280//280 281//281 282//282
f 283//283 284//284 285//285
f 286//286 287//287 288//288
f 289//289 290//290 291//291
f 292//292 293//293 294//294
f 295//295 296//296 297//297
f 298//298 299//299 300//300
f 301//301 302//302 303//303
f 304//304 305//305 306//306
f 307//307 308//308 309//309
f 310//310 311//311 312//312
f 313//313 314//314 315//315
f 316//316 317//317 318//318
f 319//319 320//320 321//321
f 322//322 323//323 324//324
f 325//325 326//326 327//327
f 328//328 329//329 330//330
f 331//331 332//332 333//333
f 334//334 335//335 336//336
f 337//337 338//338 339//339
f 340//340 341//341 342//342
f 343//343 344//344 345//345
f 346//346 347//347 348//348
f 349//349 350//350 351//351
f 352//352 353//353 354//354
f 355//355 356//356 357//357
f 358//358 359//359 360//360
f 361//361 362//362 363//363
f 364//364 365//365 366//366
f 367//367 368//368 369//369
f 370//370 371//371 372//372
f 373//373 374//374 375//375
f 376//376 377//377 378//378
f 379//379 380//380 381//381
f 382//382 383//383 384//384
f 385//385 386//386 387//387
f 388//388 389//389 390//390
f 391//391 392//392 393//393
f 394//394 395//395 396//396
f 397//397 398//398 399//399
f 400//400 401//401 402//402
f 403//403 404//404 405//405
f 406//406 407//407 408//408
f 409//409 410//410 411//411
f 412//412 413//413 414//414
f 415//415 416//416 417//417
f 418//418 419//419 420//420
f 421//421 422//422 423//423
f 424//424 425//425 426//426
f 427//427 428//428 429//429
f 430//430 431//431 432//432
f 433//433 434//434 435//435
f 436//436 437//437 438//438
f 439//439 440//440 441//441
f 442//442 443//443 444//444
f 445//445 446//446 447//447
f 448//448 449//449 450//450
f 451//451 452//452 453//453
f 454//454 455//455 456//456
f 457//457 458//458 459//459
f 460//460 461//461 462//462
f 463//463 464//464 465//465
f 466//466 467//467 468//468
f 469//469 470//470 471//471
f 472//472 473//473 474//474
f 475//475 476//476 477//477
f 478//478 479//479 480//480
f 481//481 482//482 483//483
f 484//484 485//485 486//486
f 487//487 488//488 489//489
f 490//490 491//491 492//492
f 493//493 494//494 495//495
f 496//496 497//497 498//498
f 499//499 500//500 501//501
f 502//502 503//503 504//504
f 505//505 506//506 507//507
f 508//508 509//509 510//510
f 511//511 512//512 513//513
f 514//514 515//515 516//516
f 517//517 518//518 519//519
f 520//520 521//521 522//522
f 523//523 524//524 525//525
f 526//526 527//527 528//528
f 529//529 530//530 531//531
f 532//532 533//533 534//534
f 535//535 536//536 537//537
f 538//538 539//539 540//540
f 541//541 542//542 543//543
f 544//544 545//545 546//546
f 547//547 548//548 549//549
f 550//550 551//551 552//552
f 553//553 554//554 555//555
f 556//556 557//557 558//558
f 559//559 560//560 561//561
f 562//562 563//563 564//564
f 565//565 566//566 567//567
f 568//568 569//569 570//570
f 571//571 572//572 573//573
f 574//574 575//575 576//576
f 577//577 578//578 579//579
f 580//580 581//581 582//582
f 583//583 584//584 585//585
f 586//586 587//587 588//588
f 589//589 590//590 591//591
f 592//592 593//593 594//594
f 595//595 596//596 597//597
f 598//598 599//599 600//600
f 601//601 602//602 603//603
f 604//604 605//605 606//606
f 607//607 608//608 609//609
f 610//610 611//611 612//612
f 613//613 614//614 615//615
f 616//616 617//617 618//618
f 619//619 620//620 621//621
f 622//622 623//623 624//624
f 625//625 626//626 627//627
f 628//628 629//629 630//630
f 631//631 632//632 633//633
f 634//634 635//635 636//636
f 637//637 638//638 639//639
f 640//640 641//641 642//642
f 643//643 644//644 645//645
f 646//646 647//647 648//648
f 649//649 650//650 651//651
f 652//652 653//653 654//654
f 655//655 656//656 657//657
f 658//658 659//659 660//660
f 661//661 662//662 663//663
f 664//664 665//665 666//666
f 667//667 668//668 669//669
f 670//670 671//671 672//672
f 673//673 674//674 675//675
f 676//676 677//677 678//678
f 679//679 680//680 681//681
f 682//682 683//683 684//684
f 685//685 686//686 687//687
f 688//688 689//689 690//690
f 691//691 692//692 693//693
f 694//694 695//695 696//696
f 697//697 698//698 699//699
f 700//700 701//701 702//702
f 703//703 704//704 705//705
f 706//706 707//707 708//708
f 709//709 710//710 711//711
f 712//712 713//713 714//714
f 715//715 716//716 717//717
f 718//718 719//719 720//720
f 721//721 722//722 723//723
f 724//724 725//725 726//726
f 727//727 728//728 729//729
f 730//730 731//731 732//732
f 733//733 734//734 735//735
f 736//736 737//737 738//738
f 739//739 740//740 741//741
f 742//742 743//743 744//744
f 745//745 746//746 747//747
f 748//748 749//749 750//750
f 751//751 752//752 753//753
f 754//754 755//755 756//756
f 757//757 758//758 759//759
f 760//760 761//761 762//762
f 763//763 764//764 765//765
f 766//766 767//767 768//768
f 769//769 770//770 771//771
f 772//772 773//773 774//774
f 775//775 776//776 777//777
f 778//778 779//779 780//780
f 781//781 782//782 783//783
f 784//784 785//785 786//786
f 787//787 788//788 789//789
f 790//790 791//791 792//792
f 793//793 794//794 795//795
f 796//796 797//797 798//798
f 799//799 800//800 801//801
f 802//802 803//803 804//804
f 805//805 806//806 807//807
f 808//808 809//809 810//810
f 811//811 812//812 813//813
f 814//814 815//815 816//816
f 817//817 818//818 819//819
f 820//820 821//821 822//822
f 823//823 824//824 825//825
f 826//826 827//827 828//828
f 829//829 830//830 831//831
f 832//832 833//833 834//834
f 835//835 836//836 837//837
f 838//838 839//839 840//840
f 841//841 842//842 843//843
f 844//844 845//845 846//846
f 847//847 848//848 849//849
f 850//850 851//851 852//852
f 853//853 854//854 855//855
f 856//856 857//857 858//858
f 859//859 860//860 861//861
f 862//862 863//863 864//864
f 865//865 866//866 867//867
f 868//868 869//869 870//870
f 871//871 872//872 873//873
f 874//874 875//875 876//876
f 877//877 878//878 879//879
f 880//880 881//881 882//882
f 883//883 884//884 885//885
f 886//886 887//887 888//888
f 889//889 890//890 891//891
f 892//892 893//893 894//894
f 895//895 896//896 897//897
f 898//898 899//899 900//900
f 901//901 902//902 903//903
f 904//904 905//905 906//906
f 907//907 908//908 909//909
f 910//910 911//911 912//912
f 913//913 914//914 915//915
f 916//916 917//917 918//918
f 919//919 920//920 921//921
f 922//922 923//923 924//924
f 925//925 926//926 927//927
f 928//928 929//929 930//930
f 931//931 932//932 933//933
f 934//934 935//935 936//936
f 937//937 938//938 939//939
f 940//940 941//941 942//942
f 943//943 944//944 945//945
f 946//946 947//947 948//948
f 949//949 950//950 951//951
f 952//952 953//953 954//954
f 955//955 956//956 957//957
f 958//958 959//959 960//960
f 961//961 962//962 963//963
f 964//964 965//965 966//966
f 967//967 968//968 969//969
f 970//970 971//971 972//972
f 973//973 974//974 975//975
f 976//976 977//977 978//978
f 979//979 980//980 981//981
f 982//982 983//983 984//984
f 985//985 986//986 987//987
f 988//988 989//989 990//990
f 991//991 992//992 993//993
f 994//994 995//995 996//996
f 997//997 998//998 999//999
f 1000//1000 1001//1001 1002//1002
f 1003//1003 1004//1004 1005//1005
f 1006//1006 1007//1007 1008//1008
f 1009//1009 1010//1010 1011//1011
f 1012//1012 1013//1013 1014//1014
f 1015//1015 1016//1016 1017//1017
f 1018//1018 1019//1019 1020//1020
f 1021//1021 1022//1022 1023//1023
f 1024//1024 1025//1025 1026//1026
f 1027//1027 1028//1028 1029//1029
f 1030//1030 1031//1031 1032//1032
f 1033//1033 1034//1034 1035//1035
f 1036//1036 1037//1037 1038//1038
f 1039//1039 1040//1040 1041//1041
f 1042//1042 1043//1043 1044//1044
f 1045//1045 1046//1046 1047//1047
f 1048//1048 1049//1049 1050//1050
f 1051//1051 1052//1052 1053//1053
f 1054//1054 1055//1055 1056//1056
f 1057//1057 1058//1058 1059//1059
f 1060//1060 1061//1061 1062//1062
f 1063//1063 1064//1064 1065//1065
f 1066//1066 1067//1067 1068//1068
f 1069//1069 1070//1070 1071//1071
f 1072//1072 1073//1073 1074//1074
f 1075//1075 1076//1076 1077//1077
f 1078//1078 1079//1079 1080//1080
f 1081//1081 1082//1082 1083//1083
f 1084//1084 1085//1085 1086//1086
f 1087//1087 1088//1088 1089//1089
f 1090//1090 1091//1091 1092//1092
f 1093//1093 1094//1094 1095//1095
f 1096//1096 1097//1097 1098//1098
f 1099//1099 1100//1100 1101//1101
f 1102//1102 1103//1103 1104//1104
f 1105//1105 1106//1106 1107//1107
f 1108//1108 1109//1109 1110//1110
f 1111//1111 1112//1112 1113//1113
f 1114//1114 1115//1115 1116//1116
f 1117//1117 1118//1118 1119//1119
f 1120//1120 1121//1121 1122//1122
f 1123//1123 1124//1124 1125//1125
f 1126//1126 1127//1127 1128//1128
f 1129//1129 1130//1130 1131//1131
f 1132//1132 1133//1133 1134//1134
f 1135//1135 1136//1136 1137//1137
f 1138//1138 1139//1139 1140//1140
f 1141//1141 1142//1142 1143//1143
f 1144//1144 1145//1145 1146//1146
f 1147//1147 1148//1148 1149//1149
f 1150//1150 1151//1151 1152//1152
f 1153//1153 1154//1154 1155//1155
f 1156//1156 1157//1157 1158//1158
f 1159//1159 1160//1160 1161//1161
f 1162//1162 1163//1163 1164//1164
f 1165//1165 1166//1166 1167//1167
f 1168//1168 1169//1169 1170//1170
f 1171//1171 1172//1172 1173//1173
f 1174//1174 1175//1175 1176//1176
f 1177//1177 1178//1178 1179//1179
f 1180//1180 1181//1181 1182//1182
f 1183//1183 1184//1184 1185//1185
f 1186//1186 1187//1187 1188//1188
f 1189//1189 1190//1190 1191//1191
f 1192//1192 1193//1193 1194//1194
f 1195//1195 1196//1196 1197//1197
f 1198//1198 1199//1199 1200//1200
f 1201//1201 1202//1202 1203//1203
f 1204//1204 1205//1205 1206//1206
f 1207//1207 1208//1208 1209//1209
f 1210//1210 1211//1211 1212//1212
f 1213//1213 1214//1214 1215//1215
f 1216//1216 1217//1217 1218//1218
f 1219//1219 1220//1220 1221//1221
f 1222//1222 1223//1223 1224//1224
f 1225//1225 1226//1226 1227//1227
f 1228//1228 1229//1229 1230//1230
f 1231//1231 1232//1232 1233//1233
f 1234//1234 1235//1235 1236//1236
f 1237//1237 1238//1238 1239//1239
f 1240//1240 1241//1241 1242//1242
f 1243//1243 1244//1244 1245//1245
f 1246//1246 1247//1247 1248//1248
f 1249//1249 1250//1250 1251//1251
f 1252//1252 1253//1253 1254//1254
f 1255//1255 1256//1256 1257//1257
f 1258//1258 1259//1259 1260//1260
f 1261//1261 1262//1262 1263//1263
f 1264//1264 1265//1265 1266//1266
f 1267//1267 1268//1268 1269//1269
f 1270//1270 1271//1271 1272//1272
f 1273//1273 1274//1274 1275//1275
f 1276//1276 1277//1277 1278//1278
f 1279//1279 1280//1280 1281//1281
f 1282//1282 1283//1283 1284//1284
f 1285//1285 1286//1286 1287//1287
f 1288//1288 1289//1289 1290//1290
f 1291//1291 1292//1292 1293//1293
f 1294//1294 1295//1295 1296//1296
f 1297//1297 1298//1298 1299//1299
f 1300//1300 1301//1301 1302//1302
f 1303//1303 1304//1304 1305//1305
f 1306//1306 1307//1307 1308//1308
f 1309//1309 1310//1310 1311//1311
f 1312//1312 1313//1313 1314//1314
f 1315//1315 1316//1316 1317//1317
f 1318//1318 1319//1319 1320//1320
f 1321//1321 1322//1322 1323//1323
f 1324//1324 1325//1325 1326//1326
f 1327//1327 1328//1328 1329//1329
f 1330//1330 1331//1331 1332//1332
f 1333//1333 1334//1334 1335//1335
f 1336//1336 1337//1337 1338//1338
f 1339//1339 1340//1340 1341//1341
f 1342//1342 1343//1343 1344//1344
f 1345//1345 1346//1346 1347//1347
f 1348//1348 1349//1349 1350//1350
f 1351//1351 1352//1352 1353//1353
f 1354//1354 1355//1355 1356//1356
f 1357//1357 1358//1358 1359//1359
f 1360//1360 1361//1361 1362//1362
f 1363//1363 1364//1364 1365//1365
f 1366//1366 1367//1367 1368//1368
f 1369//1369 1370//1370 1371//1371
f 1372//1372 1373//1373 1374//1374
f 1375//1375 1376//1376 1377//1377
f 1378//1378 1379//1379 1380//1380
f 1381//1381 1382//1382 1383//1383
f 1384//1384 1385//1385 1386//1386
f 1387//1387 1388//1388 1389//1389
f 1390//1390 1391//1391 1392//1392
f 1393//1393 1394//1394 1395//1395
f 1396//1396 1397//1397 1398//1398
f 1399//1399 1400//1400 1401//1401
f 1402//1402 1403//1403 1404//1404
f 1405//1405 1406//1406 1407//1407
f 1408//1408 1409//1409 1410//1410
f 1411//1411 1412//1412 1413//1413
f 1414//1414 1415//1415 1416//1416
f 1417//1417 1418//1418 1419//1419
f 1420//1420 1421//1421 1422//1422
f 1423//1423 1424//1424 1425//1425
f 1426//1426 1427//1427 1428//1428
f 1429//1429 1430//1430 1431//1431
f 1432//1432 1433//1433 1434//1434
f 1435//1435 1436//1436 1437//1437
f 1438//1438 1439//1439 1440//1440
f 1441//1441 1442//1442 1443//1443
f 1444//1444 1445//1445 1446//1446
f 1447//1447 1448//1448 1449//1449
f 1450//1450 1451//1451 1452//1452
f 1453//1453 1454//1454 1455//1455
f 1456//1456 1457//1457 1458//1458
f 1459//1459 1460//1460 1461//1461
f 1462//1462 1463//1463 1464//1464
f 1465//1465 1466//1466 1467//1467
f 1468//1468 1469//1469 1470//1470
f 1471//1471 1472//1472 1473//1473
f 1474//1474 1475//1475 1476//1476
f 1477//1477 1478//1478 1479//1479
f 1480//1480 1481//1481 1482//1482
f 1483//1483 1484//1484 1485//1485
f 1486//1486 1487//1487 1488//1488
f 1489//1489 1490//1490 1491//1491
f 1492//1492 1493//1493 1494//1494
f 1495//1495 1496//1496 1497//1497
f 1498//1498 1499//1499 1500//1500
f 1501//1501 1502//1502 1503//1503
f 1504//1504 1505//1505 1506//1506
f 1507//1507 1508//1508 1509//1509
f 1510//1510 1511//1511 1512//1512
f 1513//1513 1514//1514 1515//1515
f 1516//1516 1517//1517 1518//1518
f 1519//1519 1520//1520 1521//1521
f 1522//1522 1523//1523 1524//1524
f 1525//1525 1526//1526 1527//1527
f 1528//1528 1529//1529 1530//1530
f 1531//1531 1532//1532 1533//1533
f 1534//1534 1535//1535 1536//1536
f 1537//1537 1538//1538 1539//1539
f 1540//1540 1541//1541 1542//1542
f 1543//1543 1544//1544 1545//1545
f 1546//1546 1547//1547 1548//1548
f 1549//1549 1550//1550 1551//1551
f 1552//1552 1553//1553 1554//1554
f 1555//1555 1556//1556 1557//1557
f 1558//1558 1559//1559 1560//1560
f 1561//1561 1562//1562 1563//1563
f 1564//1564 1565//1565 1566//1566
f 1567//1567 1568//1568 1569//1569
f 1570//1570 1571//1571 1572//1572
f 1573//1573 1574//1574 1575//1575
f 1576//1576 1577//1577 1578//1578
f 1579//1579 1580//1580 1581//1581
f 1582//1582 1583//1583 1584//1584
f 1585//1585 1586//1586 1587//1587
f 1588//1588 1589//1589 1590//1590
f 1591//1591 1592//1592 1593//1593
f 1594//1594 1595//1595 1596//1596
f 1597//1597 1598//1598 1599//1599
f 1600//1600 1601//1601 1602//1602
f 1603//1603 1604//1604 1605//1605
f 1606//1606 1607//1607 1608//1608
f 1609//1609 1610//1610 1611//1611
f 1612//1612 1613//1613 1614//1614
f 1615//1615 1616//1616 1617//1617
f 1618//1618 1619//1619 1620//1620
f 1621//1621 1622//1622 1623//1623
f 1624//1624 1625//1625 1626//1626
f 1627//1627 1628//1628 1629//1629
f 1630//1630 1631//1631 1632//1632
f 1633//1633 1634//1634 1635//1635
f 1636//1636 1637//1637 1638//1638
f 1639//1639 1640//1640 1641//1641
f 1642//1642 1643//1643 1644//1644
f 1645//1645 1646//1646 1647//1647
f 1648//1648 1649//1649 1650//1650
f 1651//1651 1652//1652 1653//1653
f 1654//1654 1655//1655 1656//1656
f 1657//1657 1658//1658 1659//1659
f 1660//1660 1661//1661 1662//1662
f 1663//1663 1664//1664 1665//1665
f 1666//1666 1667//1667 1668//1668
f 1669//1669 1670//1670 1671//1671
f 1672//1672 1673//1673 1674//1674
f 1675//1675 1676//1676 1677//1677
f 1678//1678 1679//1679 1680//1680
f 1681//1681 1682//1682 1683//1683
f 1684//1684 1685//1685 1686//1686
f 1687//1687 1688//1688 1689//1689
f 1690//1690 1691//1691 1692//1692
f 1693//1693 1694//1694 1695//1695
f 1696//1696 1697//1697 1698//1698
f 1699//1699 1700//1700 1701//1701
f 1702//1702 1703//1703 1704//1704
f 1705//1705 1706//1706 1707//1707
f 1708//1708 1709//1709 1710//1710
f 1711//1711 1712//1712 1713//1713
f 1714//1714 1715//1715 1716//1716
f 1717//1717 1718//1718 1719//1719
f 1720//1720 1721//1721 1722//1722
f 1723//1723 1724//1724 1725//1725
f 1726//1726 1727//1727 1728//1728
f 1729//1729 1730//1730 1731//1731
f 1732//1732 1733//1733 1734//1734
f 1735//1735 1736//1736 1737//1737
f 1738//1738 1739//1739 1740//1740
f 1741//1741 1742//1742 1743//1743
f 1744//1744 1745//1745 1746//1746
f 1747//1747 1748//1748 1749//1749
f 1750//1750 1751//1751 1752//1752
f 1753//1753 1754//1754 1755//1755
f 1756//1756 1757//1757 1758//1758
f 1759//1759 1760//1760 1761//1761
f 1762//1762 1763//1763 1764//1764
f 1765//1765 1766//1766 1767//1767
f 1768//1768 1769//1769 1770//1770
f 1771//1771 1772//1772 1773//1773
f 1774//1774 1775//1775 1776//1776
f 1777//1777 1778//1778 1779//1779
f 1780//1780 1781//1781 1782//1782
f 1783//1783 1784//1784 1785//1785
f 1786//1786 1787//1787 1788//1788
f 1789//1789 1790//1790 1791//1791
f 1792//1792 1793//1793 1794//1794
f 1795//1795 1796//1796 1797//1797
f 1798//1798 1799//1799 1800//1800
f 1801//1801 1802//1802 1803//1803
f 1804//1804 1805//1805 1806//1806
f 1807//1807 1808//1808 1809//1809
f 1810//1810 1811//1811 1812//1812
f 1813//1813 1814//1814 1815//1815
f 1816//1816 1817//1817 1818//1818
f 1819//1819 1820//1820 1821//1821
f 1822//1822 1823//1823 1824//1824
f 1825//1825 1826//1826 1827//1827
f 1828//1828 1829//1829 1830//1830
f 1831//1831 1832//1832 1833//1833
f 1834//1834 1835//1835 1836//1836
f 1837//1837 1838//1838 1839//1839
f 1840//1840 1841//1841 1842//1842
f 1843//1843 1844//1844 1845//1845
f 1846//1846 1847//1847 1848//1848
f 1849//1849 1850//1850 1851//1851
f 1852//1852 1853//1853 1854//1854
f 1855//1855 1856//1856 1857//1857
f 1858//1858 1859//1859 1860//1860
f 1861//1861 1862//1862 1863//1863
f 1864//1864 1865//1865 1866//1866
f 1867//1867 1868//1868 1869//1869
f 1870//1870 1871//1871 1872//1872
f 1873//1873 1874//1874 1875//1875
f 1876//1876 1877//1877 1878//1878
f 1879//1879 1880//1880 1881//1881
f 1882//1882 1883//1883 1884//1884
f 1885//1885 1886//1886 1887//1887
f 1888//1888 1889//1889 1890//1890
f 1891//1891 1892//1892 1893//1893
f 1894//1894 1895//1895 1896//1896
f 1897//1897 1898//1898 1899//1899
f 1900//1900 1901//1901 1902//1902
f 1903//1903 1904//1904 1905//1905
f 1906//1906 1907//1907 1908//1908
f 1909//1909 1910//1910 1911//1911
f 1912//1912 1913//1913 1914//1914
f 1915//1915 1916//1916 1917//1917
f 1918//1918 1919//1919 1920//1920
f 1921//1921 1922//1922 1923//1923
f 1924//1924 1925//1925 1926//1926
f 1927//1927 1928//1928 1929//1929
f 1930//1930 1931//1931 1932//1932
f 1933//1933 1934//1934 1935//1935
f 1936//1936 1937//1937 1938//1938
f 1939//1939 1940//1940 1941//1941
f 1942//1942 1943//1943 1944//1944
f 1945//1945 1946//1946 1947//1947
f 1948//1948 1949//1949 1950//1950
f 1951//1951 1952//1952 1953//1953
f 1954//1954 1955//1955 1956//1956
f 1957//1957 1958//1958 1959//1959
f 1960//1960 1961//1961 1962//1962
f 1963//1963 1964//1964 1965//1965
f 1966//1966 1967//1967 1968//1968
f 1969//1969 1970//1970 1971//1971
f 1972//1972 1973//1973 1974//1974
f 1975//1975 1976//1976 1977//1977
f 1978//1978 1979//1979 1980//1980
f 1981//1981 1982//1982 1983//1983
f 1984//1984 1985//1985 1986//1986
f 1987//1987 1988//1988 1989//1989
f 1990//1990 1991//1991 1992//1992
f 1993//1993 1994//1994 1995//1995
f 1996//1996 1997//1997 1998//1998
f 1999//1999 2000//2000 2001//2001
f 2002//2002 2003//2003 2004//2004
f 2005//2005 2006//2006 2007//2007
f 2008//2008 2009//2009 2010//2010
f 2011//2011 2012//2012 2013//2013
f 2014//2014 2015//2015 2016//2016
f 2017//2017 2018//2018 2019//2019
f 2020//2020 2021//2021 2022//2022
f 2023//2023 2024//2024 2025//2025
f 2026//2026 2027//2027 2028//2028
f 2029//2029 2030//2030 2031//2031
f 2032//2032 2033//2033 2034//2034
f 2035//2035 2036//2036 2037//2037
f 2038//2038 2039//2039 2040//2040
f 2041//2041 2042//2042 2043//2043
f 2044//2044 2045//2045 2046//2046
f 2047//2047 2048//2048 2049//2049
f 2050//2050 2051//2051 2052//2052
f 2053//2053 2054//2054 2055//2055
f 2056//2056 2057//2057 2058//2058
f 2059//2059 2060//2060 2061//2061
f 2062//2062 2063//2063 2064//2064
f 2065//2065 2066//2066 2067//2067
f 2068//2068 2069//2069 2070//2070
f 2071//2071 2072//2072 2073//2073
f 2074//2074 2075//2075 2076//2076
f 2077//2077 2078//2078 2079//2079
f 2080//2080 2081//2081 2082//2082
f 2083//2083 2084//2084 2085//2085
f 2086//2086 2087//2087 2088//2088
f 2089//2089 2090//2090 2091//2091
f 2092//2092 2093//2093 2094//2094
f 2095//2095 2096//2096 2097//2097
f 2098//2098 2099//2099 2100//2100
f 2101//2101 2102//2102 2103//2103
f 2104//2104 2105//2105 2106//2106
f 2107//2107 2108//2108 2109//2109
f 2110//2110 2111//2111 2112//2112
f 2113//2113 2114//2114 2115//2115
f 2116//2116 2117//2117 2118//2118
f 2119//2119 2120//2120 2121//2121
f 2122//2122 2123//2123 2124//2124
f 2125//2125 2126//2126 2127//2127
f 2128//2128 2129//2129 2130//2130
f 2131//2131 2132//2132 2133//2133
f 2134//2134 2135//2135 2136//2136
f 2137//2137 2138//2138 2139//2139
f 2140//2140 2141//2141 2142//2142
f 2143//2143 2144//2144 2145//2145
f 2146//2146 2147//2147 2148//2148
f 2149//2149 2150//2150 2151//2151
f 2152//2152 2153//2153 2154//2154
f 2155//2155 2156//2156 2157//2157
f 2158//2158 2159//2159 2160//2160
f 2161//2161 2162//2162 2163//2163
f 2164//2164 2165//2165 2166//2166
f 2167//2167 2168//2168 2169//2169
f 2170//2170 2171//2171 2172//2172
f 2173//2173 2174//2174 2175//2175
f 2176//2176 2177//2177 2178//2178
f 2179//2179 2180//2180 2181//2181
f 2182//2182 2183//2183 2184//2184
f 2185//2185 2186//2186 2187//2187
f 2188//2188 2189//2189 2190//2190
f 2191//2191 2192//2192 2193//2193
f 2194//2194 2195//2195 2196//2196
f 2197//2197 2198//2198 2199//2199
f 2200//2200 2201//2201 2202//2202
f 2203//2203 2204//2204 2205//2205
f 2206//2206 2207//2207 2208//2208
f 2209//2209 2210//2210 2211//2211
f 2212//2212 2213//2213 2214//2214
f 2215//2215 2216//2216 2217//2217
f 2218//2218 2219//2219 2220//2220
f 2221//2221 2222//2222 2223//2223
f 2224//2224 2225//2225 2226//2226
f 2227//2227 2228//2228 2229//2229
f 2230//2230 2231//2231 2232//2232
f 2233//2233 2234//2234 2235//2235
f 2236//2236 2237//2237 2238//2238
f 2239//2239 2240//2240 2241//2241
f 2242//2242 2243//2243 2244//2244
f 2245//2245 2246//2246 2247//2247
f 2248//2248 2249//2249 2250//2250
f 2251//2251 2252//2252 2253//2253
f 2254//2254 2255//2255 2256//2256
f 2257//2257 2258//2258 2259//2259
f 2260//2260 2261//2261 2262//2262
f 2263//2263 2264//2264 2265//2265
f 2266//2266 2267//2267 2268//2268
f 2269//2269 2270//2270 2271//2271
f 2272//2272 2273//2273 2274//2274
f 2275//2275 2276//2276 2277//2277
f 2278//2278 2279//2279 2280//2280
f 2281//2281 2282//2282 2283//2283
f 2284//2284 2285//2285 2286//2286
f 2287//2287 2288//2288 2289//2289
f 2290//2290 2291//2291 2292//2292
f 2293//2293 2294//2294 2295//2295
f 2296//2296 2297//2297 2298//2298
f 2299//2299 2300//2300 2301//2301
f 2302//2302 2303//2303 2304//2304
f 2305//2305 2306//2306 2307//2307
f 2308//2308 2309//2309 2310//2310
f 2311//2311 2312//2312 2313//2313
f 2314//2314 2315//2315 2316//2316
f 2317//2317 2318//2318 2319//2319
f 2320//2320 2321//2321 2322//2322
f 2323//2323 2324//2324 2325//2325
f 2326//2326 2327//2327 2328//2328
f 2329//2329 2330//2330 2331//2331
f 2332//2332 2333//2333 2334//2334
f 2335//2335 2336//2336 2337//2337
f 2338//2338 2339//2339 2340//2340
f 2341//2341 2342//2342 2343//2343
f 2344//2344 2345//2345 2346//2346
f 2347//2347 2348//2348 2349//2349
f 2350//2350 2351//2351 2352//2352
f 2353//2353 2354//2354 2355//2355
f 2356//2356 2357//2357 2358//2358
f 2359//2359 2360//2360 2361//2361
f 2362//2362 2363//2363 2364//2364
f 2365//2365 2366//2366 2367//2367
f 2368//2368 2369//2369 2370//2370
f 2371//2371 2372//2372 2373//2373
f 2374//2374 2375//2375 2376//2376
f 2377//2377 2378//2378 2379//2379
f 2380//2380 2381//2381 2382//2382
f 2383//2383 2384//2384 2385//2385
f 2386//2386 2387//2387 2388//2388
f 2389//2389 2390//2390 2391//2391
f 2392//2392 2393//2393 2394//2394
f 2395//2395 2396//2396 2397//2397
f 2398//2398 2399//2399 2400//2400
f 2401//2401 2402//2402 2403//2403
f 2404//2404 2405//2405 2406//2406
f 2407//2407 2408//2408 2409//2409
f 2410//2410 2411//2411 2412//2412
f 2413//2413 2414//2414 2415//2415
f 2416//2416 2417//2417 2418//2418
f 2419//2419 2420//2420 2421//2421
f 2422//2422 2423//2423 2424//2424
f 2425//2425 2426//2426 2427//2427
f 2428//2428 2429//2429 2430//2430
f 2431//2431 2432//2432 2433//2433
f 2434//2434 2435//2435 2436//2436
f 2437//2437 2438//2438 2439//2439
f 2440//2440 2441//2441 2442//2442
f 2443//2443 2444//2444 2445//2445
f 2446//2446 2447//2447 2448//2448
f 2449//2449 2450//2450 2451//2451
f 2452//2452 2453//2453 2454//2454
f 2455//2455 2456//2456 2457//2457
f 2458//2458 2459//2459 2460//2460
f 2461//2461 2462//2462 2463//2463
f 2464//2464 2465//2465 2466//2466
f 2467//2467 2468//2468 2469//2469
f 2470//2470 2471//2471 2472//2472
f 2473//2473 2474//2474 2475//2475
f 2476//2476 2477//2477 2478//2478
f 2479//2479 2480//2480 2481//2481
f 2482//2482 2483//2483 2484//2484
f 2485//2485 2486//2486 2487//2487
f 2488//2488 2489//2489 2490//2490
f 2491//2491 2492//2492 2493//2493
f 2494//2494 2495//2495 2496//2496
f 2497//2497 2498//2498 2499//2499
f 2500//2500 2501//2501 2502//2502
f 2503//2503 2504//2504 2505//2505
f 2506//2506 2507//2507 2508//2508
f 2509//2509 2510//2510 2511//2511
f 2512//2512 2513//2513 2514//2514
f 2515//2515 2516//2516 2517//2517
f 2518//2518 2519//2519 2520//2520
f 2521//2521 2522//2522 2523//2523
f 2524//2524 2525//2525 2526//2526
f 2527//2527 2528//2528 2529//2529
f 2530//2530 2531//2531 2532//2532
f 2533//2533 2534//2534 2535//2535
f 2536//2536 2537//2537 2538//2538
f 2539//2539 2540//2540 2541//2541
f 2542//2542 2543//2543 2544//2544
f 2545//2545 2546//2546 2547//2547
f 2548//2548 2549//2549 2550//2550
f 2551//2551 2552//2552 2553//2553
f 2554//2554 2555//2555 2556//2556
f 2557//2557 2558//2558 2559//2559
f 2560//2560 2561//2561 2562//2562
f 2563//2563 2564//2564 2565//2565
f 2566//2566 2567//2567 2568//2568
f 2569//2569 2570//2570 2571//2571
f 2572//2572 2573//2573 2574//2574
f 2575//2575 2576//2576 2577//2577
f 2578//2578 2579//2579 2580//2580
f 2581//2581 2582//2582 2583//2583
f 2584//2584 2585//2585 2586//2586
f 2587//2587 2588//2588 2589//2589
f 2590//2590 2591//2591 2592//2592
f 2593//2593 2594//2594 2595//2595
f 2596//2596 2597//2597 2598//2598
f 2599//2599 2600//2600 2601//2601
f 2602//2602 2603//2603 2604//2604
f 2605//2605 2606//2606 2607//2607
f 2608//2608 2609//2609 2610//2610
f 2611//2611 2612//2612 2613//2613
f 2614//2614 2615//2615 2616//2616
f 2617//2617 2618//2618 2619//2619
f 2620//2620 2621//2621 2622//2622
f 2623//2623 2624//2624 2625//2625
f 2626//2626 2627//2627 2628//2628
f 2629//2629 2630//2630 2631//2631
f 2632//2632 2633//2633 2634//2634
f 2635//2635 2636//2636 2637//2637
f 2638//2638 2639//2639 2640//2640
f 2641//2641 2642//2642 2643//2643
f 2644//2644 2645//2645 2646//2646
f 2647//2647 2648//2648 2649//2649
f 2650//2650 2651//2651 2652//2652
f 2653//2653 2654//2654 2655//2655
f 2656//2656 2657//2657 2658//2658
f 2659//2659 2660//2660 2661//2661
f 2662//2662 2663//2663 2664//2664
f 2665//2665 2666//2666 2667//2667
f 2668//2668 2669//2669 2670//2670
f 2671//2671 2672//2672 2673//2673
f 2674//2674 2675//2675 2676//2676
f 2677//2677 2678//2678 2679//2679
f 2680//2680 2681//2681 2682//2682
f 2683//2683 2684//2684 2685//2685
f 2686//2686 2687//2687 2688//2688
f 2689//2689 2690//2690 2691//2691
f 2692//2692 2693//2693 2694//2694
f 2695//2695 2696//2696 2697//2697
f 2698//2698 2699//2699 2700//2700
f 2701//2701 2702//2702 2703//2703
f 2704//2704 2705//2705 2706//2706
f 2707//2707 2708//2708 2709//2709
f 2710//2710 2711//2711 2712//2712
f 2713//2713 2714//2714 2715//2715
f 2716//2716 2717//2717 2718//2718
f 2719//2719 2720//2720 2721//2721
f 2722//2722 2723//2723 2724//2724
f 2725//2725 2726//2726 2727//2727
f 2728//2728 2729//2729 2730//2730
f 2731//2731 2732//2732 2733//2733
f 2734//2734 2735//2735 2736//2736
f 2737//2737 2738//2738 2739//2739
f 2740//2740 2741//2741 2742//2742
f 2743//2743 2744//2744 2745//2745
f 2746//2746 2747//2747 2748//2748
f 2749//2749 2750//2750 2751//2751
f 2752//2752 2753//2753 2754//2754
f 2755//2755 2756//2756 2757//2757
f 2758//2758 2759//2759 2760//2760
f 2761//2761 2762//2762 2763//2763
f 2764//2764 2765//2765 2766//2766
f 2767//2767 2768//2768 2769//2769
f 2770//2770 2771//2771 2772//2772
f 2773//2773 2774//2774 2775//2775
f 2776//2776 2777//2777 2778//2778
f 2779//2779 2780//2780 2781//2781
f 2782//2782 2783//2783 2784//2784
f 2785//2785 2786//2786 2787//2787
f 2788//2788 2789//2789 2790//2790
f 2791//2791 2792//2792 2793//2793
f 2794//2794 2795//2795 2796//2796
f 2797//2797 2798//2798 2799//2799
f 2800//2800 2801//2801 2802//2802
f 2803//2803 2804//2804 2805//2805
f 2806//2806 2807//2807 2808//2808
f 2809//2809 2810//2810 2811//2811
f 2812//2812 2813//2813 2814//2814
f 2815//2815 2816//2816 2817//2817
f 2818//2818 2819//2819 2820//2820
f 2821//2821 2822//2822 2823//2823
f 2824//2824 2825//2825 2826//2826
f 2827//2827 2828//2828 2829//2829
f 2830//2830 2831//2831 2832//2832
f 2833//2833 2834//2834 2835//2835
f 2836//2836 2837//2837 2838//2838
f 2839//2839 2840//2840 2841//2841
f 2842//2842 2843//2843 2844//2844
f 2845//2845 2846//2846 2847//2847
f 2848//2848 2849//2849 2850//2850
f 2851//2851 2852//2852 2853//2853
f 2854//2854 2855//2855 2856//2856
f 2857//2857 2858//2858 2859//2859
f 2860//2860 2861//2861 2862//2862
f 2863//2863 2864//2864 2865//2865
f 2866//2866 2867//2867 2868//2868
f 2869//2869 2870//2870 2871//2871
f 2872//2872 2873//2873 2874//2874
f 2875//2875 2876//2876 2877//2877
f 2878//2878 2879//2879 2880//2880
f 2881//2881 2882//2882 2883//2883
f 2884//2884 2885//2885 2886//2886
f 2887//2887 2888//2888 2889//2889
f 2890//2890 2891//2891 2892//2892
f 2893//2893 2894//2894 2895//2895
f 2896//2896 2897//2897 2898//2898
f 2899//2899 2900//2900 2901//2901
f 2902//2902 2903//2903 2904//2904
f 2905//2905 2906//2906 2907//2907
f 2908//2908 2909//2909 2910//2910
f 2911//2911 2912//2912 2913//2913
f 2914//2914 2915//2915 2916//2916
f 2917//2917 2918//2918 2919//2919
f 2920//2920 2921//2921 2922//2922
f 2923//2923 2924//2924 2925//2925
f 2926//2926 2927//2927 2928//2928
f 2929//2929 2930//2930 2931//2931
f 2932//2932 2933//2933 2934//2934
f 2935//2935 2936//2936 2937//2937
f 2938//2938 2939//2939 2940//2940
f 2941//2941 2942//2942 2943//2943
f 2944//2944 2945//2945 2946//2946
f 2947//2947 2948//2948 2949//2949
f 2950//2950 2951//2951 2952//2952
f 2953//2953 2954//2954 2955//2955
f 2956//2956 2957//2957 2958//2958
f 2959//2959 2960//2960 2961//2961
f 2962//2962 2963//2963 2964//2964
f 2965//2965 2966//2966 2967//2967
f 2968//2968 2969//2969 2970//2970
f 2971//2971 2972//2972 2973//2973
f 2974//2974 2975//2975 2976//2976
f 2977//2977 2978//2978 2979//2979
f 2980//2980 2981//2981 2982//2982
f 2983//2983 2984//2984 2985//2985
f 2986//2986 2987//2987 2988//2988
f 2989//2989 2990//2990 2991//2991
f 2992//2992 2993//2993 2994//2994
f 2995//2995 2996//2996 2997//2997
f 2998//2998 2999//2999 3000//3000
f 3001//3001 3002//3002 3003//3003
f 3004//3004 3005//3005 3006//3006
f 3007//3007 3008//3008 3009//3009
f 3010//3010 3011//3011 3012//3012
f 3013//3013 3014//3014 3015//3015
f 3016//3016 3017//3017 3018//3018
f 3019//3019 3020//3020 3021//3021
f 3022//3022 3023//3023 3024//3024
f 3025//3025 3026//3026 3027//3027
f 3028//3028 3029//3029 3030//3030
f 3031//3031 3032//3032 3033//3033
f 3034//3034 3035//3035 3036//3036
f 3037//3037 3038//3038 3039//3039
f 3040//3040 3041//3041 3042//3042
f 3043//3043 3044//3044 3045//3045
f 3046//3046 3047//3047 3048//3048
f 3049//3049 3050//3050 3051//3051
f 3052//3052 3053//3053 3054//3054
f 3055//3055 3056//3056 3057//3057
f 3058//3058 3059//3059 3060//3060
f 3061//3061 3062//3062 3063//3063
f 3064//3064 3065//3065 3066//3066
f 3067//3067 3068//3068 3069//3069
f 3070//3070 3071//3071 3072//3072
f 3073//3073 3074//3074 3075//3075
f 3076//3076 3077//3077 3078//3078
f 3079//3079 3080//3080 3081//3081
f 3082//3082 3083//3083 3084//3084
f 3085//3085 3086//3086 3087//3087
f 3088//3088 3089//3089 3090//3090
f 3091//3091 3092//3092 3093//3093
f 3094//3094 3095//3095 3096//3096
f 3097//3097 3098//3098 3099//3099
f 3100//3100 3101//3101 3102//3102
f 3103//3103 3104//3104 3105//3105
f 3106//3106 3107//3107 3108//3108
f 3109//3109 3110//3110 3111//3111
f 3112//3112 3113//3113 3114//3114
f 3115//3115 3116//3116 3117//3117
f 3118//3118 3119//3119 3120//3120
f 3121//3121 3122//3122 3123//3123
f 3124//3124 3125//3125 3126//3126
f 3127//3127 3128//3128 3129//3129
f 3130//3130 3131//3131 3132//3132
f 3133//3133 3134//3134 3135//3135
f 3136//3136 3137//3137 3138//3138
f 3139//3139 3140//3140 3141//3141
f 3142//3142 3143//3143 3144//3144
f 3145//3145 3146//3146 3147//3147
f 3148//3148 3149//3149 3150//3150
f 3151//3151 3152//3152 3153//3153
f 3154//3154 3155//3155 3156//3156
f 3157//3157 3158//3158 3159//3159
f 3160//3160 3161//3161 3162//3162
f 3163//3163 3164//3164 3165//3165
f 3166//3166 3167//3167 3168//3168
f 3169//3169 3170//3170 3171//3171
f 3172//3172 3173//3173 3174//3174
f 3175//3175 3176//3176 3177//3177
f 3178//3178 3179//3179 3180//3180
f 3181//3181 3182//3182 3183//3183
f 3184//3184 3185//3185 3186//3186
f 3187//3187 3188//3188 3189//3189
f 3190//3190 3191//3191 3192//3192
f 3193//3193 3194//3194 3195//3195
f 3196//3196 3197//3197 3198//3198
f 3199//3199 3200//3200 3201//3201
f 3202//3202 3203//3203 3204//3204
f 3205//3205 3206//3206 3207//3207
f 3208//3208 3209//3209 3210//3210
f 3211//3211 3212//3212 3213//3213
f 3214//3214 3215//3215 3216//3216
f 3217//3217 3218//3218 3219//3219
f 3220//3220 3221//3221 3222//3222
f 3223//3223 3224//3224 3225//3225
f 3226//3226 3227//3227 3228//3228
f 3229//3229 3230//3230 3231//3231
f 3232//3232 3233//3233 3234//3234
f 3235//3235 3236//3236 3237//3237
f 3238//3238 3239//3239 3240//3240
f 3241//3241 3242//3242 3243//3243
f 3244//3244 3245//3245 3246//3246
f 3247//3247 3248//3248 3249//3249
f 3250//3250 3251//3251 3252//3252
f 3253//3253 3254//3254 3255//3255
f 3256//3256 3257//3257 3258//3258
f 3259//3259 3260//3260 3261//3261
f 3262//3262 3263//3263 3264//3264
f 3265//3265 3266//3266 3267//3267
f 3268//3268 3269//3269 3270//3270
f 3271//3271 3272//3272 3273//3273
f 3274//3274 3275//3275 3276//3276
f 3277//3277 3278//3278 3279//3279
f 3280//3280 3281//3281 3282//3282
f 3283//3283 3284//3284 3285//3285
f 3286//3286 3287//3287 3288//3288
f 3289//3289 3290//3290 3291//3291
f 3292//3292 3293//3293 3294//3294
f 3295//3295 3296//3296 3297//3297
f 3298//3298 3299//3299 3300//3300
f 3301//3301 3302//3302 3303//3303
f 3304//3304 3305//3305 3306//3306
f 3307//3307 3308//3308 3309//3309
f 3310//3310 3311//3311 3312//3312
f 3313//3313 3314//3314 3315//3315
f 3316//3316 3317//3317 3318//3318
f 3319//3319 3320//3320 3321//3321
f 3322//3322 3323//3323 3324//3324
f 3325//3325 3326//3326 3327//3327
f 3328//3328 3329//3329 3330//3330
f 3331//3331 3332//3332 3333//3333
f 3334//3334 3335//3335 3336//3336
f 3337//3337 3338//3338 3339//3339
f 3340//3340 3341//3341 3342//3342
f 3343//3343 3344//3344 3345//3345
f 3346//3346 3347//3347 3348//3348
f 3349//3349 3350//3350 3351//3351
f 3352//3352 3353//3353 3354//3354
f 3355//3355 3356//3356 3357//3357
f 3358//3358 3359//3359 3360//3360
f 3361//3361 3362//3362 3363//3363
f 3364//3364 3365//3365 3366//3366
f 3367//3367 3368//3368 3369//3369
f 3370//3370 3371//3371 3372//3372
f 3373//3373 3374//3374 3375//3375
f 3376//3376 3377//3377 3378//3378
f 3379//3379 3380//3380 3381//3381
f 3382//3382 3383//3383 3384//3384
f 3385//3385 3386//3386 3387//3387
f 3388//3388 3389//3389 3390//3390
f 3391//3391 3392//3392 3393//3393
f 3394//3394 3395//3395 3396//3396
f 3397//3397 3398//3398 3399//3399
f 3400//3400 3401//3401 3402//3402
f 3403//3403 3404//3404 3405//3405
f 3406//3406 3407//3407 3408//3408
f 3409//3409 3410//3410 3411//3411
f 3412//3412 3413//3413 3414//3414
f 3415//3415 3416//3416 3417//3417
f 3418//3418 3419//3419 3420//3420
f 3421//3421 3422//3422 3423//3423
f 3424//3424 3425//3425 3426//3426
f 3427//3427 3428//3428 3429//3429
f 3430//3430 3431//3431 3432//3432
f 3433//3433 3434//3434 3435//3435
f 3436//3436 3437//3437 3438//3438
f 3439//3439 3440//3440 3441//3441
f 3442//3442 3443//3443 3444//3444
f 3445//3445 3446//3446 3447//3447
f 3448//3448 3449//3449 3450//3450
f 3451//3451 3452//3452 3453//3453
f 3454//3454 3455//3455 3456//3456
f 3457//3457 3458//3458 3459//3459
f 3460//3460 3461//3461 3462//3462
f 3463//3463 3464//3464 3465//3465
f 3466//3466 3467//3467 3468//3468
f 3469//3469 3470//3470 3471//3471
f 3472//3472 3473//3473 3474//3474
f 3475//3475 3476//3476 3477//3477
f 3478//3478 3479//3479 3480//3480
f 3481//3481 3482//3482 3483//3483
f 3484//3484 3485//3485 3486//3486
f 3487//3487 3488//3488 3489//3489
f 3490//3490 3491//3491 3492//3492
f 3493//3493 3494//3494 3495//3495
f 3496//3496 3497//3497 3498//3498
f 3499//3499 3500//3500 3501//3501
f 3502//3502 3503//3503 3504//3504
f 3505//3505 3506//3506 3507//3507
f 3508//3508 3509//3509 3510//3510
f 3511//3511 3512//3512 3513//3513
f 3514//3514 3515//3515 3516//3516
f 3517//3517 3518//3518 3519//3519
f 3520//3520 3521//3521 3522//3522
f 3523//3523 3524//3524 3525//3525
f 3526//3526 3527//3527 3528//3528
f 3529//3529 3530//3530 3531//3531
f 3532//3532 3533//3533 3534//3534
f 3535//3535 3536//3536 3537//3537
f 3538//3538 3539//3539 3540//3540
f 3541//3541 3542//3542 3543//3543
f 3544//3544 3545//3545 3546//3546
f 3547//3547 3548//3548 3549//3549
f 3550//3550 3551//3551 3552//3552
f 3553//3553 3554//3554 3555//3555
f 3556//3556 3557//3557 3558//3558
f 3559//3559 3560//3560 3561//3561
f 3562//3562 3563//3563 3564//3564
f 3565//3565 3566//3566 3567//3567
f 3568//3568 3569//3569 3570//3570
f 3571//3571 3572//3572 3573//3573
f 3574//3574 3575//3575 3576//3576
f 3577//3577 3578//3578 3579//3579
f 3580//3580 3581//3581 3582//3582
f 3583//3583 3584//3584 3585//3585
f 3586//3586 3587//3587 3588//3588
f 3589//3589 3590//3590 3591//3591
f 3592//3592 3593//3593 3594//3594
f 3595//3595 3596//3596 3597//3597
f 3598//3598 3599//3599 3600//3600
f 3601//3601 3602//3602 3603//3603
f 3604//3604 3605//3605 3606//3606
f 3607//3607 3608//3608 3609//3609
f 3610//3610 3611//3611 3612//3612
f 3613//3613 3614//3614 3615//3615
f 3616//3616 3617//3617 3618//3618
f 3619//3619 3620//3620 3621//3621
f 3622//3622 3623//3623 3624//3624
f 3625//3625 3626//3626 3627//3627
f 3628//3628 3629//3629 3630//3630
f 3631//3631 3632//3632 3633//3633
f 3634//3634 3635//3635 3636//3636
f 3637//3637 3638//3638 3639//3639
f 3640//3640 3641//3641 3642//3642
f 3643//3643 3644//3644 3645//3645
f 3646//3646 3647//3647 3648//3648
f 3649//3649 3650//3650 3651//3651
f 3652//3652 3653//3653 3654//3654
f 3655//3655 3656//3656 3657//3657
f 3658//3658 3659//3659 3660//3660
f 3661//3661 3662//3662 3663//3663
f 3664//3664 3665//3665 3666//3666
f 3667//3667 3668//3668 3669//3669
f 3670//3670 3671//3671 3672//3672
f 3673//3673 3674//3674 3675//3675
f 3676//3676 3677//3677 3678//3678
f 3679//3679 3680//3680 3681//3681
f 3682//3682 3683//3683 3684//3684
f 3685//3685 3686//3686 3687//3687
f 3688//3688 3689//3689 3690//3690
f 3691//3691 3692//3692 3693//3693
f 3694//3694 3695//3695 3696//3696
f 3697//3697 3698//3698 3699//3699
f 3700//3700 3701//3701 3702//3702
f 3703//3703 3704//3704 3705//3705
f 3706//3706 3707//3707 3708//3708
f 3709//3709 3710//3710 3711//3711
f 3712//3712 3713//3713 3714//3714
f 3715//3715 3716//3716 3717//3717
f 3718//3718 3719//3719 3720//3720
f 3721//3721 3722//3722 3723//3723
f 3724//3724 3725//3725 3726//3726
f 3727//3727 3728//3728 3729//3729
f 3730//3730 3731//3731 3732//3732
f 3733//3733 3734//3734 3735//3735
f 3736//3736 3737//3737 3738//3738
f 3739//3739 3740//3740 3741//3741
f 3742//3742 3743//3743 3744//3744
f 3745//3745 3746//3746 3747//3747
f 3748//3748 3749//3749 3750//3750
f 3751//3751 3752//3752 3753//3753
f 3754//3754 3755//3755 3756//3756
f 3757//3757 3758//3758 3759//3759
f 3760//3760 3761//3761 3762//3762
f 3763//3763 3764//3764 3765//3765
f 3766//3766 3767//3767 3768//3768
f 3769//3769 3770//3770 3771//3771
f 3772//3772 3773//3773 3774//3774
f 3775//3775 3776//3776 3777//3777
f 3778//3778 3779//3779 3780//3780
f 3781//3781 3782//3782 3783//3783
f 3784//3784 3785//3785 3786//3786
f 3787//3787 3788//3788 3789//3789
f 3790//3790 3791//3791 3792//3792
f 3793//3793 3794//3794 3795//3795
f 3796//3796 3797//3797 3798//3798
f 3799//3799 3800//3800 3801//3801
f 3802//3802 3803//3803 3804//3804
f 3805//3805 3806//3806 3807//3807
f 3808//3808 3809//3809 3810//3810
f 3811//3811 3812//3812 3813//3813
f 3814//3814 3815//3815 3816//3816
f 3817//3817 3818//3818 3819//3819
f 3820//3820 3821//3821 3822//3822
f 3823//3823 3824//3824 3825//3825
f 3826//3826 3827//3827 3828//3828
f 3829//3829 3830//3830 3831//3831
f 3832//3832 3833//3833 3834//3834
f 3835//3835 3836//3836 3837//3837
f 3838//3838 3839//3839 3840//3840
f 3841//3841 3842//3842 3843//3843
f 3844//3844 3845//3845 3846//3846
f 3847//3847 3848//3848 3849//3849
f 3850//3850 3851//3851 3852//3852
f 3853//3853 3854//3854 3855//3855
f 3856//3856 3857//3857 3858//3858
f 3859//3859 3860//3860 3861//3861
f 3862//3862 3863//3863 3864//3864
f 3865//3865 3866//3866 3867//3867
f 3868//3868 3869//3869 3870//3870
f 3871//3871 3872//3872 3873//3873
f 3874//3874 3875//3875 3876//3876
f 3877//3877 3878//3878 3879//3879
f 3880//3880 3881//3881 3882//3882
f 3883//3883 3884//3884 3885//3885
f 3886//3886 3887//3887 3888//3888
f 3889//3889 3890//3890 3891//3891
f 3892//3892 3893//3893 3894//3894
f 3895//3895 3896//3896 3897//3897
f 3898//3898 3899//3899 3900//3900
f 3901//3901 3902//3902 3903//3903
f 3904//3904 3905//3905 3906//3906
f 3907//3907 3908//3908 3909//3909
f 3910//3910 3911//3911 3912//3912
f 3913//3913 3914//3914 3915//3915
f 3916//3916 3917//3917 3918//3918
f 3919//3919 3920//3920 3921//3921
f 3922//3922 3923//3923 3924//3924
f 3925//3925 3926//3926 3927//3927
f 3928//3928 3929//3929 3930//3930
f 3931//3931 3932//3932 3933//3933
f 3934//3934 3935//3935 3936//3936
f 3937//3937 3938//3938 3939//3939
f 3940//3940 3941//3941 3942//3942
f 3943//3943 3944//3944 3945//3945
f 3946//3946 3947//3947 3948//3948
f 3949//3949 3950//3950 3951//3951
f 3952//3952 3953//3953 3954//3954
f 3955//3955 3956//3956 3957//3957
f 3958//3958 3959//3959 3960//3960
f 3961//3961 3962//3962 3963//3963
f 3964//3964 3965//3965 3966//3966
f 3967//3967 3968//3968 3969//3969
f 3970//3970 3971//3971 3972//3972
f 3973//3973 3974//3974 3975//3975
f 3976//3976 3977//3977 3978//3978
f 3979//3979 3980//3980 3981//3981
f 3982//3982 3983//3983 3984//3984
f 3985//3985 3986//3986 3987//3987
f 3988//3988 3989//3989 3990//3990
f 3991//3991 3992//3992 3993//3993
f 3994//3994 3995//3995 3996//3996
f 3997//3997 3998//3998 3999//3999
f 4000//4000 4001//4001 4002//4002
f 4003//4003 4004//4004 4005//4005
f 4006//4006 4007//4007 4008//4008
f 4009//4009 4010//4010 4011//4011
f 4012//4012 4013//4013 4014//4014
f 4015//4015 4016//4016 4017//4017
f 4018//4018 4019//4019 4020//4020
f 4021//4021 4022//4022 4023//4023
f 4024//4024 4025//4025 4026//4026
f 4027//4027 4028//4028 4029//4029
f 4030//4030 4031//4031 4032//4032
f 4033//4033 4034//4034 4035//4035
f 4036//4036 4037//4037 4038//4038
f 4039//4039 4040//4040 4041//4041
f 4042//4042 4043//4043 4044//4044
f 4045//4045 4046//4046 4047//4047
f 4048//4048 4049//4049 4050//4050
f 4051//4051 4052//4052 4053//4053
f 4054//4054 4055//4055 4056//4056
f 4057//4057 4058//4058 4059//4059
f 4060//4060 4061//4061 4062//4062
f 4063//4063 4064//4064 4065//4065
f 4066//4066 4067//4067 4068//4068
f 4069//4069 4070//4070 4071//4071
f 4072//4072 4073//4073 4074//4074
f 4075//4075 4076//4076 4077//4077
f 4078//4078 4079//4079 4080//4080
f 4081//4081 4082//4082 4083//4083
f 4084//4084 4085//4085 4086//4086
f 4087//4087 4088//4088 4089//4089
f 4090//4090 4091//4091 4092//4092
f 4093//4093 4094//4094 4095//4095
f 4096//4096 4097//4097 4098//4098
f 4099//4099 4100//4100 4101//4101
f 4102//4102 4103//4103 4104//4104
f 4105//4105 4106//4106 4107//4107
f 4108//4108 4109//4109 4110//4110
f 4111//4111 4112//4112 4113//4113
f 4114//4114 4115//4115 4116//4116
f 4117//4117 4118//4118 4119//4119
f 4120//4120 4121//4121 4122//4122
f 4123//4123 4124//4124 4125//4125
f 4126//4126 4127//4127 4128//4128
f 4129//4129 4130//4130 4131//4131
f 4132//4132 4133//4133 4134//4134
f 4135//4135 4136//4136 4137//4137
f 4138//4138 4139//4139 4140//4140
f 4141//4141 4142//4142 4143//4143
f 4144//4144 4145//4145 4146//4146
f 4147//4147 4148//4148 4149//4149
f 4150//4150 4151//4151 4152//4152
f 4153//4153 4154//4154 4155//4155
f 4156//4156 4157//4157 4158//4158
f 4159//4159 4160//4160 4161//4161
f 4162//4162 4163//4163 4164//4164
f 4165//4165 4166//4166 4167//4167
f 4168//4168 4169//4169 4170//4170
f 4171//4171 4172//4172 4173//4173
f 4174//4174 4175//4175 4176//4176
f 4177//4177 4178//4178 4179//4179
f 4180//4180 4181//4181 4182//4182
f 4183//4183 4184//4184 4185//4185
f 4186//4186 4187//4187 4188//4188
f 4189//4189 4190//4190 4191//4191
f 4192//4192 4193//4193 4194//4194
f 4195//4195 4196//4196 4197//4197
f 4198//4198 4199//4199 4200//4200
f 4201//4201 4202//4202 4203//4203
f 4204//4204 4205//4205 4206//4206
f 4207//4207 4208//4208 4209//4209
f 4210//4210 4211//4211 4212//4212
f 4213//4213 4214//4214 4215//4215
f 4216//4216 4217//4217 4218//4218
f 4219//4219 4220//4220 4221//4221
f 4222//4222 4223//4223 4224//4224
f 4225//4225 4226//4226 4227//4227
f 4228//4228 4229//4229 4230//4230
f 4231//4231 4232//4232 4233//4233
f 4234//4234 4235//4235 4236//4236
f 4237//4237 4238//4238 4239//4239
f 4240//4240 4241//4241 4242//4242
f 4243//4243 4244//4244 4245//4245
f 4246//4246 4247//4247 4248//4248
f 4249//4249 4250//4250 4251//4251
f 4252//4252 4253//4253 4254//4254
f 4255//4255 4256//4256 4257//4257
f 4258//4258 4259//4259 4260//4260
f 4261//4261 4262//4262 4263//4263
f 4264//4264 4265//4265 4266//4266
f 4267//4267 4268//4268 4269//4269
f 4270//4270 4271//4271 4272//4272
f 4273//4273 4274//4274 4275//4275
f 4276//4276 4277//4277 4278//4278
f 4279//4279 4280//4280 4281//4281
f 4282//4282 4283//4283 4284//4284
f 4285//4285 4286//4286 4287//4287
f 4288//4288 4289//4289 4290//4290
f 4291//4291 4292//4292 4293//4293
f 4294//4294 4295//4295 4296//4296
f 4297//4297 4298//4298 4299//4299
f 4300//4300 4301//4301 4302//4302
f 4303//4303 4304//4304 4305//4305
f 4306//4306 4307//4307 4308//4308
f 4309//4309 4310//4310 4311//4311
f 4312//4312 4313//4313 4314//4314
f 4315//4315 4316//4316 4317//4317
f 4318//4318 4319//4319 4320//4320
f 4321//4321 4322//4322 4323//4323
f 4324//4324 4325//4325 4326//4326
f 4327//4327 4328//4328 4329//4329
f 4330//4330 4331//4331 4332//4332
f 4333//4333 4334//4334 4335//4335
f 4336//4336 4337//4337 4338//4338
f 4339//4339 4340//4340 4341//4341
f 4342//4342 4343//4343 4344//4344
f 4345//4345 4346//4346 4347//4347
f 4348//4348 4349//4349 4350//4350
f 4351//4351 4352//4352 4353//4353
f 4354//4354 4355//4355 4356//4356
f 4357//4357 4358//4358 4359//4359
f 4360//4360 4361//4361 4362//4362
f 4363//4363 4364//4364 4365//4365
f 4366//4366 4367//4367 4368//4368
f 4369//4369 4370//4370 4371//4371
f 4372//4372 4373//4373 4374//4374
f 4375//4375 4376//4376 4377//4377
f 4378//4378 4379//4379 4380//4380
f 4381//4381 4382//4382 4383//4383
f 4384//4384 4385//4385 4386//4386
f 4387//4387 4388//4388 4389//4389
f 4390//4390 4391//4391 4392//4392
f 4393//4393 4394//4394 4395//4395
f 4396//4396 4397//4397 4398//4398
f 4399//4399 4400//4400 4401//4401
f 4402//4402 4403//4403 4404//4404
f 4405//4405 4406//4406 4407//4407
f 4408//4408 4409//4409 4410//4410
f 4411//4411 4412//4412 4413//4413
f 4414//4414 4415//4415 4416//4416
f 4417//4417 4418//4418 4419//4419
f 4420//4420 4421//4421 4422//4422
f 4423//4423 4424//4424 4425//4425
f 4426//4426 4427//4427 4428//4428
f 4429//4429 4430//4430 4431//4431
f 4432//4432 4433//4433 4434//4434
f 4435//4435 4436//4436 4437//4437
f 4438//4438 4439//4439 4440//4440
f 4441//4441 4442//4442 4443//4443
f 4444//4444 4445//4445 4446//4446
f 4447//4447 4448//4448 4449//4449
f 4450//4450 4451//4451 4452//4452
f 4453//4453 4454//4454 4455//4455
f 4456//4456 4457//4457 4458//4458
f 4459//4459 4460//4460 4461//4461
f 4462//4462 4463//4463 4464//4464
f 4465//4465 4466//4466 4467//4467
f 4468//4468 4469//4469 4470//4470
f 4471//4471 4472//4472 4473//4473
f 4474//4474 4475//4475 4476//4476
f 4477//4477 4478//4478 4479//4479
f 4480//4480 4481//4481 4482//4482
f 4483//4483 4484//4484 4485//4485
f 4486//4486 4487//4487 4488//4488
f 4489//4489 4490//4490 4491//4491
f 4492//4492 4493//4493 4494//4494
f 4495//4495 4496//4496 4497//4497
f 4498//4498 4499//4499 4500//4500
