# 08_person — split from wip_-_lowpoly_people_-_1.glb
# WIP - Lowpoly People - 1 by Loic Norgeot, CC-BY-4.0
# https://sketchfab.com/3d-models/wip-lowpoly-people-1-8cfd467af4334ea384d854109865f939
v 47.383851 76.215732 153.032352
v 48.219560 74.861782 153.145865
v 47.953947 79.206288 149.992019
v 49.473156 6.530374 154.491138
v 47.603538 4.270172 153.427810
v 48.227187 3.009128 158.338990
v 60.491060 84.650636 148.984279
v 58.759509 83.031750 149.974839
v 59.243123 82.367110 150.279505
v 23.165550 74.127757 130.386354
v 23.582947 73.382204 130.859145
v 24.200527 74.334502 130.893666
v 34.871644 79.314136 144.759882
v 31.416933 77.984130 148.077463
v 34.078588 79.442733 148.813039
v 36.949460 8.964431 142.931102
v 35.643062 4.174548 145.528477
v 38.793949 5.342167 143.560735
v 73.023410 82.728738 145.541087
v 74.121397 80.909682 149.542364
v 72.725309 80.457551 146.311937
v 66.603334 75.959040 132.201841
v 59.682315 81.578589 135.014722
v 74.086961 75.449301 130.433645
v 27.096130 71.393048 131.026573
v 24.419455 70.692163 131.116876
v 25.447194 71.232485 129.660351
v 27.096130 71.393048 131.026573
v 25.447194 71.232485 129.660351
v 27.686631 72.666484 130.130313
v 54.889699 80.389196 125.949376
v 58.050059 73.826373 127.685268
v 55.572271 77.697021 122.304621
v 24.419455 70.692163 131.116876
v 23.032248 73.246067 130.659986
v 23.615086 72.766804 131.159297
v 62.391381 8.075815 157.783796
v 61.728965 11.996743 153.667910
v 60.374497 4.035550 155.695049
v 39.774283 51.229745 135.873129
v 42.731441 47.630000 137.591652
v 37.838216 48.842948 136.251598
v 46.861414 8.857879 149.842107
v 46.448877 5.259633 151.286297
v 48.326938 8.979666 153.768923
v 58.122325 32.816715 128.766783
v 62.080358 30.724669 127.897912
v 55.960566 24.016691 124.866649
v 61.955841 76.335049 155.850794
v 63.713744 76.307893 153.523023
v 59.243123 82.367110 150.279505
v 72.042042 77.372444 139.401619
v 73.028157 74.675001 136.012869
v 72.725309 80.457551 146.311937
v 41.468077 84.448230 142.101392
v 43.421092 81.799388 143.000070
v 41.505925 81.307858 144.562420
v 32.951116 71.460014 145.991736
v 32.461786 76.544517 144.504421
v 33.847053 65.999293 142.477150
v 44.059616 80.894917 142.776237
v 44.031651 81.285381 142.853783
v 44.855444 80.651456 142.534522
v 43.935570 81.219387 143.342994
v 44.562929 82.081520 142.301255
v 44.855444 80.651456 142.534522
v 43.935570 81.219387 143.342994
v 44.855444 80.651456 142.534522
v 43.367354 80.284601 143.752944
v 60.374497 4.035550 155.695049
v 62.344993 0.108111 155.740994
v 61.196213 2.191377 157.524780
v 42.841372 60.077655 135.311580
v 42.461188 61.242246 136.434846
v 41.023969 65.723938 136.802989
v 55.668797 44.236401 134.335706
v 54.154138 43.076831 132.930329
v 56.882049 46.632243 130.927211
v 60.332507 44.558528 142.966773
v 56.953066 45.087937 142.595841
v 56.819749 44.511405 136.871336
v 40.770873 79.961621 149.168635
v 39.739402 79.718601 144.648168
v 38.268011 78.818428 146.943395
v 50.689552 35.837752 137.195292
v 52.785700 30.444500 133.826452
v 54.080843 43.539453 137.046294
v 58.747976 52.349091 125.795199
v 58.767415 49.736247 131.322580
v 57.949248 47.696403 125.302913
v 33.181554 69.406795 129.632374
v 36.517284 68.783474 128.173817
v 34.603408 71.230781 130.889953
v 44.523192 54.665625 138.799411
v 46.850848 54.152888 141.044402
v 47.785412 48.976856 140.475250
v 47.367731 2.309245 148.131474
v 46.448877 5.259633 151.286297
v 48.436795 7.666206 147.246144
v 40.340465 7.398128 139.487863
v 40.306898 1.943290 139.361403
v 39.567286 6.114664 138.300160
v 33.217286 71.305704 127.814511
v 33.592846 71.370250 128.214996
v 32.489735 70.965075 127.902422
v 52.288758 3.812033 147.439238
v 49.780214 2.123672 145.876194
v 50.606058 7.495773 147.774203
v 61.955841 76.335049 155.850794
v 68.984829 67.135275 156.075683
v 67.638833 71.994919 154.578335
v 24.200527 74.334502 130.893666
v 24.044751 73.078107 131.573062
v 27.096130 71.393048 131.026573
v 56.459074 56.912208 136.049203
v 58.244173 54.732174 133.829155
v 57.907234 54.003507 132.095582
v 60.231311 43.968150 149.478080
v 60.248652 44.746545 152.089565
v 56.192759 43.795374 149.153951
v 56.882049 46.632243 130.927211
v 57.949248 47.696403 125.302913
v 58.767415 49.736247 131.322580
v 40.610638 76.344728 151.414029
v 39.664341 72.816139 151.898135
v 41.918802 75.904166 150.001423
v 63.361347 75.225157 135.970317
v 66.669234 75.457419 136.158541
v 65.613615 75.547916 138.065643
v 41.023969 65.723938 136.802989
v 38.776819 66.745686 137.699452
v 41.442617 67.283153 139.799639
v 68.056870 73.049820 147.265920
v 68.530951 68.259895 144.672657
v 67.141608 72.128857 138.261060
v 70.111598 83.111680 146.048970
v 67.804260 80.839694 148.675518
v 66.770308 84.277618 148.962806
v 33.847053 65.999293 142.477150
v 37.385560 75.482761 140.947486
v 37.202885 66.221779 140.384087
v 63.483076 84.821165 144.650583
v 61.357815 83.007205 143.051538
v 60.135500 84.872550 142.838247
v 51.640712 30.913517 156.835960
v 48.867499 28.631895 159.609537
v 51.764248 19.621491 157.014114
v 29.282300 71.962571 132.497225
v 29.632861 72.760766 128.686250
v 30.974421 70.377570 129.636929
v 27.096130 71.393048 131.026573
v 27.686631 72.666484 130.130313
v 24.200527 74.334502 130.893666
v 64.987209 0.757802 155.432176
v 62.344993 0.108111 155.740994
v 63.093971 3.703845 153.631580
v 68.961581 84.901452 151.278082
v 66.028267 87.093842 151.571739
v 66.966773 83.586556 150.939532
v 50.897558 89.952767 126.447989
v 53.271704 94.435895 129.665819
v 54.889699 80.389196 125.949376
v 52.875673 65.702998 155.749595
v 51.974601 63.326895 163.446984
v 50.452573 64.504802 162.473042
v 59.243123 82.367110 150.279505
v 62.559648 82.433945 146.377041
v 60.491060 84.650636 148.984279
v 32.968974 70.548111 127.445801
v 33.592846 71.370250 128.214996
v 33.363656 70.529234 126.851411
v 32.968974 70.548111 127.445801
v 33.289261 69.620806 126.943844
v 33.306749 70.722890 127.532212
v 29.632861 72.760766 128.686250
v 32.489735 70.965075 127.902422
v 30.974421 70.377570 129.636929
v 33.181554 69.406795 129.632374
v 30.974421 70.377570 129.636929
v 33.289261 69.620806 126.943844
v 71.533193 0.097788 153.365933
v 71.789225 2.158153 153.843207
v 70.124275 2.580732 155.951968
v 50.412908 0.968355 121.857642
v 49.198757 3.110195 123.931872
v 48.475559 2.187628 120.480399
v 55.177093 71.748447 152.197525
v 52.217509 68.670123 161.908807
v 52.384104 65.296631 166.697485
v 66.669234 75.457419 136.158541
v 72.189162 73.641599 133.020309
v 73.028157 74.675001 136.012869
v 54.284613 79.299581 138.471451
v 55.491756 82.425058 141.501400
v 59.682315 81.578589 135.014722
v 68.359614 46.459270 137.705546
v 68.867211 46.916849 133.270068
v 69.815465 47.213275 136.231134
v 32.542087 47.832744 151.218646
v 38.737922 44.240638 153.825759
v 36.471693 51.516902 153.398990
v 40.809961 64.005739 119.793976
v 37.965292 67.375290 121.493296
v 39.390207 67.615104 120.391947
v 48.231376 1.251936 125.506607
v 53.559813 0.908477 122.773441
v 51.099491 0.777042 127.702457
v 53.545615 6.852045 152.034649
v 52.706879 4.033708 152.613169
v 52.288758 3.812033 147.439238
v 33.217286 71.305704 127.814511
v 32.918934 71.439522 127.980767
v 33.592846 71.370250 128.214996
v 24.044751 73.078107 131.573062
v 23.582947 73.382204 130.859145
v 23.165550 74.127757 130.386354
v 50.210929 7.134581 114.964055
v 52.821124 4.539347 118.267523
v 49.033764 5.135170 116.167274
v 68.069919 0.520522 156.580461
v 70.124275 2.580732 155.951968
v 65.206342 3.540909 157.456552
v 65.695087 84.802783 150.265557
v 66.109410 84.543771 149.638526
v 66.217889 84.129131 149.668372
v 47.266558 83.758682 145.146918
v 47.445276 80.270731 145.172952
v 47.515694 82.211602 142.629836
v 42.931247 1.681334 130.688234
v 51.099491 0.777042 127.702457
v 53.239189 2.277172 130.157580
v 66.109410 84.543771 149.638526
v 66.770308 84.277618 148.962806
v 67.804260 80.839694 148.675518
v 57.487893 86.067951 144.208759
v 60.135500 84.872550 142.838247
v 56.694163 83.448130 143.203314
v 42.423670 39.363568 155.161478
v 38.737922 44.240638 153.825759
v 40.015752 40.879309 152.661641
v 46.678487 91.377395 148.527637
v 46.803888 89.262861 145.511976
v 42.884495 92.054629 148.166632
v 33.676895 6.161400 138.420538
v 35.417535 7.735234 137.740018
v 37.865345 2.922219 136.296941
v 39.461593 24.396038 141.339148
v 37.875416 15.352422 136.392343
v 38.149234 28.277188 140.133100
v 51.824376 80.944216 137.135880
v 48.174845 76.430452 142.408243
v 54.284613 79.299581 138.471451
v 60.231311 43.968150 149.478080
v 61.365000 42.591477 151.714083
v 60.248652 44.746545 152.089565
v 38.925019 64.088619 124.315954
v 42.701002 66.230691 124.696374
v 36.517284 68.783474 128.173817
v 31.547183 69.953954 132.326433
v 29.282300 71.962571 132.497225
v 30.974421 70.377570 129.636929
v 54.154138 43.076831 132.930329
v 53.043645 23.149500 129.536002
v 51.824410 40.380195 129.426023
v 51.317058 27.229297 153.311828
v 49.001759 29.602009 152.570644
v 51.640712 30.913517 156.835960
v 68.359614 46.459270 137.705546
v 70.686498 49.651841 138.136154
v 69.807465 45.233289 139.350498
v 66.108050 41.186190 131.685516
v 67.015622 47.265504 131.299660
v 68.867211 46.916849 133.270068
v 57.674140 42.801887 135.089204
v 58.122325 32.816715 128.766783
v 56.228965 30.376548 131.243621
v 42.931247 1.681334 130.688234
v 43.000789 4.371309 127.118558
v 39.007725 2.428597 127.661657
v 43.122249 64.624899 154.325954
v 37.645195 67.522936 153.126322
v 43.636757 56.389504 154.270928
v 67.255239 45.376546 143.794561
v 68.562582 45.538948 143.030015
v 70.103455 46.782971 147.020945
v 55.224453 80.704856 149.978177
v 53.764273 75.528496 150.409234
v 57.396972 78.996229 154.363050
v 50.452573 64.504802 162.473042
v 49.685680 68.022769 162.858240
v 49.920986 68.858146 157.512056
v 44.521947 75.081860 185.307391
v 45.974071 75.590752 182.813249
v 43.526925 76.220207 179.424541
v 42.368572 78.460168 151.611681
v 40.610638 76.344728 151.414029
v 41.918802 75.904166 150.001423
v 47.154608 81.336569 149.720173
v 45.539708 79.329121 150.994225
v 47.953947 79.206288 149.992019
v 41.332360 71.466498 174.932811
v 37.071754 73.205833 175.494321
v 39.632646 72.544109 175.092416
v 59.509525 85.686344 149.100520
v 56.389001 87.544239 150.264307
v 57.025675 84.644890 147.426760
v 47.108734 54.260904 139.025039
v 51.886527 50.000435 139.398717
v 47.585605 60.560542 139.045837
v 50.038314 64.740741 153.890003
v 52.305525 65.938979 149.890375
v 51.021025 66.952484 155.730911
v 63.226513 32.033301 147.467944
v 63.165450 31.546080 147.219348
v 63.020942 28.840867 148.444511
v 35.118233 76.666878 165.416674
v 39.276606 74.014543 173.183157
v 34.778063 75.756054 157.977443
v 32.155668 25.835218 141.982557
v 30.126624 40.379714 144.398159
v 33.172570 33.629697 140.856628
v 44.521947 75.081860 185.307391
v 44.015869 74.799590 181.371237
v 44.855101 74.209272 183.861738
v 72.725309 80.457551 146.311937
v 74.121397 80.909682 149.542364
v 71.555150 80.414379 147.172770
v 64.564026 45.716119 154.332083
v 61.806846 45.199823 154.472729
v 61.365000 42.591477 151.714083
v 50.582999 72.254562 155.932238
v 49.920986 68.858146 157.512056
v 49.685680 68.022769 162.858240
v 55.040495 44.917443 147.060447
v 55.562664 45.445490 141.736625
v 56.953066 45.087937 142.595841
v 50.038314 64.740741 153.890003
v 51.021025 66.952484 155.730911
v 48.729783 69.744461 154.906436
v 49.920986 68.858146 157.512056
v 48.729783 69.744461 154.906436
v 51.021025 66.952484 155.730911
v 57.515276 83.105517 129.688925
v 54.889699 80.389196 125.949376
v 53.271704 94.435895 129.665819
v 47.118336 24.115133 159.859824
v 45.866194 19.598126 155.105339
v 49.601159 17.412015 157.676533
v 45.647729 27.694738 122.249164
v 47.495321 26.195130 120.620604
v 47.785456 32.653702 120.825394
v 40.340465 7.398128 139.487863
v 39.567286 6.114664 138.300160
v 39.537615 12.462929 137.653561
v 39.537615 12.462929 137.653561
v 39.449030 10.961029 142.104967
v 40.340465 7.398128 139.487863
v 72.189162 73.641599 133.020309
v 74.086961 75.449301 130.433645
v 75.377409 75.056792 134.798373
v 51.466577 47.122896 149.167436
v 47.301135 46.743855 143.553916
v 49.818177 49.805790 144.840795
v 57.394334 65.790767 139.270108
v 56.428436 58.660877 142.040787
v 57.685312 63.781375 146.717902
v 66.603334 75.959040 132.201841
v 74.086961 75.449301 130.433645
v 72.189162 73.641599 133.020309
v 48.201409 67.442089 166.851238
v 44.608621 71.853905 174.122915
v 50.590752 68.204748 167.028130
v 68.699537 61.445851 144.650076
v 66.877011 67.291713 147.595778
v 67.496711 59.425652 148.549076
v 43.270720 51.308805 135.591924
v 44.275396 54.966473 137.154336
v 42.841372 60.077655 135.311580
v 32.822560 1.134657 140.328277
v 38.658584 0.246519 138.974961
v 29.283097 0.205355 146.962649
v 45.005185 56.149905 155.867528
v 48.125240 43.136954 156.589313
v 48.729783 69.744461 154.906436
v 63.443669 33.032641 152.529780
v 66.062678 42.674846 153.223172
v 61.365000 42.591477 151.714083
v 32.281257 75.815420 163.408578
v 35.118233 76.666878 165.416674
v 32.728618 76.744627 156.325818
v 40.534405 59.381568 131.801527
v 43.291610 46.536937 131.958589
v 43.270720 51.308805 135.591924
v 36.603892 21.790698 144.597345
v 35.879601 35.906022 148.537734
v 35.029529 23.434728 146.339609
v 28.994104 1.257222 151.390861
v 28.639098 2.560507 149.122940
v 28.305613 1.507049 146.523158
v 35.029529 23.434728 146.339609
v 33.129495 23.542284 145.144979
v 36.603892 21.790698 144.597345
v 72.834015 66.319877 155.256142
v 68.984829 67.135275 156.075683
v 70.243553 64.865214 153.733663
v 70.243553 64.865214 153.733663
v 71.416637 67.349923 151.169812
v 73.495518 66.960788 152.281444
v 57.197263 82.421709 132.886638
v 57.846103 83.798439 132.886408
v 57.373164 85.824967 133.798523
v 57.089664 84.941221 131.714216
v 57.688998 84.411175 131.656991
v 57.515276 83.105517 129.688925
v 59.243123 82.367110 150.279505
v 63.108186 79.888827 146.641053
v 62.559648 82.433945 146.377041
v 48.666939 81.583005 135.483486
v 43.692310 85.432827 132.273519
v 47.083474 83.280361 133.955461
v 48.666939 81.583005 135.483486
v 47.083474 83.280361 133.955461
v 48.261365 80.668235 130.961873
v 49.940430 86.122763 138.431410
v 48.666939 81.583005 135.483486
v 51.824376 80.944216 137.135880
v 67.151863 58.937765 136.101778
v 69.686509 50.074519 132.956291
v 67.015622 47.265504 131.299660
v 42.647882 40.071505 144.637561
v 39.440411 45.468545 140.581131
v 47.301135 46.743855 143.553916
v 68.359614 46.459270 137.705546
v 69.815465 47.213275 136.231134
v 67.151863 58.937765 136.101778
v 51.765703 78.469307 120.543735
v 55.572271 77.697021 122.304621
v 53.830404 75.935138 119.873308
v 39.276606 74.014543 173.183157
v 35.798249 73.481481 161.443312
v 34.778063 75.756054 157.977443
v 57.248070 2.548040 126.058856
v 57.803520 5.054993 124.746529
v 55.343953 5.620632 125.935732
v 51.416735 -0.000000 160.506721
v 52.706068 2.057987 157.040631
v 50.931321 1.692873 162.541864
v 63.081217 96.789044 147.914903
v 58.890068 98.652202 146.141906
v 59.239197 96.518993 150.894456
v 67.562213 53.938193 148.897536
v 67.496711 59.425652 148.549076
v 65.447861 65.476811 148.590879
v 42.216568 69.562697 136.444121
v 42.841372 60.077655 135.311580
v 41.023969 65.723938 136.802989
v 56.884655 69.421995 137.933509
v 56.382726 76.088834 136.096336
v 58.162444 76.369065 136.181389
v 57.984969 89.602495 130.098778
v 57.688998 84.411175 131.656991
v 57.005781 89.162207 131.670335
v 57.519702 1.157243 120.988096
v 59.894726 0.738514 124.061000
v 53.559813 0.908477 122.773441
v 44.855444 80.651456 142.534522
v 47.515694 82.211602 142.629836
v 47.445276 80.270731 145.172952
v 33.363656 70.529234 126.851411
v 32.918934 71.439522 127.980767
v 39.317353 68.218720 120.991546
v 57.364550 83.128286 131.626650
v 57.494027 82.724429 131.781225
v 57.953942 81.258774 131.584341
v 38.268011 78.818428 146.943395
v 37.548021 76.754981 150.267287
v 40.610638 76.344728 151.414029
v 42.701002 66.230691 124.696374
v 38.925019 64.088619 124.315954
v 44.341962 63.769412 122.923555
v 52.742603 67.839289 144.359288
v 53.462046 68.655741 141.631331
v 55.177093 71.748447 152.197525
v 57.525357 87.630976 132.409271
v 57.846103 83.798439 132.886408
v 58.295515 88.167137 132.150978
v 57.530694 82.869536 132.450124
v 57.846103 83.798439 132.886408
v 57.303122 83.009357 132.226639
v 66.669234 75.457419 136.158541
v 67.057699 77.016217 137.018078
v 65.613615 75.547916 138.065643
v 63.226513 32.033301 147.467944
v 63.687748 40.674538 144.992163
v 63.008270 31.606251 147.693260
v 37.990836 74.316989 180.595936
v 40.559678 77.061115 179.122509
v 36.989636 75.111674 174.407017
v 59.634091 66.041083 136.527457
v 63.350843 69.368882 136.503254
v 63.337640 62.676573 135.515730
v 71.182622 69.102389 156.024892
v 67.638833 71.994919 154.578335
v 68.984829 67.135275 156.075683
v 47.089428 88.525129 127.020386
v 50.380082 81.112576 125.494537
v 48.936546 82.848013 127.643610
v 63.165450 31.546080 147.219348
v 66.487539 13.777802 151.724603
v 61.855693 20.478818 151.020291
v 37.472274 64.563673 139.418677
v 35.438105 70.354426 133.948890
v 31.445260 71.287149 134.145822
v 54.071830 2.860857 120.533344
v 52.263800 8.994505 121.186128
v 55.301644 7.940543 121.705872
v 44.341962 63.769412 122.923555
v 48.313139 67.173625 119.406816
v 49.901328 67.201305 121.623383
v 57.197263 82.421709 132.886638
v 57.953942 81.258774 131.584341
v 57.530694 82.869536 132.450124
v 32.489735 70.965075 127.902422
v 33.592846 71.370250 128.214996
v 32.968974 70.548111 127.445801
v 54.889699 80.389196 125.949376
v 51.765703 78.469307 120.543735
v 49.482270 78.973329 125.430568
v 52.846274 95.278049 134.250668
v 47.627937 96.301663 132.966314
v 50.566525 93.895793 136.397942
v 57.005781 89.162207 131.670335
v 57.525357 87.630976 132.409271
v 56.875321 86.905104 132.907026
v 53.043645 23.149500 129.536002
v 50.559738 18.693900 128.150647
v 48.636771 38.526255 128.601498
v 56.831866 86.389292 134.129545
v 56.729004 86.813665 133.681258
v 57.208374 84.733570 132.793349
v 35.118233 76.666878 165.416674
v 34.778063 75.756054 157.977443
v 32.728618 76.744627 156.325818
v 55.923400 86.427904 135.338818
v 57.373164 85.824967 133.798523
v 56.831866 86.389292 134.129545
v 68.434344 59.099794 138.522422
v 67.151863 58.937765 136.101778
v 66.438220 67.233635 138.921799
v 57.089664 84.941221 131.714216
v 57.364550 83.128286 131.626650
v 57.672389 84.184909 131.672205
v 74.279754 79.847170 141.746060
v 72.467129 78.511513 134.892446
v 72.687914 80.612040 141.800922
v 57.089664 84.941221 131.714216
v 57.672389 84.184909 131.672205
v 57.511484 84.130347 131.851936
v 42.701002 66.230691 124.696374
v 42.020731 68.044061 123.624787
v 36.517284 68.783474 128.173817
v 57.357625 82.932461 131.775558
v 57.511484 84.130347 131.851936
v 57.364550 83.128286 131.626650
v 57.303122 83.009357 132.226639
v 57.357625 82.932461 131.775558
v 57.494027 82.724429 131.781225
v 57.357625 82.932461 131.775558
v 57.953942 81.258774 131.584341
v 57.494027 82.724429 131.781225
v 57.364550 83.128286 131.626650
v 57.412992 82.777364 131.804532
v 57.357625 82.932461 131.775558
v 57.412992 82.777364 131.804532
v 57.953942 81.258774 131.584341
v 57.357625 82.932461 131.775558
v 57.494027 82.724429 131.781225
v 57.412992 82.777364 131.804532
v 57.303122 83.009357 132.226639
v 57.530694 82.869536 132.450124
v 57.412992 82.777364 131.804532
v 57.494027 82.724429 131.781225
v 57.953942 81.258774 131.584341
v 57.412992 82.777364 131.804532
v 57.530694 82.869536 132.450124
v 57.208374 84.733570 132.793349
v 57.511484 84.130347 131.851936
v 57.197263 82.421709 132.886638
v 57.511484 84.130347 131.851936
v 57.846103 83.798439 132.886408
v 57.197263 82.421709 132.886638
v 33.306749 70.722890 127.532212
v 33.289261 69.620806 126.943844
v 35.153534 71.467179 126.990797
v 57.197263 82.421709 132.886638
v 57.530694 82.869536 132.450124
v 57.303122 83.009357 132.226639
v 74.121397 80.909682 149.542364
v 72.070543 77.673197 151.673990
v 74.019594 73.010052 152.562127
v 51.305443 67.858303 139.616822
v 54.823652 68.410546 139.079091
v 53.462046 68.655741 141.631331
v 49.964630 44.696138 117.128156
v 44.504754 39.075959 116.884415
v 47.251278 49.746162 117.881804
v 45.810048 80.121445 153.820153
v 42.368572 78.460168 151.611681
v 45.539708 79.329121 150.994225
v 46.861414 8.857879 149.842107
v 47.483744 13.103127 155.605366
v 45.866194 19.598126 155.105339
v 51.185384 76.279235 146.428579
v 51.841150 74.897051 153.195660
v 53.764273 75.528496 150.409234
v 51.305443 67.858303 139.616822
v 53.462046 68.655741 141.631331
v 51.220461 67.207170 142.193672
v 56.062199 69.801307 148.496990
v 53.462046 68.655741 141.631331
v 54.823652 68.410546 139.079091
v 56.884655 69.421995 137.933509
v 54.823652 68.410546 139.079091
v 55.977116 68.497169 137.121148
v 56.884655 69.421995 137.933509
v 57.394334 65.790767 139.270108
v 54.823652 68.410546 139.079091
v 69.097538 69.767636 152.057944
v 70.984091 71.276010 150.655640
v 71.416637 67.349923 151.169812
v 47.254008 57.614124 140.811634
v 45.026659 59.713852 139.359438
v 47.585605 60.560542 139.045837
v 67.562213 53.938193 148.897536
v 70.103455 46.782971 147.020945
v 67.496711 59.425652 148.549076
v 57.979552 45.641578 131.356272
v 56.819749 44.511405 136.871336
v 55.668797 44.236401 134.335706
v 63.361347 75.225157 135.970317
v 63.350843 69.368882 136.503254
v 59.634091 66.041083 136.527457
v 57.846103 83.798439 132.886408
v 57.688998 84.411175 131.656991
v 58.295515 88.167137 132.150978
v 42.701002 66.230691 124.696374
v 43.644433 71.968460 124.365622
v 42.020731 68.044061 123.624787
v 48.154971 4.715529 132.363389
v 45.473434 6.319088 130.000628
v 43.000789 4.371309 127.118558
v 67.638833 71.994919 154.578335
v 69.097538 69.767636 152.057944
v 66.818487 71.065486 150.812955
v 67.638833 71.994919 154.578335
v 70.150165 71.772272 153.051356
v 69.097538 69.767636 152.057944
v 47.395088 76.862401 144.192721
v 44.323477 73.355186 140.518021
v 42.523400 72.882563 141.195673
v 44.323477 73.355186 140.518021
v 47.395088 76.862401 144.192721
v 48.174845 76.430452 142.408243
v 43.759036 0.958795 119.581166
v 41.788163 1.048780 115.246903
v 50.783950 1.739014 118.809492
v 55.977116 68.497169 137.121148
v 56.382726 76.088834 136.096336
v 56.884655 69.421995 137.933509
v 55.044775 54.973603 137.866281
v 56.459074 56.912208 136.049203
v 54.949627 60.962361 135.882269
v 44.562929 82.081520 142.301255
v 44.031651 81.285381 142.853783
v 44.059616 80.894917 142.776237
v 43.270720 51.308805 135.591924
v 42.374223 51.364636 136.546673
v 44.523192 54.665625 138.799411
v 60.537870 40.692413 138.187274
v 62.765566 43.137220 141.768595
v 60.332507 44.558528 142.966773
v 32.489735 70.965075 127.902422
v 33.363656 70.529234 126.851411
v 33.217286 71.305704 127.814511
v 70.243553 64.865214 153.733663
v 66.335232 69.207502 150.786455
v 71.416637 67.349923 151.169812
v 44.523192 54.665625 138.799411
v 44.275396 54.966473 137.154336
v 43.270720 51.308805 135.591924
v 42.374223 51.364636 136.546673
v 43.270720 51.308805 135.591924
v 43.633608 46.861073 137.182114
v 53.300956 54.208934 137.814704
v 47.585605 60.560542 139.045837
v 51.886527 50.000435 139.398717
v 57.685312 63.781375 146.717902
v 60.096229 64.726985 148.830691
v 56.062199 69.801307 148.496990
v 34.565561 10.171103 142.275058
v 36.949460 8.964431 142.931102
v 36.603892 21.790698 144.597345
v 53.300956 54.208934 137.814704
v 54.207524 51.318902 140.635940
v 55.044775 54.973603 137.866281
v 42.523400 72.882563 141.195673
v 44.323477 73.355186 140.518021
v 41.442617 67.283153 139.799639
v 69.489026 54.707122 144.047991
v 70.686498 49.651841 138.136154
v 68.699537 61.445851 144.650076
v 48.326938 8.979666 153.768923
v 47.603538 4.270172 153.427810
v 49.473156 6.530374 154.491138
v 54.184046 21.242589 131.390256
v 53.589675 20.324862 134.128993
v 53.481885 5.242485 126.297774
v 52.785700 30.444500 133.826452
v 53.043645 23.149500 129.536002
v 54.154138 43.076831 132.930329
v 63.081217 96.789044 147.914903
v 64.010187 95.416773 141.555266
v 61.513764 98.536676 144.655927
v 58.759509 83.031750 149.974839
v 60.894127 85.436762 148.756471
v 62.559648 82.433945 146.377041
v 57.907234 54.003507 132.095582
v 58.244173 54.732174 133.829155
v 58.767415 49.736247 131.322580
v 35.153534 71.467179 126.990797
v 33.289261 69.620806 126.943844
v 33.367130 70.383560 127.391546
v 47.075538 8.501724 121.469465
v 43.443738 22.267416 121.775385
v 44.113935 9.897763 119.167942
v 35.986375 65.595174 124.540090
v 33.181554 69.406795 129.632374
v 33.289261 69.620806 126.943844
v 39.632646 72.544109 175.092416
v 33.174928 72.176890 165.316823
v 34.155456 72.309189 161.144053
v 42.216568 69.562697 136.444121
v 45.811998 76.882893 136.700407
v 41.349131 69.577855 133.183940
v 51.841150 74.897051 153.195660
v 48.219560 74.861782 153.145865
v 50.582999 72.254562 155.932238
v 51.765703 78.469307 120.543735
v 53.830404 75.935138 119.873308
v 46.945015 70.144356 118.207542
v 37.472274 64.563673 139.418677
v 38.363387 61.024207 139.099959
v 37.202885 66.221779 140.384087
v 39.317353 68.218720 120.991546
v 46.945015 70.144356 118.207542
v 39.390207 67.615104 120.391947
v 48.154971 4.715529 132.363389
v 49.565035 17.896444 135.231657
v 45.473434 6.319088 130.000628
v 35.986375 65.595174 124.540090
v 38.925019 64.088619 124.315954
v 33.181554 69.406795 129.632374
v 60.860824 85.998267 148.908255
v 58.759509 83.031750 149.974839
v 62.559648 82.433945 146.377041
v 66.877011 67.291713 147.595778
v 66.335232 69.207502 150.786455
v 64.706720 69.072807 150.647682
v 54.207524 51.318902 140.635940
v 53.111684 45.803204 139.100880
v 55.562664 45.445490 141.736625
v 74.279754 79.847170 141.746060
v 72.687914 80.612040 141.800922
v 73.023410 82.728738 145.541087
v 49.601159 17.412015 157.676533
v 51.764248 19.621491 157.014114
v 47.118336 24.115133 159.859824
v 38.268011 78.818428 146.943395
v 39.739402 79.718601 144.648168
v 34.871644 79.314136 144.759882
v 61.955841 76.335049 155.850794
v 59.243123 82.367110 150.279505
v 57.396972 78.996229 154.363050
v 39.664341 72.816139 151.898135
v 35.254273 72.549813 150.664980
v 37.645195 67.522936 153.126322
v 64.987209 0.757802 155.432176
v 63.093971 3.703845 153.631580
v 66.890318 1.216817 152.256993
v 55.344448 13.941110 128.041270
v 55.343953 5.620632 125.935732
v 59.304612 18.590651 128.229556
v 44.448569 58.950972 140.935044
v 41.234123 58.657551 138.724018
v 45.026659 59.713852 139.359438
v 54.415475 73.339069 153.467360
v 56.193673 72.391397 151.661117
v 57.123143 75.523233 154.123743
v 61.988428 49.702102 154.112519
v 60.096229 64.726985 148.830691
v 55.759681 53.164881 148.529579
v 40.070152 1.641542 117.014241
v 40.992845 3.097266 115.299200
v 41.788163 1.048780 115.246903
v 39.141845 47.397500 138.521138
v 45.170626 47.065431 140.110354
v 47.301135 46.743855 143.553916
v 45.170626 47.065431 140.110354
v 47.785412 48.976856 140.475250
v 47.301135 46.743855 143.553916
v 62.080358 30.724669 127.897912
v 66.108050 41.186190 131.685516
v 64.444156 32.517991 130.133540
v 56.819749 44.511405 136.871336
v 57.979552 45.641578 131.356272
v 57.674140 42.801887 135.089204
v 40.127640 58.055848 138.804460
v 33.847053 65.999293 142.477150
v 38.363387 61.024207 139.099959
v 63.008270 31.606251 147.693260
v 63.020942 28.840867 148.444511
v 62.287354 31.414730 150.354216
v 71.025435 79.342104 148.269208
v 67.804260 80.839694 148.675518
v 70.956442 79.408384 144.893280
v 48.636771 38.526255 128.601498
v 47.207646 40.250972 126.840841
v 49.626974 40.403039 127.602951
v 42.701002 66.230691 124.696374
v 44.341962 63.769412 122.923555
v 45.227299 61.996067 122.781980
v 63.185904 85.387207 141.602257
v 64.873340 88.926161 140.591115
v 65.431147 87.012482 143.583264
v 43.633608 46.861073 137.182114
v 42.731441 47.630000 137.591652
v 42.374223 51.364636 136.546673
v 42.731441 47.630000 137.591652
v 43.633608 46.861073 137.182114
v 45.059796 44.662505 138.558996
v 51.824410 40.380195 129.426023
v 48.636771 38.526255 128.601498
v 49.626974 40.403039 127.602951
v 56.831866 86.389292 134.129545
v 56.875321 86.905104 132.907026
v 55.923400 86.427904 135.338818
v 55.044775 54.973603 137.866281
v 56.428436 58.660877 142.040787
v 56.459074 56.912208 136.049203
v 56.882049 46.632243 130.927211
v 58.767415 49.736247 131.322580
v 57.979552 45.641578 131.356272
v 55.668797 44.236401 134.335706
v 56.882049 46.632243 130.927211
v 57.979552 45.641578 131.356272
v 74.086961 75.449301 130.433645
v 74.994138 76.654590 131.406686
v 75.377409 75.056792 134.798373
v 72.687914 80.612040 141.800922
v 70.111598 83.111680 146.048970
v 73.023410 82.728738 145.541087
v 34.603408 71.230781 130.889953
v 33.835990 69.456935 132.055349
v 33.181554 69.406795 129.632374
v 34.078588 79.442733 148.813039
v 31.416933 77.984130 148.077463
v 32.728618 76.744627 156.325818
v 52.706879 4.033708 152.613169
v 51.409260 6.079605 154.424092
v 52.706068 2.057987 157.040631
v 36.021725 75.846379 151.448565
v 37.548021 76.754981 150.267287
v 34.110599 77.582287 152.859319
v 47.785456 32.653702 120.825394
v 44.226157 29.382098 115.956862
v 46.627184 33.957971 117.756932
v 24.200527 74.334502 130.893666
v 23.615086 72.766804 131.159297
v 24.044751 73.078107 131.573062
v 60.011750 90.025252 151.306583
v 59.509525 85.686344 149.100520
v 60.894127 85.436762 148.756471
v 62.080358 30.724669 127.897912
v 58.122325 32.816715 128.766783
v 59.152835 42.360056 130.813686
v 33.592846 71.370250 128.214996
v 32.918934 71.439522 127.980767
v 30.981533 78.683352 129.667441
v 30.157771 52.246689 143.160068
v 34.482153 47.669768 139.464940
v 33.172570 33.629697 140.856628
v 65.695087 84.802783 150.265557
v 66.966773 83.586556 150.939532
v 66.028267 87.093842 151.571739
v 47.331634 28.565977 118.984919
v 47.394013 23.560542 115.581578
v 44.226157 29.382098 115.956862
v 68.493092 5.916554 153.546900
v 70.124275 2.580732 155.951968
v 70.071026 2.235097 152.051034
v 23.165550 74.127757 130.386354
v 24.200527 74.334502 130.893666
v 27.686631 72.666484 130.130313
v 49.821282 41.516277 149.784936
v 48.125240 43.136954 156.589313
v 51.640712 30.913517 156.835960
v 64.134671 91.759038 149.399997
v 60.011750 90.025252 151.306583
v 60.860824 85.998267 148.908255
v 31.597523 21.450024 141.319999
v 32.568042 13.718733 138.407189
v 32.698868 10.103347 140.335871
v 52.706068 2.057987 157.040631
v 51.409260 6.079605 154.424092
v 48.227187 3.009128 158.338990
v 65.447861 65.476811 148.590879
v 68.913849 48.278305 151.452615
v 67.562213 53.938193 148.897536
v 66.217889 84.129131 149.668372
v 66.966773 83.586556 150.939532
v 66.770308 84.277618 148.962806
v 66.966773 83.586556 150.939532
v 66.322382 84.892345 149.390637
v 66.770308 84.277618 148.962806
v 66.109410 84.543771 149.638526
v 67.804260 80.839694 148.675518
v 66.217889 84.129131 149.668372
v 71.001039 76.438112 135.833711
v 72.042042 77.372444 139.401619
v 72.467129 78.511513 134.892446
v 54.154138 43.076831 132.930329
v 54.080843 43.539453 137.046294
v 52.785700 30.444500 133.826452
v 65.695087 84.802783 150.265557
v 66.322382 84.892345 149.390637
v 66.966773 83.586556 150.939532
v 71.001039 76.438112 135.833711
v 73.028157 74.675001 136.012869
v 72.042042 77.372444 139.401619
v 60.860824 85.998267 148.908255
v 60.894127 85.436762 148.756471
v 60.491060 84.650636 148.984279
v 50.197973 64.310563 138.473361
v 51.305443 67.858303 139.616822
v 47.585605 60.560542 139.045837
v 51.841150 74.897051 153.195660
v 54.415475 73.339069 153.467360
v 53.764273 75.528496 150.409234
v 50.559738 18.693900 128.150647
v 53.043645 23.149500 129.536002
v 49.198757 3.110195 123.931872
v 67.255239 45.376546 143.794561
v 69.807465 45.233289 139.350498
v 68.562582 45.538948 143.030015
v 43.569066 5.252833 118.082260
v 45.654229 12.698713 114.882741
v 44.980761 5.867452 115.165250
v 44.756801 4.592926 120.010682
v 43.569066 5.252833 118.082260
v 40.576897 2.720380 118.170367
v 43.759036 0.958795 119.581166
v 40.576897 2.720380 118.170367
v 40.070152 1.641542 117.014241
v 40.576897 2.720380 118.170367
v 43.569066 5.252833 118.082260
v 44.081535 3.859312 115.611036
v 44.113935 9.897763 119.167942
v 43.569066 5.252833 118.082260
v 44.756801 4.592926 120.010682
v 56.729004 86.813665 133.681258
v 57.373164 85.824967 133.798523
v 57.208374 84.733570 132.793349
v 49.033764 5.135170 116.167274
v 44.081535 3.859312 115.611036
v 44.980761 5.867452 115.165250
v 46.836105 4.460138 125.145415
v 49.198757 3.110195 123.931872
v 48.231376 1.251936 125.506607
v 42.216568 69.562697 136.444121
v 41.023969 65.723938 136.802989
v 44.323477 73.355186 140.518021
v 48.264619 78.413737 146.794613
v 47.953947 79.206288 149.992019
v 48.219560 74.861782 153.145865
v 49.685680 68.022769 162.858240
v 52.217509 68.670123 161.908807
v 50.582999 72.254562 155.932238
v 62.765566 43.137220 141.768595
v 60.911650 42.211938 146.034833
v 60.332507 44.558528 142.966773
v 39.823841 30.489919 117.162965
v 42.499363 20.937133 118.816044
v 38.684502 29.446262 118.862225
v 60.860824 85.998267 148.908255
v 60.491060 84.650636 148.984279
v 59.509525 85.686344 149.100520
v 34.737839 19.167792 136.880546
v 37.875416 15.352422 136.392343
v 35.417535 7.735234 137.740018
v 33.637719 6.068163 143.820563
v 33.676895 6.161400 138.420538
v 33.012020 4.146104 140.767731
v 70.103455 46.782971 147.020945
v 67.562213 53.938193 148.897536
v 69.479426 44.368873 147.430502
v 52.288758 3.812033 147.439238
v 50.606058 7.495773 147.774203
v 52.288047 9.769115 150.431272
v 38.875982 1.466185 126.001198
v 39.007725 2.428597 127.661657
v 43.000789 4.371309 127.118558
v 54.303173 2.779854 128.069739
v 53.239189 2.277172 130.157580
v 51.099491 0.777042 127.702457
v 53.481885 5.242485 126.297774
v 54.303173 2.779854 128.069739
v 53.706590 2.128530 125.347571
v 56.882049 46.632243 130.927211
v 49.626974 40.403039 127.602951
v 53.513109 41.884086 125.391171
v 49.565035 17.896444 135.231657
v 53.239189 2.277172 130.157580
v 53.589675 20.324862 134.128993
v 68.867211 46.916849 133.270068
v 69.686509 50.074519 132.956291
v 69.815465 47.213275 136.231134
v 68.961581 84.901452 151.278082
v 71.743584 85.368324 147.838638
v 68.464376 85.132385 149.076942
v 54.456704 80.731511 136.678678
v 51.824376 80.944216 137.135880
v 54.284613 79.299581 138.471451
v 33.217286 71.305704 127.814511
v 33.306749 70.722890 127.532212
v 35.153534 71.467179 126.990797
v 49.347457 6.574566 121.708940
v 47.075538 8.501724 121.469465
v 48.475559 2.187628 120.480399
v 57.000693 88.275803 134.612386
v 56.831866 86.389292 134.129545
v 57.373164 85.824967 133.798523
v 47.004113 9.066853 127.297326
v 46.836105 4.460138 125.145415
v 43.000789 4.371309 127.118558
v 40.745381 38.845706 145.253282
v 40.015752 40.879309 152.661641
v 38.554448 38.616603 148.291053
v 45.810048 80.121445 153.820153
v 45.539708 79.329121 150.994225
v 47.154608 81.336569 149.720173
v 42.753180 80.070137 154.861513
v 43.440378 87.009060 156.556793
v 40.576679 83.109116 153.487572
v 51.764248 19.621491 157.014114
v 49.601159 17.412015 157.676533
v 50.851915 10.842284 155.158768
v 50.566525 93.895793 136.397942
v 47.627937 96.301663 132.966314
v 42.522980 91.559249 133.922032
v 56.192759 43.795374 149.153951
v 55.759681 53.164881 148.529579
v 55.040495 44.917443 147.060447
v 43.440378 87.009060 156.556793
v 42.240290 89.539861 156.406383
v 40.576679 83.109116 153.487572
v 44.855444 80.651456 142.534522
v 44.562929 82.081520 142.301255
v 47.515694 82.211602 142.629836
v 52.821124 4.539347 118.267523
v 54.071830 2.860857 120.533344
v 50.783950 1.739014 118.809492
v 42.054571 68.903852 121.135001
v 51.765703 78.469307 120.543735
v 46.945015 70.144356 118.207542
v 33.012020 4.146104 140.767731
v 33.676895 6.161400 138.420538
v 32.822560 1.134657 140.328277
v 56.084010 92.023706 151.169697
v 55.987366 96.594965 147.816024
v 54.370074 92.975855 147.623997
v 40.610638 76.344728 151.414029
v 37.548021 76.754981 150.267287
v 39.664341 72.816139 151.898135
v 43.122249 64.624899 154.325954
v 43.636757 56.389504 154.270928
v 45.005185 56.149905 155.867528
v 36.021725 75.846379 151.448565
v 34.110599 77.582287 152.859319
v 34.778063 75.756054 157.977443
v 32.968974 70.548111 127.445801
v 33.367130 70.383560 127.391546
v 32.489735 70.965075 127.902422
v 52.706068 2.057987 157.040631
v 51.416735 -0.000000 160.506721
v 52.745485 1.331073 149.377126
v 63.093971 3.703845 153.631580
v 60.374497 4.035550 155.695049
v 61.728965 11.996743 153.667910
v 39.449030 10.961029 142.104967
v 39.537615 12.462929 137.653561
v 39.461593 24.396038 141.339148
v 68.464376 85.132385 149.076942
v 66.770308 84.277618 148.962806
v 66.322382 84.892345 149.390637
v 52.875673 65.702998 155.749595
v 55.177093 71.748447 152.197525
v 52.384104 65.296631 166.697485
v 31.445260 71.287149 134.145822
v 33.040211 75.215065 133.435349
v 30.488182 75.713491 133.659866
v 51.640712 30.913517 156.835960
v 51.764248 19.621491 157.014114
v 52.704450 20.731100 153.262630
v 29.908361 78.352022 130.359702
v 26.636987 79.311066 130.526084
v 30.981533 78.683352 129.667441
v 53.300956 54.208934 137.814704
v 51.886527 50.000435 139.398717
v 54.207524 51.318902 140.635940
v 55.491756 82.425058 141.501400
v 56.694163 83.448130 143.203314
v 59.245429 83.520520 141.869986
v 56.224007 61.967725 126.072444
v 57.151667 72.598065 123.619235
v 58.050059 73.826373 127.685268
v 60.860824 85.998267 148.908255
v 62.559648 82.433945 146.377041
v 64.134671 91.759038 149.399997
v 44.855101 74.209272 183.861738
v 44.015869 74.799590 181.371237
v 45.974071 75.590752 182.813249
v 45.882814 54.330820 121.055473
v 52.706116 55.004216 119.257456
v 47.251278 49.746162 117.881804
v 44.523192 54.665625 138.799411
v 41.234123 58.657551 138.724018
v 46.850848 54.152888 141.044402
v 50.590752 68.204748 167.028130
v 49.685680 68.022769 162.858240
v 48.201409 67.442089 166.851238
v 52.706116 55.004216 119.257456
v 55.768243 49.040396 120.182050
v 49.964630 44.696138 117.128156
v 49.640374 56.494945 147.323095
v 51.466577 47.122896 149.167436
v 49.500673 54.755914 144.755271
v 53.559813 0.908477 122.773441
v 50.783950 1.739014 118.809492
v 54.071830 2.860857 120.533344
v 65.916839 22.284675 156.001721
v 63.443669 33.032641 152.529780
v 61.742453 21.519077 154.901777
v 47.301135 46.743855 143.553916
v 47.785412 48.976856 140.475250
v 46.850848 54.152888 141.044402
v 56.263619 61.176062 132.174780
v 57.907234 54.003507 132.095582
v 57.663781 56.827582 124.892604
v 70.071026 2.235097 152.051034
v 71.533193 0.097788 153.365933
v 66.890318 1.216817 152.256993
v 28.305613 1.507049 146.523158
v 32.822560 1.134657 140.328277
v 29.283097 0.205355 146.962649
v 34.078588 79.442733 148.813039
v 34.110599 77.582287 152.859319
v 37.548021 76.754981 150.267287
v 45.059796 44.662505 138.558996
v 43.633608 46.861073 137.182114
v 45.982049 27.196115 133.095824
v 72.725309 80.457551 146.311937
v 74.279754 79.847170 141.746060
v 73.023410 82.728738 145.541087
v 55.344219 94.679952 144.604635
v 57.294719 91.845310 141.787917
v 55.968474 87.258375 146.424948
v 51.099491 0.777042 127.702457
v 53.706590 2.128530 125.347571
v 54.303173 2.779854 128.069739
v 42.522980 91.559249 133.922032
v 42.820343 93.296647 130.830100
v 43.208516 91.154587 127.958356
v 65.811386 91.726292 144.746424
v 64.010187 95.416773 141.555266
v 63.081217 96.789044 147.914903
v 74.121397 80.909682 149.542364
v 72.762245 85.246820 149.150166
v 71.274003 82.625688 152.250547
v 30.157771 52.246689 143.160068
v 30.796403 50.959813 150.127498
v 31.826332 59.999036 148.894196
v 72.070543 77.673197 151.673990
v 71.182622 69.102389 156.024892
v 74.019594 73.010052 152.562127
v 71.789225 2.158153 153.843207
v 70.071026 2.235097 152.051034
v 70.124275 2.580732 155.951968
v 39.954926 38.142293 144.380359
v 40.745381 38.845706 145.253282
v 38.554448 38.616603 148.291053
v 44.275396 54.966473 137.154336
v 45.403929 59.021181 138.256729
v 42.841372 60.077655 135.311580
v 41.918802 75.904166 150.001423
v 45.807721 75.938451 150.376437
v 47.953947 79.206288 149.992019
v 40.172701 68.794966 121.633845
v 42.054571 68.903852 121.135001
v 39.317353 68.218720 120.991546
v 47.089428 88.525129 127.020386
v 44.457302 83.225822 131.477921
v 43.692310 85.432827 132.273519
v 31.445260 71.287149 134.145822
v 29.282300 71.962571 132.497225
v 31.547183 69.953954 132.326433
v 49.940430 86.122763 138.431410
v 55.923400 86.427904 135.338818
v 57.000693 88.275803 134.612386
v 64.564026 45.716119 154.332083
v 61.988428 49.702102 154.112519
v 61.806846 45.199823 154.472729
v 55.977116 68.497169 137.121148
v 54.823652 68.410546 139.079091
v 50.197973 64.310563 138.473361
v 38.417230 72.577940 179.595244
v 41.332360 71.466498 174.932811
v 42.816485 69.480370 173.996320
v 31.706469 3.569584 146.000280
v 28.994104 1.257222 151.390861
v 35.643062 4.174548 145.528477
v 68.464376 85.132385 149.076942
v 70.111598 83.111680 146.048970
v 66.770308 84.277618 148.962806
v 62.765566 43.137220 141.768595
v 64.984117 43.643779 140.370350
v 65.691286 42.716834 144.276430
v 56.224007 61.967725 126.072444
v 57.663781 56.827582 124.892604
v 56.381608 59.093935 122.406972
v 42.523400 72.882563 141.195673
v 37.202885 66.221779 140.384087
v 37.385560 75.482761 140.947486
v 57.525357 87.630976 132.409271
v 57.688998 84.411175 131.656991
v 57.511484 84.130347 131.851936
v 54.456704 80.731511 136.678678
v 56.382726 76.088834 136.096336
v 57.197263 82.421709 132.886638
v 44.504972 75.429599 178.009331
v 41.587149 76.198183 176.482061
v 43.526925 76.220207 179.424541
v 39.823841 30.489919 117.162965
v 44.504754 39.075959 116.884415
v 44.226157 29.382098 115.956862
v 68.530951 68.259895 144.672657
v 68.056870 73.049820 147.265920
v 66.818487 71.065486 150.812955
v 65.916839 22.284675 156.001721
v 61.742453 21.519077 154.901777
v 62.391381 8.075815 157.783796
v 62.287354 31.414730 150.354216
v 60.911650 42.211938 146.034833
v 62.703236 32.890070 147.896872
v 59.304612 18.590651 128.229556
v 57.407909 10.518715 125.354601
v 57.107065 11.515046 123.723991
v 38.776819 66.745686 137.699452
v 37.472274 64.563673 139.418677
v 41.442617 67.283153 139.799639
v 57.525357 87.630976 132.409271
v 57.511484 84.130347 131.851936
v 57.208374 84.733570 132.793349
v 60.491060 84.650636 148.984279
v 62.559648 82.433945 146.377041
v 59.509525 85.686344 149.100520
v 49.482270 78.973329 125.430568
v 51.765703 78.469307 120.543735
v 48.652171 77.044696 122.316037
v 44.031651 81.285381 142.853783
v 43.935570 81.219387 143.342994
v 43.421092 81.799388 143.000070
v 74.961124 85.059405 147.309806
v 72.997562 89.064289 147.403848
v 75.523596 88.063277 147.120932
v 32.918934 71.439522 127.980767
v 33.363656 70.529234 126.851411
v 32.489735 70.965075 127.902422
v 35.254273 72.549813 150.664980
v 39.664341 72.816139 151.898135
v 36.021725 75.846379 151.448565
v 53.706590 2.128530 125.347571
v 55.343953 5.620632 125.935732
v 53.481885 5.242485 126.297774
v 50.559738 18.693900 128.150647
v 47.004113 9.066853 127.297326
v 47.868092 21.742901 130.036783
v 63.483076 84.821165 144.650583
v 62.559648 82.433945 146.377041
v 61.357815 83.007205 143.051538
v 66.062678 42.674846 153.223172
v 69.429776 32.785947 151.544983
v 68.913849 48.278305 151.452615
v 43.291610 46.536937 131.958589
v 47.868092 21.742901 130.036783
v 45.982049 27.196115 133.095824
v 44.081535 3.859312 115.611036
v 46.115075 2.279604 114.692473
v 40.992845 3.097266 115.299200
v 51.409260 6.079605 154.424092
v 50.851915 10.842284 155.158768
v 49.473156 6.530374 154.491138
v 68.493092 5.916554 153.546900
v 66.487539 13.777802 151.724603
v 67.882611 13.344357 153.838346
v 29.282300 71.962571 132.497225
v 29.908361 78.352022 130.359702
v 29.632861 72.760766 128.686250
v 47.444671 26.410055 152.218126
v 51.317058 27.229297 153.311828
v 51.912265 13.652345 148.836368
v 64.323781 79.953617 138.554016
v 68.056870 73.049820 147.265920
v 67.141608 72.128857 138.261060
v 51.922684 75.794327 141.428998
v 54.284613 79.299581 138.471451
v 48.174845 76.430452 142.408243
v 41.234123 58.657551 138.724018
v 44.448569 58.950972 140.935044
v 46.850848 54.152888 141.044402
v 47.083474 83.280361 133.955461
v 44.457302 83.225822 131.477921
v 48.261365 80.668235 130.961873
v 34.797732 73.590117 152.058127
v 34.155456 72.309189 161.144053
v 31.688097 72.804152 149.625645
v 61.357815 83.007205 143.051538
v 62.559648 82.433945 146.377041
v 63.108186 79.888827 146.641053
v 33.835990 69.456935 132.055349
v 35.438105 70.354426 133.948890
v 41.023969 65.723938 136.802989
v 67.057699 77.016217 137.018078
v 66.669234 75.457419 136.158541
v 71.001039 76.438112 135.833711
v 41.023969 65.723938 136.802989
v 35.438105 70.354426 133.948890
v 38.776819 66.745686 137.699452
v 33.835990 69.456935 132.055349
v 41.023969 65.723938 136.802989
v 42.461188 61.242246 136.434846
v 34.737839 19.167792 136.880546
v 35.417535 7.735234 137.740018
v 32.568042 13.718733 138.407189
v 45.807721 75.938451 150.376437
v 39.664341 72.816139 151.898135
v 48.219560 74.861782 153.145865
v 57.519702 1.157243 120.988096
v 53.559813 0.908477 122.773441
v 54.071830 2.860857 120.533344
v 31.547183 69.953954 132.326433
v 34.506611 64.878660 135.596478
v 31.445260 71.287149 134.145822
v 53.302378 76.478654 142.914556
v 53.764273 75.528496 150.409234
v 55.224453 80.704856 149.978177
v 32.461786 76.544517 144.504421
v 37.385560 75.482761 140.947486
v 33.847053 65.999293 142.477150
v 39.141845 47.397500 138.521138
v 39.440411 45.468545 140.581131
v 34.482153 47.669768 139.464940
v 36.989636 75.111674 174.407017
v 40.559678 77.061115 179.122509
v 41.587149 76.198183 176.482061
v 48.264619 78.413737 146.794613
v 51.841150 74.897051 153.195660
v 51.185384 76.279235 146.428579
v 47.627937 96.301663 132.966314
v 42.820343 93.296647 130.830100
v 42.522980 91.559249 133.922032
v 45.197625 78.820675 143.633285
v 44.855444 80.651456 142.534522
v 47.445276 80.270731 145.172952
v 56.224007 61.967725 126.072444
v 54.927779 71.309061 121.764955
v 57.151667 72.598065 123.619235
v 44.275396 54.966473 137.154336
v 47.108734 54.260904 139.025039
v 45.403929 59.021181 138.256729
v 50.606058 7.495773 147.774203
v 49.780214 2.123672 145.876194
v 48.436795 7.666206 147.246144
v 60.911650 42.211938 146.034833
v 60.231311 43.968150 149.478080
v 60.332507 44.558528 142.966773
v 55.545172 63.130105 124.309364
v 56.224007 61.967725 126.072444
v 56.381608 59.093935 122.406972
v 44.842106 89.045077 156.989397
v 43.440378 87.009060 156.556793
v 45.810048 80.121445 153.820153
v 34.603408 71.230781 130.889953
v 35.438105 70.354426 133.948890
v 33.835990 69.456935 132.055349
v 42.820343 93.296647 130.830100
v 47.136147 95.409739 129.246915
v 43.208516 91.154587 127.958356
v 46.945015 70.144356 118.207542
v 48.313139 67.173625 119.406816
v 40.809961 64.005739 119.793976
v 57.984969 89.602495 130.098778
v 57.005781 89.162207 131.670335
v 56.594732 91.452730 131.652382
v 63.222751 32.069773 147.391100
v 63.226513 32.033301 147.467944
v 63.020942 28.840867 148.444511
v 39.537615 12.462929 137.653561
v 39.567286 6.114664 138.300160
v 37.875416 15.352422 136.392343
v 50.851915 10.842284 155.158768
v 47.483744 13.103127 155.605366
v 48.326938 8.979666 153.768923
v 64.873340 88.926161 140.591115
v 63.961219 91.615093 141.742414
v 65.811386 91.726292 144.746424
v 47.251278 49.746162 117.881804
v 52.706116 55.004216 119.257456
v 49.964630 44.696138 117.128156
v 45.179877 0.999141 125.055316
v 45.937150 2.032918 124.613616
v 48.231376 1.251936 125.506607
v 33.367130 70.383560 127.391546
v 33.592846 71.370250 128.214996
v 35.153534 71.467179 126.990797
v 53.302378 76.478654 142.914556
v 51.922684 75.794327 141.428998
v 51.185384 76.279235 146.428579
v 51.132259 10.762376 123.080736
v 53.043645 23.149500 129.536002
v 55.960566 24.016691 124.866649
v 42.423670 39.363568 155.161478
v 47.118336 24.115133 159.859824
v 43.782447 42.423984 156.337817
v 52.821124 4.539347 118.267523
v 50.210929 7.134581 114.964055
v 53.504783 6.911720 120.134813
v 34.110599 77.582287 152.859319
v 34.078588 79.442733 148.813039
v 32.728618 76.744627 156.325818
v 70.686498 49.651841 138.136154
v 69.489026 54.707122 144.047991
v 69.807465 45.233289 139.350498
v 63.081217 96.789044 147.914903
v 64.134671 91.759038 149.399997
v 65.811386 91.726292 144.746424
v 50.412908 0.968355 121.857642
v 48.231376 1.251936 125.506607
v 49.198757 3.110195 123.931872
v 56.062199 69.801307 148.496990
v 55.177093 71.748447 152.197525
v 53.462046 68.655741 141.631331
v 47.585605 60.560542 139.045837
v 45.403929 59.021181 138.256729
v 47.108734 54.260904 139.025039
v 48.666939 81.583005 135.483486
v 48.174845 76.430452 142.408243
v 51.824376 80.944216 137.135880
v 42.647882 40.071505 144.637561
v 42.014304 35.826897 148.203551
v 40.745381 38.845706 145.253282
v 39.664341 72.816139 151.898135
v 48.729783 69.744461 154.906436
v 48.219560 74.861782 153.145865
v 54.207524 51.318902 140.635940
v 55.759681 53.164881 148.529579
v 56.428436 58.660877 142.040787
v 44.924979 46.724466 126.248553
v 46.630635 44.043419 128.799170
v 43.291610 46.536937 131.958589
v 44.924979 46.724466 126.248553
v 44.715880 49.288598 123.092821
v 39.488389 34.956995 120.357862
v 39.954926 38.142293 144.380359
v 38.520323 40.750378 141.815615
v 40.745381 38.845706 145.253282
v 59.525595 71.436304 152.502439
v 56.193673 72.391397 151.661117
v 60.096229 64.726985 148.830691
v 67.015622 47.265504 131.299660
v 69.686509 50.074519 132.956291
v 68.867211 46.916849 133.270068
v 57.000693 88.275803 134.612386
v 56.729004 86.813665 133.681258
v 56.831866 86.389292 134.129545
v 59.239197 96.518993 150.894456
v 60.011750 90.025252 151.306583
v 64.134671 91.759038 149.399997
v 44.756801 4.592926 120.010682
v 40.576897 2.720380 118.170367
v 43.759036 0.958795 119.581166
v 57.248070 2.548040 126.058856
v 55.343953 5.620632 125.935732
v 53.706590 2.128530 125.347571
v 56.953066 45.087937 142.595841
v 55.562664 45.445490 141.736625
v 56.819749 44.511405 136.871336
v 26.865857 80.547690 131.324100
v 30.799707 78.306758 131.189146
v 29.276782 80.819684 130.784587
v 62.703236 32.890070 147.896872
v 63.165450 31.546080 147.219348
v 63.008270 31.606251 147.693260
v 46.974485 1.173335 158.050101
v 48.637499 0.007516 162.834824
v 47.936389 1.840185 162.413924
v 67.882611 13.344357 153.838346
v 66.487539 13.777802 151.724603
v 69.690422 30.662534 149.126822
v 57.208374 84.733570 132.793349
v 57.846103 83.798439 132.886408
v 57.525357 87.630976 132.409271
v 60.894127 85.436762 148.756471
v 59.509525 85.686344 149.100520
v 62.559648 82.433945 146.377041
v 52.785700 30.444500 133.826452
v 54.184046 21.242589 131.390256
v 53.043645 23.149500 129.536002
v 41.023969 65.723938 136.802989
v 41.442617 67.283153 139.799639
v 44.323477 73.355186 140.518021
v 54.284613 79.299581 138.471451
v 56.382726 76.088834 136.096336
v 54.456704 80.731511 136.678678
v 43.367354 80.284601 143.752944
v 44.031651 81.285381 142.853783
v 43.421092 81.799388 143.000070
v 51.765703 78.469307 120.543735
v 54.889699 80.389196 125.949376
v 55.572271 77.697021 122.304621
v 42.753180 80.070137 154.861513
v 45.810048 80.121445 153.820153
v 43.440378 87.009060 156.556793
v 57.025675 84.644890 147.426760
v 57.487893 86.067951 144.208759
v 56.694163 83.448130 143.203314
v 50.452573 64.504802 162.473042
v 51.021025 66.952484 155.730911
v 52.875673 65.702998 155.749595
v 59.245429 83.520520 141.869986
v 60.135500 84.872550 142.838247
v 61.357815 83.007205 143.051538
v 53.271704 94.435895 129.665819
v 50.897558 89.952767 126.447989
v 47.136147 95.409739 129.246915
v 53.513109 41.884086 125.391171
v 47.785456 32.653702 120.825394
v 57.949248 47.696403 125.302913
v 41.206120 74.095582 175.286905
v 41.332360 71.466498 174.932811
v 39.632646 72.544109 175.092416
v 52.875673 65.702998 155.749595
v 51.021025 66.952484 155.730911
v 52.305525 65.938979 149.890375
v 44.562929 82.081520 142.301255
v 43.421092 81.799388 143.000070
v 41.468077 84.448230 142.101392
v 26.636987 79.311066 130.526084
v 29.276782 80.819684 130.784587
v 30.981533 78.683352 129.667441
v 37.548021 76.754981 150.267287
v 36.021725 75.846379 151.448565
v 39.664341 72.816139 151.898135
v 43.526925 76.220207 179.424541
v 40.559678 77.061115 179.122509
v 44.015869 74.799590 181.371237
v 50.783950 1.739014 118.809492
v 48.475559 2.187628 120.480399
v 43.759036 0.958795 119.581166
v 54.071830 2.860857 120.533344
v 55.301644 7.940543 121.705872
v 60.540286 2.631170 121.970448
v 68.069919 0.520522 156.580461
v 71.533193 0.097788 153.365933
v 70.124275 2.580732 155.951968
v 47.266558 83.758682 145.146918
v 46.803888 89.262861 145.511976
v 49.214415 87.237870 148.883241
v 55.960566 24.016691 124.866649
v 53.043645 23.149500 129.536002
v 58.122325 32.816715 128.766783
v 59.894726 0.738514 124.061000
v 60.540286 2.631170 121.970448
v 60.523700 2.608682 124.885418
v 45.807721 75.938451 150.376437
v 48.219560 74.861782 153.145865
v 47.383851 76.215732 153.032352
v 55.562664 45.445490 141.736625
v 55.040495 44.917443 147.060447
v 54.207524 51.318902 140.635940
v 57.000693 88.275803 134.612386
v 55.923400 86.427904 135.338818
v 56.729004 86.813665 133.681258
v 47.062365 34.763107 124.607265
v 40.619116 30.303875 122.771428
v 43.443738 22.267416 121.775385
v 52.706879 4.033708 152.613169
v 52.745485 1.331073 149.377126
v 52.288758 3.812033 147.439238
v 52.785700 30.444500 133.826452
v 53.589675 20.324862 134.128993
v 54.184046 21.242589 131.390256
v 53.589675 20.324862 134.128993
v 49.287155 27.856758 135.801314
v 49.565035 17.896444 135.231657
v 57.005781 89.162207 131.670335
v 57.089664 84.941221 131.714216
v 57.515276 83.105517 129.688925
v 64.134671 91.759038 149.399997
v 63.483076 84.821165 144.650583
v 65.431147 87.012482 143.583264
v 42.522980 91.559249 133.922032
v 43.208516 91.154587 127.958356
v 43.703648 88.820916 131.887959
v 46.210854 23.359996 151.813397
v 47.444671 26.410055 152.218126
v 48.436795 7.666206 147.246144
v 60.540286 2.631170 121.970448
v 55.301644 7.940543 121.705872
v 58.757363 4.403407 122.894359
v 36.989636 75.111674 174.407017
v 35.118233 76.666878 165.416674
v 32.281257 75.815420 163.408578
v 50.566525 93.895793 136.397942
v 57.000693 88.275803 134.612386
v 52.846274 95.278049 134.250668
v 42.647882 40.071505 144.637561
v 40.745381 38.845706 145.253282
v 38.520323 40.750378 141.815615
v 26.636987 79.311066 130.526084
v 26.865857 80.547690 131.324100
v 29.276782 80.819684 130.784587
v 50.351006 43.548006 139.933942
v 54.080843 43.539453 137.046294
v 53.111684 45.803204 139.100880
v 44.855101 74.209272 183.861738
v 45.974071 75.590752 182.813249
v 44.521947 75.081860 185.307391
v 67.347148 6.717533 156.532935
v 70.124275 2.580732 155.951968
v 68.493092 5.916554 153.546900
v 49.821282 41.516277 149.784936
v 49.001759 29.602009 152.570644
v 42.647882 40.071505 144.637561
v 38.684502 29.446262 118.862225
v 39.488389 34.956995 120.357862
v 39.823841 30.489919 117.162965
v 41.969891 58.188808 125.064537
v 41.546528 52.553815 128.384041
v 40.534405 59.381568 131.801527
v 34.778063 75.756054 157.977443
v 34.797732 73.590117 152.058127
v 36.021725 75.846379 151.448565
v 35.576865 40.893995 140.087376
v 33.172570 33.629697 140.856628
v 34.482153 47.669768 139.464940
v 60.248652 44.746545 152.089565
v 61.806846 45.199823 154.472729
v 61.988428 49.702102 154.112519
v 66.890318 1.216817 152.256993
v 66.118252 6.237361 152.403216
v 70.071026 2.235097 152.051034
v 33.637719 6.068163 143.820563
v 35.643062 4.174548 145.528477
v 36.949460 8.964431 142.931102
v 32.951116 71.460014 145.991736
v 35.254273 72.549813 150.664980
v 34.797732 73.590117 152.058127
v 38.520323 40.750378 141.815615
v 35.576865 40.893995 140.087376
v 39.440411 45.468545 140.581131
v 38.363387 61.024207 139.099959
v 41.234123 58.657551 138.724018
v 40.127640 58.055848 138.804460
v 49.821282 41.516277 149.784936
v 50.482455 48.252716 154.609401
v 48.125240 43.136954 156.589313
v 68.867211 46.916849 133.270068
v 64.984117 43.643779 140.370350
v 66.108050 41.186190 131.685516
v 37.865345 2.922219 136.296941
v 40.306898 1.943290 139.361403
v 38.658584 0.246519 138.974961
v 38.737922 44.240638 153.825759
v 42.423670 39.363568 155.161478
v 43.782447 42.423984 156.337817
v 40.070152 1.641542 117.014241
v 41.788163 1.048780 115.246903
v 43.759036 0.958795 119.581166
v 47.301135 46.743855 143.553916
v 39.440411 45.468545 140.581131
v 39.141845 47.397500 138.521138
v 47.367731 2.309245 148.131474
v 50.342191 0.033927 147.359914
v 46.974485 1.173335 158.050101
v 53.545615 6.852045 152.034649
v 50.851915 10.842284 155.158768
v 51.409260 6.079605 154.424092
v 30.974421 70.377570 129.636929
v 33.181554 69.406795 129.632374
v 31.547183 69.953954 132.326433
v 70.956442 79.408384 144.893280
v 70.111598 83.111680 146.048970
v 72.687914 80.612040 141.800922
v 44.015869 74.799590 181.371237
v 44.927238 70.769595 175.540580
v 44.504972 75.429599 178.009331
v 57.396972 78.996229 154.363050
v 53.764273 75.528496 150.409234
v 57.123143 75.523233 154.123743
v 67.151863 58.937765 136.101778
v 70.686498 49.651841 138.136154
v 68.359614 46.459270 137.705546
v 45.882814 54.330820 121.055473
v 47.251278 49.746162 117.881804
v 44.715880 49.288598 123.092821
v 64.706720 69.072807 150.647682
v 65.447861 65.476811 148.590879
v 66.877011 67.291713 147.595778
v 31.706469 3.569584 146.000280
v 33.637719 6.068163 143.820563
v 33.012020 4.146104 140.767731
v 70.699394 78.724677 150.441448
v 71.025435 79.342104 148.269208
v 70.984091 71.276010 150.655640
v 57.364550 83.128286 131.626650
v 57.515276 83.105517 129.688925
v 57.688998 84.411175 131.656991
v 30.126624 40.379714 144.398159
v 30.157771 52.246689 143.160068
v 33.172570 33.629697 140.856628
v 60.911650 42.211938 146.034833
v 62.765566 43.137220 141.768595
v 63.687748 40.674538 144.992163
v 39.565939 68.626630 122.364066
v 39.390207 67.615104 120.391947
v 40.172701 68.794966 121.633845
v 63.185904 85.387207 141.602257
v 61.236546 89.189768 140.064024
v 64.873340 88.926161 140.591115
v 66.966773 83.586556 150.939532
v 66.217889 84.129131 149.668372
v 67.804260 80.839694 148.675518
v 33.847053 65.999293 142.477150
v 39.774283 51.229745 135.873129
v 36.018014 51.123440 137.353921
v 64.456948 33.348740 134.064744
v 59.304612 18.590651 128.229556
v 64.444156 32.517991 130.133540
v 33.637719 6.068163 143.820563
v 34.565561 10.171103 142.275058
v 32.698868 10.103347 140.335871
v 59.682315 81.578589 135.014722
v 55.491756 82.425058 141.501400
v 59.969120 82.627655 136.569795
v 34.603408 71.230781 130.889953
v 36.776894 69.954800 127.280253
v 34.544509 73.735052 131.921689
v 50.897558 89.952767 126.447989
v 50.380082 81.112576 125.494537
v 47.089428 88.525129 127.020386
v 47.868092 21.742901 130.036783
v 48.636771 38.526255 128.601498
v 50.559738 18.693900 128.150647
v 63.226513 32.033301 147.467944
v 62.703236 32.890070 147.896872
v 63.687748 40.674538 144.992163
v 61.196213 2.191377 157.524780
v 62.344993 0.108111 155.740994
v 64.987209 0.757802 155.432176
v 57.025675 84.644890 147.426760
v 58.759509 83.031750 149.974839
v 59.509525 85.686344 149.100520
v 57.479796 46.074021 144.653831
v 60.332507 44.558528 142.966773
v 60.231311 43.968150 149.478080
v 45.647729 27.694738 122.249164
v 43.443738 22.267416 121.775385
v 47.075538 8.501724 121.469465
v 67.882611 13.344357 153.838346
v 67.347148 6.717533 156.532935
v 68.493092 5.916554 153.546900
v 54.415475 73.339069 153.467360
v 55.177093 71.748447 152.197525
v 56.193673 72.391397 151.661117
v 47.154608 81.336569 149.720173
v 47.445276 80.270731 145.172952
v 47.266558 83.758682 145.146918
v 23.582947 73.382204 130.859145
v 24.098259 73.001414 130.297585
v 24.200527 74.334502 130.893666
v 61.806846 45.199823 154.472729
v 60.248652 44.746545 152.089565
v 61.365000 42.591477 151.714083
v 56.729004 86.813665 133.681258
v 57.525357 87.630976 132.409271
v 57.373164 85.824967 133.798523
v 57.672389 84.184909 131.672205
v 57.530694 82.869536 132.450124
v 57.511484 84.130347 131.851936
v 40.172701 68.794966 121.633845
v 32.918934 71.439522 127.980767
v 35.153534 71.467179 126.990797
v 59.736292 97.024262 141.821012
v 61.513764 98.536676 144.655927
v 64.010187 95.416773 141.555266
v 43.367354 80.284601 143.752944
v 39.739402 79.718601 144.648168
v 41.505925 81.307858 144.562420
v 61.955841 76.335049 155.850794
v 57.396972 78.996229 154.363050
v 57.123143 75.523233 154.123743
v 55.759681 53.164881 148.529579
v 60.096229 64.726985 148.830691
v 57.685312 63.781375 146.717902
v 44.842106 89.045077 156.989397
v 42.240290 89.539861 156.406383
v 43.440378 87.009060 156.556793
v 30.981533 78.683352 129.667441
v 29.276782 80.819684 130.784587
v 30.799707 78.306758 131.189146
v 44.927238 70.769595 175.540580
v 52.384104 65.296631 166.697485
v 50.590752 68.204748 167.028130
v 71.533193 0.097788 153.365933
v 70.071026 2.235097 152.051034
v 71.789225 2.158153 153.843207
v 32.489735 70.965075 127.902422
v 33.289261 69.620806 126.943844
v 30.974421 70.377570 129.636929
v 71.743584 85.368324 147.838638
v 73.023410 82.728738 145.541087
v 70.111598 83.111680 146.048970
v 38.363387 61.024207 139.099959
v 37.810322 62.941903 134.912375
v 41.234123 58.657551 138.724018
v 40.576897 2.720380 118.170367
v 40.992845 3.097266 115.299200
v 40.070152 1.641542 117.014241
v 54.154138 43.076831 132.930329
v 55.668797 44.236401 134.335706
v 54.080843 43.539453 137.046294
v 64.873340 88.926161 140.591115
v 61.236546 89.189768 140.064024
v 63.961219 91.615093 141.742414
v 29.908361 78.352022 130.359702
v 30.799707 78.306758 131.189146
v 26.636987 79.311066 130.526084
v 23.165550 74.127757 130.386354
v 24.098259 73.001414 130.297585
v 23.032248 73.246067 130.659986
v 40.770873 79.961621 149.168635
v 40.610638 76.344728 151.414029
v 42.368572 78.460168 151.611681
v 46.945015 70.144356 118.207542
v 39.317353 68.218720 120.991546
v 42.054571 68.903852 121.135001
v 56.389001 87.544239 150.264307
v 55.968474 87.258375 146.424948
v 57.025675 84.644890 147.426760
v 30.488182 75.713491 133.659866
v 30.799707 78.306758 131.189146
v 29.908361 78.352022 130.359702
v 46.945015 70.144356 118.207542
v 54.927779 71.309061 121.764955
v 48.313139 67.173625 119.406816
v 71.182622 69.102389 156.024892
v 70.150165 71.772272 153.051356
v 67.638833 71.994919 154.578335
v 71.001039 76.438112 135.833711
v 72.467129 78.511513 134.892446
v 70.510917 78.491015 133.645201
v 66.115317 84.558785 149.627309
v 66.109410 84.543771 149.638526
v 65.278861 86.138130 149.567408
v 58.050059 73.826373 127.685268
v 56.263619 61.176062 132.174780
v 56.224007 61.967725 126.072444
v 55.562664 45.445490 141.736625
v 54.080843 43.539453 137.046294
v 56.819749 44.511405 136.871336
v 32.489735 70.965075 127.902422
v 30.981533 78.683352 129.667441
v 32.918934 71.439522 127.980767
v 47.483744 13.103127 155.605366
v 49.601159 17.412015 157.676533
v 45.866194 19.598126 155.105339
v 47.444671 26.410055 152.218126
v 42.014304 35.826897 148.203551
v 42.647882 40.071505 144.637561
v 48.637499 0.007516 162.834824
v 50.931321 1.692873 162.541864
v 47.936389 1.840185 162.413924
v 31.706469 3.569584 146.000280
v 35.643062 4.174548 145.528477
v 33.637719 6.068163 143.820563
v 74.121397 80.909682 149.542364
v 74.961124 85.059405 147.309806
v 72.762245 85.246820 149.150166
v 34.482153 47.669768 139.464940
v 36.018014 51.123440 137.353921
v 39.141845 47.397500 138.521138
v 55.344448 13.941110 128.041270
v 59.304612 18.590651 128.229556
v 64.456948 33.348740 134.064744
v 35.879601 35.906022 148.537734
v 38.554448 38.616603 148.291053
v 36.715938 41.206213 151.416458
v 63.337640 62.676573 135.515730
v 67.151863 58.937765 136.101778
v 67.015622 47.265504 131.299660
v 44.980761 5.867452 115.165250
v 44.081535 3.859312 115.611036
v 43.569066 5.252833 118.082260
v 53.271704 94.435895 129.665819
v 47.136147 95.409739 129.246915
v 47.627937 96.301663 132.966314
v 56.694163 83.448130 143.203314
v 55.491756 82.425058 141.501400
v 53.302378 76.478654 142.914556
v 29.282300 71.962571 132.497225
v 30.488182 75.713491 133.659866
v 29.908361 78.352022 130.359702
v 55.987366 96.594965 147.816024
v 58.890068 98.652202 146.141906
v 55.344219 94.679952 144.604635
v 45.473434 6.319088 130.000628
v 47.004113 9.066853 127.297326
v 43.000789 4.371309 127.118558
v 31.597523 21.450024 141.319999
v 34.737839 19.167792 136.880546
v 32.568042 13.718733 138.407189
v 34.797732 73.590117 152.058127
v 35.254273 72.549813 150.664980
v 36.021725 75.846379 151.448565
v 47.585605 60.560542 139.045837
v 51.220461 67.207170 142.193672
v 49.500673 54.755914 144.755271
v 44.756801 4.592926 120.010682
v 47.075538 8.501724 121.469465
v 44.113935 9.897763 119.167942
v 66.603334 75.959040 132.201841
v 72.189162 73.641599 133.020309
v 63.361347 75.225157 135.970317
v 37.838216 48.842948 136.251598
v 36.018014 51.123440 137.353921
v 39.774283 51.229745 135.873129
v 47.444671 26.410055 152.218126
v 46.210854 23.359996 151.813397
v 43.731525 29.010945 152.417732
v 58.759509 83.031750 149.974839
v 55.224453 80.704856 149.978177
v 57.396972 78.996229 154.363050
v 38.149234 28.277188 140.133100
v 35.857583 32.243984 139.885581
v 38.520323 40.750378 141.815615
v 51.912265 13.652345 148.836368
v 52.288047 9.769115 150.431272
v 50.606058 7.495773 147.774203
v 64.010187 95.416773 141.555266
v 63.961219 91.615093 141.742414
v 61.236546 89.189768 140.064024
v 40.015752 40.879309 152.661641
v 36.715938 41.206213 151.416458
v 38.554448 38.616603 148.291053
v 33.174928 72.176890 165.316823
v 37.071754 73.205833 175.494321
v 33.483132 73.815136 168.956599
v 41.505925 81.307858 144.562420
v 40.770873 79.961621 149.168635
v 39.459727 89.701557 149.389093
v 38.363387 61.024207 139.099959
v 33.847053 65.999293 142.477150
v 37.202885 66.221779 140.384087
v 47.495321 26.195130 120.620604
v 45.647729 27.694738 122.249164
v 52.263800 8.994505 121.186128
v 42.229661 72.032051 179.939640
v 44.927238 70.769595 175.540580
v 44.015869 74.799590 181.371237
v 63.008270 31.606251 147.693260
v 63.165450 31.546080 147.219348
v 63.226513 32.033301 147.467944
v 50.931321 1.692873 162.541864
v 48.227187 3.009128 158.338990
v 47.936389 1.840185 162.413924
v 66.335232 69.207502 150.786455
v 66.818487 71.065486 150.812955
v 69.097538 69.767636 152.057944
v 42.020731 68.044061 123.624787
v 42.054571 68.903852 121.135001
v 39.565939 68.626630 122.364066
v 70.956442 79.408384 144.893280
v 71.555150 80.414379 147.172770
v 71.025435 79.342104 148.269208
v 39.565939 68.626630 122.364066
v 37.965292 67.375290 121.493296
v 39.317353 68.218720 120.991546
v 42.423670 39.363568 155.161478
v 40.015752 40.879309 152.661641
v 43.731525 29.010945 152.417732
v 32.765330 0.810897 149.372090
v 38.658584 0.246519 138.974961
v 40.306898 1.943290 139.361403
v 42.020731 68.044061 123.624787
v 36.776894 69.954800 127.280253
v 36.517284 68.783474 128.173817
v 40.340465 7.398128 139.487863
v 36.949460 8.964431 142.931102
v 38.793949 5.342167 143.560735
v 57.511484 84.130347 131.851936
v 57.303122 83.009357 132.226639
v 57.846103 83.798439 132.886408
v 36.989636 75.111674 174.407017
v 33.483132 73.815136 168.956599
v 37.071754 73.205833 175.494321
v 60.540286 2.631170 121.970448
v 59.894726 0.738514 124.061000
v 57.519702 1.157243 120.988096
v 57.511484 84.130347 131.851936
v 57.530694 82.869536 132.450124
v 57.364550 83.128286 131.626650
v 44.015869 74.799590 181.371237
v 44.521947 75.081860 185.307391
v 43.526925 76.220207 179.424541
v 31.688097 72.804152 149.625645
v 34.155456 72.309189 161.144053
v 33.174928 72.176890 165.316823
v 60.332507 44.558528 142.966773
v 57.674140 42.801887 135.089204
v 60.537870 40.692413 138.187274
v 33.363656 70.529234 126.851411
v 33.289261 69.620806 126.943844
v 32.968974 70.548111 127.445801
v 63.483076 84.821165 144.650583
v 60.135500 84.872550 142.838247
v 63.185904 85.387207 141.602257
v 52.742603 67.839289 144.359288
v 49.640374 56.494945 147.323095
v 49.500673 54.755914 144.755271
v 72.070543 77.673197 151.673990
v 70.150165 71.772272 153.051356
v 71.182622 69.102389 156.024892
v 37.645195 67.522936 153.126322
v 31.826332 59.999036 148.894196
v 30.796403 50.959813 150.127498
v 63.337640 62.676573 135.515730
v 58.767415 49.736247 131.322580
v 59.634091 66.041083 136.527457
v 32.281257 75.815420 163.408578
v 33.174928 72.176890 165.316823
v 33.483132 73.815136 168.956599
v 55.960566 24.016691 124.866649
v 62.080358 30.724669 127.897912
v 55.301644 7.940543 121.705872
v 66.966773 83.586556 150.939532
v 67.804260 80.839694 148.675518
v 70.699394 78.724677 150.441448
v 41.587149 76.198183 176.482061
v 44.504972 75.429599 178.009331
v 44.608621 71.853905 174.122915
v 58.295515 88.167137 132.150978
v 57.688998 84.411175 131.656991
v 57.984969 89.602495 130.098778
v 67.255239 45.376546 143.794561
v 64.984117 43.643779 140.370350
v 68.867211 46.916849 133.270068
v 63.222751 32.069773 147.391100
v 62.703236 32.890070 147.896872
v 63.226513 32.033301 147.467944
v 53.271704 94.435895 129.665819
v 47.627937 96.301663 132.966314
v 52.846274 95.278049 134.250668
v 55.344219 94.679952 144.604635
v 58.890068 98.652202 146.141906
v 59.736292 97.024262 141.821012
v 52.704450 20.731100 153.262630
v 51.912265 13.652345 148.836368
v 51.317058 27.229297 153.311828
v 44.715880 49.288598 123.092821
v 41.969891 58.188808 125.064537
v 45.882814 54.330820 121.055473
v 37.385560 75.482761 140.947486
v 43.367354 80.284601 143.752944
v 45.197625 78.820675 143.633285
v 57.803520 5.054993 124.746529
v 57.407909 10.518715 125.354601
v 55.343953 5.620632 125.935732
v 33.040211 75.215065 133.435349
v 31.445260 71.287149 134.145822
v 34.544509 73.735052 131.921689
v 56.594732 91.452730 131.652382
v 57.005781 89.162207 131.670335
v 57.142250 89.858103 132.959955
v 44.226157 29.382098 115.956862
v 47.785456 32.653702 120.825394
v 47.331634 28.565977 118.984919
v 74.121397 80.909682 149.542364
v 71.025435 79.342104 148.269208
v 71.555150 80.414379 147.172770
v 52.384104 65.296631 166.697485
v 48.792208 64.024370 168.261284
v 51.974601 63.326895 163.446984
v 73.495518 66.960788 152.281444
v 71.416637 67.349923 151.169812
v 71.025435 79.342104 148.269208
v 43.644433 71.968460 124.365622
v 42.054571 68.903852 121.135001
v 42.020731 68.044061 123.624787
v 57.208374 84.733570 132.793349
v 56.875321 86.905104 132.907026
v 56.831866 86.389292 134.129545
v 39.565939 68.626630 122.364066
v 42.054571 68.903852 121.135001
v 37.965292 67.375290 121.493296
v 41.468077 84.448230 142.101392
v 47.515694 82.211602 142.629836
v 44.562929 82.081520 142.301255
v 45.811998 76.882893 136.700407
v 48.666939 81.583005 135.483486
v 48.261365 80.668235 130.961873
v 68.913849 48.278305 151.452615
v 64.564026 45.716119 154.332083
v 66.062678 42.674846 153.223172
v 59.304612 18.590651 128.229556
v 55.343953 5.620632 125.935732
v 57.407909 10.518715 125.354601
v 48.792208 64.024370 168.261284
v 42.816485 69.480370 173.996320
v 50.452573 64.504802 162.473042
v 31.688097 72.804152 149.625645
v 32.951116 71.460014 145.991736
v 34.797732 73.590117 152.058127
v 57.907234 54.003507 132.095582
v 58.767415 49.736247 131.322580
v 58.747976 52.349091 125.795199
v 45.026659 59.713852 139.359438
v 41.234123 58.657551 138.724018
v 42.461188 61.242246 136.434846
v 32.822560 1.134657 140.328277
v 33.676895 6.161400 138.420538
v 37.865345 2.922219 136.296941
v 45.982049 27.196115 133.095824
v 47.157630 14.540148 131.291878
v 49.565035 17.896444 135.231657
v 44.927238 70.769595 175.540580
v 42.816485 69.480370 173.996320
v 48.792208 64.024370 168.261284
v 39.567286 6.114664 138.300160
v 37.865345 2.922219 136.296941
v 35.417535 7.735234 137.740018
v 64.134671 91.759038 149.399997
v 65.431147 87.012482 143.583264
v 65.811386 91.726292 144.746424
v 50.783950 1.739014 118.809492
v 41.788163 1.048780 115.246903
v 46.115075 2.279604 114.692473
v 56.084010 92.023706 151.169697
v 56.389001 87.544239 150.264307
v 60.011750 90.025252 151.306583
v 70.956442 79.408384 144.893280
v 72.725309 80.457551 146.311937
v 71.555150 80.414379 147.172770
v 38.875982 1.466185 126.001198
v 46.836105 4.460138 125.145415
v 45.179877 0.999141 125.055316
v 59.634091 66.041083 136.527457
v 56.884655 69.421995 137.933509
v 58.162444 76.369065 136.181389
v 39.823841 30.489919 117.162965
v 39.488389 34.956995 120.357862
v 47.251278 49.746162 117.881804
v 31.706469 3.569584 146.000280
v 33.012020 4.146104 140.767731
v 28.305613 1.507049 146.523158
v 50.210929 7.134581 114.964055
v 49.033764 5.135170 116.167274
v 44.980761 5.867452 115.165250
v 69.429776 32.785947 151.544983
v 67.882611 13.344357 153.838346
v 69.690422 30.662534 149.126822
v 44.756801 4.592926 120.010682
v 43.759036 0.958795 119.581166
v 48.475559 2.187628 120.480399
v 45.810048 80.121445 153.820153
v 47.154608 81.336569 149.720173
v 48.339709 86.663067 152.180587
v 45.403929 59.021181 138.256729
v 47.585605 60.560542 139.045837
v 45.026659 59.713852 139.359438
v 48.729783 69.744461 154.906436
v 49.920986 68.858146 157.512056
v 50.582999 72.254562 155.932238
v 62.287354 31.414730 150.354216
v 61.855693 20.478818 151.020291
v 61.742453 21.519077 154.901777
v 25.447194 71.232485 129.660351
v 24.419455 70.692163 131.116876
v 24.098259 73.001414 130.297585
v 50.342191 0.033927 147.359914
v 47.367731 2.309245 148.131474
v 49.780214 2.123672 145.876194
v 71.743584 85.368324 147.838638
v 70.111598 83.111680 146.048970
v 68.464376 85.132385 149.076942
v 59.525595 71.436304 152.502439
v 70.243553 64.865214 153.733663
v 68.984829 67.135275 156.075683
v 64.564026 45.716119 154.332083
v 61.365000 42.591477 151.714083
v 66.062678 42.674846 153.223172
v 43.526925 76.220207 179.424541
v 45.974071 75.590752 182.813249
v 44.504972 75.429599 178.009331
v 36.603892 21.790698 144.597345
v 38.554448 38.616603 148.291053
v 35.879601 35.906022 148.537734
v 62.765566 43.137220 141.768595
v 60.537870 40.692413 138.187274
v 63.274782 40.155572 138.409802
v 34.871644 79.314136 144.759882
v 34.078588 79.442733 148.813039
v 38.268011 78.818428 146.943395
v 70.984091 71.276010 150.655640
v 69.097538 69.767636 152.057944
v 70.150165 71.772272 153.051356
v 38.149234 28.277188 140.133100
v 39.954926 38.142293 144.380359
v 39.461593 24.396038 141.339148
v 40.809961 64.005739 119.793976
v 38.925019 64.088619 124.315954
v 35.986375 65.595174 124.540090
v 63.274782 40.155572 138.409802
v 64.984117 43.643779 140.370350
v 62.765566 43.137220 141.768595
v 72.467129 78.511513 134.892446
v 72.042042 77.372444 139.401619
v 72.687914 80.612040 141.800922
v 55.301644 7.940543 121.705872
v 57.107065 11.515046 123.723991
v 58.757363 4.403407 122.894359
v 42.499363 20.937133 118.816044
v 39.823841 30.489919 117.162965
v 45.654229 12.698713 114.882741
v 39.276606 74.014543 173.183157
v 36.989636 75.111674 174.407017
v 41.206120 74.095582 175.286905
v 53.589675 20.324862 134.128993
v 53.239189 2.277172 130.157580
v 54.303173 2.779854 128.069739
v 59.245429 83.520520 141.869986
v 61.357815 83.007205 143.051538
v 64.323781 79.953617 138.554016
v 43.526925 76.220207 179.424541
v 41.587149 76.198183 176.482061
v 40.559678 77.061115 179.122509
v 51.132259 10.762376 123.080736
v 52.263800 8.994505 121.186128
v 49.347457 6.574566 121.708940
v 35.986375 65.595174 124.540090
v 33.289261 69.620806 126.943844
v 37.965292 67.375290 121.493296
v 58.767415 49.736247 131.322580
v 59.152835 42.360056 130.813686
v 57.979552 45.641578 131.356272
v 55.960566 24.016691 124.866649
v 55.301644 7.940543 121.705872
v 52.263800 8.994505 121.186128
v 51.841150 74.897051 153.195660
v 52.217509 68.670123 161.908807
v 54.415475 73.339069 153.467360
v 31.666681 28.639313 147.035264
v 30.126624 40.379714 144.398159
v 32.155668 25.835218 141.982557
v 63.220086 65.207273 149.452265
v 64.706720 69.072807 150.647682
v 59.525595 71.436304 152.502439
v 43.703648 88.820916 131.887959
v 47.089428 88.525129 127.020386
v 43.692310 85.432827 132.273519
v 24.098259 73.001414 130.297585
v 24.419455 70.692163 131.116876
v 23.615086 72.766804 131.159297
v 52.745485 1.331073 149.377126
v 52.706879 4.033708 152.613169
v 52.706068 2.057987 157.040631
v 33.483132 73.815136 168.956599
v 36.989636 75.111674 174.407017
v 32.281257 75.815420 163.408578
v 42.884495 92.054629 148.166632
v 43.296327 92.546904 151.609573
v 46.678487 91.377395 148.527637
v 63.443669 33.032641 152.529780
v 61.365000 42.591477 151.714083
v 62.287354 31.414730 150.354216
v 48.326938 8.979666 153.768923
v 47.483744 13.103127 155.605366
v 46.861414 8.857879 149.842107
v 70.071026 2.235097 152.051034
v 66.118252 6.237361 152.403216
v 68.493092 5.916554 153.546900
v 53.830404 75.935138 119.873308
v 54.927779 71.309061 121.764955
v 46.945015 70.144356 118.207542
v 66.115317 84.558785 149.627309
v 66.217889 84.129131 149.668372
v 66.770308 84.277618 148.962806
v 59.239197 96.518993 150.894456
v 55.987366 96.594965 147.816024
v 56.084010 92.023706 151.169697
v 45.654229 12.698713 114.882741
v 43.569066 5.252833 118.082260
v 44.113935 9.897763 119.167942
v 57.123143 75.523233 154.123743
v 68.984829 67.135275 156.075683
v 61.955841 76.335049 155.850794
v 44.448569 58.950972 140.935044
v 45.026659 59.713852 139.359438
v 47.254008 57.614124 140.811634
v 69.489026 54.707122 144.047991
v 71.307321 48.015366 144.906666
v 68.562582 45.538948 143.030015
v 40.172701 68.794966 121.633845
v 39.390207 67.615104 120.391947
v 42.054571 68.903852 121.135001
v 39.565939 68.626630 122.364066
v 39.317353 68.218720 120.991546
v 39.390207 67.615104 120.391947
v 65.613615 75.547916 138.065643
v 67.141608 72.128857 138.261060
v 63.361347 75.225157 135.970317
v 57.208374 84.733570 132.793349
v 57.364550 83.128286 131.626650
v 57.089664 84.941221 131.714216
v 47.445276 80.270731 145.172952
v 48.264619 78.413737 146.794613
v 45.197625 78.820675 143.633285
v 66.108050 41.186190 131.685516
v 64.456948 33.348740 134.064744
v 64.444156 32.517991 130.133540
v 37.965292 67.375290 121.493296
v 42.054571 68.903852 121.135001
v 39.390207 67.615104 120.391947
v 30.981533 78.683352 129.667441
v 29.632861 72.760766 128.686250
v 29.908361 78.352022 130.359702
v 58.759509 83.031750 149.974839
v 57.025675 84.644890 147.426760
v 55.224453 80.704856 149.978177
v 38.499328 72.732459 185.149876
v 36.570051 72.943418 183.885317
v 38.213398 72.811203 182.936391
v 42.523400 72.882563 141.195673
v 41.442617 67.283153 139.799639
v 37.202885 66.221779 140.384087
v 51.912265 13.652345 148.836368
v 48.436795 7.666206 147.246144
v 47.444671 26.410055 152.218126
v 34.544509 73.735052 131.921689
v 36.776894 69.954800 127.280253
v 33.592846 71.370250 128.214996
v 43.731525 29.010945 152.417732
v 40.015752 40.879309 152.661641
v 42.014304 35.826897 148.203551
v 50.342191 0.033927 147.359914
v 52.288758 3.812033 147.439238
v 52.745485 1.331073 149.377126
v 50.582999 72.254562 155.932238
v 48.219560 74.861782 153.145865
v 48.729783 69.744461 154.906436
v 30.488182 75.713491 133.659866
v 29.282300 71.962571 132.497225
v 31.445260 71.287149 134.145822
v 28.994104 1.257222 151.390861
v 29.283097 0.205355 146.962649
v 32.765330 0.810897 149.372090
v 74.019594 73.010052 152.562127
v 71.182622 69.102389 156.024892
v 72.834015 66.319877 155.256142
v 40.127640 58.055848 138.804460
v 39.774283 51.229745 135.873129
v 33.847053 65.999293 142.477150
v 31.826332 59.999036 148.894196
v 33.102202 63.444268 144.958629
v 30.157771 52.246689 143.160068
v 32.918934 71.439522 127.980767
v 40.172701 68.794966 121.633845
v 39.317353 68.218720 120.991546
v 60.332507 44.558528 142.966773
v 56.819749 44.511405 136.871336
v 57.674140 42.801887 135.089204
v 57.142250 89.858103 132.959955
v 57.525357 87.630976 132.409271
v 58.295515 88.167137 132.150978
v 74.086961 75.449301 130.433645
v 70.510917 78.491015 133.645201
v 72.467129 78.511513 134.892446
v 56.428436 58.660877 142.040787
v 57.394334 65.790767 139.270108
v 56.459074 56.912208 136.049203
v 48.174845 76.430452 142.408243
v 51.185384 76.279235 146.428579
v 51.922684 75.794327 141.428998
v 65.695087 84.802783 150.265557
v 65.278861 86.138130 149.567408
v 66.109410 84.543771 149.638526
v 31.416933 77.984130 148.077463
v 31.688097 72.804152 149.625645
v 32.281257 75.815420 163.408578
v 36.949460 8.964431 142.931102
v 34.565561 10.171103 142.275058
v 33.637719 6.068163 143.820563
v 43.692310 85.432827 132.273519
v 46.089058 87.759364 136.267671
v 43.703648 88.820916 131.887959
v 25.447194 71.232485 129.660351
v 23.165550 74.127757 130.386354
v 27.686631 72.666484 130.130313
v 59.245429 83.520520 141.869986
v 59.969120 82.627655 136.569795
v 55.491756 82.425058 141.501400
v 48.792208 64.024370 168.261284
v 52.384104 65.296631 166.697485
v 44.927238 70.769595 175.540580
v 45.810048 80.121445 153.820153
v 48.339709 86.663067 152.180587
v 44.842106 89.045077 156.989397
v 65.484401 80.694414 134.956398
v 59.682315 81.578589 135.014722
v 59.969120 82.627655 136.569795
v 42.020731 68.044061 123.624787
v 39.565939 68.626630 122.364066
v 36.776894 69.954800 127.280253
v 47.868092 21.742901 130.036783
v 47.157630 14.540148 131.291878
v 45.982049 27.196115 133.095824
v 34.778063 75.756054 157.977443
v 34.110599 77.582287 152.859319
v 32.728618 76.744627 156.325818
v 46.210854 23.359996 151.813397
v 46.861414 8.857879 149.842107
v 45.866194 19.598126 155.105339
v 65.206342 3.540909 157.456552
v 62.391381 8.075815 157.783796
v 61.196213 2.191377 157.524780
v 40.534405 59.381568 131.801527
v 43.270720 51.308805 135.591924
v 42.841372 60.077655 135.311580
v 56.228965 30.376548 131.243621
v 53.043645 23.149500 129.536002
v 55.197377 22.639156 130.740735
v 40.992845 3.097266 115.299200
v 46.115075 2.279604 114.692473
v 41.788163 1.048780 115.246903
v 53.830404 75.935138 119.873308
v 55.572271 77.697021 122.304621
v 57.151667 72.598065 123.619235
v 71.025435 79.342104 148.269208
v 70.699394 78.724677 150.441448
v 67.804260 80.839694 148.675518
v 63.165450 31.546080 147.219348
v 62.703236 32.890070 147.896872
v 63.222751 32.069773 147.391100
v 47.953947 79.206288 149.992019
v 45.539708 79.329121 150.994225
v 41.918802 75.904166 150.001423
v 40.576679 83.109116 153.487572
v 42.368572 78.460168 151.611681
v 42.753180 80.070137 154.861513
v 54.456704 80.731511 136.678678
v 57.197263 82.421709 132.886638
v 57.373164 85.824967 133.798523
v 70.103455 46.782971 147.020945
v 71.411738 46.376277 147.384457
v 71.853563 50.106168 148.142345
v 39.488389 34.956995 120.357862
v 40.619116 30.303875 122.771428
v 44.924979 46.724466 126.248553
v 72.070543 77.673197 151.673990
v 70.699394 78.724677 150.441448
v 70.150165 71.772272 153.051356
v 47.394013 23.560542 115.581578
v 53.504783 6.911720 120.134813
v 50.210929 7.134581 114.964055
v 61.855693 20.478818 151.020291
v 66.118252 6.237361 152.403216
v 63.093971 3.703845 153.631580
v 57.394334 65.790767 139.270108
v 57.685312 63.781375 146.717902
v 54.823652 68.410546 139.079091
v 57.107065 11.515046 123.723991
v 57.803520 5.054993 124.746529
v 58.757363 4.403407 122.894359
v 36.603892 21.790698 144.597345
v 33.129495 23.542284 145.144979
v 34.565561 10.171103 142.275058
v 57.294719 91.845310 141.787917
v 61.236546 89.189768 140.064024
v 57.487893 86.067951 144.208759
v 50.482455 48.252716 154.609401
v 48.729783 69.744461 154.906436
v 48.125240 43.136954 156.589313
v 57.663781 56.827582 124.892604
v 52.706116 55.004216 119.257456
v 56.381608 59.093935 122.406972
v 42.931247 1.681334 130.688234
v 53.239189 2.277172 130.157580
v 48.154971 4.715529 132.363389
v 70.984091 71.276010 150.655640
v 70.150165 71.772272 153.051356
v 70.699394 78.724677 150.441448
v 68.562582 45.538948 143.030015
v 71.411738 46.376277 147.384457
v 70.103455 46.782971 147.020945
v 32.568042 13.718733 138.407189
v 35.417535 7.735234 137.740018
v 32.698868 10.103347 140.335871
v 47.394013 23.560542 115.581578
v 45.654229 12.698713 114.882741
v 44.226157 29.382098 115.956862
v 56.192759 43.795374 149.153951
v 57.479796 46.074021 144.653831
v 60.231311 43.968150 149.478080
v 47.207646 40.250972 126.840841
v 46.630635 44.043419 128.799170
v 44.924979 46.724466 126.248553
v 33.129495 23.542284 145.144979
v 31.597523 21.450024 141.319999
v 32.698868 10.103347 140.335871
v 43.296327 92.546904 151.609573
v 39.459727 89.701557 149.389093
v 42.240290 89.539861 156.406383
v 73.495518 66.960788 152.281444
v 72.834015 66.319877 155.256142
v 70.243553 64.865214 153.733663
v 65.916839 22.284675 156.001721
v 67.347148 6.717533 156.532935
v 69.429776 32.785947 151.544983
v 68.530951 68.259895 144.672657
v 68.434344 59.099794 138.522422
v 66.438220 67.233635 138.921799
v 55.987366 96.594965 147.816024
v 55.344219 94.679952 144.604635
v 54.370074 92.975855 147.623997
v 33.306749 70.722890 127.532212
v 33.367130 70.383560 127.391546
v 32.968974 70.548111 127.445801
v 63.274782 40.155572 138.409802
v 64.456948 33.348740 134.064744
v 64.984117 43.643779 140.370350
v 30.981533 78.683352 129.667441
v 34.544509 73.735052 131.921689
v 33.592846 71.370250 128.214996
v 66.658342 88.973487 149.820899
v 67.567589 87.053115 151.337393
v 68.464376 85.132385 149.076942
v 54.284613 79.299581 138.471451
v 53.302378 76.478654 142.914556
v 55.491756 82.425058 141.501400
v 67.141608 72.128857 138.261060
v 66.438220 67.233635 138.921799
v 63.350843 69.368882 136.503254
v 35.438105 70.354426 133.948890
v 34.544509 73.735052 131.921689
v 31.445260 71.287149 134.145822
v 45.170626 47.065431 140.110354
v 50.351006 43.548006 139.933942
v 47.785412 48.976856 140.475250
v 49.780214 2.123672 145.876194
v 52.288758 3.812033 147.439238
v 50.342191 0.033927 147.359914
v 40.992845 3.097266 115.299200
v 40.576897 2.720380 118.170367
v 44.081535 3.859312 115.611036
v 42.532188 63.100624 121.295321
v 40.809961 64.005739 119.793976
v 48.313139 67.173625 119.406816
v 45.403929 59.021181 138.256729
v 45.026659 59.713852 139.359438
v 42.461188 61.242246 136.434846
v 67.347148 6.717533 156.532935
v 65.206342 3.540909 157.456552
v 70.124275 2.580732 155.951968
v 66.028267 87.093842 151.571739
v 65.278861 86.138130 149.567408
v 65.695087 84.802783 150.265557
v 62.391381 8.075815 157.783796
v 61.742453 21.519077 154.901777
v 61.728965 11.996743 153.667910
v 71.274003 82.625688 152.250547
v 66.966773 83.586556 150.939532
v 70.699394 78.724677 150.441448
v 35.118233 76.666878 165.416674
v 36.989636 75.111674 174.407017
v 39.276606 74.014543 173.183157
v 52.821124 4.539347 118.267523
v 50.783950 1.739014 118.809492
v 46.115075 2.279604 114.692473
v 55.040495 44.917443 147.060447
v 56.953066 45.087937 142.595841
v 57.479796 46.074021 144.653831
v 60.537870 40.692413 138.187274
v 55.197377 22.639156 130.740735
v 55.344448 13.941110 128.041270
v 66.487539 13.777802 151.724603
v 68.493092 5.916554 153.546900
v 66.118252 6.237361 152.403216
v 57.005781 89.162207 131.670335
v 57.688998 84.411175 131.656991
v 57.525357 87.630976 132.409271
v 37.385560 75.482761 140.947486
v 39.739402 79.718601 144.648168
v 43.367354 80.284601 143.752944
v 47.108734 54.260904 139.025039
v 44.523192 54.665625 138.799411
v 47.785412 48.976856 140.475250
v 68.359614 46.459270 137.705546
v 67.255239 45.376546 143.794561
v 68.867211 46.916849 133.270068
v 38.268011 78.818428 146.943395
v 40.610638 76.344728 151.414029
v 40.770873 79.961621 149.168635
v 40.576679 83.109116 153.487572
v 42.240290 89.539861 156.406383
v 39.459727 89.701557 149.389093
v 63.687748 40.674538 144.992163
v 63.165450 31.546080 147.219348
v 63.222751 32.069773 147.391100
v 35.576865 40.893995 140.087376
v 34.482153 47.669768 139.464940
v 39.440411 45.468545 140.581131
v 41.468077 84.448230 142.101392
v 41.505925 81.307858 144.562420
v 40.762401 86.415338 145.427485
v 40.340465 7.398128 139.487863
v 39.449030 10.961029 142.104967
v 36.949460 8.964431 142.931102
v 32.542087 47.832744 151.218646
v 31.666681 28.639313 147.035264
v 36.715938 41.206213 151.416458
v 55.197377 22.639156 130.740735
v 53.043645 23.149500 129.536002
v 54.184046 21.242589 131.390256
v 50.482455 48.252716 154.609401
v 51.466577 47.122896 149.167436
v 50.038314 64.740741 153.890003
v 44.562929 82.081520 142.301255
v 43.935570 81.219387 143.342994
v 44.031651 81.285381 142.853783
v 42.368572 78.460168 151.611681
v 41.918802 75.904166 150.001423
v 45.539708 79.329121 150.994225
v 64.987209 0.757802 155.432176
v 65.206342 3.540909 157.456552
v 61.196213 2.191377 157.524780
v 34.482153 47.669768 139.464940
v 30.157771 52.246689 143.160068
v 36.018014 51.123440 137.353921
v 57.151667 72.598065 123.619235
v 54.927779 71.309061 121.764955
v 53.830404 75.935138 119.873308
v 60.860824 85.998267 148.908255
v 59.509525 85.686344 149.100520
v 58.759509 83.031750 149.974839
v 57.000693 88.275803 134.612386
v 57.142250 89.858103 132.959955
v 52.846274 95.278049 134.250668
v 24.200527 74.334502 130.893666
v 24.098259 73.001414 130.297585
v 23.615086 72.766804 131.159297
v 24.098259 73.001414 130.297585
v 23.165550 74.127757 130.386354
v 25.447194 71.232485 129.660351
v 43.367354 80.284601 143.752944
v 43.421092 81.799388 143.000070
v 44.059616 80.894917 142.776237
v 57.412992 82.777364 131.804532
v 57.364550 83.128286 131.626650
v 57.303122 83.009357 132.226639
v 33.217286 71.305704 127.814511
v 33.363656 70.529234 126.851411
v 33.306749 70.722890 127.532212
v 49.214415 87.237870 148.883241
v 48.339709 86.663067 152.180587
v 47.154608 81.336569 149.720173
v 39.276606 74.014543 173.183157
v 34.155456 72.309189 161.144053
v 35.798249 73.481481 161.443312
v 57.294719 91.845310 141.787917
v 55.344219 94.679952 144.604635
v 59.736292 97.024262 141.821012
v 47.732260 90.589994 151.794000
v 46.678487 91.377395 148.527637
v 43.296327 92.546904 151.609573
v 68.699537 61.445851 144.650076
v 67.496711 59.425652 148.549076
v 71.853563 50.106168 148.142345
v 48.475559 2.187628 120.480399
v 47.075538 8.501724 121.469465
v 44.756801 4.592926 120.010682
v 67.141608 72.128857 138.261060
v 68.530951 68.259895 144.672657
v 66.438220 67.233635 138.921799
v 51.912265 13.652345 148.836368
v 52.704450 20.731100 153.262630
v 52.288047 9.769115 150.431272
v 32.542087 47.832744 151.218646
v 30.796403 50.959813 150.127498
v 31.666681 28.639313 147.035264
v 66.966773 83.586556 150.939532
v 71.274003 82.625688 152.250547
v 68.961581 84.901452 151.278082
v 60.135500 84.872550 142.838247
v 57.487893 86.067951 144.208759
v 61.236546 89.189768 140.064024
v 72.070543 77.673197 151.673990
v 71.274003 82.625688 152.250547
v 70.699394 78.724677 150.441448
v 57.005781 89.162207 131.670335
v 57.515276 83.105517 129.688925
v 53.271704 94.435895 129.665819
v 42.647882 40.071505 144.637561
v 49.001759 29.602009 152.570644
v 47.444671 26.410055 152.218126
v 42.229661 72.032051 179.939640
v 38.417230 72.577940 179.595244
v 42.816485 69.480370 173.996320
v 52.263800 8.994505 121.186128
v 51.132259 10.762376 123.080736
v 55.960566 24.016691 124.866649
v 28.305613 1.507049 146.523158
v 28.639098 2.560507 149.122940
v 31.706469 3.569584 146.000280
v 48.264619 78.413737 146.794613
v 47.395088 76.862401 144.192721
v 45.197625 78.820675 143.633285
v 48.174845 76.430452 142.408243
v 47.395088 76.862401 144.192721
v 51.185384 76.279235 146.428579
v 69.097538 69.767636 152.057944
v 71.416637 67.349923 151.169812
v 66.335232 69.207502 150.786455
v 44.562929 82.081520 142.301255
v 44.059616 80.894917 142.776237
v 43.421092 81.799388 143.000070
v 57.846103 83.798439 132.886408
v 57.672389 84.184909 131.672205
v 57.688998 84.411175 131.656991
v 50.452573 64.504802 162.473042
v 51.974601 63.326895 163.446984
v 48.792208 64.024370 168.261284
v 54.154138 43.076831 132.930329
v 51.824410 40.380195 129.426023
v 56.882049 46.632243 130.927211
v 51.824410 40.380195 129.426023
v 49.626974 40.403039 127.602951
v 56.882049 46.632243 130.927211
v 37.810322 62.941903 134.912375
v 42.461188 61.242246 136.434846
v 41.234123 58.657551 138.724018
v 67.255239 45.376546 143.794561
v 65.691286 42.716834 144.276430
v 64.984117 43.643779 140.370350
v 63.361347 75.225157 135.970317
v 58.162444 76.369065 136.181389
v 66.603334 75.959040 132.201841
v 37.865345 2.922219 136.296941
v 39.567286 6.114664 138.300160
v 40.306898 1.943290 139.361403
v 45.227299 61.996067 122.781980
v 44.341962 63.769412 122.923555
v 49.901328 67.201305 121.623383
v 55.224453 80.704856 149.978177
v 57.025675 84.644890 147.426760
v 56.694163 83.448130 143.203314
v 39.141845 47.397500 138.521138
v 37.838216 48.842948 136.251598
v 42.731441 47.630000 137.591652
v 45.170626 47.065431 140.110354
v 50.689552 35.837752 137.195292
v 50.351006 43.548006 139.933942
v 36.776894 69.954800 127.280253
v 39.565939 68.626630 122.364066
v 40.172701 68.794966 121.633845
v 66.028267 87.093842 151.571739
v 66.658342 88.973487 149.820899
v 65.278861 86.138130 149.567408
v 62.080358 30.724669 127.897912
v 64.444156 32.517991 130.133540
v 57.107065 11.515046 123.723991
v 48.125240 43.136954 156.589313
v 43.782447 42.423984 156.337817
v 48.867499 28.631895 159.609537
v 40.619116 30.303875 122.771428
v 47.207646 40.250972 126.840841
v 44.924979 46.724466 126.248553
v 57.511484 84.130347 131.851936
v 57.357625 82.932461 131.775558
v 57.303122 83.009357 132.226639
v 59.894726 0.738514 124.061000
v 53.706590 2.128530 125.347571
v 53.559813 0.908477 122.773441
v 44.715880 49.288598 123.092821
v 41.546528 52.553815 128.384041
v 41.969891 58.188808 125.064537
v 51.317058 27.229297 153.311828
v 51.640712 30.913517 156.835960
v 52.704450 20.731100 153.262630
v 54.889699 80.389196 125.949376
v 57.515276 83.105517 129.688925
v 57.953942 81.258774 131.584341
v 56.729004 86.813665 133.681258
v 55.923400 86.427904 135.338818
v 56.875321 86.905104 132.907026
v 52.846274 95.278049 134.250668
v 57.142250 89.858103 132.959955
v 53.271704 94.435895 129.665819
v 68.530951 68.259895 144.672657
v 66.818487 71.065486 150.812955
v 66.335232 69.207502 150.786455
v 66.335232 69.207502 150.786455
v 66.877011 67.291713 147.595778
v 68.530951 68.259895 144.672657
v 28.639098 2.560507 149.122940
v 28.994104 1.257222 151.390861
v 31.706469 3.569584 146.000280
v 62.287354 31.414730 150.354216
v 63.020942 28.840867 148.444511
v 61.855693 20.478818 151.020291
v 57.294719 91.845310 141.787917
v 59.736292 97.024262 141.821012
v 61.236546 89.189768 140.064024
v 33.102202 63.444268 144.958629
v 32.951116 71.460014 145.991736
v 33.847053 65.999293 142.477150
v 69.489026 54.707122 144.047991
v 71.853563 50.106168 148.142345
v 71.307321 48.015366 144.906666
v 40.809961 64.005739 119.793976
v 42.532188 63.100624 121.295321
v 38.925019 64.088619 124.315954
v 55.968474 87.258375 146.424948
v 57.487893 86.067951 144.208759
v 57.025675 84.644890 147.426760
v 37.965292 67.375290 121.493296
v 33.363656 70.529234 126.851411
v 39.317353 68.218720 120.991546
v 59.304612 18.590651 128.229556
v 57.107065 11.515046 123.723991
v 64.444156 32.517991 130.133540
v 46.448877 5.259633 151.286297
v 47.367731 2.309245 148.131474
v 47.603538 4.270172 153.427810
v 72.997562 89.064289 147.403848
v 72.762245 85.246820 149.150166
v 75.523596 88.063277 147.120932
v 44.113935 9.897763 119.167942
v 42.499363 20.937133 118.816044
v 45.654229 12.698713 114.882741
v 47.301135 46.743855 143.553916
v 47.254008 57.614124 140.811634
v 49.818177 49.805790 144.840795
v 43.692310 85.432827 132.273519
v 48.666939 81.583005 135.483486
v 46.089058 87.759364 136.267671
v 59.894726 0.738514 124.061000
v 57.248070 2.548040 126.058856
v 53.706590 2.128530 125.347571
v 47.868092 21.742901 130.036783
v 47.004113 9.066853 127.297326
v 47.157630 14.540148 131.291878
v 72.687914 80.612040 141.800922
v 72.042042 77.372444 139.401619
v 70.956442 79.408384 144.893280
v 24.419455 70.692163 131.116876
v 24.044751 73.078107 131.573062
v 23.032248 73.246067 130.659986
v 48.261365 80.668235 130.961873
v 48.936546 82.848013 127.643610
v 49.482270 78.973329 125.430568
v 32.765330 0.810897 149.372090
v 40.306898 1.943290 139.361403
v 35.643062 4.174548 145.528477
v 65.916839 22.284675 156.001721
v 62.391381 8.075815 157.783796
v 67.347148 6.717533 156.532935
v 68.434344 59.099794 138.522422
v 68.530951 68.259895 144.672657
v 68.699537 61.445851 144.650076
v 63.020942 28.840867 148.444511
v 63.165450 31.546080 147.219348
v 61.855693 20.478818 151.020291
v 55.301644 7.940543 121.705872
v 62.080358 30.724669 127.897912
v 57.107065 11.515046 123.723991
v 61.728965 11.996743 153.667910
v 61.742453 21.519077 154.901777
v 61.855693 20.478818 151.020291
v 75.523596 88.063277 147.120932
v 72.762245 85.246820 149.150166
v 74.961124 85.059405 147.309806
v 49.198757 3.110195 123.931872
v 49.347457 6.574566 121.708940
v 48.475559 2.187628 120.480399
v 60.491060 84.650636 148.984279
v 60.894127 85.436762 148.756471
v 58.759509 83.031750 149.974839
v 42.884495 92.054629 148.166632
v 40.762401 86.415338 145.427485
v 39.459727 89.701557 149.389093
v 54.456704 80.731511 136.678678
v 57.373164 85.824967 133.798523
v 55.923400 86.427904 135.338818
v 38.213398 72.811203 182.936391
v 36.570051 72.943418 183.885317
v 38.499328 72.732459 185.149876
v 30.126624 40.379714 144.398159
v 31.666681 28.639313 147.035264
v 30.796403 50.959813 150.127498
v 43.116947 27.819824 154.070806
v 46.210854 23.359996 151.813397
v 45.866194 19.598126 155.105339
v 60.332507 44.558528 142.966773
v 57.479796 46.074021 144.653831
v 56.953066 45.087937 142.595841
v 33.306749 70.722890 127.532212
v 33.592846 71.370250 128.214996
v 33.367130 70.383560 127.391546
v 56.882049 46.632243 130.927211
v 53.513109 41.884086 125.391171
v 57.949248 47.696403 125.302913
v 63.093971 3.703845 153.631580
v 62.344993 0.108111 155.740994
v 60.374497 4.035550 155.695049
v 38.417230 72.577940 179.595244
v 37.071754 73.205833 175.494321
v 41.332360 71.466498 174.932811
v 24.044751 73.078107 131.573062
v 23.615086 72.766804 131.159297
v 23.582947 73.382204 130.859145
v 51.220461 67.207170 142.193672
v 47.585605 60.560542 139.045837
v 51.305443 67.858303 139.616822
v 51.416735 -0.000000 160.506721
v 50.342191 0.033927 147.359914
v 52.745485 1.331073 149.377126
v 34.603408 71.230781 130.889953
v 34.544509 73.735052 131.921689
v 35.438105 70.354426 133.948890
v 56.729004 86.813665 133.681258
v 56.875321 86.905104 132.907026
v 57.525357 87.630976 132.409271
v 51.409260 6.079605 154.424092
v 52.706879 4.033708 152.613169
v 53.545615 6.852045 152.034649
v 40.534405 59.381568 131.801527
v 41.546528 52.553815 128.384041
v 43.291610 46.536937 131.958589
v 46.678487 91.377395 148.527637
v 49.214415 87.237870 148.883241
v 46.803888 89.262861 145.511976
v 60.523700 2.608682 124.885418
v 58.757363 4.403407 122.894359
v 57.803520 5.054993 124.746529
v 42.461188 61.242246 136.434846
v 37.810322 62.941903 134.912375
v 33.835990 69.456935 132.055349
v 53.481885 5.242485 126.297774
v 53.589675 20.324862 134.128993
v 54.303173 2.779854 128.069739
v 56.228965 30.376548 131.243621
v 60.537870 40.692413 138.187274
v 57.674140 42.801887 135.089204
v 60.540286 2.631170 121.970448
v 58.757363 4.403407 122.894359
v 60.523700 2.608682 124.885418
v 57.487893 86.067951 144.208759
v 55.968474 87.258375 146.424948
v 57.294719 91.845310 141.787917
v 57.142250 89.858103 132.959955
v 57.984969 89.602495 130.098778
v 56.594732 91.452730 131.652382
v 51.416735 -0.000000 160.506721
v 48.637499 0.007516 162.834824
v 50.342191 0.033927 147.359914
v 51.764248 19.621491 157.014114
v 48.867499 28.631895 159.609537
v 47.118336 24.115133 159.859824
v 45.473434 6.319088 130.000628
v 47.157630 14.540148 131.291878
v 47.004113 9.066853 127.297326
v 39.449030 10.961029 142.104967
v 39.461593 24.396038 141.339148
v 36.603892 21.790698 144.597345
v 41.234123 58.657551 138.724018
v 44.523192 54.665625 138.799411
v 40.127640 58.055848 138.804460
v 39.461593 24.396038 141.339148
v 39.954926 38.142293 144.380359
v 38.554448 38.616603 148.291053
v 46.850848 54.152888 141.044402
v 47.254008 57.614124 140.811634
v 47.301135 46.743855 143.553916
v 57.979552 45.641578 131.356272
v 59.152835 42.360056 130.813686
v 57.674140 42.801887 135.089204
v 46.089058 87.759364 136.267671
v 48.666939 81.583005 135.483486
v 49.940430 86.122763 138.431410
v 39.449030 10.961029 142.104967
v 36.603892 21.790698 144.597345
v 36.949460 8.964431 142.931102
v 30.796403 50.959813 150.127498
v 30.157771 52.246689 143.160068
v 30.126624 40.379714 144.398159
v 61.855693 20.478818 151.020291
v 63.093971 3.703845 153.631580
v 61.728965 11.996743 153.667910
v 37.202885 66.221779 140.384087
v 41.442617 67.283153 139.799639
v 37.472274 64.563673 139.418677
v 33.040211 75.215065 133.435349
v 34.544509 73.735052 131.921689
v 30.981533 78.683352 129.667441
v 59.243123 82.367110 150.279505
v 63.713744 76.307893 153.523023
v 63.108186 79.888827 146.641053
v 51.886527 50.000435 139.398717
v 50.351006 43.548006 139.933942
v 53.111684 45.803204 139.100880
v 69.807465 45.233289 139.350498
v 69.489026 54.707122 144.047991
v 68.562582 45.538948 143.030015
v 54.370074 92.975855 147.623997
v 55.344219 94.679952 144.604635
v 55.968474 87.258375 146.424948
v 63.961219 91.615093 141.742414
v 64.010187 95.416773 141.555266
v 65.811386 91.726292 144.746424
v 42.647882 40.071505 144.637561
v 47.301135 46.743855 143.553916
v 49.821282 41.516277 149.784936
v 39.141845 47.397500 138.521138
v 42.731441 47.630000 137.591652
v 45.170626 47.065431 140.110354
v 40.576679 83.109116 153.487572
v 39.459727 89.701557 149.389093
v 40.770873 79.961621 149.168635
v 50.851915 10.842284 155.158768
v 49.601159 17.412015 157.676533
v 47.483744 13.103127 155.605366
v 51.021025 66.952484 155.730911
v 50.452573 64.504802 162.473042
v 49.920986 68.858146 157.512056
v 50.452573 64.504802 162.473042
v 42.816485 69.480370 173.996320
v 48.201409 67.442089 166.851238
v 63.687748 40.674538 144.992163
v 62.765566 43.137220 141.768595
v 65.691286 42.716834 144.276430
v 67.057699 77.016217 137.018078
v 64.323781 79.953617 138.554016
v 65.613615 75.547916 138.065643
v 47.495321 26.195130 120.620604
v 52.263800 8.994505 121.186128
v 47.331634 28.565977 118.984919
v 63.350843 69.368882 136.503254
v 66.438220 67.233635 138.921799
v 63.337640 62.676573 135.515730
v 66.115317 84.558785 149.627309
v 66.322382 84.892345 149.390637
v 65.695087 84.802783 150.265557
v 31.688097 72.804152 149.625645
v 33.174928 72.176890 165.316823
v 32.281257 75.815420 163.408578
v 53.545615 6.852045 152.034649
v 52.288047 9.769115 150.431272
v 50.851915 10.842284 155.158768
v 49.287155 27.856758 135.801314
v 45.059796 44.662505 138.558996
v 45.982049 27.196115 133.095824
v 51.416735 -0.000000 160.506721
v 50.931321 1.692873 162.541864
v 48.637499 0.007516 162.834824
v 67.567589 87.053115 151.337393
v 66.658342 88.973487 149.820899
v 66.028267 87.093842 151.571739
v 38.363387 61.024207 139.099959
v 34.506611 64.878660 135.596478
v 37.810322 62.941903 134.912375
v 45.403929 59.021181 138.256729
v 42.461188 61.242246 136.434846
v 42.841372 60.077655 135.311580
v 60.894127 85.436762 148.756471
v 60.860824 85.998267 148.908255
v 60.011750 90.025252 151.306583
v 37.990836 74.316989 180.595936
v 37.071754 73.205833 175.494321
v 38.417230 72.577940 179.595244
v 42.499363 20.937133 118.816044
v 43.443738 22.267416 121.775385
v 40.619116 30.303875 122.771428
v 66.818487 71.065486 150.812955
v 68.056870 73.049820 147.265920
v 63.713744 76.307893 153.523023
v 68.464376 85.132385 149.076942
v 65.278861 86.138130 149.567408
v 66.658342 88.973487 149.820899
v 24.419455 70.692163 131.116876
v 27.096130 71.393048 131.026573
v 24.044751 73.078107 131.573062
v 31.597523 21.450024 141.319999
v 33.129495 23.542284 145.144979
v 32.155668 25.835218 141.982557
v 67.151863 58.937765 136.101778
v 69.815465 47.213275 136.231134
v 69.686509 50.074519 132.956291
v 33.835990 69.456935 132.055349
v 31.547183 69.953954 132.326433
v 33.181554 69.406795 129.632374
v 39.141845 47.397500 138.521138
v 36.018014 51.123440 137.353921
v 37.838216 48.842948 136.251598
v 47.108734 54.260904 139.025039
v 44.275396 54.966473 137.154336
v 44.523192 54.665625 138.799411
v 63.483076 84.821165 144.650583
v 63.185904 85.387207 141.602257
v 65.431147 87.012482 143.583264
v 63.713744 76.307893 153.523023
v 67.638833 71.994919 154.578335
v 66.818487 71.065486 150.812955
v 53.589675 20.324862 134.128993
v 52.785700 30.444500 133.826452
v 49.287155 27.856758 135.801314
v 43.296327 92.546904 151.609573
v 42.884495 92.054629 148.166632
v 39.459727 89.701557 149.389093
v 55.759681 53.164881 148.529579
v 56.192759 43.795374 149.153951
v 61.988428 49.702102 154.112519
v 48.261365 80.668235 130.961873
v 44.457302 83.225822 131.477921
v 48.936546 82.848013 127.643610
v 64.987209 0.757802 155.432176
v 68.069919 0.520522 156.580461
v 65.206342 3.540909 157.456552
v 39.276606 74.014543 173.183157
v 39.632646 72.544109 175.092416
v 34.155456 72.309189 161.144053
v 65.206342 3.540909 157.456552
v 67.347148 6.717533 156.532935
v 62.391381 8.075815 157.783796
v 56.694163 83.448130 143.203314
v 53.302378 76.478654 142.914556
v 55.224453 80.704856 149.978177
v 53.504783 6.911720 120.134813
v 52.263800 8.994505 121.186128
v 54.071830 2.860857 120.533344
v 63.185904 85.387207 141.602257
v 60.135500 84.872550 142.838247
v 61.236546 89.189768 140.064024
v 67.151863 58.937765 136.101778
v 68.434344 59.099794 138.522422
v 70.686498 49.651841 138.136154
v 34.737839 19.167792 136.880546
v 35.857583 32.243984 139.885581
v 37.875416 15.352422 136.392343
v 71.853563 50.106168 148.142345
v 71.411738 46.376277 147.384457
v 71.307321 48.015366 144.906666
v 45.974071 75.590752 182.813249
v 44.015869 74.799590 181.371237
v 44.504972 75.429599 178.009331
v 47.136147 95.409739 129.246915
v 50.897558 89.952767 126.447989
v 43.208516 91.154587 127.958356
v 36.715938 41.206213 151.416458
v 40.015752 40.879309 152.661641
v 38.737922 44.240638 153.825759
v 34.871644 79.314136 144.759882
v 32.461786 76.544517 144.504421
v 31.416933 77.984130 148.077463
v 38.417230 72.577940 179.595244
v 42.229661 72.032051 179.939640
v 37.990836 74.316989 180.595936
v 23.032248 73.246067 130.659986
v 24.044751 73.078107 131.573062
v 23.165550 74.127757 130.386354
v 40.340465 7.398128 139.487863
v 38.793949 5.342167 143.560735
v 40.306898 1.943290 139.361403
v 47.118336 24.115133 159.859824
v 48.867499 28.631895 159.609537
v 43.782447 42.423984 156.337817
v 45.811998 76.882893 136.700407
v 44.323477 73.355186 140.518021
v 48.174845 76.430452 142.408243
v 53.764273 75.528496 150.409234
v 53.302378 76.478654 142.914556
v 51.185384 76.279235 146.428579
v 49.482270 78.973329 125.430568
v 48.652171 77.044696 122.316037
v 43.644433 71.968460 124.365622
v 66.669234 75.457419 136.158541
v 63.361347 75.225157 135.970317
v 72.189162 73.641599 133.020309
v 23.582947 73.382204 130.859145
v 23.615086 72.766804 131.159297
v 23.032248 73.246067 130.659986
v 42.931247 1.681334 130.688234
v 42.155371 0.709307 128.630361
v 51.099491 0.777042 127.702457
v 40.127640 58.055848 138.804460
v 44.523192 54.665625 138.799411
v 42.374223 51.364636 136.546673
v 54.207524 51.318902 140.635940
v 51.886527 50.000435 139.398717
v 53.111684 45.803204 139.100880
v 36.471693 51.516902 153.398990
v 37.645195 67.522936 153.126322
v 30.796403 50.959813 150.127498
v 33.102202 63.444268 144.958629
v 33.847053 65.999293 142.477150
v 36.018014 51.123440 137.353921
v 53.300956 54.208934 137.814704
v 54.949627 60.962361 135.882269
v 50.197973 64.310563 138.473361
v 47.118336 24.115133 159.859824
v 44.936656 24.932089 157.769594
v 45.866194 19.598126 155.105339
v 66.480999 33.228487 153.142145
v 65.916839 22.284675 156.001721
v 69.429776 32.785947 151.544983
v 50.582999 72.254562 155.932238
v 52.217509 68.670123 161.908807
v 51.841150 74.897051 153.195660
v 44.842106 89.045077 156.989397
v 48.339709 86.663067 152.180587
v 47.732260 90.589994 151.794000
v 37.645195 67.522936 153.126322
v 43.122249 64.624899 154.325954
v 39.664341 72.816139 151.898135
v 38.268011 78.818428 146.943395
v 34.078588 79.442733 148.813039
v 37.548021 76.754981 150.267287
v 71.001039 76.438112 135.833711
v 66.669234 75.457419 136.158541
v 73.028157 74.675001 136.012869
v 55.177093 71.748447 152.197525
v 56.062199 69.801307 148.496990
v 56.193673 72.391397 151.661117
v 74.121397 80.909682 149.542364
v 71.274003 82.625688 152.250547
v 72.070543 77.673197 151.673990
v 44.015869 74.799590 181.371237
v 37.990836 74.316989 180.595936
v 42.229661 72.032051 179.939640
v 53.504783 6.911720 120.134813
v 47.331634 28.565977 118.984919
v 52.263800 8.994505 121.186128
v 60.248652 44.746545 152.089565
v 61.988428 49.702102 154.112519
v 56.192759 43.795374 149.153951
v 49.347457 6.574566 121.708940
v 49.198757 3.110195 123.931872
v 51.132259 10.762376 123.080736
v 36.989636 75.111674 174.407017
v 41.587149 76.198183 176.482061
v 41.206120 74.095582 175.286905
v 60.011750 90.025252 151.306583
v 59.239197 96.518993 150.894456
v 56.084010 92.023706 151.169697
v 42.841372 60.077655 135.311580
v 42.216568 69.562697 136.444121
v 41.349131 69.577855 133.183940
v 44.448569 58.950972 140.935044
v 47.254008 57.614124 140.811634
v 46.850848 54.152888 141.044402
v 66.028267 87.093842 151.571739
v 68.961581 84.901452 151.278082
v 67.567589 87.053115 151.337393
v 40.770873 79.961621 149.168635
v 42.368572 78.460168 151.611681
v 40.576679 83.109116 153.487572
v 59.682315 81.578589 135.014722
v 70.510917 78.491015 133.645201
v 74.086961 75.449301 130.433645
v 60.632336 78.482968 134.328137
v 66.603334 75.959040 132.201841
v 58.162444 76.369065 136.181389
v 41.505925 81.307858 144.562420
v 39.739402 79.718601 144.648168
v 40.770873 79.961621 149.168635
v 49.626974 40.403039 127.602951
v 47.207646 40.250972 126.840841
v 47.062365 34.763107 124.607265
v 52.288047 9.769115 150.431272
v 51.764248 19.621491 157.014114
v 50.851915 10.842284 155.158768
v 53.545615 6.852045 152.034649
v 52.288758 3.812033 147.439238
v 52.288047 9.769115 150.431272
v 59.634091 66.041083 136.527457
v 58.162444 76.369065 136.181389
v 63.361347 75.225157 135.970317
v 43.208516 91.154587 127.958356
v 47.089428 88.525129 127.020386
v 43.703648 88.820916 131.887959
v 61.513764 98.536676 144.655927
v 59.736292 97.024262 141.821012
v 58.890068 98.652202 146.141906
v 47.062365 34.763107 124.607265
v 43.443738 22.267416 121.775385
v 45.647729 27.694738 122.249164
v 48.313139 67.173625 119.406816
v 54.927779 71.309061 121.764955
v 49.901328 67.201305 121.623383
v 40.619116 30.303875 122.771428
v 39.488389 34.956995 120.357862
v 38.684502 29.446262 118.862225
v 32.951116 71.460014 145.991736
v 33.102202 63.444268 144.958629
v 35.254273 72.549813 150.664980
v 30.488182 75.713491 133.659866
v 33.040211 75.215065 133.435349
v 30.799707 78.306758 131.189146
v 47.083474 83.280361 133.955461
v 43.692310 85.432827 132.273519
v 44.457302 83.225822 131.477921
v 54.889699 80.389196 125.949376
v 50.380082 81.112576 125.494537
v 50.897558 89.952767 126.447989
v 29.283097 0.205355 146.962649
v 28.994104 1.257222 151.390861
v 28.305613 1.507049 146.523158
v 57.000693 88.275803 134.612386
v 57.525357 87.630976 132.409271
v 57.142250 89.858103 132.959955
v 43.367354 80.284601 143.752944
v 44.855444 80.651456 142.534522
v 44.031651 81.285381 142.853783
v 45.227299 61.996067 122.781980
v 52.706116 55.004216 119.257456
v 45.882814 54.330820 121.055473
v 48.326938 8.979666 153.768923
v 49.473156 6.530374 154.491138
v 50.851915 10.842284 155.158768
v 47.062365 34.763107 124.607265
v 47.207646 40.250972 126.840841
v 40.619116 30.303875 122.771428
v 71.743584 85.368324 147.838638
v 72.762245 85.246820 149.150166
v 72.997562 89.064289 147.403848
v 31.547183 69.953954 132.326433
v 37.810322 62.941903 134.912375
v 34.506611 64.878660 135.596478
v 68.434344 59.099794 138.522422
v 68.699537 61.445851 144.650076
v 70.686498 49.651841 138.136154
v 66.890318 1.216817 152.256993
v 63.093971 3.703845 153.631580
v 66.118252 6.237361 152.403216
v 67.496711 59.425652 148.549076
v 70.103455 46.782971 147.020945
v 71.853563 50.106168 148.142345
v 64.706720 69.072807 150.647682
v 63.220086 65.207273 149.452265
v 65.447861 65.476811 148.590879
v 33.172570 33.629697 140.856628
v 31.597523 21.450024 141.319999
v 32.155668 25.835218 141.982557
v 34.871644 79.314136 144.759882
v 37.385560 75.482761 140.947486
v 32.461786 76.544517 144.504421
v 55.768243 49.040396 120.182050
v 57.663781 56.827582 124.892604
v 58.747976 52.349091 125.795199
v 63.220086 65.207273 149.452265
v 64.564026 45.716119 154.332083
v 68.913849 48.278305 151.452615
v 32.489735 70.965075 127.902422
v 33.367130 70.383560 127.391546
v 33.289261 69.620806 126.943844
v 42.522980 91.559249 133.922032
v 49.940430 86.122763 138.431410
v 50.566525 93.895793 136.397942
v 64.564026 45.716119 154.332083
v 63.220086 65.207273 149.452265
v 61.988428 49.702102 154.112519
v 33.181554 69.406795 129.632374
v 38.925019 64.088619 124.315954
v 36.517284 68.783474 128.173817
v 55.668797 44.236401 134.335706
v 56.819749 44.511405 136.871336
v 54.080843 43.539453 137.046294
v 52.742603 67.839289 144.359288
v 51.220461 67.207170 142.193672
v 53.462046 68.655741 141.631331
v 31.416933 77.984130 148.077463
v 32.951116 71.460014 145.991736
v 31.688097 72.804152 149.625645
v 42.229661 72.032051 179.939640
v 42.816485 69.480370 173.996320
v 44.927238 70.769595 175.540580
v 47.785456 32.653702 120.825394
v 47.495321 26.195130 120.620604
v 47.331634 28.565977 118.984919
v 49.198757 3.110195 123.931872
v 46.836105 4.460138 125.145415
v 47.004113 9.066853 127.297326
v 49.901328 67.201305 121.623383
v 56.381608 59.093935 122.406972
v 52.706116 55.004216 119.257456
v 44.980761 5.867452 115.165250
v 45.654229 12.698713 114.882741
v 50.210929 7.134581 114.964055
v 43.122249 64.624899 154.325954
v 45.005185 56.149905 155.867528
v 48.729783 69.744461 154.906436
v 53.302378 76.478654 142.914556
v 54.284613 79.299581 138.471451
v 51.922684 75.794327 141.428998
v 43.935570 81.219387 143.342994
v 41.505925 81.307858 144.562420
v 43.421092 81.799388 143.000070
v 66.115317 84.558785 149.627309
v 65.695087 84.802783 150.265557
v 66.217889 84.129131 149.668372
v 40.619116 30.303875 122.771428
v 38.684502 29.446262 118.862225
v 42.499363 20.937133 118.816044
v 60.632336 78.482968 134.328137
v 59.682315 81.578589 135.014722
v 66.603334 75.959040 132.201841
v 64.987209 0.757802 155.432176
v 66.890318 1.216817 152.256993
v 71.533193 0.097788 153.365933
v 74.994138 76.654590 131.406686
v 74.279754 79.847170 141.746060
v 75.377409 75.056792 134.798373
v 59.682315 81.578589 135.014722
v 65.484401 80.694414 134.956398
v 70.510917 78.491015 133.645201
v 54.456704 80.731511 136.678678
v 49.940430 86.122763 138.431410
v 51.824376 80.944216 137.135880
v 55.987366 96.594965 147.816024
v 59.239197 96.518993 150.894456
v 58.890068 98.652202 146.141906
v 42.816485 69.480370 173.996320
v 41.332360 71.466498 174.932811
v 48.201409 67.442089 166.851238
v 67.255239 45.376546 143.794561
v 69.479426 44.368873 147.430502
v 65.691286 42.716834 144.276430
v 48.201409 67.442089 166.851238
v 49.685680 68.022769 162.858240
v 50.452573 64.504802 162.473042
v 34.565561 10.171103 142.275058
v 33.129495 23.542284 145.144979
v 32.698868 10.103347 140.335871
v 35.879601 35.906022 148.537734
v 31.666681 28.639313 147.035264
v 35.029529 23.434728 146.339609
v 74.086961 75.449301 130.433645
v 72.467129 78.511513 134.892446
v 74.994138 76.654590 131.406686
v 33.306749 70.722890 127.532212
v 33.363656 70.529234 126.851411
v 33.592846 71.370250 128.214996
v 46.836105 4.460138 125.145415
v 48.231376 1.251936 125.506607
v 45.937150 2.032918 124.613616
v 63.687748 40.674538 144.992163
v 62.703236 32.890070 147.896872
v 60.911650 42.211938 146.034833
v 43.443738 22.267416 121.775385
v 42.499363 20.937133 118.816044
v 44.113935 9.897763 119.167942
v 47.062365 34.763107 124.607265
v 45.647729 27.694738 122.249164
v 47.785456 32.653702 120.825394
v 44.059616 80.894917 142.776237
v 45.197625 78.820675 143.633285
v 43.367354 80.284601 143.752944
v 48.637499 0.007516 162.834824
v 46.974485 1.173335 158.050101
v 50.342191 0.033927 147.359914
v 56.694163 83.448130 143.203314
v 60.135500 84.872550 142.838247
v 59.245429 83.520520 141.869986
v 48.261365 80.668235 130.961873
v 49.482270 78.973329 125.430568
v 45.811998 76.882893 136.700407
v 35.153534 71.467179 126.990797
v 36.776894 69.954800 127.280253
v 40.172701 68.794966 121.633845
v 32.822560 1.134657 140.328277
v 28.305613 1.507049 146.523158
v 33.012020 4.146104 140.767731
v 37.472274 64.563673 139.418677
v 31.445260 71.287149 134.145822
v 34.506611 64.878660 135.596478
v 59.736292 97.024262 141.821012
v 64.010187 95.416773 141.555266
v 61.236546 89.189768 140.064024
v 54.184046 21.242589 131.390256
v 55.344448 13.941110 128.041270
v 55.197377 22.639156 130.740735
v 55.177093 71.748447 152.197525
v 54.415475 73.339069 153.467360
v 52.217509 68.670123 161.908807
v 45.811998 76.882893 136.700407
v 49.482270 78.973329 125.430568
v 41.349131 69.577855 133.183940
v 41.349131 69.577855 133.183940
v 49.482270 78.973329 125.430568
v 43.644433 71.968460 124.365622
v 41.587149 76.198183 176.482061
v 44.608621 71.853905 174.122915
v 41.206120 74.095582 175.286905
v 44.608621 71.853905 174.122915
v 41.332360 71.466498 174.932811
v 41.206120 74.095582 175.286905
v 57.208374 84.733570 132.793349
v 57.197263 82.421709 132.886638
v 57.303122 83.009357 132.226639
v 49.001759 29.602009 152.570644
v 49.821282 41.516277 149.784936
v 51.640712 30.913517 156.835960
v 48.201409 67.442089 166.851238
v 41.332360 71.466498 174.932811
v 44.608621 71.853905 174.122915
v 56.875321 86.905104 132.907026
v 57.089664 84.941221 131.714216
v 57.005781 89.162207 131.670335
v 57.953942 81.258774 131.584341
v 57.515276 83.105517 129.688925
v 57.364550 83.128286 131.626650
v 71.307321 48.015366 144.906666
v 71.411738 46.376277 147.384457
v 68.562582 45.538948 143.030015
v 29.632861 72.760766 128.686250
v 30.981533 78.683352 129.667441
v 32.489735 70.965075 127.902422
v 63.081217 96.789044 147.914903
v 61.513764 98.536676 144.655927
v 58.890068 98.652202 146.141906
v 46.836105 4.460138 125.145415
v 38.875982 1.466185 126.001198
v 43.000789 4.371309 127.118558
v 39.007725 2.428597 127.661657
v 42.155371 0.709307 128.630361
v 42.931247 1.681334 130.688234
v 44.341962 63.769412 122.923555
v 42.532188 63.100624 121.295321
v 48.313139 67.173625 119.406816
v 48.227187 3.009128 158.338990
v 51.409260 6.079605 154.424092
v 49.473156 6.530374 154.491138
v 74.279754 79.847170 141.746060
v 74.994138 76.654590 131.406686
v 72.467129 78.511513 134.892446
v 45.810048 80.121445 153.820153
v 42.753180 80.070137 154.861513
v 42.368572 78.460168 151.611681
v 63.443669 33.032641 152.529780
v 62.287354 31.414730 150.354216
v 61.742453 21.519077 154.901777
v 57.949248 47.696403 125.302913
v 55.768243 49.040396 120.182050
v 58.747976 52.349091 125.795199
v 47.785412 48.976856 140.475250
v 50.351006 43.548006 139.933942
v 51.886527 50.000435 139.398717
v 37.071754 73.205833 175.494321
v 33.174928 72.176890 165.316823
v 39.632646 72.544109 175.092416
v 61.365000 42.591477 151.714083
v 60.231311 43.968150 149.478080
v 62.287354 31.414730 150.354216
v 55.344448 13.941110 128.041270
v 53.481885 5.242485 126.297774
v 55.343953 5.620632 125.935732
v 62.703236 32.890070 147.896872
v 63.008270 31.606251 147.693260
v 62.287354 31.414730 150.354216
v 68.913849 48.278305 151.452615
v 69.429776 32.785947 151.544983
v 69.479426 44.368873 147.430502
v 38.520323 40.750378 141.815615
v 35.857583 32.243984 139.885581
v 35.576865 40.893995 140.087376
v 72.725309 80.457551 146.311937
v 75.377409 75.056792 134.798373
v 74.279754 79.847170 141.746060
v 57.151667 72.598065 123.619235
v 55.572271 77.697021 122.304621
v 58.050059 73.826373 127.685268
v 54.889699 80.389196 125.949376
v 57.953942 81.258774 131.584341
v 58.050059 73.826373 127.685268
v 32.822560 1.134657 140.328277
v 37.865345 2.922219 136.296941
v 38.658584 0.246519 138.974961
v 56.381608 59.093935 122.406972
v 49.901328 67.201305 121.623383
v 55.545172 63.130105 124.309364
v 51.099491 0.777042 127.702457
v 53.559813 0.908477 122.773441
v 53.706590 2.128530 125.347571
v 45.005185 56.149905 155.867528
v 43.636757 56.389504 154.270928
v 43.782447 42.423984 156.337817
v 59.239197 96.518993 150.894456
v 64.134671 91.759038 149.399997
v 63.081217 96.789044 147.914903
v 45.197625 78.820675 143.633285
v 42.523400 72.882563 141.195673
v 37.385560 75.482761 140.947486
v 39.461593 24.396038 141.339148
v 38.554448 38.616603 148.291053
v 36.603892 21.790698 144.597345
v 47.603538 4.270172 153.427810
v 48.326938 8.979666 153.768923
v 46.448877 5.259633 151.286297
v 44.226157 29.382098 115.956862
v 44.504754 39.075959 116.884415
v 46.627184 33.957971 117.756932
v 68.984829 67.135275 156.075683
v 72.834015 66.319877 155.256142
v 71.182622 69.102389 156.024892
v 69.489026 54.707122 144.047991
v 68.699537 61.445851 144.650076
v 71.853563 50.106168 148.142345
v 33.637719 6.068163 143.820563
v 32.698868 10.103347 140.335871
v 33.676895 6.161400 138.420538
v 48.227187 3.009128 158.338990
v 46.974485 1.173335 158.050101
v 47.936389 1.840185 162.413924
v 34.603408 71.230781 130.889953
v 36.517284 68.783474 128.173817
v 36.776894 69.954800 127.280253
v 47.154608 81.336569 149.720173
v 47.953947 79.206288 149.992019
v 47.445276 80.270731 145.172952
v 47.266558 83.758682 145.146918
v 49.214415 87.237870 148.883241
v 47.154608 81.336569 149.720173
v 39.664341 72.816139 151.898135
v 45.807721 75.938451 150.376437
v 41.918802 75.904166 150.001423
v 67.567589 87.053115 151.337393
v 68.961581 84.901452 151.278082
v 68.464376 85.132385 149.076942
v 65.447861 65.476811 148.590879
v 63.220086 65.207273 149.452265
v 68.913849 48.278305 151.452615
v 49.818177 49.805790 144.840795
v 49.500673 54.755914 144.755271
v 51.466577 47.122896 149.167436
v 40.534405 59.381568 131.801527
v 41.349131 69.577855 133.183940
v 42.701002 66.230691 124.696374
v 59.969120 82.627655 136.569795
v 59.245429 83.520520 141.869986
v 64.323781 79.953617 138.554016
v 47.062365 34.763107 124.607265
v 53.513109 41.884086 125.391171
v 49.626974 40.403039 127.602951
v 40.306898 1.943290 139.361403
v 38.793949 5.342167 143.560735
v 35.643062 4.174548 145.528477
v 47.136147 95.409739 129.246915
v 42.820343 93.296647 130.830100
v 47.627937 96.301663 132.966314
v 32.728618 76.744627 156.325818
v 31.416933 77.984130 148.077463
v 32.281257 75.815420 163.408578
v 54.415475 73.339069 153.467360
v 57.123143 75.523233 154.123743
v 53.764273 75.528496 150.409234
v 48.125240 43.136954 156.589313
v 45.005185 56.149905 155.867528
v 43.782447 42.423984 156.337817
v 64.323781 79.953617 138.554016
v 63.108186 79.888827 146.641053
v 68.056870 73.049820 147.265920
v 46.089058 87.759364 136.267671
v 49.940430 86.122763 138.431410
v 42.522980 91.559249 133.922032
v 73.495518 66.960788 152.281444
v 74.019594 73.010052 152.562127
v 72.834015 66.319877 155.256142
v 44.927238 70.769595 175.540580
v 50.590752 68.204748 167.028130
v 44.608621 71.853905 174.122915
v 73.028157 74.675001 136.012869
v 72.189162 73.641599 133.020309
v 75.377409 75.056792 134.798373
v 47.157630 14.540148 131.291878
v 45.473434 6.319088 130.000628
v 49.565035 17.896444 135.231657
v 30.799707 78.306758 131.189146
v 33.040211 75.215065 133.435349
v 30.981533 78.683352 129.667441
v 68.069919 0.520522 156.580461
v 64.987209 0.757802 155.432176
v 71.533193 0.097788 153.365933
v 57.107065 11.515046 123.723991
v 57.407909 10.518715 125.354601
v 57.803520 5.054993 124.746529
v 57.373164 85.824967 133.798523
v 57.846103 83.798439 132.886408
v 57.208374 84.733570 132.793349
v 37.385560 75.482761 140.947486
v 34.871644 79.314136 144.759882
v 39.739402 79.718601 144.648168
v 52.217509 68.670123 161.908807
v 50.590752 68.204748 167.028130
v 52.384104 65.296631 166.697485
v 45.179877 0.999141 125.055316
v 46.836105 4.460138 125.145415
v 45.937150 2.032918 124.613616
v 63.222751 32.069773 147.391100
v 63.008270 31.606251 147.693260
v 63.687748 40.674538 144.992163
v 57.519702 1.157243 120.988096
v 54.071830 2.860857 120.533344
v 60.540286 2.631170 121.970448
v 50.197973 64.310563 138.473361
v 54.823652 68.410546 139.079091
v 51.305443 67.858303 139.616822
v 56.263619 61.176062 132.174780
v 54.949627 60.962361 135.882269
v 56.459074 56.912208 136.049203
v 43.703648 88.820916 131.887959
v 46.089058 87.759364 136.267671
v 42.522980 91.559249 133.922032
v 45.059796 44.662505 138.558996
v 45.170626 47.065431 140.110354
v 42.731441 47.630000 137.591652
v 26.636987 79.311066 130.526084
v 30.799707 78.306758 131.189146
v 26.865857 80.547690 131.324100
v 55.545172 63.130105 124.309364
v 49.901328 67.201305 121.623383
v 54.927779 71.309061 121.764955
v 42.884495 92.054629 148.166632
v 41.468077 84.448230 142.101392
v 40.762401 86.415338 145.427485
v 46.974485 1.173335 158.050101
v 47.603538 4.270172 153.427810
v 47.367731 2.309245 148.131474
v 64.873340 88.926161 140.591115
v 65.811386 91.726292 144.746424
v 65.431147 87.012482 143.583264
v 49.287155 27.856758 135.801314
v 45.170626 47.065431 140.110354
v 45.059796 44.662505 138.558996
v 67.496711 59.425652 148.549076
v 66.877011 67.291713 147.595778
v 65.447861 65.476811 148.590879
v 47.251278 49.746162 117.881804
v 44.504754 39.075959 116.884415
v 39.823841 30.489919 117.162965
v 58.244173 54.732174 133.829155
v 57.394334 65.790767 139.270108
v 59.634091 66.041083 136.527457
v 53.300956 54.208934 137.814704
v 55.044775 54.973603 137.866281
v 54.949627 60.962361 135.882269
v 58.122325 32.816715 128.766783
v 57.674140 42.801887 135.089204
v 59.152835 42.360056 130.813686
v 63.165450 31.546080 147.219348
v 65.691286 42.716834 144.276430
v 66.487539 13.777802 151.724603
v 52.288047 9.769115 150.431272
v 52.704450 20.731100 153.262630
v 51.764248 19.621491 157.014114
v 48.936546 82.848013 127.643610
v 50.380082 81.112576 125.494537
v 49.482270 78.973329 125.430568
v 31.666681 28.639313 147.035264
v 32.155668 25.835218 141.982557
v 33.129495 23.542284 145.144979
v 57.000693 88.275803 134.612386
v 57.373164 85.824967 133.798523
v 57.525357 87.630976 132.409271
v 57.005781 89.162207 131.670335
v 53.271704 94.435895 129.665819
v 57.142250 89.858103 132.959955
v 51.220461 67.207170 142.193672
v 52.742603 67.839289 144.359288
v 49.500673 54.755914 144.755271
v 31.547183 69.953954 132.326433
v 33.835990 69.456935 132.055349
v 37.810322 62.941903 134.912375
v 52.305525 65.938979 149.890375
v 50.038314 64.740741 153.890003
v 49.640374 56.494945 147.323095
v 47.383851 76.215732 153.032352
v 47.953947 79.206288 149.992019
v 45.807721 75.938451 150.376437
v 58.162444 76.369065 136.181389
v 56.382726 76.088834 136.096336
v 54.284613 79.299581 138.471451
v 43.367354 80.284601 143.752944
v 41.505925 81.307858 144.562420
v 43.935570 81.219387 143.342994
v 46.115075 2.279604 114.692473
v 49.033764 5.135170 116.167274
v 52.821124 4.539347 118.267523
v 65.691286 42.716834 144.276430
v 69.690422 30.662534 149.126822
v 66.487539 13.777802 151.724603
v 44.059616 80.894917 142.776237
v 44.855444 80.651456 142.534522
v 45.197625 78.820675 143.633285
v 73.023410 82.728738 145.541087
v 74.961124 85.059405 147.309806
v 74.121397 80.909682 149.542364
v 39.774283 51.229745 135.873129
v 42.374223 51.364636 136.546673
v 42.731441 47.630000 137.591652
v 56.263619 61.176062 132.174780
v 56.459074 56.912208 136.049203
v 57.907234 54.003507 132.095582
v 46.861414 8.857879 149.842107
v 48.436795 7.666206 147.246144
v 46.448877 5.259633 151.286297
v 50.038314 64.740741 153.890003
v 51.466577 47.122896 149.167436
v 49.640374 56.494945 147.323095
v 32.951116 71.460014 145.991736
v 31.416933 77.984130 148.077463
v 32.461786 76.544517 144.504421
v 50.689552 35.837752 137.195292
v 49.287155 27.856758 135.801314
v 52.785700 30.444500 133.826452
v 56.084010 92.023706 151.169697
v 54.370074 92.975855 147.623997
v 56.389001 87.544239 150.264307
v 44.015869 74.799590 181.371237
v 40.559678 77.061115 179.122509
v 37.990836 74.316989 180.595936
v 43.291610 46.536937 131.958589
v 46.630635 44.043419 128.799170
v 47.868092 21.742901 130.036783
v 54.889699 80.389196 125.949376
v 49.482270 78.973329 125.430568
v 50.380082 81.112576 125.494537
v 63.713744 76.307893 153.523023
v 68.056870 73.049820 147.265920
v 63.108186 79.888827 146.641053
v 70.111598 83.111680 146.048970
v 70.956442 79.408384 144.893280
v 67.804260 80.839694 148.675518
v 44.226157 29.382098 115.956862
v 45.654229 12.698713 114.882741
v 39.823841 30.489919 117.162965
v 40.809961 64.005739 119.793976
v 35.986375 65.595174 124.540090
v 37.965292 67.375290 121.493296
v 48.231376 1.251936 125.506607
v 50.412908 0.968355 121.857642
v 53.559813 0.908477 122.773441
v 66.109410 84.543771 149.638526
v 66.115317 84.558785 149.627309
v 66.770308 84.277618 148.962806
v 35.029529 23.434728 146.339609
v 31.666681 28.639313 147.035264
v 33.129495 23.542284 145.144979
v 39.461593 24.396038 141.339148
v 39.537615 12.462929 137.653561
v 37.875416 15.352422 136.392343
v 49.198757 3.110195 123.931872
v 47.004113 9.066853 127.297326
v 50.559738 18.693900 128.150647
v 70.243553 64.865214 153.733663
v 59.525595 71.436304 152.502439
v 64.706720 69.072807 150.647682
v 48.339709 86.663067 152.180587
v 49.214415 87.237870 148.883241
v 47.732260 90.589994 151.794000
v 54.080843 43.539453 137.046294
v 55.562664 45.445490 141.736625
v 53.111684 45.803204 139.100880
v 35.643062 4.174548 145.528477
v 28.994104 1.257222 151.390861
v 32.765330 0.810897 149.372090
v 42.931247 1.681334 130.688234
v 48.154971 4.715529 132.363389
v 43.000789 4.371309 127.118558
v 43.782447 42.423984 156.337817
v 43.636757 56.389504 154.270928
v 38.737922 44.240638 153.825759
v 51.466577 47.122896 149.167436
v 49.821282 41.516277 149.784936
v 47.301135 46.743855 143.553916
v 68.699537 61.445851 144.650076
v 68.530951 68.259895 144.672657
v 66.877011 67.291713 147.595778
v 63.443669 33.032641 152.529780
v 66.480999 33.228487 153.142145
v 66.062678 42.674846 153.223172
v 57.089664 84.941221 131.714216
v 57.511484 84.130347 131.851936
v 57.688998 84.411175 131.656991
v 42.647882 40.071505 144.637561
v 38.520323 40.750378 141.815615
v 39.440411 45.468545 140.581131
v 57.248070 2.548040 126.058856
v 60.523700 2.608682 124.885418
v 57.803520 5.054993 124.746529
v 43.633608 46.861073 137.182114
v 43.270720 51.308805 135.591924
v 43.291610 46.536937 131.958589
v 57.364550 83.128286 131.626650
v 57.530694 82.869536 132.450124
v 57.494027 82.724429 131.781225
v 37.472274 64.563673 139.418677
v 38.776819 66.745686 137.699452
v 35.438105 70.354426 133.948890
v 65.691286 42.716834 144.276430
v 63.165450 31.546080 147.219348
v 63.687748 40.674538 144.992163
v 48.636771 38.526255 128.601498
v 51.824410 40.380195 129.426023
v 53.043645 23.149500 129.536002
v 74.019594 73.010052 152.562127
v 73.495518 66.960788 152.281444
v 74.121397 80.909682 149.542364
v 49.964630 44.696138 117.128156
v 46.627184 33.957971 117.756932
v 44.504754 39.075959 116.884415
v 56.382726 76.088834 136.096336
v 55.977116 68.497169 137.121148
v 57.953942 81.258774 131.584341
v 55.977116 68.497169 137.121148
v 54.949627 60.962361 135.882269
v 56.263619 61.176062 132.174780
v 56.263619 61.176062 132.174780
v 58.050059 73.826373 127.685268
v 55.977116 68.497169 137.121148
v 58.050059 73.826373 127.685268
v 57.953942 81.258774 131.584341
v 55.977116 68.497169 137.121148
v 63.350843 69.368882 136.503254
v 63.361347 75.225157 135.970317
v 67.141608 72.128857 138.261060
v 70.984091 71.276010 150.655640
v 71.025435 79.342104 148.269208
v 71.416637 67.349923 151.169812
v 70.243553 64.865214 153.733663
v 64.706720 69.072807 150.647682
v 66.335232 69.207502 150.786455
v 53.300956 54.208934 137.814704
v 50.197973 64.310563 138.473361
v 47.585605 60.560542 139.045837
v 57.394334 65.790767 139.270108
v 56.884655 69.421995 137.933509
v 59.634091 66.041083 136.527457
v 42.216568 69.562697 136.444121
v 44.323477 73.355186 140.518021
v 45.811998 76.882893 136.700407
v 51.841150 74.897051 153.195660
v 48.264619 78.413737 146.794613
v 48.219560 74.861782 153.145865
v 62.080358 30.724669 127.897912
v 67.015622 47.265504 131.299660
v 66.108050 41.186190 131.685516
v 60.011750 90.025252 151.306583
v 56.389001 87.544239 150.264307
v 59.509525 85.686344 149.100520
v 70.510917 78.491015 133.645201
v 65.484401 80.694414 134.956398
v 71.001039 76.438112 135.833711
v 65.484401 80.694414 134.956398
v 67.057699 77.016217 137.018078
v 71.001039 76.438112 135.833711
v 33.172570 33.629697 140.856628
v 35.857583 32.243984 139.885581
v 34.737839 19.167792 136.880546
v 67.255239 45.376546 143.794561
v 68.359614 46.459270 137.705546
v 69.807465 45.233289 139.350498
v 60.911650 42.211938 146.034833
v 62.287354 31.414730 150.354216
v 60.231311 43.968150 149.478080
v 49.565035 17.896444 135.231657
v 48.154971 4.715529 132.363389
v 53.239189 2.277172 130.157580
v 68.961581 84.901452 151.278082
v 72.762245 85.246820 149.150166
v 71.743584 85.368324 147.838638
v 48.436795 7.666206 147.246144
v 46.861414 8.857879 149.842107
v 46.210854 23.359996 151.813397
v 42.054571 68.903852 121.135001
v 48.652171 77.044696 122.316037
v 51.765703 78.469307 120.543735
v 52.305525 65.938979 149.890375
v 52.742603 67.839289 144.359288
v 55.177093 71.748447 152.197525
v 55.177093 71.748447 152.197525
v 52.875673 65.702998 155.749595
v 52.305525 65.938979 149.890375
v 50.412908 0.968355 121.857642
v 48.475559 2.187628 120.480399
v 50.783950 1.739014 118.809492
v 60.096229 64.726985 148.830691
v 61.988428 49.702102 154.112519
v 63.220086 65.207273 149.452265
v 50.590752 68.204748 167.028130
v 52.217509 68.670123 161.908807
v 49.685680 68.022769 162.858240
v 65.916839 22.284675 156.001721
v 66.480999 33.228487 153.142145
v 63.443669 33.032641 152.529780
v 57.907234 54.003507 132.095582
v 58.747976 52.349091 125.795199
v 57.663781 56.827582 124.892604
v 56.224007 61.967725 126.072444
v 56.263619 61.176062 132.174780
v 57.663781 56.827582 124.892604
v 54.949627 60.962361 135.882269
v 55.977116 68.497169 137.121148
v 50.197973 64.310563 138.473361
v 56.389001 87.544239 150.264307
v 54.370074 92.975855 147.623997
v 55.968474 87.258375 146.424948
v 68.984829 67.135275 156.075683
v 57.123143 75.523233 154.123743
v 59.525595 71.436304 152.502439
v 57.123143 75.523233 154.123743
v 56.193673 72.391397 151.661117
v 59.525595 71.436304 152.502439
v 49.940430 86.122763 138.431410
v 54.456704 80.731511 136.678678
v 55.923400 86.427904 135.338818
v 33.676895 6.161400 138.420538
v 32.698868 10.103347 140.335871
v 35.417535 7.735234 137.740018
v 51.974601 63.326895 163.446984
v 52.875673 65.702998 155.749595
v 52.384104 65.296631 166.697485
v 48.264619 78.413737 146.794613
v 47.445276 80.270731 145.172952
v 47.953947 79.206288 149.992019
v 74.961124 85.059405 147.309806
v 71.743584 85.368324 147.838638
v 72.997562 89.064289 147.403848
v 52.263800 8.994505 121.186128
v 47.075538 8.501724 121.469465
v 49.347457 6.574566 121.708940
v 66.062678 42.674846 153.223172
v 66.480999 33.228487 153.142145
v 69.429776 32.785947 151.544983
v 44.081535 3.859312 115.611036
v 49.033764 5.135170 116.167274
v 46.115075 2.279604 114.692473
v 43.644433 71.968460 124.365622
v 48.652171 77.044696 122.316037
v 42.054571 68.903852 121.135001
v 56.062199 69.801307 148.496990
v 60.096229 64.726985 148.830691
v 56.193673 72.391397 151.661117
v 34.797732 73.590117 152.058127
v 35.798249 73.481481 161.443312
v 34.155456 72.309189 161.144053
v 40.809961 64.005739 119.793976
v 39.390207 67.615104 120.391947
v 46.945015 70.144356 118.207542
v 45.982049 27.196115 133.095824
v 49.565035 17.896444 135.231657
v 49.287155 27.856758 135.801314
v 56.224007 61.967725 126.072444
v 55.545172 63.130105 124.309364
v 54.927779 71.309061 121.764955
v 44.341962 63.769412 122.923555
v 38.925019 64.088619 124.315954
v 42.532188 63.100624 121.295321
v 45.882814 54.330820 121.055473
v 41.969891 58.188808 125.064537
v 45.227299 61.996067 122.781980
v 41.969891 58.188808 125.064537
v 42.701002 66.230691 124.696374
v 45.227299 61.996067 122.781980
v 42.423670 39.363568 155.161478
v 44.936656 24.932089 157.769594
v 47.118336 24.115133 159.859824
v 53.504783 6.911720 120.134813
v 54.071830 2.860857 120.533344
v 52.821124 4.539347 118.267523
v 39.664341 72.816139 151.898135
v 43.122249 64.624899 154.325954
v 48.729783 69.744461 154.906436
v 57.685312 63.781375 146.717902
v 56.428436 58.660877 142.040787
v 55.759681 53.164881 148.529579
v 56.428436 58.660877 142.040787
v 55.044775 54.973603 137.866281
v 54.207524 51.318902 140.635940
v 43.291610 46.536937 131.958589
v 41.546528 52.553815 128.384041
v 44.924979 46.724466 126.248553
v 41.546528 52.553815 128.384041
v 44.715880 49.288598 123.092821
v 44.924979 46.724466 126.248553
v 63.220086 65.207273 149.452265
v 59.525595 71.436304 152.502439
v 60.096229 64.726985 148.830691
v 69.690422 30.662534 149.126822
v 69.479426 44.368873 147.430502
v 69.429776 32.785947 151.544983
v 57.000693 88.275803 134.612386
v 50.566525 93.895793 136.397942
v 49.940430 86.122763 138.431410
v 47.266558 83.758682 145.146918
v 47.515694 82.211602 142.629836
v 46.803888 89.262861 145.511976
v 44.936656 24.932089 157.769594
v 43.116947 27.819824 154.070806
v 45.866194 19.598126 155.105339
v 64.134671 91.759038 149.399997
v 62.559648 82.433945 146.377041
v 63.483076 84.821165 144.650583
v 50.351006 43.548006 139.933942
v 50.689552 35.837752 137.195292
v 54.080843 43.539453 137.046294
v 58.759509 83.031750 149.974839
v 57.396972 78.996229 154.363050
v 59.243123 82.367110 150.279505
v 35.576865 40.893995 140.087376
v 35.857583 32.243984 139.885581
v 33.172570 33.629697 140.856628
v 49.821282 41.516277 149.784936
v 51.466577 47.122896 149.167436
v 50.482455 48.252716 154.609401
v 39.276606 74.014543 173.183157
v 41.206120 74.095582 175.286905
v 39.632646 72.544109 175.092416
v 44.927238 70.769595 175.540580
v 44.608621 71.853905 174.122915
v 44.504972 75.429599 178.009331
v 58.122325 32.816715 128.766783
v 53.043645 23.149500 129.536002
v 56.228965 30.376548 131.243621
v 44.842106 89.045077 156.989397
v 43.296327 92.546904 151.609573
v 42.240290 89.539861 156.406383
v 47.089428 88.525129 127.020386
v 43.208516 91.154587 127.958356
v 50.897558 89.952767 126.447989
v 47.868092 21.742901 130.036783
v 46.630635 44.043419 128.799170
v 48.636771 38.526255 128.601498
v 68.913849 48.278305 151.452615
v 69.479426 44.368873 147.430502
v 67.562213 53.938193 148.897536
v 23.582947 73.382204 130.859145
v 23.032248 73.246067 130.659986
v 24.098259 73.001414 130.297585
v 67.638833 71.994919 154.578335
v 63.713744 76.307893 153.523023
v 61.955841 76.335049 155.850794
v 71.743584 85.368324 147.838638
v 74.961124 85.059405 147.309806
v 73.023410 82.728738 145.541087
v 47.394013 23.560542 115.581578
v 50.210929 7.134581 114.964055
v 45.654229 12.698713 114.882741
v 47.444671 26.410055 152.218126
v 43.731525 29.010945 152.417732
v 42.014304 35.826897 148.203551
v 64.456948 33.348740 134.064744
v 63.274782 40.155572 138.409802
v 55.344448 13.941110 128.041270
v 63.337640 62.676573 135.515730
v 66.438220 67.233635 138.921799
v 67.151863 58.937765 136.101778
v 47.254008 57.614124 140.811634
v 47.585605 60.560542 139.045837
v 49.500673 54.755914 144.755271
v 57.953942 81.258774 131.584341
v 57.197263 82.421709 132.886638
v 56.382726 76.088834 136.096336
v 71.274003 82.625688 152.250547
v 72.762245 85.246820 149.150166
v 68.961581 84.901452 151.278082
v 49.001759 29.602009 152.570644
v 51.317058 27.229297 153.311828
v 47.444671 26.410055 152.218126
v 56.228965 30.376548 131.243621
v 55.197377 22.639156 130.740735
v 60.537870 40.692413 138.187274
v 50.931321 1.692873 162.541864
v 52.706068 2.057987 157.040631
v 48.227187 3.009128 158.338990
v 33.363656 70.529234 126.851411
v 37.965292 67.375290 121.493296
v 33.289261 69.620806 126.943844
v 52.742603 67.839289 144.359288
v 52.305525 65.938979 149.890375
v 49.640374 56.494945 147.323095
v 37.645195 67.522936 153.126322
v 35.254273 72.549813 150.664980
v 31.826332 59.999036 148.894196
v 63.337640 62.676573 135.515730
v 67.015622 47.265504 131.299660
v 58.767415 49.736247 131.322580
v 38.149234 28.277188 140.133100
v 37.875416 15.352422 136.392343
v 35.857583 32.243984 139.885581
v 74.121397 80.909682 149.542364
v 73.495518 66.960788 152.281444
v 71.025435 79.342104 148.269208
v 57.208374 84.733570 132.793349
v 57.089664 84.941221 131.714216
v 56.875321 86.905104 132.907026
v 51.886527 50.000435 139.398717
v 47.108734 54.260904 139.025039
v 47.785412 48.976856 140.475250
v 57.672389 84.184909 131.672205
v 57.364550 83.128286 131.626650
v 57.688998 84.411175 131.656991
v 70.956442 79.408384 144.893280
v 72.042042 77.372444 139.401619
v 72.725309 80.457551 146.311937
v 69.429776 32.785947 151.544983
v 67.347148 6.717533 156.532935
v 67.882611 13.344357 153.838346
v 60.537870 40.692413 138.187274
v 55.344448 13.941110 128.041270
v 63.274782 40.155572 138.409802
v 47.785456 32.653702 120.825394
v 46.627184 33.957971 117.756932
v 57.949248 47.696403 125.302913
v 46.627184 33.957971 117.756932
v 55.768243 49.040396 120.182050
v 57.949248 47.696403 125.302913
v 38.149234 28.277188 140.133100
v 38.520323 40.750378 141.815615
v 39.954926 38.142293 144.380359
v 58.767415 49.736247 131.322580
v 62.080358 30.724669 127.897912
v 59.152835 42.360056 130.813686
v 35.879601 35.906022 148.537734
v 36.715938 41.206213 151.416458
v 31.666681 28.639313 147.035264
v 51.099491 0.777042 127.702457
v 42.155371 0.709307 128.630361
v 48.231376 1.251936 125.506607
v 42.155371 0.709307 128.630361
v 38.875982 1.466185 126.001198
v 45.179877 0.999141 125.055316
v 48.231376 1.251936 125.506607
v 42.155371 0.709307 128.630361
v 45.179877 0.999141 125.055316
v 57.208374 84.733570 132.793349
v 57.303122 83.009357 132.226639
v 57.364550 83.128286 131.626650
v 66.108050 41.186190 131.685516
v 64.984117 43.643779 140.370350
v 64.456948 33.348740 134.064744
v 43.636757 56.389504 154.270928
v 37.645195 67.522936 153.126322
v 36.471693 51.516902 153.398990
v 36.471693 51.516902 153.398990
v 38.737922 44.240638 153.825759
v 43.636757 56.389504 154.270928
v 35.798249 73.481481 161.443312
v 34.797732 73.590117 152.058127
v 34.778063 75.756054 157.977443
v 59.634091 66.041083 136.527457
v 58.767415 49.736247 131.322580
v 58.244173 54.732174 133.829155
v 52.263800 8.994505 121.186128
v 45.647729 27.694738 122.249164
v 47.075538 8.501724 121.469465
v 65.484401 80.694414 134.956398
v 59.969120 82.627655 136.569795
v 64.323781 79.953617 138.554016
v 40.127640 58.055848 138.804460
v 42.374223 51.364636 136.546673
v 39.774283 51.229745 135.873129
v 56.062199 69.801307 148.496990
v 54.823652 68.410546 139.079091
v 57.685312 63.781375 146.717902
v 31.826332 59.999036 148.894196
v 35.254273 72.549813 150.664980
v 33.102202 63.444268 144.958629
v 64.323781 79.953617 138.554016
v 67.141608 72.128857 138.261060
v 65.613615 75.547916 138.065643
v 42.841372 60.077655 135.311580
v 41.349131 69.577855 133.183940
v 40.534405 59.381568 131.801527
v 30.157771 52.246689 143.160068
v 33.102202 63.444268 144.958629
v 36.018014 51.123440 137.353921
v 47.251278 49.746162 117.881804
v 39.488389 34.956995 120.357862
v 44.715880 49.288598 123.092821
v 47.394013 23.560542 115.581578
v 47.331634 28.565977 118.984919
v 53.504783 6.911720 120.134813
v 61.855693 20.478818 151.020291
v 66.487539 13.777802 151.724603
v 66.118252 6.237361 152.403216
v 51.640712 30.913517 156.835960
v 48.125240 43.136954 156.589313
v 48.867499 28.631895 159.609537
v 50.482455 48.252716 154.609401
v 50.038314 64.740741 153.890003
v 48.729783 69.744461 154.906436
v 49.964630 44.696138 117.128156
v 55.768243 49.040396 120.182050
v 46.627184 33.957971 117.756932
v 56.192759 43.795374 149.153951
v 55.040495 44.917443 147.060447
v 57.479796 46.074021 144.653831
v 47.207646 40.250972 126.840841
v 48.636771 38.526255 128.601498
v 46.630635 44.043419 128.799170
v 54.284613 79.299581 138.471451
v 59.682315 81.578589 135.014722
v 58.162444 76.369065 136.181389
v 59.682315 81.578589 135.014722
v 60.632336 78.482968 134.328137
v 58.162444 76.369065 136.181389
v 55.344448 13.941110 128.041270
v 54.184046 21.242589 131.390256
v 53.481885 5.242485 126.297774
v 49.198757 3.110195 123.931872
v 53.043645 23.149500 129.536002
v 51.132259 10.762376 123.080736
v 48.436795 7.666206 147.246144
v 51.912265 13.652345 148.836368
v 50.606058 7.495773 147.774203
v 38.737922 44.240638 153.825759
v 32.542087 47.832744 151.218646
v 36.715938 41.206213 151.416458
v 48.264619 78.413737 146.794613
v 51.185384 76.279235 146.428579
v 47.395088 76.862401 144.192721
v 57.846103 83.798439 132.886408
v 57.530694 82.869536 132.450124
v 57.672389 84.184909 131.672205
v 45.170626 47.065431 140.110354
v 49.287155 27.856758 135.801314
v 50.689552 35.837752 137.195292
v 50.412908 0.968355 121.857642
v 50.783950 1.739014 118.809492
v 53.559813 0.908477 122.773441
v 38.363387 61.024207 139.099959
v 37.472274 64.563673 139.418677
v 34.506611 64.878660 135.596478
v 69.479426 44.368873 147.430502
v 69.690422 30.662534 149.126822
v 65.691286 42.716834 144.276430
v 55.759681 53.164881 148.529579
v 54.207524 51.318902 140.635940
v 55.040495 44.917443 147.060447
v 44.457302 83.225822 131.477921
v 47.089428 88.525129 127.020386
v 48.936546 82.848013 127.643610
v 46.678487 91.377395 148.527637
v 47.732260 90.589994 151.794000
v 49.214415 87.237870 148.883241
v 57.142250 89.858103 132.959955
v 58.295515 88.167137 132.150978
v 57.984969 89.602495 130.098778
v 67.057699 77.016217 137.018078
v 65.484401 80.694414 134.956398
v 64.323781 79.953617 138.554016
v 37.990836 74.316989 180.595936
v 36.989636 75.111674 174.407017
v 37.071754 73.205833 175.494321
v 68.464376 85.132385 149.076942
v 66.322382 84.892345 149.390637
v 65.278861 86.138130 149.567408
v 46.803888 89.262861 145.511976
v 41.468077 84.448230 142.101392
v 42.884495 92.054629 148.166632
v 42.014304 35.826897 148.203551
v 40.015752 40.879309 152.661641
v 40.745381 38.845706 145.253282
v 48.174845 76.430452 142.408243
v 48.666939 81.583005 135.483486
v 45.811998 76.882893 136.700407
v 46.803888 89.262861 145.511976
v 47.515694 82.211602 142.629836
v 41.468077 84.448230 142.101392
v 32.542087 47.832744 151.218646
v 36.471693 51.516902 153.398990
v 30.796403 50.959813 150.127498
v 61.357815 83.007205 143.051538
v 63.108186 79.888827 146.641053
v 64.323781 79.953617 138.554016
v 41.505925 81.307858 144.562420
v 39.459727 89.701557 149.389093
v 40.762401 86.415338 145.427485
v 60.523700 2.608682 124.885418
v 57.248070 2.548040 126.058856
v 59.894726 0.738514 124.061000
v 37.875416 15.352422 136.392343
v 39.567286 6.114664 138.300160
v 35.417535 7.735234 137.740018
v 61.196213 2.191377 157.524780
v 62.391381 8.075815 157.783796
v 60.374497 4.035550 155.695049
v 38.658584 0.246519 138.974961
v 32.765330 0.810897 149.372090
v 29.283097 0.205355 146.962649
v 45.227299 61.996067 122.781980
v 49.901328 67.201305 121.623383
v 52.706116 55.004216 119.257456
v 33.172570 33.629697 140.856628
v 34.737839 19.167792 136.880546
v 31.597523 21.450024 141.319999
v 55.768243 49.040396 120.182050
v 52.706116 55.004216 119.257456
v 57.663781 56.827582 124.892604
v 46.210854 23.359996 151.813397
v 43.116947 27.819824 154.070806
v 43.731525 29.010945 152.417732
v 67.255239 45.376546 143.794561
v 70.103455 46.782971 147.020945
v 69.479426 44.368873 147.430502
v 44.936656 24.932089 157.769594
v 42.423670 39.363568 155.161478
v 43.116947 27.819824 154.070806
v 42.423670 39.363568 155.161478
v 43.731525 29.010945 152.417732
v 43.116947 27.819824 154.070806
v 58.767415 49.736247 131.322580
v 67.015622 47.265504 131.299660
v 62.080358 30.724669 127.897912
v 35.153534 71.467179 126.990797
v 33.592846 71.370250 128.214996
v 36.776894 69.954800 127.280253
v 43.296327 92.546904 151.609573
v 44.842106 89.045077 156.989397
v 47.732260 90.589994 151.794000
v 39.007725 2.428597 127.661657
v 38.875982 1.466185 126.001198
v 42.155371 0.709307 128.630361
v 72.725309 80.457551 146.311937
v 73.028157 74.675001 136.012869
v 75.377409 75.056792 134.798373
v 47.367731 2.309245 148.131474
v 48.436795 7.666206 147.246144
v 49.780214 2.123672 145.876194
v 45.197625 78.820675 143.633285
v 47.395088 76.862401 144.192721
v 42.523400 72.882563 141.195673
v 48.227187 3.009128 158.338990
v 47.603538 4.270172 153.427810
v 46.974485 1.173335 158.050101
v 49.818177 49.805790 144.840795
v 47.254008 57.614124 140.811634
v 49.500673 54.755914 144.755271
v 43.644433 71.968460 124.365622
v 42.701002 66.230691 124.696374
v 41.349131 69.577855 133.183940
v 42.701002 66.230691 124.696374
v 41.969891 58.188808 125.064537
v 40.534405 59.381568 131.801527
v 47.062365 34.763107 124.607265
v 47.785456 32.653702 120.825394
v 53.513109 41.884086 125.391171
v 63.222751 32.069773 147.391100
v 63.020942 28.840867 148.444511
v 63.008270 31.606251 147.693260
v 58.244173 54.732174 133.829155
v 56.459074 56.912208 136.049203
v 57.394334 65.790767 139.270108
v 43.291610 46.536937 131.958589
v 45.982049 27.196115 133.095824
v 43.633608 46.861073 137.182114
v 66.322382 84.892345 149.390637
v 66.115317 84.558785 149.627309
v 65.278861 86.138130 149.567408
v 35.153534 71.467179 126.990797
v 32.918934 71.439522 127.980767
v 33.217286 71.305704 127.814511
vn 67.025818 46.237407 58.048628
vn 67.025818 46.237407 58.048628
vn 67.025818 46.237407 58.048628
vn -80.049922 54.812946 24.239487
vn -80.049922 54.812946 24.239487
vn -80.049922 54.812946 24.239487
vn 7.553745 46.040497 88.448931
vn 7.553745 46.040497 88.448931
vn 7.553745 46.040497 88.448931
vn -46.681715 27.223330 84.141005
vn -46.681715 27.223330 84.141005
vn -46.681715 27.223330 84.141005
vn -45.233351 88.419955 -11.655759
vn -45.233351 88.419955 -11.655759
vn -45.233351 88.419955 -11.655759
vn 39.919037 35.053649 84.721392
vn 39.919037 35.053649 84.721392
vn 39.919037 35.053649 84.721392
vn 90.297464 -23.958387 -35.670218
vn 90.297464 -23.958387 -35.670218
vn 90.297464 -23.958387 -35.670218
vn -21.032596 21.799879 -95.301613
vn -21.032596 21.799879 -95.301613
vn -21.032596 21.799879 -95.301613
vn 24.335385 -95.276152 -18.172660
vn 24.335385 -95.276152 -18.172660
vn 24.335385 -95.276152 -18.172660
vn 52.676397 -63.887629 -56.067536
vn 52.676397 -63.887629 -56.067536
vn 52.676397 -63.887629 -56.067536
vn 90.638232 40.269420 -12.770508
vn 90.638232 40.269420 -12.770508
vn 90.638232 40.269420 -12.770508
vn 75.141653 30.331842 -58.597892
vn 75.141653 30.331842 -58.597892
vn 75.141653 30.331842 -58.597892
vn -89.102785 24.834946 37.998948
vn -89.102785 24.834946 37.998948
vn -89.102785 24.834946 37.998948
vn 18.301425 -29.705587 -93.715722
vn 18.301425 -29.705587 -93.715722
vn 18.301425 -29.705587 -93.715722
vn -91.229185 23.828087 33.308555
vn -91.229185 23.828087 33.308555
vn -91.229185 23.828087 33.308555
vn 1.193491 40.270408 -91.525244
vn 1.193491 40.270408 -91.525244
vn 1.193491 40.270408 -91.525244
vn 59.352849 67.364795 44.036614
vn 59.352849 67.364795 44.036614
vn 59.352849 67.364795 44.036614
vn -62.014723 -69.168481 37.012103
vn -62.014723 -69.168481 37.012103
vn -62.014723 -69.168481 37.012103
vn -43.314618 -55.919027 -70.688810
vn -43.314618 -55.919027 -70.688810
vn -43.314618 -55.919027 -70.688810
vn -99.061340 -11.633271 -7.177735
vn -99.061340 -11.633271 -7.177735
vn -99.061340 -11.633271 -7.177735
vn -23.746067 17.283388 -95.589795
vn -23.746067 17.283388 -95.589795
vn -23.746067 17.283388 -95.589795
vn -72.206044 -25.274206 -64.401107
vn -72.206044 -25.274206 -64.401107
vn -72.206044 -25.274206 -64.401107
vn -64.045072 5.330904 -76.614694
vn -64.045072 5.330904 -76.614694
vn -64.045072 5.330904 -76.614694
vn -89.240134 -44.833890 -5.110872
vn -89.240134 -44.833890 -5.110872
vn -89.240134 -44.833890 -5.110872
vn -95.236394 -30.490065 -0.621731
vn -95.236394 -30.490065 -0.621731
vn -95.236394 -30.490065 -0.621731
vn 71.200922 -66.807291 -21.615157
vn 71.200922 -66.807291 -21.615157
vn 71.200922 -66.807291 -21.615157
vn -16.493659 -98.094953 10.263560
vn -16.493659 -98.094953 10.263560
vn -16.493659 -98.094953 10.263560
vn -45.574533 88.833193 5.623594
vn -45.574533 88.833193 5.623594
vn -45.574533 88.833193 5.623594
vn 59.447262 -24.695952 76.525375
vn 59.447262 -24.695952 76.525375
vn 59.447262 -24.695952 76.525375
vn 98.384242 -16.050195 -7.933052
vn 98.384242 -16.050195 -7.933052
vn 98.384242 -16.050195 -7.933052
vn 19.627133 -65.568037 72.908221
vn 19.627133 -65.568037 72.908221
vn 19.627133 -65.568037 72.908221
vn 70.259244 20.188814 -68.235260
vn 70.259244 20.188814 -68.235260
vn 70.259244 20.188814 -68.235260
vn -91.726628 12.030796 -37.966889
vn -91.726628 12.030796 -37.966889
vn -91.726628 12.030796 -37.966889
vn 83.424201 0.764816 -55.134556
vn 83.424201 0.764816 -55.134556
vn 83.424201 0.764816 -55.134556
vn 39.113316 -89.294062 -22.287179
vn 39.113316 -89.294062 -22.287179
vn 39.113316 -89.294062 -22.287179
vn 38.177214 25.516710 -88.833540
vn 38.177214 25.516710 -88.833540
vn 38.177214 25.516710 -88.833540
vn 46.636943 37.589782 80.075003
vn 46.636943 37.589782 80.075003
vn 46.636943 37.589782 80.075003
vn 37.317785 40.507125 83.465898
vn 37.317785 40.507125 83.465898
vn 37.317785 40.507125 83.465898
vn 44.513339 79.131791 -41.913295
vn 44.513339 79.131791 -41.913295
vn 44.513339 79.131791 -41.913295
vn 1.808125 -95.821083 28.549083
vn 1.808125 -95.821083 28.549083
vn 1.808125 -95.821083 28.549083
vn 84.951509 -52.390048 6.206790
vn 84.951509 -52.390048 6.206790
vn 84.951509 -52.390048 6.206790
vn 71.504005 -9.677194 69.235330
vn 71.504005 -9.677194 69.235330
vn 71.504005 -9.677194 69.235330
vn 6.508921 -99.440348 8.321772
vn 6.508921 -99.440348 8.321772
vn 6.508921 -99.440348 8.321772
vn 20.066615 85.729774 -47.410312
vn 20.066615 85.729774 -47.410312
vn 20.066615 85.729774 -47.410312
vn 98.030870 15.982022 -11.598436
vn 98.030870 15.982022 -11.598436
vn 98.030870 15.982022 -11.598436
vn -67.845277 -14.384228 -72.042434
vn -67.845277 -14.384228 -72.042434
vn -67.845277 -14.384228 -72.042434
vn -53.114739 6.188428 -84.501652
vn -53.114739 6.188428 -84.501652
vn -53.114739 6.188428 -84.501652
vn 46.809877 20.854422 -85.871592
vn 46.809877 20.854422 -85.871592
vn 46.809877 20.854422 -85.871592
vn 69.919937 1.892478 71.467623
vn 69.919937 1.892478 71.467623
vn 69.919937 1.892478 71.467623
vn -82.184468 -53.772017 -18.822412
vn -82.184468 -53.772017 -18.822412
vn -82.184468 -53.772017 -18.822412
vn 37.772630 40.936693 83.050682
vn 37.772630 40.936693 83.050682
vn 37.772630 40.936693 83.050682
vn 2.481000 -50.968359 -86.000420
vn 2.481000 -50.968359 -86.000420
vn 2.481000 -50.968359 -86.000420
vn -4.245501 -18.822825 98.120734
vn -4.245501 -18.822825 98.120734
vn -4.245501 -18.822825 98.120734
vn 55.335452 27.203364 -78.727165
vn 55.335452 27.203364 -78.727165
vn 55.335452 27.203364 -78.727165
vn -44.910820 -83.755995 -31.111929
vn -44.910820 -83.755995 -31.111929
vn -44.910820 -83.755995 -31.111929
vn 76.147673 -4.956189 64.629484
vn 76.147673 -4.956189 64.629484
vn 76.147673 -4.956189 64.629484
vn -53.254368 75.747036 -37.767176
vn -53.254368 75.747036 -37.767176
vn -53.254368 75.747036 -37.767176
vn 1.814291 -47.110759 88.188914
vn 1.814291 -47.110759 88.188914
vn 1.814291 -47.110759 88.188914
vn -52.523939 -55.350101 -64.634387
vn -52.523939 -55.350101 -64.634387
vn -52.523939 -55.350101 -64.634387
vn -40.118131 -91.169931 -8.864516
vn -40.118131 -91.169931 -8.864516
vn -40.118131 -91.169931 -8.864516
vn 73.857126 -23.790168 63.080535
vn 73.857126 -23.790168 63.080535
vn 73.857126 -23.790168 63.080535
vn -65.707925 -68.248066 32.010459
vn -65.707925 -68.248066 32.010459
vn -65.707925 -68.248066 32.010459
vn 68.888730 60.365297 40.129456
vn 68.888730 60.365297 40.129456
vn 68.888730 60.365297 40.129456
vn -10.641976 -93.027688 35.108386
vn -10.641976 -93.027688 35.108386
vn -10.641976 -93.027688 35.108386
vn -57.935458 67.155480 -46.191184
vn -57.935458 67.155480 -46.191184
vn -57.935458 67.155480 -46.191184
vn 42.317552 -90.493302 -4.492978
vn 42.317552 -90.493302 -4.492978
vn 42.317552 -90.493302 -4.492978
vn -42.549414 -7.965054 90.144912
vn -42.549414 -7.965054 90.144912
vn -42.549414 -7.965054 90.144912
vn -59.734644 -10.320696 -79.531483
vn -59.734644 -10.320696 -79.531483
vn -59.734644 -10.320696 -79.531483
vn -10.412965 -99.146778 -7.841433
vn -10.412965 -99.146778 -7.841433
vn -10.412965 -99.146778 -7.841433
vn 95.279041 -29.674574 -6.428369
vn 95.279041 -29.674574 -6.428369
vn 95.279041 -29.674574 -6.428369
vn 21.494125 91.229852 -34.858533
vn 21.494125 91.229852 -34.858533
vn 21.494125 91.229852 -34.858533
vn 85.903777 17.613172 -48.065779
vn 85.903777 17.613172 -48.065779
vn 85.903777 17.613172 -48.065779
vn 30.542761 -61.652663 -72.567820
vn 30.542761 -61.652663 -72.567820
vn 30.542761 -61.652663 -72.567820
vn 29.255214 -0.000489 95.624961
vn 29.255214 -0.000489 95.624961
vn 29.255214 -0.000489 95.624961
vn -85.179837 -25.576376 -45.719206
vn -85.179837 -25.576376 -45.719206
vn -85.179837 -25.576376 -45.719206
vn 99.642447 5.155494 6.693555
vn 99.642447 5.155494 6.693555
vn 99.642447 5.155494 6.693555
vn 7.506260 -87.868036 47.147261
vn 7.506260 -87.868036 47.147261
vn 7.506260 -87.868036 47.147261
vn -73.693616 -16.689510 -65.503535
vn -73.693616 -16.689510 -65.503535
vn -73.693616 -16.689510 -65.503535
vn -26.386769 41.425089 -87.107408
vn -26.386769 41.425089 -87.107408
vn -26.386769 41.425089 -87.107408
vn -76.367848 -45.047832 46.245482
vn -76.367848 -45.047832 46.245482
vn -76.367848 -45.047832 46.245482
vn 19.700660 80.656239 -55.735592
vn 19.700660 80.656239 -55.735592
vn 19.700660 80.656239 -55.735592
vn -41.220532 6.287960 -90.891867
vn -41.220532 6.287960 -90.891867
vn -41.220532 6.287960 -90.891867
vn 85.077149 12.939672 -50.935682
vn 85.077149 12.939672 -50.935682
vn 85.077149 12.939672 -50.935682
vn 10.629656 71.779285 68.809484
vn 10.629656 71.779285 68.809484
vn 10.629656 71.779285 68.809484
vn -86.752601 -47.506196 14.735916
vn -86.752601 -47.506196 14.735916
vn -86.752601 -47.506196 14.735916
vn 22.825112 -54.556759 80.638552
vn 22.825112 -54.556759 80.638552
vn 22.825112 -54.556759 80.638552
vn -66.235738 -74.883136 2.311512
vn -66.235738 -74.883136 2.311512
vn -66.235738 -74.883136 2.311512
vn 81.199312 5.374664 -58.118724
vn 81.199312 5.374664 -58.118724
vn 81.199312 5.374664 -58.118724
vn 67.231306 48.000343 -56.355302
vn 67.231306 48.000343 -56.355302
vn 67.231306 48.000343 -56.355302
vn 57.926931 -32.114418 -74.920859
vn 57.926931 -32.114418 -74.920859
vn 57.926931 -32.114418 -74.920859
vn 70.722174 -14.943865 -69.101780
vn 70.722174 -14.943865 -69.101780
vn 70.722174 -14.943865 -69.101780
vn -87.001462 23.528297 -43.326271
vn -87.001462 23.528297 -43.326271
vn -87.001462 23.528297 -43.326271
vn -29.489705 76.586858 57.138522
vn -29.489705 76.586858 57.138522
vn -29.489705 76.586858 57.138522
vn -22.426039 -2.052077 97.431321
vn -22.426039 -2.052077 97.431321
vn -22.426039 -2.052077 97.431321
vn 23.746826 -94.966060 20.433701
vn 23.746826 -94.966060 20.433701
vn 23.746826 -94.966060 20.433701
vn -81.563880 27.257772 51.032817
vn -81.563880 27.257772 51.032817
vn -81.563880 27.257772 51.032817
vn -97.598377 -20.455456 -7.492179
vn -97.598377 -20.455456 -7.492179
vn -97.598377 -20.455456 -7.492179
vn -1.375495 98.125892 19.220244
vn -1.375495 98.125892 19.220244
vn -1.375495 98.125892 19.220244
vn 54.364477 -51.377934 66.368749
vn 54.364477 -51.377934 66.368749
vn 54.364477 -51.377934 66.368749
vn 38.167583 25.652986 88.798423
vn 38.167583 25.652986 88.798423
vn 38.167583 25.652986 88.798423
vn -19.380432 -16.237568 -96.750922
vn -19.380432 -16.237568 -96.750922
vn -19.380432 -16.237568 -96.750922
vn -16.561968 -70.812693 68.638652
vn -16.561968 -70.812693 68.638652
vn -16.561968 -70.812693 68.638652
vn -7.580418 0.244641 99.711971
vn -7.580418 0.244641 99.711971
vn -7.580418 0.244641 99.711971
vn 77.656494 -56.943963 26.960247
vn 77.656494 -56.943963 26.960247
vn 77.656494 -56.943963 26.960247
vn -99.347202 8.666342 7.418226
vn -99.347202 8.666342 7.418226
vn -99.347202 8.666342 7.418226
vn 68.283443 72.073897 -11.946743
vn 68.283443 72.073897 -11.946743
vn 68.283443 72.073897 -11.946743
vn -75.467314 0.368437 -65.609059
vn -75.467314 0.368437 -65.609059
vn -75.467314 0.368437 -65.609059
vn -82.006991 -55.355421 14.513123
vn -82.006991 -55.355421 14.513123
vn -82.006991 -55.355421 14.513123
vn 10.506493 -99.009186 9.316419
vn 10.506493 -99.009186 9.316419
vn 10.506493 -99.009186 9.316419
vn 17.039083 -72.947736 66.244231
vn 17.039083 -72.947736 66.244231
vn 17.039083 -72.947736 66.244231
vn -98.266123 18.485310 -1.436602
vn -98.266123 18.485310 -1.436602
vn -98.266123 18.485310 -1.436602
vn -18.040254 -97.689581 -11.458463
vn -18.040254 -97.689581 -11.458463
vn -18.040254 -97.689581 -11.458463
vn -63.271972 -30.964483 70.977883
vn -63.271972 -30.964483 70.977883
vn -63.271972 -30.964483 70.977883
vn -78.564112 -59.882781 15.547800
vn -78.564112 -59.882781 15.547800
vn -78.564112 -59.882781 15.547800
vn 69.254789 25.800635 -67.365439
vn 69.254789 25.800635 -67.365439
vn 69.254789 25.800635 -67.365439
vn -66.962026 -44.234801 59.660469
vn -66.962026 -44.234801 59.660469
vn -66.962026 -44.234801 59.660469
vn 63.576925 -5.297749 77.005911
vn 63.576925 -5.297749 77.005911
vn 63.576925 -5.297749 77.005911
vn 85.991447 -4.774339 -50.820043
vn 85.991447 -4.774339 -50.820043
vn 85.991447 -4.774339 -50.820043
vn 97.934255 18.489228 8.187190
vn 97.934255 18.489228 8.187190
vn 97.934255 18.489228 8.187190
vn 49.641995 -83.915482 -22.223093
vn 49.641995 -83.915482 -22.223093
vn 49.641995 -83.915482 -22.223093
vn 75.059378 -39.412065 -53.035645
vn 75.059378 -39.412065 -53.035645
vn 75.059378 -39.412065 -53.035645
vn -98.272780 16.539180 8.301582
vn -98.272780 16.539180 8.301582
vn -98.272780 16.539180 8.301582
vn -20.467963 -72.544043 -65.714719
vn -20.467963 -72.544043 -65.714719
vn -20.467963 -72.544043 -65.714719
vn -20.828201 78.717501 -58.049480
vn -20.828201 78.717501 -58.049480
vn -20.828201 78.717501 -58.049480
vn 93.077266 11.537068 34.691782
vn 93.077266 11.537068 34.691782
vn 93.077266 11.537068 34.691782
vn -81.715703 -2.159503 57.601048
vn -81.715703 -2.159503 57.601048
vn -81.715703 -2.159503 57.601048
vn -20.018605 -94.994301 -23.986225
vn -20.018605 -94.994301 -23.986225
vn -20.018605 -94.994301 -23.986225
vn 2.957493 6.242520 99.761148
vn 2.957493 6.242520 99.761148
vn 2.957493 6.242520 99.761148
vn -30.605063 1.467599 95.190213
vn -30.605063 1.467599 95.190213
vn -30.605063 1.467599 95.190213
vn -35.031882 93.127160 10.004962
vn -35.031882 93.127160 10.004962
vn -35.031882 93.127160 10.004962
vn -94.552683 -19.982260 25.700181
vn -94.552683 -19.982260 25.700181
vn -94.552683 -19.982260 25.700181
vn 64.249713 -17.527534 74.597333
vn 64.249713 -17.527534 74.597333
vn 64.249713 -17.527534 74.597333
vn -98.994339 -2.855037 13.855311
vn -98.994339 -2.855037 13.855311
vn -98.994339 -2.855037 13.855311
vn -33.887768 -81.768163 46.535873
vn -33.887768 -81.768163 46.535873
vn -33.887768 -81.768163 46.535873
vn -0.443748 -71.923502 69.475276
vn -0.443748 -71.923502 69.475276
vn -0.443748 -71.923502 69.475276
vn 19.885081 -74.766592 -63.360403
vn 19.885081 -74.766592 -63.360403
vn 19.885081 -74.766592 -63.360403
vn 52.190876 -24.583666 81.680816
vn 52.190876 -24.583666 81.680816
vn 52.190876 -24.583666 81.680816
vn 54.847950 67.365763 -49.533382
vn 54.847950 67.365763 -49.533382
vn 54.847950 67.365763 -49.533382
vn 74.049958 22.527767 63.317498
vn 74.049958 22.527767 63.317498
vn 74.049958 22.527767 63.317498
vn -12.511118 -72.573297 -67.650489
vn -12.511118 -72.573297 -67.650489
vn -12.511118 -72.573297 -67.650489
vn -79.678886 -57.437548 18.767077
vn -79.678886 -57.437548 18.767077
vn -79.678886 -57.437548 18.767077
vn -48.827173 -37.479601 78.811089
vn -48.827173 -37.479601 78.811089
vn -48.827173 -37.479601 78.811089
vn 17.309919 37.299943 -91.154162
vn 17.309919 37.299943 -91.154162
vn 17.309919 37.299943 -91.154162
vn 38.025378 -40.057572 -83.363443
vn 38.025378 -40.057572 -83.363443
vn 38.025378 -40.057572 -83.363443
vn 66.094887 15.824958 73.355553
vn 66.094887 15.824958 73.355553
vn 66.094887 15.824958 73.355553
vn 44.031878 54.708568 -71.191056
vn 44.031878 54.708568 -71.191056
vn 44.031878 54.708568 -71.191056
vn 95.882951 -0.264475 -28.397025
vn 95.882951 -0.264475 -28.397025
vn 95.882951 -0.264475 -28.397025
vn 47.119285 32.486322 82.002513
vn 47.119285 32.486322 82.002513
vn 47.119285 32.486322 82.002513
vn 94.964090 -8.891006 30.046182
vn 94.964090 -8.891006 30.046182
vn 94.964090 -8.891006 30.046182
vn 23.474783 89.314461 38.364851
vn 23.474783 89.314461 38.364851
vn 23.474783 89.314461 38.364851
vn 21.027249 6.445630 97.551580
vn 21.027249 6.445630 97.551580
vn 21.027249 6.445630 97.551580
vn -49.090625 7.133862 -86.828679
vn -49.090625 7.133862 -86.828679
vn -49.090625 7.133862 -86.828679
vn 8.669460 -25.859389 -96.208797
vn 8.669460 -25.859389 -96.208797
vn 8.669460 -25.859389 -96.208797
vn -82.774783 -11.749241 -54.866130
vn -82.774783 -11.749241 -54.866130
vn -82.774783 -11.749241 -54.866130
vn 0.101795 -99.073732 -13.578933
vn 0.101795 -99.073732 -13.578933
vn 0.101795 -99.073732 -13.578933
vn 44.106673 -71.928653 -53.673737
vn 44.106673 -71.928653 -53.673737
vn 44.106673 -71.928653 -53.673737
vn -41.231622 62.312889 -66.460942
vn -41.231622 62.312889 -66.460942
vn -41.231622 62.312889 -66.460942
vn 95.356730 30.091748 -1.257414
vn 95.356730 30.091748 -1.257414
vn 95.356730 30.091748 -1.257414
vn -7.784266 85.448997 51.360240
vn -7.784266 85.448997 51.360240
vn -7.784266 85.448997 51.360240
vn 19.040160 -48.701762 85.238561
vn 19.040160 -48.701762 85.238561
vn 19.040160 -48.701762 85.238561
vn 81.103294 -58.368555 3.920228
vn 81.103294 -58.368555 3.920228
vn 81.103294 -58.368555 3.920228
vn 22.655997 13.897949 96.403081
vn 22.655997 13.897949 96.403081
vn 22.655997 13.897949 96.403081
vn -72.238538 -7.744733 68.713992
vn -72.238538 -7.744733 68.713992
vn -72.238538 -7.744733 68.713992
vn 77.588269 -44.172825 45.042453
vn 77.588269 -44.172825 45.042453
vn 77.588269 -44.172825 45.042453
vn 45.436459 22.285687 86.248927
vn 45.436459 22.285687 86.248927
vn 45.436459 22.285687 86.248927
vn -65.953224 72.465190 19.974216
vn -65.953224 72.465190 19.974216
vn -65.953224 72.465190 19.974216
vn -13.610401 14.488488 -98.004298
vn -13.610401 14.488488 -98.004298
vn -13.610401 14.488488 -98.004298
vn -19.265802 23.981693 95.150974
vn -19.265802 23.981693 95.150974
vn -19.265802 23.981693 95.150974
vn -88.543506 -32.460149 -33.262377
vn -88.543506 -32.460149 -33.262377
vn -88.543506 -32.460149 -33.262377
vn -27.079904 -28.385966 -91.983234
vn -27.079904 -28.385966 -91.983234
vn -27.079904 -28.385966 -91.983234
vn 19.898488 70.897691 67.657728
vn 19.898488 70.897691 67.657728
vn 19.898488 70.897691 67.657728
vn 22.252928 16.780506 -96.037608
vn 22.252928 16.780506 -96.037608
vn 22.252928 16.780506 -96.037608
vn 44.614781 -83.985595 -30.918329
vn 44.614781 -83.985595 -30.918329
vn 44.614781 -83.985595 -30.918329
vn 82.966220 -7.904302 55.264163
vn 82.966220 -7.904302 55.264163
vn 82.966220 -7.904302 55.264163
vn -5.903741 70.553036 -70.621639
vn -5.903741 70.553036 -70.621639
vn -5.903741 70.553036 -70.621639
vn -22.941850 95.142412 -20.532745
vn -22.941850 95.142412 -20.532745
vn -22.941850 95.142412 -20.532745
vn 2.477374 82.841162 55.957175
vn 2.477374 82.841162 55.957175
vn 2.477374 82.841162 55.957175
vn -14.336002 -46.916507 -87.139663
vn -14.336002 -46.916507 -87.139663
vn -14.336002 -46.916507 -87.139663
vn 40.229630 5.977511 -91.355616
vn 40.229630 5.977511 -91.355616
vn 40.229630 5.977511 -91.355616
vn -97.369136 -22.773596 0.783501
vn -97.369136 -22.773596 0.783501
vn -97.369136 -22.773596 0.783501
vn 51.233863 84.927984 -12.740916
vn 51.233863 84.927984 -12.740916
vn 51.233863 84.927984 -12.740916
vn 74.154561 39.184604 54.457961
vn 74.154561 39.184604 54.457961
vn 74.154561 39.184604 54.457961
vn 85.295684 23.227596 -46.745321
vn 85.295684 23.227596 -46.745321
vn 85.295684 23.227596 -46.745321
vn 1.169407 -4.647212 99.885119
vn 1.169407 -4.647212 99.885119
vn 1.169407 -4.647212 99.885119
vn 40.830026 86.965587 -27.746992
vn 40.830026 86.965587 -27.746992
vn 40.830026 86.965587 -27.746992
vn -60.462397 -42.855901 -67.139188
vn -60.462397 -42.855901 -67.139188
vn -60.462397 -42.855901 -67.139188
vn 56.909138 56.597537 59.649565
vn 56.909138 56.597537 59.649565
vn 56.909138 56.597537 59.649565
vn -98.655000 11.960953 11.141309
vn -98.655000 11.960953 11.141309
vn -98.655000 11.960953 11.141309
vn -83.614498 -54.845706 -0.751140
vn -83.614498 -54.845706 -0.751140
vn -83.614498 -54.845706 -0.751140
vn -41.399097 -24.757760 87.596633
vn -41.399097 -24.757760 87.596633
vn -41.399097 -24.757760 87.596633
vn -76.633015 -37.149213 -52.414871
vn -76.633015 -37.149213 -52.414871
vn -76.633015 -37.149213 -52.414871
vn 94.191464 33.584565 -0.215494
vn 94.191464 33.584565 -0.215494
vn 94.191464 33.584565 -0.215494
vn 44.367262 82.907840 -34.026998
vn 44.367262 82.907840 -34.026998
vn 44.367262 82.907840 -34.026998
vn -49.158411 -84.507372 21.022742
vn -49.158411 -84.507372 21.022742
vn -49.158411 -84.507372 21.022742
vn 90.932720 35.531364 -21.650942
vn 90.932720 35.531364 -21.650942
vn 90.932720 35.531364 -21.650942
vn -95.326170 -0.760726 -30.205042
vn -95.326170 -0.760726 -30.205042
vn -95.326170 -0.760726 -30.205042
vn 83.116183 -39.178394 -39.455723
vn 83.116183 -39.178394 -39.455723
vn 83.116183 -39.178394 -39.455723
vn 41.020397 -43.456573 80.180124
vn 41.020397 -43.456573 80.180124
vn 41.020397 -43.456573 80.180124
vn -16.831866 74.944661 64.031130
vn -16.831866 74.944661 64.031130
vn -16.831866 74.944661 64.031130
vn 38.457938 32.527750 86.388266
vn 38.457938 32.527750 86.388266
vn 38.457938 32.527750 86.388266
vn 18.039837 -96.526933 18.897513
vn 18.039837 -96.526933 18.897513
vn 18.039837 -96.526933 18.897513
vn -6.956656 11.057985 -99.142955
vn -6.956656 11.057985 -99.142955
vn -6.956656 11.057985 -99.142955
vn 29.871532 -92.595344 23.103975
vn 29.871532 -92.595344 23.103975
vn 29.871532 -92.595344 23.103975
vn -94.157144 -21.450248 25.967656
vn -94.157144 -21.450248 25.967656
vn -94.157144 -21.450248 25.967656
vn -2.781552 97.886121 20.262550
vn -2.781552 97.886121 20.262550
vn -2.781552 97.886121 20.262550
vn 49.672703 -84.520874 -19.719157
vn 49.672703 -84.520874 -19.719157
vn 49.672703 -84.520874 -19.719157
vn 7.664329 -98.776984 13.578182
vn 7.664329 -98.776984 13.578182
vn 7.664329 -98.776984 13.578182
vn 54.575743 -78.737729 28.668085
vn 54.575743 -78.737729 28.668085
vn 54.575743 -78.737729 28.668085
vn -30.817238 -36.641000 -87.793707
vn -30.817238 -36.641000 -87.793707
vn -30.817238 -36.641000 -87.793707
vn -49.911549 -16.636152 -85.041612
vn -49.911549 -16.636152 -85.041612
vn -49.911549 -16.636152 -85.041612
vn 6.706683 -51.844094 -85.247935
vn 6.706683 -51.844094 -85.247935
vn 6.706683 -51.844094 -85.247935
vn 68.741374 5.419555 72.424117
vn 68.741374 5.419555 72.424117
vn 68.741374 5.419555 72.424117
vn 42.476552 -90.028779 -9.516362
vn 42.476552 -90.028779 -9.516362
vn 42.476552 -90.028779 -9.516362
vn 7.457024 -9.050851 -99.309998
vn 7.457024 -9.050851 -99.309998
vn 7.457024 -9.050851 -99.309998
vn 97.282976 -13.208566 -19.014675
vn 97.282976 -13.208566 -19.014675
vn 97.282976 -13.208566 -19.014675
vn -69.449711 15.469726 70.266816
vn -69.449711 15.469726 70.266816
vn -69.449711 15.469726 70.266816
vn -70.115415 -14.337560 69.844561
vn -70.115415 -14.337560 69.844561
vn -70.115415 -14.337560 69.844561
vn 59.318597 74.198726 -31.238655
vn 59.318597 74.198726 -31.238655
vn 59.318597 74.198726 -31.238655
vn -39.137668 56.533361 -72.610074
vn -39.137668 56.533361 -72.610074
vn -39.137668 56.533361 -72.610074
vn -38.162657 80.680203 -45.103395
vn -38.162657 80.680203 -45.103395
vn -38.162657 80.680203 -45.103395
vn -44.952838 80.321711 -39.085362
vn -44.952838 80.321711 -39.085362
vn -44.952838 80.321711 -39.085362
vn 10.282296 -99.241632 -6.735949
vn 10.282296 -99.241632 -6.735949
vn 10.282296 -99.241632 -6.735949
vn 73.132984 -12.946722 -66.962308
vn 73.132984 -12.946722 -66.962308
vn 73.132984 -12.946722 -66.962308
vn 60.945534 25.803536 74.965463
vn 60.945534 25.803536 74.965463
vn 60.945534 25.803536 74.965463
vn 76.833782 -7.129331 63.606160
vn 76.833782 -7.129331 63.606160
vn 76.833782 -7.129331 63.606160
vn -50.991028 68.608617 -51.891933
vn -50.991028 68.608617 -51.891933
vn -50.991028 68.608617 -51.891933
vn -14.658162 -77.215554 61.829595
vn -14.658162 -77.215554 61.829595
vn -14.658162 -77.215554 61.829595
vn 39.471900 -68.505281 61.229046
vn 39.471900 -68.505281 61.229046
vn 39.471900 -68.505281 61.229046
vn -18.694785 -66.131447 -72.643902
vn -18.694785 -66.131447 -72.643902
vn -18.694785 -66.131447 -72.643902
vn -96.548638 18.836021 17.987919
vn -96.548638 18.836021 17.987919
vn -96.548638 18.836021 17.987919
vn -70.631959 -28.871397 -64.634111
vn -70.631959 -28.871397 -64.634111
vn -70.631959 -28.871397 -64.634111
vn 41.072044 19.702589 89.021882
vn 41.072044 19.702589 89.021882
vn 41.072044 19.702589 89.021882
vn -52.678717 -36.841420 76.600685
vn -52.678717 -36.841420 76.600685
vn -52.678717 -36.841420 76.600685
vn -32.390913 -13.045802 93.705049
vn -32.390913 -13.045802 93.705049
vn -32.390913 -13.045802 93.705049
vn -29.307303 61.921021 72.848261
vn -29.307303 61.921021 72.848261
vn -29.307303 61.921021 72.848261
vn -40.338430 29.390545 -86.654523
vn -40.338430 29.390545 -86.654523
vn -40.338430 29.390545 -86.654523
vn 98.831357 10.600023 10.954583
vn 98.831357 10.600023 10.954583
vn 98.831357 10.600023 10.954583
vn -50.866408 1.578313 86.082051
vn -50.866408 1.578313 86.082051
vn -50.866408 1.578313 86.082051
vn 97.877441 -9.990590 17.894001
vn 97.877441 -9.990590 17.894001
vn 97.877441 -9.990590 17.894001
vn 97.305297 -9.036023 21.213896
vn 97.305297 -9.036023 21.213896
vn 97.305297 -9.036023 21.213896
vn 76.778897 64.017579 -2.598134
vn 76.778897 64.017579 -2.598134
vn 76.778897 64.017579 -2.598134
vn -65.394667 21.260838 -72.605206
vn -65.394667 21.260838 -72.605206
vn -65.394667 21.260838 -72.605206
vn 92.970034 23.828217 -28.085418
vn 92.970034 23.828217 -28.085418
vn 92.970034 23.828217 -28.085418
vn -46.044852 48.384127 -74.423436
vn -46.044852 48.384127 -74.423436
vn -46.044852 48.384127 -74.423436
vn -65.662908 -18.946214 73.002901
vn -65.662908 -18.946214 73.002901
vn -65.662908 -18.946214 73.002901
vn -84.869899 -52.343574 -7.566438
vn -84.869899 -52.343574 -7.566438
vn -84.869899 -52.343574 -7.566438
vn 7.710955 -99.693137 -1.348812
vn 7.710955 -99.693137 -1.348812
vn 7.710955 -99.693137 -1.348812
vn -87.567995 42.187821 23.495406
vn -87.567995 42.187821 23.495406
vn -87.567995 42.187821 23.495406
vn -1.653627 72.305505 69.059244
vn -1.653627 72.305505 69.059244
vn -1.653627 72.305505 69.059244
vn 1.112083 26.419788 -96.440441
vn 1.112083 26.419788 -96.440441
vn 1.112083 26.419788 -96.440441
vn -95.139121 -25.507016 17.260924
vn -95.139121 -25.507016 17.260924
vn -95.139121 -25.507016 17.260924
vn -40.235120 62.027604 -67.332842
vn -40.235120 62.027604 -67.332842
vn -40.235120 62.027604 -67.332842
vn -68.650075 -8.373595 72.229154
vn -68.650075 -8.373595 72.229154
vn -68.650075 -8.373595 72.229154
vn -39.318522 -82.678320 40.228741
vn -39.318522 -82.678320 40.228741
vn -39.318522 -82.678320 40.228741
vn 65.607045 -20.342055 72.676800
vn 65.607045 -20.342055 72.676800
vn 65.607045 -20.342055 72.676800
vn 2.658941 -85.502560 51.790371
vn 2.658941 -85.502560 51.790371
vn 2.658941 -85.502560 51.790371
vn -73.451813 -4.255329 67.725366
vn -73.451813 -4.255329 67.725366
vn -73.451813 -4.255329 67.725366
vn 36.563063 79.559585 -48.305455
vn 36.563063 79.559585 -48.305455
vn 36.563063 79.559585 -48.305455
vn 41.651874 -13.838601 89.853300
vn 41.651874 -13.838601 89.853300
vn 41.651874 -13.838601 89.853300
vn -7.092922 94.323616 32.446059
vn -7.092922 94.323616 32.446059
vn -7.092922 94.323616 32.446059
vn 19.486066 71.134238 67.529357
vn 19.486066 71.134238 67.529357
vn 19.486066 71.134238 67.529357
vn -27.317597 31.509727 90.889417
vn -27.317597 31.509727 90.889417
vn -27.317597 31.509727 90.889417
vn -59.744933 -66.123075 -45.368294
vn -59.744933 -66.123075 -45.368294
vn -59.744933 -66.123075 -45.368294
vn 23.516573 -23.845507 94.225072
vn 23.516573 -23.845507 94.225072
vn 23.516573 -23.845507 94.225072
vn 30.374005 -89.647255 -32.261268
vn 30.374005 -89.647255 -32.261268
vn 30.374005 -89.647255 -32.261268
vn 35.157135 -64.090634 68.237578
vn 35.157135 -64.090634 68.237578
vn 35.157135 -64.090634 68.237578
vn -58.961015 20.076798 78.233768
vn -58.961015 20.076798 78.233768
vn -58.961015 20.076798 78.233768
vn -73.414041 -26.911307 -62.339090
vn -73.414041 -26.911307 -62.339090
vn -73.414041 -26.911307 -62.339090
vn -3.628636 -99.684161 -7.064110
vn -3.628636 -99.684161 -7.064110
vn -3.628636 -99.684161 -7.064110
vn 57.299744 -70.362678 -42.021809
vn 57.299744 -70.362678 -42.021809
vn 57.299744 -70.362678 -42.021809
vn 68.798521 -0.212575 -72.572163
vn 68.798521 -0.212575 -72.572163
vn 68.798521 -0.212575 -72.572163
vn -94.498178 -21.845141 -24.349270
vn -94.498178 -21.845141 -24.349270
vn -94.498178 -21.845141 -24.349270
vn -79.432583 -42.932536 -42.979807
vn -79.432583 -42.932536 -42.979807
vn -79.432583 -42.932536 -42.979807
vn -96.096107 -7.662847 -26.586081
vn -96.096107 -7.662847 -26.586081
vn -96.096107 -7.662847 -26.586081
vn -42.251457 -90.630998 -0.915535
vn -42.251457 -90.630998 -0.915535
vn -42.251457 -90.630998 -0.915535
vn 28.044787 -56.198421 -77.815351
vn 28.044787 -56.198421 -77.815351
vn 28.044787 -56.198421 -77.815351
vn -87.800030 -42.000976 -22.958087
vn -87.800030 -42.000976 -22.958087
vn -87.800030 -42.000976 -22.958087
vn 74.907080 -48.585152 -45.037922
vn 74.907080 -48.585152 -45.037922
vn 74.907080 -48.585152 -45.037922
vn -57.954026 -27.052945 -76.873082
vn -57.954026 -27.052945 -76.873082
vn -57.954026 -27.052945 -76.873082
vn -69.439859 -64.730473 -31.433614
vn -69.439859 -64.730473 -31.433614
vn -69.439859 -64.730473 -31.433614
vn 50.810606 -59.791883 -61.993668
vn 50.810606 -59.791883 -61.993668
vn 50.810606 -59.791883 -61.993668
vn 50.137427 79.065681 35.140542
vn 50.137427 79.065681 35.140542
vn 50.137427 79.065681 35.140542
vn -85.965838 48.921049 -14.717561
vn -85.965838 48.921049 -14.717561
vn -85.965838 48.921049 -14.717561
vn 30.989384 -6.743096 -94.837698
vn 30.989384 -6.743096 -94.837698
vn 30.989384 -6.743096 -94.837698
vn -37.924407 -68.807846 -61.864534
vn -37.924407 -68.807846 -61.864534
vn -37.924407 -68.807846 -61.864534
vn 86.246176 -41.328468 -29.215698
vn 86.246176 -41.328468 -29.215698
vn 86.246176 -41.328468 -29.215698
vn 2.806210 86.887111 -49.424235
vn 2.806210 86.887111 -49.424235
vn 2.806210 86.887111 -49.424235
vn 83.663471 -50.356712 -21.555166
vn 83.663471 -50.356712 -21.555166
vn 83.663471 -50.356712 -21.555166
vn -51.352280 83.278183 20.680624
vn -51.352280 83.278183 20.680624
vn -51.352280 83.278183 20.680624
vn 89.520357 40.691378 18.174620
vn 89.520357 40.691378 18.174620
vn 89.520357 40.691378 18.174620
vn 60.486809 1.893965 79.610036
vn 60.486809 1.893965 79.610036
vn 60.486809 1.893965 79.610036
vn 85.479875 -27.552317 -43.977952
vn 85.479875 -27.552317 -43.977952
vn 85.479875 -27.552317 -43.977952
vn -76.950806 37.496101 51.697354
vn -76.950806 37.496101 51.697354
vn -76.950806 37.496101 51.697354
vn 13.471086 -46.143650 87.688616
vn 13.471086 -46.143650 87.688616
vn 13.471086 -46.143650 87.688616
vn -9.749900 21.877020 -97.089315
vn -9.749900 21.877020 -97.089315
vn -9.749900 21.877020 -97.089315
vn 34.057356 29.867051 -89.151876
vn 34.057356 29.867051 -89.151876
vn 34.057356 29.867051 -89.151876
vn -65.767575 -1.331297 -75.318351
vn -65.767575 -1.331297 -75.318351
vn -65.767575 -1.331297 -75.318351
vn -65.476748 -30.023969 69.363945
vn -65.476748 -30.023969 69.363945
vn -65.476748 -30.023969 69.363945
vn 68.905947 41.333307 -59.527544
vn 68.905947 41.333307 -59.527544
vn 68.905947 41.333307 -59.527544
vn 91.070766 41.016203 -4.877303
vn 91.070766 41.016203 -4.877303
vn 91.070766 41.016203 -4.877303
vn 19.086707 70.939502 -67.847512
vn 19.086707 70.939502 -67.847512
vn 19.086707 70.939502 -67.847512
vn 94.610460 27.553469 17.019622
vn 94.610460 27.553469 17.019622
vn 94.610460 27.553469 17.019622
vn 51.162817 -35.745320 78.132187
vn 51.162817 -35.745320 78.132187
vn 51.162817 -35.745320 78.132187
vn -99.137484 -8.778583 -9.731170
vn -99.137484 -8.778583 -9.731170
vn -99.137484 -8.778583 -9.731170
vn 33.791444 58.740782 73.536799
vn 33.791444 58.740782 73.536799
vn 33.791444 58.740782 73.536799
vn 97.616879 17.548149 -12.767523
vn 97.616879 17.548149 -12.767523
vn 97.616879 17.548149 -12.767523
vn 14.793490 93.808037 31.324210
vn 14.793490 93.808037 31.324210
vn 14.793490 93.808037 31.324210
vn -83.700622 -53.710749 -10.457632
vn -83.700622 -53.710749 -10.457632
vn -83.700622 -53.710749 -10.457632
vn -83.309505 -25.335001 -49.169750
vn -83.309505 -25.335001 -49.169750
vn -83.309505 -25.335001 -49.169750
vn -79.755489 59.844169 7.598506
vn -79.755489 59.844169 7.598506
vn -79.755489 59.844169 7.598506
vn 99.397145 -10.557769 2.956686
vn 99.397145 -10.557769 2.956686
vn 99.397145 -10.557769 2.956686
vn -49.368144 -75.517738 -43.126078
vn -49.368144 -75.517738 -43.126078
vn -49.368144 -75.517738 -43.126078
vn -62.945367 -68.677148 36.350106
vn -62.945367 -68.677148 36.350106
vn -62.945367 -68.677148 36.350106
vn -69.170763 14.993922 -70.644103
vn -69.170763 14.993922 -70.644103
vn -69.170763 14.993922 -70.644103
vn 71.002098 -40.688088 57.473309
vn 71.002098 -40.688088 57.473309
vn 71.002098 -40.688088 57.473309
vn 42.126292 77.749926 46.693950
vn 42.126292 77.749926 46.693950
vn 42.126292 77.749926 46.693950
vn 8.242274 25.370878 -96.376264
vn 8.242274 25.370878 -96.376264
vn 8.242274 25.370878 -96.376264
vn 20.818743 -96.640777 15.071229
vn 20.818743 -96.640777 15.071229
vn 20.818743 -96.640777 15.071229
vn -90.365282 7.162620 -42.223393
vn -90.365282 7.162620 -42.223393
vn -90.365282 7.162620 -42.223393
vn -53.087221 64.631220 54.813816
vn -53.087221 64.631220 54.813816
vn -53.087221 64.631220 54.813816
vn -56.154066 -46.771637 68.257854
vn -56.154066 -46.771637 68.257854
vn -56.154066 -46.771637 68.257854
vn -57.160510 65.832817 -48.976689
vn -57.160510 65.832817 -48.976689
vn -57.160510 65.832817 -48.976689
vn -85.447551 -2.108983 51.906345
vn -85.447551 -2.108983 51.906345
vn -85.447551 -2.108983 51.906345
vn 72.367222 40.523554 -55.864363
vn 72.367222 40.523554 -55.864363
vn 72.367222 40.523554 -55.864363
vn 18.014364 -28.936317 -94.011560
vn 18.014364 -28.936317 -94.011560
vn 18.014364 -28.936317 -94.011560
vn -57.461660 -33.402306 -74.715748
vn -57.461660 -33.402306 -74.715748
vn -57.461660 -33.402306 -74.715748
vn -93.126593 30.757662 19.529531
vn -93.126593 30.757662 19.529531
vn -93.126593 30.757662 19.529531
vn 99.146866 11.064033 6.891075
vn 99.146866 11.064033 6.891075
vn 99.146866 11.064033 6.891075
vn -2.385335 85.445277 51.898122
vn -2.385335 85.445277 51.898122
vn -2.385335 85.445277 51.898122
vn -60.213713 -68.494714 -41.021741
vn -60.213713 -68.494714 -41.021741
vn -60.213713 -68.494714 -41.021741
vn -69.252284 -30.693269 -65.284342
vn -69.252284 -30.693269 -65.284342
vn -69.252284 -30.693269 -65.284342
vn -13.667263 -1.837114 -99.044598
vn -13.667263 -1.837114 -99.044598
vn -13.667263 -1.837114 -99.044598
vn -25.631272 -8.760550 -96.261583
vn -25.631272 -8.760550 -96.261583
vn -25.631272 -8.760550 -96.261583
vn -95.017413 31.171620 -0.151107
vn -95.017413 31.171620 -0.151107
vn -95.017413 31.171620 -0.151107
vn 57.554440 -1.004883 81.770890
vn 57.554440 -1.004883 81.770890
vn 57.554440 -1.004883 81.770890
vn 62.700348 34.970735 -69.611175
vn 62.700348 34.970735 -69.611175
vn 62.700348 34.970735 -69.611175
vn -44.227673 79.074037 -42.322702
vn -44.227673 79.074037 -42.322702
vn -44.227673 79.074037 -42.322702
vn 52.390283 -84.948508 6.245847
vn 52.390283 -84.948508 6.245847
vn 52.390283 -84.948508 6.245847
vn 95.890769 14.382202 -24.456336
vn 95.890769 14.382202 -24.456336
vn 95.890769 14.382202 -24.456336
vn 50.525869 -78.257178 36.372391
vn 50.525869 -78.257178 36.372391
vn 50.525869 -78.257178 36.372391
vn 37.241082 -20.634292 90.483860
vn 37.241082 -20.634292 90.483860
vn 37.241082 -20.634292 90.483860
vn 92.525998 -26.686039 -26.959163
vn 92.525998 -26.686039 -26.959163
vn 92.525998 -26.686039 -26.959163
vn -2.959614 99.339056 11.090295
vn -2.959614 99.339056 11.090295
vn -2.959614 99.339056 11.090295
vn 17.010555 76.194166 62.490735
vn 17.010555 76.194166 62.490735
vn 17.010555 76.194166 62.490735
vn 39.112442 -35.188077 85.041267
vn 39.112442 -35.188077 85.041267
vn 39.112442 -35.188077 85.041267
vn -27.543800 -20.808702 93.852741
vn -27.543800 -20.808702 93.852741
vn -27.543800 -20.808702 93.852741
vn 29.022525 -26.157422 92.051530
vn 29.022525 -26.157422 92.051530
vn 29.022525 -26.157422 92.051530
vn -42.742571 39.536739 -81.301407
vn -42.742571 39.536739 -81.301407
vn -42.742571 39.536739 -81.301407
vn 47.078586 -83.784704 27.635673
vn 47.078586 -83.784704 27.635673
vn 47.078586 -83.784704 27.635673
vn 80.280274 -58.963708 8.852122
vn 80.280274 -58.963708 8.852122
vn 80.280274 -58.963708 8.852122
vn -64.479118 -12.054962 75.479289
vn -64.479118 -12.054962 75.479289
vn -64.479118 -12.054962 75.479289
vn 49.100316 -22.867434 84.060939
vn 49.100316 -22.867434 84.060939
vn 49.100316 -22.867434 84.060939
vn -38.821266 56.466475 72.831637
vn -38.821266 56.466475 72.831637
vn -38.821266 56.466475 72.831637
vn -87.799524 -0.869007 47.859057
vn -87.799524 -0.869007 47.859057
vn -87.799524 -0.869007 47.859057
vn -55.988604 -21.798561 79.938097
vn -55.988604 -21.798561 79.938097
vn -55.988604 -21.798561 79.938097
vn 11.550914 -13.685279 -98.383385
vn 11.550914 -13.685279 -98.383385
vn 11.550914 -13.685279 -98.383385
vn 52.923481 -51.544353 -67.396481
vn 52.923481 -51.544353 -67.396481
vn 52.923481 -51.544353 -67.396481
vn -53.457260 50.062591 -68.088610
vn -53.457260 50.062591 -68.088610
vn -53.457260 50.062591 -68.088610
vn -97.586048 9.040559 -19.880436
vn -97.586048 9.040559 -19.880436
vn -97.586048 9.040559 -19.880436
vn -80.940544 33.615400 48.152195
vn -80.940544 33.615400 48.152195
vn -80.940544 33.615400 48.152195
vn -31.765584 21.198576 92.420609
vn -31.765584 21.198576 92.420609
vn -31.765584 21.198576 92.420609
vn -76.208932 -5.192394 64.538656
vn -76.208932 -5.192394 64.538656
vn -76.208932 -5.192394 64.538656
vn 72.230002 67.578944 14.693995
vn 72.230002 67.578944 14.693995
vn 72.230002 67.578944 14.693995
vn -28.220419 -83.726283 46.834990
vn -28.220419 -83.726283 46.834990
vn -28.220419 -83.726283 46.834990
vn 88.150923 -46.960923 4.907838
vn 88.150923 -46.960923 4.907838
vn 88.150923 -46.960923 4.907838
vn -60.909172 -9.680772 -78.716942
vn -60.909172 -9.680772 -78.716942
vn -60.909172 -9.680772 -78.716942
vn 99.980065 0.020315 1.996509
vn 99.980065 0.020315 1.996509
vn 99.980065 0.020315 1.996509
vn -17.926535 47.064044 -86.392231
vn -17.926535 47.064044 -86.392231
vn -17.926535 47.064044 -86.392231
vn 93.981422 -34.040472 2.956172
vn 93.981422 -34.040472 2.956172
vn 93.981422 -34.040472 2.956172
vn 11.250414 13.244282 98.478513
vn 11.250414 13.244282 98.478513
vn 11.250414 13.244282 98.478513
vn 96.887903 1.449829 24.710984
vn 96.887903 1.449829 24.710984
vn 96.887903 1.449829 24.710984
vn -23.534644 -68.281036 -69.165169
vn -23.534644 -68.281036 -69.165169
vn -23.534644 -68.281036 -69.165169
vn -60.557886 45.044648 65.602771
vn -60.557886 45.044648 65.602771
vn -60.557886 45.044648 65.602771
vn -22.441436 89.705312 -38.070214
vn -22.441436 89.705312 -38.070214
vn -22.441436 89.705312 -38.070214
vn 97.599589 -12.614214 -17.753992
vn 97.599589 -12.614214 -17.753992
vn 97.599589 -12.614214 -17.753992
vn 48.209668 -34.279886 80.627031
vn 48.209668 -34.279886 80.627031
vn 48.209668 -34.279886 80.627031
vn 56.752991 -73.750570 -36.605363
vn 56.752991 -73.750570 -36.605363
vn 56.752991 -73.750570 -36.605363
vn -26.684330 49.341763 -82.784897
vn -26.684330 49.341763 -82.784897
vn -26.684330 49.341763 -82.784897
vn 64.833293 52.374605 -55.258889
vn 64.833293 52.374605 -55.258889
vn 64.833293 52.374605 -55.258889
vn -30.564851 95.182138 2.480458
vn -30.564851 95.182138 2.480458
vn -30.564851 95.182138 2.480458
vn 41.966264 7.523896 -90.455653
vn 41.966264 7.523896 -90.455653
vn 41.966264 7.523896 -90.455653
vn 97.430142 15.831774 -16.022577
vn 97.430142 15.831774 -16.022577
vn 97.430142 15.831774 -16.022577
vn 50.271234 -70.531097 -49.981670
vn 50.271234 -70.531097 -49.981670
vn 50.271234 -70.531097 -49.981670
vn -28.761373 23.383837 92.876153
vn -28.761373 23.383837 92.876153
vn -28.761373 23.383837 92.876153
vn 95.601514 14.454999 25.522610
vn 95.601514 14.454999 25.522610
vn 95.601514 14.454999 25.522610
vn 97.342647 22.246403 5.432083
vn 97.342647 22.246403 5.432083
vn 97.342647 22.246403 5.432083
vn 9.495407 -47.369323 -87.555617
vn 9.495407 -47.369323 -87.555617
vn 9.495407 -47.369323 -87.555617
vn -64.489287 -63.023938 -43.233271
vn -64.489287 -63.023938 -43.233271
vn -64.489287 -63.023938 -43.233271
vn 46.928795 80.370451 36.582501
vn 46.928795 80.370451 36.582501
vn 46.928795 80.370451 36.582501
vn -82.596179 -20.755011 52.412802
vn -82.596179 -20.755011 52.412802
vn -82.596179 -20.755011 52.412802
vn 94.596628 -1.421154 32.395355
vn 94.596628 -1.421154 32.395355
vn 94.596628 -1.421154 32.395355
vn -88.418165 -18.009243 -43.103311
vn -88.418165 -18.009243 -43.103311
vn -88.418165 -18.009243 -43.103311
vn 52.062747 -84.912537 8.906832
vn 52.062747 -84.912537 8.906832
vn 52.062747 -84.912537 8.906832
vn -99.324877 -2.961648 -11.215984
vn -99.324877 -2.961648 -11.215984
vn -99.324877 -2.961648 -11.215984
vn 88.761379 45.957840 3.048927
vn 88.761379 45.957840 3.048927
vn 88.761379 45.957840 3.048927
vn 74.538229 28.795360 60.123880
vn 74.538229 28.795360 60.123880
vn 74.538229 28.795360 60.123880
vn -98.523674 12.780002 11.391093
vn -98.523674 12.780002 11.391093
vn -98.523674 12.780002 11.391093
vn 48.572622 35.514131 79.871448
vn 48.572622 35.514131 79.871448
vn 48.572622 35.514131 79.871448
vn 13.730171 98.649741 -8.928106
vn 13.730171 98.649741 -8.928106
vn 13.730171 98.649741 -8.928106
vn 45.900172 -84.732037 26.714328
vn 45.900172 -84.732037 26.714328
vn 45.900172 -84.732037 26.714328
vn -74.901584 2.850316 66.193870
vn -74.901584 2.850316 66.193870
vn -74.901584 2.850316 66.193870
vn -9.600627 17.825507 97.928953
vn -9.600627 17.825507 97.928953
vn -9.600627 17.825507 97.928953
vn -18.370179 84.061695 -50.952624
vn -18.370179 84.061695 -50.952624
vn -18.370179 84.061695 -50.952624
vn -81.614550 -7.641511 -57.277171
vn -81.614550 -7.641511 -57.277171
vn -81.614550 -7.641511 -57.277171
vn -56.717866 -67.915604 46.589219
vn -56.717866 -67.915604 46.589219
vn -56.717866 -67.915604 46.589219
vn 45.418519 8.388852 88.694904
vn 45.418519 8.388852 88.694904
vn 45.418519 8.388852 88.694904
vn 3.616923 7.824977 99.627756
vn 3.616923 7.824977 99.627756
vn 3.616923 7.824977 99.627756
vn 60.360506 -72.876726 32.335614
vn 60.360506 -72.876726 32.335614
vn 60.360506 -72.876726 32.335614
vn -81.282875 -41.432400 -40.944494
vn -81.282875 -41.432400 -40.944494
vn -81.282875 -41.432400 -40.944494
vn -10.140048 93.174647 34.866387
vn -10.140048 93.174647 34.866387
vn -10.140048 93.174647 34.866387
vn -31.178695 70.325322 -63.892405
vn -31.178695 70.325322 -63.892405
vn -31.178695 70.325322 -63.892405
vn 6.842463 -96.784418 -24.206551
vn 6.842463 -96.784418 -24.206551
vn 6.842463 -96.784418 -24.206551
vn 93.049338 30.663211 -20.039671
vn 93.049338 30.663211 -20.039671
vn 93.049338 30.663211 -20.039671
vn 7.793699 5.900701 -99.521056
vn 7.793699 5.900701 -99.521056
vn 7.793699 5.900701 -99.521056
vn -80.154885 9.710903 -58.999089
vn -80.154885 9.710903 -58.999089
vn -80.154885 9.710903 -58.999089
vn 73.859126 22.677275 63.486776
vn 73.859126 22.677275 63.486776
vn 73.859126 22.677275 63.486776
vn 36.609289 89.690938 -24.805152
vn 36.609289 89.690938 -24.805152
vn 36.609289 89.690938 -24.805152
vn -23.960620 9.929633 -96.577905
vn -23.960620 9.929633 -96.577905
vn -23.960620 9.929633 -96.577905
vn 95.295736 -6.586154 29.586268
vn 95.295736 -6.586154 29.586268
vn 95.295736 -6.586154 29.586268
vn -28.235966 18.804080 94.069859
vn -28.235966 18.804080 94.069859
vn -28.235966 18.804080 94.069859
vn -92.428715 -23.735111 -29.892806
vn -92.428715 -23.735111 -29.892806
vn -92.428715 -23.735111 -29.892806
vn 95.698394 -13.303194 -25.784583
vn 95.698394 -13.303194 -25.784583
vn 95.698394 -13.303194 -25.784583
vn -52.475837 69.783619 48.749693
vn -52.475837 69.783619 48.749693
vn -52.475837 69.783619 48.749693
vn -93.890407 5.774087 -33.930131
vn -93.890407 5.774087 -33.930131
vn -93.890407 5.774087 -33.930131
vn 72.524433 68.842056 -0.988578
vn 72.524433 68.842056 -0.988578
vn 72.524433 68.842056 -0.988578
vn -54.245579 77.125983 -33.301679
vn -54.245579 77.125983 -33.301679
vn -54.245579 77.125983 -33.301679
vn -65.848283 -71.781309 -22.615229
vn -65.848283 -71.781309 -22.615229
vn -65.848283 -71.781309 -22.615229
vn -12.634053 -3.866861 -99.123306
vn -12.634053 -3.866861 -99.123306
vn -12.634053 -3.866861 -99.123306
vn -50.449399 56.429750 -65.349392
vn -50.449399 56.429750 -65.349392
vn -50.449399 56.429750 -65.349392
vn -25.617755 -16.668408 95.215000
vn -25.617755 -16.668408 95.215000
vn -25.617755 -16.668408 95.215000
vn 23.603348 -26.798995 93.406084
vn 23.603348 -26.798995 93.406084
vn 23.603348 -26.798995 93.406084
vn -38.022378 22.005711 -89.833454
vn -38.022378 22.005711 -89.833454
vn -38.022378 22.005711 -89.833454
vn 74.795387 -55.386403 -36.578627
vn 74.795387 -55.386403 -36.578627
vn 74.795387 -55.386403 -36.578627
vn 49.629612 2.170213 86.788199
vn 49.629612 2.170213 86.788199
vn 49.629612 2.170213 86.788199
vn -93.803446 -14.888706 -31.292853
vn -93.803446 -14.888706 -31.292853
vn -93.803446 -14.888706 -31.292853
vn -2.837172 47.492488 -87.956890
vn -2.837172 47.492488 -87.956890
vn -2.837172 47.492488 -87.956890
vn -0.130566 -15.260265 98.828676
vn -0.130566 -15.260265 98.828676
vn -0.130566 -15.260265 98.828676
vn 83.960759 9.002467 -53.568156
vn 83.960759 9.002467 -53.568156
vn 83.960759 9.002467 -53.568156
vn -99.448140 7.187531 -7.642439
vn -99.448140 7.187531 -7.642439
vn -99.448140 7.187531 -7.642439
vn 19.573394 31.473982 -92.877722
vn 19.573394 31.473982 -92.877722
vn 19.573394 31.473982 -92.877722
vn 93.137916 34.025229 -12.946607
vn 93.137916 34.025229 -12.946607
vn 93.137916 34.025229 -12.946607
vn 29.728714 49.073206 81.902539
vn 29.728714 49.073206 81.902539
vn 29.728714 49.073206 81.902539
vn 53.341273 24.863913 -80.848596
vn 53.341273 24.863913 -80.848596
vn 53.341273 24.863913 -80.848596
vn -44.173210 -75.484624 48.485043
vn -44.173210 -75.484624 48.485043
vn -44.173210 -75.484624 48.485043
vn 32.333690 -93.990932 -10.965281
vn 32.333690 -93.990932 -10.965281
vn 32.333690 -93.990932 -10.965281
vn 93.582229 16.964461 -30.896197
vn 93.582229 16.964461 -30.896197
vn 93.582229 16.964461 -30.896197
vn 63.437165 33.620505 -69.608833
vn 63.437165 33.620505 -69.608833
vn 63.437165 33.620505 -69.608833
vn 17.835127 -50.883593 84.218574
vn 17.835127 -50.883593 84.218574
vn 17.835127 -50.883593 84.218574
vn 49.668378 80.267579 33.017686
vn 49.668378 80.267579 33.017686
vn 49.668378 80.267579 33.017686
vn 62.260766 26.028238 -73.797893
vn 62.260766 26.028238 -73.797893
vn 62.260766 26.028238 -73.797893
vn -40.703013 -9.251423 -90.871761
vn -40.703013 -9.251423 -90.871761
vn -40.703013 -9.251423 -90.871761
vn -26.935879 79.493020 54.362850
vn -26.935879 79.493020 54.362850
vn -26.935879 79.493020 54.362850
vn -25.713713 -69.863390 -66.767602
vn -25.713713 -69.863390 -66.767602
vn -25.713713 -69.863390 -66.767602
vn -89.783875 -37.764455 22.642963
vn -89.783875 -37.764455 22.642963
vn -89.783875 -37.764455 22.642963
vn -95.609417 27.753814 9.410996
vn -95.609417 27.753814 9.410996
vn -95.609417 27.753814 9.410996
vn -57.197765 8.176995 -81.618336
vn -57.197765 8.176995 -81.618336
vn -57.197765 8.176995 -81.618336
vn -17.621514 -73.113327 -65.908451
vn -17.621514 -73.113327 -65.908451
vn -17.621514 -73.113327 -65.908451
vn -7.099163 93.964255 -33.471194
vn -7.099163 93.964255 -33.471194
vn -7.099163 93.964255 -33.471194
vn 59.531800 79.659768 10.501830
vn 59.531800 79.659768 10.501830
vn 59.531800 79.659768 10.501830
vn -60.301585 71.882543 34.592180
vn -60.301585 71.882543 34.592180
vn -60.301585 71.882543 34.592180
vn 66.137039 -29.122575 -69.121403
vn 66.137039 -29.122575 -69.121403
vn 66.137039 -29.122575 -69.121403
vn 69.651851 -21.850661 -68.345954
vn 69.651851 -21.850661 -68.345954
vn 69.651851 -21.850661 -68.345954
vn -56.144272 -6.796027 82.472025
vn -56.144272 -6.796027 82.472025
vn -56.144272 -6.796027 82.472025
vn 24.780292 28.864912 -92.481102
vn 24.780292 28.864912 -92.481102
vn 24.780292 28.864912 -92.481102
vn -95.620995 -28.977663 -4.113421
vn -95.620995 -28.977663 -4.113421
vn -95.620995 -28.977663 -4.113421
vn 94.328656 27.974007 -17.876204
vn 94.328656 27.974007 -17.876204
vn 94.328656 27.974007 -17.876204
vn 16.732772 -31.378667 93.463336
vn 16.732772 -31.378667 93.463336
vn 16.732772 -31.378667 93.463336
vn 74.388457 -56.072458 -36.362572
vn 74.388457 -56.072458 -36.362572
vn 74.388457 -56.072458 -36.362572
vn -52.109350 64.888543 -55.444496
vn -52.109350 64.888543 -55.444496
vn -52.109350 64.888543 -55.444496
vn 9.326950 -33.547801 -93.741948
vn 9.326950 -33.547801 -93.741948
vn 9.326950 -33.547801 -93.741948
vn -81.936295 -15.137352 -55.292897
vn -81.936295 -15.137352 -55.292897
vn -81.936295 -15.137352 -55.292897
vn 99.146888 -9.205571 -9.227918
vn 99.146888 -9.205571 -9.227918
vn 99.146888 -9.205571 -9.227918
vn 50.404983 -8.518406 -85.946345
vn 50.404983 -8.518406 -85.946345
vn 50.404983 -8.518406 -85.946345
vn -17.095011 -42.981166 88.658786
vn -17.095011 -42.981166 88.658786
vn -17.095011 -42.981166 88.658786
vn 74.888149 45.878581 -47.821763
vn 74.888149 45.878581 -47.821763
vn 74.888149 45.878581 -47.821763
vn 6.997685 18.391688 -98.044778
vn 6.997685 18.391688 -98.044778
vn 6.997685 18.391688 -98.044778
vn 16.712537 -48.837119 -85.648280
vn 16.712537 -48.837119 -85.648280
vn 16.712537 -48.837119 -85.648280
vn -50.898324 61.718231 -60.001847
vn -50.898324 61.718231 -60.001847
vn -50.898324 61.718231 -60.001847
vn -31.707313 93.834179 -13.776527
vn -31.707313 93.834179 -13.776527
vn -31.707313 93.834179 -13.776527
vn -82.012956 35.881190 -44.569230
vn -82.012956 35.881190 -44.569230
vn -82.012956 35.881190 -44.569230
vn -67.735808 1.805731 73.543189
vn -67.735808 1.805731 73.543189
vn -67.735808 1.805731 73.543189
vn 83.418193 17.202727 -52.397255
vn 83.418193 17.202727 -52.397255
vn 83.418193 17.202727 -52.397255
vn 43.875726 81.775284 37.252162
vn 43.875726 81.775284 37.252162
vn 43.875726 81.775284 37.252162
vn 95.151135 -11.038492 28.712593
vn 95.151135 -11.038492 28.712593
vn 95.151135 -11.038492 28.712593
vn 90.256833 28.445261 32.319834
vn 90.256833 28.445261 32.319834
vn 90.256833 28.445261 32.319834
vn -85.786757 1.122985 -51.374807
vn -85.786757 1.122985 -51.374807
vn -85.786757 1.122985 -51.374807
vn -47.672071 -81.978073 31.732786
vn -47.672071 -81.978073 31.732786
vn -47.672071 -81.978073 31.732786
vn -35.482894 2.377429 93.462898
vn -35.482894 2.377429 93.462898
vn -35.482894 2.377429 93.462898
vn -14.408320 79.877971 58.411578
vn -14.408320 79.877971 58.411578
vn -14.408320 79.877971 58.411578
vn 17.824053 -64.840803 -74.013338
vn 17.824053 -64.840803 -74.013338
vn 17.824053 -64.840803 -74.013338
vn -20.746991 29.968759 93.120551
vn -20.746991 29.968759 93.120551
vn -20.746991 29.968759 93.120551
vn -95.596354 26.506754 12.598777
vn -95.596354 26.506754 12.598777
vn -95.596354 26.506754 12.598777
vn -71.075409 -66.641899 -22.519852
vn -71.075409 -66.641899 -22.519852
vn -71.075409 -66.641899 -22.519852
vn -91.612397 27.927115 28.761883
vn -91.612397 27.927115 28.761883
vn -91.612397 27.927115 28.761883
vn 79.000040 -15.003987 -59.446405
vn 79.000040 -15.003987 -59.446405
vn 79.000040 -15.003987 -59.446405
vn -34.080617 -47.347358 81.220321
vn -34.080617 -47.347358 81.220321
vn -34.080617 -47.347358 81.220321
vn 68.430522 -24.577286 -68.652912
vn 68.430522 -24.577286 -68.652912
vn 68.430522 -24.577286 -68.652912
vn -96.919906 2.400110 24.510672
vn -96.919906 2.400110 24.510672
vn -96.919906 2.400110 24.510672
vn 38.122720 10.365695 91.865186
vn 38.122720 10.365695 91.865186
vn 38.122720 10.365695 91.865186
vn -40.400203 0.280638 91.475390
vn -40.400203 0.280638 91.475390
vn -40.400203 0.280638 91.475390
vn -18.755306 -7.698930 97.923264
vn -18.755306 -7.698930 97.923264
vn -18.755306 -7.698930 97.923264
vn -30.665360 -94.629194 10.244630
vn -30.665360 -94.629194 10.244630
vn -30.665360 -94.629194 10.244630
vn 18.233511 26.302562 94.740247
vn 18.233511 26.302562 94.740247
vn 18.233511 26.302562 94.740247
vn -94.058794 -17.758193 -28.941149
vn -94.058794 -17.758193 -28.941149
vn -94.058794 -17.758193 -28.941149
vn -92.236209 -29.578573 24.851354
vn -92.236209 -29.578573 24.851354
vn -92.236209 -29.578573 24.851354
vn 78.780780 -23.691131 -56.853504
vn 78.780780 -23.691131 -56.853504
vn 78.780780 -23.691131 -56.853504
vn 4.138429 12.684663 99.105870
vn 4.138429 12.684663 99.105870
vn 4.138429 12.684663 99.105870
vn 9.450837 -58.554872 80.510920
vn 9.450837 -58.554872 80.510920
vn 9.450837 -58.554872 80.510920
vn 91.622586 22.669524 -33.036289
vn 91.622586 22.669524 -33.036289
vn 91.622586 22.669524 -33.036289
vn -89.401921 43.624315 -10.208600
vn -89.401921 43.624315 -10.208600
vn -89.401921 43.624315 -10.208600
vn 88.218704 32.299536 34.266627
vn 88.218704 32.299536 34.266627
vn 88.218704 32.299536 34.266627
vn 49.995250 37.117326 78.248197
vn 49.995250 37.117326 78.248197
vn 49.995250 37.117326 78.248197
vn 38.816558 77.454063 -49.941413
vn 38.816558 77.454063 -49.941413
vn 38.816558 77.454063 -49.941413
vn 31.566548 -25.458525 91.407965
vn 31.566548 -25.458525 91.407965
vn 31.566548 -25.458525 91.407965
vn -95.616577 29.271939 -0.789438
vn -95.616577 29.271939 -0.789438
vn -95.616577 29.271939 -0.789438
vn -52.531492 -78.466631 -32.915498
vn -52.531492 -78.466631 -32.915498
vn -52.531492 -78.466631 -32.915498
vn 51.800163 24.574862 -81.931801
vn 51.800163 24.574862 -81.931801
vn 51.800163 24.574862 -81.931801
vn 14.086622 52.697733 -83.812389
vn 14.086622 52.697733 -83.812389
vn 14.086622 52.697733 -83.812389
vn 77.746252 -59.007821 21.762283
vn 77.746252 -59.007821 21.762283
vn 77.746252 -59.007821 21.762283
vn -0.870177 13.306124 -99.106968
vn -0.870177 13.306124 -99.106968
vn -0.870177 13.306124 -99.106968
vn -55.875781 -82.906546 2.097960
vn -55.875781 -82.906546 2.097960
vn -55.875781 -82.906546 2.097960
vn -34.816296 -52.108603 -77.926374
vn -34.816296 -52.108603 -77.926374
vn -34.816296 -52.108603 -77.926374
vn -12.653102 37.850838 -91.690858
vn -12.653102 37.850838 -91.690858
vn -12.653102 37.850838 -91.690858
vn 32.047962 50.421601 80.190975
vn 32.047962 50.421601 80.190975
vn 32.047962 50.421601 80.190975
vn 17.505510 81.572466 55.131569
vn 17.505510 81.572466 55.131569
vn 17.505510 81.572466 55.131569
vn 14.675723 -88.565905 44.053442
vn 14.675723 -88.565905 44.053442
vn 14.675723 -88.565905 44.053442
vn 21.947922 16.867051 -96.092619
vn 21.947922 16.867051 -96.092619
vn 21.947922 16.867051 -96.092619
vn 60.159315 -38.664683 69.899210
vn 60.159315 -38.664683 69.899210
vn 60.159315 -38.664683 69.899210
vn 83.788412 10.594518 -53.546780
vn 83.788412 10.594518 -53.546780
vn 83.788412 10.594518 -53.546780
vn -81.128448 39.167051 -43.406423
vn -81.128448 39.167051 -43.406423
vn -81.128448 39.167051 -43.406423
vn 94.743691 -31.992936 0.292261
vn 94.743691 -31.992936 0.292261
vn 94.743691 -31.992936 0.292261
vn -75.770542 -42.625503 49.415516
vn -75.770542 -42.625503 49.415516
vn -75.770542 -42.625503 49.415516
vn -96.242042 -24.428436 -11.862611
vn -96.242042 -24.428436 -11.862611
vn -96.242042 -24.428436 -11.862611
vn 86.554877 -37.338749 33.377711
vn 86.554877 -37.338749 33.377711
vn 86.554877 -37.338749 33.377711
vn -15.571966 -17.521900 97.213668
vn -15.571966 -17.521900 97.213668
vn -15.571966 -17.521900 97.213668
vn 98.962982 11.583826 -8.493799
vn 98.962982 11.583826 -8.493799
vn 98.962982 11.583826 -8.493799
vn 96.759344 8.399185 23.813556
vn 96.759344 8.399185 23.813556
vn 96.759344 8.399185 23.813556
vn 28.999909 -4.657945 95.589269
vn 28.999909 -4.657945 95.589269
vn 28.999909 -4.657945 95.589269
vn 98.213658 2.146115 18.694203
vn 98.213658 2.146115 18.694203
vn 98.213658 2.146115 18.694203
vn 75.113831 -41.948693 50.972740
vn 75.113831 -41.948693 50.972740
vn 75.113831 -41.948693 50.972740
vn -93.628477 -34.092668 -8.449804
vn -93.628477 -34.092668 -8.449804
vn -93.628477 -34.092668 -8.449804
vn -27.064716 23.341408 -93.395291
vn -27.064716 23.341408 -93.395291
vn -27.064716 23.341408 -93.395291
vn 71.102580 70.275309 2.409075
vn 71.102580 70.275309 2.409075
vn 71.102580 70.275309 2.409075
vn -43.105419 86.977211 24.018499
vn -43.105419 86.977211 24.018499
vn -43.105419 86.977211 24.018499
vn 52.133240 34.952003 77.849102
vn 52.133240 34.952003 77.849102
vn 52.133240 34.952003 77.849102
vn 28.716104 -74.692122 -59.970599
vn 28.716104 -74.692122 -59.970599
vn 28.716104 -74.692122 -59.970599
vn -24.069534 55.734117 -79.462982
vn -24.069534 55.734117 -79.462982
vn -24.069534 55.734117 -79.462982
vn 55.633896 -41.513529 71.982624
vn 55.633896 -41.513529 71.982624
vn 55.633896 -41.513529 71.982624
vn 83.533846 -36.382652 41.211641
vn 83.533846 -36.382652 41.211641
vn 83.533846 -36.382652 41.211641
vn 82.861443 53.163614 17.538872
vn 82.861443 53.163614 17.538872
vn 82.861443 53.163614 17.538872
vn 59.757557 -22.129661 -77.066948
vn 59.757557 -22.129661 -77.066948
vn 59.757557 -22.129661 -77.066948
vn -86.813184 24.395273 -43.224334
vn -86.813184 24.395273 -43.224334
vn -86.813184 24.395273 -43.224334
vn -97.865071 -4.465569 -20.062067
vn -97.865071 -4.465569 -20.062067
vn -97.865071 -4.465569 -20.062067
vn 88.504218 -43.620742 16.255308
vn 88.504218 -43.620742 16.255308
vn 88.504218 -43.620742 16.255308
vn -2.834786 -9.598078 -99.497947
vn -2.834786 -9.598078 -99.497947
vn -2.834786 -9.598078 -99.497947
vn -84.112928 7.675582 53.536000
vn -84.112928 7.675582 53.536000
vn -84.112928 7.675582 53.536000
vn -7.041345 1.821936 -99.735161
vn -7.041345 1.821936 -99.735161
vn -7.041345 1.821936 -99.735161
vn -22.410703 51.109055 82.979664
vn -22.410703 51.109055 82.979664
vn -22.410703 51.109055 82.979664
vn -48.211979 -77.036062 41.725890
vn -48.211979 -77.036062 41.725890
vn -48.211979 -77.036062 41.725890
vn 47.046927 -30.809586 -82.688306
vn 47.046927 -30.809586 -82.688306
vn 47.046927 -30.809586 -82.688306
vn -9.533172 4.234556 -99.454450
vn -9.533172 4.234556 -99.454450
vn -9.533172 4.234556 -99.454450
vn 90.561419 -30.207560 29.767980
vn 90.561419 -30.207560 29.767980
vn 90.561419 -30.207560 29.767980
vn 84.576757 -47.461495 24.375775
vn 84.576757 -47.461495 24.375775
vn 84.576757 -47.461495 24.375775
vn 61.930870 -45.606416 -63.911045
vn 61.930870 -45.606416 -63.911045
vn 61.930870 -45.606416 -63.911045
vn -47.740201 -12.248509 87.010627
vn -47.740201 -12.248509 87.010627
vn -47.740201 -12.248509 87.010627
vn -24.121389 -96.632488 8.962241
vn -24.121389 -96.632488 8.962241
vn -24.121389 -96.632488 8.962241
vn 35.791232 -65.514538 -66.534460
vn 35.791232 -65.514538 -66.534460
vn 35.791232 -65.514538 -66.534460
vn -62.204278 -77.472987 -11.338655
vn -62.204278 -77.472987 -11.338655
vn -62.204278 -77.472987 -11.338655
vn 74.778769 -1.488248 66.377123
vn 74.778769 -1.488248 66.377123
vn 74.778769 -1.488248 66.377123
vn -40.202775 -91.376914 -5.830806
vn -40.202775 -91.376914 -5.830806
vn -40.202775 -91.376914 -5.830806
vn -86.487721 -4.118060 -50.029169
vn -86.487721 -4.118060 -50.029169
vn -86.487721 -4.118060 -50.029169
vn 98.918058 1.218571 14.619602
vn 98.918058 1.218571 14.619602
vn 98.918058 1.218571 14.619602
vn -74.165762 1.226372 67.066665
vn -74.165762 1.226372 67.066665
vn -74.165762 1.226372 67.066665
vn 30.263086 -9.262574 -94.859634
vn 30.263086 -9.262574 -94.859634
vn 30.263086 -9.262574 -94.859634
vn -89.985903 3.250426 -43.496816
vn -89.985903 3.250426 -43.496816
vn -89.985903 3.250426 -43.496816
vn 72.985291 -21.981334 64.729971
vn 72.985291 -21.981334 64.729971
vn 72.985291 -21.981334 64.729971
vn -84.201746 51.727006 -15.309555
vn -84.201746 51.727006 -15.309555
vn -84.201746 51.727006 -15.309555
vn -98.620326 -4.229592 -16.004439
vn -98.620326 -4.229592 -16.004439
vn -98.620326 -4.229592 -16.004439
vn 96.607933 -24.617269 7.803691
vn 96.607933 -24.617269 7.803691
vn 96.607933 -24.617269 7.803691
vn -80.952216 -5.881854 -58.413549
vn -80.952216 -5.881854 -58.413549
vn -80.952216 -5.881854 -58.413549
vn -55.437013 -73.023857 -39.928106
vn -55.437013 -73.023857 -39.928106
vn -55.437013 -73.023857 -39.928106
vn 59.452089 -73.573958 32.439512
vn 59.452089 -73.573958 32.439512
vn 59.452089 -73.573958 32.439512
vn 11.285348 -32.234767 -93.987026
vn 11.285348 -32.234767 -93.987026
vn 11.285348 -32.234767 -93.987026
vn -82.839529 -48.440120 28.127723
vn -82.839529 -48.440120 28.127723
vn -82.839529 -48.440120 28.127723
vn -36.077532 25.619749 -89.677422
vn -36.077532 25.619749 -89.677422
vn -36.077532 25.619749 -89.677422
vn 93.251439 -35.393163 7.175934
vn 93.251439 -35.393163 7.175934
vn 93.251439 -35.393163 7.175934
vn -67.030755 38.951155 63.163967
vn -67.030755 38.951155 63.163967
vn -67.030755 38.951155 63.163967
vn -49.728427 75.898384 -42.029978
vn -49.728427 75.898384 -42.029978
vn -49.728427 75.898384 -42.029978
vn 80.266447 -21.096274 55.787503
vn 80.266447 -21.096274 55.787503
vn 80.266447 -21.096274 55.787503
vn -19.011857 11.627089 -97.485189
vn -19.011857 11.627089 -97.485189
vn -19.011857 11.627089 -97.485189
vn -60.371485 -4.043734 -79.617417
vn -60.371485 -4.043734 -79.617417
vn -60.371485 -4.043734 -79.617417
vn -75.650110 -14.249315 -63.828039
vn -75.650110 -14.249315 -63.828039
vn -75.650110 -14.249315 -63.828039
vn 23.015956 -55.659373 79.826700
vn 23.015956 -55.659373 79.826700
vn 23.015956 -55.659373 79.826700
vn -62.155080 39.786761 67.481556
vn -62.155080 39.786761 67.481556
vn -62.155080 39.786761 67.481556
vn -50.646781 -85.799278 -8.566650
vn -50.646781 -85.799278 -8.566650
vn -50.646781 -85.799278 -8.566650
vn -9.656887 -4.757200 99.418880
vn -9.656887 -4.757200 99.418880
vn -9.656887 -4.757200 99.418880
vn 93.730798 6.359142 34.265147
vn 93.730798 6.359142 34.265147
vn 93.730798 6.359142 34.265147
vn 59.015305 -31.187019 74.461835
vn 59.015305 -31.187019 74.461835
vn 59.015305 -31.187019 74.461835
vn 99.733543 5.148736 5.168405
vn 99.733543 5.148736 5.168405
vn 99.733543 5.148736 5.168405
vn 54.033666 -37.767285 75.193065
vn 54.033666 -37.767285 75.193065
vn 54.033666 -37.767285 75.193065
vn -70.139755 -45.842562 54.579079
vn -70.139755 -45.842562 54.579079
vn -70.139755 -45.842562 54.579079
vn -58.760864 -46.165929 -66.452012
vn -58.760864 -46.165929 -66.452012
vn -58.760864 -46.165929 -66.452012
vn -64.964427 -33.392776 -68.297493
vn -64.964427 -33.392776 -68.297493
vn -64.964427 -33.392776 -68.297493
vn -28.788806 72.155220 -62.966896
vn -28.788806 72.155220 -62.966896
vn -28.788806 72.155220 -62.966896
vn 25.640350 77.680113 -57.518461
vn 25.640350 77.680113 -57.518461
vn 25.640350 77.680113 -57.518461
vn -26.838965 24.810764 -93.081127
vn -26.838965 24.810764 -93.081127
vn -26.838965 24.810764 -93.081127
vn -33.046472 -3.892311 94.301539
vn -33.046472 -3.892311 94.301539
vn -33.046472 -3.892311 94.301539
vn -69.142236 24.159722 68.085688
vn -69.142236 24.159722 68.085688
vn -69.142236 24.159722 68.085688
vn -22.744018 -5.005131 97.250504
vn -22.744018 -5.005131 97.250504
vn -22.744018 -5.005131 97.250504
vn 81.572093 53.121408 22.893442
vn 81.572093 53.121408 22.893442
vn 81.572093 53.121408 22.893442
vn 80.054281 44.847693 39.749180
vn 80.054281 44.847693 39.749180
vn 80.054281 44.847693 39.749180
vn 72.157962 6.988902 -68.879488
vn 72.157962 6.988902 -68.879488
vn 72.157962 6.988902 -68.879488
vn -75.585354 1.717082 -65.451565
vn -75.585354 1.717082 -65.451565
vn -75.585354 1.717082 -65.451565
vn -4.898758 64.213778 -76.502239
vn -4.898758 64.213778 -76.502239
vn -4.898758 64.213778 -76.502239
vn -63.513287 -73.058982 -25.068855
vn -63.513287 -73.058982 -25.068855
vn -63.513287 -73.058982 -25.068855
vn -87.520642 47.951773 -6.384669
vn -87.520642 47.951773 -6.384669
vn -87.520642 47.951773 -6.384669
vn 54.237750 -83.375178 10.336649
vn 54.237750 -83.375178 10.336649
vn 54.237750 -83.375178 10.336649
vn 15.995614 43.388992 -88.665307
vn 15.995614 43.388992 -88.665307
vn 15.995614 43.388992 -88.665307
vn -26.283226 -93.669553 23.134560
vn -26.283226 -93.669553 23.134560
vn -26.283226 -93.669553 23.134560
vn -35.970837 -22.652816 -90.514920
vn -35.970837 -22.652816 -90.514920
vn -35.970837 -22.652816 -90.514920
vn -60.375738 43.959027 66.500944
vn -60.375738 43.959027 66.500944
vn -60.375738 43.959027 66.500944
vn -24.304995 97.000085 0.500925
vn -24.304995 97.000085 0.500925
vn -24.304995 97.000085 0.500925
vn -93.548987 -32.973487 12.701805
vn -93.548987 -32.973487 12.701805
vn -93.548987 -32.973487 12.701805
vn -51.592718 62.257728 58.840194
vn -51.592718 62.257728 58.840194
vn -51.592718 62.257728 58.840194
vn 42.149771 -16.579943 -89.154375
vn 42.149771 -16.579943 -89.154375
vn 42.149771 -16.579943 -89.154375
vn 39.195463 74.803269 53.555458
vn 39.195463 74.803269 53.555458
vn 39.195463 74.803269 53.555458
vn -43.144816 60.774198 66.671007
vn -43.144816 60.774198 66.671007
vn -43.144816 60.774198 66.671007
vn -57.453701 -33.272079 -74.779950
vn -57.453701 -33.272079 -74.779950
vn -57.453701 -33.272079 -74.779950
vn 98.854449 -14.872398 -2.571102
vn 98.854449 -14.872398 -2.571102
vn 98.854449 -14.872398 -2.571102
vn 33.761153 -90.441483 26.086855
vn 33.761153 -90.441483 26.086855
vn 33.761153 -90.441483 26.086855
vn -5.636349 21.209156 -97.562310
vn -5.636349 21.209156 -97.562310
vn -5.636349 21.209156 -97.562310
vn -59.926813 -8.798704 79.569851
vn -59.926813 -8.798704 79.569851
vn -59.926813 -8.798704 79.569851
vn -41.408758 -54.848104 -72.642972
vn -41.408758 -54.848104 -72.642972
vn -41.408758 -54.848104 -72.642972
vn -3.127755 21.234587 97.669396
vn -3.127755 21.234587 97.669396
vn -3.127755 21.234587 97.669396
vn -1.207916 66.262440 74.885454
vn -1.207916 66.262440 74.885454
vn -1.207916 66.262440 74.885454
vn 63.218611 26.398406 72.845939
vn 63.218611 26.398406 72.845939
vn 63.218611 26.398406 72.845939
vn -20.274584 -44.348104 -87.305139
vn -20.274584 -44.348104 -87.305139
vn -20.274584 -44.348104 -87.305139
vn 51.083239 -46.438962 72.345875
vn 51.083239 -46.438962 72.345875
vn 51.083239 -46.438962 72.345875
vn 53.743125 -46.640518 70.259086
vn 53.743125 -46.640518 70.259086
vn 53.743125 -46.640518 70.259086
vn 45.458219 33.434502 -82.557163
vn 45.458219 33.434502 -82.557163
vn 45.458219 33.434502 -82.557163
vn -87.890428 31.382094 -35.922648
vn -87.890428 31.382094 -35.922648
vn -87.890428 31.382094 -35.922648
vn 16.842888 95.325662 -25.086572
vn 16.842888 95.325662 -25.086572
vn 16.842888 95.325662 -25.086572
vn -84.507712 39.640378 35.876009
vn -84.507712 39.640378 35.876009
vn -84.507712 39.640378 35.876009
vn -92.606186 19.817555 32.114810
vn -92.606186 19.817555 32.114810
vn -92.606186 19.817555 32.114810
vn -65.805194 69.733982 -28.405101
vn -65.805194 69.733982 -28.405101
vn -65.805194 69.733982 -28.405101
vn -74.704542 62.869093 21.603474
vn -74.704542 62.869093 21.603474
vn -74.704542 62.869093 21.603474
vn -77.471298 13.544722 -61.763575
vn -77.471298 13.544722 -61.763575
vn -77.471298 13.544722 -61.763575
vn 81.257219 -30.694635 49.549014
vn 81.257219 -30.694635 49.549014
vn 81.257219 -30.694635 49.549014
vn 83.605602 -21.897061 -50.305294
vn 83.605602 -21.897061 -50.305294
vn 83.605602 -21.897061 -50.305294
vn -59.641567 5.493954 80.079334
vn -59.641567 5.493954 80.079334
vn -59.641567 5.493954 80.079334
vn -29.444922 -85.821175 -42.044293
vn -29.444922 -85.821175 -42.044293
vn -29.444922 -85.821175 -42.044293
vn -36.622578 15.148228 -91.811326
vn -36.622578 15.148228 -91.811326
vn -36.622578 15.148228 -91.811326
vn 3.030506 11.942512 -99.238059
vn 3.030506 11.942512 -99.238059
vn 3.030506 11.942512 -99.238059
vn -47.158137 71.717086 51.310524
vn -47.158137 71.717086 51.310524
vn -47.158137 71.717086 51.310524
vn 30.672577 11.826800 -94.442152
vn 30.672577 11.826800 -94.442152
vn 30.672577 11.826800 -94.442152
vn 87.869672 -10.612896 -46.543387
vn 87.869672 -10.612896 -46.543387
vn 87.869672 -10.612896 -46.543387
vn 55.452120 -4.803986 -83.078189
vn 55.452120 -4.803986 -83.078189
vn 55.452120 -4.803986 -83.078189
vn -27.411313 -81.354918 51.283499
vn -27.411313 -81.354918 51.283499
vn -27.411313 -81.354918 51.283499
vn -71.604951 -61.185053 33.602392
vn -71.604951 -61.185053 33.602392
vn -71.604951 -61.185053 33.602392
vn -97.312879 -12.664543 -19.230522
vn -97.312879 -12.664543 -19.230522
vn -97.312879 -12.664543 -19.230522
vn -53.135263 8.948937 -84.241096
vn -53.135263 8.948937 -84.241096
vn -53.135263 8.948937 -84.241096
vn 74.095244 22.620120 63.231530
vn 74.095244 22.620120 63.231530
vn 74.095244 22.620120 63.231530
vn 56.280772 -63.621789 52.770668
vn 56.280772 -63.621789 52.770668
vn 56.280772 -63.621789 52.770668
vn 89.899677 -28.315095 33.411150
vn 89.899677 -28.315095 33.411150
vn 89.899677 -28.315095 33.411150
vn 3.534627 95.996004 27.789813
vn 3.534627 95.996004 27.789813
vn 3.534627 95.996004 27.789813
vn 43.266709 -9.975415 -89.601808
vn 43.266709 -9.975415 -89.601808
vn 43.266709 -9.975415 -89.601808
vn 5.618637 94.349884 32.657774
vn 5.618637 94.349884 32.657774
vn 5.618637 94.349884 32.657774
vn 88.490231 -46.498078 -2.721802
vn 88.490231 -46.498078 -2.721802
vn 88.490231 -46.498078 -2.721802
vn 56.109021 -81.569122 14.080421
vn 56.109021 -81.569122 14.080421
vn 56.109021 -81.569122 14.080421
vn -76.886559 -25.278799 58.731934
vn -76.886559 -25.278799 58.731934
vn -76.886559 -25.278799 58.731934
vn 61.601813 -68.643557 38.642973
vn 61.601813 -68.643557 38.642973
vn 61.601813 -68.643557 38.642973
vn 61.806092 38.561863 68.505414
vn 61.806092 38.561863 68.505414
vn 61.806092 38.561863 68.505414
vn 72.839841 45.928292 50.842427
vn 72.839841 45.928292 50.842427
vn 72.839841 45.928292 50.842427
vn -87.956713 28.965225 37.744310
vn -87.956713 28.965225 37.744310
vn -87.956713 28.965225 37.744310
vn -84.139054 23.999638 48.421472
vn -84.139054 23.999638 48.421472
vn -84.139054 23.999638 48.421472
vn 50.581495 -71.142259 -48.788238
vn 50.581495 -71.142259 -48.788238
vn 50.581495 -71.142259 -48.788238
vn 97.012967 -9.176494 -22.456134
vn 97.012967 -9.176494 -22.456134
vn 97.012967 -9.176494 -22.456134
vn -97.923012 -14.978952 13.664391
vn -97.923012 -14.978952 13.664391
vn -97.923012 -14.978952 13.664391
vn -2.505825 -99.898010 -3.756405
vn -2.505825 -99.898010 -3.756405
vn -2.505825 -99.898010 -3.756405
vn -77.752028 -50.484506 37.495842
vn -77.752028 -50.484506 37.495842
vn -77.752028 -50.484506 37.495842
vn -83.283525 1.189638 -55.339312
vn -83.283525 1.189638 -55.339312
vn -83.283525 1.189638 -55.339312
vn 8.793081 -97.781115 -19.014116
vn 8.793081 -97.781115 -19.014116
vn 8.793081 -97.781115 -19.014116
vn 96.579167 -23.606497 10.733004
vn 96.579167 -23.606497 10.733004
vn 96.579167 -23.606497 10.733004
vn -72.189915 37.124344 58.398629
vn -72.189915 37.124344 58.398629
vn -72.189915 37.124344 58.398629
vn -71.628233 17.382086 67.581502
vn -71.628233 17.382086 67.581502
vn -71.628233 17.382086 67.581502
vn 1.528859 30.333089 -95.276264
vn 1.528859 30.333089 -95.276264
vn 1.528859 30.333089 -95.276264
vn -97.523031 -15.874682 15.403015
vn -97.523031 -15.874682 15.403015
vn -97.523031 -15.874682 15.403015
vn 27.684499 17.444167 -94.494818
vn 27.684499 17.444167 -94.494818
vn 27.684499 17.444167 -94.494818
vn -68.911150 -57.432500 44.190082
vn -68.911150 -57.432500 44.190082
vn -68.911150 -57.432500 44.190082
vn 47.922342 65.223769 -58.730825
vn 47.922342 65.223769 -58.730825
vn 47.922342 65.223769 -58.730825
vn 96.431688 -12.502599 -23.336990
vn 96.431688 -12.502599 -23.336990
vn 96.431688 -12.502599 -23.336990
vn 62.414970 -78.108064 -1.871802
vn 62.414970 -78.108064 -1.871802
vn 62.414970 -78.108064 -1.871802
vn 87.660708 44.994214 17.062297
vn 87.660708 44.994214 17.062297
vn 87.660708 44.994214 17.062297
vn 22.687388 96.142323 -15.554335
vn 22.687388 96.142323 -15.554335
vn 22.687388 96.142323 -15.554335
vn -61.158564 69.338917 -38.101762
vn -61.158564 69.338917 -38.101762
vn -61.158564 69.338917 -38.101762
vn 86.880262 18.895812 -45.768656
vn 86.880262 18.895812 -45.768656
vn 86.880262 18.895812 -45.768656
vn -75.404761 -8.846365 -65.083521
vn -75.404761 -8.846365 -65.083521
vn -75.404761 -8.846365 -65.083521
vn 18.759535 31.070802 -93.180932
vn 18.759535 31.070802 -93.180932
vn 18.759535 31.070802 -93.180932
vn 42.109630 -7.015173 90.429898
vn 42.109630 -7.015173 90.429898
vn 42.109630 -7.015173 90.429898
vn 64.101304 -12.325933 75.756817
vn 64.101304 -12.325933 75.756817
vn 64.101304 -12.325933 75.756817
vn -96.567001 -17.176861 19.487742
vn -96.567001 -17.176861 19.487742
vn -96.567001 -17.176861 19.487742
vn 70.998560 22.206789 -66.828609
vn 70.998560 22.206789 -66.828609
vn 70.998560 22.206789 -66.828609
vn 54.293326 -71.634713 -43.825817
vn 54.293326 -71.634713 -43.825817
vn 54.293326 -71.634713 -43.825817
vn 45.940435 -78.410863 41.727848
vn 45.940435 -78.410863 41.727848
vn 45.940435 -78.410863 41.727848
vn 43.299706 -19.854493 -87.925738
vn 43.299706 -19.854493 -87.925738
vn 43.299706 -19.854493 -87.925738
vn -92.549642 36.171531 11.233219
vn -92.549642 36.171531 11.233219
vn -92.549642 36.171531 11.233219
vn 98.456652 14.594826 9.658097
vn 98.456652 14.594826 9.658097
vn 98.456652 14.594826 9.658097
vn -33.999591 78.996831 -51.024789
vn -33.999591 78.996831 -51.024789
vn -33.999591 78.996831 -51.024789
vn 10.792263 5.730782 -99.250620
vn 10.792263 5.730782 -99.250620
vn 10.792263 5.730782 -99.250620
vn -85.746186 51.383635 -2.704488
vn -85.746186 51.383635 -2.704488
vn -85.746186 51.383635 -2.704488
vn 56.186442 -2.462107 82.686297
vn 56.186442 -2.462107 82.686297
vn 56.186442 -2.462107 82.686297
vn 87.888459 -32.940740 34.504005
vn 87.888459 -32.940740 34.504005
vn 87.888459 -32.940740 34.504005
vn -77.763234 -56.770416 -27.018514
vn -77.763234 -56.770416 -27.018514
vn -77.763234 -56.770416 -27.018514
vn -2.706017 -94.057704 33.850079
vn -2.706017 -94.057704 33.850079
vn -2.706017 -94.057704 33.850079
vn 97.971443 18.248618 8.281609
vn 97.971443 18.248618 8.281609
vn 97.971443 18.248618 8.281609
vn 30.402879 -70.844016 -63.692944
vn 30.402879 -70.844016 -63.692944
vn 30.402879 -70.844016 -63.692944
vn -56.505842 -20.706372 -79.864491
vn -56.505842 -20.706372 -79.864491
vn -56.505842 -20.706372 -79.864491
vn -77.636334 -15.904631 60.988884
vn -77.636334 -15.904631 60.988884
vn -77.636334 -15.904631 60.988884
vn -3.590798 -74.246301 66.892399
vn -3.590798 -74.246301 66.892399
vn -3.590798 -74.246301 66.892399
vn 27.478154 40.167404 -87.358632
vn 27.478154 40.167404 -87.358632
vn 27.478154 40.167404 -87.358632
vn 92.866101 -15.774920 33.571415
vn 92.866101 -15.774920 33.571415
vn 92.866101 -15.774920 33.571415
vn 21.228803 -90.846662 -36.003104
vn 21.228803 -90.846662 -36.003104
vn 21.228803 -90.846662 -36.003104
vn -13.819421 -20.524389 96.890527
vn -13.819421 -20.524389 96.890527
vn -13.819421 -20.524389 96.890527
vn 27.403234 -90.436810 32.714629
vn 27.403234 -90.436810 32.714629
vn 27.403234 -90.436810 32.714629
vn -14.099039 9.312783 -98.562120
vn -14.099039 9.312783 -98.562120
vn -14.099039 9.312783 -98.562120
vn -55.344529 -10.653996 -82.604332
vn -55.344529 -10.653996 -82.604332
vn -55.344529 -10.653996 -82.604332
vn -78.299629 32.188367 -53.226673
vn -78.299629 32.188367 -53.226673
vn -78.299629 32.188367 -53.226673
vn -52.230739 85.197805 -3.644824
vn -52.230739 85.197805 -3.644824
vn -52.230739 85.197805 -3.644824
vn 10.318251 -55.676398 -82.423742
vn 10.318251 -55.676398 -82.423742
vn 10.318251 -55.676398 -82.423742
vn 98.552582 -5.971241 15.866115
vn 98.552582 -5.971241 15.866115
vn 98.552582 -5.971241 15.866115
vn -16.926954 -6.971861 98.310084
vn -16.926954 -6.971861 98.310084
vn -16.926954 -6.971861 98.310084
vn 92.795220 -30.524287 21.384938
vn 92.795220 -30.524287 21.384938
vn 92.795220 -30.524287 21.384938
vn 31.908015 -74.953235 57.999066
vn 31.908015 -74.953235 57.999066
vn 31.908015 -74.953235 57.999066
vn -78.539975 38.026645 48.841042
vn -78.539975 38.026645 48.841042
vn -78.539975 38.026645 48.841042
vn -99.855035 3.703571 -3.905801
vn -99.855035 3.703571 -3.905801
vn -99.855035 3.703571 -3.905801
vn -71.402145 -32.020656 -62.260837
vn -71.402145 -32.020656 -62.260837
vn -71.402145 -32.020656 -62.260837
vn -58.483437 -56.825263 -57.884192
vn -58.483437 -56.825263 -57.884192
vn -58.483437 -56.825263 -57.884192
vn -29.145967 71.486986 -63.561963
vn -29.145967 71.486986 -63.561963
vn -29.145967 71.486986 -63.561963
vn -50.456720 -73.949727 44.559597
vn -50.456720 -73.949727 44.559597
vn -50.456720 -73.949727 44.559597
vn -26.697702 -44.352001 85.557779
vn -26.697702 -44.352001 85.557779
vn -26.697702 -44.352001 85.557779
vn 45.927415 87.193354 -16.970373
vn 45.927415 87.193354 -16.970373
vn 45.927415 87.193354 -16.970373
vn 32.615492 -23.861091 91.470649
vn 32.615492 -23.861091 91.470649
vn 32.615492 -23.861091 91.470649
vn -19.819288 -74.773558 63.372792
vn -19.819288 -74.773558 63.372792
vn -19.819288 -74.773558 63.372792
vn 14.617536 98.925484 -0.278475
vn 14.617536 98.925484 -0.278475
vn 14.617536 98.925484 -0.278475
vn -73.253552 56.947057 -37.295449
vn -73.253552 56.947057 -37.295449
vn -73.253552 56.947057 -37.295449
vn 81.415694 9.742144 -57.241388
vn 81.415694 9.742144 -57.241388
vn 81.415694 9.742144 -57.241388
vn -45.969138 -87.053288 -17.566006
vn -45.969138 -87.053288 -17.566006
vn -45.969138 -87.053288 -17.566006
vn 52.067256 -59.775954 60.957662
vn 52.067256 -59.775954 60.957662
vn 52.067256 -59.775954 60.957662
vn -97.460649 22.100348 -3.604989
vn -97.460649 22.100348 -3.604989
vn -97.460649 22.100348 -3.604989
vn 50.715019 21.504984 -83.459712
vn 50.715019 21.504984 -83.459712
vn 50.715019 21.504984 -83.459712
vn -94.510936 -29.056787 -14.946112
vn -94.510936 -29.056787 -14.946112
vn -94.510936 -29.056787 -14.946112
vn 28.138139 91.368373 -29.326873
vn 28.138139 91.368373 -29.326873
vn 28.138139 91.368373 -29.326873
vn 89.602083 -11.194953 42.966739
vn 89.602083 -11.194953 42.966739
vn 89.602083 -11.194953 42.966739
vn 39.147772 86.048337 -32.605755
vn 39.147772 86.048337 -32.605755
vn 39.147772 86.048337 -32.605755
vn 28.576181 93.816610 -19.540881
vn 28.576181 93.816610 -19.540881
vn 28.576181 93.816610 -19.540881
vn -50.930112 45.611158 -72.977716
vn -50.930112 45.611158 -72.977716
vn -50.930112 45.611158 -72.977716
vn -78.103219 -16.337581 -60.274129
vn -78.103219 -16.337581 -60.274129
vn -78.103219 -16.337581 -60.274129
vn -30.060341 5.000308 -95.243757
vn -30.060341 5.000308 -95.243757
vn -30.060341 5.000308 -95.243757
vn 22.593355 17.900716 -95.755445
vn 22.593355 17.900716 -95.755445
vn 22.593355 17.900716 -95.755445
vn 40.097437 75.342506 52.112401
vn 40.097437 75.342506 52.112401
vn 40.097437 75.342506 52.112401
vn -99.066194 -13.469524 -2.112122
vn -99.066194 -13.469524 -2.112122
vn -99.066194 -13.469524 -2.112122
vn 16.997929 -35.022588 92.111285
vn 16.997929 -35.022588 92.111285
vn 16.997929 -35.022588 92.111285
vn -82.112070 -6.182139 -56.739664
vn -82.112070 -6.182139 -56.739664
vn -82.112070 -6.182139 -56.739664
vn -79.580548 -29.776345 -52.728621
vn -79.580548 -29.776345 -52.728621
vn -79.580548 -29.776345 -52.728621
vn 99.994893 0.916678 0.427359
vn 99.994893 0.916678 0.427359
vn 99.994893 0.916678 0.427359
vn -75.965350 54.168626 35.986459
vn -75.965350 54.168626 35.986459
vn -75.965350 54.168626 35.986459
vn 18.826224 96.882577 -16.104035
vn 18.826224 96.882577 -16.104035
vn 18.826224 96.882577 -16.104035
vn -83.013862 -13.434562 54.112948
vn -83.013862 -13.434562 54.112948
vn -83.013862 -13.434562 54.112948
vn -88.064946 -33.103017 33.893297
vn -88.064946 -33.103017 33.893297
vn -88.064946 -33.103017 33.893297
vn 43.079321 49.203614 -75.651678
vn 43.079321 49.203614 -75.651678
vn 43.079321 49.203614 -75.651678
vn 42.438286 -25.464722 -86.893842
vn 42.438286 -25.464722 -86.893842
vn 42.438286 -25.464722 -86.893842
vn 74.015246 23.684377 62.934850
vn 74.015246 23.684377 62.934850
vn 74.015246 23.684377 62.934850
vn -60.350275 46.332519 64.893320
vn -60.350275 46.332519 64.893320
vn -60.350275 46.332519 64.893320
vn -95.753271 16.722177 -23.487907
vn -95.753271 16.722177 -23.487907
vn -95.753271 16.722177 -23.487907
vn -29.858429 -20.534570 93.203035
vn -29.858429 -20.534570 93.203035
vn -29.858429 -20.534570 93.203035
vn -38.753835 -76.591009 -51.302612
vn -38.753835 -76.591009 -51.302612
vn -38.753835 -76.591009 -51.302612
vn 53.989174 3.880511 -84.083946
vn 53.989174 3.880511 -84.083946
vn 53.989174 3.880511 -84.083946
vn 20.454210 -77.076901 60.338863
vn 20.454210 -77.076901 60.338863
vn 20.454210 -77.076901 60.338863
vn -88.502239 -37.748350 27.247331
vn -88.502239 -37.748350 27.247331
vn -88.502239 -37.748350 27.247331
vn 64.131270 24.504780 -72.709675
vn 64.131270 24.504780 -72.709675
vn 64.131270 24.504780 -72.709675
vn 98.504696 15.316681 -7.888340
vn 98.504696 15.316681 -7.888340
vn 98.504696 15.316681 -7.888340
vn 66.399478 -30.371918 -68.327578
vn 66.399478 -30.371918 -68.327578
vn 66.399478 -30.371918 -68.327578
vn 98.007974 -19.493438 3.800500
vn 98.007974 -19.493438 3.800500
vn 98.007974 -19.493438 3.800500
vn -35.783537 89.443808 -26.820604
vn -35.783537 89.443808 -26.820604
vn -35.783537 89.443808 -26.820604
vn -57.882219 25.986043 -77.294075
vn -57.882219 25.986043 -77.294075
vn -57.882219 25.986043 -77.294075
vn -40.766949 62.030056 67.009916
vn -40.766949 62.030056 67.009916
vn -40.766949 62.030056 67.009916
vn -9.354732 -99.534166 -2.332298
vn -9.354732 -99.534166 -2.332298
vn -9.354732 -99.534166 -2.332298
vn -19.810353 27.294834 -94.141083
vn -19.810353 27.294834 -94.141083
vn -19.810353 27.294834 -94.141083
vn 0.059734 25.642189 -96.656483
vn 0.059734 25.642189 -96.656483
vn 0.059734 25.642189 -96.656483
vn 19.237121 80.415674 -56.242800
vn 19.237121 80.415674 -56.242800
vn 19.237121 80.415674 -56.242800
vn -95.089323 -29.583758 -9.100697
vn -95.089323 -29.583758 -9.100697
vn -95.089323 -29.583758 -9.100697
vn 70.586184 -35.075526 -61.541034
vn 70.586184 -35.075526 -61.541034
vn 70.586184 -35.075526 -61.541034
vn -65.656701 18.602027 73.096938
vn -65.656701 18.602027 73.096938
vn -65.656701 18.602027 73.096938
vn -61.467099 -4.645805 78.741438
vn -61.467099 -4.645805 78.741438
vn -61.467099 -4.645805 78.741438
vn 0.887600 -97.275967 23.164615
vn 0.887600 -97.275967 23.164615
vn 0.887600 -97.275967 23.164615
vn 65.000485 18.192369 73.783298
vn 65.000485 18.192369 73.783298
vn 65.000485 18.192369 73.783298
vn -3.586443 39.589771 -91.759405
vn -3.586443 39.589771 -91.759405
vn -3.586443 39.589771 -91.759405
vn -96.088478 26.538610 -7.918779
vn -96.088478 26.538610 -7.918779
vn -96.088478 26.538610 -7.918779
vn -16.150425 83.174677 -53.114380
vn -16.150425 83.174677 -53.114380
vn -16.150425 83.174677 -53.114380
vn -62.341181 -69.167462 36.461499
vn -62.341181 -69.167462 36.461499
vn -62.341181 -69.167462 36.461499
vn 40.799393 -15.239648 90.017566
vn 40.799393 -15.239648 90.017566
vn 40.799393 -15.239648 90.017566
vn 28.970589 83.483645 -46.810130
vn 28.970589 83.483645 -46.810130
vn 28.970589 83.483645 -46.810130
vn -99.210398 11.894089 -3.978630
vn -99.210398 11.894089 -3.978630
vn -99.210398 11.894089 -3.978630
vn 14.810686 98.621333 -7.380908
vn 14.810686 98.621333 -7.380908
vn 14.810686 98.621333 -7.380908
vn -82.102103 -44.371711 -35.922074
vn -82.102103 -44.371711 -35.922074
vn -82.102103 -44.371711 -35.922074
vn -99.801169 -3.699203 5.103322
vn -99.801169 -3.699203 5.103322
vn -99.801169 -3.699203 5.103322
vn -7.039765 36.553157 92.813305
vn -7.039765 36.553157 92.813305
vn -7.039765 36.553157 92.813305
vn -87.066589 5.849106 48.838491
vn -87.066589 5.849106 48.838491
vn -87.066589 5.849106 48.838491
vn 3.155491 26.643020 -96.333761
vn 3.155491 26.643020 -96.333761
vn 3.155491 26.643020 -96.333761
vn -25.714318 94.658297 -19.457158
vn -25.714318 94.658297 -19.457158
vn -25.714318 94.658297 -19.457158
vn 48.826738 -49.549550 71.838651
vn 48.826738 -49.549550 71.838651
vn 48.826738 -49.549550 71.838651
vn 76.669252 -13.940923 62.669595
vn 76.669252 -13.940923 62.669595
vn 76.669252 -13.940923 62.669595
vn 11.815230 81.295284 -57.021732
vn 11.815230 81.295284 -57.021732
vn 11.815230 81.295284 -57.021732
vn 27.819048 95.527900 -10.026112
vn 27.819048 95.527900 -10.026112
vn 27.819048 95.527900 -10.026112
vn -85.574406 -0.574391 -51.736749
vn -85.574406 -0.574391 -51.736749
vn -85.574406 -0.574391 -51.736749
vn 20.253171 93.038177 30.556613
vn 20.253171 93.038177 30.556613
vn 20.253171 93.038177 30.556613
vn -99.066939 -2.626267 -13.373271
vn -99.066939 -2.626267 -13.373271
vn -99.066939 -2.626267 -13.373271
vn 3.409788 -5.086013 99.812363
vn 3.409788 -5.086013 99.812363
vn 3.409788 -5.086013 99.812363
vn -83.332935 -2.314516 55.229207
vn -83.332935 -2.314516 55.229207
vn -83.332935 -2.314516 55.229207
vn -48.670335 0.811512 87.352969
vn -48.670335 0.811512 87.352969
vn -48.670335 0.811512 87.352969
vn -12.100638 -2.164408 -99.241568
vn -12.100638 -2.164408 -99.241568
vn -12.100638 -2.164408 -99.241568
vn 78.096517 8.227762 -61.913157
vn 78.096517 8.227762 -61.913157
vn 78.096517 8.227762 -61.913157
vn -43.283044 -84.795666 -30.598574
vn -43.283044 -84.795666 -30.598574
vn -43.283044 -84.795666 -30.598574
vn -34.235799 32.641093 -88.104876
vn -34.235799 32.641093 -88.104876
vn -34.235799 32.641093 -88.104876
vn 29.826874 -54.289819 78.504617
vn 29.826874 -54.289819 78.504617
vn 29.826874 -54.289819 78.504617
vn -83.258831 -45.078451 32.185419
vn -83.258831 -45.078451 32.185419
vn -83.258831 -45.078451 32.185419
vn 83.371215 -18.271603 52.109394
vn 83.371215 -18.271603 52.109394
vn 83.371215 -18.271603 52.109394
vn -30.870918 -15.414502 93.858303
vn -30.870918 -15.414502 93.858303
vn -30.870918 -15.414502 93.858303
vn -81.873768 9.477785 56.629131
vn -81.873768 9.477785 56.629131
vn -81.873768 9.477785 56.629131
vn -46.899034 34.263473 81.403292
vn -46.899034 34.263473 81.403292
vn -46.899034 34.263473 81.403292
vn 83.530258 16.298733 -52.507603
vn 83.530258 16.298733 -52.507603
vn 83.530258 16.298733 -52.507603
vn -24.784064 -16.685055 -95.432494
vn -24.784064 -16.685055 -95.432494
vn -24.784064 -16.685055 -95.432494
vn -69.858651 -69.721993 -16.081456
vn -69.858651 -69.721993 -16.081456
vn -69.858651 -69.721993 -16.081456
vn 89.934274 16.128669 40.641020
vn 89.934274 16.128669 40.641020
vn 89.934274 16.128669 40.641020
vn 5.107027 -20.433507 97.756789
vn 5.107027 -20.433507 97.756789
vn 5.107027 -20.433507 97.756789
vn -55.830619 -33.643594 -75.835684
vn -55.830619 -33.643594 -75.835684
vn -55.830619 -33.643594 -75.835684
vn 59.397011 3.733211 80.362044
vn 59.397011 3.733211 80.362044
vn 59.397011 3.733211 80.362044
vn 76.647986 -22.580923 -60.126451
vn 76.647986 -22.580923 -60.126451
vn 76.647986 -22.580923 -60.126451
vn 7.524352 -57.810678 81.248454
vn 7.524352 -57.810678 81.248454
vn 7.524352 -57.810678 81.248454
vn -94.632739 -4.537208 -32.000920
vn -94.632739 -4.537208 -32.000920
vn -94.632739 -4.537208 -32.000920
vn -37.204996 -83.562281 40.412059
vn -37.204996 -83.562281 40.412059
vn -37.204996 -83.562281 40.412059
vn -78.431772 -31.384577 -53.511380
vn -78.431772 -31.384577 -53.511380
vn -78.431772 -31.384577 -53.511380
vn -0.017916 6.423445 -99.793492
vn -0.017916 6.423445 -99.793492
vn -0.017916 6.423445 -99.793492
vn 7.323354 -89.803802 -43.377942
vn 7.323354 -89.803802 -43.377942
vn 7.323354 -89.803802 -43.377942
vn -90.806632 -29.280035 29.947227
vn -90.806632 -29.280035 29.947227
vn -90.806632 -29.280035 29.947227
vn -89.589233 -12.396078 42.662712
vn -89.589233 -12.396078 42.662712
vn -89.589233 -12.396078 42.662712
vn -67.142472 68.538657 28.184071
vn -67.142472 68.538657 28.184071
vn -67.142472 68.538657 28.184071
vn 51.869225 -85.223083 -6.827146
vn 51.869225 -85.223083 -6.827146
vn 51.869225 -85.223083 -6.827146
vn 67.261195 8.687655 73.487793
vn 67.261195 8.687655 73.487793
vn 67.261195 8.687655 73.487793
vn 89.813132 23.854772 -36.939834
vn 89.813132 23.854772 -36.939834
vn 89.813132 23.854772 -36.939834
vn -90.998324 40.995073 -6.221761
vn -90.998324 40.995073 -6.221761
vn -90.998324 40.995073 -6.221761
vn 3.485703 38.799506 -92.100205
vn 3.485703 38.799506 -92.100205
vn 3.485703 38.799506 -92.100205
vn 9.729512 -52.344634 84.648553
vn 9.729512 -52.344634 84.648553
vn 9.729512 -52.344634 84.648553
vn 80.945614 37.823660 -44.913024
vn 80.945614 37.823660 -44.913024
vn 80.945614 37.823660 -44.913024
vn 90.472913 42.597673 -0.302397
vn 90.472913 42.597673 -0.302397
vn 90.472913 42.597673 -0.302397
vn -93.723885 34.840661 1.400824
vn -93.723885 34.840661 1.400824
vn -93.723885 34.840661 1.400824
vn 52.219689 -18.733329 -83.199559
vn 52.219689 -18.733329 -83.199559
vn 52.219689 -18.733329 -83.199559
vn 16.665467 53.911213 82.558133
vn 16.665467 53.911213 82.558133
vn 16.665467 53.911213 82.558133
vn -4.911556 -12.205416 99.130743
vn -4.911556 -12.205416 99.130743
vn -4.911556 -12.205416 99.130743
vn 64.637929 -31.847190 -69.337543
vn 64.637929 -31.847190 -69.337543
vn 64.637929 -31.847190 -69.337543
vn -24.718234 96.470313 9.082335
vn -24.718234 96.470313 9.082335
vn -24.718234 96.470313 9.082335
vn 24.951931 -67.575208 -69.361318
vn 24.951931 -67.575208 -69.361318
vn 24.951931 -67.575208 -69.361318
vn -67.004521 -70.997670 21.673155
vn -67.004521 -70.997670 21.673155
vn -67.004521 -70.997670 21.673155
vn 30.446403 7.099412 94.987445
vn 30.446403 7.099412 94.987445
vn 30.446403 7.099412 94.987445
vn -91.917770 -8.550960 38.444835
vn -91.917770 -8.550960 38.444835
vn -91.917770 -8.550960 38.444835
vn -98.958134 -1.712170 14.295391
vn -98.958134 -1.712170 14.295391
vn -98.958134 -1.712170 14.295391
vn -34.362436 -35.296593 87.025132
vn -34.362436 -35.296593 87.025132
vn -34.362436 -35.296593 87.025132
vn 45.702734 88.753368 5.839610
vn 45.702734 88.753368 5.839610
vn 45.702734 88.753368 5.839610
vn 53.180949 -51.673194 -67.094468
vn 53.180949 -51.673194 -67.094468
vn 53.180949 -51.673194 -67.094468
vn 58.797384 -77.776890 22.217653
vn 58.797384 -77.776890 22.217653
vn 58.797384 -77.776890 22.217653
vn -29.731007 -28.758505 91.044036
vn -29.731007 -28.758505 91.044036
vn -29.731007 -28.758505 91.044036
vn 42.044997 -10.173156 -90.159443
vn 42.044997 -10.173156 -90.159443
vn 42.044997 -10.173156 -90.159443
vn -91.930621 -13.324007 37.030149
vn -91.930621 -13.324007 37.030149
vn -91.930621 -13.324007 37.030149
vn -27.069013 71.427811 -64.539426
vn -27.069013 71.427811 -64.539426
vn -27.069013 71.427811 -64.539426
vn -4.362105 25.921339 96.483452
vn -4.362105 25.921339 96.483452
vn -4.362105 25.921339 96.483452
vn 74.447014 -66.745529 1.636120
vn 74.447014 -66.745529 1.636120
vn 74.447014 -66.745529 1.636120
vn -70.445715 39.661064 58.859166
vn -70.445715 39.661064 58.859166
vn -70.445715 39.661064 58.859166
vn -92.667036 7.230924 36.885419
vn -92.667036 7.230924 36.885419
vn -92.667036 7.230924 36.885419
vn -99.275535 7.890914 9.061047
vn -99.275535 7.890914 9.061047
vn -99.275535 7.890914 9.061047
vn 19.444087 -5.853359 -97.916628
vn 19.444087 -5.853359 -97.916628
vn 19.444087 -5.853359 -97.916628
vn -98.319594 -11.979858 -13.774694
vn -98.319594 -11.979858 -13.774694
vn -98.319594 -11.979858 -13.774694
vn 55.761024 -39.627045 72.941125
vn 55.761024 -39.627045 72.941125
vn 55.761024 -39.627045 72.941125
vn -33.843349 -18.563103 92.249873
vn -33.843349 -18.563103 92.249873
vn -33.843349 -18.563103 92.249873
vn -29.402069 57.012471 76.714386
vn -29.402069 57.012471 76.714386
vn -29.402069 57.012471 76.714386
vn 98.468231 3.398614 17.101396
vn 98.468231 3.398614 17.101396
vn 98.468231 3.398614 17.101396
vn 85.843672 -50.292734 10.075006
vn 85.843672 -50.292734 10.075006
vn 85.843672 -50.292734 10.075006
vn 30.174316 -54.563213 78.181638
vn 30.174316 -54.563213 78.181638
vn 30.174316 -54.563213 78.181638
vn 21.046747 -58.583607 78.262351
vn 21.046747 -58.583607 78.262351
vn 21.046747 -58.583607 78.262351
vn -71.009849 -10.936765 -69.555649
vn -71.009849 -10.936765 -69.555649
vn -71.009849 -10.936765 -69.555649
vn 67.926800 -13.392204 -72.156759
vn 67.926800 -13.392204 -72.156759
vn 67.926800 -13.392204 -72.156759
vn 6.755324 29.484598 95.315402
vn 6.755324 29.484598 95.315402
vn 6.755324 29.484598 95.315402
vn 73.156539 46.002845 50.317602
vn 73.156539 46.002845 50.317602
vn 73.156539 46.002845 50.317602
vn -87.144526 25.437243 -41.937780
vn -87.144526 25.437243 -41.937780
vn -87.144526 25.437243 -41.937780
vn -75.151917 -63.609699 17.492767
vn -75.151917 -63.609699 17.492767
vn -75.151917 -63.609699 17.492767
vn -67.374577 -30.959192 -67.098409
vn -67.374577 -30.959192 -67.098409
vn -67.374577 -30.959192 -67.098409
vn 96.882464 20.456673 13.975479
vn 96.882464 20.456673 13.975479
vn 96.882464 20.456673 13.975479
vn -99.047598 -12.982610 -4.585547
vn -99.047598 -12.982610 -4.585547
vn -99.047598 -12.982610 -4.585547
vn 93.417194 -29.829568 19.581236
vn 93.417194 -29.829568 19.581236
vn 93.417194 -29.829568 19.581236
vn 59.189406 -79.388342 -13.932180
vn 59.189406 -79.388342 -13.932180
vn 59.189406 -79.388342 -13.932180
vn -61.913116 29.653135 -72.714909
vn -61.913116 29.653135 -72.714909
vn -61.913116 29.653135 -72.714909
vn 39.875174 91.250009 9.132732
vn 39.875174 91.250009 9.132732
vn 39.875174 91.250009 9.132732
vn 82.001363 36.408232 44.161290
vn 82.001363 36.408232 44.161290
vn 82.001363 36.408232 44.161290
vn -25.142668 -20.395655 94.614295
vn -25.142668 -20.395655 94.614295
vn -25.142668 -20.395655 94.614295
vn 93.472457 -17.598159 -30.874036
vn 93.472457 -17.598159 -30.874036
vn 93.472457 -17.598159 -30.874036
vn 98.021761 1.376294 -19.744377
vn 98.021761 1.376294 -19.744377
vn 98.021761 1.376294 -19.744377
vn -67.892866 -12.666143 72.319625
vn -67.892866 -12.666143 72.319625
vn -67.892866 -12.666143 72.319625
vn -25.817143 14.577086 95.503849
vn -25.817143 14.577086 95.503849
vn -25.817143 14.577086 95.503849
vn -55.003552 -34.766552 -75.933496
vn -55.003552 -34.766552 -75.933496
vn -55.003552 -34.766552 -75.933496
vn -73.387289 -19.382687 65.104675
vn -73.387289 -19.382687 65.104675
vn -73.387289 -19.382687 65.104675
vn 72.220997 26.919032 -63.714158
vn 72.220997 26.919032 -63.714158
vn 72.220997 26.919032 -63.714158
vn 60.729364 -21.167770 -76.575908
vn 60.729364 -21.167770 -76.575908
vn 60.729364 -21.167770 -76.575908
vn -16.451872 -91.215499 37.537562
vn -16.451872 -91.215499 37.537562
vn -16.451872 -91.215499 37.537562
vn -64.444856 32.784059 -69.080157
vn -64.444856 32.784059 -69.080157
vn -64.444856 32.784059 -69.080157
vn -52.965884 80.760233 -25.930691
vn -52.965884 80.760233 -25.930691
vn -52.965884 80.760233 -25.930691
vn 63.189790 55.433122 -54.168448
vn 63.189790 55.433122 -54.168448
vn 63.189790 55.433122 -54.168448
vn 22.748030 96.450944 -13.406809
vn 22.748030 96.450944 -13.406809
vn 22.748030 96.450944 -13.406809
vn 25.836096 54.166284 -79.990684
vn 25.836096 54.166284 -79.990684
vn 25.836096 54.166284 -79.990684
vn -49.272101 -13.510663 -85.963503
vn -49.272101 -13.510663 -85.963503
vn -49.272101 -13.510663 -85.963503
vn 98.241498 -8.334803 -16.707495
vn 98.241498 -8.334803 -16.707495
vn 98.241498 -8.334803 -16.707495
vn -50.798232 -83.411742 -21.494662
vn -50.798232 -83.411742 -21.494662
vn -50.798232 -83.411742 -21.494662
vn 78.156050 -62.250945 -4.056173
vn 78.156050 -62.250945 -4.056173
vn 78.156050 -62.250945 -4.056173
vn 60.446882 -31.310370 -73.251873
vn 60.446882 -31.310370 -73.251873
vn 60.446882 -31.310370 -73.251873
vn 0.234971 -66.363708 -74.805107
vn 0.234971 -66.363708 -74.805107
vn 0.234971 -66.363708 -74.805107
vn 80.765055 -52.392932 -27.055285
vn 80.765055 -52.392932 -27.055285
vn 80.765055 -52.392932 -27.055285
vn -21.434908 -90.754181 -36.114046
vn -21.434908 -90.754181 -36.114046
vn -21.434908 -90.754181 -36.114046
vn 77.857201 -2.151705 -62.718638
vn 77.857201 -2.151705 -62.718638
vn 77.857201 -2.151705 -62.718638
vn -21.146687 -2.757624 -97.699614
vn -21.146687 -2.757624 -97.699614
vn -21.146687 -2.757624 -97.699614
vn -91.820557 39.411923 -3.960475
vn -91.820557 39.411923 -3.960475
vn -91.820557 39.411923 -3.960475
vn -7.497810 -86.004101 -50.468594
vn -7.497810 -86.004101 -50.468594
vn -7.497810 -86.004101 -50.468594
vn -19.665499 -33.582890 92.116540
vn -19.665499 -33.582890 92.116540
vn -19.665499 -33.582890 92.116540
vn 74.939132 -39.455135 53.173494
vn 74.939132 -39.455135 53.173494
vn 74.939132 -39.455135 53.173494
vn -89.587552 42.399755 13.279069
vn -89.587552 42.399755 13.279069
vn -89.587552 42.399755 13.279069
vn 69.671613 -2.460175 -71.692500
vn 69.671613 -2.460175 -71.692500
vn 69.671613 -2.460175 -71.692500
vn -8.913678 19.866134 97.600634
vn -8.913678 19.866134 97.600634
vn -8.913678 19.866134 97.600634
vn -44.113495 -7.371850 89.440804
vn -44.113495 -7.371850 89.440804
vn -44.113495 -7.371850 89.440804
vn -98.069211 13.498560 -14.149881
vn -98.069211 13.498560 -14.149881
vn -98.069211 13.498560 -14.149881
vn -11.158736 -89.551778 43.080888
vn -11.158736 -89.551778 43.080888
vn -11.158736 -89.551778 43.080888
vn -88.893625 -18.105831 -42.072589
vn -88.893625 -18.105831 -42.072589
vn -88.893625 -18.105831 -42.072589
vn 93.353734 20.155854 -29.644937
vn 93.353734 20.155854 -29.644937
vn 93.353734 20.155854 -29.644937
vn 86.786836 -24.018658 -43.487347
vn 86.786836 -24.018658 -43.487347
vn 86.786836 -24.018658 -43.487347
vn 35.974648 -93.210237 -4.204438
vn 35.974648 -93.210237 -4.204438
vn 35.974648 -93.210237 -4.204438
vn 77.795254 62.685308 -4.295557
vn 77.795254 62.685308 -4.295557
vn 77.795254 62.685308 -4.295557
vn 90.133021 -23.957943 36.084003
vn 90.133021 -23.957943 36.084003
vn 90.133021 -23.957943 36.084003
vn 85.707488 -36.431492 36.427640
vn 85.707488 -36.431492 36.427640
vn 85.707488 -36.431492 36.427640
vn 19.075511 86.371570 46.648436
vn 19.075511 86.371570 46.648436
vn 19.075511 86.371570 46.648436
vn -92.705313 1.377203 -37.467706
vn -92.705313 1.377203 -37.467706
vn -92.705313 1.377203 -37.467706
vn -30.861582 15.149537 -93.904507
vn -30.861582 15.149537 -93.904507
vn -30.861582 15.149537 -93.904507
vn -96.229301 1.685346 -27.149263
vn -96.229301 1.685346 -27.149263
vn -96.229301 1.685346 -27.149263
vn 93.070060 21.491116 -29.598919
vn 93.070060 21.491116 -29.598919
vn 93.070060 21.491116 -29.598919
vn -36.573464 -92.079152 -13.557719
vn -36.573464 -92.079152 -13.557719
vn -36.573464 -92.079152 -13.557719
vn -82.844376 -45.844706 -32.172560
vn -82.844376 -45.844706 -32.172560
vn -82.844376 -45.844706 -32.172560
vn -53.944560 43.635127 -72.013617
vn -53.944560 43.635127 -72.013617
vn -53.944560 43.635127 -72.013617
vn 92.772250 -35.717604 10.842656
vn 92.772250 -35.717604 10.842656
vn 92.772250 -35.717604 10.842656
vn -83.822610 -49.819139 22.177110
vn -83.822610 -49.819139 22.177110
vn -83.822610 -49.819139 22.177110
vn 25.349934 38.944076 88.547954
vn 25.349934 38.944076 88.547954
vn 25.349934 38.944076 88.547954
vn -89.733481 -14.453337 -41.701371
vn -89.733481 -14.453337 -41.701371
vn -89.733481 -14.453337 -41.701371
vn 61.979851 -18.943298 -76.155430
vn 61.979851 -18.943298 -76.155430
vn 61.979851 -18.943298 -76.155430
vn -68.791993 -36.665029 62.636559
vn -68.791993 -36.665029 62.636559
vn -68.791993 -36.665029 62.636559
vn -3.836133 -76.539113 64.242114
vn -3.836133 -76.539113 64.242114
vn -3.836133 -76.539113 64.242114
vn -99.340256 8.447118 -7.756361
vn -99.340256 8.447118 -7.756361
vn -99.340256 8.447118 -7.756361
vn -85.518130 40.761990 -32.017323
vn -85.518130 40.761990 -32.017323
vn -85.518130 40.761990 -32.017323
vn -67.182161 -23.952172 70.091736
vn -67.182161 -23.952172 70.091736
vn -67.182161 -23.952172 70.091736
vn -97.746139 -1.750552 -21.038772
vn -97.746139 -1.750552 -21.038772
vn -97.746139 -1.750552 -21.038772
vn 79.843896 0.486895 60.205608
vn 79.843896 0.486895 60.205608
vn 79.843896 0.486895 60.205608
vn 25.891577 5.669281 96.423483
vn 25.891577 5.669281 96.423483
vn 25.891577 5.669281 96.423483
vn 99.829907 2.487383 -5.272814
vn 99.829907 2.487383 -5.272814
vn 99.829907 2.487383 -5.272814
vn -82.884440 26.695510 49.168298
vn -82.884440 26.695510 49.168298
vn -82.884440 26.695510 49.168298
vn 81.285556 -8.524790 -57.619329
vn 81.285556 -8.524790 -57.619329
vn 81.285556 -8.524790 -57.619329
vn -99.951715 0.538114 -3.060195
vn -99.951715 0.538114 -3.060195
vn -99.951715 0.538114 -3.060195
vn 63.664351 -7.092873 76.788950
vn 63.664351 -7.092873 76.788950
vn 63.664351 -7.092873 76.788950
vn -97.520138 14.764852 16.487084
vn -97.520138 14.764852 16.487084
vn -97.520138 14.764852 16.487084
vn 50.067316 -0.586479 86.561656
vn 50.067316 -0.586479 86.561656
vn 50.067316 -0.586479 86.561656
vn -58.139935 52.194339 -62.413950
vn -58.139935 52.194339 -62.413950
vn -58.139935 52.194339 -62.413950
vn 72.328797 -2.390320 69.013276
vn 72.328797 -2.390320 69.013276
vn 72.328797 -2.390320 69.013276
vn 9.354724 99.534166 2.332296
vn 9.354724 99.534166 2.332296
vn 9.354724 99.534166 2.332296
vn -96.676474 -7.169274 24.540986
vn -96.676474 -7.169274 24.540986
vn -96.676474 -7.169274 24.540986
vn -81.976486 -33.276959 -46.610093
vn -81.976486 -33.276959 -46.610093
vn -81.976486 -33.276959 -46.610093
vn -18.656012 -86.653074 46.294692
vn -18.656012 -86.653074 46.294692
vn -18.656012 -86.653074 46.294692
vn 66.323771 38.424889 -64.223716
vn 66.323771 38.424889 -64.223716
vn 66.323771 38.424889 -64.223716
vn 79.466888 -60.596696 3.613310
vn 79.466888 -60.596696 3.613310
vn 79.466888 -60.596696 3.613310
vn -59.852396 -30.894104 -73.913780
vn -59.852396 -30.894104 -73.913780
vn -59.852396 -30.894104 -73.913780
vn -37.981895 -92.490472 -1.699553
vn -37.981895 -92.490472 -1.699553
vn -37.981895 -92.490472 -1.699553
vn 75.984316 -25.250484 -59.906576
vn 75.984316 -25.250484 -59.906576
vn 75.984316 -25.250484 -59.906576
vn 89.044467 -44.733423 -8.366985
vn 89.044467 -44.733423 -8.366985
vn 89.044467 -44.733423 -8.366985
vn 50.242193 -86.353807 -4.329361
vn 50.242193 -86.353807 -4.329361
vn 50.242193 -86.353807 -4.329361
vn 96.608400 11.746434 -22.996523
vn 96.608400 11.746434 -22.996523
vn 96.608400 11.746434 -22.996523
vn 76.632990 -63.868955 6.938476
vn 76.632990 -63.868955 6.938476
vn 76.632990 -63.868955 6.938476
vn 75.695894 -9.248484 64.688469
vn 75.695894 -9.248484 64.688469
vn 75.695894 -9.248484 64.688469
vn -97.028821 -20.674350 12.569033
vn -97.028821 -20.674350 12.569033
vn -97.028821 -20.674350 12.569033
vn 82.431777 47.907502 -30.164135
vn 82.431777 47.907502 -30.164135
vn 82.431777 47.907502 -30.164135
vn 66.422916 74.316832 8.062575
vn 66.422916 74.316832 8.062575
vn 66.422916 74.316832 8.062575
vn 20.133115 -28.777560 -93.629644
vn 20.133115 -28.777560 -93.629644
vn 20.133115 -28.777560 -93.629644
vn 95.606698 12.967638 -26.290699
vn 95.606698 12.967638 -26.290699
vn 95.606698 12.967638 -26.290699
vn -76.545697 -10.733682 63.447190
vn -76.545697 -10.733682 63.447190
vn -76.545697 -10.733682 63.447190
vn 70.741209 70.673784 0.947768
vn 70.741209 70.673784 0.947768
vn 70.741209 70.673784 0.947768
vn -85.575258 -22.403091 -46.636659
vn -85.575258 -22.403091 -46.636659
vn -85.575258 -22.403091 -46.636659
vn 85.831013 46.773466 21.101661
vn 85.831013 46.773466 21.101661
vn 85.831013 46.773466 21.101661
vn -0.455421 -99.998724 -0.220838
vn -0.455421 -99.998724 -0.220838
vn -0.455421 -99.998724 -0.220838
vn 43.303714 -11.818113 89.359511
vn 43.303714 -11.818113 89.359511
vn 43.303714 -11.818113 89.359511
vn -92.868195 23.528280 -28.669133
vn -92.868195 23.528280 -28.669133
vn -92.868195 23.528280 -28.669133
vn 73.606981 3.783618 67.584753
vn 73.606981 3.783618 67.584753
vn 73.606981 3.783618 67.584753
vn -4.301214 -5.427797 -99.759909
vn -4.301214 -5.427797 -99.759909
vn -4.301214 -5.427797 -99.759909
vn 93.140374 -11.017729 34.691230
vn 93.140374 -11.017729 34.691230
vn 93.140374 -11.017729 34.691230
vn 82.985766 -13.310127 -54.186762
vn 82.985766 -13.310127 -54.186762
vn 82.985766 -13.310127 -54.186762
vn -91.587317 -27.987161 -28.783409
vn -91.587317 -27.987161 -28.783409
vn -91.587317 -27.987161 -28.783409
vn -56.529012 -33.182553 75.520788
vn -56.529012 -33.182553 75.520788
vn -56.529012 -33.182553 75.520788
vn 38.893746 -10.837037 91.486808
vn 38.893746 -10.837037 91.486808
vn 38.893746 -10.837037 91.486808
vn -99.553910 1.237153 9.353558
vn -99.553910 1.237153 9.353558
vn -99.553910 1.237153 9.353558
vn -86.129293 -13.962805 -48.854736
vn -86.129293 -13.962805 -48.854736
vn -86.129293 -13.962805 -48.854736
vn -23.337004 46.067764 -85.633790
vn -23.337004 46.067764 -85.633790
vn -23.337004 46.067764 -85.633790
vn 76.730012 62.256577 15.382608
vn 76.730012 62.256577 15.382608
vn 76.730012 62.256577 15.382608
vn 69.257153 66.305925 28.407254
vn 69.257153 66.305925 28.407254
vn 69.257153 66.305925 28.407254
vn 27.891222 1.327555 96.022483
vn 27.891222 1.327555 96.022483
vn 27.891222 1.327555 96.022483
vn 93.574968 -13.091700 32.746505
vn 93.574968 -13.091700 32.746505
vn 93.574968 -13.091700 32.746505
vn -90.519694 -17.151280 -38.884702
vn -90.519694 -17.151280 -38.884702
vn -90.519694 -17.151280 -38.884702
vn 85.149504 -3.671748 -52.307569
vn 85.149504 -3.671748 -52.307569
vn 85.149504 -3.671748 -52.307569
vn 56.860713 -50.233819 -65.141573
vn 56.860713 -50.233819 -65.141573
vn 56.860713 -50.233819 -65.141573
vn 0.524429 -97.467785 -22.355248
vn 0.524429 -97.467785 -22.355248
vn 0.524429 -97.467785 -22.355248
vn -98.948262 -13.440955 5.346273
vn -98.948262 -13.440955 5.346273
vn -98.948262 -13.440955 5.346273
vn -13.106886 -37.643033 91.712667
vn -13.106886 -37.643033 91.712667
vn -13.106886 -37.643033 91.712667
vn -91.799136 -34.164032 -20.142950
vn -91.799136 -34.164032 -20.142950
vn -91.799136 -34.164032 -20.142950
vn -66.635839 41.382288 -62.025572
vn -66.635839 41.382288 -62.025572
vn -66.635839 41.382288 -62.025572
vn 43.936426 -64.877423 -62.133013
vn 43.936426 -64.877423 -62.133013
vn 43.936426 -64.877423 -62.133013
vn 54.137849 6.557969 83.821765
vn 54.137849 6.557969 83.821765
vn 54.137849 6.557969 83.821765
vn 91.935449 26.444679 29.129908
vn 91.935449 26.444679 29.129908
vn 91.935449 26.444679 29.129908
vn 65.848773 10.859200 -74.471592
vn 65.848773 10.859200 -74.471592
vn 65.848773 10.859200 -74.471592
vn 81.349689 -9.829404 57.320253
vn 81.349689 -9.829404 57.320253
vn 81.349689 -9.829404 57.320253
vn -97.703040 -19.551619 8.476386
vn -97.703040 -19.551619 8.476386
vn -97.703040 -19.551619 8.476386
vn 87.162427 46.347332 15.957328
vn 87.162427 46.347332 15.957328
vn 87.162427 46.347332 15.957328
vn -57.655844 -27.148352 77.063423
vn -57.655844 -27.148352 77.063423
vn -57.655844 -27.148352 77.063423
vn 51.549659 -59.430259 61.730696
vn 51.549659 -59.430259 61.730696
vn 51.549659 -59.430259 61.730696
vn 13.095867 65.186207 74.694431
vn 13.095867 65.186207 74.694431
vn 13.095867 65.186207 74.694431
vn -52.795809 -79.639686 -29.497870
vn -52.795809 -79.639686 -29.497870
vn -52.795809 -79.639686 -29.497870
vn -69.622883 -60.295877 38.949480
vn -69.622883 -60.295877 38.949480
vn -69.622883 -60.295877 38.949480
vn 90.478985 -6.028633 42.156953
vn 90.478985 -6.028633 42.156953
vn 90.478985 -6.028633 42.156953
vn -90.153264 -35.956509 24.073198
vn -90.153264 -35.956509 24.073198
vn -90.153264 -35.956509 24.073198
vn -83.718889 -34.667868 42.299967
vn -83.718889 -34.667868 42.299967
vn -83.718889 -34.667868 42.299967
vn 85.107482 27.182053 44.920514
vn 85.107482 27.182053 44.920514
vn 85.107482 27.182053 44.920514
vn -10.728519 14.019709 -98.429403
vn -10.728519 14.019709 -98.429403
vn -10.728519 14.019709 -98.429403
vn 7.898911 -17.522848 98.135406
vn 7.898911 -17.522848 98.135406
vn 7.898911 -17.522848 98.135406
vn -93.847849 6.830301 33.851591
vn -93.847849 6.830301 33.851591
vn -93.847849 6.830301 33.851591
vn 96.303880 22.049279 15.472338
vn 96.303880 22.049279 15.472338
vn 96.303880 22.049279 15.472338
vn -20.310859 -97.627486 7.506291
vn -20.310859 -97.627486 7.506291
vn -20.310859 -97.627486 7.506291
vn -77.170337 -63.478705 3.897897
vn -77.170337 -63.478705 3.897897
vn -77.170337 -63.478705 3.897897
vn 13.925367 97.760242 15.780362
vn 13.925367 97.760242 15.780362
vn 13.925367 97.760242 15.780362
vn 68.304219 -70.326015 -19.717650
vn 68.304219 -70.326015 -19.717650
vn 68.304219 -70.326015 -19.717650
vn 73.984082 59.776119 -30.873473
vn 73.984082 59.776119 -30.873473
vn 73.984082 59.776119 -30.873473
vn 45.502787 6.270662 88.826669
vn 45.502787 6.270662 88.826669
vn 45.502787 6.270662 88.826669
vn -57.712214 81.527315 -4.753688
vn -57.712214 81.527315 -4.753688
vn -57.712214 81.527315 -4.753688
vn -66.132052 1.940163 74.985250
vn -66.132052 1.940163 74.985250
vn -66.132052 1.940163 74.985250
vn -51.865923 -66.235000 -54.063401
vn -51.865923 -66.235000 -54.063401
vn -51.865923 -66.235000 -54.063401
vn -33.028156 -53.807333 77.549412
vn -33.028156 -53.807333 77.549412
vn -33.028156 -53.807333 77.549412
vn 90.558163 -23.726498 -35.160672
vn 90.558163 -23.726498 -35.160672
vn 90.558163 -23.726498 -35.160672
vn 26.862523 9.759308 95.828814
vn 26.862523 9.759308 95.828814
vn 26.862523 9.759308 95.828814
vn -89.874733 43.811485 -1.756956
vn -89.874733 43.811485 -1.756956
vn -89.874733 43.811485 -1.756956
vn 78.636734 16.854740 59.432159
vn 78.636734 16.854740 59.432159
vn 78.636734 16.854740 59.432159
vn -26.082311 -47.393255 -84.104658
vn -26.082311 -47.393255 -84.104658
vn -26.082311 -47.393255 -84.104658
vn 85.514220 22.297801 -46.798797
vn 85.514220 22.297801 -46.798797
vn 85.514220 22.297801 -46.798797
vn 10.889810 21.377268 -97.079476
vn 10.889810 21.377268 -97.079476
vn 10.889810 21.377268 -97.079476
vn 98.982376 -9.588630 -10.514195
vn 98.982376 -9.588630 -10.514195
vn 98.982376 -9.588630 -10.514195
vn 43.733235 -89.329253 -10.377326
vn 43.733235 -89.329253 -10.377326
vn 43.733235 -89.329253 -10.377326
vn -11.914746 38.687765 -91.440125
vn -11.914746 38.687765 -91.440125
vn -11.914746 38.687765 -91.440125
vn -35.622548 -42.382601 83.275144
vn -35.622548 -42.382601 83.275144
vn -35.622548 -42.382601 83.275144
vn -65.737556 61.247765 -43.900849
vn -65.737556 61.247765 -43.900849
vn -65.737556 61.247765 -43.900849
vn -15.045851 -52.052518 84.048549
vn -15.045851 -52.052518 84.048549
vn -15.045851 -52.052518 84.048549
vn -60.531127 31.798067 72.971678
vn -60.531127 31.798067 72.971678
vn -60.531127 31.798067 72.971678
vn 93.708421 -1.385317 34.882871
vn 93.708421 -1.385317 34.882871
vn 93.708421 -1.385317 34.882871
vn -23.142817 14.294622 96.229281
vn -23.142817 14.294622 96.229281
vn -23.142817 14.294622 96.229281
vn -68.279229 64.971968 33.415418
vn -68.279229 64.971968 33.415418
vn -68.279229 64.971968 33.415418
vn 10.412684 98.744738 11.876617
vn 10.412684 98.744738 11.876617
vn 10.412684 98.744738 11.876617
vn -73.680920 64.491341 -20.297518
vn -73.680920 64.491341 -20.297518
vn -73.680920 64.491341 -20.297518
vn 2.856232 -84.260167 53.777932
vn 2.856232 -84.260167 53.777932
vn 2.856232 -84.260167 53.777932
vn 39.660556 -38.560399 -83.307489
vn 39.660556 -38.560399 -83.307489
vn 39.660556 -38.560399 -83.307489
vn 4.955639 -91.018111 41.123549
vn 4.955639 -91.018111 41.123549
vn 4.955639 -91.018111 41.123549
vn 30.328399 39.451057 -86.739867
vn 30.328399 39.451057 -86.739867
vn 30.328399 39.451057 -86.739867
vn -38.322634 -17.620141 90.669222
vn -38.322634 -17.620141 90.669222
vn -38.322634 -17.620141 90.669222
vn -50.254065 5.154621 86.301571
vn -50.254065 5.154621 86.301571
vn -50.254065 5.154621 86.301571
vn -94.849412 -2.980193 -31.538983
vn -94.849412 -2.980193 -31.538983
vn -94.849412 -2.980193 -31.538983
vn 53.421008 10.944111 83.823766
vn 53.421008 10.944111 83.823766
vn 53.421008 10.944111 83.823766
vn -70.621940 -41.101317 57.647410
vn -70.621940 -41.101317 57.647410
vn -70.621940 -41.101317 57.647410
vn 48.961830 19.671942 84.945599
vn 48.961830 19.671942 84.945599
vn 48.961830 19.671942 84.945599
vn -37.284867 74.722883 55.012092
vn -37.284867 74.722883 55.012092
vn -37.284867 74.722883 55.012092
vn 83.579867 18.033934 51.857338
vn 83.579867 18.033934 51.857338
vn 83.579867 18.033934 51.857338
vn -7.723320 25.321451 96.432232
vn -7.723320 25.321451 96.432232
vn -7.723320 25.321451 96.432232
vn 35.703710 75.698358 54.726635
vn 35.703710 75.698358 54.726635
vn 35.703710 75.698358 54.726635
vn 4.075687 14.728994 98.825325
vn 4.075687 14.728994 98.825325
vn 4.075687 14.728994 98.825325
vn 63.552891 -61.017256 47.306710
vn 63.552891 -61.017256 47.306710
vn 63.552891 -61.017256 47.306710
vn 69.799225 2.896327 71.551944
vn 69.799225 2.896327 71.551944
vn 69.799225 2.896327 71.551944
vn -8.335706 -41.488075 90.604942
vn -8.335706 -41.488075 90.604942
vn -8.335706 -41.488075 90.604942
vn 84.236099 26.505597 46.922641
vn 84.236099 26.505597 46.922641
vn 84.236099 26.505597 46.922641
vn -55.944574 -13.727857 81.741982
vn -55.944574 -13.727857 81.741982
vn -55.944574 -13.727857 81.741982
vn -89.644621 26.593678 35.448803
vn -89.644621 26.593678 35.448803
vn -89.644621 26.593678 35.448803
vn 28.314752 43.464747 -85.493221
vn 28.314752 43.464747 -85.493221
vn 28.314752 43.464747 -85.493221
vn -0.271925 6.301557 99.800881
vn -0.271925 6.301557 99.800881
vn -0.271925 6.301557 99.800881
vn -96.221682 -9.390078 25.558063
vn -96.221682 -9.390078 25.558063
vn -96.221682 -9.390078 25.558063
vn -7.172768 -5.860603 -99.570100
vn -7.172768 -5.860603 -99.570100
vn -7.172768 -5.860603 -99.570100
vn 15.196775 7.127989 98.581191
vn 15.196775 7.127989 98.581191
vn 15.196775 7.127989 98.581191
vn -85.051467 -44.252161 28.425249
vn -85.051467 -44.252161 28.425249
vn -85.051467 -44.252161 28.425249
vn 15.339403 79.705532 -58.410025
vn 15.339403 79.705532 -58.410025
vn 15.339403 79.705532 -58.410025
vn -42.152695 -26.719438 -86.655767
vn -42.152695 -26.719438 -86.655767
vn -42.152695 -26.719438 -86.655767
vn -66.169286 74.149463 11.112257
vn -66.169286 74.149463 11.112257
vn -66.169286 74.149463 11.112257
vn -25.997865 -35.810042 89.675821
vn -25.997865 -35.810042 89.675821
vn -25.997865 -35.810042 89.675821
vn 93.273580 -16.471290 32.073939
vn 93.273580 -16.471290 32.073939
vn 93.273580 -16.471290 32.073939
vn 90.899185 18.716621 -37.242818
vn 90.899185 18.716621 -37.242818
vn 90.899185 18.716621 -37.242818
vn -4.942391 -4.048187 -99.795723
vn -4.942391 -4.048187 -99.795723
vn -4.942391 -4.048187 -99.795723
vn -58.137421 -72.963310 -36.005502
vn -58.137421 -72.963310 -36.005502
vn -58.137421 -72.963310 -36.005502
vn -17.332599 90.994490 -37.677391
vn -17.332599 90.994490 -37.677391
vn -17.332599 90.994490 -37.677391
vn 72.006750 -34.497245 60.207722
vn 72.006750 -34.497245 60.207722
vn 72.006750 -34.497245 60.207722
vn 58.411936 -70.063451 -40.977550
vn 58.411936 -70.063451 -40.977550
vn 58.411936 -70.063451 -40.977550
vn -89.715801 1.102978 44.157220
vn -89.715801 1.102978 44.157220
vn -89.715801 1.102978 44.157220
vn -88.735180 -7.535392 45.489407
vn -88.735180 -7.535392 45.489407
vn -88.735180 -7.535392 45.489407
vn 19.328971 66.451346 72.184553
vn 19.328971 66.451346 72.184553
vn 19.328971 66.451346 72.184553
vn -60.883938 -44.723094 65.520922
vn -60.883938 -44.723094 65.520922
vn -60.883938 -44.723094 65.520922
vn 11.568604 9.981559 -98.825789
vn 11.568604 9.981559 -98.825789
vn 11.568604 9.981559 -98.825789
vn -81.030424 -57.983396 8.485072
vn -81.030424 -57.983396 8.485072
vn -81.030424 -57.983396 8.485072
vn 97.318808 11.868992 19.702209
vn 97.318808 11.868992 19.702209
vn 97.318808 11.868992 19.702209
vn 54.932298 32.646552 76.919746
vn 54.932298 32.646552 76.919746
vn 54.932298 32.646552 76.919746
vn -26.765645 18.987513 -94.462029
vn -26.765645 18.987513 -94.462029
vn -26.765645 18.987513 -94.462029
vn -49.563491 2.405582 86.819771
vn -49.563491 2.405582 86.819771
vn -49.563491 2.405582 86.819771
vn -0.306292 -37.690401 92.624722
vn -0.306292 -37.690401 92.624722
vn -0.306292 -37.690401 92.624722
vn -73.380469 31.949751 59.954327
vn -73.380469 31.949751 59.954327
vn -73.380469 31.949751 59.954327
vn -50.136576 -65.591687 -56.427418
vn -50.136576 -65.591687 -56.427418
vn -50.136576 -65.591687 -56.427418
vn 96.305344 23.494901 -13.163302
vn 96.305344 23.494901 -13.163302
vn 96.305344 23.494901 -13.163302
vn -35.624782 -2.758205 -93.398438
vn -35.624782 -2.758205 -93.398438
vn -35.624782 -2.758205 -93.398438
vn -27.920719 -17.176046 94.474437
vn -27.920719 -17.176046 94.474437
vn -27.920719 -17.176046 94.474437
vn 37.212778 -40.185888 83.667823
vn 37.212778 -40.185888 83.667823
vn 37.212778 -40.185888 83.667823
vn -99.173695 12.784241 -1.068812
vn -99.173695 12.784241 -1.068812
vn -99.173695 12.784241 -1.068812
vn -45.126211 46.300880 -76.287968
vn -45.126211 46.300880 -76.287968
vn -45.126211 46.300880 -76.287968
vn 85.217694 10.290652 -51.303490
vn 85.217694 10.290652 -51.303490
vn 85.217694 10.290652 -51.303490
vn 42.946759 24.708188 86.862433
vn 42.946759 24.708188 86.862433
vn 42.946759 24.708188 86.862433
vn -15.300836 51.180829 -84.536430
vn -15.300836 51.180829 -84.536430
vn -15.300836 51.180829 -84.536430
vn -35.286191 26.330798 89.786259
vn -35.286191 26.330798 89.786259
vn -35.286191 26.330798 89.786259
vn 31.021166 25.095631 91.694589
vn 31.021166 25.095631 91.694589
vn 31.021166 25.095631 91.694589
vn 25.324791 -53.333719 80.710407
vn 25.324791 -53.333719 80.710407
vn 25.324791 -53.333719 80.710407
vn 33.131233 -94.228994 -4.818724
vn 33.131233 -94.228994 -4.818724
vn 33.131233 -94.228994 -4.818724
vn 51.818119 -84.724251 -11.691222
vn 51.818119 -84.724251 -11.691222
vn 51.818119 -84.724251 -11.691222
vn -95.038833 -13.369719 -28.086853
vn -95.038833 -13.369719 -28.086853
vn -95.038833 -13.369719 -28.086853
vn 24.407925 -88.212973 40.283050
vn 24.407925 -88.212973 40.283050
vn 24.407925 -88.212973 40.283050
vn 98.699137 -3.939550 -15.587217
vn 98.699137 -3.939550 -15.587217
vn 98.699137 -3.939550 -15.587217
vn -21.322327 41.986637 -88.218369
vn -21.322327 41.986637 -88.218369
vn -21.322327 41.986637 -88.218369
vn 43.811088 26.723079 -85.828116
vn 43.811088 26.723079 -85.828116
vn 43.811088 26.723079 -85.828116
vn -2.911131 -3.843703 -99.883689
vn -2.911131 -3.843703 -99.883689
vn -2.911131 -3.843703 -99.883689
vn -21.690466 12.784619 96.778502
vn -21.690466 12.784619 96.778502
vn -21.690466 12.784619 96.778502
vn -65.941546 69.206968 29.361688
vn -65.941546 69.206968 29.361688
vn -65.941546 69.206968 29.361688
vn -34.629082 -68.571019 -64.022209
vn -34.629082 -68.571019 -64.022209
vn -34.629082 -68.571019 -64.022209
vn 85.000685 24.737509 46.507430
vn 85.000685 24.737509 46.507430
vn 85.000685 24.737509 46.507430
vn -80.149623 -36.191473 47.604789
vn -80.149623 -36.191473 47.604789
vn -80.149623 -36.191473 47.604789
vn -28.644389 12.283766 -95.018990
vn -28.644389 12.283766 -95.018990
vn -28.644389 12.283766 -95.018990
vn -17.249742 -95.496088 -24.144226
vn -17.249742 -95.496088 -24.144226
vn -17.249742 -95.496088 -24.144226
vn 97.380218 22.737842 -0.292595
vn 97.380218 22.737842 -0.292595
vn 97.380218 22.737842 -0.292595
vn 9.252256 65.654334 -74.859241
vn 9.252256 65.654334 -74.859241
vn 9.252256 65.654334 -74.859241
vn 15.342895 -18.692978 97.031791
vn 15.342895 -18.692978 97.031791
vn 15.342895 -18.692978 97.031791
vn -36.252467 84.001253 40.367671
vn -36.252467 84.001253 40.367671
vn -36.252467 84.001253 40.367671
vn -79.180641 -35.852130 -49.447455
vn -79.180641 -35.852130 -49.447455
vn -79.180641 -35.852130 -49.447455
vn 67.318263 -49.532004 -54.907488
vn 67.318263 -49.532004 -54.907488
vn 67.318263 -49.532004 -54.907488
vn -91.741571 -16.010175 -36.430196
vn -91.741571 -16.010175 -36.430196
vn -91.741571 -16.010175 -36.430196
vn -69.874837 -22.107275 68.035116
vn -69.874837 -22.107275 68.035116
vn -69.874837 -22.107275 68.035116
vn -5.866355 -16.940082 98.379981
vn -5.866355 -16.940082 98.379981
vn -5.866355 -16.940082 98.379981
vn -30.988485 72.746450 -61.218198
vn -30.988485 72.746450 -61.218198
vn -30.988485 72.746450 -61.218198
vn 77.546638 -58.726529 23.188653
vn 77.546638 -58.726529 23.188653
vn 77.546638 -58.726529 23.188653
vn 38.012880 6.141739 -92.289219
vn 38.012880 6.141739 -92.289219
vn 38.012880 6.141739 -92.289219
vn -46.173764 -25.824779 -84.859086
vn -46.173764 -25.824779 -84.859086
vn -46.173764 -25.824779 -84.859086
vn -92.769246 -12.446002 35.198938
vn -92.769246 -12.446002 35.198938
vn -92.769246 -12.446002 35.198938
vn 89.673493 -29.077557 33.364060
vn 89.673493 -29.077557 33.364060
vn 89.673493 -29.077557 33.364060
vn -48.244537 -54.726827 -68.391812
vn -48.244537 -54.726827 -68.391812
vn -48.244537 -54.726827 -68.391812
vn -46.666344 -88.285072 -5.291371
vn -46.666344 -88.285072 -5.291371
vn -46.666344 -88.285072 -5.291371
vn -35.179765 68.697030 -63.585390
vn -35.179765 68.697030 -63.585390
vn -35.179765 68.697030 -63.585390
vn -94.181859 20.093108 -26.945226
vn -94.181859 20.093108 -26.945226
vn -94.181859 20.093108 -26.945226
vn 63.992493 73.176737 23.454775
vn 63.992493 73.176737 23.454775
vn 63.992493 73.176737 23.454775
vn -79.659053 13.606906 -58.900673
vn -79.659053 13.606906 -58.900673
vn -79.659053 13.606906 -58.900673
vn -77.660574 -23.904454 58.287325
vn -77.660574 -23.904454 58.287325
vn -77.660574 -23.904454 58.287325
vn 2.328313 22.301143 -97.453775
vn 2.328313 22.301143 -97.453775
vn 2.328313 22.301143 -97.453775
vn 70.792345 -19.840293 67.785003
vn 70.792345 -19.840293 67.785003
vn 70.792345 -19.840293 67.785003
vn 92.526465 17.391139 33.710573
vn 92.526465 17.391139 33.710573
vn 92.526465 17.391139 33.710573
vn -80.721151 56.889997 -15.736121
vn -80.721151 56.889997 -15.736121
vn -80.721151 56.889997 -15.736121
vn -76.605821 64.227406 -2.527750
vn -76.605821 64.227406 -2.527750
vn -76.605821 64.227406 -2.527750
vn 2.520432 49.055004 -87.104852
vn 2.520432 49.055004 -87.104852
vn 2.520432 49.055004 -87.104852
vn -25.137244 11.732746 -96.075303
vn -25.137244 11.732746 -96.075303
vn -25.137244 11.732746 -96.075303
vn 98.714048 0.170622 15.984641
vn 98.714048 0.170622 15.984641
vn 98.714048 0.170622 15.984641
vn 86.052671 -17.135582 -47.971964
vn 86.052671 -17.135582 -47.971964
vn 86.052671 -17.135582 -47.971964
vn -23.662044 77.441902 -58.675900
vn -23.662044 77.441902 -58.675900
vn -23.662044 77.441902 -58.675900
vn 98.949880 2.115095 14.298537
vn 98.949880 2.115095 14.298537
vn 98.949880 2.115095 14.298537
vn 95.180764 29.847589 7.052930
vn 95.180764 29.847589 7.052930
vn 95.180764 29.847589 7.052930
vn 74.936784 -53.728750 -38.700141
vn 74.936784 -53.728750 -38.700141
vn 74.936784 -53.728750 -38.700141
vn -14.450646 19.366657 -97.036652
vn -14.450646 19.366657 -97.036652
vn -14.450646 19.366657 -97.036652
vn 24.557273 89.854926 36.373531
vn 24.557273 89.854926 36.373531
vn 24.557273 89.854926 36.373531
vn -33.419244 71.201432 -61.753629
vn -33.419244 71.201432 -61.753629
vn -33.419244 71.201432 -61.753629
vn -52.736350 -67.406801 51.722348
vn -52.736350 -67.406801 51.722348
vn -52.736350 -67.406801 51.722348
vn 51.042135 -82.952962 -22.660660
vn 51.042135 -82.952962 -22.660660
vn 51.042135 -82.952962 -22.660660
vn 18.570743 69.420146 69.541151
vn 18.570743 69.420146 69.541151
vn 18.570743 69.420146 69.541151
vn 31.196370 91.366507 -26.056618
vn 31.196370 91.366507 -26.056618
vn 31.196370 91.366507 -26.056618
vn 15.909858 -89.201642 42.307730
vn 15.909858 -89.201642 42.307730
vn 15.909858 -89.201642 42.307730
vn -91.923960 20.506260 33.607742
vn -91.923960 20.506260 33.607742
vn -91.923960 20.506260 33.607742
vn 90.345021 -11.129349 -41.399460
vn 90.345021 -11.129349 -41.399460
vn 90.345021 -11.129349 -41.399460
vn 24.891355 2.108419 96.829618
vn 24.891355 2.108419 96.829618
vn 24.891355 2.108419 96.829618
vn -21.933991 -95.872904 18.091049
vn -21.933991 -95.872904 18.091049
vn -21.933991 -95.872904 18.091049
vn -91.358429 -12.256869 38.773818
vn -91.358429 -12.256869 38.773818
vn -91.358429 -12.256869 38.773818
vn 23.181925 -23.865214 94.302983
vn 23.181925 -23.865214 94.302983
vn 23.181925 -23.865214 94.302983
vn -94.570214 -18.198531 -26.931198
vn -94.570214 -18.198531 -26.931198
vn -94.570214 -18.198531 -26.931198
vn 99.369262 3.372958 10.694534
vn 99.369262 3.372958 10.694534
vn 99.369262 3.372958 10.694534
vn 50.730909 3.654957 -86.098888
vn 50.730909 3.654957 -86.098888
vn 50.730909 3.654957 -86.098888
vn 89.247326 -29.297943 34.300835
vn 89.247326 -29.297943 34.300835
vn 89.247326 -29.297943 34.300835
vn 93.652682 21.963287 -27.327441
vn 93.652682 21.963287 -27.327441
vn 93.652682 21.963287 -27.327441
vn 82.818510 26.872630 -49.182888
vn 82.818510 26.872630 -49.182888
vn 82.818510 26.872630 -49.182888
vn -25.882509 -72.056197 -64.327294
vn -25.882509 -72.056197 -64.327294
vn -25.882509 -72.056197 -64.327294
vn 62.322580 43.535990 -64.965475
vn 62.322580 43.535990 -64.965475
vn 62.322580 43.535990 -64.965475
vn 63.827360 -70.908020 29.968667
vn 63.827360 -70.908020 29.968667
vn 63.827360 -70.908020 29.968667
vn -74.958977 8.924674 65.585853
vn -74.958977 8.924674 65.585853
vn -74.958977 8.924674 65.585853
vn 56.119990 34.029397 75.448981
vn 56.119990 34.029397 75.448981
vn 56.119990 34.029397 75.448981
vn 19.498934 29.603401 -93.506311
vn 19.498934 29.603401 -93.506311
vn 19.498934 29.603401 -93.506311
vn 81.268991 -21.325378 54.227117
vn 81.268991 -21.325378 54.227117
vn 81.268991 -21.325378 54.227117
vn -85.722513 9.501674 50.609972
vn -85.722513 9.501674 50.609972
vn -85.722513 9.501674 50.609972
vn 51.348015 6.709844 -85.547412
vn 51.348015 6.709844 -85.547412
vn 51.348015 6.709844 -85.547412
vn 17.146842 -16.650615 97.101716
vn 17.146842 -16.650615 97.101716
vn 17.146842 -16.650615 97.101716
vn 91.759036 14.071999 -37.178750
vn 91.759036 14.071999 -37.178750
vn 91.759036 14.071999 -37.178750
vn -97.176248 -23.569909 -1.111957
vn -97.176248 -23.569909 -1.111957
vn -97.176248 -23.569909 -1.111957
vn -82.914281 55.025872 9.867872
vn -82.914281 55.025872 9.867872
vn -82.914281 55.025872 9.867872
vn 86.963372 16.280851 46.608009
vn 86.963372 16.280851 46.608009
vn 86.963372 16.280851 46.608009
vn 93.694991 34.877932 -2.185975
vn 93.694991 34.877932 -2.185975
vn 93.694991 34.877932 -2.185975
vn 92.462925 -34.547453 -16.033810
vn 92.462925 -34.547453 -16.033810
vn 92.462925 -34.547453 -16.033810
vn -8.410971 56.538550 82.052713
vn -8.410971 56.538550 82.052713
vn -8.410971 56.538550 82.052713
vn 83.040626 54.159788 -13.075605
vn 83.040626 54.159788 -13.075605
vn 83.040626 54.159788 -13.075605
vn 32.870100 21.910335 91.866715
vn 32.870100 21.910335 91.866715
vn 32.870100 21.910335 91.866715
vn 94.392216 5.491906 -32.556868
vn 94.392216 5.491906 -32.556868
vn 94.392216 5.491906 -32.556868
vn -97.491309 10.454221 -19.650822
vn -97.491309 10.454221 -19.650822
vn -97.491309 10.454221 -19.650822
vn 54.398953 83.644255 -6.662860
vn 54.398953 83.644255 -6.662860
vn 54.398953 83.644255 -6.662860
vn 55.934804 -57.267636 59.930924
vn 55.934804 -57.267636 59.930924
vn 55.934804 -57.267636 59.930924
vn 58.310091 -51.585322 62.760565
vn 58.310091 -51.585322 62.760565
vn 58.310091 -51.585322 62.760565
vn -47.742275 86.667632 -14.470620
vn -47.742275 86.667632 -14.470620
vn -47.742275 86.667632 -14.470620
vn 8.477768 98.722959 13.487282
vn 8.477768 98.722959 13.487282
vn 8.477768 98.722959 13.487282
vn -60.233733 58.277520 54.549317
vn -60.233733 58.277520 54.549317
vn -60.233733 58.277520 54.549317
vn -6.429456 3.989220 99.713337
vn -6.429456 3.989220 99.713337
vn -6.429456 3.989220 99.713337
vn 79.837672 58.909919 12.472685
vn 79.837672 58.909919 12.472685
vn 79.837672 58.909919 12.472685
vn -44.193711 13.287935 88.714977
vn -44.193711 13.287935 88.714977
vn -44.193711 13.287935 88.714977
vn 97.594877 -9.368467 19.684331
vn 97.594877 -9.368467 19.684331
vn 97.594877 -9.368467 19.684331
vn 73.163210 61.079110 30.273546
vn 73.163210 61.079110 30.273546
vn 73.163210 61.079110 30.273546
vn 27.688729 -92.957145 24.337310
vn 27.688729 -92.957145 24.337310
vn 27.688729 -92.957145 24.337310
vn -88.743422 11.155813 44.723091
vn -88.743422 11.155813 44.723091
vn -88.743422 11.155813 44.723091
vn 68.816007 68.085970 25.073048
vn 68.816007 68.085970 25.073048
vn 68.816007 68.085970 25.073048
vn -8.947032 -99.539155 3.450750
vn -8.947032 -99.539155 3.450750
vn -8.947032 -99.539155 3.450750
vn 98.781661 8.596247 -12.972612
vn 98.781661 8.596247 -12.972612
vn 98.781661 8.596247 -12.972612
vn 70.236927 42.194075 -57.327433
vn 70.236927 42.194075 -57.327433
vn 70.236927 42.194075 -57.327433
vn -7.317900 67.892070 -73.055565
vn -7.317900 67.892070 -73.055565
vn -7.317900 67.892070 -73.055565
vn 82.560935 47.439816 30.547625
vn 82.560935 47.439816 30.547625
vn 82.560935 47.439816 30.547625
vn -80.137809 39.518259 -44.902558
vn -80.137809 39.518259 -44.902558
vn -80.137809 39.518259 -44.902558
vn -66.474105 -16.708096 -72.815075
vn -66.474105 -16.708096 -72.815075
vn -66.474105 -16.708096 -72.815075
vn 21.936902 18.844603 -95.726974
vn 21.936902 18.844603 -95.726974
vn 21.936902 18.844603 -95.726974
vn 19.550966 -35.560610 91.395863
vn 19.550966 -35.560610 91.395863
vn 19.550966 -35.560610 91.395863
vn 87.953560 34.145173 33.140316
vn 87.953560 34.145173 33.140316
vn 87.953560 34.145173 33.140316
vn -78.070104 -55.291245 29.119391
vn -78.070104 -55.291245 29.119391
vn -78.070104 -55.291245 29.119391
vn -70.941385 -35.889025 60.657220
vn -70.941385 -35.889025 60.657220
vn -70.941385 -35.889025 60.657220
vn -25.139929 -49.153039 83.378429
vn -25.139929 -49.153039 83.378429
vn -25.139929 -49.153039 83.378429
vn 24.745205 -27.073204 -93.030731
vn 24.745205 -27.073204 -93.030731
vn 24.745205 -27.073204 -93.030731
vn -74.036415 49.794166 -45.156970
vn -74.036415 49.794166 -45.156970
vn -74.036415 49.794166 -45.156970
vn -98.507222 17.103776 -1.946748
vn -98.507222 17.103776 -1.946748
vn -98.507222 17.103776 -1.946748
vn 97.909608 -2.931343 -20.127489
vn 97.909608 -2.931343 -20.127489
vn 97.909608 -2.931343 -20.127489
vn -81.466831 -28.756188 50.361085
vn -81.466831 -28.756188 50.361085
vn -81.466831 -28.756188 50.361085
vn 43.773888 14.207994 88.780513
vn 43.773888 14.207994 88.780513
vn 43.773888 14.207994 88.780513
vn -39.389591 18.553830 -90.023418
vn -39.389591 18.553830 -90.023418
vn -39.389591 18.553830 -90.023418
vn -76.292345 23.725579 -60.137971
vn -76.292345 23.725579 -60.137971
vn -76.292345 23.725579 -60.137971
vn -16.276589 30.795646 93.737404
vn -16.276589 30.795646 93.737404
vn -16.276589 30.795646 93.737404
vn -92.528963 17.237320 -33.782615
vn -92.528963 17.237320 -33.782615
vn -92.528963 17.237320 -33.782615
vn -2.318257 -24.978279 -96.802427
vn -2.318257 -24.978279 -96.802427
vn -2.318257 -24.978279 -96.802427
vn 97.194334 -9.275101 21.615597
vn 97.194334 -9.275101 21.615597
vn 97.194334 -9.275101 21.615597
vn -66.290685 29.874211 -68.651854
vn -66.290685 29.874211 -68.651854
vn -66.290685 29.874211 -68.651854
vn -95.080392 -30.062268 7.481980
vn -95.080392 -30.062268 7.481980
vn -95.080392 -30.062268 7.481980
vn 97.472387 7.870117 20.909247
vn 97.472387 7.870117 20.909247
vn 97.472387 7.870117 20.909247
vn 82.450062 45.691515 -33.380764
vn 82.450062 45.691515 -33.380764
vn 82.450062 45.691515 -33.380764
vn 82.710152 -22.059374 -51.695424
vn 82.710152 -22.059374 -51.695424
vn 82.710152 -22.059374 -51.695424
vn -20.761535 -49.630766 -84.295589
vn -20.761535 -49.630766 -84.295589
vn -20.761535 -49.630766 -84.295589
vn 85.696601 -34.573660 38.219824
vn 85.696601 -34.573660 38.219824
vn 85.696601 -34.573660 38.219824
vn -74.868305 53.738042 38.819585
vn -74.868305 53.738042 38.819585
vn -74.868305 53.738042 38.819585
vn -5.097904 57.218947 -81.853560
vn -5.097904 57.218947 -81.853560
vn -5.097904 57.218947 -81.853560
vn -44.891980 -11.569836 -88.605020
vn -44.891980 -11.569836 -88.605020
vn -44.891980 -11.569836 -88.605020
vn 48.003601 -3.800202 -87.642534
vn 48.003601 -3.800202 -87.642534
vn 48.003601 -3.800202 -87.642534
vn 42.014426 -21.532591 -88.154049
vn 42.014426 -21.532591 -88.154049
vn 42.014426 -21.532591 -88.154049
vn -39.043129 -52.630907 -75.535571
vn -39.043129 -52.630907 -75.535571
vn -39.043129 -52.630907 -75.535571
vn 83.047831 -38.476839 -40.281414
vn 83.047831 -38.476839 -40.281414
vn 83.047831 -38.476839 -40.281414
vn 25.513319 -23.783272 -93.719937
vn 25.513319 -23.783272 -93.719937
vn 25.513319 -23.783272 -93.719937
vn 95.728444 21.725836 19.080196
vn 95.728444 21.725836 19.080196
vn 95.728444 21.725836 19.080196
vn -86.973876 -9.468128 -48.434493
vn -86.973876 -9.468128 -48.434493
vn -86.973876 -9.468128 -48.434493
vn 96.161144 14.105390 -23.538755
vn 96.161144 14.105390 -23.538755
vn 96.161144 14.105390 -23.538755
vn -96.317397 -15.662616 -21.855023
vn -96.317397 -15.662616 -21.855023
vn -96.317397 -15.662616 -21.855023
vn 60.534263 -23.898011 75.924238
vn 60.534263 -23.898011 75.924238
vn 60.534263 -23.898011 75.924238
vn -90.559978 -14.240814 39.951103
vn -90.559978 -14.240814 39.951103
vn -90.559978 -14.240814 39.951103
vn -14.958995 57.277736 80.594604
vn -14.958995 57.277736 80.594604
vn -14.958995 57.277736 80.594604
vn -71.539778 -7.823039 -69.432416
vn -71.539778 -7.823039 -69.432416
vn -71.539778 -7.823039 -69.432416
vn 9.850921 -1.158603 -99.506868
vn 9.850921 -1.158603 -99.506868
vn 9.850921 -1.158603 -99.506868
vn 77.704623 58.377500 23.538447
vn 77.704623 58.377500 23.538447
vn 77.704623 58.377500 23.538447
vn -76.272808 2.763408 -64.612876
vn -76.272808 2.763408 -64.612876
vn -76.272808 2.763408 -64.612876
vn -25.454262 4.041905 -96.621659
vn -25.454262 4.041905 -96.621659
vn -25.454262 4.041905 -96.621659
vn -71.825793 -28.664304 -63.398846
vn -71.825793 -28.664304 -63.398846
vn -71.825793 -28.664304 -63.398846
vn -3.539387 -99.778170 5.638279
vn -3.539387 -99.778170 5.638279
vn -3.539387 -99.778170 5.638279
vn -73.830251 -19.221804 -64.649958
vn -73.830251 -19.221804 -64.649958
vn -73.830251 -19.221804 -64.649958
vn -49.922699 -42.359713 75.586905
vn -49.922699 -42.359713 75.586905
vn -49.922699 -42.359713 75.586905
vn 78.058839 18.898496 -59.579066
vn 78.058839 18.898496 -59.579066
vn 78.058839 18.898496 -59.579066
vn -52.303496 26.497954 -81.007428
vn -52.303496 26.497954 -81.007428
vn -52.303496 26.497954 -81.007428
vn -47.902277 -83.312715 -27.647152
vn -47.902277 -83.312715 -27.647152
vn -47.902277 -83.312715 -27.647152
vn 94.396150 17.365168 28.068092
vn 94.396150 17.365168 28.068092
vn 94.396150 17.365168 28.068092
vn -58.872035 -66.678056 45.695953
vn -58.872035 -66.678056 45.695953
vn -58.872035 -66.678056 45.695953
vn 45.931911 46.902334 75.434943
vn 45.931911 46.902334 75.434943
vn 45.931911 46.902334 75.434943
vn -54.956110 67.233076 49.593748
vn -54.956110 67.233076 49.593748
vn -54.956110 67.233076 49.593748
vn -40.414830 12.978827 90.543877
vn -40.414830 12.978827 90.543877
vn -40.414830 12.978827 90.543877
vn 77.788082 -28.969254 -55.765559
vn 77.788082 -28.969254 -55.765559
vn 77.788082 -28.969254 -55.765559
vn 86.734360 1.981097 49.731553
vn 86.734360 1.981097 49.731553
vn 86.734360 1.981097 49.731553
vn -19.654588 -1.711282 98.034531
vn -19.654588 -1.711282 98.034531
vn -19.654588 -1.711282 98.034531
vn 38.842392 34.704869 85.363005
vn 38.842392 34.704869 85.363005
vn 38.842392 34.704869 85.363005
vn 50.154817 -30.921160 -80.798373
vn 50.154817 -30.921160 -80.798373
vn 50.154817 -30.921160 -80.798373
vn 30.446200 38.793712 86.994694
vn 30.446200 38.793712 86.994694
vn 30.446200 38.793712 86.994694
vn -99.602324 -5.669203 6.872977
vn -99.602324 -5.669203 6.872977
vn -99.602324 -5.669203 6.872977
vn 95.795001 26.501418 -10.999731
vn 95.795001 26.501418 -10.999731
vn 95.795001 26.501418 -10.999731
vn -12.257807 65.840051 74.261929
vn -12.257807 65.840051 74.261929
vn -12.257807 65.840051 74.261929
vn -11.143738 -22.953088 -96.690081
vn -11.143738 -22.953088 -96.690081
vn -11.143738 -22.953088 -96.690081
vn 24.434934 1.110114 -96.962376
vn 24.434934 1.110114 -96.962376
vn 24.434934 1.110114 -96.962376
vn 98.257424 -7.728183 -16.904251
vn 98.257424 -7.728183 -16.904251
vn 98.257424 -7.728183 -16.904251
vn 15.163180 -10.468013 -98.287835
vn 15.163180 -10.468013 -98.287835
vn 15.163180 -10.468013 -98.287835
vn 94.688432 -0.719148 32.149405
vn 94.688432 -0.719148 32.149405
vn 94.688432 -0.719148 32.149405
vn 93.047138 -17.940586 31.943195
vn 93.047138 -17.940586 31.943195
vn 93.047138 -17.940586 31.943195
vn 98.205203 -7.768762 17.186775
vn 98.205203 -7.768762 17.186775
vn 98.205203 -7.768762 17.186775
vn 98.204859 -7.751390 17.196555
vn 98.204859 -7.751390 17.196555
vn 98.204859 -7.751390 17.196555
vn 46.720810 -8.096009 -88.043291
vn 46.720810 -8.096009 -88.043291
vn 46.720810 -8.096009 -88.043291
vn -80.855678 -16.312210 -56.535591
vn -80.855678 -16.312210 -56.535591
vn -80.855678 -16.312210 -56.535591
vn 11.402353 -48.562426 -86.669934
vn 11.402353 -48.562426 -86.669934
vn 11.402353 -48.562426 -86.669934
vn 21.209837 0.143226 97.724733
vn 21.209837 0.143226 97.724733
vn 21.209837 0.143226 97.724733
vn -71.706398 -32.718281 -61.544359
vn -71.706398 -32.718281 -61.544359
vn -71.706398 -32.718281 -61.544359
vn -89.695811 43.860933 5.556927
vn -89.695811 43.860933 5.556927
vn -89.695811 43.860933 5.556927
vn -1.520879 87.272935 48.796748
vn -1.520879 87.272935 48.796748
vn -1.520879 87.272935 48.796748
vn 86.358896 -15.928722 -47.837407
vn 86.358896 -15.928722 -47.837407
vn 86.358896 -15.928722 -47.837407
vn 5.828869 -45.780345 88.714063
vn 5.828869 -45.780345 88.714063
vn 5.828869 -45.780345 88.714063
vn 45.115606 69.908989 55.473561
vn 45.115606 69.908989 55.473561
vn 45.115606 69.908989 55.473561
vn 31.237404 56.263893 76.541484
vn 31.237404 56.263893 76.541484
vn 31.237404 56.263893 76.541484
vn -22.028166 23.634802 -94.636968
vn -22.028166 23.634802 -94.636968
vn -22.028166 23.634802 -94.636968
vn -45.818271 -85.709162 -23.550494
vn -45.818271 -85.709162 -23.550494
vn -45.818271 -85.709162 -23.550494
vn -97.986009 -16.801624 -10.791117
vn -97.986009 -16.801624 -10.791117
vn -97.986009 -16.801624 -10.791117
vn 29.083259 -23.304355 92.795867
vn 29.083259 -23.304355 92.795867
vn 29.083259 -23.304355 92.795867
vn -2.699935 99.323016 11.298165
vn -2.699935 99.323016 11.298165
vn -2.699935 99.323016 11.298165
vn -84.740046 3.401103 -52.986387
vn -84.740046 3.401103 -52.986387
vn -84.740046 3.401103 -52.986387
vn -58.822682 56.119132 -58.228315
vn -58.822682 56.119132 -58.228315
vn -58.822682 56.119132 -58.228315
vn 90.522940 -41.872272 -7.232664
vn 90.522940 -41.872272 -7.232664
vn 90.522940 -41.872272 -7.232664
vn 90.742806 -40.695747 -10.469097
vn 90.742806 -40.695747 -10.469097
vn 90.742806 -40.695747 -10.469097
vn -36.818793 -88.975293 -26.977315
vn -36.818793 -88.975293 -26.977315
vn -36.818793 -88.975293 -26.977315
vn -23.005072 29.683536 92.680390
vn -23.005072 29.683536 92.680390
vn -23.005072 29.683536 92.680390
vn -24.395781 96.972757 1.063341
vn -24.395781 96.972757 1.063341
vn -24.395781 96.972757 1.063341
vn -20.689844 25.730830 94.392026
vn -20.689844 25.730830 94.392026
vn -20.689844 25.730830 94.392026
vn 96.688773 24.700411 6.416457
vn 96.688773 24.700411 6.416457
vn 96.688773 24.700411 6.416457
vn 96.420966 26.366449 2.794613
vn 96.420966 26.366449 2.794613
vn 96.420966 26.366449 2.794613
vn 35.751761 -19.878801 91.250454
vn 35.751761 -19.878801 91.250454
vn 35.751761 -19.878801 91.250454
vn -94.830971 -29.144684 12.556826
vn -94.830971 -29.144684 12.556826
vn -94.830971 -29.144684 12.556826
vn -50.299403 -55.763582 66.033288
vn -50.299403 -55.763582 66.033288
vn -50.299403 -55.763582 66.033288
vn -34.562879 -51.449010 78.475513
vn -34.562879 -51.449010 78.475513
vn -34.562879 -51.449010 78.475513
vn 45.355026 9.173565 88.649699
vn 45.355026 9.173565 88.649699
vn 45.355026 9.173565 88.649699
vn -54.282003 25.424433 -80.044129
vn -54.282003 25.424433 -80.044129
vn -54.282003 25.424433 -80.044129
vn 96.590920 -25.665953 3.384310
vn 96.590920 -25.665953 3.384310
vn 96.590920 -25.665953 3.384310
vn 91.780895 39.691559 -0.920708
vn 91.780895 39.691559 -0.920708
vn 91.780895 39.691559 -0.920708
vn -16.741166 -5.897169 -98.412187
vn -16.741166 -5.897169 -98.412187
vn -16.741166 -5.897169 -98.412187
vn 3.792863 16.713773 98.520384
vn 3.792863 16.713773 98.520384
vn 3.792863 16.713773 98.520384
vn 47.779787 1.362457 87.836422
vn 47.779787 1.362457 87.836422
vn 47.779787 1.362457 87.836422
vn -2.470850 47.855928 -87.770755
vn -2.470850 47.855928 -87.770755
vn -2.470850 47.855928 -87.770755
vn -73.774575 63.222961 -23.667916
vn -73.774575 63.222961 -23.667916
vn -73.774575 63.222961 -23.667916
vn -70.767820 -53.202382 46.491097
vn -70.767820 -53.202382 46.491097
vn -70.767820 -53.202382 46.491097
vn 58.801724 -80.563650 -7.201244
vn 58.801724 -80.563650 -7.201244
vn 58.801724 -80.563650 -7.201244
vn -29.101903 4.386112 -95.571140
vn -29.101903 4.386112 -95.571140
vn -29.101903 4.386112 -95.571140
vn -62.476191 -6.194613 77.835433
vn -62.476191 -6.194613 77.835433
vn -62.476191 -6.194613 77.835433
vn 92.018906 -5.127522 -38.810187
vn 92.018906 -5.127522 -38.810187
vn 92.018906 -5.127522 -38.810187
vn 3.400532 -93.719406 34.714700
vn 3.400532 -93.719406 34.714700
vn 3.400532 -93.719406 34.714700
vn -65.492619 11.231266 -74.730025
vn -65.492619 11.231266 -74.730025
vn -65.492619 11.231266 -74.730025
vn -58.644900 1.624148 -80.982330
vn -58.644900 1.624148 -80.982330
vn -58.644900 1.624148 -80.982330
vn -68.966745 1.075908 72.404635
vn -68.966745 1.075908 72.404635
vn -68.966745 1.075908 72.404635
vn 89.717950 8.290933 -43.381444
vn 89.717950 8.290933 -43.381444
vn 89.717950 8.290933 -43.381444
vn -25.675277 17.341968 95.079117
vn -25.675277 17.341968 95.079117
vn -25.675277 17.341968 95.079117
vn -98.050810 18.773598 5.795809
vn -98.050810 18.773598 5.795809
vn -98.050810 18.773598 5.795809
vn -95.837562 27.572208 7.411847
vn -95.837562 27.572208 7.411847
vn -95.837562 27.572208 7.411847
vn -87.338593 -40.972620 -26.328986
vn -87.338593 -40.972620 -26.328986
vn -87.338593 -40.972620 -26.328986
vn -87.245073 -40.597271 -27.205878
vn -87.245073 -40.597271 -27.205878
vn -87.245073 -40.597271 -27.205878
vn -9.855055 -48.417270 86.940471
vn -9.855055 -48.417270 86.940471
vn -9.855055 -48.417270 86.940471
vn 99.607253 2.581545 8.469503
vn 99.607253 2.581545 8.469503
vn 99.607253 2.581545 8.469503
vn 41.893052 19.807812 88.615036
vn 41.893052 19.807812 88.615036
vn 41.893052 19.807812 88.615036
vn 99.555035 8.042738 4.910256
vn 99.555035 8.042738 4.910256
vn 99.555035 8.042738 4.910256
vn -92.973004 -28.093548 23.807042
vn -92.973004 -28.093548 23.807042
vn -92.973004 -28.093548 23.807042
vn 95.383090 -22.543818 19.845491
vn 95.383090 -22.543818 19.845491
vn 95.383090 -22.543818 19.845491
vn 59.296979 -24.627101 76.664045
vn 59.296979 -24.627101 76.664045
vn 59.296979 -24.627101 76.664045
vn 40.389255 60.744017 68.402291
vn 40.389255 60.744017 68.402291
vn 40.389255 60.744017 68.402291
vn -33.500107 1.110759 -94.215236
vn -33.500107 1.110759 -94.215236
vn -33.500107 1.110759 -94.215236
vn 94.181279 -25.186327 22.260627
vn 94.181279 -25.186327 22.260627
vn 94.181279 -25.186327 22.260627
vn 62.076979 -56.090739 -54.774780
vn 62.076979 -56.090739 -54.774780
vn 62.076979 -56.090739 -54.774780
vn 98.318245 14.670932 -10.876036
vn 98.318245 14.670932 -10.876036
vn 98.318245 14.670932 -10.876036
vn -86.848281 43.774847 -23.262417
vn -86.848281 43.774847 -23.262417
vn -86.848281 43.774847 -23.262417
vn 3.990770 84.262751 53.701618
vn 3.990770 84.262751 53.701618
vn 3.990770 84.262751 53.701618
vn -17.922111 8.510088 -98.012124
vn -17.922111 8.510088 -98.012124
vn -17.922111 8.510088 -98.012124
vn -28.349598 -6.881424 -95.650125
vn -28.349598 -6.881424 -95.650125
vn -28.349598 -6.881424 -95.650125
vn 97.674402 20.521379 -6.211824
vn 97.674402 20.521379 -6.211824
vn 97.674402 20.521379 -6.211824
vn 0.121747 -82.714231 56.199139
vn 0.121747 -82.714231 56.199139
vn 0.121747 -82.714231 56.199139
vn 60.377982 65.916438 44.827713
vn 60.377982 65.916438 44.827713
vn 60.377982 65.916438 44.827713
vn -6.508230 63.701530 -76.809889
vn -6.508230 63.701530 -76.809889
vn -6.508230 63.701530 -76.809889
vn 8.027019 5.118922 -99.545791
vn 8.027019 5.118922 -99.545791
vn 8.027019 5.118922 -99.545791
vn -42.463632 -55.110174 -71.831113
vn -42.463632 -55.110174 -71.831113
vn -42.463632 -55.110174 -71.831113
vn 40.795268 -43.985904 80.006163
vn 40.795268 -43.985904 80.006163
vn 40.795268 -43.985904 80.006163
vn 44.439925 32.235099 -83.582248
vn 44.439925 32.235099 -83.582248
vn 44.439925 32.235099 -83.582248
vn 58.028697 -46.571141 -66.811680
vn 58.028697 -46.571141 -66.811680
vn 58.028697 -46.571141 -66.811680
vn 89.710604 10.243692 42.977599
vn 89.710604 10.243692 42.977599
vn 89.710604 10.243692 42.977599
vn 33.240591 63.552981 69.685590
vn 33.240591 63.552981 69.685590
vn 33.240591 63.552981 69.685590
vn 27.741713 -2.927356 -96.030342
vn 27.741713 -2.927356 -96.030342
vn 27.741713 -2.927356 -96.030342
vn -90.193553 9.283758 42.177446
vn -90.193553 9.283758 42.177446
vn -90.193553 9.283758 42.177446
vn 24.500983 95.896316 14.268832
vn 24.500983 95.896316 14.268832
vn 24.500983 95.896316 14.268832
vn -75.976806 -0.393629 -65.018228
vn -75.976806 -0.393629 -65.018228
vn -75.976806 -0.393629 -65.018228
vn 96.340553 -26.758194 -1.580309
vn 96.340553 -26.758194 -1.580309
vn 96.340553 -26.758194 -1.580309
vn -64.276651 6.789830 76.304722
vn -64.276651 6.789830 76.304722
vn -64.276651 6.789830 76.304722
vn 8.153287 28.105599 -95.622176
vn 8.153287 28.105599 -95.622176
vn 8.153287 28.105599 -95.622176
vn 49.266563 23.228764 -83.864355
vn 49.266563 23.228764 -83.864355
vn 49.266563 23.228764 -83.864355
vn 45.456926 -19.122296 -86.994283
vn 45.456926 -19.122296 -86.994283
vn 45.456926 -19.122296 -86.994283
vn 98.476990 15.514473 -7.847555
vn 98.476990 15.514473 -7.847555
vn 98.476990 15.514473 -7.847555
vn 17.728044 28.152041 94.303657
vn 17.728044 28.152041 94.303657
vn 17.728044 28.152041 94.303657
vn 44.987347 -9.275980 -88.826211
vn 44.987347 -9.275980 -88.826211
vn 44.987347 -9.275980 -88.826211
vn 22.904372 -89.708477 37.785957
vn 22.904372 -89.708477 37.785957
vn 22.904372 -89.708477 37.785957
vn 99.687888 -7.883354 0.421991
vn 99.687888 -7.883354 0.421991
vn 99.687888 -7.883354 0.421991
vn -14.016342 -32.721677 93.449637
vn -14.016342 -32.721677 93.449637
vn -14.016342 -32.721677 93.449637
vn 79.102291 -39.554312 -46.672089
vn 79.102291 -39.554312 -46.672089
vn 79.102291 -39.554312 -46.672089
vn 79.527632 -41.022249 -44.637780
vn 79.527632 -41.022249 -44.637780
vn 79.527632 -41.022249 -44.637780
vn 88.720121 3.565498 -46.000309
vn 88.720121 3.565498 -46.000309
vn 88.720121 3.565498 -46.000309
vn -67.334693 1.581204 -73.915759
vn -67.334693 1.581204 -73.915759
vn -67.334693 1.581204 -73.915759
vn 55.234699 -46.348855 69.288627
vn 55.234699 -46.348855 69.288627
vn 55.234699 -46.348855 69.288627
vn -1.283668 -98.065584 -19.531882
vn -1.283668 -98.065584 -19.531882
vn -1.283668 -98.065584 -19.531882
vn -9.702130 -98.205960 -16.169726
vn -9.702130 -98.205960 -16.169726
vn -9.702130 -98.205960 -16.169726
vn 8.398529 -99.641955 -0.972903
vn 8.398529 -99.641955 -0.972903
vn 8.398529 -99.641955 -0.972903
vn 99.419650 1.988229 10.572658
vn 99.419650 1.988229 10.572658
vn 99.419650 1.988229 10.572658
vn 97.348787 -15.364008 16.945825
vn 97.348787 -15.364008 16.945825
vn 97.348787 -15.364008 16.945825
vn -13.886117 2.704467 98.994252
vn -13.886117 2.704467 98.994252
vn -13.886117 2.704467 98.994252
vn -13.214851 1.697106 99.108462
vn -13.214851 1.697106 99.108462
vn -13.214851 1.697106 99.108462
vn 95.543542 27.823502 -9.863339
vn 95.543542 27.823502 -9.863339
vn 95.543542 27.823502 -9.863339
vn -73.384384 24.167362 -63.487571
vn -73.384384 24.167362 -63.487571
vn -73.384384 24.167362 -63.487571
vn 5.792367 -3.622008 99.766373
vn 5.792367 -3.622008 99.766373
vn 5.792367 -3.622008 99.766373
vn 39.332134 86.717815 30.545144
vn 39.332134 86.717815 30.545144
vn 39.332134 86.717815 30.545144
vn 21.404054 37.606487 -90.153306
vn 21.404054 37.606487 -90.153306
vn 21.404054 37.606487 -90.153306
vn -93.817465 -30.262358 16.806959
vn -93.817465 -30.262358 16.806959
vn -93.817465 -30.262358 16.806959
vn -95.946268 27.230659 -7.266778
vn -95.946268 27.230659 -7.266778
vn -95.946268 27.230659 -7.266778
vn 70.758420 27.911462 -64.916843
vn 70.758420 27.911462 -64.916843
vn 70.758420 27.911462 -64.916843
vn -83.492042 -0.789796 55.031409
vn -83.492042 -0.789796 55.031409
vn -83.492042 -0.789796 55.031409
vn -64.688614 28.378990 -70.781468
vn -64.688614 28.378990 -70.781468
vn -64.688614 28.378990 -70.781468
vn -84.443437 38.004677 -37.748511
vn -84.443437 38.004677 -37.748511
vn -84.443437 38.004677 -37.748511
vn 90.957594 24.133655 -33.827283
vn 90.957594 24.133655 -33.827283
vn 90.957594 24.133655 -33.827283
vn 2.032347 -9.060302 -99.567969
vn 2.032347 -9.060302 -99.567969
vn 2.032347 -9.060302 -99.567969
vn 61.098167 19.121958 76.820343
vn 61.098167 19.121958 76.820343
vn 61.098167 19.121958 76.820343
vn 72.389645 4.952391 68.812891
vn 72.389645 4.952391 68.812891
vn 72.389645 4.952391 68.812891
vn 58.085478 -22.631583 -78.191363
vn 58.085478 -22.631583 -78.191363
vn 58.085478 -22.631583 -78.191363
vn -3.145216 -88.805394 -45.866221
vn -3.145216 -88.805394 -45.866221
vn -3.145216 -88.805394 -45.866221
vn -86.464822 -32.803328 38.049668
vn -86.464822 -32.803328 38.049668
vn -86.464822 -32.803328 38.049668
vn -52.815381 -3.590767 -84.838925
vn -52.815381 -3.590767 -84.838925
vn -52.815381 -3.590767 -84.838925
vn -59.721014 -0.538670 -80.206673
vn -59.721014 -0.538670 -80.206673
vn -59.721014 -0.538670 -80.206673
vn 54.713391 -27.557245 79.038243
vn 54.713391 -27.557245 79.038243
vn 54.713391 -27.557245 79.038243
vn -96.242951 22.652763 -14.971540
vn -96.242951 22.652763 -14.971540
vn -96.242951 22.652763 -14.971540
vn 24.344926 11.451319 -96.312998
vn 24.344926 11.451319 -96.312998
vn 24.344926 11.451319 -96.312998
vn -51.195851 -29.842145 80.550793
vn -51.195851 -29.842145 80.550793
vn -51.195851 -29.842145 80.550793
vn 44.010169 69.889739 -56.378451
vn 44.010169 69.889739 -56.378451
vn 44.010169 69.889739 -56.378451
vn 95.178841 -22.551185 -20.795039
vn 95.178841 -22.551185 -20.795039
vn 95.178841 -22.551185 -20.795039
vn 12.397423 -19.182979 97.356652
vn 12.397423 -19.182979 97.356652
vn 12.397423 -19.182979 97.356652
vn 5.108601 -96.968817 -23.894593
vn 5.108601 -96.968817 -23.894593
vn 5.108601 -96.968817 -23.894593
vn -77.525906 -24.751130 58.112955
vn -77.525906 -24.751130 58.112955
vn -77.525906 -24.751130 58.112955
vn 65.866602 -8.242271 -74.790745
vn 65.866602 -8.242271 -74.790745
vn 65.866602 -8.242271 -74.790745
vn -98.210048 5.346778 18.061028
vn -98.210048 5.346778 18.061028
vn -98.210048 5.346778 18.061028
vn -63.696626 -28.583944 -71.593983
vn -63.696626 -28.583944 -71.593983
vn -63.696626 -28.583944 -71.593983
vn 84.860448 50.684420 -15.158959
vn 84.860448 50.684420 -15.158959
vn 84.860448 50.684420 -15.158959
vn 85.154068 48.134639 20.780823
vn 85.154068 48.134639 20.780823
vn 85.154068 48.134639 20.780823
vn 76.949444 52.938594 35.725186
vn 76.949444 52.938594 35.725186
vn 76.949444 52.938594 35.725186
vn -98.473573 5.228361 16.601847
vn -98.473573 5.228361 16.601847
vn -98.473573 5.228361 16.601847
vn -14.679024 1.737966 -98.901499
vn -14.679024 1.737966 -98.901499
vn -14.679024 1.737966 -98.901499
vn -7.460860 63.016613 -77.286761
vn -7.460860 63.016613 -77.286761
vn -7.460860 63.016613 -77.286761
vn -92.605068 -37.719766 1.233673
vn -92.605068 -37.719766 1.233673
vn -92.605068 -37.719766 1.233673
vn -75.487910 55.074039 35.614977
vn -75.487910 55.074039 35.614977
vn -75.487910 55.074039 35.614977
vn 22.167896 38.803321 -89.458856
vn 22.167896 38.803321 -89.458856
vn 22.167896 38.803321 -89.458856
vn -50.092714 2.225771 86.520325
vn -50.092714 2.225771 86.520325
vn -50.092714 2.225771 86.520325
vn 79.713686 59.081235 12.455371
vn 79.713686 59.081235 12.455371
vn 79.713686 59.081235 12.455371
vn -96.694612 -10.111764 -23.407402
vn -96.694612 -10.111764 -23.407402
vn -96.694612 -10.111764 -23.407402
vn 30.565803 -46.826033 82.903899
vn 30.565803 -46.826033 82.903899
vn 30.565803 -46.826033 82.903899
vn 5.733071 -19.184186 -97.974994
vn 5.733071 -19.184186 -97.974994
vn 5.733071 -19.184186 -97.974994
vn -83.837627 14.717743 52.484672
vn -83.837627 14.717743 52.484672
vn -83.837627 14.717743 52.484672
vn 9.688572 -98.935074 10.862039
vn 9.688572 -98.935074 10.862039
vn 9.688572 -98.935074 10.862039
vn -34.464983 10.176303 -93.319932
vn -34.464983 10.176303 -93.319932
vn -34.464983 10.176303 -93.319932
vn -79.400838 7.975170 -60.265276
vn -79.400838 7.975170 -60.265276
vn -79.400838 7.975170 -60.265276
vn 68.666789 24.654421 -68.388838
vn 68.666789 24.654421 -68.388838
vn 68.666789 24.654421 -68.388838
vn -80.447560 -29.801042 -51.381799
vn -80.447560 -29.801042 -51.381799
vn -80.447560 -29.801042 -51.381799
vn 77.645199 -29.516580 -55.677609
vn 77.645199 -29.516580 -55.677609
vn 77.645199 -29.516580 -55.677609
vn -91.992633 -9.127537 38.131947
vn -91.992633 -9.127537 38.131947
vn -91.992633 -9.127537 38.131947
vn -93.187590 -2.175106 -36.212492
vn -93.187590 -2.175106 -36.212492
vn -93.187590 -2.175106 -36.212492
vn 5.298033 18.596852 -98.112635
vn 5.298033 18.596852 -98.112635
vn 5.298033 18.596852 -98.112635
vn 46.147156 61.727720 63.719151
vn 46.147156 61.727720 63.719151
vn 46.147156 61.727720 63.719151
vn 34.719239 82.843798 43.948605
vn 34.719239 82.843798 43.948605
vn 34.719239 82.843798 43.948605
vn -53.060479 -71.440014 45.616995
vn -53.060479 -71.440014 45.616995
vn -53.060479 -71.440014 45.616995
vn 37.024953 -80.530465 46.303321
vn 37.024953 -80.530465 46.303321
vn 37.024953 -80.530465 46.303321
vn -68.219572 1.533084 -73.100886
vn -68.219572 1.533084 -73.100886
vn -68.219572 1.533084 -73.100886
vn 39.748567 18.954890 -89.781766
vn 39.748567 18.954890 -89.781766
vn 39.748567 18.954890 -89.781766
vn -81.931065 52.162852 23.797891
vn -81.931065 52.162852 23.797891
vn -81.931065 52.162852 23.797891
vn 88.258968 4.853058 -46.763264
vn 88.258968 4.853058 -46.763264
vn 88.258968 4.853058 -46.763264
vn -96.625662 14.667031 -21.174540
vn -96.625662 14.667031 -21.174540
vn -96.625662 14.667031 -21.174540
vn -97.213035 7.826198 -22.099287
vn -97.213035 7.826198 -22.099287
vn -97.213035 7.826198 -22.099287
vn 62.920517 -62.138145 46.688971
vn 62.920517 -62.138145 46.688971
vn 62.920517 -62.138145 46.688971
vn -61.719436 -20.890379 -75.857127
vn -61.719436 -20.890379 -75.857127
vn -61.719436 -20.890379 -75.857127
vn -54.492435 33.607951 -76.818484
vn -54.492435 33.607951 -76.818484
vn -54.492435 33.607951 -76.818484
vn -98.839851 -13.320175 7.297831
vn -98.839851 -13.320175 7.297831
vn -98.839851 -13.320175 7.297831
vn -48.293563 -28.715553 -82.723337
vn -48.293563 -28.715553 -82.723337
vn -48.293563 -28.715553 -82.723337
vn 39.733917 -22.075507 89.072372
vn 39.733917 -22.075507 89.072372
vn 39.733917 -22.075507 89.072372
f 1//1 2//2 3//3
f 4//4 5//5 6//6
f 7//7 8//8 9//9
f 10//10 11//11 12//12
f 13//13 14//14 15//15
f 16//16 17//17 18//18
f 19//19 20//20 21//21
f 22//22 23//23 24//24
f 25//25 26//26 27//27
f 28//28 29//29 30//30
f 31//31 32//32 33//33
f 34//34 35//35 36//36
f 37//37 38//38 39//39
f 40//40 41//41 42//42
f 43//43 44//44 45//45
f 46//46 47//47 48//48
f 49//49 50//50 51//51
f 52//52 53//53 54//54
f 55//55 56//56 57//57
f 58//58 59//59 60//60
f 61//61 62//62 63//63
f 64//64 65//65 66//66
f 67//67 68//68 69//69
f 70//70 71//71 72//72
f 73//73 74//74 75//75
f 76//76 77//77 78//78
f 79//79 80//80 81//81
f 82//82 83//83 84//84
f 85//85 86//86 87//87
f 88//88 89//89 90//90
f 91//91 92//92 93//93
f 94//94 95//95 96//96
f 97//97 98//98 99//99
f 100//100 101//101 102//102
f 103//103 104//104 105//105
f 106//106 107//107 108//108
f 109//109 110//110 111//111
f 112//112 113//113 114//114
f 115//115 116//116 117//117
f 118//118 119//119 120//120
f 121//121 122//122 123//123
f 124//124 125//125 126//126
f 127//127 128//128 129//129
f 130//130 131//131 132//132
f 133//133 134//134 135//135
f 136//136 137//137 138//138
f 139//139 140//140 141//141
f 142//142 143//143 144//144
f 145//145 146//146 147//147
f 148//148 149//149 150//150
f 151//151 152//152 153//153
f 154//154 155//155 156//156
f 157//157 158//158 159//159
f 160//160 161//161 162//162
f 163//163 164//164 165//165
f 166//166 167//167 168//168
f 169//169 170//170 171//171
f 172//172 173//173 174//174
f 175//175 176//176 177//177
f 178//178 179//179 180//180
f 181//181 182//182 183//183
f 184//184 185//185 186//186
f 187//187 188//188 189//189
f 190//190 191//191 192//192
f 193//193 194//194 195//195
f 196//196 197//197 198//198
f 199//199 200//200 201//201
f 202//202 203//203 204//204
f 205//205 206//206 207//207
f 208//208 209//209 210//210
f 211//211 212//212 213//213
f 214//214 215//215 216//216
f 217//217 218//218 219//219
f 220//220 221//221 222//222
f 223//223 224//224 225//225
f 226//226 227//227 228//228
f 229//229 230//230 231//231
f 232//232 233//233 234//234
f 235//235 236//236 237//237
f 238//238 239//239 240//240
f 241//241 242//242 243//243
f 244//244 245//245 246//246
f 247//247 248//248 249//249
f 250//250 251//251 252//252
f 253//253 254//254 255//255
f 256//256 257//257 258//258
f 259//259 260//260 261//261
f 262//262 263//263 264//264
f 265//265 266//266 267//267
f 268//268 269//269 270//270
f 271//271 272//272 273//273
f 274//274 275//275 276//276
f 277//277 278//278 279//279
f 280//280 281//281 282//282
f 283//283 284//284 285//285
f 286//286 287//287 288//288
f 289//289 290//290 291//291
f 292//292 293//293 294//294
f 295//295 296//296 297//297
f 298//298 299//299 300//300
f 301//301 302//302 303//303
f 304//304 305//305 306//306
f 307//307 308//308 309//309
f 310//310 311//311 312//312
f 313//313 314//314 315//315
f 316//316 317//317 318//318
f 319//319 320//320 321//321
f 322//322 323//323 324//324
f 325//325 326//326 327//327
f 328//328 329//329 330//330
f 331//331 332//332 333//333
f 334//334 335//335 336//336
f 337//337 338//338 339//339
f 340//340 341//341 342//342
f 343//343 344//344 345//345
f 346//346 347//347 348//348
f 349//349 350//350 351//351
f 352//352 353//353 354//354
f 355//355 356//356 357//357
f 358//358 359//359 360//360
f 361//361 362//362 363//363
f 364//364 365//365 366//366
f 367//367 368//368 369//369
f 370//370 371//371 372//372
f 373//373 374//374 375//375
f 376//376 377//377 378//378
f 379//379 380//380 381//381
f 382//382 383//383 384//384
f 385//385 386//386 387//387
f 388//388 389//389 390//390
f 391//391 392//392 393//393
f 394//394 395//395 396//396
f 397//397 398//398 399//399
f 400//400 401//401 402//402
f 403//403 404//404 405//405
f 406//406 407//407 408//408
f 409//409 410//410 411//411
f 412//412 413//413 414//414
f 415//415 416//416 417//417
f 418//418 419//419 420//420
f 421//421 422//422 423//423
f 424//424 425//425 426//426
f 427//427 428//428 429//429
f 430//430 431//431 432//432
f 433//433 434//434 435//435
f 436//436 437//437 438//438
f 439//439 440//440 441//441
f 442//442 443//443 444//444
f 445//445 446//446 447//447
f 448//448 449//449 450//450
f 451//451 452//452 453//453
f 454//454 455//455 456//456
f 457//457 458//458 459//459
f 460//460 461//461 462//462
f 463//463 464//464 465//465
f 466//466 467//467 468//468
f 469//469 470//470 471//471
f 472//472 473//473 474//474
f 475//475 476//476 477//477
f 478//478 479//479 480//480
f 481//481 482//482 483//483
f 484//484 485//485 486//486
f 487//487 488//488 489//489
f 490//490 491//491 492//492
f 493//493 494//494 495//495
f 496//496 497//497 498//498
f 499//499 500//500 501//501
f 502//502 503//503 504//504
f 505//505 506//506 507//507
f 508//508 509//509 510//510
f 511//511 512//512 513//513
f 514//514 515//515 516//516
f 517//517 518//518 519//519
f 520//520 521//521 522//522
f 523//523 524//524 525//525
f 526//526 527//527 528//528
f 529//529 530//530 531//531
f 532//532 533//533 534//534
f 535//535 536//536 537//537
f 538//538 539//539 540//540
f 541//541 542//542 543//543
f 544//544 545//545 546//546
f 547//547 548//548 549//549
f 550//550 551//551 552//552
f 553//553 554//554 555//555
f 556//556 557//557 558//558
f 559//559 560//560 561//561
f 562//562 563//563 564//564
f 565//565 566//566 567//567
f 568//568 569//569 570//570
f 571//571 572//572 573//573
f 574//574 575//575 576//576
f 577//577 578//578 579//579
f 580//580 581//581 582//582
f 583//583 584//584 585//585
f 586//586 587//587 588//588
f 589//589 590//590 591//591
f 592//592 593//593 594//594
f 595//595 596//596 597//597
f 598//598 599//599 600//600
f 601//601 602//602 603//603
f 604//604 605//605 606//606
f 607//607 608//608 609//609
f 610//610 611//611 612//612
f 613//613 614//614 615//615
f 616//616 617//617 618//618
f 619//619 620//620 621//621
f 622//622 623//623 624//624
f 625//625 626//626 627//627
f 628//628 629//629 630//630
f 631//631 632//632 633//633
f 634//634 635//635 636//636
f 637//637 638//638 639//639
f 640//640 641//641 642//642
f 643//643 644//644 645//645
f 646//646 647//647 648//648
f 649//649 650//650 651//651
f 652//652 653//653 654//654
f 655//655 656//656 657//657
f 658//658 659//659 660//660
f 661//661 662//662 663//663
f 664//664 665//665 666//666
f 667//667 668//668 669//669
f 670//670 671//671 672//672
f 673//673 674//674 675//675
f 676//676 677//677 678//678
f 679//679 680//680 681//681
f 682//682 683//683 684//684
f 685//685 686//686 687//687
f 688//688 689//689 690//690
f 691//691 692//692 693//693
f 694//694 695//695 696//696
f 697//697 698//698 699//699
f 700//700 701//701 702//702
f 703//703 704//704 705//705
f 706//706 707//707 708//708
f 709//709 710//710 711//711
f 712//712 713//713 714//714
f 715//715 716//716 717//717
f 718//718 719//719 720//720
f 721//721 722//722 723//723
f 724//724 725//725 726//726
f 727//727 728//728 729//729
f 730//730 731//731 732//732
f 733//733 734//734 735//735
f 736//736 737//737 738//738
f 739//739 740//740 741//741
f 742//742 743//743 744//744
f 745//745 746//746 747//747
f 748//748 749//749 750//750
f 751//751 752//752 753//753
f 754//754 755//755 756//756
f 757//757 758//758 759//759
f 760//760 761//761 762//762
f 763//763 764//764 765//765
f 766//766 767//767 768//768
f 769//769 770//770 771//771
f 772//772 773//773 774//774
f 775//775 776//776 777//777
f 778//778 779//779 780//780
f 781//781 782//782 783//783
f 784//784 785//785 786//786
f 787//787 788//788 789//789
f 790//790 791//791 792//792
f 793//793 794//794 795//795
f 796//796 797//797 798//798
f 799//799 800//800 801//801
f 802//802 803//803 804//804
f 805//805 806//806 807//807
f 808//808 809//809 810//810
f 811//811 812//812 813//813
f 814//814 815//815 816//816
f 817//817 818//818 819//819
f 820//820 821//821 822//822
f 823//823 824//824 825//825
f 826//826 827//827 828//828
f 829//829 830//830 831//831
f 832//832 833//833 834//834
f 835//835 836//836 837//837
f 838//838 839//839 840//840
f 841//841 842//842 843//843
f 844//844 845//845 846//846
f 847//847 848//848 849//849
f 850//850 851//851 852//852
f 853//853 854//854 855//855
f 856//856 857//857 858//858
f 859//859 860//860 861//861
f 862//862 863//863 864//864
f 865//865 866//866 867//867
f 868//868 869//869 870//870
f 871//871 872//872 873//873
f 874//874 875//875 876//876
f 877//877 878//878 879//879
f 880//880 881//881 882//882
f 883//883 884//884 885//885
f 886//886 887//887 888//888
f 889//889 890//890 891//891
f 892//892 893//893 894//894
f 895//895 896//896 897//897
f 898//898 899//899 900//900
f 901//901 902//902 903//903
f 904//904 905//905 906//906
f 907//907 908//908 909//909
f 910//910 911//911 912//912
f 913//913 914//914 915//915
f 916//916 917//917 918//918
f 919//919 920//920 921//921
f 922//922 923//923 924//924
f 925//925 926//926 927//927
f 928//928 929//929 930//930
f 931//931 932//932 933//933
f 934//934 935//935 936//936
f 937//937 938//938 939//939
f 940//940 941//941 942//942
f 943//943 944//944 945//945
f 946//946 947//947 948//948
f 949//949 950//950 951//951
f 952//952 953//953 954//954
f 955//955 956//956 957//957
f 958//958 959//959 960//960
f 961//961 962//962 963//963
f 964//964 965//965 966//966
f 967//967 968//968 969//969
f 970//970 971//971 972//972
f 973//973 974//974 975//975
f 976//976 977//977 978//978
f 979//979 980//980 981//981
f 982//982 983//983 984//984
f 985//985 986//986 987//987
f 988//988 989//989 990//990
f 991//991 992//992 993//993
f 994//994 995//995 996//996
f 997//997 998//998 999//999
f 1000//1000 1001//1001 1002//1002
f 1003//1003 1004//1004 1005//1005
f 1006//1006 1007//1007 1008//1008
f 1009//1009 1010//1010 1011//1011
f 1012//1012 1013//1013 1014//1014
f 1015//1015 1016//1016 1017//1017
f 1018//1018 1019//1019 1020//1020
f 1021//1021 1022//1022 1023//1023
f 1024//1024 1025//1025 1026//1026
f 1027//1027 1028//1028 1029//1029
f 1030//1030 1031//1031 1032//1032
f 1033//1033 1034//1034 1035//1035
f 1036//1036 1037//1037 1038//1038
f 1039//1039 1040//1040 1041//1041
f 1042//1042 1043//1043 1044//1044
f 1045//1045 1046//1046 1047//1047
f 1048//1048 1049//1049 1050//1050
f 1051//1051 1052//1052 1053//1053
f 1054//1054 1055//1055 1056//1056
f 1057//1057 1058//1058 1059//1059
f 1060//1060 1061//1061 1062//1062
f 1063//1063 1064//1064 1065//1065
f 1066//1066 1067//1067 1068//1068
f 1069//1069 1070//1070 1071//1071
f 1072//1072 1073//1073 1074//1074
f 1075//1075 1076//1076 1077//1077
f 1078//1078 1079//1079 1080//1080
f 1081//1081 1082//1082 1083//1083
f 1084//1084 1085//1085 1086//1086
f 1087//1087 1088//1088 1089//1089
f 1090//1090 1091//1091 1092//1092
f 1093//1093 1094//1094 1095//1095
f 1096//1096 1097//1097 1098//1098
f 1099//1099 1100//1100 1101//1101
f 1102//1102 1103//1103 1104//1104
f 1105//1105 1106//1106 1107//1107
f 1108//1108 1109//1109 1110//1110
f 1111//1111 1112//1112 1113//1113
f 1114//1114 1115//1115 1116//1116
f 1117//1117 1118//1118 1119//1119
f 1120//1120 1121//1121 1122//1122
f 1123//1123 1124//1124 1125//1125
f 1126//1126 1127//1127 1128//1128
f 1129//1129 1130//1130 1131//1131
f 1132//1132 1133//1133 1134//1134
f 1135//1135 1136//1136 1137//1137
f 1138//1138 1139//1139 1140//1140
f 1141//1141 1142//1142 1143//1143
f 1144//1144 1145//1145 1146//1146
f 1147//1147 1148//1148 1149//1149
f 1150//1150 1151//1151 1152//1152
f 1153//1153 1154//1154 1155//1155
f 1156//1156 1157//1157 1158//1158
f 1159//1159 1160//1160 1161//1161
f 1162//1162 1163//1163 1164//1164
f 1165//1165 1166//1166 1167//1167
f 1168//1168 1169//1169 1170//1170
f 1171//1171 1172//1172 1173//1173
f 1174//1174 1175//1175 1176//1176
f 1177//1177 1178//1178 1179//1179
f 1180//1180 1181//1181 1182//1182
f 1183//1183 1184//1184 1185//1185
f 1186//1186 1187//1187 1188//1188
f 1189//1189 1190//1190 1191//1191
f 1192//1192 1193//1193 1194//1194
f 1195//1195 1196//1196 1197//1197
f 1198//1198 1199//1199 1200//1200
f 1201//1201 1202//1202 1203//1203
f 1204//1204 1205//1205 1206//1206
f 1207//1207 1208//1208 1209//1209
f 1210//1210 1211//1211 1212//1212
f 1213//1213 1214//1214 1215//1215
f 1216//1216 1217//1217 1218//1218
f 1219//1219 1220//1220 1221//1221
f 1222//1222 1223//1223 1224//1224
f 1225//1225 1226//1226 1227//1227
f 1228//1228 1229//1229 1230//1230
f 1231//1231 1232//1232 1233//1233
f 1234//1234 1235//1235 1236//1236
f 1237//1237 1238//1238 1239//1239
f 1240//1240 1241//1241 1242//1242
f 1243//1243 1244//1244 1245//1245
f 1246//1246 1247//1247 1248//1248
f 1249//1249 1250//1250 1251//1251
f 1252//1252 1253//1253 1254//1254
f 1255//1255 1256//1256 1257//1257
f 1258//1258 1259//1259 1260//1260
f 1261//1261 1262//1262 1263//1263
f 1264//1264 1265//1265 1266//1266
f 1267//1267 1268//1268 1269//1269
f 1270//1270 1271//1271 1272//1272
f 1273//1273 1274//1274 1275//1275
f 1276//1276 1277//1277 1278//1278
f 1279//1279 1280//1280 1281//1281
f 1282//1282 1283//1283 1284//1284
f 1285//1285 1286//1286 1287//1287
f 1288//1288 1289//1289 1290//1290
f 1291//1291 1292//1292 1293//1293
f 1294//1294 1295//1295 1296//1296
f 1297//1297 1298//1298 1299//1299
f 1300//1300 1301//1301 1302//1302
f 1303//1303 1304//1304 1305//1305
f 1306//1306 1307//1307 1308//1308
f 1309//1309 1310//1310 1311//1311
f 1312//1312 1313//1313 1314//1314
f 1315//1315 1316//1316 1317//1317
f 1318//1318 1319//1319 1320//1320
f 1321//1321 1322//1322 1323//1323
f 1324//1324 1325//1325 1326//1326
f 1327//1327 1328//1328 1329//1329
f 1330//1330 1331//1331 1332//1332
f 1333//1333 1334//1334 1335//1335
f 1336//1336 1337//1337 1338//1338
f 1339//1339 1340//1340 1341//1341
f 1342//1342 1343//1343 1344//1344
f 1345//1345 1346//1346 1347//1347
f 1348//1348 1349//1349 1350//1350
f 1351//1351 1352//1352 1353//1353
f 1354//1354 1355//1355 1356//1356
f 1357//1357 1358//1358 1359//1359
f 1360//1360 1361//1361 1362//1362
f 1363//1363 1364//1364 1365//1365
f 1366//1366 1367//1367 1368//1368
f 1369//1369 1370//1370 1371//1371
f 1372//1372 1373//1373 1374//1374
f 1375//1375 1376//1376 1377//1377
f 1378//1378 1379//1379 1380//1380
f 1381//1381 1382//1382 1383//1383
f 1384//1384 1385//1385 1386//1386
f 1387//1387 1388//1388 1389//1389
f 1390//1390 1391//1391 1392//1392
f 1393//1393 1394//1394 1395//1395
f 1396//1396 1397//1397 1398//1398
f 1399//1399 1400//1400 1401//1401
f 1402//1402 1403//1403 1404//1404
f 1405//1405 1406//1406 1407//1407
f 1408//1408 1409//1409 1410//1410
f 1411//1411 1412//1412 1413//1413
f 1414//1414 1415//1415 1416//1416
f 1417//1417 1418//1418 1419//1419
f 1420//1420 1421//1421 1422//1422
f 1423//1423 1424//1424 1425//1425
f 1426//1426 1427//1427 1428//1428
f 1429//1429 1430//1430 1431//1431
f 1432//1432 1433//1433 1434//1434
f 1435//1435 1436//1436 1437//1437
f 1438//1438 1439//1439 1440//1440
f 1441//1441 1442//1442 1443//1443
f 1444//1444 1445//1445 1446//1446
f 1447//1447 1448//1448 1449//1449
f 1450//1450 1451//1451 1452//1452
f 1453//1453 1454//1454 1455//1455
f 1456//1456 1457//1457 1458//1458
f 1459//1459 1460//1460 1461//1461
f 1462//1462 1463//1463 1464//1464
f 1465//1465 1466//1466 1467//1467
f 1468//1468 1469//1469 1470//1470
f 1471//1471 1472//1472 1473//1473
f 1474//1474 1475//1475 1476//1476
f 1477//1477 1478//1478 1479//1479
f 1480//1480 1481//1481 1482//1482
f 1483//1483 1484//1484 1485//1485
f 1486//1486 1487//1487 1488//1488
f 1489//1489 1490//1490 1491//1491
f 1492//1492 1493//1493 1494//1494
f 1495//1495 1496//1496 1497//1497
f 1498//1498 1499//1499 1500//1500
f 1501//1501 1502//1502 1503//1503
f 1504//1504 1505//1505 1506//1506
f 1507//1507 1508//1508 1509//1509
f 1510//1510 1511//1511 1512//1512
f 1513//1513 1514//1514 1515//1515
f 1516//1516 1517//1517 1518//1518
f 1519//1519 1520//1520 1521//1521
f 1522//1522 1523//1523 1524//1524
f 1525//1525 1526//1526 1527//1527
f 1528//1528 1529//1529 1530//1530
f 1531//1531 1532//1532 1533//1533
f 1534//1534 1535//1535 1536//1536
f 1537//1537 1538//1538 1539//1539
f 1540//1540 1541//1541 1542//1542
f 1543//1543 1544//1544 1545//1545
f 1546//1546 1547//1547 1548//1548
f 1549//1549 1550//1550 1551//1551
f 1552//1552 1553//1553 1554//1554
f 1555//1555 1556//1556 1557//1557
f 1558//1558 1559//1559 1560//1560
f 1561//1561 1562//1562 1563//1563
f 1564//1564 1565//1565 1566//1566
f 1567//1567 1568//1568 1569//1569
f 1570//1570 1571//1571 1572//1572
f 1573//1573 1574//1574 1575//1575
f 1576//1576 1577//1577 1578//1578
f 1579//1579 1580//1580 1581//1581
f 1582//1582 1583//1583 1584//1584
f 1585//1585 1586//1586 1587//1587
f 1588//1588 1589//1589 1590//1590
f 1591//1591 1592//1592 1593//1593
f 1594//1594 1595//1595 1596//1596
f 1597//1597 1598//1598 1599//1599
f 1600//1600 1601//1601 1602//1602
f 1603//1603 1604//1604 1605//1605
f 1606//1606 1607//1607 1608//1608
f 1609//1609 1610//1610 1611//1611
f 1612//1612 1613//1613 1614//1614
f 1615//1615 1616//1616 1617//1617
f 1618//1618 1619//1619 1620//1620
f 1621//1621 1622//1622 1623//1623
f 1624//1624 1625//1625 1626//1626
f 1627//1627 1628//1628 1629//1629
f 1630//1630 1631//1631 1632//1632
f 1633//1633 1634//1634 1635//1635
f 1636//1636 1637//1637 1638//1638
f 1639//1639 1640//1640 1641//1641
f 1642//1642 1643//1643 1644//1644
f 1645//1645 1646//1646 1647//1647
f 1648//1648 1649//1649 1650//1650
f 1651//1651 1652//1652 1653//1653
f 1654//1654 1655//1655 1656//1656
f 1657//1657 1658//1658 1659//1659
f 1660//1660 1661//1661 1662//1662
f 1663//1663 1664//1664 1665//1665
f 1666//1666 1667//1667 1668//1668
f 1669//1669 1670//1670 1671//1671
f 1672//1672 1673//1673 1674//1674
f 1675//1675 1676//1676 1677//1677
f 1678//1678 1679//1679 1680//1680
f 1681//1681 1682//1682 1683//1683
f 1684//1684 1685//1685 1686//1686
f 1687//1687 1688//1688 1689//1689
f 1690//1690 1691//1691 1692//1692
f 1693//1693 1694//1694 1695//1695
f 1696//1696 1697//1697 1698//1698
f 1699//1699 1700//1700 1701//1701
f 1702//1702 1703//1703 1704//1704
f 1705//1705 1706//1706 1707//1707
f 1708//1708 1709//1709 1710//1710
f 1711//1711 1712//1712 1713//1713
f 1714//1714 1715//1715 1716//1716
f 1717//1717 1718//1718 1719//1719
f 1720//1720 1721//1721 1722//1722
f 1723//1723 1724//1724 1725//1725
f 1726//1726 1727//1727 1728//1728
f 1729//1729 1730//1730 1731//1731
f 1732//1732 1733//1733 1734//1734
f 1735//1735 1736//1736 1737//1737
f 1738//1738 1739//1739 1740//1740
f 1741//1741 1742//1742 1743//1743
f 1744//1744 1745//1745 1746//1746
f 1747//1747 1748//1748 1749//1749
f 1750//1750 1751//1751 1752//1752
f 1753//1753 1754//1754 1755//1755
f 1756//1756 1757//1757 1758//1758
f 1759//1759 1760//1760 1761//1761
f 1762//1762 1763//1763 1764//1764
f 1765//1765 1766//1766 1767//1767
f 1768//1768 1769//1769 1770//1770
f 1771//1771 1772//1772 1773//1773
f 1774//1774 1775//1775 1776//1776
f 1777//1777 1778//1778 1779//1779
f 1780//1780 1781//1781 1782//1782
f 1783//1783 1784//1784 1785//1785
f 1786//1786 1787//1787 1788//1788
f 1789//1789 1790//1790 1791//1791
f 1792//1792 1793//1793 1794//1794
f 1795//1795 1796//1796 1797//1797
f 1798//1798 1799//1799 1800//1800
f 1801//1801 1802//1802 1803//1803
f 1804//1804 1805//1805 1806//1806
f 1807//1807 1808//1808 1809//1809
f 1810//1810 1811//1811 1812//1812
f 1813//1813 1814//1814 1815//1815
f 1816//1816 1817//1817 1818//1818
f 1819//1819 1820//1820 1821//1821
f 1822//1822 1823//1823 1824//1824
f 1825//1825 1826//1826 1827//1827
f 1828//1828 1829//1829 1830//1830
f 1831//1831 1832//1832 1833//1833
f 1834//1834 1835//1835 1836//1836
f 1837//1837 1838//1838 1839//1839
f 1840//1840 1841//1841 1842//1842
f 1843//1843 1844//1844 1845//1845
f 1846//1846 1847//1847 1848//1848
f 1849//1849 1850//1850 1851//1851
f 1852//1852 1853//1853 1854//1854
f 1855//1855 1856//1856 1857//1857
f 1858//1858 1859//1859 1860//1860
f 1861//1861 1862//1862 1863//1863
f 1864//1864 1865//1865 1866//1866
f 1867//1867 1868//1868 1869//1869
f 1870//1870 1871//1871 1872//1872
f 1873//1873 1874//1874 1875//1875
f 1876//1876 1877//1877 1878//1878
f 1879//1879 1880//1880 1881//1881
f 1882//1882 1883//1883 1884//1884
f 1885//1885 1886//1886 1887//1887
f 1888//1888 1889//1889 1890//1890
f 1891//1891 1892//1892 1893//1893
f 1894//1894 1895//1895 1896//1896
f 1897//1897 1898//1898 1899//1899
f 1900//1900 1901//1901 1902//1902
f 1903//1903 1904//1904 1905//1905
f 1906//1906 1907//1907 1908//1908
f 1909//1909 1910//1910 1911//1911
f 1912//1912 1913//1913 1914//1914
f 1915//1915 1916//1916 1917//1917
f 1918//1918 1919//1919 1920//1920
f 1921//1921 1922//1922 1923//1923
f 1924//1924 1925//1925 1926//1926
f 1927//1927 1928//1928 1929//1929
f 1930//1930 1931//1931 1932//1932
f 1933//1933 1934//1934 1935//1935
f 1936//1936 1937//1937 1938//1938
f 1939//1939 1940//1940 1941//1941
f 1942//1942 1943//1943 1944//1944
f 1945//1945 1946//1946 1947//1947
f 1948//1948 1949//1949 1950//1950
f 1951//1951 1952//1952 1953//1953
f 1954//1954 1955//1955 1956//1956
f 1957//1957 1958//1958 1959//1959
f 1960//1960 1961//1961 1962//1962
f 1963//1963 1964//1964 1965//1965
f 1966//1966 1967//1967 1968//1968
f 1969//1969 1970//1970 1971//1971
f 1972//1972 1973//1973 1974//1974
f 1975//1975 1976//1976 1977//1977
f 1978//1978 1979//1979 1980//1980
f 1981//1981 1982//1982 1983//1983
f 1984//1984 1985//1985 1986//1986
f 1987//1987 1988//1988 1989//1989
f 1990//1990 1991//1991 1992//1992
f 1993//1993 1994//1994 1995//1995
f 1996//1996 1997//1997 1998//1998
f 1999//1999 2000//2000 2001//2001
f 2002//2002 2003//2003 2004//2004
f 2005//2005 2006//2006 2007//2007
f 2008//2008 2009//2009 2010//2010
f 2011//2011 2012//2012 2013//2013
f 2014//2014 2015//2015 2016//2016
f 2017//2017 2018//2018 2019//2019
f 2020//2020 2021//2021 2022//2022
f 2023//2023 2024//2024 2025//2025
f 2026//2026 2027//2027 2028//2028
f 2029//2029 2030//2030 2031//2031
f 2032//2032 2033//2033 2034//2034
f 2035//2035 2036//2036 2037//2037
f 2038//2038 2039//2039 2040//2040
f 2041//2041 2042//2042 2043//2043
f 2044//2044 2045//2045 2046//2046
f 2047//2047 2048//2048 2049//2049
f 2050//2050 2051//2051 2052//2052
f 2053//2053 2054//2054 2055//2055
f 2056//2056 2057//2057 2058//2058
f 2059//2059 2060//2060 2061//2061
f 2062//2062 2063//2063 2064//2064
f 2065//2065 2066//2066 2067//2067
f 2068//2068 2069//2069 2070//2070
f 2071//2071 2072//2072 2073//2073
f 2074//2074 2075//2075 2076//2076
f 2077//2077 2078//2078 2079//2079
f 2080//2080 2081//2081 2082//2082
f 2083//2083 2084//2084 2085//2085
f 2086//2086 2087//2087 2088//2088
f 2089//2089 2090//2090 2091//2091
f 2092//2092 2093//2093 2094//2094
f 2095//2095 2096//2096 2097//2097
f 2098//2098 2099//2099 2100//2100
f 2101//2101 2102//2102 2103//2103
f 2104//2104 2105//2105 2106//2106
f 2107//2107 2108//2108 2109//2109
f 2110//2110 2111//2111 2112//2112
f 2113//2113 2114//2114 2115//2115
f 2116//2116 2117//2117 2118//2118
f 2119//2119 2120//2120 2121//2121
f 2122//2122 2123//2123 2124//2124
f 2125//2125 2126//2126 2127//2127
f 2128//2128 2129//2129 2130//2130
f 2131//2131 2132//2132 2133//2133
f 2134//2134 2135//2135 2136//2136
f 2137//2137 2138//2138 2139//2139
f 2140//2140 2141//2141 2142//2142
f 2143//2143 2144//2144 2145//2145
f 2146//2146 2147//2147 2148//2148
f 2149//2149 2150//2150 2151//2151
f 2152//2152 2153//2153 2154//2154
f 2155//2155 2156//2156 2157//2157
f 2158//2158 2159//2159 2160//2160
f 2161//2161 2162//2162 2163//2163
f 2164//2164 2165//2165 2166//2166
f 2167//2167 2168//2168 2169//2169
f 2170//2170 2171//2171 2172//2172
f 2173//2173 2174//2174 2175//2175
f 2176//2176 2177//2177 2178//2178
f 2179//2179 2180//2180 2181//2181
f 2182//2182 2183//2183 2184//2184
f 2185//2185 2186//2186 2187//2187
f 2188//2188 2189//2189 2190//2190
f 2191//2191 2192//2192 2193//2193
f 2194//2194 2195//2195 2196//2196
f 2197//2197 2198//2198 2199//2199
f 2200//2200 2201//2201 2202//2202
f 2203//2203 2204//2204 2205//2205
f 2206//2206 2207//2207 2208//2208
f 2209//2209 2210//2210 2211//2211
f 2212//2212 2213//2213 2214//2214
f 2215//2215 2216//2216 2217//2217
f 2218//2218 2219//2219 2220//2220
f 2221//2221 2222//2222 2223//2223
f 2224//2224 2225//2225 2226//2226
f 2227//2227 2228//2228 2229//2229
f 2230//2230 2231//2231 2232//2232
f 2233//2233 2234//2234 2235//2235
f 2236//2236 2237//2237 2238//2238
f 2239//2239 2240//2240 2241//2241
f 2242//2242 2243//2243 2244//2244
f 2245//2245 2246//2246 2247//2247
f 2248//2248 2249//2249 2250//2250
f 2251//2251 2252//2252 2253//2253
f 2254//2254 2255//2255 2256//2256
f 2257//2257 2258//2258 2259//2259
f 2260//2260 2261//2261 2262//2262
f 2263//2263 2264//2264 2265//2265
f 2266//2266 2267//2267 2268//2268
f 2269//2269 2270//2270 2271//2271
f 2272//2272 2273//2273 2274//2274
f 2275//2275 2276//2276 2277//2277
f 2278//2278 2279//2279 2280//2280
f 2281//2281 2282//2282 2283//2283
f 2284//2284 2285//2285 2286//2286
f 2287//2287 2288//2288 2289//2289
f 2290//2290 2291//2291 2292//2292
f 2293//2293 2294//2294 2295//2295
f 2296//2296 2297//2297 2298//2298
f 2299//2299 2300//2300 2301//2301
f 2302//2302 2303//2303 2304//2304
f 2305//2305 2306//2306 2307//2307
f 2308//2308 2309//2309 2310//2310
f 2311//2311 2312//2312 2313//2313
f 2314//2314 2315//2315 2316//2316
f 2317//2317 2318//2318 2319//2319
f 2320//2320 2321//2321 2322//2322
f 2323//2323 2324//2324 2325//2325
f 2326//2326 2327//2327 2328//2328
f 2329//2329 2330//2330 2331//2331
f 2332//2332 2333//2333 2334//2334
f 2335//2335 2336//2336 2337//2337
f 2338//2338 2339//2339 2340//2340
f 2341//2341 2342//2342 2343//2343
f 2344//2344 2345//2345 2346//2346
f 2347//2347 2348//2348 2349//2349
f 2350//2350 2351//2351 2352//2352
f 2353//2353 2354//2354 2355//2355
f 2356//2356 2357//2357 2358//2358
f 2359//2359 2360//2360 2361//2361
f 2362//2362 2363//2363 2364//2364
f 2365//2365 2366//2366 2367//2367
f 2368//2368 2369//2369 2370//2370
f 2371//2371 2372//2372 2373//2373
f 2374//2374 2375//2375 2376//2376
f 2377//2377 2378//2378 2379//2379
f 2380//2380 2381//2381 2382//2382
f 2383//2383 2384//2384 2385//2385
f 2386//2386 2387//2387 2388//2388
f 2389//2389 2390//2390 2391//2391
f 2392//2392 2393//2393 2394//2394
f 2395//2395 2396//2396 2397//2397
f 2398//2398 2399//2399 2400//2400
f 2401//2401 2402//2402 2403//2403
f 2404//2404 2405//2405 2406//2406
f 2407//2407 2408//2408 2409//2409
f 2410//2410 2411//2411 2412//2412
f 2413//2413 2414//2414 2415//2415
f 2416//2416 2417//2417 2418//2418
f 2419//2419 2420//2420 2421//2421
f 2422//2422 2423//2423 2424//2424
f 2425//2425 2426//2426 2427//2427
f 2428//2428 2429//2429 2430//2430
f 2431//2431 2432//2432 2433//2433
f 2434//2434 2435//2435 2436//2436
f 2437//2437 2438//2438 2439//2439
f 2440//2440 2441//2441 2442//2442
f 2443//2443 2444//2444 2445//2445
f 2446//2446 2447//2447 2448//2448
f 2449//2449 2450//2450 2451//2451
f 2452//2452 2453//2453 2454//2454
f 2455//2455 2456//2456 2457//2457
f 2458//2458 2459//2459 2460//2460
f 2461//2461 2462//2462 2463//2463
f 2464//2464 2465//2465 2466//2466
f 2467//2467 2468//2468 2469//2469
f 2470//2470 2471//2471 2472//2472
f 2473//2473 2474//2474 2475//2475
f 2476//2476 2477//2477 2478//2478
f 2479//2479 2480//2480 2481//2481
f 2482//2482 2483//2483 2484//2484
f 2485//2485 2486//2486 2487//2487
f 2488//2488 2489//2489 2490//2490
f 2491//2491 2492//2492 2493//2493
f 2494//2494 2495//2495 2496//2496
f 2497//2497 2498//2498 2499//2499
f 2500//2500 2501//2501 2502//2502
f 2503//2503 2504//2504 2505//2505
f 2506//2506 2507//2507 2508//2508
f 2509//2509 2510//2510 2511//2511
f 2512//2512 2513//2513 2514//2514
f 2515//2515 2516//2516 2517//2517
f 2518//2518 2519//2519 2520//2520
f 2521//2521 2522//2522 2523//2523
f 2524//2524 2525//2525 2526//2526
f 2527//2527 2528//2528 2529//2529
f 2530//2530 2531//2531 2532//2532
f 2533//2533 2534//2534 2535//2535
f 2536//2536 2537//2537 2538//2538
f 2539//2539 2540//2540 2541//2541
f 2542//2542 2543//2543 2544//2544
f 2545//2545 2546//2546 2547//2547
f 2548//2548 2549//2549 2550//2550
f 2551//2551 2552//2552 2553//2553
f 2554//2554 2555//2555 2556//2556
f 2557//2557 2558//2558 2559//2559
f 2560//2560 2561//2561 2562//2562
f 2563//2563 2564//2564 2565//2565
f 2566//2566 2567//2567 2568//2568
f 2569//2569 2570//2570 2571//2571
f 2572//2572 2573//2573 2574//2574
f 2575//2575 2576//2576 2577//2577
f 2578//2578 2579//2579 2580//2580
f 2581//2581 2582//2582 2583//2583
f 2584//2584 2585//2585 2586//2586
f 2587//2587 2588//2588 2589//2589
f 2590//2590 2591//2591 2592//2592
f 2593//2593 2594//2594 2595//2595
f 2596//2596 2597//2597 2598//2598
f 2599//2599 2600//2600 2601//2601
f 2602//2602 2603//2603 2604//2604
f 2605//2605 2606//2606 2607//2607
f 2608//2608 2609//2609 2610//2610
f 2611//2611 2612//2612 2613//2613
f 2614//2614 2615//2615 2616//2616
f 2617//2617 2618//2618 2619//2619
f 2620//2620 2621//2621 2622//2622
f 2623//2623 2624//2624 2625//2625
f 2626//2626 2627//2627 2628//2628
f 2629//2629 2630//2630 2631//2631
f 2632//2632 2633//2633 2634//2634
f 2635//2635 2636//2636 2637//2637
f 2638//2638 2639//2639 2640//2640
f 2641//2641 2642//2642 2643//2643
f 2644//2644 2645//2645 2646//2646
f 2647//2647 2648//2648 2649//2649
f 2650//2650 2651//2651 2652//2652
f 2653//2653 2654//2654 2655//2655
f 2656//2656 2657//2657 2658//2658
f 2659//2659 2660//2660 2661//2661
f 2662//2662 2663//2663 2664//2664
f 2665//2665 2666//2666 2667//2667
f 2668//2668 2669//2669 2670//2670
f 2671//2671 2672//2672 2673//2673
f 2674//2674 2675//2675 2676//2676
f 2677//2677 2678//2678 2679//2679
f 2680//2680 2681//2681 2682//2682
f 2683//2683 2684//2684 2685//2685
f 2686//2686 2687//2687 2688//2688
f 2689//2689 2690//2690 2691//2691
f 2692//2692 2693//2693 2694//2694
f 2695//2695 2696//2696 2697//2697
f 2698//2698 2699//2699 2700//2700
f 2701//2701 2702//2702 2703//2703
f 2704//2704 2705//2705 2706//2706
f 2707//2707 2708//2708 2709//2709
f 2710//2710 2711//2711 2712//2712
f 2713//2713 2714//2714 2715//2715
f 2716//2716 2717//2717 2718//2718
f 2719//2719 2720//2720 2721//2721
f 2722//2722 2723//2723 2724//2724
f 2725//2725 2726//2726 2727//2727
f 2728//2728 2729//2729 2730//2730
f 2731//2731 2732//2732 2733//2733
f 2734//2734 2735//2735 2736//2736
f 2737//2737 2738//2738 2739//2739
f 2740//2740 2741//2741 2742//2742
f 2743//2743 2744//2744 2745//2745
f 2746//2746 2747//2747 2748//2748
f 2749//2749 2750//2750 2751//2751
f 2752//2752 2753//2753 2754//2754
f 2755//2755 2756//2756 2757//2757
f 2758//2758 2759//2759 2760//2760
f 2761//2761 2762//2762 2763//2763
f 2764//2764 2765//2765 2766//2766
f 2767//2767 2768//2768 2769//2769
f 2770//2770 2771//2771 2772//2772
f 2773//2773 2774//2774 2775//2775
f 2776//2776 2777//2777 2778//2778
f 2779//2779 2780//2780 2781//2781
f 2782//2782 2783//2783 2784//2784
f 2785//2785 2786//2786 2787//2787
f 2788//2788 2789//2789 2790//2790
f 2791//2791 2792//2792 2793//2793
f 2794//2794 2795//2795 2796//2796
f 2797//2797 2798//2798 2799//2799
f 2800//2800 2801//2801 2802//2802
f 2803//2803 2804//2804 2805//2805
f 2806//2806 2807//2807 2808//2808
f 2809//2809 2810//2810 2811//2811
f 2812//2812 2813//2813 2814//2814
f 2815//2815 2816//2816 2817//2817
f 2818//2818 2819//2819 2820//2820
f 2821//2821 2822//2822 2823//2823
f 2824//2824 2825//2825 2826//2826
f 2827//2827 2828//2828 2829//2829
f 2830//2830 2831//2831 2832//2832
f 2833//2833 2834//2834 2835//2835
f 2836//2836 2837//2837 2838//2838
f 2839//2839 2840//2840 2841//2841
f 2842//2842 2843//2843 2844//2844
f 2845//2845 2846//2846 2847//2847
f 2848//2848 2849//2849 2850//2850
f 2851//2851 2852//2852 2853//2853
f 2854//2854 2855//2855 2856//2856
f 2857//2857 2858//2858 2859//2859
f 2860//2860 2861//2861 2862//2862
f 2863//2863 2864//2864 2865//2865
f 2866//2866 2867//2867 2868//2868
f 2869//2869 2870//2870 2871//2871
f 2872//2872 2873//2873 2874//2874
f 2875//2875 2876//2876 2877//2877
f 2878//2878 2879//2879 2880//2880
f 2881//2881 2882//2882 2883//2883
f 2884//2884 2885//2885 2886//2886
f 2887//2887 2888//2888 2889//2889
f 2890//2890 2891//2891 2892//2892
f 2893//2893 2894//2894 2895//2895
f 2896//2896 2897//2897 2898//2898
f 2899//2899 2900//2900 2901//2901
f 2902//2902 2903//2903 2904//2904
f 2905//2905 2906//2906 2907//2907
f 2908//2908 2909//2909 2910//2910
f 2911//2911 2912//2912 2913//2913
f 2914//2914 2915//2915 2916//2916
f 2917//2917 2918//2918 2919//2919
f 2920//2920 2921//2921 2922//2922
f 2923//2923 2924//2924 2925//2925
f 2926//2926 2927//2927 2928//2928
f 2929//2929 2930//2930 2931//2931
f 2932//2932 2933//2933 2934//2934
f 2935//2935 2936//2936 2937//2937
f 2938//2938 2939//2939 2940//2940
f 2941//2941 2942//2942 2943//2943
f 2944//2944 2945//2945 2946//2946
f 2947//2947 2948//2948 2949//2949
f 2950//2950 2951//2951 2952//2952
f 2953//2953 2954//2954 2955//2955
f 2956//2956 2957//2957 2958//2958
f 2959//2959 2960//2960 2961//2961
f 2962//2962 2963//2963 2964//2964
f 2965//2965 2966//2966 2967//2967
f 2968//2968 2969//2969 2970//2970
f 2971//2971 2972//2972 2973//2973
f 2974//2974 2975//2975 2976//2976
f 2977//2977 2978//2978 2979//2979
f 2980//2980 2981//2981 2982//2982
f 2983//2983 2984//2984 2985//2985
f 2986//2986 2987//2987 2988//2988
f 2989//2989 2990//2990 2991//2991
f 2992//2992 2993//2993 2994//2994
f 2995//2995 2996//2996 2997//2997
f 2998//2998 2999//2999 3000//3000
f 3001//3001 3002//3002 3003//3003
f 3004//3004 3005//3005 3006//3006
f 3007//3007 3008//3008 3009//3009
f 3010//3010 3011//3011 3012//3012
f 3013//3013 3014//3014 3015//3015
f 3016//3016 3017//3017 3018//3018
f 3019//3019 3020//3020 3021//3021
f 3022//3022 3023//3023 3024//3024
f 3025//3025 3026//3026 3027//3027
f 3028//3028 3029//3029 3030//3030
f 3031//3031 3032//3032 3033//3033
f 3034//3034 3035//3035 3036//3036
f 3037//3037 3038//3038 3039//3039
f 3040//3040 3041//3041 3042//3042
f 3043//3043 3044//3044 3045//3045
f 3046//3046 3047//3047 3048//3048
f 3049//3049 3050//3050 3051//3051
f 3052//3052 3053//3053 3054//3054
f 3055//3055 3056//3056 3057//3057
f 3058//3058 3059//3059 3060//3060
f 3061//3061 3062//3062 3063//3063
f 3064//3064 3065//3065 3066//3066
f 3067//3067 3068//3068 3069//3069
f 3070//3070 3071//3071 3072//3072
f 3073//3073 3074//3074 3075//3075
f 3076//3076 3077//3077 3078//3078
f 3079//3079 3080//3080 3081//3081
f 3082//3082 3083//3083 3084//3084
f 3085//3085 3086//3086 3087//3087
f 3088//3088 3089//3089 3090//3090
f 3091//3091 3092//3092 3093//3093
f 3094//3094 3095//3095 3096//3096
f 3097//3097 3098//3098 3099//3099
f 3100//3100 3101//3101 3102//3102
f 3103//3103 3104//3104 3105//3105
f 3106//3106 3107//3107 3108//3108
f 3109//3109 3110//3110 3111//3111
f 3112//3112 3113//3113 3114//3114
f 3115//3115 3116//3116 3117//3117
f 3118//3118 3119//3119 3120//3120
f 3121//3121 3122//3122 3123//3123
f 3124//3124 3125//3125 3126//3126
f 3127//3127 3128//3128 3129//3129
f 3130//3130 3131//3131 3132//3132
f 3133//3133 3134//3134 3135//3135
f 3136//3136 3137//3137 3138//3138
f 3139//3139 3140//3140 3141//3141
f 3142//3142 3143//3143 3144//3144
f 3145//3145 3146//3146 3147//3147
f 3148//3148 3149//3149 3150//3150
f 3151//3151 3152//3152 3153//3153
f 3154//3154 3155//3155 3156//3156
f 3157//3157 3158//3158 3159//3159
f 3160//3160 3161//3161 3162//3162
f 3163//3163 3164//3164 3165//3165
f 3166//3166 3167//3167 3168//3168
f 3169//3169 3170//3170 3171//3171
f 3172//3172 3173//3173 3174//3174
f 3175//3175 3176//3176 3177//3177
f 3178//3178 3179//3179 3180//3180
f 3181//3181 3182//3182 3183//3183
f 3184//3184 3185//3185 3186//3186
f 3187//3187 3188//3188 3189//3189
f 3190//3190 3191//3191 3192//3192
f 3193//3193 3194//3194 3195//3195
f 3196//3196 3197//3197 3198//3198
f 3199//3199 3200//3200 3201//3201
f 3202//3202 3203//3203 3204//3204
f 3205//3205 3206//3206 3207//3207
f 3208//3208 3209//3209 3210//3210
f 3211//3211 3212//3212 3213//3213
f 3214//3214 3215//3215 3216//3216
f 3217//3217 3218//3218 3219//3219
f 3220//3220 3221//3221 3222//3222
f 3223//3223 3224//3224 3225//3225
f 3226//3226 3227//3227 3228//3228
f 3229//3229 3230//3230 3231//3231
f 3232//3232 3233//3233 3234//3234
f 3235//3235 3236//3236 3237//3237
f 3238//3238 3239//3239 3240//3240
f 3241//3241 3242//3242 3243//3243
f 3244//3244 3245//3245 3246//3246
f 3247//3247 3248//3248 3249//3249
f 3250//3250 3251//3251 3252//3252
f 3253//3253 3254//3254 3255//3255
f 3256//3256 3257//3257 3258//3258
f 3259//3259 3260//3260 3261//3261
f 3262//3262 3263//3263 3264//3264
f 3265//3265 3266//3266 3267//3267
f 3268//3268 3269//3269 3270//3270
f 3271//3271 3272//3272 3273//3273
f 3274//3274 3275//3275 3276//3276
f 3277//3277 3278//3278 3279//3279
f 3280//3280 3281//3281 3282//3282
f 3283//3283 3284//3284 3285//3285
f 3286//3286 3287//3287 3288//3288
f 3289//3289 3290//3290 3291//3291
f 3292//3292 3293//3293 3294//3294
f 3295//3295 3296//3296 3297//3297
f 3298//3298 3299//3299 3300//3300
f 3301//3301 3302//3302 3303//3303
f 3304//3304 3305//3305 3306//3306
f 3307//3307 3308//3308 3309//3309
f 3310//3310 3311//3311 3312//3312
f 3313//3313 3314//3314 3315//3315
f 3316//3316 3317//3317 3318//3318
f 3319//3319 3320//3320 3321//3321
f 3322//3322 3323//3323 3324//3324
f 3325//3325 3326//3326 3327//3327
f 3328//3328 3329//3329 3330//3330
f 3331//3331 3332//3332 3333//3333
f 3334//3334 3335//3335 3336//3336
f 3337//3337 3338//3338 3339//3339
f 3340//3340 3341//3341 3342//3342
f 3343//3343 3344//3344 3345//3345
f 3346//3346 3347//3347 3348//3348
f 3349//3349 3350//3350 3351//3351
f 3352//3352 3353//3353 3354//3354
f 3355//3355 3356//3356 3357//3357
f 3358//3358 3359//3359 3360//3360
f 3361//3361 3362//3362 3363//3363
f 3364//3364 3365//3365 3366//3366
f 3367//3367 3368//3368 3369//3369
f 3370//3370 3371//3371 3372//3372
f 3373//3373 3374//3374 3375//3375
f 3376//3376 3377//3377 3378//3378
f 3379//3379 3380//3380 3381//3381
f 3382//3382 3383//3383 3384//3384
f 3385//3385 3386//3386 3387//3387
f 3388//3388 3389//3389 3390//3390
f 3391//3391 3392//3392 3393//3393
f 3394//3394 3395//3395 3396//3396
f 3397//3397 3398//3398 3399//3399
f 3400//3400 3401//3401 3402//3402
f 3403//3403 3404//3404 3405//3405
f 3406//3406 3407//3407 3408//3408
f 3409//3409 3410//3410 3411//3411
f 3412//3412 3413//3413 3414//3414
f 3415//3415 3416//3416 3417//3417
f 3418//3418 3419//3419 3420//3420
f 3421//3421 3422//3422 3423//3423
f 3424//3424 3425//3425 3426//3426
f 3427//3427 3428//3428 3429//3429
f 3430//3430 3431//3431 3432//3432
f 3433//3433 3434//3434 3435//3435
f 3436//3436 3437//3437 3438//3438
f 3439//3439 3440//3440 3441//3441
f 3442//3442 3443//3443 3444//3444
f 3445//3445 3446//3446 3447//3447
f 3448//3448 3449//3449 3450//3450
f 3451//3451 3452//3452 3453//3453
f 3454//3454 3455//3455 3456//3456
f 3457//3457 3458//3458 3459//3459
f 3460//3460 3461//3461 3462//3462
f 3463//3463 3464//3464 3465//3465
f 3466//3466 3467//3467 3468//3468
f 3469//3469 3470//3470 3471//3471
f 3472//3472 3473//3473 3474//3474
f 3475//3475 3476//3476 3477//3477
f 3478//3478 3479//3479 3480//3480
f 3481//3481 3482//3482 3483//3483
f 3484//3484 3485//3485 3486//3486
f 3487//3487 3488//3488 3489//3489
f 3490//3490 3491//3491 3492//3492
f 3493//3493 3494//3494 3495//3495
f 3496//3496 3497//3497 3498//3498
f 3499//3499 3500//3500 3501//3501
f 3502//3502 3503//3503 3504//3504
f 3505//3505 3506//3506 3507//3507
f 3508//3508 3509//3509 3510//3510
f 3511//3511 3512//3512 3513//3513
f 3514//3514 3515//3515 3516//3516
f 3517//3517 3518//3518 3519//3519
f 3520//3520 3521//3521 3522//3522
f 3523//3523 3524//3524 3525//3525
f 3526//3526 3527//3527 3528//3528
f 3529//3529 3530//3530 3531//3531
f 3532//3532 3533//3533 3534//3534
f 3535//3535 3536//3536 3537//3537
f 3538//3538 3539//3539 3540//3540
f 3541//3541 3542//3542 3543//3543
f 3544//3544 3545//3545 3546//3546
f 3547//3547 3548//3548 3549//3549
f 3550//3550 3551//3551 3552//3552
f 3553//3553 3554//3554 3555//3555
f 3556//3556 3557//3557 3558//3558
f 3559//3559 3560//3560 3561//3561
f 3562//3562 3563//3563 3564//3564
f 3565//3565 3566//3566 3567//3567
f 3568//3568 3569//3569 3570//3570
f 3571//3571 3572//3572 3573//3573
f 3574//3574 3575//3575 3576//3576
f 3577//3577 3578//3578 3579//3579
f 3580//3580 3581//3581 3582//3582
f 3583//3583 3584//3584 3585//3585
f 3586//3586 3587//3587 3588//3588
f 3589//3589 3590//3590 3591//3591
f 3592//3592 3593//3593 3594//3594
f 3595//3595 3596//3596 3597//3597
f 3598//3598 3599//3599 3600//3600
f 3601//3601 3602//3602 3603//3603
f 3604//3604 3605//3605 3606//3606
f 3607//3607 3608//3608 3609//3609
f 3610//3610 3611//3611 3612//3612
f 3613//3613 3614//3614 3615//3615
f 3616//3616 3617//3617 3618//3618
f 3619//3619 3620//3620 3621//3621
f 3622//3622 3623//3623 3624//3624
f 3625//3625 3626//3626 3627//3627
f 3628//3628 3629//3629 3630//3630
f 3631//3631 3632//3632 3633//3633
f 3634//3634 3635//3635 3636//3636
f 3637//3637 3638//3638 3639//3639
f 3640//3640 3641//3641 3642//3642
f 3643//3643 3644//3644 3645//3645
f 3646//3646 3647//3647 3648//3648
f 3649//3649 3650//3650 3651//3651
f 3652//3652 3653//3653 3654//3654
f 3655//3655 3656//3656 3657//3657
f 3658//3658 3659//3659 3660//3660
f 3661//3661 3662//3662 3663//3663
f 3664//3664 3665//3665 3666//3666
f 3667//3667 3668//3668 3669//3669
f 3670//3670 3671//3671 3672//3672
f 3673//3673 3674//3674 3675//3675
f 3676//3676 3677//3677 3678//3678
f 3679//3679 3680//3680 3681//3681
f 3682//3682 3683//3683 3684//3684
f 3685//3685 3686//3686 3687//3687
f 3688//3688 3689//3689 3690//3690
f 3691//3691 3692//3692 3693//3693
f 3694//3694 3695//3695 3696//3696
f 3697//3697 3698//3698 3699//3699
f 3700//3700 3701//3701 3702//3702
f 3703//3703 3704//3704 3705//3705
f 3706//3706 3707//3707 3708//3708
f 3709//3709 3710//3710 3711//3711
f 3712//3712 3713//3713 3714//3714
f 3715//3715 3716//3716 3717//3717
f 3718//3718 3719//3719 3720//3720
f 3721//3721 3722//3722 3723//3723
f 3724//3724 3725//3725 3726//3726
f 3727//3727 3728//3728 3729//3729
f 3730//3730 3731//3731 3732//3732
f 3733//3733 3734//3734 3735//3735
f 3736//3736 3737//3737 3738//3738
f 3739//3739 3740//3740 3741//3741
f 3742//3742 3743//3743 3744//3744
f 3745//3745 3746//3746 3747//3747
f 3748//3748 3749//3749 3750//3750
f 3751//3751 3752//3752 3753//3753
f 3754//3754 3755//3755 3756//3756
f 3757//3757 3758//3758 3759//3759
f 3760//3760 3761//3761 3762//3762
f 3763//3763 3764//3764 3765//3765
f 3766//3766 3767//3767 3768//3768
f 3769//3769 3770//3770 3771//3771
f 3772//3772 3773//3773 3774//3774
f 3775//3775 3776//3776 3777//3777
f 3778//3778 3779//3779 3780//3780
f 3781//3781 3782//3782 3783//3783
f 3784//3784 3785//3785 3786//3786
f 3787//3787 3788//3788 3789//3789
f 3790//3790 3791//3791 3792//3792
f 3793//3793 3794//3794 3795//3795
f 3796//3796 3797//3797 3798//3798
f 3799//3799 3800//3800 3801//3801
f 3802//3802 3803//3803 3804//3804
f 3805//3805 3806//3806 3807//3807
f 3808//3808 3809//3809 3810//3810
f 3811//3811 3812//3812 3813//3813
f 3814//3814 3815//3815 3816//3816
f 3817//3817 3818//3818 3819//3819
f 3820//3820 3821//3821 3822//3822
f 3823//3823 3824//3824 3825//3825
f 3826//3826 3827//3827 3828//3828
f 3829//3829 3830//3830 3831//3831
f 3832//3832 3833//3833 3834//3834
f 3835//3835 3836//3836 3837//3837
f 3838//3838 3839//3839 3840//3840
f 3841//3841 3842//3842 3843//3843
f 3844//3844 3845//3845 3846//3846
f 3847//3847 3848//3848 3849//3849
f 3850//3850 3851//3851 3852//3852
f 3853//3853 3854//3854 3855//3855
f 3856//3856 3857//3857 3858//3858
f 3859//3859 3860//3860 3861//3861
f 3862//3862 3863//3863 3864//3864
f 3865//3865 3866//3866 3867//3867
f 3868//3868 3869//3869 3870//3870
f 3871//3871 3872//3872 3873//3873
f 3874//3874 3875//3875 3876//3876
f 3877//3877 3878//3878 3879//3879
f 3880//3880 3881//3881 3882//3882
f 3883//3883 3884//3884 3885//3885
f 3886//3886 3887//3887 3888//3888
f 3889//3889 3890//3890 3891//3891
f 3892//3892 3893//3893 3894//3894
f 3895//3895 3896//3896 3897//3897
f 3898//3898 3899//3899 3900//3900
f 3901//3901 3902//3902 3903//3903
f 3904//3904 3905//3905 3906//3906
f 3907//3907 3908//3908 3909//3909
f 3910//3910 3911//3911 3912//3912
f 3913//3913 3914//3914 3915//3915
f 3916//3916 3917//3917 3918//3918
f 3919//3919 3920//3920 3921//3921
f 3922//3922 3923//3923 3924//3924
f 3925//3925 3926//3926 3927//3927
f 3928//3928 3929//3929 3930//3930
f 3931//3931 3932//3932 3933//3933
f 3934//3934 3935//3935 3936//3936
f 3937//3937 3938//3938 3939//3939
f 3940//3940 3941//3941 3942//3942
f 3943//3943 3944//3944 3945//3945
f 3946//3946 3947//3947 3948//3948
f 3949//3949 3950//3950 3951//3951
f 3952//3952 3953//3953 3954//3954
f 3955//3955 3956//3956 3957//3957
f 3958//3958 3959//3959 3960//3960
f 3961//3961 3962//3962 3963//3963
f 3964//3964 3965//3965 3966//3966
f 3967//3967 3968//3968 3969//3969
f 3970//3970 3971//3971 3972//3972
f 3973//3973 3974//3974 3975//3975
f 3976//3976 3977//3977 3978//3978
f 3979//3979 3980//3980 3981//3981
f 3982//3982 3983//3983 3984//3984
f 3985//3985 3986//3986 3987//3987
f 3988//3988 3989//3989 3990//3990
f 3991//3991 3992//3992 3993//3993
f 3994//3994 3995//3995 3996//3996
f 3997//3997 3998//3998 3999//3999
f 4000//4000 4001//4001 4002//4002
f 4003//4003 4004//4004 4005//4005
f 4006//4006 4007//4007 4008//4008
f 4009//4009 4010//4010 4011//4011
f 4012//4012 4013//4013 4014//4014
f 4015//4015 4016//4016 4017//4017
f 4018//4018 4019//4019 4020//4020
f 4021//4021 4022//4022 4023//4023
f 4024//4024 4025//4025 4026//4026
f 4027//4027 4028//4028 4029//4029
f 4030//4030 4031//4031 4032//4032
f 4033//4033 4034//4034 4035//4035
f 4036//4036 4037//4037 4038//4038
f 4039//4039 4040//4040 4041//4041
f 4042//4042 4043//4043 4044//4044
f 4045//4045 4046//4046 4047//4047
f 4048//4048 4049//4049 4050//4050
f 4051//4051 4052//4052 4053//4053
f 4054//4054 4055//4055 4056//4056
f 4057//4057 4058//4058 4059//4059
f 4060//4060 4061//4061 4062//4062
f 4063//4063 4064//4064 4065//4065
f 4066//4066 4067//4067 4068//4068
f 4069//4069 4070//4070 4071//4071
f 4072//4072 4073//4073 4074//4074
f 4075//4075 4076//4076 4077//4077
f 4078//4078 4079//4079 4080//4080
f 4081//4081 4082//4082 4083//4083
f 4084//4084 4085//4085 4086//4086
f 4087//4087 4088//4088 4089//4089
f 4090//4090 4091//4091 4092//4092
f 4093//4093 4094//4094 4095//4095
f 4096//4096 4097//4097 4098//4098
f 4099//4099 4100//4100 4101//4101
f 4102//4102 4103//4103 4104//4104
f 4105//4105 4106//4106 4107//4107
f 4108//4108 4109//4109 4110//4110
f 4111//4111 4112//4112 4113//4113
f 4114//4114 4115//4115 4116//4116
f 4117//4117 4118//4118 4119//4119
f 4120//4120 4121//4121 4122//4122
f 4123//4123 4124//4124 4125//4125
f 4126//4126 4127//4127 4128//4128
f 4129//4129 4130//4130 4131//4131
f 4132//4132 4133//4133 4134//4134
f 4135//4135 4136//4136 4137//4137
f 4138//4138 4139//4139 4140//4140
f 4141//4141 4142//4142 4143//4143
f 4144//4144 4145//4145 4146//4146
f 4147//4147 4148//4148 4149//4149
f 4150//4150 4151//4151 4152//4152
f 4153//4153 4154//4154 4155//4155
f 4156//4156 4157//4157 4158//4158
f 4159//4159 4160//4160 4161//4161
f 4162//4162 4163//4163 4164//4164
f 4165//4165 4166//4166 4167//4167
f 4168//4168 4169//4169 4170//4170
f 4171//4171 4172//4172 4173//4173
f 4174//4174 4175//4175 4176//4176
f 4177//4177 4178//4178 4179//4179
f 4180//4180 4181//4181 4182//4182
f 4183//4183 4184//4184 4185//4185
f 4186//4186 4187//4187 4188//4188
f 4189//4189 4190//4190 4191//4191
f 4192//4192 4193//4193 4194//4194
f 4195//4195 4196//4196 4197//4197
f 4198//4198 4199//4199 4200//4200
f 4201//4201 4202//4202 4203//4203
f 4204//4204 4205//4205 4206//4206
f 4207//4207 4208//4208 4209//4209
f 4210//4210 4211//4211 4212//4212
f 4213//4213 4214//4214 4215//4215
f 4216//4216 4217//4217 4218//4218
f 4219//4219 4220//4220 4221//4221
f 4222//4222 4223//4223 4224//4224
f 4225//4225 4226//4226 4227//4227
f 4228//4228 4229//4229 4230//4230
f 4231//4231 4232//4232 4233//4233
f 4234//4234 4235//4235 4236//4236
f 4237//4237 4238//4238 4239//4239
f 4240//4240 4241//4241 4242//4242
f 4243//4243 4244//4244 4245//4245
f 4246//4246 4247//4247 4248//4248
f 4249//4249 4250//4250 4251//4251
f 4252//4252 4253//4253 4254//4254
f 4255//4255 4256//4256 4257//4257
f 4258//4258 4259//4259 4260//4260
f 4261//4261 4262//4262 4263//4263
f 4264//4264 4265//4265 4266//4266
f 4267//4267 4268//4268 4269//4269
f 4270//4270 4271//4271 4272//4272
f 4273//4273 4274//4274 4275//4275
f 4276//4276 4277//4277 4278//4278
f 4279//4279 4280//4280 4281//4281
f 4282//4282 4283//4283 4284//4284
f 4285//4285 4286//4286 4287//4287
f 4288//4288 4289//4289 4290//4290
f 4291//4291 4292//4292 4293//4293
f 4294//4294 4295//4295 4296//4296
f 4297//4297 4298//4298 4299//4299
f 4300//4300 4301//4301 4302//4302
f 4303//4303 4304//4304 4305//4305
f 4306//4306 4307//4307 4308//4308
f 4309//4309 4310//4310 4311//4311
f 4312//4312 4313//4313 4314//4314
f 4315//4315 4316//4316 4317//4317
f 4318//4318 4319//4319 4320//4320
f 4321//4321 4322//4322 4323//4323
f 4324//4324 4325//4325 4326//4326
f 4327//4327 4328//4328 4329//4329
f 4330//4330 4331//4331 4332//4332
f 4333//4333 4334//4334 4335//4335
f 4336//4336 4337//4337 4338//4338
f 4339//4339 4340//4340 4341//4341
f 4342//4342 4343//4343 4344//4344
f 4345//4345 4346//4346 4347//4347
f 4348//4348 4349//4349 4350//4350
f 4351//4351 4352//4352 4353//4353
f 4354//4354 4355//4355 4356//4356
f 4357//4357 4358//4358 4359//4359
f 4360//4360 4361//4361 4362//4362
f 4363//4363 4364//4364 4365//4365
f 4366//4366 4367//4367 4368//4368
f 4369//4369 4370//4370 4371//4371
f 4372//4372 4373//4373 4374//4374
f 4375//4375 4376//4376 4377//4377
f 4378//4378 4379//4379 4380//4380
f 4381//4381 4382//4382 4383//4383
f 4384//4384 4385//4385 4386//4386
f 4387//4387 4388//4388 4389//4389
f 4390//4390 4391//4391 4392//4392
f 4393//4393 4394//4394 4395//4395
f 4396//4396 4397//4397 4398//4398
f 4399//4399 4400//4400 4401//4401
f 4402//4402 4403//4403 4404//4404
f 4405//4405 4406//4406 4407//4407
f 4408//4408 4409//4409 4410//4410
f 4411//4411 4412//4412 4413//4413
f 4414//4414 4415//4415 4416//4416
f 4417//4417 4418//4418 4419//4419
f 4420//4420 4421//4421 4422//4422
f 4423//4423 4424//4424 4425//4425
f 4426//4426 4427//4427 4428//4428
f 4429//4429 4430//4430 4431//4431
f 4432//4432 4433//4433 4434//4434
f 4435//4435 4436//4436 4437//4437
f 4438//4438 4439//4439 4440//4440
f 4441//4441 4442//4442 4443//4443
f 4444//4444 4445//4445 4446//4446
f 4447//4447 4448//4448 4449//4449
f 4450//4450 4451//4451 4452//4452
f 4453//4453 4454//4454 4455//4455
f 4456//4456 4457//4457 4458//4458
f 4459//4459 4460//4460 4461//4461
f 4462//4462 4463//4463 4464//4464
f 4465//4465 4466//4466 4467//4467
f 4468//4468 4469//4469 4470//4470
f 4471//4471 4472//4472 4473//4473
f 4474//4474 4475//4475 4476//4476
f 4477//4477 4478//4478 4479//4479
f 4480//4480 4481//4481 4482//4482
f 4483//4483 4484//4484 4485//4485
f 4486//4486 4487//4487 4488//4488
f 4489//4489 4490//4490 4491//4491
f 4492//4492 4493//4493 4494//4494
f 4495//4495 4496//4496 4497//4497
f 4498//4498 4499//4499 4500//4500
