# 09_person — split from wip_-_lowpoly_people_-_1.glb
# WIP - Lowpoly People - 1 by Loic Norgeot, CC-BY-4.0
# https://sketchfab.com/3d-models/wip-lowpoly-people-1-8cfd467af4334ea384d854109865f939
v -128.486054 53.150939 -9.152756
v -130.669123 63.326985 -3.673900
v -127.592775 63.076442 -8.078428
v -124.739546 84.249204 -5.707681
v -123.222147 83.076566 -5.495854
v -126.642769 83.830815 -5.344791
v -115.031114 73.381541 -3.698407
v -114.817624 71.864794 -6.566660
v -114.013895 76.170579 -8.438742
v -130.739904 98.089184 4.912493
v -130.713455 98.906577 2.011641
v -132.448575 98.827405 3.670292
v -130.739904 98.089184 4.912493
v -133.546623 95.865120 5.815874
v -129.992776 95.776988 4.203187
v -136.118427 30.348378 10.115958
v -137.724063 30.461892 9.752138
v -135.412985 26.499146 11.173540
v -146.485413 74.403312 -2.805190
v -145.595971 75.467440 -4.324534
v -145.912670 73.565295 -2.659126
v -124.666719 66.469227 -13.751996
v -123.165579 66.336344 -13.027605
v -123.858334 70.196818 -14.329666
v -123.092166 1.618436 -25.722680
v -123.200287 3.072551 -25.804037
v -122.224113 2.351418 -26.727271
v -126.097112 93.526620 3.048758
v -129.410369 93.598271 4.804730
v -125.596726 92.720324 3.795996
v -123.627140 2.434585 -23.587170
v -123.200287 3.072551 -25.804037
v -123.092166 1.618436 -25.722680
v -132.083121 0.262382 12.286731
v -129.528022 0.139620 12.353887
v -130.093909 0.000002 14.867756
v -131.932785 14.606409 9.669390
v -131.411085 18.214266 10.018730
v -130.608664 5.470010 13.172838
v -118.610380 1.307782 -24.833489
v -118.210751 1.244071 -23.622327
v -120.488562 1.736280 -26.323592
v -120.488562 1.736280 -26.323592
v -118.929480 2.950456 -25.359593
v -118.610380 1.307782 -24.833489
v -118.610380 1.307782 -24.833489
v -116.710663 1.853927 -23.832963
v -118.210751 1.244071 -23.622327
v -118.929480 2.950456 -25.359593
v -116.710663 1.853927 -23.832963
v -118.610380 1.307782 -24.833489
v -140.357331 0.717018 17.334422
v -140.302671 0.145713 16.152111
v -129.866161 0.951769 16.111169
v -124.183016 95.967781 -4.277909
v -126.491252 97.988391 -3.369488
v -123.834319 96.640169 -0.931382
v -125.519395 85.871516 -11.832647
v -124.801287 85.242181 -12.939009
v -124.771075 87.401329 -11.232857
v -144.956985 74.344667 1.358380
v -144.785432 74.273857 1.424681
v -145.516572 73.720202 1.645017
v -132.506791 85.321916 -4.025198
v -130.353403 83.601666 -3.533997
v -132.036935 84.672356 -2.173558
v -132.506791 85.321916 -4.025198
v -130.722784 83.737516 -5.292610
v -130.353403 83.601666 -3.533997
v -124.437099 93.722952 3.014803
v -125.073538 93.079108 3.489432
v -125.250306 94.147170 2.976827
v -126.468953 84.908408 1.605662
v -126.502130 84.424460 1.568835
v -126.042246 84.774697 1.887754
v -130.025235 79.621427 -15.596019
v -129.313618 78.478157 -13.200396
v -129.836822 80.443447 -14.011156
v -116.500789 43.776498 -10.942853
v -117.089615 37.662808 -12.274787
v -118.168192 35.361612 -18.686907
v -118.894730 48.696995 -13.873324
v -121.254569 49.231006 -14.522975
v -120.750760 57.192777 -10.941519
v -117.078078 33.905987 -4.739528
v -119.455029 36.279069 -4.219427
v -119.350527 36.238812 -6.849428
v -145.918482 79.260595 -6.618485
v -146.521053 76.448085 -7.640415
v -147.749273 79.234650 -7.748528
v -124.437099 93.722952 3.014803
v -124.839685 96.400219 2.229931
v -124.351734 92.656523 4.082225
v -145.652103 79.151787 -5.512170
v -146.008364 78.159650 -6.211166
v -145.284075 78.719379 -5.782642
v -122.332411 35.265911 4.029858
v -126.479407 36.046777 5.597154
v -124.433449 36.883190 1.456815
v -117.410574 7.708534 -20.219146
v -116.226126 10.982352 -20.162932
v -115.230929 6.654748 -19.015443
v -122.732409 69.629453 -13.999839
v -122.345642 71.228795 -10.871664
v -120.629229 75.001548 -11.789924
v -114.643474 6.632152 -15.332106
v -113.315648 5.335089 -14.303696
v -113.228741 4.506042 -16.937888
v -127.962225 72.538675 8.905471
v -134.984054 64.412680 14.076016
v -128.300365 70.361854 8.143926
v -121.230048 1.284108 -20.446799
v -119.368551 1.143000 -20.183403
v -120.844479 2.489636 -19.287437
v -119.555505 1.281640 -18.189149
v -120.844479 2.489636 -19.287437
v -119.368551 1.143000 -20.183403
v -116.809842 34.389387 -7.481328
v -116.065321 35.765247 -7.617925
v -114.502010 36.910439 -7.725971
v -130.506081 86.354185 2.580328
v -127.314445 88.465840 4.476097
v -130.715524 90.855802 3.161713
v -112.569948 2.577057 -14.091989
v -114.309657 2.978835 -12.861249
v -113.379166 1.466098 -13.652607
v -113.379166 1.466098 -13.652607
v -114.309657 2.978835 -12.861249
v -115.294543 1.316992 -13.143993
v -128.181872 0.862785 14.153908
v -130.093909 0.000002 14.867756
v -129.528022 0.139620 12.353887
v -134.483784 37.789096 0.950887
v -136.205229 37.885340 2.406078
v -133.514661 47.232963 0.640444
v -125.250306 94.147170 2.976827
v -125.073538 93.079108 3.489432
v -124.839685 96.400219 2.229931
v -144.764802 77.946784 -3.267554
v -144.357420 77.908053 -5.386932
v -144.970278 79.038443 -3.923468
v -130.547862 37.721619 -3.003246
v -131.014923 36.351890 -3.126057
v -131.570080 36.046553 -5.523427
v -115.230929 6.654748 -19.015443
v -113.228741 4.506042 -16.937888
v -115.828473 3.783282 -21.192871
v -125.902909 83.045875 -14.486480
v -125.224471 84.645335 -13.157838
v -126.561768 82.725536 -12.195405
v -123.737120 94.754159 1.487103
v -124.437099 93.722952 3.014803
v -125.250306 94.147170 2.976827
v -132.859247 36.963994 -2.500774
v -131.014923 36.351890 -3.126057
v -131.844391 37.587005 -1.749897
v -112.569948 2.577057 -14.091989
v -113.671836 0.763658 -15.116767
v -112.815995 1.584664 -16.534113
v -115.112344 35.915599 -10.460075
v -115.184090 36.267609 -8.804805
v -116.281476 35.504276 -8.311939
v -114.810204 33.783690 -7.201527
v -116.809842 34.389387 -7.481328
v -114.502010 36.910439 -7.725971
v -117.034453 47.870100 -12.024101
v -120.225141 39.231062 -21.154917
v -118.894730 48.696995 -13.873324
v -116.281476 35.504276 -8.311939
v -116.809842 34.389387 -7.481328
v -117.607525 35.250897 -8.651485
v -116.809842 34.389387 -7.481328
v -116.281476 35.504276 -8.311939
v -116.065321 35.765247 -7.617925
v -123.349110 86.125230 -5.425623
v -121.993845 84.991073 -4.388932
v -123.222147 83.076566 -5.495854
v -130.506081 86.354185 2.580328
v -131.795949 83.641518 0.079222
v -130.260757 82.287944 0.608191
v -132.031852 46.275759 -1.818813
v -131.055576 41.211921 -3.039164
v -131.838234 40.874011 -2.568255
v -119.520218 5.812791 -20.009136
v -118.494924 6.067643 -16.892057
v -118.015762 8.430085 -18.064865
v -120.153601 34.707516 1.466328
v -118.667647 34.855729 3.387846
v -120.746154 35.248631 3.894979
v -122.332411 35.265911 4.029858
v -120.153601 34.707516 1.466328
v -120.746154 35.248631 3.894979
v -119.805296 36.229480 -11.087485
v -118.060182 36.471537 -12.733051
v -118.451570 36.762623 -10.112674
v -146.061717 78.322008 -2.067591
v -146.248868 77.563145 -2.012663
v -145.847185 76.215562 -0.087946
v -145.493603 78.257980 -2.289174
v -146.061717 78.322008 -2.067591
v -145.666267 77.134534 -1.523325
v -147.251491 78.759434 -5.851759
v -147.078200 77.611544 -7.065113
v -146.659853 78.994181 -6.103787
v -125.554153 37.524430 -13.967575
v -126.712284 38.181977 -11.949417
v -126.916449 38.647415 -13.221091
v -126.712284 38.181977 -11.949417
v -126.510046 38.114448 -10.433328
v -127.250060 38.980751 -10.964611
v -128.760900 36.655044 -10.513848
v -126.510046 38.114448 -10.433328
v -127.954881 36.242309 -8.869108
v -145.701354 75.296375 0.866913
v -144.848549 74.655893 0.800818
v -144.651672 74.747535 1.201359
v -146.124226 76.067921 -1.718908
v -145.607304 76.010832 -1.407263
v -145.375225 76.242521 -2.263407
v -115.691536 46.434425 -3.157101
v -115.390198 42.012243 -1.893084
v -116.457192 35.110225 -4.034041
v -114.013895 76.170579 -8.438742
v -115.218557 74.715719 -11.692147
v -114.484764 77.540389 -10.111344
v -126.855270 37.621086 -6.843432
v -127.933053 38.251298 -5.006783
v -128.342962 38.289362 -7.269728
v -129.224552 39.063686 -5.987575
v -128.342962 38.289362 -7.269728
v -127.933053 38.251298 -5.006783
v -131.924950 88.442249 0.980639
v -132.256485 91.431917 2.298227
v -133.977973 91.514571 0.348623
v -115.069179 35.813685 -2.306067
v -115.957220 34.066497 -2.393833
v -116.457192 35.110225 -4.034041
v -145.666267 77.134534 -1.523325
v -145.607292 77.159771 -1.853877
v -145.493603 78.257980 -2.289174
v -145.554572 75.256833 1.255827
v -145.681319 74.473920 1.416099
v -144.651672 74.747535 1.201359
v -131.188466 82.151634 -1.357766
v -128.027675 82.648355 -1.769587
v -130.260757 82.287944 0.608191
v -120.922694 36.159831 5.706313
v -122.015624 35.625866 5.749484
v -121.151377 36.110133 4.585534
v -145.666267 77.134534 -1.523325
v -146.124226 76.067921 -1.718908
v -146.248868 77.563145 -2.012663
v -128.563556 36.492379 9.464522
v -129.429940 38.911031 9.856646
v -129.820190 38.273455 8.921921
v -123.455389 86.496764 1.393585
v -126.061305 85.429049 1.988035
v -126.265633 84.553313 1.181810
v -120.321045 27.368254 -18.663145
v -119.517738 28.489009 -19.181948
v -122.226842 29.949204 -17.208355
v -126.057539 90.373206 3.070978
v -127.314445 88.465840 4.476097
v -124.817984 89.127493 4.285051
v -125.505010 68.728614 5.935083
v -127.355997 61.807013 4.343022
v -124.389007 60.872746 4.252283
v -128.342962 38.289362 -7.269728
v -129.006845 41.088015 -6.723042
v -128.856893 49.484431 -7.926382
v -121.748529 89.889502 -1.137892
v -122.469981 89.084279 1.322539
v -121.394871 86.888289 0.232923
v -115.064003 1.000920 -18.607640
v -113.833568 2.014043 -18.362949
v -113.671836 0.763658 -15.116767
v -126.265633 84.553313 1.181810
v -126.553532 84.095043 1.827544
v -126.502130 84.424460 1.568835
v -130.879579 52.225071 -5.856914
v -129.006845 41.088015 -6.723042
v -130.075745 39.093518 -6.382280
v -130.018951 97.179819 1.818872
v -129.564163 98.606188 -0.182124
v -130.713455 98.906577 2.011641
v -131.067711 72.166932 0.511609
v -131.783733 68.476356 0.506890
v -130.521420 71.293033 3.081960
v -136.744127 62.318262 11.531037
v -137.010324 61.721155 12.943190
v -141.325281 66.224125 6.695629
v -115.112344 35.915599 -10.460075
v -115.638554 48.048846 -8.939142
v -115.184090 36.267609 -8.804805
v -143.521790 70.292827 3.156548
v -143.006398 69.106444 3.197775
v -141.325281 66.224125 6.695629
v -133.511213 4.876878 11.745157
v -132.173135 8.148362 11.600930
v -130.608664 5.470010 13.172838
v -128.760900 36.655044 -10.513848
v -129.699581 37.725284 -10.071090
v -129.133535 38.573276 -11.047197
v -127.120122 95.377183 2.254442
v -124.839685 96.400219 2.229931
v -126.629051 98.017550 -0.862200
v -127.146349 90.485321 -13.965840
v -127.214619 89.762377 -12.640784
v -126.533359 89.424251 -13.442590
v -120.922694 36.159831 5.706313
v -121.637884 35.738462 6.491587
v -122.015624 35.625866 5.749484
v -131.844391 37.587005 -1.749897
v -129.677785 38.234461 -1.569721
v -133.045102 37.415595 -0.155336
v -127.452135 82.771212 -4.169688
v -130.353403 83.601666 -3.533997
v -130.722784 83.737516 -5.292610
v -144.560115 66.907968 -0.623325
v -144.382334 68.891611 0.932063
v -145.302608 69.483122 1.499849
v -146.226432 78.062214 -5.757321
v -146.659853 78.994181 -6.103787
v -147.078200 77.611544 -7.065113
v -127.150151 78.281993 -2.854646
v -127.263641 80.953765 -1.522997
v -126.129134 80.397915 -4.473656
v -147.251491 78.759434 -5.851759
v -147.449775 77.998086 -5.695630
v -147.078200 77.611544 -7.065113
v -125.198422 78.253888 -5.759943
v -131.879075 68.622083 -2.241430
v -127.150151 78.281993 -2.854646
v -121.640164 84.795319 -2.894582
v -121.006676 82.854341 -5.147644
v -121.993845 84.991073 -4.388932
v -127.809593 36.108417 6.602316
v -127.304967 37.966124 7.233038
v -127.954712 37.664570 9.905712
v -125.278037 82.412887 1.441471
v -126.167233 81.225610 3.099989
v -123.432345 81.787532 2.157233
v -122.581862 40.290460 -20.922838
v -124.179506 37.639848 -20.692892
v -124.917444 41.235701 -19.367707
v -123.165579 66.336344 -13.027605
v -122.732409 69.629453 -13.999839
v -123.858334 70.196818 -14.329666
v -145.226425 76.035293 -1.447535
v -144.421024 74.601080 -2.567255
v -144.584192 76.143917 -2.324114
v -125.285443 85.000098 3.698222
v -126.221471 84.749175 3.435381
v -126.553532 84.095043 1.827544
v -135.441215 41.625943 7.809483
v -137.198433 39.776870 6.310270
v -137.065749 35.890385 9.275104
v -124.351734 92.656523 4.082225
v -124.817984 89.127493 4.285051
v -124.158679 91.758263 3.368985
v -114.792564 5.769876 -13.311831
v -114.643474 6.632152 -15.332106
v -115.404980 6.870476 -14.639256
v -123.225420 66.556691 -10.936994
v -122.551326 66.644512 -11.845562
v -121.890684 65.670936 -11.007224
v -131.067711 72.166932 0.511609
v -131.879075 68.622083 -2.241430
v -131.783733 68.476356 0.506890
v -115.064003 1.000920 -18.607640
v -113.671836 0.763658 -15.116767
v -119.368551 1.143000 -20.183403
v -128.486054 53.150939 -9.152756
v -127.286667 49.509942 -10.282385
v -127.250060 38.980751 -10.964611
v -122.933731 87.334174 3.595519
v -123.039103 90.461397 2.511002
v -123.515056 88.463223 4.277389
v -124.817984 89.127493 4.285051
v -127.314445 88.465840 4.476097
v -125.335601 87.572468 4.570923
v -134.573051 24.794980 6.842601
v -135.958782 21.983667 7.126559
v -135.455701 26.631110 5.140303
v -119.077774 36.044808 1.192493
v -118.480242 47.383808 2.396172
v -117.724591 36.965793 3.955127
v -124.271425 62.716071 -16.742916
v -121.552809 64.655624 -16.588751
v -123.007333 62.031571 -16.093707
v -129.564163 98.606188 -0.182124
v -133.047233 99.750269 -2.944793
v -130.713455 98.906577 2.011641
v -144.421024 74.601080 -2.567255
v -144.247805 74.738117 0.716619
v -142.032970 72.455152 1.980894
v -123.007333 62.031571 -16.093707
v -124.549274 62.587265 -14.672429
v -124.271425 62.716071 -16.742916
v -129.383498 96.141934 -4.873086
v -132.847376 96.473015 -5.343151
v -131.297646 97.069669 -4.358347
v -145.328217 74.120190 1.843461
v -144.785432 74.273857 1.424681
v -144.651672 74.747535 1.201359
v -125.927516 75.700323 -13.889909
v -125.629044 80.020999 -12.198802
v -127.441091 81.303119 -11.568840
v -133.842490 93.661780 2.577079
v -131.858849 94.204725 4.605949
v -134.845003 94.819845 5.169819
v -137.080907 67.728403 9.877468
v -135.380363 69.138559 10.324764
v -136.324823 67.443123 10.073683
v -127.670029 83.025789 -0.029032
v -127.226044 84.298891 1.452447
v -130.260757 82.287944 0.608191
v -147.078200 77.611544 -7.065113
v -147.630891 77.558448 -7.970499
v -146.521053 76.448085 -7.640415
v -126.061305 85.429049 1.988035
v -126.994034 86.597097 3.417378
v -126.918445 86.312616 2.418284
v -120.225141 39.231062 -21.154917
v -121.254569 49.231006 -14.522975
v -118.894730 48.696995 -13.873324
v -135.380363 69.138559 10.324764
v -137.080907 67.728403 9.877468
v -135.764834 67.830803 11.877796
v -126.855270 37.621086 -6.843432
v -128.342962 38.289362 -7.269728
v -127.954881 36.242309 -8.869108
v -124.389007 60.872746 4.252283
v -121.632572 57.813066 2.635383
v -122.239857 61.926782 2.915115
v -135.285632 67.124226 9.148801
v -137.039821 66.357269 9.254102
v -136.324823 67.443123 10.073683
v -126.061305 85.429049 1.988035
v -126.548130 84.825206 1.891308
v -126.468953 84.908408 1.605662
v -123.184941 70.473693 -15.515476
v -122.732409 69.629453 -13.999839
v -121.220172 71.046237 -14.126467
v -123.184941 70.473693 -15.515476
v -123.858334 70.196818 -14.329666
v -122.732409 69.629453 -13.999839
v -122.581862 40.290460 -20.922838
v -124.917444 41.235701 -19.367707
v -124.468960 46.790556 -15.637922
v -125.066731 83.810276 1.007117
v -125.278037 82.412887 1.441471
v -123.294950 83.733940 1.115063
v -118.071606 35.788040 -0.434667
v -120.153601 34.707516 1.466328
v -119.570060 34.908717 -0.555732
v -126.042246 84.774697 1.887754
v -126.502130 84.424460 1.568835
v -126.548130 84.825206 1.891308
v -126.265633 84.553313 1.181810
v -126.468953 84.908408 1.605662
v -126.042246 84.774697 1.887754
v -147.545851 79.656281 -6.588156
v -147.251491 78.759434 -5.851759
v -146.659853 78.994181 -6.103787
v -137.196476 62.609145 14.216442
v -135.973673 65.020183 14.311074
v -137.953751 64.675161 13.633178
v -122.345642 71.228795 -10.871664
v -124.782062 68.826424 -10.655430
v -122.195233 75.409113 -10.208317
v -146.957677 80.020585 -3.442544
v -148.580236 79.023078 -3.372125
v -147.285154 78.967705 -4.038310
v -127.226044 84.298891 1.452447
v -126.502130 84.424460 1.568835
v -126.468953 84.908408 1.605662
v -134.060906 98.123455 -5.537471
v -136.332789 96.781749 -4.943393
v -134.261247 99.287946 -4.420540
v -127.853726 75.591956 -15.476166
v -125.865310 68.065797 -16.696460
v -127.605916 75.276350 -14.750443
v -132.970220 29.157935 4.606240
v -133.498228 27.674435 7.361072
v -134.573051 24.794980 6.842601
v -133.440985 93.577791 0.603840
v -133.842490 93.661780 2.577079
v -134.099259 94.841410 0.033760
v -134.984054 64.412680 14.076016
v -135.187522 62.884423 13.027607
v -128.300365 70.361854 8.143926
v -119.447686 50.468278 3.995915
v -119.924455 44.640976 4.597309
v -117.724591 36.965793 3.955127
v -129.672727 79.166181 5.546449
v -130.734868 76.392449 8.621669
v -127.530293 79.040963 7.233854
v -129.672727 79.166181 5.546449
v -127.530293 79.040963 7.233854
v -126.167233 81.225610 3.099989
v -119.555505 1.281640 -18.189149
v -116.406562 3.795466 -13.681630
v -120.844479 2.489636 -19.287437
v -146.019706 80.687424 -3.831170
v -146.957677 80.020585 -3.442544
v -146.312891 79.928526 -3.298073
v -118.015762 8.430085 -18.064865
v -117.518216 9.937495 -20.023179
v -117.410574 7.708534 -20.219146
v -126.553532 84.095043 1.827544
v -126.221471 84.749175 3.435381
v -126.838101 85.431505 2.094172
v -131.554368 88.487327 -5.709516
v -129.301338 86.308527 -6.467146
v -131.579342 85.643578 -5.819598
v -145.734201 78.520175 -3.170311
v -145.289769 78.939559 -3.251700
v -145.298865 78.046604 -3.157635
v -125.739587 85.932068 -14.977339
v -125.304958 86.298506 -15.174501
v -126.434238 86.282848 -14.262605
v -125.304958 86.298506 -15.174501
v -125.281484 84.687470 -14.501923
v -126.434238 86.282848 -14.262605
v -133.045102 37.415595 -0.155336
v -134.198121 37.039010 -0.892300
v -132.859247 36.963994 -2.500774
v -135.733029 3.015181 16.473105
v -132.650343 4.971280 15.749828
v -135.050644 6.070658 14.766705
v -126.533359 89.424251 -13.442590
v -126.230933 89.580058 -11.983811
v -126.834033 89.930319 -12.905200
v -124.901633 87.435959 -13.205706
v -124.625674 86.178993 -12.841931
v -123.816070 88.279782 -14.966880
v -124.794369 89.588325 -14.223823
v -126.418803 89.975177 -13.267917
v -125.624935 87.804680 -13.868308
v -127.510901 88.326596 -13.032498
v -126.643991 87.753247 -12.384278
v -127.745642 87.465613 -12.446135
v -126.502130 84.424460 1.568835
v -127.226044 84.298891 1.452447
v -126.265633 84.553313 1.181810
v -126.230933 89.580058 -11.983811
v -127.225431 90.129100 -12.053558
v -126.326713 88.924449 -10.391616
v -117.289447 80.179421 -10.123533
v -116.044227 78.631869 -11.768384
v -118.244437 78.644780 -11.530941
v -116.044227 78.631869 -11.768384
v -114.484764 77.540389 -10.111344
v -115.218557 74.715719 -11.692147
v -115.164435 79.843328 -8.328679
v -114.484764 77.540389 -10.111344
v -116.044227 78.631869 -11.768384
v -117.289447 80.179421 -10.123533
v -115.164435 79.843328 -8.328679
v -116.044227 78.631869 -11.768384
v -134.261247 99.287946 -4.420540
v -136.332789 96.781749 -4.943393
v -136.742195 96.119548 -0.166396
v -134.339300 96.540691 5.171133
v -134.845003 94.819845 5.169819
v -133.546623 95.865120 5.815874
v -127.813528 83.938389 -15.203601
v -126.505542 82.237308 -15.694058
v -128.436405 82.842712 -14.298843
v -127.813528 83.938389 -15.203601
v -128.436405 82.842712 -14.298843
v -126.824242 85.472118 -13.453400
v -134.845003 94.819845 5.169819
v -134.339300 96.540691 5.171133
v -136.742195 96.119548 -0.166396
v -146.715505 70.896211 0.062004
v -145.967171 74.352976 -0.501931
v -145.912670 73.565295 -2.659126
v -127.182692 89.794748 -8.352609
v -124.696216 89.754628 -6.379423
v -124.361918 88.181626 -7.017079
v -126.561768 82.725536 -12.195405
v -125.629044 80.020999 -12.198802
v -125.546131 79.638056 -13.842152
v -132.781091 91.464889 -4.294012
v -132.520401 94.406581 -6.223013
v -128.767104 91.120720 -6.954350
v -137.196476 62.609145 14.216442
v -141.325281 66.224125 6.695629
v -137.010324 61.721155 12.943190
v -114.502010 36.910439 -7.725971
v -114.157755 34.918747 -6.409582
v -114.810204 33.783690 -7.201527
v -125.739587 85.932068 -14.977339
v -126.434238 86.282848 -14.262605
v -126.557412 85.939746 -14.595542
v -129.992776 95.776988 4.203187
v -131.858849 94.204725 4.605949
v -129.410369 93.598271 4.804730
v -126.557412 85.939746 -14.595542
v -126.843771 84.681223 -14.593860
v -126.265932 85.811065 -14.377093
v -145.328217 74.120190 1.843461
v -144.956985 74.344667 1.358380
v -145.143431 74.108132 1.189859
v -134.196937 94.949484 -5.037758
v -132.520401 94.406581 -6.223013
v -132.781091 91.464889 -4.294012
v -137.080907 67.728403 9.877468
v -137.039821 66.357269 9.254102
v -139.850762 69.385960 5.853884
v -124.351734 92.656523 4.082225
v -125.596726 92.720324 3.795996
v -126.057539 90.373206 3.070978
v -125.281484 84.687470 -14.501923
v -124.912837 85.007010 -13.131962
v -124.801287 85.242181 -12.939009
v -125.224471 84.645335 -13.157838
v -125.281484 84.687470 -14.501923
v -124.801287 85.242181 -12.939009
v -126.805355 87.910073 -10.126019
v -126.757804 86.507427 -12.004645
v -125.519395 85.871516 -11.832647
v -127.510901 88.326596 -13.032498
v -127.745642 87.465613 -12.446135
v -127.871219 87.960945 -14.757342
v -124.801287 85.242181 -12.939009
v -124.912837 85.007010 -13.131962
v -124.625674 86.178993 -12.841931
v -124.747620 86.169611 -13.685745
v -125.224471 84.645335 -13.157838
v -124.912837 85.007010 -13.131962
v -124.625674 86.178993 -12.841931
v -124.933875 85.020803 -12.958199
v -124.987380 85.007159 -12.750889
v -124.625674 86.178993 -12.841931
v -124.771075 87.401329 -11.232857
v -124.801287 85.242181 -12.939009
v -125.304958 86.298506 -15.174501
v -123.816070 88.279782 -14.966880
v -124.747620 86.169611 -13.685745
v -124.625674 86.178993 -12.841931
v -124.901633 87.435959 -13.205706
v -124.771075 87.401329 -11.232857
v -124.987380 85.007159 -12.750889
v -125.224471 84.645335 -13.157838
v -124.747620 86.169611 -13.685745
v -124.625674 86.178993 -12.841931
v -124.987380 85.007159 -12.750889
v -124.747620 86.169611 -13.685745
v -125.519395 85.871516 -11.832647
v -126.757804 86.507427 -12.004645
v -126.882329 84.388607 -12.792332
v -125.066731 83.810276 1.007117
v -123.455389 86.496764 1.393585
v -126.265633 84.553313 1.181810
v -133.842490 93.661780 2.577079
v -135.712096 94.269015 1.015573
v -134.099259 94.841410 0.033760
v -124.771075 87.401329 -11.232857
v -124.901633 87.435959 -13.205706
v -126.643991 87.753247 -12.384278
v -137.017403 14.204341 12.479906
v -135.419718 10.347378 14.342988
v -138.037736 19.050303 12.551781
v -121.746487 23.152039 -21.873199
v -123.040419 27.359605 -24.928197
v -118.790124 15.789839 -21.581156
v -115.390198 42.012243 -1.893084
v -115.691536 46.434425 -3.157101
v -116.829301 47.894316 -0.471256
v -144.092282 73.950084 1.222971
v -142.701599 72.167363 2.517368
v -142.032970 72.455152 1.980894
v -132.506791 85.321916 -4.025198
v -132.036935 84.672356 -2.173558
v -132.897940 86.896182 -2.793719
v -133.094406 86.492819 -0.066382
v -132.621535 88.365639 -0.949685
v -132.036935 84.672356 -2.173558
v -145.760582 73.610302 1.374080
v -145.143431 74.108132 1.189859
v -145.967171 74.352976 -0.501931
v -137.066956 20.420184 8.134040
v -139.401761 26.760795 6.454915
v -135.958782 21.983667 7.126559
v -129.380085 84.938025 -6.361475
v -130.722784 83.737516 -5.292610
v -131.579342 85.643578 -5.819598
v -129.088977 89.456450 -13.324599
v -127.745642 87.465613 -12.446135
v -127.879450 87.164699 -11.387559
v -127.879450 87.164699 -11.387559
v -126.805355 87.910073 -10.126019
v -129.088977 89.456450 -13.324599
v -127.779005 89.629923 -15.848216
v -129.001534 88.688194 -14.617724
v -129.088977 89.456450 -13.324599
v -126.230933 89.580058 -11.983811
v -127.214619 89.762377 -12.640784
v -126.834033 89.930319 -12.905200
v -126.834033 89.930319 -12.905200
v -127.214619 89.762377 -12.640784
v -127.225431 90.129100 -12.053558
v -126.418803 89.975177 -13.267917
v -127.225431 90.129100 -12.053558
v -126.230933 89.580058 -11.983811
v -145.298865 78.046604 -3.157635
v -145.375225 76.242521 -2.263407
v -145.015758 77.385040 -2.414945
v -127.537526 86.123376 -7.739191
v -129.301338 86.308527 -6.467146
v -129.037004 88.104736 -8.153649
v -127.537526 86.123376 -7.739191
v -127.251745 86.152195 -5.955936
v -129.301338 86.308527 -6.467146
v -127.367945 37.917447 -0.148258
v -132.970220 29.157935 4.606240
v -129.862079 36.081586 0.544758
v -128.137829 91.213482 -8.078135
v -129.037004 88.104736 -8.153649
v -127.888431 90.587127 -7.743670
v -130.428677 5.460276 13.780361
v -132.595729 9.256657 14.875649
v -132.650343 4.971280 15.749828
v -123.200287 3.072551 -25.804037
v -121.094795 3.842953 -21.466870
v -120.252407 3.964683 -23.090550
v -124.782062 68.826424 -10.655430
v -122.345642 71.228795 -10.871664
v -123.225420 66.556691 -10.936994
v -129.527758 56.770224 4.120357
v -130.639243 59.717352 1.228443
v -131.947894 55.640168 -0.242080
v -125.432765 37.368571 -8.979760
v -126.510046 38.114448 -10.433328
v -124.266051 37.285172 -10.703632
v -126.533359 89.424251 -13.442590
v -126.834033 89.930319 -12.905200
v -127.146349 90.485321 -13.965840
v -126.221471 84.749175 3.435381
v -126.994034 86.597097 3.417378
v -126.838101 85.431505 2.094172
v -117.034453 47.870100 -12.024101
v -118.671390 56.957928 -9.760379
v -116.018869 52.738307 -8.592459
v -136.878254 29.028897 3.964223
v -132.970220 29.157935 4.606240
v -135.455701 26.631110 5.140303
v -121.007495 80.247913 -6.892513
v -125.198422 78.253888 -5.759943
v -126.129134 80.397915 -4.473656
v -123.589197 78.350079 6.296925
v -127.530293 79.040963 7.233854
v -127.962225 72.538675 8.905471
v -127.452135 82.771212 -4.169688
v -126.642769 83.830815 -5.344791
v -126.129134 80.397915 -4.473656
v -122.015624 35.625866 5.749484
v -122.332411 35.265911 4.029858
v -121.151377 36.110133 4.585534
v -129.301338 86.308527 -6.467146
v -126.642769 83.830815 -5.344791
v -129.380085 84.938025 -6.361475
v -129.380085 84.938025 -6.361475
v -126.642769 83.830815 -5.344791
v -130.722784 83.737516 -5.292610
v -134.950154 94.250722 -1.325214
v -134.387472 93.542928 -1.375041
v -134.099259 94.841410 0.033760
v -117.078078 33.905987 -4.739528
v -116.826730 34.728913 -1.242179
v -119.455029 36.279069 -4.219427
v -126.129134 80.397915 -4.473656
v -125.198422 78.253888 -5.759943
v -127.150151 78.281993 -2.854646
v -125.704009 52.079619 7.432065
v -128.118848 56.521196 5.862636
v -127.323357 46.109540 7.750361
v -125.924922 86.735093 -6.854674
v -126.406837 87.821644 -8.229484
v -124.361918 88.181626 -7.017079
v -134.387472 93.542928 -1.375041
v -134.950154 94.250722 -1.325214
v -134.705901 94.278074 -3.155240
v -121.239182 37.388164 7.276951
v -120.922694 36.159831 5.706313
v -121.156020 41.885495 6.758619
v -128.581425 78.477252 1.821297
v -127.150151 78.281993 -2.854646
v -131.067711 72.166932 0.511609
v -127.286667 49.509942 -10.282385
v -126.916449 38.647415 -13.221091
v -126.712284 38.181977 -11.949417
v -128.395458 86.567408 2.925441
v -128.807902 84.452248 2.245253
v -126.838101 85.431505 2.094172
v -124.696216 89.754628 -6.379423
v -127.888431 90.587127 -7.743670
v -126.324238 91.300499 -6.920518
v -131.014923 36.351890 -3.126057
v -133.541382 36.932761 -3.104919
v -132.856339 35.281796 -5.267043
v -124.696216 89.754628 -6.379423
v -126.324238 91.300499 -6.920518
v -123.315730 92.513036 -6.186112
v -128.767104 91.120720 -6.954350
v -126.324238 91.300499 -6.920518
v -127.888431 90.587127 -7.743670
v -128.289235 93.969321 -7.366744
v -128.137829 91.213482 -8.078135
v -127.657908 93.582802 -7.179333
v -126.265932 85.811065 -14.377093
v -125.739587 85.932068 -14.977339
v -126.557412 85.939746 -14.595542
v -124.361918 88.181626 -7.017079
v -126.406837 87.821644 -8.229484
v -127.182692 89.794748 -8.352609
v -127.158150 95.289266 -6.775618
v -127.442394 93.741303 -8.121650
v -128.011108 95.338243 -7.387737
v -114.013895 76.170579 -8.438742
v -115.451683 78.352867 -4.304495
v -115.031114 73.381541 -3.698407
v -128.980501 96.818936 -2.303668
v -129.564163 98.606188 -0.182124
v -126.629051 98.017550 -0.862200
v -127.657908 93.582802 -7.179333
v -128.677097 93.962258 -6.970429
v -128.289235 93.969321 -7.366744
v -115.390198 42.012243 -1.893084
v -116.829301 47.894316 -0.471256
v -117.595239 40.140789 -0.334719
v -127.547012 35.754127 3.644119
v -133.498228 27.674435 7.361072
v -132.970220 29.157935 4.606240
v -118.929480 2.950456 -25.359593
v -120.252407 3.964683 -23.090550
v -117.952192 4.965386 -21.561887
v -137.886219 3.929600 12.189832
v -140.171803 3.253588 14.720424
v -137.273631 5.004546 13.673649
v -131.419275 73.166455 4.830229
v -130.521420 71.293033 3.081960
v -129.381261 70.541270 4.760367
v -120.750760 57.192777 -10.941519
v -121.254569 49.231006 -14.522975
v -123.137947 54.789840 -12.244318
v -120.252407 3.964683 -23.090550
v -118.929480 2.950456 -25.359593
v -123.200287 3.072551 -25.804037
v -118.060182 36.471537 -12.733051
v -119.805296 36.229480 -11.087485
v -119.870932 30.627919 -17.770946
v -123.294950 83.733940 1.115063
v -123.432345 81.787532 2.157233
v -122.056377 83.472567 -0.471489
v -121.394871 86.888289 0.232923
v -123.294950 83.733940 1.115063
v -122.056377 83.472567 -0.471489
v -123.294950 83.733940 1.115063
v -125.278037 82.412887 1.441471
v -123.432345 81.787532 2.157233
v -129.215870 44.768606 9.483889
v -130.612946 45.208980 8.387436
v -129.429940 38.911031 9.856646
v -145.454131 77.829351 -2.457330
v -145.192014 76.854487 -2.402151
v -145.607292 77.159771 -1.853877
v -131.067711 72.166932 0.511609
v -130.521420 71.293033 3.081960
v -131.419275 73.166455 4.830229
v -132.422856 98.682332 -4.971474
v -134.261247 99.287946 -4.420540
v -133.047233 99.750269 -2.944793
v -132.422856 98.682332 -4.971474
v -134.060906 98.123455 -5.537471
v -134.261247 99.287946 -4.420540
v -123.455389 86.496764 1.393585
v -123.071980 86.757088 1.903309
v -126.061305 85.429049 1.988035
v -121.394871 86.888289 0.232923
v -123.071980 86.757088 1.903309
v -123.455389 86.496764 1.393585
v -121.748529 89.889502 -1.137892
v -121.491956 91.545975 0.635602
v -122.469981 89.084279 1.322539
v -122.131593 26.100493 -19.205752
v -122.226842 29.949204 -17.208355
v -124.021104 32.662536 -16.777126
v -121.478734 94.176238 -1.494048
v -123.834319 96.640169 -0.931382
v -123.737120 94.754159 1.487103
v -124.747620 86.169611 -13.685745
v -123.816070 88.279782 -14.966880
v -124.625674 86.178993 -12.841931
v -146.521053 76.448085 -7.640415
v -145.058503 76.735367 -6.895050
v -145.227478 76.381167 -5.718803
v -145.918482 79.260595 -6.618485
v -144.357420 77.908053 -5.386932
v -145.058503 76.735367 -6.895050
v -146.248868 77.563145 -2.012663
v -146.124226 76.067921 -1.718908
v -146.790126 76.478126 -0.781222
v -135.169561 90.871496 -2.598836
v -134.387472 93.542928 -1.375041
v -132.781091 91.464889 -4.294012
v -146.248868 77.563145 -2.012663
v -146.790126 76.478126 -0.781222
v -145.847185 76.215562 -0.087946
v -127.962225 72.538675 8.905471
v -130.594763 72.612275 10.358774
v -134.984054 64.412680 14.076016
v -146.521053 76.448085 -7.640415
v -146.008364 78.159650 -6.211166
v -147.078200 77.611544 -7.065113
v -145.681319 74.473920 1.416099
v -145.328217 74.120190 1.843461
v -145.701354 75.296375 0.866913
v -146.008364 78.159650 -6.211166
v -146.521053 76.448085 -7.640415
v -146.226432 78.062214 -5.757321
v -145.143431 74.108132 1.189859
v -145.681319 74.473920 1.416099
v -145.554572 75.256833 1.255827
v -136.332789 96.781749 -4.943393
v -136.460185 94.941808 -3.792179
v -137.019042 95.698757 -2.682644
v -145.554572 75.256833 1.255827
v -145.701354 75.296375 0.866913
v -145.328217 74.120190 1.843461
v -135.958782 21.983667 7.126559
v -134.167126 17.407467 7.923322
v -137.066956 20.420184 8.134040
v -145.196733 78.080275 -2.885085
v -145.015758 77.385040 -2.414945
v -145.375225 76.242521 -2.263407
v -145.192014 76.854487 -2.402151
v -145.454131 77.829351 -2.457330
v -145.375225 76.242521 -2.263407
v -129.164458 4.212673 14.722940
v -129.782557 3.359820 12.318461
v -130.428677 5.460276 13.780361
v -121.632572 57.813066 2.635383
v -124.389007 60.872746 4.252283
v -121.234277 50.877720 6.024422
v -130.018951 97.179819 1.818872
v -130.739904 98.089184 4.912493
v -129.992776 95.776988 4.203187
v -146.124226 76.067921 -1.718908
v -145.375225 76.242521 -2.263407
v -146.485413 74.403312 -2.805190
v -144.956985 74.344667 1.358380
v -145.328217 74.120190 1.843461
v -144.651672 74.747535 1.201359
v -131.570080 36.046553 -5.523427
v -132.856339 35.281796 -5.267043
v -132.522013 35.855746 -6.580932
v -114.817624 71.864794 -6.566660
v -117.664439 64.646123 -7.421777
v -115.971127 70.117573 -8.044787
v -145.454131 77.829351 -2.457330
v -145.015758 77.385040 -2.414945
v -145.493603 78.257980 -2.289174
v -130.686534 78.081645 5.153942
v -130.734868 76.392449 8.621669
v -129.672727 79.166181 5.546449
v -145.192014 76.854487 -2.402151
v -145.666267 77.134534 -1.523325
v -146.248868 77.563145 -2.012663
v -145.192014 76.854487 -2.402151
v -146.248868 77.563145 -2.012663
v -145.607292 77.159771 -1.853877
v -123.184941 70.473693 -15.515476
v -122.743749 67.388801 -17.305248
v -127.496993 77.002685 -15.765579
v -145.328217 74.120190 1.843461
v -145.143431 74.108132 1.189859
v -145.554572 75.256833 1.255827
v -149.132509 78.280743 -7.878080
v -149.565212 78.801372 -7.611159
v -148.772172 79.099842 -8.217100
v -148.806740 78.256555 -7.799326
v -149.132509 78.280743 -7.878080
v -148.772172 79.099842 -8.217100
v -145.918482 79.260595 -6.618485
v -147.545851 79.656281 -6.588156
v -146.659853 78.994181 -6.103787
v -129.383498 96.141934 -4.873086
v -128.289235 93.969321 -7.366744
v -128.677097 93.962258 -6.970429
v -125.505010 68.728614 5.935083
v -122.094901 70.345509 5.725034
v -126.523818 71.049065 6.972104
v -146.248868 77.563145 -2.012663
v -146.061717 78.322008 -2.067591
v -145.734201 78.520175 -3.170311
v -146.312891 79.928526 -3.298073
v -146.061717 78.322008 -2.067591
v -145.493603 78.257980 -2.289174
v -123.315730 92.513036 -6.186112
v -127.657908 93.582802 -7.179333
v -127.158150 95.289266 -6.775618
v -149.565212 78.801372 -7.611159
v -149.081125 78.475007 -7.843343
v -148.884361 78.988948 -7.613607
v -149.132509 78.280743 -7.878080
v -148.806740 78.256555 -7.799326
v -147.630891 77.558448 -7.970499
v -145.912670 73.565295 -2.659126
v -145.595971 75.467440 -4.324534
v -145.227478 76.381167 -5.718803
v -144.247805 74.738117 0.716619
v -145.847185 76.215562 -0.087946
v -145.554572 75.256833 1.255827
v -147.749273 79.234650 -7.748528
v -148.787098 78.866472 -7.642991
v -149.009480 78.765669 -7.469461
v -147.749273 79.234650 -7.748528
v -148.567344 79.357584 -7.579153
v -148.787098 78.866472 -7.642991
v -148.567344 79.357584 -7.579153
v -148.884361 78.988948 -7.613607
v -148.787098 78.866472 -7.642991
v -144.625731 67.422529 -0.521007
v -144.560115 66.907968 -0.623325
v -145.302608 69.483122 1.499849
v -130.428677 5.460276 13.780361
v -129.782557 3.359820 12.318461
v -130.608664 5.470010 13.172838
v -115.638554 48.048846 -8.939142
v -116.500789 43.776498 -10.942853
v -117.034453 47.870100 -12.024101
v -146.454000 78.577169 -4.970115
v -145.713871 79.260167 -4.581933
v -145.284075 78.719379 -5.782642
v -144.848549 74.655893 0.800818
v -144.956985 74.344667 1.358380
v -144.651672 74.747535 1.201359
v -145.284075 78.719379 -5.782642
v -145.713871 79.260167 -4.581933
v -145.386309 79.549529 -4.765245
v -146.817698 78.249743 -4.573676
v -146.226432 78.062214 -5.757321
v -145.971423 77.447762 -3.904940
v -116.379491 7.941720 -15.267854
v -115.404980 6.870476 -14.639256
v -118.556579 19.827900 -16.218856
v -127.286667 49.509942 -10.282385
v -125.983755 45.058437 -13.455552
v -126.916449 38.647415 -13.221091
v -145.713871 79.260167 -4.581933
v -145.652103 79.151787 -5.512170
v -145.386309 79.549529 -4.765245
v -146.019706 80.687424 -3.831170
v -145.386309 79.549529 -4.765245
v -145.672166 79.549899 -4.915694
v -116.561807 20.639807 -16.809723
v -119.517738 28.489009 -19.181948
v -120.321045 27.368254 -18.663145
v -146.288107 80.234190 -3.986255
v -147.614045 79.844894 -4.806798
v -146.019706 80.687424 -3.831170
v -144.764802 77.946784 -3.267554
v -144.970278 79.038443 -3.923468
v -145.289769 78.939559 -3.251700
v -144.764802 77.946784 -3.267554
v -145.196733 78.080275 -2.885085
v -145.298865 78.046604 -3.157635
v -144.535366 74.438032 1.139759
v -144.247805 74.738117 0.716619
v -144.651672 74.747535 1.201359
v -145.973147 78.600141 -3.768067
v -145.289769 78.939559 -3.251700
v -144.970278 79.038443 -3.923468
v -144.247805 74.738117 0.716619
v -144.956985 74.344667 1.358380
v -144.848549 74.655893 0.800818
v -144.970278 79.038443 -3.923468
v -145.734201 78.520175 -3.170311
v -145.973147 78.600141 -3.768067
v -145.221004 79.737296 -3.403609
v -145.734201 78.520175 -3.170311
v -144.970278 79.038443 -3.923468
v -144.535366 74.438032 1.139759
v -144.651672 74.747535 1.201359
v -144.092282 73.950084 1.222971
v -144.848549 74.655893 0.800818
v -144.535366 74.438032 1.139759
v -144.092282 73.950084 1.222971
v -145.454131 77.829351 -2.457330
v -145.196733 78.080275 -2.885085
v -145.375225 76.242521 -2.263407
v -122.933731 87.334174 3.595519
v -123.515056 88.463223 4.277389
v -125.335601 87.572468 4.570923
v -149.009480 78.765669 -7.469461
v -149.132509 78.280743 -7.878080
v -149.496140 78.706183 -6.671198
v -149.462276 79.683461 -5.998277
v -149.565212 78.801372 -7.611159
v -149.496140 78.706183 -6.671198
v -147.285154 78.967705 -4.038310
v -148.580236 79.023078 -3.372125
v -149.462276 79.683461 -5.998277
v -125.554153 37.524430 -13.967575
v -126.510046 38.114448 -10.433328
v -126.712284 38.181977 -11.949417
v -127.214619 89.762377 -12.640784
v -127.146349 90.485321 -13.965840
v -127.225431 90.129100 -12.053558
v -147.285154 78.967705 -4.038310
v -146.476470 79.854419 -4.085801
v -146.957677 80.020585 -3.442544
v -146.476470 79.854419 -4.085801
v -147.614045 79.844894 -4.806798
v -146.957677 80.020585 -3.442544
v -146.288107 80.234190 -3.986255
v -146.312891 79.928526 -3.298073
v -146.957677 80.020585 -3.442544
v -146.957677 80.020585 -3.442544
v -148.255775 80.488505 -3.939096
v -148.580236 79.023078 -3.372125
v -145.015758 77.385040 -2.414945
v -145.226425 76.035293 -1.447535
v -145.192014 76.854487 -2.402151
v -132.621535 88.365639 -0.949685
v -132.897940 86.896182 -2.793719
v -132.036935 84.672356 -2.173558
v -145.666267 77.134534 -1.523325
v -145.192014 76.854487 -2.402151
v -145.427556 76.396414 -1.786548
v -142.367357 0.263951 11.776070
v -142.280681 1.196608 11.225898
v -137.451107 1.449206 11.447206
v -145.189231 0.818024 13.584087
v -142.367357 0.263951 11.776070
v -144.434912 0.651763 15.383725
v -117.078078 33.905987 -4.739528
v -115.918079 35.561724 -5.348844
v -116.457192 35.110225 -4.034041
v -125.898014 78.014050 -15.140282
v -125.546131 79.638056 -13.842152
v -123.184941 70.473693 -15.515476
v -145.780130 78.592350 -5.669987
v -145.284075 78.719379 -5.782642
v -146.008364 78.159650 -6.211166
v -145.427556 76.396414 -1.786548
v -145.607304 76.010832 -1.407263
v -145.666267 77.134534 -1.523325
v -132.650343 4.971280 15.749828
v -129.164458 4.212673 14.722940
v -130.428677 5.460276 13.780361
v -144.858552 1.623044 12.511850
v -142.367357 0.263951 11.776070
v -145.189231 0.818024 13.584087
v -145.189231 0.818024 13.584087
v -145.162726 1.917932 13.742382
v -144.858552 1.623044 12.511850
v -145.189231 0.818024 13.584087
v -144.434912 0.651763 15.383725
v -145.162726 1.917932 13.742382
v -142.745388 2.080248 15.771904
v -145.162726 1.917932 13.742382
v -144.434912 0.651763 15.383725
v -145.375225 76.242521 -2.263407
v -145.427556 76.396414 -1.786548
v -145.226425 76.035293 -1.447535
v -145.375225 76.242521 -2.263407
v -145.607304 76.010832 -1.407263
v -145.427556 76.396414 -1.786548
v -135.553456 8.883103 12.722389
v -134.063977 7.103273 12.045659
v -135.832026 6.799224 13.111173
v -135.832026 6.799224 13.111173
v -135.419718 10.347378 14.342988
v -135.553456 8.883103 12.722389
v -137.886219 3.929600 12.189832
v -144.858552 1.623044 12.511850
v -140.171803 3.253588 14.720424
v -145.516572 73.720202 1.645017
v -145.681319 74.473920 1.416099
v -145.760582 73.610302 1.374080
v -128.767104 91.120720 -6.954350
v -132.520401 94.406581 -6.223013
v -128.677097 93.962258 -6.970429
v -144.785432 74.273857 1.424681
v -145.328217 74.120190 1.843461
v -145.516572 73.720202 1.645017
v -134.095793 36.609468 -4.864729
v -132.522013 35.855746 -6.580932
v -132.856339 35.281796 -5.267043
v -129.813397 70.310880 6.049938
v -132.766868 65.536042 9.799668
v -136.307365 64.195296 10.326231
v -136.742195 96.119548 -0.166396
v -132.448575 98.827405 3.670292
v -134.261247 99.287946 -4.420540
v -128.011108 95.338243 -7.387737
v -128.289235 93.969321 -7.366744
v -127.924667 96.860021 -4.914929
v -126.502130 84.424460 1.568835
v -126.553532 84.095043 1.827544
v -126.548130 84.825206 1.891308
v -135.832026 6.799224 13.111173
v -134.063977 7.103273 12.045659
v -137.886219 3.929600 12.189832
v -120.355270 17.925871 -17.377887
v -118.310663 10.977659 -18.493072
v -117.680448 10.139972 -16.367347
v -119.870932 30.627919 -17.770946
v -121.370644 33.579163 -12.852646
v -122.226842 29.949204 -17.208355
v -145.967171 74.352976 -0.501931
v -145.143431 74.108132 1.189859
v -144.848549 74.655893 0.800818
v -134.360628 38.448156 -0.104668
v -134.198121 37.039010 -0.892300
v -133.045102 37.415595 -0.155336
v -131.838234 40.874011 -2.568255
v -132.599128 41.234065 -2.715057
v -133.078191 40.929714 -2.783490
v -122.332411 35.265911 4.029858
v -123.207861 35.331321 6.049521
v -124.449965 34.918479 6.049862
v -124.702239 35.132242 7.554268
v -123.590306 39.217520 7.869047
v -125.233769 44.046444 7.890211
v -127.809593 36.108417 6.602316
v -126.083683 37.085003 6.645147
v -127.304967 37.966124 7.233038
v -128.955773 36.635680 7.867926
v -129.982896 34.760462 7.502439
v -127.809593 36.108417 6.602316
v -121.637884 35.738462 6.491587
v -121.239182 37.388164 7.276951
v -122.015624 35.625866 5.749484
v -127.547012 35.754127 3.644119
v -126.479407 36.046777 5.597154
v -127.809593 36.108417 6.602316
v -129.982896 34.760462 7.502439
v -127.547012 35.754127 3.644119
v -127.809593 36.108417 6.602316
v -127.809593 36.108417 6.602316
v -127.954712 37.664570 9.905712
v -128.563556 36.492379 9.464522
v -127.809593 36.108417 6.602316
v -128.563556 36.492379 9.464522
v -128.955773 36.635680 7.867926
v -129.866161 0.951769 16.111169
v -140.302671 0.145713 16.152111
v -130.093909 0.000002 14.867756
v -145.918482 79.260595 -6.618485
v -145.652103 79.151787 -5.512170
v -145.284075 78.719379 -5.782642
v -116.281476 35.504276 -8.311939
v -115.184090 36.267609 -8.804805
v -115.638554 48.048846 -8.939142
v -145.015758 77.385040 -2.414945
v -144.764802 77.946784 -3.267554
v -145.298865 78.046604 -3.157635
v -133.078191 40.929714 -2.783490
v -132.599128 41.234065 -2.715057
v -132.285617 51.282984 -3.396732
v -134.095793 36.609468 -4.864729
v -133.541382 36.932761 -3.104919
v -133.627931 39.850986 -4.617028
v -134.078899 39.130289 -1.958991
v -133.541382 36.932761 -3.104919
v -132.859247 36.963994 -2.500774
v -134.078899 39.130289 -1.958991
v -132.859247 36.963994 -2.500774
v -134.198121 37.039010 -0.892300
v -146.608147 71.472731 1.327337
v -145.760582 73.610302 1.374080
v -145.967171 74.352976 -0.501931
v -146.715505 70.896211 0.062004
v -145.302608 69.483122 1.499849
v -146.608147 71.472731 1.327337
v -131.858849 94.204725 4.605949
v -129.992776 95.776988 4.203187
v -133.546623 95.865120 5.815874
v -126.916449 38.647415 -13.221091
v -125.983755 45.058437 -13.455552
v -125.299083 38.189689 -16.841934
v -142.745388 2.080248 15.771904
v -144.434912 0.651763 15.383725
v -140.357331 0.717018 17.334422
v -144.382334 68.891611 0.932063
v -144.625731 67.422529 -0.521007
v -142.932952 71.723845 -0.039115
v -137.724063 30.461892 9.752138
v -140.274163 28.690618 8.256067
v -136.942473 20.286494 13.688361
v -130.547862 37.721619 -3.003246
v -131.844391 37.587005 -1.749897
v -131.014923 36.351890 -3.126057
v -124.702239 35.132242 7.554268
v -123.207861 35.331321 6.049521
v -123.590306 39.217520 7.869047
v -134.573051 24.794980 6.842601
v -134.167126 17.407467 7.923322
v -135.958782 21.983667 7.126559
v -144.092282 73.950084 1.222971
v -144.651672 74.747535 1.201359
v -144.785432 74.273857 1.424681
v -144.092282 73.950084 1.222971
v -144.785432 74.273857 1.424681
v -145.143431 74.108132 1.189859
v -144.247805 74.738117 0.716619
v -144.421024 74.601080 -2.567255
v -145.226425 76.035293 -1.447535
v -145.713871 79.260167 -4.581933
v -145.672166 79.549899 -4.915694
v -145.652103 79.151787 -5.512170
v -137.953751 64.675161 13.633178
v -141.325281 66.224125 6.695629
v -137.196476 62.609145 14.216442
v -122.029533 42.799407 7.017852
v -121.239182 37.388164 7.276951
v -121.156020 41.885495 6.758619
v -118.771477 81.158291 -6.700239
v -121.007495 80.247913 -6.892513
v -121.006676 82.854341 -5.147644
v -145.386309 79.549529 -4.765245
v -145.221004 79.737296 -3.403609
v -144.970278 79.038443 -3.923468
v -142.701599 72.167363 2.517368
v -145.143431 74.108132 1.189859
v -145.516572 73.720202 1.645017
v -132.621535 88.365639 -0.949685
v -133.094406 86.492819 -0.066382
v -131.924950 88.442249 0.980639
v -122.732409 69.629453 -13.999839
v -122.551326 66.644512 -11.845562
v -122.345642 71.228795 -10.871664
v -138.347084 34.555604 4.279849
v -140.437686 27.362200 7.488282
v -140.274163 28.690618 8.256067
v -133.703632 90.650416 -0.953007
v -133.977973 91.514571 0.348623
v -135.191090 91.288216 -1.251060
v -114.309657 2.978835 -12.861249
v -116.406562 3.795466 -13.681630
v -115.294543 1.316992 -13.143993
v -126.230933 89.580058 -11.983811
v -126.533359 89.424251 -13.442590
v -126.418803 89.975177 -13.267917
v -128.581425 78.477252 1.821297
v -129.672727 79.166181 5.546449
v -126.167233 81.225610 3.099989
v -140.274163 28.690618 8.256067
v -140.437686 27.362200 7.488282
v -137.017403 14.204341 12.479906
v -128.228979 69.777871 5.251745
v -129.813397 70.310880 6.049938
v -129.381261 70.541270 4.760367
v -128.228979 69.777871 5.251745
v -125.505010 68.728614 5.935083
v -126.523818 71.049065 6.972104
v -126.523818 71.049065 6.972104
v -129.813397 70.310880 6.049938
v -128.228979 69.777871 5.251745
v -116.809842 34.389387 -7.481328
v -119.350527 36.238812 -6.849428
v -117.607525 35.250897 -8.651485
v -129.813397 70.310880 6.049938
v -131.419275 73.166455 4.830229
v -129.381261 70.541270 4.760367
v -126.523818 71.049065 6.972104
v -128.300365 70.361854 8.143926
v -129.813397 70.310880 6.049938
v -146.659853 78.994181 -6.103787
v -146.454000 78.577169 -4.970115
v -145.672166 79.549899 -4.915694
v -116.379491 7.941720 -15.267854
v -116.406562 3.795466 -13.681630
v -114.792564 5.769876 -13.311831
v -135.832026 6.799224 13.111173
v -137.273631 5.004546 13.673649
v -135.050644 6.070658 14.766705
v -148.980207 80.149438 -6.953782
v -149.112515 79.750886 -4.339211
v -148.255775 80.488505 -3.939096
v -144.560115 66.907968 -0.623325
v -144.625731 67.422529 -0.521007
v -144.382334 68.891611 0.932063
v -126.944123 87.120186 -15.227360
v -126.434238 86.282848 -14.262605
v -125.624935 87.804680 -13.868308
v -141.920757 68.814441 3.504959
v -144.382334 68.891611 0.932063
v -142.122713 70.722546 1.985821
v -135.419718 10.347378 14.342988
v -133.506941 17.288771 14.576688
v -136.942473 20.286494 13.688361
v -145.666267 77.134534 -1.523325
v -146.061717 78.322008 -2.067591
v -145.847185 76.215562 -0.087946
v -139.601250 65.885916 7.365140
v -141.920757 68.814441 3.504959
v -139.850762 69.385960 5.853884
v -135.187522 62.884423 13.027607
v -137.010324 61.721155 12.943190
v -136.744127 62.318262 11.531037
v -126.879120 67.504715 -9.604384
v -125.665524 63.360756 -9.522033
v -127.592775 63.076442 -8.078428
v -131.947894 55.640168 -0.242080
v -130.639243 59.717352 1.228443
v -130.975028 61.104197 -1.094319
v -131.879075 68.622083 -2.241430
v -131.965747 66.849310 -1.476255
v -131.783733 68.476356 0.506890
v -145.780130 78.592350 -5.669987
v -145.652103 79.151787 -5.512170
v -146.454000 78.577169 -4.970115
v -142.032970 72.455152 1.980894
v -142.122713 70.722546 1.985821
v -142.932952 71.723845 -0.039115
v -142.701599 72.167363 2.517368
v -139.850762 69.385960 5.853884
v -142.032970 72.455152 1.980894
v -142.122713 70.722546 1.985821
v -142.032970 72.455152 1.980894
v -139.850762 69.385960 5.853884
v -145.666267 77.134534 -1.523325
v -145.015758 77.385040 -2.414945
v -145.607292 77.159771 -1.853877
v -124.389007 60.872746 4.252283
v -127.355997 61.807013 4.343022
v -125.580377 57.754589 5.620523
v -124.266051 37.285172 -10.703632
v -122.938238 36.862604 -9.579306
v -125.432765 37.368571 -8.979760
v -122.239857 61.926782 2.915115
v -122.094901 70.345509 5.725034
v -124.389007 60.872746 4.252283
v -145.734201 78.520175 -3.170311
v -145.454131 77.829351 -2.457330
v -145.493603 78.257980 -2.289174
v -125.472593 44.272135 -15.859815
v -125.983755 45.058437 -13.455552
v -126.036513 52.270781 -11.994077
v -118.667647 34.855729 3.387846
v -119.108493 36.579713 4.507737
v -120.746154 35.248631 3.894979
v -129.133535 38.573276 -11.047197
v -129.699581 37.725284 -10.071090
v -128.486054 53.150939 -9.152756
v -119.455029 36.279069 -4.219427
v -116.826730 34.728913 -1.242179
v -119.570060 34.908717 -0.555732
v -121.951841 89.350229 -3.798561
v -124.696216 89.754628 -6.379423
v -123.315730 92.513036 -6.186112
v -137.451107 1.449206 11.447206
v -138.923422 0.229505 13.221662
v -142.367357 0.263951 11.776070
v -118.055934 62.003247 -5.083038
v -114.817624 71.864794 -6.566660
v -115.031114 73.381541 -3.698407
v -123.315730 92.513036 -6.186112
v -124.183016 95.967781 -4.277909
v -121.478734 94.176238 -1.494048
v -126.036513 52.270781 -11.994077
v -125.983755 45.058437 -13.455552
v -127.286667 49.509942 -10.282385
v -141.920757 68.814441 3.504959
v -143.006398 69.106444 3.197775
v -144.382334 68.891611 0.932063
v -126.712284 38.181977 -11.949417
v -127.250060 38.980751 -10.964611
v -127.286667 49.509942 -10.282385
v -126.491252 97.988391 -3.369488
v -128.980501 96.818936 -2.303668
v -126.629051 98.017550 -0.862200
v -125.073538 93.079108 3.489432
v -124.569760 92.383432 2.423774
v -126.097112 93.526620 3.048758
v -149.009480 78.765669 -7.469461
v -149.496140 78.706183 -6.671198
v -149.565212 78.801372 -7.611159
v -145.143431 74.108132 1.189859
v -144.535366 74.438032 1.139759
v -144.848549 74.655893 0.800818
v -122.029533 42.799407 7.017852
v -121.156020 41.885495 6.758619
v -121.234277 50.877720 6.024422
v -133.078191 40.929714 -2.783490
v -134.078899 39.130289 -1.958991
v -132.031852 46.275759 -1.818813
v -120.423473 61.671380 -9.814785
v -120.541303 64.875440 -9.937775
v -117.664439 64.646123 -7.421777
v -120.746154 35.248631 3.894979
v -121.151377 36.110133 4.585534
v -122.332411 35.265911 4.029858
v -118.168192 35.361612 -18.686907
v -119.870932 30.627919 -17.770946
v -118.822204 30.942047 -20.912971
v -137.451107 1.449206 11.447206
v -132.083121 0.262382 12.286731
v -138.923422 0.229505 13.221662
v -116.638387 69.732056 -11.612536
v -117.366881 70.325694 -9.539137
v -119.130198 67.918048 -10.487677
v -123.093996 64.479832 -10.254836
v -121.890684 65.670936 -11.007224
v -120.541303 64.875440 -9.937775
v -145.780130 78.592350 -5.669987
v -147.078200 77.611544 -7.065113
v -145.652103 79.151787 -5.512170
v -121.394871 86.888289 0.232923
v -122.469981 89.084279 1.322539
v -123.071980 86.757088 1.903309
v -136.324823 67.443123 10.073683
v -131.419275 73.166455 4.830229
v -135.285632 67.124226 9.148801
v -126.629051 98.017550 -0.862200
v -129.564163 98.606188 -0.182124
v -127.120122 95.377183 2.254442
v -134.573051 24.794980 6.842601
v -131.411085 18.214266 10.018730
v -134.167126 17.407467 7.923322
v -123.349110 86.125230 -5.425623
v -123.222147 83.076566 -5.495854
v -124.739546 84.249204 -5.707681
v -126.643991 87.753247 -12.384278
v -124.901633 87.435959 -13.205706
v -125.624935 87.804680 -13.868308
v -141.325281 66.224125 6.695629
v -141.920757 68.814441 3.504959
v -139.601250 65.885916 7.365140
v -126.083683 37.085003 6.645147
v -124.449965 34.918479 6.049862
v -124.702239 35.132242 7.554268
v -129.383498 96.141934 -4.873086
v -131.297646 97.069669 -4.358347
v -128.980501 96.818936 -2.303668
v -144.092282 73.950084 1.222971
v -142.032970 72.455152 1.980894
v -144.247805 74.738117 0.716619
v -125.554153 37.524430 -13.967575
v -126.916449 38.647415 -13.221091
v -125.299083 38.189689 -16.841934
v -129.164458 4.212673 14.722940
v -131.041259 2.939352 16.338914
v -129.866161 0.951769 16.111169
v -124.702239 35.132242 7.554268
v -124.449965 34.918479 6.049862
v -123.207861 35.331321 6.049521
v -123.092166 1.618436 -25.722680
v -122.224113 2.351418 -26.727271
v -120.488562 1.736280 -26.323592
v -132.285617 51.282984 -3.396732
v -133.627931 39.850986 -4.617028
v -133.078191 40.929714 -2.783490
v -127.120122 95.377183 2.254442
v -126.097112 93.526620 3.048758
v -125.250306 94.147170 2.976827
v -117.078078 33.905987 -4.739528
v -116.457192 35.110225 -4.034041
v -115.957220 34.066497 -2.393833
v -124.933875 85.020803 -12.958199
v -125.224471 84.645335 -13.157838
v -124.801287 85.242181 -12.939009
v -127.702859 91.697777 3.516167
v -129.410369 93.598271 4.804730
v -130.715524 90.855802 3.161713
v -145.298865 78.046604 -3.157635
v -145.971423 77.447762 -3.904940
v -145.375225 76.242521 -2.263407
v -130.260757 82.287944 0.608191
v -131.795949 83.641518 0.079222
v -131.188466 82.151634 -1.357766
v -131.932785 14.606409 9.669390
v -134.167126 17.407467 7.923322
v -131.411085 18.214266 10.018730
v -129.092199 78.175591 -16.058470
v -127.496993 77.002685 -15.765579
v -127.853726 75.591956 -15.476166
v -135.285632 67.124226 9.148801
v -136.307365 64.195296 10.326231
v -137.039821 66.357269 9.254102
v -133.627931 39.850986 -4.617028
v -133.541382 36.932761 -3.104919
v -133.078191 40.929714 -2.783490
v -128.955773 36.635680 7.867926
v -128.563556 36.492379 9.464522
v -129.820190 38.273455 8.921921
v -124.437099 93.722952 3.014803
v -124.158679 91.758263 3.368985
v -125.073538 93.079108 3.489432
v -134.387472 93.542928 -1.375041
v -135.169561 90.871496 -2.598836
v -135.191090 91.288216 -1.251060
v -124.449965 34.918479 6.049862
v -126.479407 36.046777 5.597154
v -122.332411 35.265911 4.029858
v -120.922694 36.159831 5.706313
v -121.151377 36.110133 4.585534
v -121.156020 41.885495 6.758619
v -124.183016 95.967781 -4.277909
v -123.315730 92.513036 -6.186112
v -127.158150 95.289266 -6.775618
v -146.790126 76.478126 -0.781222
v -146.124226 76.067921 -1.718908
v -146.485413 74.403312 -2.805190
v -128.856893 49.484431 -7.926382
v -128.486054 53.150939 -9.152756
v -129.699581 37.725284 -10.071090
v -135.419718 10.347378 14.342988
v -135.050644 6.070658 14.766705
v -132.650343 4.971280 15.749828
v -131.554368 88.487327 -5.709516
v -128.767104 91.120720 -6.954350
v -129.037004 88.104736 -8.153649
v -137.724063 30.461892 9.752138
v -134.642303 22.102034 13.566120
v -135.412985 26.499146 11.173540
v -118.071606 35.788040 -0.434667
v -119.570060 34.908717 -0.555732
v -116.826730 34.728913 -1.242179
v -124.183016 95.967781 -4.277909
v -127.158150 95.289266 -6.775618
v -126.491252 97.988391 -3.369488
v -125.299083 38.189689 -16.841934
v -124.179506 37.639848 -20.692892
v -124.515694 32.530272 -23.184955
v -146.248868 77.563145 -2.012663
v -145.493603 78.257980 -2.289174
v -145.607292 77.159771 -1.853877
v -135.958782 21.983667 7.126559
v -139.401761 26.760795 6.454915
v -136.878254 29.028897 3.964223
v -135.712096 94.269015 1.015573
v -136.460185 94.941808 -3.792179
v -134.950154 94.250722 -1.325214
v -128.883322 59.495867 4.101916
v -129.215870 44.768606 9.483889
v -128.118848 56.521196 5.862636
v -118.015762 8.430085 -18.064865
v -118.310663 10.977659 -18.493072
v -117.518216 9.937495 -20.023179
v -125.281484 84.687470 -14.501923
v -126.265932 85.811065 -14.377093
v -126.434238 86.282848 -14.262605
v -128.153538 92.526233 -8.682157
v -128.137829 91.213482 -8.078135
v -128.289235 93.969321 -7.366744
v -124.852751 74.790732 -14.291599
v -125.629044 80.020999 -12.198802
v -125.927516 75.700323 -13.889909
v -127.251745 86.152195 -5.955936
v -127.537526 86.123376 -7.739191
v -125.924922 86.735093 -6.854674
v -122.933731 87.334174 3.595519
v -123.071980 86.757088 1.903309
v -122.469981 89.084279 1.322539
v -121.394871 86.888289 0.232923
v -123.455389 86.496764 1.393585
v -123.294950 83.733940 1.115063
v -132.595729 9.256657 14.875649
v -131.882142 19.528060 12.812255
v -133.506941 17.288771 14.576688
v -131.843896 1.639559 11.717111
v -129.528022 0.139620 12.353887
v -132.083121 0.262382 12.286731
v -120.746154 35.248631 3.894979
v -119.108493 36.579713 4.507737
v -119.924455 44.640976 4.597309
v -148.772172 79.099842 -8.217100
v -148.884361 78.988948 -7.613607
v -149.081125 78.475007 -7.843343
v -124.812355 84.447163 -6.498600
v -127.251745 86.152195 -5.955936
v -125.924922 86.735093 -6.854674
v -129.037004 88.104736 -8.153649
v -129.301338 86.308527 -6.467146
v -131.554368 88.487327 -5.709516
v -147.251491 78.759434 -5.851759
v -147.545851 79.656281 -6.588156
v -147.614045 79.844894 -4.806798
v -116.226126 10.982352 -20.162932
v -114.946315 18.617391 -19.976534
v -114.590436 8.057126 -17.443759
v -135.733029 3.015181 16.473105
v -140.171803 3.253588 14.720424
v -142.745388 2.080248 15.771904
v -137.198433 39.776870 6.310270
v -135.441215 41.625943 7.809483
v -133.194347 48.621820 4.874112
v -135.187522 62.884423 13.027607
v -132.766868 65.536042 9.799668
v -128.300365 70.361854 8.143926
v -118.494924 6.067643 -16.892057
v -120.844479 2.489636 -19.287437
v -116.406562 3.795466 -13.681630
v -145.143431 74.108132 1.189859
v -144.956985 74.344667 1.358380
v -145.516572 73.720202 1.645017
v -126.314808 85.801779 -15.051935
v -126.944123 87.120186 -15.227360
v -126.712074 86.828218 -16.098187
v -125.472593 44.272135 -15.859815
v -124.468960 46.790556 -15.637922
v -124.917444 41.235701 -19.367707
v -145.015758 77.385040 -2.414945
v -144.584192 76.143917 -2.324114
v -144.764802 77.946784 -3.267554
v -146.454000 78.577169 -4.970115
v -146.476470 79.854419 -4.085801
v -145.713871 79.260167 -4.581933
v -127.745642 87.465613 -12.446135
v -126.824242 85.472118 -13.453400
v -126.757804 86.507427 -12.004645
v -124.437099 93.722952 3.014803
v -123.737120 94.754159 1.487103
v -124.839685 96.400219 2.229931
v -129.383498 96.141934 -4.873086
v -128.980501 96.818936 -2.303668
v -127.924667 96.860021 -4.914929
v -116.638387 69.732056 -11.612536
v -121.552809 64.655624 -16.588751
v -115.218557 74.715719 -11.692147
v -144.937610 70.231017 -0.862655
v -145.302608 69.483122 1.499849
v -146.715505 70.896211 0.062004
v -145.386309 79.549529 -4.765245
v -146.659853 78.994181 -6.103787
v -145.672166 79.549899 -4.915694
v -126.326713 88.924449 -10.391616
v -126.805355 87.910073 -10.126019
v -124.771075 87.401329 -11.232857
v -145.302608 69.483122 1.499849
v -144.382334 68.891611 0.932063
v -143.006398 69.106444 3.197775
v -126.061305 85.429049 1.988035
v -126.918445 86.312616 2.418284
v -126.265633 84.553313 1.181810
v -121.491956 91.545975 0.635602
v -123.737120 94.754159 1.487103
v -122.986723 91.736519 0.801939
v -145.967171 74.352976 -0.501931
v -146.790126 76.478126 -0.781222
v -146.485413 74.403312 -2.805190
v -129.313618 78.478157 -13.200396
v -129.092199 78.175591 -16.058470
v -129.285225 77.122091 -14.294828
v -132.650343 4.971280 15.749828
v -131.041259 2.939352 16.338914
v -129.164458 4.212673 14.722940
v -130.353403 83.601666 -3.533997
v -128.027675 82.648355 -1.769587
v -131.188466 82.151634 -1.357766
v -127.657908 93.582802 -7.179333
v -127.442394 93.741303 -8.121650
v -127.158150 95.289266 -6.775618
v -118.494924 6.067643 -16.892057
v -119.520218 5.812791 -20.009136
v -120.844479 2.489636 -19.287437
v -128.027675 82.648355 -1.769587
v -126.129134 80.397915 -4.473656
v -127.263641 80.953765 -1.522997
v -119.839374 82.656287 -3.666303
v -115.451683 78.352867 -4.304495
v -115.164435 79.843328 -8.328679
v -119.870932 30.627919 -17.770946
v -122.226842 29.949204 -17.208355
v -119.517738 28.489009 -19.181948
v -129.564163 98.606188 -0.182124
v -130.018951 97.179819 1.818872
v -127.120122 95.377183 2.254442
v -119.520218 5.812791 -20.009136
v -118.015762 8.430085 -18.064865
v -117.410574 7.708534 -20.219146
v -117.410574 7.708534 -20.219146
v -117.952192 4.965386 -21.561887
v -119.520218 5.812791 -20.009136
v -126.083683 37.085003 6.645147
v -126.479407 36.046777 5.597154
v -124.449965 34.918479 6.049862
v -129.862079 36.081586 0.544758
v -133.482155 34.019835 1.927173
v -133.045102 37.415595 -0.155336
v -147.614045 79.844894 -4.806798
v -146.454000 78.577169 -4.970115
v -147.251491 78.759434 -5.851759
v -145.595971 75.467440 -4.324534
v -146.485413 74.403312 -2.805190
v -145.971423 77.447762 -3.904940
v -124.569760 92.383432 2.423774
v -123.737120 94.754159 1.487103
v -125.250306 94.147170 2.976827
v -127.314445 88.465840 4.476097
v -126.057539 90.373206 3.070978
v -127.702859 91.697777 3.516167
v -145.672166 79.549899 -4.915694
v -146.454000 78.577169 -4.970115
v -145.652103 79.151787 -5.512170
v -117.243457 22.183054 -23.344077
v -115.979306 23.037350 -21.189387
v -114.946315 18.617391 -19.976534
v -135.733029 3.015181 16.473105
v -131.041259 2.939352 16.338914
v -132.650343 4.971280 15.749828
v -129.006845 41.088015 -6.723042
v -129.224552 39.063686 -5.987575
v -130.075745 39.093518 -6.382280
v -147.285154 78.967705 -4.038310
v -148.599442 77.500804 -6.086904
v -146.817698 78.249743 -4.573676
v -149.081125 78.475007 -7.843343
v -149.565212 78.801372 -7.611159
v -149.132509 78.280743 -7.878080
v -146.312891 79.928526 -3.298073
v -146.288107 80.234190 -3.986255
v -146.476470 79.854419 -4.085801
v -127.226044 84.298891 1.452447
v -126.468953 84.908408 1.605662
v -126.548130 84.825206 1.891308
v -126.838101 85.431505 2.094172
v -127.226044 84.298891 1.452447
v -126.548130 84.825206 1.891308
v -124.620174 29.632873 -21.312739
v -124.515694 32.530272 -23.184955
v -123.040419 27.359605 -24.928197
v -118.556579 19.827900 -16.218856
v -116.561807 20.639807 -16.809723
v -120.321045 27.368254 -18.663145
v -120.629229 75.001548 -11.789924
v -118.244437 78.644780 -11.530941
v -121.220172 71.046237 -14.126467
v -124.771075 87.401329 -11.232857
v -126.643991 87.753247 -12.384278
v -126.230933 89.580058 -11.983811
v -118.168192 35.361612 -18.686907
v -120.225141 39.231062 -21.154917
v -117.034453 47.870100 -12.024101
v -122.195233 75.409113 -10.208317
v -121.007495 80.247913 -6.892513
v -118.244437 78.644780 -11.530941
v -124.179506 37.639848 -20.692892
v -122.622406 29.157552 -25.759318
v -124.515694 32.530272 -23.184955
v -122.469981 89.084279 1.322539
v -123.039103 90.461397 2.511002
v -122.933731 87.334174 3.595519
v -123.834319 96.640169 -0.931382
v -124.839685 96.400219 2.229931
v -123.737120 94.754159 1.487103
v -137.065749 35.890385 9.275104
v -140.274163 28.690618 8.256067
v -137.724063 30.461892 9.752138
v -128.153538 92.526233 -8.682157
v -128.011108 95.338243 -7.387737
v -127.442394 93.741303 -8.121650
v -137.451107 1.449206 11.447206
v -142.280681 1.196608 11.225898
v -137.886219 3.929600 12.189832
v -116.457192 35.110225 -4.034041
v -114.646682 46.592499 -6.113162
v -115.691536 46.434425 -3.157101
v -113.228741 4.506042 -16.937888
v -114.590436 8.057126 -17.443759
v -114.643474 6.632152 -15.332106
v -115.918079 35.561724 -5.348844
v -117.078078 33.905987 -4.739528
v -114.810204 33.783690 -7.201527
v -127.547012 35.754127 3.644119
v -127.367945 37.917447 -0.148258
v -124.433449 36.883190 1.456815
v -123.200287 3.072551 -25.804037
v -118.929480 2.950456 -25.359593
v -122.224113 2.351418 -26.727271
v -140.171803 3.253588 14.720424
v -145.162726 1.917932 13.742382
v -142.745388 2.080248 15.771904
v -137.066956 20.420184 8.134040
v -137.017403 14.204341 12.479906
v -140.437686 27.362200 7.488282
v -124.351734 92.656523 4.082225
v -124.158679 91.758263 3.368985
v -124.437099 93.722952 3.014803
v -126.843771 84.681223 -14.593860
v -126.557412 85.939746 -14.595542
v -126.314808 85.801779 -15.051935
v -116.710663 1.853927 -23.832963
v -118.929480 2.950456 -25.359593
v -115.828473 3.783282 -21.192871
v -145.196733 78.080275 -2.885085
v -145.734201 78.520175 -3.170311
v -145.298865 78.046604 -3.157635
v -121.220172 71.046237 -14.126467
v -118.649470 71.387873 -13.987136
v -121.211325 67.825285 -15.856740
v -114.309657 2.978835 -12.861249
v -112.569948 2.577057 -14.091989
v -114.792564 5.769876 -13.311831
v -129.866161 0.951769 16.111169
v -130.093909 0.000002 14.867756
v -128.181872 0.862785 14.153908
v -134.078899 39.130289 -1.958991
v -134.360628 38.448156 -0.104668
v -133.514661 47.232963 0.640444
v -127.263641 80.953765 -1.522997
v -126.736530 82.322264 0.013100
v -128.027675 82.648355 -1.769587
v -121.394871 86.888289 0.232923
v -122.056377 83.472567 -0.471489
v -121.640164 84.795319 -2.894582
v -124.433449 36.883190 1.456815
v -126.479407 36.046777 5.597154
v -127.547012 35.754127 3.644119
v -148.599442 77.500804 -6.086904
v -147.449775 77.998086 -5.695630
v -146.817698 78.249743 -4.573676
v -145.143431 74.108132 1.189859
v -144.785432 74.273857 1.424681
v -144.535366 74.438032 1.139759
v -118.771477 81.158291 -6.700239
v -119.839374 82.656287 -3.666303
v -115.164435 79.843328 -8.328679
v -127.779005 89.629923 -15.848216
v -123.816070 88.279782 -14.966880
v -126.626476 87.955008 -16.691101
v -130.739904 98.089184 4.912493
v -132.448575 98.827405 3.670292
v -134.339300 96.540691 5.171133
v -132.173135 8.148362 11.600930
v -131.932785 14.606409 9.669390
v -130.608664 5.470010 13.172838
v -135.973673 65.020183 14.311074
v -130.594763 72.612275 10.358774
v -135.764834 67.830803 11.877796
v -126.036513 52.270781 -11.994077
v -125.665524 63.360756 -9.522033
v -123.613765 61.100118 -10.300219
v -125.924922 86.735093 -6.854674
v -127.537526 86.123376 -7.739191
v -126.406837 87.821644 -8.229484
v -144.421024 74.601080 -2.567255
v -142.032970 72.455152 1.980894
v -142.932952 71.723845 -0.039115
v -134.099259 94.841410 0.033760
v -134.387472 93.542928 -1.375041
v -133.440985 93.577791 0.603840
v -148.806740 78.256555 -7.799326
v -149.081125 78.475007 -7.843343
v -149.009480 78.765669 -7.469461
v -145.196733 78.080275 -2.885085
v -144.764802 77.946784 -3.267554
v -145.289769 78.939559 -3.251700
v -131.570080 36.046553 -5.523427
v -132.522013 35.855746 -6.580932
v -130.075745 39.093518 -6.382280
v -148.787098 78.866472 -7.642991
v -148.884361 78.988948 -7.613607
v -148.772172 79.099842 -8.217100
v -119.658748 79.015117 0.015163
v -121.415774 77.719480 4.838800
v -115.451683 78.352867 -4.304495
v -125.704009 52.079619 7.432065
v -123.549190 52.148521 6.963174
v -125.580377 57.754589 5.620523
v -137.273631 5.004546 13.673649
v -135.832026 6.799224 13.111173
v -137.886219 3.929600 12.189832
v -123.613765 61.100118 -10.300219
v -125.665524 63.360756 -9.522033
v -123.093996 64.479832 -10.254836
v -125.704009 52.079619 7.432065
v -125.580377 57.754589 5.620523
v -128.118848 56.521196 5.862636
v -124.912837 85.007010 -13.131962
v -124.933875 85.020803 -12.958199
v -124.625674 86.178993 -12.841931
v -135.712096 94.269015 1.015573
v -134.845003 94.819845 5.169819
v -136.742195 96.119548 -0.166396
v -147.449775 77.998086 -5.695630
v -146.454000 78.577169 -4.970115
v -146.817698 78.249743 -4.573676
v -126.994034 86.597097 3.417378
v -127.314445 88.465840 4.476097
v -128.395458 86.567408 2.925441
v -119.924455 44.640976 4.597309
v -119.108493 36.579713 4.507737
v -117.724591 36.965793 3.955127
v -147.630891 77.558448 -7.970499
v -147.078200 77.611544 -7.065113
v -148.599442 77.500804 -6.086904
v -125.902909 83.045875 -14.486480
v -126.505542 82.237308 -15.694058
v -126.843771 84.681223 -14.593860
v -130.975028 61.104197 -1.094319
v -132.285617 51.282984 -3.396732
v -131.605016 50.825787 -2.366586
v -127.954881 36.242309 -8.869108
v -126.639351 37.055289 -8.545205
v -126.855270 37.621086 -6.843432
v -135.973673 65.020183 14.311074
v -134.984054 64.412680 14.076016
v -130.594763 72.612275 10.358774
v -124.183016 95.967781 -4.277909
v -123.834319 96.640169 -0.931382
v -121.478734 94.176238 -1.494048
v -115.971713 52.840863 -3.448897
v -114.646682 46.592499 -6.113162
v -115.202834 51.992838 -6.835028
v -127.510901 88.326596 -13.032498
v -126.533359 89.424251 -13.442590
v -127.214619 89.762377 -12.640784
v -131.924950 88.442249 0.980639
v -133.977973 91.514571 0.348623
v -132.621535 88.365639 -0.949685
v -132.970220 29.157935 4.606240
v -136.878254 29.028897 3.964223
v -133.482155 34.019835 1.927173
v -146.288107 80.234190 -3.986255
v -146.957677 80.020585 -3.442544
v -147.614045 79.844894 -4.806798
v -132.595729 9.256657 14.875649
v -135.419718 10.347378 14.342988
v -132.650343 4.971280 15.749828
v -147.078200 77.611544 -7.065113
v -146.008364 78.159650 -6.211166
v -145.652103 79.151787 -5.512170
v -148.772172 79.099842 -8.217100
v -149.081125 78.475007 -7.843343
v -148.806740 78.256555 -7.799326
v -121.230048 1.284108 -20.446799
v -120.844479 2.489636 -19.287437
v -123.627140 2.434585 -23.587170
v -130.506081 86.354185 2.580328
v -128.395458 86.567408 2.925441
v -127.314445 88.465840 4.476097
v -124.433449 36.883190 1.456815
v -127.367945 37.917447 -0.148258
v -119.455029 36.279069 -4.219427
v -127.182692 89.794748 -8.352609
v -127.442394 93.741303 -8.121650
v -128.137829 91.213482 -8.078135
v -127.120122 95.377183 2.254442
v -130.018951 97.179819 1.818872
v -129.992776 95.776988 4.203187
v -145.847185 76.215562 -0.087946
v -145.607304 76.010832 -1.407263
v -146.124226 76.067921 -1.718908
v -114.792564 5.769876 -13.311831
v -113.315648 5.335089 -14.303696
v -114.643474 6.632152 -15.332106
v -129.992776 95.776988 4.203187
v -129.410369 93.598271 4.804730
v -126.097112 93.526620 3.048758
v -129.527758 56.770224 4.120357
v -133.194347 48.621820 4.874112
v -130.612946 45.208980 8.387436
v -122.583602 62.435720 -14.648068
v -123.007333 62.031571 -16.093707
v -116.638387 69.732056 -11.612536
v -118.071606 35.788040 -0.434667
v -119.077774 36.044808 1.192493
v -120.153601 34.707516 1.466328
v -128.767104 91.120720 -6.954350
v -127.657908 93.582802 -7.179333
v -126.324238 91.300499 -6.920518
v -149.462276 79.683461 -5.998277
v -148.580236 79.023078 -3.372125
v -149.112515 79.750886 -4.339211
v -142.280681 1.196608 11.225898
v -144.858552 1.623044 12.511850
v -137.886219 3.929600 12.189832
v -122.622406 29.157552 -25.759318
v -123.040419 27.359605 -24.928197
v -124.515694 32.530272 -23.184955
v -131.041259 2.939352 16.338914
v -140.357331 0.717018 17.334422
v -129.866161 0.951769 16.111169
v -121.007495 80.247913 -6.892513
v -126.129134 80.397915 -4.473656
v -123.222147 83.076566 -5.495854
v -131.843896 1.639559 11.717111
v -129.782557 3.359820 12.318461
v -129.528022 0.139620 12.353887
v -116.978056 35.646719 -10.749135
v -117.607525 35.250897 -8.651485
v -118.451570 36.762623 -10.112674
v -115.872368 36.254405 -0.725858
v -117.595239 40.140789 -0.334719
v -118.071606 35.788040 -0.434667
v -131.579342 85.643578 -5.819598
v -129.301338 86.308527 -6.467146
v -129.380085 84.938025 -6.361475
v -136.118427 30.348378 10.115958
v -137.065749 35.890385 9.275104
v -137.724063 30.461892 9.752138
v -129.410369 93.598271 4.804730
v -127.702859 91.697777 3.516167
v -125.596726 92.720324 3.795996
v -146.608147 71.472731 1.327337
v -143.521790 70.292827 3.156548
v -145.760582 73.610302 1.374080
v -126.042246 84.774697 1.887754
v -126.553532 84.095043 1.827544
v -126.265633 84.553313 1.181810
v -124.817984 89.127493 4.285051
v -125.335601 87.572468 4.570923
v -123.515056 88.463223 4.277389
v -148.806740 78.256555 -7.799326
v -148.787098 78.866472 -7.642991
v -147.630891 77.558448 -7.970499
v -124.549274 62.587265 -14.672429
v -123.007333 62.031571 -16.093707
v -122.583602 62.435720 -14.648068
v -142.701599 72.167363 2.517368
v -145.760582 73.610302 1.374080
v -143.521790 70.292827 3.156548
v -118.531671 60.866789 -7.407713
v -118.055934 62.003247 -5.083038
v -117.315192 58.173446 -5.497496
v -145.289769 78.939559 -3.251700
v -145.221004 79.737296 -3.403609
v -145.493603 78.257980 -2.289174
v -120.159846 27.926224 -24.831669
v -118.822204 30.942047 -20.912971
v -117.907715 27.118674 -21.966125
v -122.938238 36.862604 -9.579306
v -121.370644 33.579163 -12.852646
v -119.805296 36.229480 -11.087485
v -130.669123 63.326985 -3.673900
v -132.285617 51.282984 -3.396732
v -130.975028 61.104197 -1.094319
v -145.554572 75.256833 1.255827
v -144.651672 74.747535 1.201359
v -144.247805 74.738117 0.716619
v -113.228741 4.506042 -16.937888
v -112.569948 2.577057 -14.091989
v -112.815995 1.584664 -16.534113
v -119.319952 62.477677 -1.641750
v -118.055934 62.003247 -5.083038
v -115.031114 73.381541 -3.698407
v -144.434912 0.651763 15.383725
v -140.302671 0.145713 16.152111
v -140.357331 0.717018 17.334422
v -114.946315 18.617391 -19.976534
v -115.979306 23.037350 -21.189387
v -115.699254 22.325799 -18.713518
v -124.987380 85.007159 -12.750889
v -124.933875 85.020803 -12.958199
v -124.801287 85.242181 -12.939009
v -122.986723 91.736519 0.801939
v -123.737120 94.754159 1.487103
v -124.569760 92.383432 2.423774
v -137.080907 67.728403 9.877468
v -139.850762 69.385960 5.853884
v -138.766169 68.607011 8.833061
v -113.671836 0.763658 -15.116767
v -115.294543 1.316992 -13.143993
v -119.555505 1.281640 -18.189149
v -115.451683 78.352867 -4.304495
v -114.013895 76.170579 -8.438742
v -115.164435 79.843328 -8.328679
v -135.733029 3.015181 16.473105
v -135.050644 6.070658 14.766705
v -140.171803 3.253588 14.720424
v -148.255775 80.488505 -3.939096
v -146.019706 80.687424 -3.831170
v -147.614045 79.844894 -4.806798
v -134.573051 24.794980 6.842601
v -133.498228 27.674435 7.361072
v -133.550386 24.292128 8.277739
v -137.196476 62.609145 14.216442
v -135.187522 62.884423 13.027607
v -134.984054 64.412680 14.076016
v -114.157755 34.918747 -6.409582
v -114.502010 36.910439 -7.725971
v -114.646682 46.592499 -6.113162
v -128.883322 59.495867 4.101916
v -129.046891 64.792038 3.475847
v -130.639243 59.717352 1.228443
v -118.822204 30.942047 -20.912971
v -120.159846 27.926224 -24.831669
v -120.225141 39.231062 -21.154917
v -126.230933 89.580058 -11.983811
v -126.643991 87.753247 -12.384278
v -127.214619 89.762377 -12.640784
v -121.951841 89.350229 -3.798561
v -121.003830 86.500256 -1.576548
v -121.993845 84.991073 -4.388932
v -144.584192 76.143917 -2.324114
v -145.375225 76.242521 -2.263407
v -145.226425 76.035293 -1.447535
v -118.060182 36.471537 -12.733051
v -116.978056 35.646719 -10.749135
v -118.451570 36.762623 -10.112674
v -133.045102 37.415595 -0.155336
v -134.483784 37.789096 0.950887
v -134.360628 38.448156 -0.104668
v -126.626476 87.955008 -16.691101
v -123.816070 88.279782 -14.966880
v -125.304958 86.298506 -15.174501
v -130.075745 39.093518 -6.382280
v -132.522013 35.855746 -6.580932
v -130.879579 52.225071 -5.856914
v -125.902909 83.045875 -14.486480
v -126.561768 82.725536 -12.195405
v -125.546131 79.638056 -13.842152
v -133.842490 93.661780 2.577079
v -134.845003 94.819845 5.169819
v -135.712096 94.269015 1.015573
v -125.865310 68.065797 -16.696460
v -124.549274 62.587265 -14.672429
v -127.605916 75.276350 -14.750443
v -121.220172 71.046237 -14.126467
v -121.211325 67.825285 -15.856740
v -123.184941 70.473693 -15.515476
v -117.315192 58.173446 -5.497496
v -116.018869 52.738307 -8.592459
v -118.531671 60.866789 -7.407713
v -140.357331 0.717018 17.334422
v -135.733029 3.015181 16.473105
v -142.745388 2.080248 15.771904
v -114.484764 77.540389 -10.111344
v -115.164435 79.843328 -8.328679
v -114.013895 76.170579 -8.438742
v -123.039103 90.461397 2.511002
v -124.158679 91.758263 3.368985
v -123.515056 88.463223 4.277389
v -129.046891 64.792038 3.475847
v -127.355997 61.807013 4.343022
v -128.228979 69.777871 5.251745
v -144.625731 67.422529 -0.521007
v -144.937610 70.231017 -0.862655
v -142.932952 71.723845 -0.039115
v -118.822204 30.942047 -20.912971
v -119.517738 28.489009 -19.181948
v -117.907715 27.118674 -21.966125
v -113.671836 0.763658 -15.116767
v -113.833568 2.014043 -18.362949
v -112.815995 1.584664 -16.534113
v -128.883322 59.495867 4.101916
v -128.118848 56.521196 5.862636
v -125.580377 57.754589 5.620523
v -125.629044 80.020999 -12.198802
v -124.852751 74.790732 -14.291599
v -125.546131 79.638056 -13.842152
v -124.901633 87.435959 -13.205706
v -124.794369 89.588325 -14.223823
v -125.624935 87.804680 -13.868308
v -125.224471 84.645335 -13.157838
v -124.987380 85.007159 -12.750889
v -126.561768 82.725536 -12.195405
v -126.944123 87.120186 -15.227360
v -126.533359 89.424251 -13.442590
v -127.871219 87.960945 -14.757342
v -135.973673 65.020183 14.311074
v -137.196476 62.609145 14.216442
v -134.984054 64.412680 14.076016
v -145.701354 75.296375 0.866913
v -144.651672 74.747535 1.201359
v -145.681319 74.473920 1.416099
v -117.089615 37.662808 -12.274787
v -118.060182 36.471537 -12.733051
v -118.168192 35.361612 -18.686907
v -117.952192 4.965386 -21.561887
v -115.828473 3.783282 -21.192871
v -118.929480 2.950456 -25.359593
v -129.088977 89.456450 -13.324599
v -127.225431 90.129100 -12.053558
v -127.146349 90.485321 -13.965840
v -145.912670 73.565295 -2.659126
v -145.967171 74.352976 -0.501931
v -146.485413 74.403312 -2.805190
v -127.745642 87.465613 -12.446135
v -129.001534 88.688194 -14.617724
v -127.871219 87.960945 -14.757342
v -137.953751 64.675161 13.633178
v -137.529766 67.001685 12.510537
v -143.521790 70.292827 3.156548
v -146.476470 79.854419 -4.085801
v -147.285154 78.967705 -4.038310
v -146.312891 79.928526 -3.298073
v -148.772172 79.099842 -8.217100
v -147.630891 77.558448 -7.970499
v -148.787098 78.866472 -7.642991
v -118.838921 20.650610 -23.812161
v -118.790124 15.789839 -21.581156
v -123.040419 27.359605 -24.928197
v -116.829301 47.894316 -0.471256
v -119.447686 50.468278 3.995915
v -118.480242 47.383808 2.396172
v -117.289447 80.179421 -10.123533
v -121.007495 80.247913 -6.892513
v -118.771477 81.158291 -6.700239
v -135.169561 90.871496 -2.598836
v -132.781091 91.464889 -4.294012
v -131.554368 88.487327 -5.709516
v -121.415774 77.719480 4.838800
v -119.658748 79.015117 0.015163
v -122.056377 83.472567 -0.471489
v -122.195233 75.409113 -10.208317
v -120.629229 75.001548 -11.789924
v -122.345642 71.228795 -10.871664
v -117.366881 70.325694 -9.539137
v -117.664439 64.646123 -7.421777
v -120.541303 64.875440 -9.937775
v -145.375225 76.242521 -2.263407
v -145.971423 77.447762 -3.904940
v -146.485413 74.403312 -2.805190
v -137.066956 20.420184 8.134040
v -134.167126 17.407467 7.923322
v -134.063977 7.103273 12.045659
v -132.031852 46.275759 -1.818813
v -131.947894 55.640168 -0.242080
v -131.605016 50.825787 -2.366586
v -148.980207 80.149438 -6.953782
v -149.565212 78.801372 -7.611159
v -149.462276 79.683461 -5.998277
v -143.521790 70.292827 3.156548
v -146.608147 71.472731 1.327337
v -145.302608 69.483122 1.499849
v -139.401761 26.760795 6.454915
v -138.347084 34.555604 4.279849
v -136.878254 29.028897 3.964223
v -129.699581 37.725284 -10.071090
v -128.760900 36.655044 -10.513848
v -127.954881 36.242309 -8.869108
v -120.225141 39.231062 -21.154917
v -118.168192 35.361612 -18.686907
v -118.822204 30.942047 -20.912971
v -129.992776 95.776988 4.203187
v -126.097112 93.526620 3.048758
v -127.120122 95.377183 2.254442
v -145.554572 75.256833 1.255827
v -145.847185 76.215562 -0.087946
v -145.701354 75.296375 0.866913
v -129.313618 78.478157 -13.200396
v -130.025235 79.621427 -15.596019
v -129.092199 78.175591 -16.058470
v -115.017453 42.175947 -7.301763
v -116.281476 35.504276 -8.311939
v -115.202834 51.992838 -6.835028
v -145.143431 74.108132 1.189859
v -145.760582 73.610302 1.374080
v -145.681319 74.473920 1.416099
v -132.766868 65.536042 9.799668
v -129.813397 70.310880 6.049938
v -128.300365 70.361854 8.143926
v -122.131593 26.100493 -19.205752
v -118.556579 19.827900 -16.218856
v -120.321045 27.368254 -18.663145
v -146.476470 79.854419 -4.085801
v -146.288107 80.234190 -3.986255
v -145.713871 79.260167 -4.581933
v -122.743749 67.388801 -17.305248
v -125.865310 68.065797 -16.696460
v -127.496993 77.002685 -15.765579
v -147.749273 79.234650 -7.748528
v -147.630891 77.558448 -7.970499
v -148.772172 79.099842 -8.217100
v -130.669123 63.326985 -3.673900
v -129.181149 66.564119 -6.077044
v -127.592775 63.076442 -8.078428
v -129.088977 89.456450 -13.324599
v -127.146349 90.485321 -13.965840
v -127.779005 89.629923 -15.848216
v -126.167233 81.225610 3.099989
v -127.530293 79.040963 7.233854
v -123.432345 81.787532 2.157233
v -121.394871 86.888289 0.232923
v -121.003830 86.500256 -1.576548
v -121.748529 89.889502 -1.137892
v -142.932952 71.723845 -0.039115
v -144.937610 70.231017 -0.862655
v -145.770470 72.032227 -2.304092
v -148.567344 79.357584 -7.579153
v -148.772172 79.099842 -8.217100
v -148.980207 80.149438 -6.953782
v -128.228979 69.777871 5.251745
v -131.783733 68.476356 0.506890
v -129.046891 64.792038 3.475847
v -135.441215 41.625943 7.809483
v -137.065749 35.890385 9.275104
v -130.612946 45.208980 8.387436
v -144.357420 77.908053 -5.386932
v -144.421024 74.601080 -2.567255
v -145.227478 76.381167 -5.718803
v -149.009480 78.765669 -7.469461
v -149.565212 78.801372 -7.611159
v -148.884361 78.988948 -7.613607
v -126.314808 85.801779 -15.051935
v -126.557412 85.939746 -14.595542
v -126.944123 87.120186 -15.227360
v -127.214619 89.762377 -12.640784
v -126.643991 87.753247 -12.384278
v -127.510901 88.326596 -13.032498
v -144.848549 74.655893 0.800818
v -146.790126 76.478126 -0.781222
v -145.967171 74.352976 -0.501931
v -126.129134 80.397915 -4.473656
v -126.642769 83.830815 -5.344791
v -123.222147 83.076566 -5.495854
v -132.599128 41.234065 -2.715057
v -131.838234 40.874011 -2.568255
v -131.055576 41.211921 -3.039164
v -114.643474 6.632152 -15.332106
v -116.561807 20.639807 -16.809723
v -115.404980 6.870476 -14.639256
v -129.215870 44.768606 9.483889
v -127.859679 42.274795 8.443448
v -127.323357 46.109540 7.750361
v -121.746487 23.152039 -21.873199
v -120.355270 17.925871 -17.377887
v -122.131593 26.100493 -19.205752
v -136.205229 37.885340 2.406078
v -133.482155 34.019835 1.927173
v -136.878254 29.028897 3.964223
v -126.042246 84.774697 1.887754
v -124.756655 85.277450 2.689995
v -126.553532 84.095043 1.827544
v -146.008364 78.159650 -6.211166
v -146.226432 78.062214 -5.757321
v -145.780130 78.592350 -5.669987
v -148.599442 77.500804 -6.086904
v -149.496140 78.706183 -6.671198
v -149.132509 78.280743 -7.878080
v -137.198433 39.776870 6.310270
v -133.514661 47.232963 0.640444
v -138.347084 34.555604 4.279849
v -146.817698 78.249743 -4.573676
v -145.971423 77.447762 -3.904940
v -145.973147 78.600141 -3.768067
v -132.083121 0.262382 12.286731
v -137.451107 1.449206 11.447206
v -131.843896 1.639559 11.717111
v -145.847185 76.215562 -0.087946
v -146.790126 76.478126 -0.781222
v -145.701354 75.296375 0.866913
v -145.681319 74.473920 1.416099
v -145.516572 73.720202 1.645017
v -145.328217 74.120190 1.843461
v -117.607525 35.250897 -8.651485
v -119.350527 36.238812 -6.849428
v -118.451570 36.762623 -10.112674
v -125.285443 85.000098 3.698222
v -125.335601 87.572468 4.570923
v -126.221471 84.749175 3.435381
v -121.007495 80.247913 -6.892513
v -123.222147 83.076566 -5.495854
v -121.006676 82.854341 -5.147644
v -124.666719 66.469227 -13.751996
v -122.706376 63.804851 -12.955683
v -123.165579 66.336344 -13.027605
v -126.061305 85.429049 1.988035
v -126.042246 84.774697 1.887754
v -126.548130 84.825206 1.891308
v -128.285669 61.129545 -11.534462
v -128.115199 62.108313 -11.114957
v -128.083489 60.876947 -11.317485
v -115.699254 22.325799 -18.713518
v -117.907715 27.118674 -21.966125
v -119.517738 28.489009 -19.181948
v -125.066731 83.810276 1.007117
v -127.670029 83.025789 -0.029032
v -126.736530 82.322264 0.013100
v -145.595971 75.467440 -4.324534
v -146.226432 78.062214 -5.757321
v -145.227478 76.381167 -5.718803
v -129.782557 3.359820 12.318461
v -133.511213 4.876878 11.745157
v -130.608664 5.470010 13.172838
v -125.066731 83.810276 1.007117
v -123.294950 83.733940 1.115063
v -123.455389 86.496764 1.393585
v -128.153538 92.526233 -8.682157
v -127.182692 89.794748 -8.352609
v -127.931966 88.301443 -8.837238
v -134.642303 22.102034 13.566120
v -136.942473 20.286494 13.688361
v -133.506941 17.288771 14.576688
v -145.302608 69.483122 1.499849
v -143.006398 69.106444 3.197775
v -143.521790 70.292827 3.156548
v -134.339300 96.540691 5.171133
v -133.546623 95.865120 5.815874
v -130.739904 98.089184 4.912493
v -114.013895 76.170579 -8.438742
v -114.817624 71.864794 -6.566660
v -115.246893 72.040782 -10.257116
v -129.836822 80.443447 -14.011156
v -129.313618 78.478157 -13.200396
v -127.441091 81.303119 -11.568840
v -132.422856 98.682332 -4.971474
v -133.047233 99.750269 -2.944793
v -129.564163 98.606188 -0.182124
v -124.620174 29.632873 -21.312739
v -125.299083 38.189689 -16.841934
v -124.515694 32.530272 -23.184955
v -128.115199 62.108313 -11.114957
v -128.285669 61.129545 -11.534462
v -128.083489 60.876947 -11.317485
v -144.247805 74.738117 0.716619
v -144.848549 74.655893 0.800818
v -144.092282 73.950084 1.222971
v -133.440985 93.577791 0.603840
v -133.977973 91.514571 0.348623
v -132.256485 91.431917 2.298227
v -126.712074 86.828218 -16.098187
v -129.001534 88.688194 -14.617724
v -126.626476 87.955008 -16.691101
v -141.920757 68.814441 3.504959
v -141.325281 66.224125 6.695629
v -143.006398 69.106444 3.197775
v -123.589197 78.350079 6.296925
v -121.800142 73.575801 6.025107
v -121.415774 77.719480 4.838800
v -149.132509 78.280743 -7.878080
v -147.630891 77.558448 -7.970499
v -148.599442 77.500804 -6.086904
v -116.826730 34.728913 -1.242179
v -115.872368 36.254405 -0.725858
v -118.071606 35.788040 -0.434667
v -130.025235 79.621427 -15.596019
v -127.066946 80.604909 -16.313909
v -129.092199 78.175591 -16.058470
v -119.839374 82.656287 -3.666303
v -121.640164 84.795319 -2.894582
v -122.056377 83.472567 -0.471489
v -124.987380 85.007159 -12.750889
v -125.519395 85.871516 -11.832647
v -126.561768 82.725536 -12.195405
v -125.580377 57.754589 5.620523
v -123.549190 52.148521 6.963174
v -121.234277 50.877720 6.024422
v -117.724591 36.965793 3.955127
v -119.108493 36.579713 4.507737
v -118.667647 34.855729 3.387846
v -133.498228 27.674435 7.361072
v -129.982896 34.760462 7.502439
v -133.452920 29.798191 8.819005
v -140.437686 27.362200 7.488282
v -138.347084 34.555604 4.279849
v -139.401761 26.760795 6.454915
v -146.226432 78.062214 -5.757321
v -146.454000 78.577169 -4.970115
v -146.659853 78.994181 -6.103787
v -148.980207 80.149438 -6.953782
v -149.009480 78.765669 -7.469461
v -148.567344 79.357584 -7.579153
v -123.858334 70.196818 -14.329666
v -127.605916 75.276350 -14.750443
v -124.666719 66.469227 -13.751996
v -126.639351 37.055289 -8.545205
v -125.432765 37.368571 -8.979760
v -126.855270 37.621086 -6.843432
v -124.852751 74.790732 -14.291599
v -123.184941 70.473693 -15.515476
v -125.546131 79.638056 -13.842152
v -115.112344 35.915599 -10.460075
v -116.500789 43.776498 -10.942853
v -115.638554 48.048846 -8.939142
v -131.809272 20.934292 10.822447
v -131.411085 18.214266 10.018730
v -133.550386 24.292128 8.277739
v -115.390198 42.012243 -1.893084
v -115.872368 36.254405 -0.725858
v -115.069179 35.813685 -2.306067
v -119.455029 36.279069 -4.219427
v -119.570060 34.908717 -0.555732
v -120.153601 34.707516 1.466328
v -126.757804 86.507427 -12.004645
v -127.879450 87.164699 -11.387559
v -127.745642 87.465613 -12.446135
v -126.061305 85.429049 1.988035
v -126.838101 85.431505 2.094172
v -126.994034 86.597097 3.417378
v -127.263641 80.953765 -1.522997
v -127.150151 78.281993 -2.854646
v -127.226285 80.343735 0.108185
v -115.230929 6.654748 -19.015443
v -115.828473 3.783282 -21.192871
v -117.410574 7.708534 -20.219146
v -129.699581 37.725284 -10.071090
v -128.342962 38.289362 -7.269728
v -128.856893 49.484431 -7.926382
v -135.832026 6.799224 13.111173
v -135.050644 6.070658 14.766705
v -135.419718 10.347378 14.342988
v -114.502010 36.910439 -7.725971
v -115.017453 42.175947 -7.301763
v -114.646682 46.592499 -6.113162
v -131.924950 88.442249 0.980639
v -133.094406 86.492819 -0.066382
v -130.506081 86.354185 2.580328
v -146.248868 77.563145 -2.012663
v -145.734201 78.520175 -3.170311
v -145.493603 78.257980 -2.289174
v -127.954712 37.664570 9.905712
v -129.215870 44.768606 9.483889
v -129.429940 38.911031 9.856646
v -133.440985 93.577791 0.603840
v -132.256485 91.431917 2.298227
v -133.842490 93.661780 2.577079
v -115.017453 42.175947 -7.301763
v -114.502010 36.910439 -7.725971
v -116.065321 35.765247 -7.617925
v -145.918482 79.260595 -6.618485
v -145.386309 79.549529 -4.765245
v -145.652103 79.151787 -5.512170
v -145.912670 73.565295 -2.659126
v -145.227478 76.381167 -5.718803
v -144.421024 74.601080 -2.567255
v -144.970278 79.038443 -3.923468
v -144.357420 77.908053 -5.386932
v -145.284075 78.719379 -5.782642
v -127.859679 42.274795 8.443448
v -127.304967 37.966124 7.233038
v -127.323357 46.109540 7.750361
v -138.766169 68.607011 8.833061
v -142.701599 72.167363 2.517368
v -143.521790 70.292827 3.156548
v -123.589197 78.350079 6.296925
v -123.432345 81.787532 2.157233
v -127.530293 79.040963 7.233854
v -128.436405 82.842712 -14.298843
v -126.505542 82.237308 -15.694058
v -130.025235 79.621427 -15.596019
v -122.583602 62.435720 -14.648068
v -122.706376 63.804851 -12.955683
v -124.549274 62.587265 -14.672429
v -131.357265 75.716193 4.481728
v -136.324823 67.443123 10.073683
v -135.380363 69.138559 10.324764
v -114.810204 33.783690 -7.201527
v -117.078078 33.905987 -4.739528
v -116.809842 34.389387 -7.481328
v -130.639243 59.717352 1.228443
v -129.046891 64.792038 3.475847
v -130.975028 61.104197 -1.094319
v -126.468953 84.908408 1.605662
v -126.918445 86.312616 2.418284
v -126.838101 85.431505 2.094172
v -118.244437 78.644780 -11.530941
v -120.629229 75.001548 -11.789924
v -122.195233 75.409113 -10.208317
v -115.971127 70.117573 -8.044787
v -115.246893 72.040782 -10.257116
v -114.817624 71.864794 -6.566660
v -118.671390 56.957928 -9.760379
v -118.894730 48.696995 -13.873324
v -120.750760 57.192777 -10.941519
v -124.351734 92.656523 4.082225
v -125.073538 93.079108 3.489432
v -125.596726 92.720324 3.795996
v -121.151377 36.110133 4.585534
v -120.844306 43.273437 5.100749
v -121.156020 41.885495 6.758619
v -146.312891 79.928526 -3.298073
v -145.973147 78.600141 -3.768067
v -146.061717 78.322008 -2.067591
v -124.912837 85.007010 -13.131962
v -125.224471 84.645335 -13.157838
v -124.933875 85.020803 -12.958199
v -149.132509 78.280743 -7.878080
v -149.009480 78.765669 -7.469461
v -149.081125 78.475007 -7.843343
v -117.366881 70.325694 -9.539137
v -115.246893 72.040782 -10.257116
v -115.971127 70.117573 -8.044787
v -137.886219 3.929600 12.189832
v -134.063977 7.103273 12.045659
v -133.511213 4.876878 11.745157
v -138.766169 68.607011 8.833061
v -135.764834 67.830803 11.877796
v -137.080907 67.728403 9.877468
v -130.547862 37.721619 -3.003246
v -131.570080 36.046553 -5.523427
v -130.075745 39.093518 -6.382280
v -134.642303 22.102034 13.566120
v -133.506941 17.288771 14.576688
v -131.882142 19.528060 12.812255
v -133.194347 48.621820 4.874112
v -131.947894 55.640168 -0.242080
v -133.514661 47.232963 0.640444
v -128.760900 36.655044 -10.513848
v -127.250060 38.980751 -10.964611
v -126.510046 38.114448 -10.433328
v -144.070177 72.827901 -2.381142
v -142.932952 71.723845 -0.039115
v -145.770470 72.032227 -2.304092
v -133.550386 24.292128 8.277739
v -131.411085 18.214266 10.018730
v -134.573051 24.794980 6.842601
v -122.226842 29.949204 -17.208355
v -122.131593 26.100493 -19.205752
v -120.321045 27.368254 -18.663145
v -121.951841 89.350229 -3.798561
v -121.748529 89.889502 -1.137892
v -121.003830 86.500256 -1.576548
v -116.065321 35.765247 -7.617925
v -116.281476 35.504276 -8.311939
v -115.017453 42.175947 -7.301763
v -126.510046 38.114448 -10.433328
v -125.432765 37.368571 -8.979760
v -126.639351 37.055289 -8.545205
v -116.826730 34.728913 -1.242179
v -115.069179 35.813685 -2.306067
v -115.872368 36.254405 -0.725858
v -149.009480 78.765669 -7.469461
v -148.884361 78.988948 -7.613607
v -148.567344 79.357584 -7.579153
v -124.666719 66.469227 -13.751996
v -127.605916 75.276350 -14.750443
v -124.549274 62.587265 -14.672429
v -133.758828 26.279997 9.231173
v -131.882142 19.528060 12.812255
v -131.809272 20.934292 10.822447
v -125.505010 68.728614 5.935083
v -128.228979 69.777871 5.251745
v -127.355997 61.807013 4.343022
v -125.278037 82.412887 1.441471
v -126.736530 82.322264 0.013100
v -127.226285 80.343735 0.108185
v -116.281476 35.504276 -8.311939
v -116.978056 35.646719 -10.749135
v -115.112344 35.915599 -10.460075
v -122.743749 67.388801 -17.305248
v -124.271425 62.716071 -16.742916
v -125.865310 68.065797 -16.696460
v -130.506081 86.354185 2.580328
v -130.715524 90.855802 3.161713
v -131.924950 88.442249 0.980639
v -116.044227 78.631869 -11.768384
v -121.220172 71.046237 -14.126467
v -118.244437 78.644780 -11.530941
v -135.764834 67.830803 11.877796
v -130.594763 72.612275 10.358774
v -130.734868 76.392449 8.621669
v -115.957220 34.066497 -2.393833
v -116.826730 34.728913 -1.242179
v -117.078078 33.905987 -4.739528
v -144.357420 77.908053 -5.386932
v -144.584192 76.143917 -2.324114
v -144.421024 74.601080 -2.567255
v -146.454000 78.577169 -4.970115
v -147.449775 77.998086 -5.695630
v -147.251491 78.759434 -5.851759
v -124.794369 89.588325 -14.223823
v -123.816070 88.279782 -14.966880
v -127.779005 89.629923 -15.848216
v -126.406837 87.821644 -8.229484
v -127.931966 88.301443 -8.837238
v -127.182692 89.794748 -8.352609
v -124.389007 60.872746 4.252283
v -125.580377 57.754589 5.620523
v -121.234277 50.877720 6.024422
v -123.834319 96.640169 -0.931382
v -126.491252 97.988391 -3.369488
v -126.629051 98.017550 -0.862200
v -118.531671 60.866789 -7.407713
v -120.423473 61.671380 -9.814785
v -117.664439 64.646123 -7.421777
v -121.003830 86.500256 -1.576548
v -121.394871 86.888289 0.232923
v -121.640164 84.795319 -2.894582
v -118.494924 6.067643 -16.892057
v -117.680448 10.139972 -16.367347
v -118.015762 8.430085 -18.064865
v -114.013895 76.170579 -8.438742
v -115.246893 72.040782 -10.257116
v -115.218557 74.715719 -11.692147
v -120.844306 43.273437 5.100749
v -119.924455 44.640976 4.597309
v -121.234277 50.877720 6.024422
v -114.157755 34.918747 -6.409582
v -114.646682 46.592499 -6.113162
v -115.918079 35.561724 -5.348844
v -122.706376 63.804851 -12.955683
v -121.890684 65.670936 -11.007224
v -123.165579 66.336344 -13.027605
v -121.890684 65.670936 -11.007224
v -122.551326 66.644512 -11.845562
v -123.165579 66.336344 -13.027605
v -131.795949 83.641518 0.079222
v -132.036935 84.672356 -2.173558
v -131.188466 82.151634 -1.357766
v -116.561807 20.639807 -16.809723
v -115.699254 22.325799 -18.713518
v -119.517738 28.489009 -19.181948
v -128.883322 59.495867 4.101916
v -125.580377 57.754589 5.620523
v -127.355997 61.807013 4.343022
v -120.750760 57.192777 -10.941519
v -120.423473 61.671380 -9.814785
v -118.671390 56.957928 -9.760379
v -132.256485 91.431917 2.298227
v -130.715524 90.855802 3.161713
v -133.842490 93.661780 2.577079
v -146.476470 79.854419 -4.085801
v -146.454000 78.577169 -4.970115
v -147.614045 79.844894 -4.806798
v -123.207861 35.331321 6.049521
v -123.549190 52.148521 6.963174
v -123.590306 39.217520 7.869047
v -126.736530 82.322264 0.013100
v -127.670029 83.025789 -0.029032
v -128.027675 82.648355 -1.769587
v -135.712096 94.269015 1.015573
v -134.950154 94.250722 -1.325214
v -134.099259 94.841410 0.033760
v -116.226126 10.982352 -20.162932
v -117.518216 9.937495 -20.023179
v -118.838921 20.650610 -23.812161
v -121.230048 1.284108 -20.446799
v -123.627140 2.434585 -23.587170
v -123.092166 1.618436 -25.722680
v -145.226425 76.035293 -1.447535
v -145.427556 76.396414 -1.786548
v -145.192014 76.854487 -2.402151
v -118.494924 6.067643 -16.892057
v -116.406562 3.795466 -13.681630
v -116.379491 7.941720 -15.267854
v -126.523818 71.049065 6.972104
v -121.800142 73.575801 6.025107
v -127.962225 72.538675 8.905471
v -134.063977 7.103273 12.045659
v -132.173135 8.148362 11.600930
v -133.511213 4.876878 11.745157
v -127.931966 88.301443 -8.837238
v -126.406837 87.821644 -8.229484
v -127.537526 86.123376 -7.739191
v -146.019706 80.687424 -3.831170
v -145.672166 79.549899 -4.915694
v -146.288107 80.234190 -3.986255
v -117.680448 10.139972 -16.367347
v -118.494924 6.067643 -16.892057
v -116.379491 7.941720 -15.267854
v -125.299083 38.189689 -16.841934
v -124.021104 32.662536 -16.777126
v -125.554153 37.524430 -13.967575
v -117.518216 9.937495 -20.023179
v -116.226126 10.982352 -20.162932
v -117.410574 7.708534 -20.219146
v -127.871219 87.960945 -14.757342
v -126.712074 86.828218 -16.098187
v -126.944123 87.120186 -15.227360
v -131.579342 85.643578 -5.819598
v -130.722784 83.737516 -5.292610
v -132.506791 85.321916 -4.025198
v -116.638387 69.732056 -11.612536
v -119.130198 67.918048 -10.487677
v -122.583602 62.435720 -14.648068
v -127.251745 86.152195 -5.955936
v -126.642769 83.830815 -5.344791
v -129.301338 86.308527 -6.467146
v -133.078191 40.929714 -2.783490
v -132.031852 46.275759 -1.818813
v -131.838234 40.874011 -2.568255
v -126.843771 84.681223 -14.593860
v -126.505542 82.237308 -15.694058
v -127.813528 83.938389 -15.203601
v -123.093996 64.479832 -10.254836
v -120.423473 61.671380 -9.814785
v -123.613765 61.100118 -10.300219
v -144.625731 67.422529 -0.521007
v -145.302608 69.483122 1.499849
v -144.937610 70.231017 -0.862655
v -115.971713 52.840863 -3.448897
v -116.829301 47.894316 -0.471256
v -115.691536 46.434425 -3.157101
v -145.015758 77.385040 -2.414945
v -145.454131 77.829351 -2.457330
v -145.607292 77.159771 -1.853877
v -126.643991 87.753247 -12.384278
v -126.434238 86.282848 -14.262605
v -127.745642 87.465613 -12.446135
v -138.766169 68.607011 8.833061
v -137.529766 67.001685 12.510537
v -135.764834 67.830803 11.877796
v -126.533359 89.424251 -13.442590
v -125.624935 87.804680 -13.868308
v -126.418803 89.975177 -13.267917
v -131.783733 68.476356 0.506890
v -131.965747 66.849310 -1.476255
v -129.046891 64.792038 3.475847
v -136.332789 96.781749 -4.943393
v -132.847376 96.473015 -5.343151
v -134.196937 94.949484 -5.037758
v -145.973147 78.600141 -3.768067
v -145.298865 78.046604 -3.157635
v -145.289769 78.939559 -3.251700
v -131.965747 66.849310 -1.476255
v -130.669123 63.326985 -3.673900
v -130.975028 61.104197 -1.094319
v -132.520401 94.406581 -6.223013
v -132.847376 96.473015 -5.343151
v -128.677097 93.962258 -6.970429
v -129.285225 77.122091 -14.294828
v -129.092199 78.175591 -16.058470
v -127.853726 75.591956 -15.476166
v -126.057539 90.373206 3.070978
v -125.596726 92.720324 3.795996
v -127.702859 91.697777 3.516167
v -118.667647 34.855729 3.387846
v -119.077774 36.044808 1.192493
v -117.724591 36.965793 3.955127
v -117.034453 47.870100 -12.024101
v -118.894730 48.696995 -13.873324
v -118.671390 56.957928 -9.760379
v -121.478734 94.176238 -1.494048
v -121.748529 89.889502 -1.137892
v -121.951841 89.350229 -3.798561
v -121.552809 64.655624 -16.588751
v -116.638387 69.732056 -11.612536
v -123.007333 62.031571 -16.093707
v -130.260757 82.287944 0.608191
v -128.807902 84.452248 2.245253
v -130.506081 86.354185 2.580328
v -126.548130 84.825206 1.891308
v -126.553532 84.095043 1.827544
v -126.838101 85.431505 2.094172
v -114.792564 5.769876 -13.311831
v -112.569948 2.577057 -14.091989
v -113.315648 5.335089 -14.303696
v -130.353403 83.601666 -3.533997
v -131.188466 82.151634 -1.357766
v -132.036935 84.672356 -2.173558
v -117.664439 64.646123 -7.421777
v -114.817624 71.864794 -6.566660
v -118.055934 62.003247 -5.083038
v -149.496140 78.706183 -6.671198
v -148.599442 77.500804 -6.086904
v -149.462276 79.683461 -5.998277
v -125.739587 85.932068 -14.977339
v -126.314808 85.801779 -15.051935
v -126.712074 86.828218 -16.098187
v -144.070177 72.827901 -2.381142
v -144.421024 74.601080 -2.567255
v -142.932952 71.723845 -0.039115
v -121.632572 57.813066 2.635383
v -117.315192 58.173446 -5.497496
v -122.239857 61.926782 2.915115
v -133.047233 99.750269 -2.944793
v -132.448575 98.827405 3.670292
v -130.713455 98.906577 2.011641
v -127.182692 89.794748 -8.352609
v -128.137829 91.213482 -8.078135
v -127.888431 90.587127 -7.743670
v -125.335601 87.572468 4.570923
v -125.285443 85.000098 3.698222
v -122.933731 87.334174 3.595519
v -122.131593 26.100493 -19.205752
v -120.355270 17.925871 -17.377887
v -118.556579 19.827900 -16.218856
v -121.007495 80.247913 -6.892513
v -117.289447 80.179421 -10.123533
v -118.244437 78.644780 -11.530941
v -148.567344 79.357584 -7.579153
v -147.749273 79.234650 -7.748528
v -148.772172 79.099842 -8.217100
v -145.015758 77.385040 -2.414945
v -145.196733 78.080275 -2.885085
v -145.493603 78.257980 -2.289174
v -124.696216 89.754628 -6.379423
v -123.349110 86.125230 -5.425623
v -124.361918 88.181626 -7.017079
v -145.595971 75.467440 -4.324534
v -145.971423 77.447762 -3.904940
v -146.226432 78.062214 -5.757321
v -137.066956 20.420184 8.134040
v -135.553456 8.883103 12.722389
v -137.017403 14.204341 12.479906
v -133.758828 26.279997 9.231173
v -131.809272 20.934292 10.822447
v -133.550386 24.292128 8.277739
v -121.993845 84.991073 -4.388932
v -121.006676 82.854341 -5.147644
v -123.222147 83.076566 -5.495854
v -126.061305 85.429049 1.988035
v -126.468953 84.908408 1.605662
v -126.838101 85.431505 2.094172
v -114.157755 34.918747 -6.409582
v -115.918079 35.561724 -5.348844
v -114.810204 33.783690 -7.201527
v -130.612946 45.208980 8.387436
v -129.820190 38.273455 8.921921
v -129.429940 38.911031 9.856646
v -123.834319 96.640169 -0.931382
v -126.629051 98.017550 -0.862200
v -124.839685 96.400219 2.229931
v -131.605016 50.825787 -2.366586
v -132.285617 51.282984 -3.396732
v -131.055576 41.211921 -3.039164
v -126.879120 67.504715 -9.604384
v -127.592775 63.076442 -8.078428
v -129.181149 66.564119 -6.077044
v -129.181149 66.564119 -6.077044
v -130.669123 63.326985 -3.673900
v -131.879075 68.622083 -2.241430
v -125.299083 38.189689 -16.841934
v -125.472593 44.272135 -15.859815
v -124.917444 41.235701 -19.367707
v -149.565212 78.801372 -7.611159
v -148.980207 80.149438 -6.953782
v -148.772172 79.099842 -8.217100
v -133.482155 34.019835 1.927173
v -134.483784 37.789096 0.950887
v -133.045102 37.415595 -0.155336
v -135.553456 8.883103 12.722389
v -137.066956 20.420184 8.134040
v -134.063977 7.103273 12.045659
v -127.496993 77.002685 -15.765579
v -125.865310 68.065797 -16.696460
v -127.853726 75.591956 -15.476166
v -124.812355 84.447163 -6.498600
v -124.361918 88.181626 -7.017079
v -123.349110 86.125230 -5.425623
v -120.252407 3.964683 -23.090550
v -119.520218 5.812791 -20.009136
v -117.952192 4.965386 -21.561887
v -118.168192 35.361612 -18.686907
v -118.060182 36.471537 -12.733051
v -119.870932 30.627919 -17.770946
v -118.671390 56.957928 -9.760379
v -118.531671 60.866789 -7.407713
v -116.018869 52.738307 -8.592459
v -127.779005 89.629923 -15.848216
v -126.626476 87.955008 -16.691101
v -129.001534 88.688194 -14.617724
v -134.078899 39.130289 -1.958991
v -131.947894 55.640168 -0.242080
v -132.031852 46.275759 -1.818813
v -127.931966 88.301443 -8.837238
v -127.537526 86.123376 -7.739191
v -129.037004 88.104736 -8.153649
v -125.285443 85.000098 3.698222
v -124.756655 85.277450 2.689995
v -122.933731 87.334174 3.595519
v -121.552809 64.655624 -16.588751
v -122.743749 67.388801 -17.305248
v -121.211325 67.825285 -15.856740
v -145.847185 76.215562 -0.087946
v -144.247805 74.738117 0.716619
v -145.226425 76.035293 -1.447535
v -132.897940 86.896182 -2.793719
v -135.191090 91.288216 -1.251060
v -132.506791 85.321916 -4.025198
v -123.039103 90.461397 2.511002
v -121.491956 91.545975 0.635602
v -122.986723 91.736519 0.801939
v -131.419275 73.166455 4.830229
v -136.307365 64.195296 10.326231
v -135.285632 67.124226 9.148801
v -135.380363 69.138559 10.324764
v -130.734868 76.392449 8.621669
v -130.686534 78.081645 5.153942
v -148.787098 78.866472 -7.642991
v -148.806740 78.256555 -7.799326
v -149.009480 78.765669 -7.469461
v -127.670029 83.025789 -0.029032
v -126.265633 84.553313 1.181810
v -127.226044 84.298891 1.452447
v -144.970278 79.038443 -3.923468
v -145.284075 78.719379 -5.782642
v -145.386309 79.549529 -4.765245
v -146.715505 70.896211 0.062004
v -145.912670 73.565295 -2.659126
v -145.770470 72.032227 -2.304092
v -121.254569 49.231006 -14.522975
v -124.468960 46.790556 -15.637922
v -123.137947 54.789840 -12.244318
v -132.522013 35.855746 -6.580932
v -133.627931 39.850986 -4.617028
v -130.879579 52.225071 -5.856914
v -119.447686 50.468278 3.995915
v -121.234277 50.877720 6.024422
v -119.924455 44.640976 4.597309
v -124.271425 62.716071 -16.742916
v -124.549274 62.587265 -14.672429
v -125.865310 68.065797 -16.696460
v -127.954712 37.664570 9.905712
v -127.304967 37.966124 7.233038
v -127.859679 42.274795 8.443448
v -128.181872 0.862785 14.153908
v -129.528022 0.139620 12.353887
v -129.782557 3.359820 12.318461
v -147.545851 79.656281 -6.588156
v -148.980207 80.149438 -6.953782
v -147.614045 79.844894 -4.806798
v -121.890684 65.670936 -11.007224
v -119.130198 67.918048 -10.487677
v -120.541303 64.875440 -9.937775
v -119.350527 36.238812 -6.849428
v -122.938238 36.862604 -9.579306
v -118.451570 36.762623 -10.112674
v -120.423473 61.671380 -9.814785
v -118.531671 60.866789 -7.407713
v -118.671390 56.957928 -9.760379
v -118.790124 15.789839 -21.581156
v -118.310663 10.977659 -18.493072
v -121.746487 23.152039 -21.873199
v -126.805355 87.910073 -10.126019
v -127.879450 87.164699 -11.387559
v -126.757804 86.507427 -12.004645
v -124.794369 89.588325 -14.223823
v -127.146349 90.485321 -13.965840
v -126.418803 89.975177 -13.267917
v -123.200287 3.072551 -25.804037
v -123.627140 2.434585 -23.587170
v -121.094795 3.842953 -21.466870
v -127.954881 36.242309 -8.869108
v -128.342962 38.289362 -7.269728
v -129.699581 37.725284 -10.071090
v -116.018869 52.738307 -8.592459
v -115.638554 48.048846 -8.939142
v -117.034453 47.870100 -12.024101
v -122.015624 35.625866 5.749484
v -123.207861 35.331321 6.049521
v -122.332411 35.265911 4.029858
v -127.962225 72.538675 8.905471
v -128.300365 70.361854 8.143926
v -126.523818 71.049065 6.972104
v -126.265932 85.811065 -14.377093
v -125.281484 84.687470 -14.501923
v -125.739587 85.932068 -14.977339
v -126.918445 86.312616 2.418284
v -128.395458 86.567408 2.925441
v -126.838101 85.431505 2.094172
v -131.579342 85.643578 -5.819598
v -135.169561 90.871496 -2.598836
v -131.554368 88.487327 -5.709516
v -144.070177 72.827901 -2.381142
v -145.770470 72.032227 -2.304092
v -145.912670 73.565295 -2.659126
v -126.855270 37.621086 -6.843432
v -125.432765 37.368571 -8.979760
v -122.938238 36.862604 -9.579306
v -125.335601 87.572468 4.570923
v -127.314445 88.465840 4.476097
v -126.994034 86.597097 3.417378
v -115.202834 51.992838 -6.835028
v -116.281476 35.504276 -8.311939
v -115.638554 48.048846 -8.939142
v -125.546131 79.638056 -13.842152
v -126.505542 82.237308 -15.694058
v -125.902909 83.045875 -14.486480
v -136.460185 94.941808 -3.792179
v -134.705901 94.278074 -3.155240
v -134.950154 94.250722 -1.325214
v -138.037736 19.050303 12.551781
v -135.419718 10.347378 14.342988
v -136.942473 20.286494 13.688361
v -131.570080 36.046553 -5.523427
v -131.014923 36.351890 -3.126057
v -132.856339 35.281796 -5.267043
v -147.749273 79.234650 -7.748528
v -149.009480 78.765669 -7.469461
v -148.980207 80.149438 -6.953782
v -128.011108 95.338243 -7.387737
v -128.153538 92.526233 -8.682157
v -128.289235 93.969321 -7.366744
v -124.351734 92.656523 4.082225
v -126.057539 90.373206 3.070978
v -124.817984 89.127493 4.285051
v -136.742195 96.119548 -0.166396
v -136.460185 94.941808 -3.792179
v -135.712096 94.269015 1.015573
v -144.584192 76.143917 -2.324114
v -145.192014 76.854487 -2.402151
v -145.375225 76.242521 -2.263407
v -116.018869 52.738307 -8.592459
v -115.202834 51.992838 -6.835028
v -115.638554 48.048846 -8.939142
v -145.713871 79.260167 -4.581933
v -146.288107 80.234190 -3.986255
v -145.672166 79.549899 -4.915694
v -122.226842 29.949204 -17.208355
v -124.266051 37.285172 -10.703632
v -125.554153 37.524430 -13.967575
v -145.734201 78.520175 -3.170311
v -145.196733 78.080275 -2.885085
v -145.454131 77.829351 -2.457330
v -145.780130 78.592350 -5.669987
v -146.226432 78.062214 -5.757321
v -147.078200 77.611544 -7.065113
v -127.888431 90.587127 -7.743670
v -124.696216 89.754628 -6.379423
v -127.182692 89.794748 -8.352609
v -127.226044 84.298891 1.452447
v -128.807902 84.452248 2.245253
v -130.260757 82.287944 0.608191
v -117.680448 10.139972 -16.367347
v -118.556579 19.827900 -16.218856
v -120.355270 17.925871 -17.377887
v -127.813528 83.938389 -15.203601
v -126.824242 85.472118 -13.453400
v -126.843771 84.681223 -14.593860
v -124.739546 84.249204 -5.707681
v -126.642769 83.830815 -5.344791
v -124.812355 84.447163 -6.498600
v -115.979306 23.037350 -21.189387
v -117.907715 27.118674 -21.966125
v -115.699254 22.325799 -18.713518
v -124.794369 89.588325 -14.223823
v -124.901633 87.435959 -13.205706
v -123.816070 88.279782 -14.966880
v -144.937610 70.231017 -0.862655
v -146.715505 70.896211 0.062004
v -145.770470 72.032227 -2.304092
v -127.250060 38.980751 -10.964611
v -128.760900 36.655044 -10.513848
v -129.133535 38.573276 -11.047197
v -121.951841 89.350229 -3.798561
v -123.315730 92.513036 -6.186112
v -121.478734 94.176238 -1.494048
v -119.520218 5.812791 -20.009136
v -121.094795 3.842953 -21.466870
v -120.844479 2.489636 -19.287437
v -144.070177 72.827901 -2.381142
v -145.912670 73.565295 -2.659126
v -144.421024 74.601080 -2.567255
v -129.982896 34.760462 7.502439
v -129.820190 38.273455 8.921921
v -136.118427 30.348378 10.115958
v -136.118427 30.348378 10.115958
v -133.452920 29.798191 8.819005
v -129.982896 34.760462 7.502439
v -144.956985 74.344667 1.358380
v -144.535366 74.438032 1.139759
v -144.785432 74.273857 1.424681
v -134.642303 22.102034 13.566120
v -133.758828 26.279997 9.231173
v -135.412985 26.499146 11.173540
v -137.065749 35.890385 9.275104
v -137.198433 39.776870 6.310270
v -140.274163 28.690618 8.256067
v -114.946315 18.617391 -19.976534
v -115.699254 22.325799 -18.713518
v -114.643474 6.632152 -15.332106
v -135.412985 26.499146 11.173540
v -133.452920 29.798191 8.819005
v -136.118427 30.348378 10.115958
v -115.451683 78.352867 -4.304495
v -122.056377 83.472567 -0.471489
v -119.658748 79.015117 0.015163
v -145.780130 78.592350 -5.669987
v -146.454000 78.577169 -4.970115
v -145.284075 78.719379 -5.782642
v -131.419275 73.166455 4.830229
v -129.813397 70.310880 6.049938
v -136.307365 64.195296 10.326231
v -130.506081 86.354185 2.580328
v -128.807902 84.452248 2.245253
v -128.395458 86.567408 2.925441
v -145.221004 79.737296 -3.403609
v -146.312891 79.928526 -3.298073
v -145.493603 78.257980 -2.289174
v -126.230933 89.580058 -11.983811
v -126.326713 88.924449 -10.391616
v -124.771075 87.401329 -11.232857
v -133.498228 27.674435 7.361072
v -133.758828 26.279997 9.231173
v -133.550386 24.292128 8.277739
v -123.137947 54.789840 -12.244318
v -124.468960 46.790556 -15.637922
v -126.036513 52.270781 -11.994077
v -148.599442 77.500804 -6.086904
v -147.078200 77.611544 -7.065113
v -147.449775 77.998086 -5.695630
v -120.844306 43.273437 5.100749
v -120.746154 35.248631 3.894979
v -119.924455 44.640976 4.597309
v -118.838921 20.650610 -23.812161
v -117.243457 22.183054 -23.344077
v -116.226126 10.982352 -20.162932
v -115.872368 36.254405 -0.725858
v -115.390198 42.012243 -1.893084
v -117.595239 40.140789 -0.334719
v -118.556579 19.827900 -16.218856
v -115.404980 6.870476 -14.639256
v -116.561807 20.639807 -16.809723
v -147.545851 79.656281 -6.588156
v -145.918482 79.260595 -6.618485
v -147.749273 79.234650 -7.748528
v -113.228741 4.506042 -16.937888
v -113.315648 5.335089 -14.303696
v -112.569948 2.577057 -14.091989
v -124.747620 86.169611 -13.685745
v -124.912837 85.007010 -13.131962
v -125.281484 84.687470 -14.501923
v -127.745642 87.465613 -12.446135
v -126.434238 86.282848 -14.262605
v -126.824242 85.472118 -13.453400
v -123.858334 70.196818 -14.329666
v -123.184941 70.473693 -15.515476
v -124.852751 74.790732 -14.291599
v -121.993845 84.991073 -4.388932
v -121.003830 86.500256 -1.576548
v -121.640164 84.795319 -2.894582
v -124.702239 35.132242 7.554268
v -125.233769 44.046444 7.890211
v -126.083683 37.085003 6.645147
v -147.285154 78.967705 -4.038310
v -149.462276 79.683461 -5.998277
v -148.599442 77.500804 -6.086904
v -132.781091 91.464889 -4.294012
v -134.387472 93.542928 -1.375041
v -134.705901 94.278074 -3.155240
v -122.938238 36.862604 -9.579306
v -124.266051 37.285172 -10.703632
v -122.226842 29.949204 -17.208355
v -116.561807 20.639807 -16.809723
v -114.643474 6.632152 -15.332106
v -115.699254 22.325799 -18.713518
v -126.042246 84.774697 1.887754
v -126.061305 85.429049 1.988035
v -124.756655 85.277450 2.689995
v -137.039821 66.357269 9.254102
v -137.080907 67.728403 9.877468
v -136.324823 67.443123 10.073683
v -123.349110 86.125230 -5.425623
v -124.739546 84.249204 -5.707681
v -124.812355 84.447163 -6.498600
v -124.021104 32.662536 -16.777126
v -124.620174 29.632873 -21.312739
v -122.131593 26.100493 -19.205752
v -126.468953 84.908408 1.605662
v -126.265633 84.553313 1.181810
v -126.918445 86.312616 2.418284
v -145.734201 78.520175 -3.170311
v -146.061717 78.322008 -2.067591
v -145.973147 78.600141 -3.768067
v -131.795949 83.641518 0.079222
v -133.094406 86.492819 -0.066382
v -132.036935 84.672356 -2.173558
v -126.843771 84.681223 -14.593860
v -125.281484 84.687470 -14.501923
v -125.902909 83.045875 -14.486480
v -115.164435 79.843328 -8.328679
v -117.289447 80.179421 -10.123533
v -118.771477 81.158291 -6.700239
v -134.483784 37.789096 0.950887
v -133.514661 47.232963 0.640444
v -134.360628 38.448156 -0.104668
v -126.824242 85.472118 -13.453400
v -126.265932 85.811065 -14.377093
v -126.843771 84.681223 -14.593860
v -130.608664 5.470010 13.172838
v -131.882142 19.528060 12.812255
v -130.428677 5.460276 13.780361
v -115.971713 52.840863 -3.448897
v -117.315192 58.173446 -5.497496
v -121.632572 57.813066 2.635383
v -122.029533 42.799407 7.017852
v -122.015624 35.625866 5.749484
v -121.239182 37.388164 7.276951
v -126.643991 87.753247 -12.384278
v -125.624935 87.804680 -13.868308
v -126.434238 86.282848 -14.262605
v -138.347084 34.555604 4.279849
v -136.205229 37.885340 2.406078
v -136.878254 29.028897 3.964223
v -128.395458 86.567408 2.925441
v -126.918445 86.312616 2.418284
v -126.994034 86.597097 3.417378
v -138.766169 68.607011 8.833061
v -139.850762 69.385960 5.853884
v -142.701599 72.167363 2.517368
v -129.037004 88.104736 -8.153649
v -128.767104 91.120720 -6.954350
v -127.888431 90.587127 -7.743670
v -145.666267 77.134534 -1.523325
v -145.607304 76.010832 -1.407263
v -145.226425 76.035293 -1.447535
v -144.357420 77.908053 -5.386932
v -145.227478 76.381167 -5.718803
v -145.058503 76.735367 -6.895050
v -127.670029 83.025789 -0.029032
v -130.260757 82.287944 0.608191
v -128.027675 82.648355 -1.769587
v -127.605916 75.276350 -14.750443
v -123.858334 70.196818 -14.329666
v -125.927516 75.700323 -13.889909
v -130.686534 78.081645 5.153942
v -131.357265 75.716193 4.481728
v -135.380363 69.138559 10.324764
v -116.710663 1.853927 -23.832963
v -115.064003 1.000920 -18.607640
v -118.210751 1.244071 -23.622327
v -127.323357 46.109540 7.750361
v -125.233769 44.046444 7.890211
v -125.704009 52.079619 7.432065
v -122.056377 83.472567 -0.471489
v -123.432345 81.787532 2.157233
v -121.415774 77.719480 4.838800
v -124.021104 32.662536 -16.777126
v -125.299083 38.189689 -16.841934
v -124.620174 29.632873 -21.312739
v -124.852751 74.790732 -14.291599
v -125.927516 75.700323 -13.889909
v -123.858334 70.196818 -14.329666
v -130.075745 39.093518 -6.382280
v -129.224552 39.063686 -5.987575
v -130.547862 37.721619 -3.003246
v -112.569948 2.577057 -14.091989
v -113.379166 1.466098 -13.652607
v -113.671836 0.763658 -15.116767
v -127.367945 37.917447 -0.148258
v -129.677785 38.234461 -1.569721
v -127.933053 38.251298 -5.006783
v -127.250060 38.980751 -10.964611
v -129.133535 38.573276 -11.047197
v -128.486054 53.150939 -9.152756
v -115.218557 74.715719 -11.692147
v -118.649470 71.387873 -13.987136
v -116.044227 78.631869 -11.768384
v -131.924950 88.442249 0.980639
v -130.715524 90.855802 3.161713
v -132.256485 91.431917 2.298227
v -115.451683 78.352867 -4.304495
v -121.415774 77.719480 4.838800
v -121.800142 73.575801 6.025107
v -128.137829 91.213482 -8.078135
v -128.153538 92.526233 -8.682157
v -127.931966 88.301443 -8.837238
v -131.947894 55.640168 -0.242080
v -133.194347 48.621820 4.874112
v -129.527758 56.770224 4.120357
v -127.924667 96.860021 -4.914929
v -127.158150 95.289266 -6.775618
v -128.011108 95.338243 -7.387737
v -124.917444 41.235701 -19.367707
v -124.179506 37.639848 -20.692892
v -125.299083 38.189689 -16.841934
v -131.297646 97.069669 -4.358347
v -132.847376 96.473015 -5.343151
v -132.422856 98.682332 -4.971474
v -135.169561 90.871496 -2.598836
v -132.506791 85.321916 -4.025198
v -135.191090 91.288216 -1.251060
v -131.947894 55.640168 -0.242080
v -130.975028 61.104197 -1.094319
v -131.605016 50.825787 -2.366586
v -122.056377 83.472567 -0.471489
v -115.451683 78.352867 -4.304495
v -119.839374 82.656287 -3.666303
v -115.404980 6.870476 -14.639256
v -116.379491 7.941720 -15.267854
v -114.792564 5.769876 -13.311831
v -126.167233 81.225610 3.099989
v -127.226285 80.343735 0.108185
v -128.581425 78.477252 1.821297
v -139.601250 65.885916 7.365140
v -139.850762 69.385960 5.853884
v -137.039821 66.357269 9.254102
v -123.137947 54.789840 -12.244318
v -126.036513 52.270781 -11.994077
v -123.613765 61.100118 -10.300219
v -128.436405 82.842712 -14.298843
v -126.882329 84.388607 -12.792332
v -126.824242 85.472118 -13.453400
v -131.411085 18.214266 10.018730
v -131.882142 19.528060 12.812255
v -130.608664 5.470010 13.172838
v -127.146349 90.485321 -13.965840
v -124.794369 89.588325 -14.223823
v -127.779005 89.629923 -15.848216
v -129.164458 4.212673 14.722940
v -128.181872 0.862785 14.153908
v -129.782557 3.359820 12.318461
v -129.383498 96.141934 -4.873086
v -127.924667 96.860021 -4.914929
v -128.289235 93.969321 -7.366744
v -124.389007 60.872746 4.252283
v -122.094901 70.345509 5.725034
v -125.505010 68.728614 5.935083
v -122.094901 70.345509 5.725034
v -121.800142 73.575801 6.025107
v -126.523818 71.049065 6.972104
v -125.554153 37.524430 -13.967575
v -124.266051 37.285172 -10.703632
v -126.510046 38.114448 -10.433328
v -125.596726 92.720324 3.795996
v -125.073538 93.079108 3.489432
v -126.097112 93.526620 3.048758
v -146.226432 78.062214 -5.757321
v -146.817698 78.249743 -4.573676
v -146.454000 78.577169 -4.970115
v -131.357265 75.716193 4.481728
v -131.067711 72.166932 0.511609
v -131.419275 73.166455 4.830229
v -131.879075 68.622083 -2.241430
v -131.067711 72.166932 0.511609
v -127.150151 78.281993 -2.854646
v -135.419718 10.347378 14.342988
v -132.595729 9.256657 14.875649
v -133.506941 17.288771 14.576688
v -126.418803 89.975177 -13.267917
v -126.834033 89.930319 -12.905200
v -127.225431 90.129100 -12.053558
v -127.286667 49.509942 -10.282385
v -125.665524 63.360756 -9.522033
v -126.036513 52.270781 -11.994077
v -131.858849 94.204725 4.605949
v -133.842490 93.661780 2.577079
v -130.715524 90.855802 3.161713
v -119.839374 82.656287 -3.666303
v -118.771477 81.158291 -6.700239
v -121.006676 82.854341 -5.147644
v -133.511213 4.876878 11.745157
v -129.782557 3.359820 12.318461
v -131.843896 1.639559 11.717111
v -142.367357 0.263951 11.776070
v -144.858552 1.623044 12.511850
v -142.280681 1.196608 11.225898
v -127.657908 93.582802 -7.179333
v -123.315730 92.513036 -6.186112
v -126.324238 91.300499 -6.920518
v -133.703632 90.650416 -0.953007
v -132.621535 88.365639 -0.949685
v -133.977973 91.514571 0.348623
v -144.357420 77.908053 -5.386932
v -145.918482 79.260595 -6.618485
v -145.284075 78.719379 -5.782642
v -126.882329 84.388607 -12.792332
v -126.757804 86.507427 -12.004645
v -126.824242 85.472118 -13.453400
v -117.089615 37.662808 -12.274787
v -116.500789 43.776498 -10.942853
v -115.112344 35.915599 -10.460075
v -130.734868 76.392449 8.621669
v -130.594763 72.612275 10.358774
v -127.530293 79.040963 7.233854
v -125.898014 78.014050 -15.140282
v -123.184941 70.473693 -15.515476
v -127.496993 77.002685 -15.765579
v -127.530293 79.040963 7.233854
v -130.594763 72.612275 10.358774
v -127.962225 72.538675 8.905471
v -123.039103 90.461397 2.511002
v -122.986723 91.736519 0.801939
v -124.569760 92.383432 2.423774
v -124.569760 92.383432 2.423774
v -124.158679 91.758263 3.368985
v -123.039103 90.461397 2.511002
v -120.922694 36.159831 5.706313
v -121.239182 37.388164 7.276951
v -121.637884 35.738462 6.491587
v -145.227478 76.381167 -5.718803
v -146.226432 78.062214 -5.757321
v -146.521053 76.448085 -7.640415
v -135.191090 91.288216 -1.251060
v -133.977973 91.514571 0.348623
v -133.440985 93.577791 0.603840
v -126.083683 37.085003 6.645147
v -127.809593 36.108417 6.602316
v -126.479407 36.046777 5.597154
v -132.621535 88.365639 -0.949685
v -133.703632 90.650416 -0.953007
v -132.897940 86.896182 -2.793719
v -124.839685 96.400219 2.229931
v -127.120122 95.377183 2.254442
v -125.250306 94.147170 2.976827
v -123.071980 86.757088 1.903309
v -122.933731 87.334174 3.595519
v -124.756655 85.277450 2.689995
v -125.250306 94.147170 2.976827
v -126.097112 93.526620 3.048758
v -124.569760 92.383432 2.423774
v -139.601250 65.885916 7.365140
v -136.307365 64.195296 10.326231
v -136.744127 62.318262 11.531037
v -127.323357 46.109540 7.750361
v -127.304967 37.966124 7.233038
v -126.083683 37.085003 6.645147
v -127.452135 82.771212 -4.169688
v -130.722784 83.737516 -5.292610
v -126.642769 83.830815 -5.344791
v -120.355270 17.925871 -17.377887
v -121.746487 23.152039 -21.873199
v -118.310663 10.977659 -18.493072
v -125.285443 85.000098 3.698222
v -126.553532 84.095043 1.827544
v -124.756655 85.277450 2.689995
v -132.422856 98.682332 -4.971474
v -129.564163 98.606188 -0.182124
v -131.297646 97.069669 -4.358347
v -145.196733 78.080275 -2.885085
v -145.289769 78.939559 -3.251700
v -145.493603 78.257980 -2.289174
v -124.812355 84.447163 -6.498600
v -125.924922 86.735093 -6.854674
v -124.361918 88.181626 -7.017079
v -129.046891 64.792038 3.475847
v -131.965747 66.849310 -1.476255
v -130.975028 61.104197 -1.094319
v -122.551326 66.644512 -11.845562
v -122.732409 69.629453 -13.999839
v -123.165579 66.336344 -13.027605
v -126.434238 86.282848 -14.262605
v -126.265932 85.811065 -14.377093
v -126.824242 85.472118 -13.453400
v -131.357265 75.716193 4.481728
v -128.581425 78.477252 1.821297
v -131.067711 72.166932 0.511609
v -127.066946 80.604909 -16.313909
v -127.496993 77.002685 -15.765579
v -129.092199 78.175591 -16.058470
v -129.677785 38.234461 -1.569721
v -129.862079 36.081586 0.544758
v -133.045102 37.415595 -0.155336
v -145.162726 1.917932 13.742382
v -140.171803 3.253588 14.720424
v -144.858552 1.623044 12.511850
v -122.029533 42.799407 7.017852
v -121.234277 50.877720 6.024422
v -123.549190 52.148521 6.963174
v -123.207861 35.331321 6.049521
v -122.015624 35.625866 5.749484
v -123.549190 52.148521 6.963174
v -122.015624 35.625866 5.749484
v -122.029533 42.799407 7.017852
v -123.549190 52.148521 6.963174
v -132.970220 29.157935 4.606240
v -127.367945 37.917447 -0.148258
v -127.547012 35.754127 3.644119
v -148.255775 80.488505 -3.939096
v -147.614045 79.844894 -4.806798
v -148.980207 80.149438 -6.953782
v -147.545851 79.656281 -6.588156
v -147.749273 79.234650 -7.748528
v -148.980207 80.149438 -6.953782
v -121.094795 3.842953 -21.466870
v -123.627140 2.434585 -23.587170
v -120.844479 2.489636 -19.287437
v -127.954712 37.664570 9.905712
v -129.429940 38.911031 9.856646
v -128.563556 36.492379 9.464522
v -127.605916 75.276350 -14.750443
v -129.285225 77.122091 -14.294828
v -127.853726 75.591956 -15.476166
v -131.579342 85.643578 -5.819598
v -132.506791 85.321916 -4.025198
v -135.169561 90.871496 -2.598836
v -129.215870 44.768606 9.483889
v -128.883322 59.495867 4.101916
v -130.612946 45.208980 8.387436
v -118.822204 30.942047 -20.912971
v -119.870932 30.627919 -17.770946
v -119.517738 28.489009 -19.181948
v -128.883322 59.495867 4.101916
v -130.639243 59.717352 1.228443
v -129.527758 56.770224 4.120357
v -118.838921 20.650610 -23.812161
v -117.518216 9.937495 -20.023179
v -118.790124 15.789839 -21.581156
v -126.083683 37.085003 6.645147
v -125.233769 44.046444 7.890211
v -127.323357 46.109540 7.750361
v -114.646682 46.592499 -6.113162
v -115.017453 42.175947 -7.301763
v -115.202834 51.992838 -6.835028
v -131.055576 41.211921 -3.039164
v -132.285617 51.282984 -3.396732
v -132.599128 41.234065 -2.715057
v -136.744127 62.318262 11.531037
v -132.766868 65.536042 9.799668
v -135.187522 62.884423 13.027607
v -148.255775 80.488505 -3.939096
v -149.112515 79.750886 -4.339211
v -148.580236 79.023078 -3.372125
v -132.847376 96.473015 -5.343151
v -134.060906 98.123455 -5.537471
v -132.422856 98.682332 -4.971474
v -129.215870 44.768606 9.483889
v -127.954712 37.664570 9.905712
v -127.859679 42.274795 8.443448
v -137.198433 39.776870 6.310270
v -133.194347 48.621820 4.874112
v -133.514661 47.232963 0.640444
v -116.457192 35.110225 -4.034041
v -115.390198 42.012243 -1.893084
v -115.069179 35.813685 -2.306067
v -124.666719 66.469227 -13.751996
v -124.549274 62.587265 -14.672429
v -122.706376 63.804851 -12.955683
v -127.510901 88.326596 -13.032498
v -127.871219 87.960945 -14.757342
v -126.533359 89.424251 -13.442590
v -139.601250 65.885916 7.365140
v -136.744127 62.318262 11.531037
v -141.325281 66.224125 6.695629
v -134.095793 36.609468 -4.864729
v -133.627931 39.850986 -4.617028
v -132.522013 35.855746 -6.580932
v -121.491956 91.545975 0.635602
v -123.039103 90.461397 2.511002
v -122.469981 89.084279 1.322539
v -116.826730 34.728913 -1.242179
v -115.957220 34.066497 -2.393833
v -115.069179 35.813685 -2.306067
v -116.281476 35.504276 -8.311939
v -117.607525 35.250897 -8.651485
v -116.978056 35.646719 -10.749135
v -113.833568 2.014043 -18.362949
v -115.064003 1.000920 -18.607640
v -116.710663 1.853927 -23.832963
v -134.705901 94.278074 -3.155240
v -134.196937 94.949484 -5.037758
v -132.781091 91.464889 -4.294012
v -127.442394 93.741303 -8.121650
v -127.182692 89.794748 -8.352609
v -128.153538 92.526233 -8.682157
v -117.243457 22.183054 -23.344077
v -122.622406 29.157552 -25.759318
v -120.159846 27.926224 -24.831669
v -129.088977 89.456450 -13.324599
v -126.805355 87.910073 -10.126019
v -127.225431 90.129100 -12.053558
v -135.455701 26.631110 5.140303
v -132.970220 29.157935 4.606240
v -134.573051 24.794980 6.842601
v -129.037004 88.104736 -8.153649
v -128.137829 91.213482 -8.078135
v -127.931966 88.301443 -8.837238
v -136.332789 96.781749 -4.943393
v -134.060906 98.123455 -5.537471
v -132.847376 96.473015 -5.343151
v -125.198422 78.253888 -5.759943
v -121.007495 80.247913 -6.892513
v -122.195233 75.409113 -10.208317
v -125.299083 38.189689 -16.841934
v -125.983755 45.058437 -13.455552
v -125.472593 44.272135 -15.859815
v -133.482155 34.019835 1.927173
v -136.205229 37.885340 2.406078
v -134.483784 37.789096 0.950887
v -135.380363 69.138559 10.324764
v -135.764834 67.830803 11.877796
v -130.734868 76.392449 8.621669
v -126.221471 84.749175 3.435381
v -125.335601 87.572468 4.570923
v -126.994034 86.597097 3.417378
v -125.281484 84.687470 -14.501923
v -126.314808 85.801779 -15.051935
v -125.739587 85.932068 -14.977339
v -126.061305 85.429049 1.988035
v -123.071980 86.757088 1.903309
v -124.756655 85.277450 2.689995
v -136.742195 96.119548 -0.166396
v -137.019042 95.698757 -2.682644
v -136.460185 94.941808 -3.792179
v -120.423473 61.671380 -9.814785
v -120.750760 57.192777 -10.941519
v -123.613765 61.100118 -10.300219
v -123.225420 66.556691 -10.936994
v -126.879120 67.504715 -9.604384
v -124.782062 68.826424 -10.655430
v -144.584192 76.143917 -2.324114
v -145.015758 77.385040 -2.414945
v -145.192014 76.854487 -2.402151
v -137.019042 95.698757 -2.682644
v -136.742195 96.119548 -0.166396
v -136.332789 96.781749 -4.943393
v -117.680448 10.139972 -16.367347
v -116.379491 7.941720 -15.267854
v -118.556579 19.827900 -16.218856
v -144.956985 74.344667 1.358380
v -144.247805 74.738117 0.716619
v -144.535366 74.438032 1.139759
v -145.221004 79.737296 -3.403609
v -146.019706 80.687424 -3.831170
v -146.312891 79.928526 -3.298073
v -133.498228 27.674435 7.361072
v -133.452920 29.798191 8.819005
v -133.758828 26.279997 9.231173
v -136.942473 20.286494 13.688361
v -140.274163 28.690618 8.256067
v -138.037736 19.050303 12.551781
v -123.737120 94.754159 1.487103
v -121.491956 91.545975 0.635602
v -121.478734 94.176238 -1.494048
v -128.486054 53.150939 -9.152756
v -130.879579 52.225071 -5.856914
v -130.669123 63.326985 -3.673900
v -124.696216 89.754628 -6.379423
v -121.951841 89.350229 -3.798561
v -123.349110 86.125230 -5.425623
v -121.951841 89.350229 -3.798561
v -121.993845 84.991073 -4.388932
v -123.349110 86.125230 -5.425623
v -140.171803 3.253588 14.720424
v -135.050644 6.070658 14.766705
v -137.273631 5.004546 13.673649
v -123.589197 78.350079 6.296925
v -127.962225 72.538675 8.905471
v -121.800142 73.575801 6.025107
v -119.839374 82.656287 -3.666303
v -121.006676 82.854341 -5.147644
v -121.640164 84.795319 -2.894582
v -140.302671 0.145713 16.152111
v -144.434912 0.651763 15.383725
v -142.367357 0.263951 11.776070
v -140.302671 0.145713 16.152111
v -142.367357 0.263951 11.776070
v -138.923422 0.229505 13.221662
v -138.923422 0.229505 13.221662
v -132.083121 0.262382 12.286731
v -140.302671 0.145713 16.152111
v -130.093909 0.000002 14.867756
v -140.302671 0.145713 16.152111
v -132.083121 0.262382 12.286731
v -119.555505 1.281640 -18.189149
v -115.294543 1.316992 -13.143993
v -116.406562 3.795466 -13.681630
v -138.347084 34.555604 4.279849
v -140.274163 28.690618 8.256067
v -137.198433 39.776870 6.310270
v -122.732409 69.629453 -13.999839
v -120.629229 75.001548 -11.789924
v -121.220172 71.046237 -14.126467
v -133.078191 40.929714 -2.783490
v -133.541382 36.932761 -3.104919
v -134.078899 39.130289 -1.958991
v -145.918482 79.260595 -6.618485
v -145.058503 76.735367 -6.895050
v -146.521053 76.448085 -7.640415
v -119.455029 36.279069 -4.219427
v -120.153601 34.707516 1.466328
v -124.433449 36.883190 1.456815
v -120.153601 34.707516 1.466328
v -122.332411 35.265911 4.029858
v -124.433449 36.883190 1.456815
v -129.164458 4.212673 14.722940
v -129.866161 0.951769 16.111169
v -128.181872 0.862785 14.153908
v -119.077774 36.044808 1.192493
v -118.667647 34.855729 3.387846
v -120.153601 34.707516 1.466328
v -144.764802 77.946784 -3.267554
v -144.584192 76.143917 -2.324114
v -144.357420 77.908053 -5.386932
v -115.230929 6.654748 -19.015443
v -114.590436 8.057126 -17.443759
v -113.228741 4.506042 -16.937888
v -125.902909 83.045875 -14.486480
v -125.281484 84.687470 -14.501923
v -125.224471 84.645335 -13.157838
v -123.137947 54.789840 -12.244318
v -123.613765 61.100118 -10.300219
v -120.750760 57.192777 -10.941519
v -132.859247 36.963994 -2.500774
v -133.541382 36.932761 -3.104919
v -131.014923 36.351890 -3.126057
v -127.441091 81.303119 -11.568840
v -126.882329 84.388607 -12.792332
v -129.836822 80.443447 -14.011156
v -130.506081 86.354185 2.580328
v -133.094406 86.492819 -0.066382
v -131.795949 83.641518 0.079222
v -132.031852 46.275759 -1.818813
v -131.605016 50.825787 -2.366586
v -131.055576 41.211921 -3.039164
v -118.055934 62.003247 -5.083038
v -118.531671 60.866789 -7.407713
v -117.664439 64.646123 -7.421777
v -131.932785 14.606409 9.669390
v -132.173135 8.148362 11.600930
v -134.167126 17.407467 7.923322
v -119.520218 5.812791 -20.009136
v -120.252407 3.964683 -23.090550
v -121.094795 3.842953 -21.466870
v -136.460185 94.941808 -3.792179
v -134.196937 94.949484 -5.037758
v -134.705901 94.278074 -3.155240
v -131.844391 37.587005 -1.749897
v -130.547862 37.721619 -3.003246
v -129.677785 38.234461 -1.569721
v -127.452135 82.771212 -4.169688
v -128.027675 82.648355 -1.769587
v -130.353403 83.601666 -3.533997
v -114.643474 6.632152 -15.332106
v -114.590436 8.057126 -17.443759
v -114.946315 18.617391 -19.976534
v -125.198422 78.253888 -5.759943
v -126.879120 67.504715 -9.604384
v -131.879075 68.622083 -2.241430
v -119.368551 1.143000 -20.183403
v -121.230048 1.284108 -20.446799
v -118.210751 1.244071 -23.622327
v -121.230048 1.284108 -20.446799
v -123.092166 1.618436 -25.722680
v -118.210751 1.244071 -23.622327
v -123.092166 1.618436 -25.722680
v -120.488562 1.736280 -26.323592
v -118.210751 1.244071 -23.622327
v -118.210751 1.244071 -23.622327
v -115.064003 1.000920 -18.607640
v -119.368551 1.143000 -20.183403
v -113.671836 0.763658 -15.116767
v -119.555505 1.281640 -18.189149
v -119.368551 1.143000 -20.183403
v -128.486054 53.150939 -9.152756
v -127.592775 63.076442 -8.078428
v -127.286667 49.509942 -10.282385
v -127.066946 80.604909 -16.313909
v -130.025235 79.621427 -15.596019
v -126.505542 82.237308 -15.694058
v -129.383498 96.141934 -4.873086
v -128.677097 93.962258 -6.970429
v -132.847376 96.473015 -5.343151
v -120.225141 39.231062 -21.154917
v -122.581862 40.290460 -20.922838
v -121.254569 49.231006 -14.522975
v -133.047233 99.750269 -2.944793
v -134.261247 99.287946 -4.420540
v -132.448575 98.827405 3.670292
v -132.520401 94.406581 -6.223013
v -134.196937 94.949484 -5.037758
v -132.847376 96.473015 -5.343151
v -145.734201 78.520175 -3.170311
v -145.221004 79.737296 -3.403609
v -145.289769 78.939559 -3.251700
v -126.805355 87.910073 -10.126019
v -126.326713 88.924449 -10.391616
v -127.225431 90.129100 -12.053558
v -131.844391 37.587005 -1.749897
v -133.045102 37.415595 -0.155336
v -132.859247 36.963994 -2.500774
v -132.285617 51.282984 -3.396732
v -130.669123 63.326985 -3.673900
v -130.879579 52.225071 -5.856914
v -130.879579 52.225071 -5.856914
v -133.627931 39.850986 -4.617028
v -132.285617 51.282984 -3.396732
v -122.581862 40.290460 -20.922838
v -124.468960 46.790556 -15.637922
v -121.254569 49.231006 -14.522975
v -129.527758 56.770224 4.120357
v -130.612946 45.208980 8.387436
v -128.883322 59.495867 4.101916
v -135.441215 41.625943 7.809483
v -130.612946 45.208980 8.387436
v -133.194347 48.621820 4.874112
v -134.387472 93.542928 -1.375041
v -135.191090 91.288216 -1.251060
v -133.440985 93.577791 0.603840
v -120.225141 39.231062 -21.154917
v -122.622406 29.157552 -25.759318
v -122.581862 40.290460 -20.922838
v -146.715505 70.896211 0.062004
v -146.608147 71.472731 1.327337
v -145.967171 74.352976 -0.501931
v -142.122713 70.722546 1.985821
v -144.382334 68.891611 0.932063
v -142.932952 71.723845 -0.039115
v -116.500789 43.776498 -10.942853
v -118.168192 35.361612 -18.686907
v -117.034453 47.870100 -12.024101
v -130.521420 71.293033 3.081960
v -128.228979 69.777871 5.251745
v -129.381261 70.541270 4.760367
v -137.529766 67.001685 12.510537
v -137.953751 64.675161 13.633178
v -135.973673 65.020183 14.311074
v -137.017403 14.204341 12.479906
v -135.553456 8.883103 12.722389
v -135.419718 10.347378 14.342988
v -144.092282 73.950084 1.222971
v -145.143431 74.108132 1.189859
v -142.701599 72.167363 2.517368
v -145.666267 77.134534 -1.523325
v -145.847185 76.215562 -0.087946
v -146.124226 76.067921 -1.718908
v -115.031114 73.381541 -3.698407
v -122.094901 70.345509 5.725034
v -119.319952 62.477677 -1.641750
v -122.094901 70.345509 5.725034
v -122.239857 61.926782 2.915115
v -119.319952 62.477677 -1.641750
v -136.942473 20.286494 13.688361
v -134.642303 22.102034 13.566120
v -137.724063 30.461892 9.752138
v -128.581425 78.477252 1.821297
v -127.226285 80.343735 0.108185
v -127.150151 78.281993 -2.854646
v -122.224113 2.351418 -26.727271
v -118.929480 2.950456 -25.359593
v -120.488562 1.736280 -26.323592
v -125.472593 44.272135 -15.859815
v -126.036513 52.270781 -11.994077
v -124.468960 46.790556 -15.637922
v -130.879579 52.225071 -5.856914
v -128.486054 53.150939 -9.152756
v -128.856893 49.484431 -7.926382
v -128.856893 49.484431 -7.926382
v -129.006845 41.088015 -6.723042
v -130.879579 52.225071 -5.856914
v -127.702859 91.697777 3.516167
v -130.715524 90.855802 3.161713
v -127.314445 88.465840 4.476097
v -119.447686 50.468278 3.995915
v -121.632572 57.813066 2.635383
v -121.234277 50.877720 6.024422
v -130.018951 97.179819 1.818872
v -130.713455 98.906577 2.011641
v -130.739904 98.089184 4.912493
v -130.715524 90.855802 3.161713
v -129.410369 93.598271 4.804730
v -131.858849 94.204725 4.605949
v -123.184941 70.473693 -15.515476
v -121.211325 67.825285 -15.856740
v -122.743749 67.388801 -17.305248
v -136.878254 29.028897 3.964223
v -135.455701 26.631110 5.140303
v -135.958782 21.983667 7.126559
v -146.957677 80.020585 -3.442544
v -146.019706 80.687424 -3.831170
v -148.255775 80.488505 -3.939096
v -129.285225 77.122091 -14.294828
v -127.605916 75.276350 -14.750443
v -127.441091 81.303119 -11.568840
v -127.605916 75.276350 -14.750443
v -125.927516 75.700323 -13.889909
v -127.441091 81.303119 -11.568840
v -137.529766 67.001685 12.510537
v -135.973673 65.020183 14.311074
v -135.764834 67.830803 11.877796
v -118.015762 8.430085 -18.064865
v -117.680448 10.139972 -16.367347
v -118.310663 10.977659 -18.493072
v -122.195233 75.409113 -10.208317
v -126.879120 67.504715 -9.604384
v -125.198422 78.253888 -5.759943
v -132.766868 65.536042 9.799668
v -136.744127 62.318262 11.531037
v -136.307365 64.195296 10.326231
v -136.742195 96.119548 -0.166396
v -134.339300 96.540691 5.171133
v -132.448575 98.827405 3.670292
v -146.790126 76.478126 -0.781222
v -144.848549 74.655893 0.800818
v -145.701354 75.296375 0.866913
v -125.304958 86.298506 -15.174501
v -124.747620 86.169611 -13.685745
v -125.281484 84.687470 -14.501923
v -137.953751 64.675161 13.633178
v -143.521790 70.292827 3.156548
v -141.325281 66.224125 6.695629
v -132.856339 35.281796 -5.267043
v -133.541382 36.932761 -3.104919
v -134.095793 36.609468 -4.864729
v -145.386309 79.549529 -4.765245
v -146.019706 80.687424 -3.831170
v -145.221004 79.737296 -3.403609
v -114.309657 2.978835 -12.861249
v -114.792564 5.769876 -13.311831
v -116.406562 3.795466 -13.681630
v -123.225420 66.556691 -10.936994
v -121.890684 65.670936 -11.007224
v -123.093996 64.479832 -10.254836
v -123.093996 64.479832 -10.254836
v -125.665524 63.360756 -9.522033
v -123.225420 66.556691 -10.936994
v -128.581425 78.477252 1.821297
v -130.686534 78.081645 5.153942
v -129.672727 79.166181 5.546449
v -145.973147 78.600141 -3.768067
v -147.285154 78.967705 -4.038310
v -146.817698 78.249743 -4.573676
v -116.809842 34.389387 -7.481328
v -117.078078 33.905987 -4.739528
v -119.350527 36.238812 -6.849428
v -119.805296 36.229480 -11.087485
v -121.370644 33.579163 -12.852646
v -119.870932 30.627919 -17.770946
v -148.980207 80.149438 -6.953782
v -149.462276 79.683461 -5.998277
v -149.112515 79.750886 -4.339211
v -126.944123 87.120186 -15.227360
v -126.557412 85.939746 -14.595542
v -126.434238 86.282848 -14.262605
v -128.955773 36.635680 7.867926
v -129.820190 38.273455 8.921921
v -129.982896 34.760462 7.502439
v -136.118427 30.348378 10.115958
v -129.820190 38.273455 8.921921
v -137.065749 35.890385 9.275104
v -129.820190 38.273455 8.921921
v -130.612946 45.208980 8.387436
v -137.065749 35.890385 9.275104
v -145.666267 77.134534 -1.523325
v -145.226425 76.035293 -1.447535
v -145.015758 77.385040 -2.414945
v -119.805296 36.229480 -11.087485
v -118.451570 36.762623 -10.112674
v -122.938238 36.862604 -9.579306
v -126.491252 97.988391 -3.369488
v -127.924667 96.860021 -4.914929
v -128.980501 96.818936 -2.303668
v -125.073538 93.079108 3.489432
v -124.158679 91.758263 3.368985
v -124.569760 92.383432 2.423774
v -136.324823 67.443123 10.073683
v -131.357265 75.716193 4.481728
v -131.419275 73.166455 4.830229
v -142.122713 70.722546 1.985821
v -139.850762 69.385960 5.853884
v -141.920757 68.814441 3.504959
v -119.447686 50.468278 3.995915
v -117.724591 36.965793 3.955127
v -118.480242 47.383808 2.396172
v -123.040419 27.359605 -24.928197
v -121.746487 23.152039 -21.873199
v -124.620174 29.632873 -21.312739
v -116.978056 35.646719 -10.749135
v -117.089615 37.662808 -12.274787
v -115.112344 35.915599 -10.460075
v -129.181149 66.564119 -6.077044
v -131.879075 68.622083 -2.241430
v -126.879120 67.504715 -9.604384
v -120.746154 35.248631 3.894979
v -120.844306 43.273437 5.100749
v -121.151377 36.110133 4.585534
v -131.554368 88.487327 -5.709516
v -132.781091 91.464889 -4.294012
v -128.767104 91.120720 -6.954350
v -132.595729 9.256657 14.875649
v -130.428677 5.460276 13.780361
v -131.882142 19.528060 12.812255
v -124.812355 84.447163 -6.498600
v -126.642769 83.830815 -5.344791
v -127.251745 86.152195 -5.955936
v -116.226126 10.982352 -20.162932
v -117.243457 22.183054 -23.344077
v -114.946315 18.617391 -19.976534
v -120.844306 43.273437 5.100749
v -121.234277 50.877720 6.024422
v -121.156020 41.885495 6.758619
v -115.246893 72.040782 -10.257116
v -116.638387 69.732056 -11.612536
v -115.218557 74.715719 -11.692147
v -145.386309 79.549529 -4.765245
v -145.918482 79.260595 -6.618485
v -146.659853 78.994181 -6.103787
v -129.836822 80.443447 -14.011156
v -128.436405 82.842712 -14.298843
v -130.025235 79.621427 -15.596019
v -127.657908 93.582802 -7.179333
v -128.137829 91.213482 -8.078135
v -127.442394 93.741303 -8.121650
v -128.027675 82.648355 -1.769587
v -127.452135 82.771212 -4.169688
v -126.129134 80.397915 -4.473656
v -129.862079 36.081586 0.544758
v -132.970220 29.157935 4.606240
v -133.482155 34.019835 1.927173
v -118.790124 15.789839 -21.581156
v -117.518216 9.937495 -20.023179
v -118.310663 10.977659 -18.493072
v -140.357331 0.717018 17.334422
v -131.041259 2.939352 16.338914
v -135.733029 3.015181 16.473105
v -124.179506 37.639848 -20.692892
v -122.581862 40.290460 -20.922838
v -122.622406 29.157552 -25.759318
v -116.457192 35.110225 -4.034041
v -115.918079 35.561724 -5.348844
v -114.646682 46.592499 -6.113162
v -139.401761 26.760795 6.454915
v -137.066956 20.420184 8.134040
v -140.437686 27.362200 7.488282
v -133.514661 47.232963 0.640444
v -131.947894 55.640168 -0.242080
v -134.078899 39.130289 -1.958991
v -129.046891 64.792038 3.475847
v -128.883322 59.495867 4.101916
v -127.355997 61.807013 4.343022
v -115.971713 52.840863 -3.448897
v -115.691536 46.434425 -3.157101
v -114.646682 46.592499 -6.113162
v -145.847185 76.215562 -0.087946
v -145.226425 76.035293 -1.447535
v -145.607304 76.010832 -1.407263
v -128.767104 91.120720 -6.954350
v -128.677097 93.962258 -6.970429
v -127.657908 93.582802 -7.179333
v -115.828473 3.783282 -21.192871
v -113.833568 2.014043 -18.362949
v -116.710663 1.853927 -23.832963
v -142.701599 72.167363 2.517368
v -145.516572 73.720202 1.645017
v -145.760582 73.610302 1.374080
v -115.979306 23.037350 -21.189387
v -117.243457 22.183054 -23.344077
v -117.907715 27.118674 -21.966125
v -117.243457 22.183054 -23.344077
v -120.159846 27.926224 -24.831669
v -117.907715 27.118674 -21.966125
v -115.971713 52.840863 -3.448897
v -115.202834 51.992838 -6.835028
v -117.315192 58.173446 -5.497496
v -137.196476 62.609145 14.216442
v -137.010324 61.721155 12.943190
v -135.187522 62.884423 13.027607
v -113.379166 1.466098 -13.652607
v -115.294543 1.316992 -13.143993
v -113.671836 0.763658 -15.116767
v -117.315192 58.173446 -5.497496
v -115.202834 51.992838 -6.835028
v -116.018869 52.738307 -8.592459
v -126.944123 87.120186 -15.227360
v -125.624935 87.804680 -13.868308
v -126.533359 89.424251 -13.442590
v -134.167126 17.407467 7.923322
v -132.173135 8.148362 11.600930
v -134.063977 7.103273 12.045659
v -145.973147 78.600141 -3.768067
v -146.312891 79.928526 -3.298073
v -147.285154 78.967705 -4.038310
v -116.829301 47.894316 -0.471256
v -115.971713 52.840863 -3.448897
v -119.447686 50.468278 3.995915
v -134.078899 39.130289 -1.958991
v -134.198121 37.039010 -0.892300
v -134.360628 38.448156 -0.104668
v -117.366881 70.325694 -9.539137
v -115.971127 70.117573 -8.044787
v -117.664439 64.646123 -7.421777
v -129.313618 78.478157 -13.200396
v -129.285225 77.122091 -14.294828
v -127.441091 81.303119 -11.568840
v -133.511213 4.876878 11.745157
v -131.843896 1.639559 11.717111
v -137.451107 1.449206 11.447206
v -128.228979 69.777871 5.251745
v -130.521420 71.293033 3.081960
v -131.783733 68.476356 0.506890
v -134.196937 94.949484 -5.037758
v -136.460185 94.941808 -3.792179
v -136.332789 96.781749 -4.943393
v -125.665524 63.360756 -9.522033
v -127.286667 49.509942 -10.282385
v -127.592775 63.076442 -8.078428
v -123.432345 81.787532 2.157233
v -123.589197 78.350079 6.296925
v -121.415774 77.719480 4.838800
v -125.066731 83.810276 1.007117
v -126.265633 84.553313 1.181810
v -127.670029 83.025789 -0.029032
v -126.882329 84.388607 -12.792332
v -127.441091 81.303119 -11.568840
v -126.561768 82.725536 -12.195405
v -124.987380 85.007159 -12.750889
v -124.801287 85.242181 -12.939009
v -125.519395 85.871516 -11.832647
v -133.498228 27.674435 7.361072
v -127.547012 35.754127 3.644119
v -129.982896 34.760462 7.502439
v -115.246893 72.040782 -10.257116
v -117.366881 70.325694 -9.539137
v -116.638387 69.732056 -11.612536
v -117.410574 7.708534 -20.219146
v -115.828473 3.783282 -21.192871
v -117.952192 4.965386 -21.561887
v -133.452920 29.798191 8.819005
v -135.412985 26.499146 11.173540
v -133.758828 26.279997 9.231173
v -122.622406 29.157552 -25.759318
v -120.225141 39.231062 -21.154917
v -120.159846 27.926224 -24.831669
v -124.351734 92.656523 4.082225
v -124.839685 96.400219 2.229931
v -125.073538 93.079108 3.489432
v -137.451107 1.449206 11.447206
v -137.886219 3.929600 12.189832
v -133.511213 4.876878 11.745157
v -121.370644 33.579163 -12.852646
v -122.938238 36.862604 -9.579306
v -122.226842 29.949204 -17.208355
v -125.278037 82.412887 1.441471
v -125.066731 83.810276 1.007117
v -126.736530 82.322264 0.013100
v -116.044227 78.631869 -11.768384
v -118.649470 71.387873 -13.987136
v -121.220172 71.046237 -14.126467
v -125.898014 78.014050 -15.140282
v -127.066946 80.604909 -16.313909
v -126.505542 82.237308 -15.694058
v -128.118848 56.521196 5.862636
v -129.215870 44.768606 9.483889
v -127.323357 46.109540 7.750361
v -127.871219 87.960945 -14.757342
v -129.001534 88.688194 -14.617724
v -126.712074 86.828218 -16.098187
v -123.093996 64.479832 -10.254836
v -120.541303 64.875440 -9.937775
v -120.423473 61.671380 -9.814785
v -138.766169 68.607011 8.833061
v -143.521790 70.292827 3.156548
v -137.529766 67.001685 12.510537
v -145.973147 78.600141 -3.768067
v -145.971423 77.447762 -3.904940
v -145.298865 78.046604 -3.157635
v -131.965747 66.849310 -1.476255
v -131.879075 68.622083 -2.241430
v -130.669123 63.326985 -3.673900
v -134.845003 94.819845 5.169819
v -131.858849 94.204725 4.605949
v -133.546623 95.865120 5.815874
v -122.239857 61.926782 2.915115
v -117.315192 58.173446 -5.497496
v -119.319952 62.477677 -1.641750
v -126.626476 87.955008 -16.691101
v -125.304958 86.298506 -15.174501
v -126.712074 86.828218 -16.098187
v -125.304958 86.298506 -15.174501
v -125.739587 85.932068 -14.977339
v -126.712074 86.828218 -16.098187
v -135.191090 91.288216 -1.251060
v -132.897940 86.896182 -2.793719
v -133.703632 90.650416 -0.953007
v -118.649470 71.387873 -13.987136
v -115.218557 74.715719 -11.692147
v -121.211325 67.825285 -15.856740
v -115.218557 74.715719 -11.692147
v -121.552809 64.655624 -16.588751
v -121.211325 67.825285 -15.856740
v -115.828473 3.783282 -21.192871
v -113.228741 4.506042 -16.937888
v -113.833568 2.014043 -18.362949
v -113.228741 4.506042 -16.937888
v -112.815995 1.584664 -16.534113
v -113.833568 2.014043 -18.362949
v -128.980501 96.818936 -2.303668
v -131.297646 97.069669 -4.358347
v -129.564163 98.606188 -0.182124
v -122.938238 36.862604 -9.579306
v -119.350527 36.238812 -6.849428
v -126.855270 37.621086 -6.843432
v -119.350527 36.238812 -6.849428
v -119.455029 36.279069 -4.219427
v -126.855270 37.621086 -6.843432
v -119.455029 36.279069 -4.219427
v -127.367945 37.917447 -0.148258
v -126.855270 37.621086 -6.843432
v -147.749273 79.234650 -7.748528
v -146.521053 76.448085 -7.640415
v -147.630891 77.558448 -7.970499
v -123.515056 88.463223 4.277389
v -124.158679 91.758263 3.368985
v -124.817984 89.127493 4.285051
v -125.546131 79.638056 -13.842152
v -125.898014 78.014050 -15.140282
v -126.505542 82.237308 -15.694058
v -129.224552 39.063686 -5.987575
v -129.677785 38.234461 -1.569721
v -130.547862 37.721619 -3.003246
v -124.620174 29.632873 -21.312739
v -121.746487 23.152039 -21.873199
v -122.131593 26.100493 -19.205752
v -127.226044 84.298891 1.452447
v -126.838101 85.431505 2.094172
v -128.807902 84.452248 2.245253
v -138.037736 19.050303 12.551781
v -140.274163 28.690618 8.256067
v -137.017403 14.204341 12.479906
v -134.642303 22.102034 13.566120
v -131.882142 19.528060 12.812255
v -133.758828 26.279997 9.231173
v -118.055934 62.003247 -5.083038
v -119.319952 62.477677 -1.641750
v -117.315192 58.173446 -5.497496
v -122.226842 29.949204 -17.208355
v -125.554153 37.524430 -13.967575
v -124.021104 32.662536 -16.777126
v -119.130198 67.918048 -10.487677
v -121.890684 65.670936 -11.007224
v -122.583602 62.435720 -14.648068
v -121.890684 65.670936 -11.007224
v -122.706376 63.804851 -12.955683
v -122.583602 62.435720 -14.648068
v -126.561768 82.725536 -12.195405
v -125.519395 85.871516 -11.832647
v -126.882329 84.388607 -12.792332
v -119.447686 50.468278 3.995915
v -115.971713 52.840863 -3.448897
v -121.632572 57.813066 2.635383
v -115.230929 6.654748 -19.015443
v -116.226126 10.982352 -20.162932
v -114.590436 8.057126 -17.443759
v -128.342962 38.289362 -7.269728
v -129.224552 39.063686 -5.987575
v -129.006845 41.088015 -6.723042
v -129.677785 38.234461 -1.569721
v -129.224552 39.063686 -5.987575
v -127.933053 38.251298 -5.006783
v -127.933053 38.251298 -5.006783
v -126.855270 37.621086 -6.843432
v -127.367945 37.917447 -0.148258
v -121.800142 73.575801 6.025107
v -122.094901 70.345509 5.725034
v -115.031114 73.381541 -3.698407
v -115.031114 73.381541 -3.698407
v -115.451683 78.352867 -4.304495
v -121.800142 73.575801 6.025107
v -125.704009 52.079619 7.432065
v -125.233769 44.046444 7.890211
v -123.549190 52.148521 6.963174
v -125.233769 44.046444 7.890211
v -123.590306 39.217520 7.869047
v -123.549190 52.148521 6.963174
v -127.924667 96.860021 -4.914929
v -126.491252 97.988391 -3.369488
v -127.158150 95.289266 -6.775618
v -126.639351 37.055289 -8.545205
v -127.954881 36.242309 -8.869108
v -126.510046 38.114448 -10.433328
v -121.748529 89.889502 -1.137892
v -121.478734 94.176238 -1.494048
v -121.491956 91.545975 0.635602
v -126.418803 89.975177 -13.267917
v -127.146349 90.485321 -13.965840
v -126.834033 89.930319 -12.905200
v -126.167233 81.225610 3.099989
v -125.278037 82.412887 1.441471
v -127.226285 80.343735 0.108185
v -137.039821 66.357269 9.254102
v -136.307365 64.195296 10.326231
v -139.601250 65.885916 7.365140
v -126.882329 84.388607 -12.792332
v -128.436405 82.842712 -14.298843
v -129.836822 80.443447 -14.011156
v -131.411085 18.214266 10.018730
v -131.809272 20.934292 10.822447
v -131.882142 19.528060 12.812255
v -121.552809 64.655624 -16.588751
v -124.271425 62.716071 -16.742916
v -122.743749 67.388801 -17.305248
v -122.551326 66.644512 -11.845562
v -123.225420 66.556691 -10.936994
v -122.345642 71.228795 -10.871664
v -117.089615 37.662808 -12.274787
v -116.978056 35.646719 -10.749135
v -118.060182 36.471537 -12.733051
v -117.366881 70.325694 -9.539137
v -120.541303 64.875440 -9.937775
v -119.130198 67.918048 -10.487677
v -122.622406 29.157552 -25.759318
v -118.838921 20.650610 -23.812161
v -123.040419 27.359605 -24.928197
v -127.441091 81.303119 -11.568840
v -125.629044 80.020999 -12.198802
v -126.561768 82.725536 -12.195405
v -127.226285 80.343735 0.108185
v -126.736530 82.322264 0.013100
v -127.263641 80.953765 -1.522997
v -131.357265 75.716193 4.481728
v -130.686534 78.081645 5.153942
v -128.581425 78.477252 1.821297
v -127.066946 80.604909 -16.313909
v -125.898014 78.014050 -15.140282
v -127.496993 77.002685 -15.765579
v -129.677785 38.234461 -1.569721
v -127.367945 37.917447 -0.148258
v -129.862079 36.081586 0.544758
v -117.243457 22.183054 -23.344077
v -118.838921 20.650610 -23.812161
v -122.622406 29.157552 -25.759318
v -124.771075 87.401329 -11.232857
v -126.805355 87.910073 -10.126019
v -125.519395 85.871516 -11.832647
v -118.071606 35.788040 -0.434667
v -117.595239 40.140789 -0.334719
v -119.077774 36.044808 1.192493
v -117.595239 40.140789 -0.334719
v -116.829301 47.894316 -0.471256
v -119.077774 36.044808 1.192493
v -116.829301 47.894316 -0.471256
v -118.480242 47.383808 2.396172
v -119.077774 36.044808 1.192493
v -126.879120 67.504715 -9.604384
v -122.195233 75.409113 -10.208317
v -124.782062 68.826424 -10.655430
v -125.281484 84.687470 -14.501923
v -126.843771 84.681223 -14.593860
v -126.314808 85.801779 -15.051935
v -123.225420 66.556691 -10.936994
v -125.665524 63.360756 -9.522033
v -126.879120 67.504715 -9.604384
v -138.347084 34.555604 4.279849
v -133.514661 47.232963 0.640444
v -136.205229 37.885340 2.406078
v -129.088977 89.456450 -13.324599
v -129.001534 88.688194 -14.617724
v -127.745642 87.465613 -12.446135
vn -80.873568 13.475482 -57.252767
vn -80.873568 13.475482 -57.252767
vn -80.873568 13.475482 -57.252767
vn -11.083192 -31.376105 -94.301131
vn -11.083192 -31.376105 -94.301131
vn -11.083192 -31.376105 -94.301131
vn 98.268203 -12.328399 13.833668
vn 98.268203 -12.328399 13.833668
vn 98.268203 -12.328399 13.833668
vn 21.217575 94.009709 26.683145
vn 21.217575 94.009709 26.683145
vn 21.217575 94.009709 26.683145
vn 40.582571 -14.565453 90.226949
vn 40.582571 -14.565453 90.226949
vn 40.582571 -14.565453 90.226949
vn -20.012808 22.530130 95.351357
vn -20.012808 22.530130 95.351357
vn -20.012808 22.530130 95.351357
vn -55.303820 -49.480623 -67.031006
vn -55.303820 -49.480623 -67.031006
vn -55.303820 -49.480623 -67.031006
vn -40.715386 22.546181 88.509483
vn -40.715386 22.546181 88.509483
vn -40.715386 22.546181 88.509483
vn -71.925319 -9.200853 -68.862863
vn -71.925319 -9.200853 -68.862863
vn -71.925319 -9.200853 -68.862863
vn 32.567080 74.344530 58.414690
vn 32.567080 74.344530 58.414690
vn 32.567080 74.344530 58.414690
vn -97.369143 -8.424479 -21.172616
vn -97.369143 -8.424479 -21.172616
vn -97.369143 -8.424479 -21.172616
vn -4.616247 -99.676782 -6.575077
vn -4.616247 -99.676782 -6.575077
vn -4.616247 -99.676782 -6.575077
vn 85.409833 -7.364945 -51.487084
vn 85.409833 -7.364945 -51.487084
vn 85.409833 -7.364945 -51.487084
vn -24.471884 -96.913704 2.976653
vn -24.471884 -96.913704 2.976653
vn -24.471884 -96.913704 2.976653
vn 59.617572 -13.751961 -79.098862
vn 59.617572 -13.751961 -79.098862
vn 59.617572 -13.751961 -79.098862
vn 35.157518 -92.159671 -16.448273
vn 35.157518 -92.159671 -16.448273
vn 35.157518 -92.159671 -16.448273
vn 49.776552 -17.534444 -84.940213
vn 49.776552 -17.534444 -84.940213
vn 49.776552 -17.534444 -84.940213
vn 7.097915 -89.683213 43.663960
vn 7.097915 -89.683213 43.663960
vn 7.097915 -89.683213 43.663960
vn 59.301888 77.524116 -21.755406
vn 59.301888 77.524116 -21.755406
vn 59.301888 77.524116 -21.755406
vn 54.713822 -52.366114 65.300763
vn 54.713822 -52.366114 65.300763
vn 54.713822 -52.366114 65.300763
vn 12.301257 -50.293635 -85.552502
vn 12.301257 -50.293635 -85.552502
vn 12.301257 -50.293635 -85.552502
vn -60.191212 -78.887605 -12.400143
vn -60.191212 -78.887605 -12.400143
vn -60.191212 -78.887605 -12.400143
vn -63.262753 -77.097777 7.331881
vn -63.262753 -77.097777 7.331881
vn -63.262753 -77.097777 7.331881
vn -19.425649 -45.038972 -87.144335
vn -19.425649 -45.038972 -87.144335
vn -19.425649 -45.038972 -87.144335
vn -55.674224 -2.501606 83.030867
vn -55.674224 -2.501606 83.030867
vn -55.674224 -2.501606 83.030867
vn -96.367503 -17.240091 20.398174
vn -96.367503 -17.240091 20.398174
vn -96.367503 -17.240091 20.398174
vn 98.762903 -6.392637 -14.318682
vn 98.762903 -6.392637 -14.318682
vn 98.762903 -6.392637 -14.318682
vn 32.358612 37.106009 -87.040604
vn 32.358612 37.106009 -87.040604
vn 32.358612 37.106009 -87.040604
vn -70.832202 -70.567647 -1.734253
vn -70.832202 -70.567647 -1.734253
vn -70.832202 -70.567647 -1.734253
vn 51.329532 19.380536 -83.604269
vn 51.329532 19.380536 -83.604269
vn 51.329532 19.380536 -83.604269
vn 97.959557 17.583809 9.733157
vn 97.959557 17.583809 9.733157
vn 97.959557 17.583809 9.733157
vn -5.389027 -56.210521 82.530815
vn -5.389027 -56.210521 82.530815
vn -5.389027 -56.210521 82.530815
vn -29.252464 -89.892047 -32.614611
vn -29.252464 -89.892047 -32.614611
vn -29.252464 -89.892047 -32.614611
vn 42.642433 -13.893085 -89.379002
vn 42.642433 -13.893085 -89.379002
vn 42.642433 -13.893085 -89.379002
vn -91.460073 39.452584 -8.862760
vn -91.460073 39.452584 -8.862760
vn -91.460073 39.452584 -8.862760
vn 75.388089 63.341916 -17.448140
vn 75.388089 63.341916 -17.448140
vn 75.388089 63.341916 -17.448140
vn 77.104222 -31.364725 55.418360
vn 77.104222 -31.364725 55.418360
vn 77.104222 -31.364725 55.418360
vn -15.413019 -65.883603 73.632811
vn -15.413019 -65.883603 73.632811
vn -15.413019 -65.883603 73.632811
vn -67.808071 -73.488150 -1.247886
vn -67.808071 -73.488150 -1.247886
vn -67.808071 -73.488150 -1.247886
vn 0.595367 -10.198363 -99.476835
vn 0.595367 -10.198363 -99.476835
vn 0.595367 -10.198363 -99.476835
vn -43.837195 -13.515547 88.857355
vn -43.837195 -13.515547 88.857355
vn -43.837195 -13.515547 88.857355
vn 56.241750 -8.434981 82.253982
vn 56.241750 -8.434981 82.253982
vn 56.241750 -8.434981 82.253982
vn 26.643843 -31.300518 91.161313
vn 26.643843 -31.300518 91.161313
vn 26.643843 -31.300518 91.161313
vn 42.492343 -90.408807 4.544078
vn 42.492343 -90.408807 4.544078
vn 42.492343 -90.408807 4.544078
vn -64.369903 4.093544 -76.418317
vn -64.369903 4.093544 -76.418317
vn -64.369903 4.093544 -76.418317
vn -36.740235 35.230379 86.075407
vn -36.740235 35.230379 86.075407
vn -36.740235 35.230379 86.075407
vn 94.275988 28.322126 17.603865
vn 94.275988 28.322126 17.603865
vn 94.275988 28.322126 17.603865
vn 93.611580 -30.322983 -17.815420
vn 93.611580 -30.322983 -17.815420
vn 93.611580 -30.322983 -17.815420
vn 81.046714 23.742286 -53.551236
vn 81.046714 23.742286 -53.551236
vn 81.046714 23.742286 -53.551236
vn 84.675063 -50.301602 17.317161
vn 84.675063 -50.301602 17.317161
vn 84.675063 -50.301602 17.317161
vn -33.671504 -70.167323 -62.791540
vn -33.671504 -70.167323 -62.791540
vn -33.671504 -70.167323 -62.791540
vn -2.607874 -75.172507 65.896089
vn -2.607874 -75.172507 65.896089
vn -2.607874 -75.172507 65.896089
vn 80.398937 -57.474240 15.255254
vn 80.398937 -57.474240 15.255254
vn 80.398937 -57.474240 15.255254
vn 61.657347 -76.421535 18.924058
vn 61.657347 -76.421535 18.924058
vn 61.657347 -76.421535 18.924058
vn 8.491656 -17.295548 -98.126228
vn 8.491656 -17.295548 -98.126228
vn 8.491656 -17.295548 -98.126228
vn 73.432305 34.601879 -58.398687
vn 73.432305 34.601879 -58.398687
vn 73.432305 34.601879 -58.398687
vn 30.234878 -65.746902 -69.015921
vn 30.234878 -65.746902 -69.015921
vn 30.234878 -65.746902 -69.015921
vn 87.205746 -48.091158 -9.077382
vn 87.205746 -48.091158 -9.077382
vn 87.205746 -48.091158 -9.077382
vn 62.999428 4.409801 -77.534672
vn 62.999428 4.409801 -77.534672
vn 62.999428 4.409801 -77.534672
vn -58.396203 -38.250122 71.601768
vn -58.396203 -38.250122 71.601768
vn -58.396203 -38.250122 71.601768
vn -54.333695 9.623189 -83.398113
vn -54.333695 9.623189 -83.398113
vn -54.333695 9.623189 -83.398113
vn -90.763477 31.933846 27.243726
vn -90.763477 31.933846 27.243726
vn -90.763477 31.933846 27.243726
vn -13.935842 -97.321650 18.283579
vn -13.935842 -97.321650 18.283579
vn -13.935842 -97.321650 18.283579
vn 0.802539 -97.561709 21.933314
vn 0.802539 -97.561709 21.933314
vn 0.802539 -97.561709 21.933314
vn 26.970741 -95.180740 14.601580
vn 26.970741 -95.180740 14.601580
vn 26.970741 -95.180740 14.601580
vn -89.896955 24.784236 36.114830
vn -89.896955 24.784236 36.114830
vn -89.896955 24.784236 36.114830
vn 36.461774 48.558400 79.452011
vn 36.461774 48.558400 79.452011
vn 36.461774 48.558400 79.452011
vn 50.310637 -59.078335 63.076077
vn 50.310637 -59.078335 63.076077
vn 50.310637 -59.078335 63.076077
vn -67.746192 -71.915882 -15.445396
vn -67.746192 -71.915882 -15.445396
vn -67.746192 -71.915882 -15.445396
vn -78.081853 -62.005211 7.653655
vn -78.081853 -62.005211 7.653655
vn -78.081853 -62.005211 7.653655
vn 50.111652 -74.895911 -43.352330
vn 50.111652 -74.895911 -43.352330
vn 50.111652 -74.895911 -43.352330
vn -52.206502 -73.906500 42.571244
vn -52.206502 -73.906500 42.571244
vn -52.206502 -73.906500 42.571244
vn -4.381715 96.728131 24.989387
vn -4.381715 96.728131 24.989387
vn -4.381715 96.728131 24.989387
vn 93.611584 -3.620290 -34.982349
vn 93.611584 -3.620290 -34.982349
vn 93.611584 -3.620290 -34.982349
vn 94.500130 -6.624703 -32.028754
vn 94.500130 -6.624703 -32.028754
vn 94.500130 -6.624703 -32.028754
vn -42.360151 -90.375662 6.152918
vn -42.360151 -90.375662 6.152918
vn -42.360151 -90.375662 6.152918
vn -57.895415 -81.023876 9.124287
vn -57.895415 -81.023876 9.124287
vn -57.895415 -81.023876 9.124287
vn -70.989557 -34.846657 61.206155
vn -70.989557 -34.846657 61.206155
vn -70.989557 -34.846657 61.206155
vn 79.086303 -37.778521 -48.147074
vn 79.086303 -37.778521 -48.147074
vn 79.086303 -37.778521 -48.147074
vn 98.434495 -3.330085 17.307847
vn 98.434495 -3.330085 17.307847
vn 98.434495 -3.330085 17.307847
vn 15.662623 17.367753 97.226761
vn 15.662623 17.367753 97.226761
vn 15.662623 17.367753 97.226761
vn 15.466802 -98.795631 -0.449455
vn 15.466802 -98.795631 -0.449455
vn 15.466802 -98.795631 -0.449455
vn 43.686463 -89.817452 -4.931363
vn 43.686463 -89.817452 -4.931363
vn 43.686463 -89.817452 -4.931363
vn 59.181004 -10.761244 -79.886197
vn 59.181004 -10.761244 -79.886197
vn 59.181004 -10.761244 -79.886197
vn -74.889606 -35.860964 55.727372
vn -74.889606 -35.860964 55.727372
vn -74.889606 -35.860964 55.727372
vn 41.448901 -66.684781 61.928425
vn 41.448901 -66.684781 61.928425
vn 41.448901 -66.684781 61.928425
vn 57.610504 -3.490422 81.663006
vn 57.610504 -3.490422 81.663006
vn 57.610504 -3.490422 81.663006
vn -10.993408 63.546297 76.426527
vn -10.993408 63.546297 76.426527
vn -10.993408 63.546297 76.426527
vn -3.766976 -21.442285 97.601428
vn -3.766976 -21.442285 97.601428
vn -3.766976 -21.442285 97.601428
vn -79.671216 -7.177269 -60.008214
vn -79.671216 -7.177269 -60.008214
vn -79.671216 -7.177269 -60.008214
vn 89.809750 26.585267 35.034727
vn 89.809750 26.585267 35.034727
vn 89.809750 26.585267 35.034727
vn 64.090320 -70.506876 -30.351457
vn 64.090320 -70.506876 -30.351457
vn 64.090320 -70.506876 -30.351457
vn -75.261682 -33.005118 -56.976674
vn -75.261682 -33.005118 -56.976674
vn -75.261682 -33.005118 -56.976674
vn -33.291625 1.734018 -94.279693
vn -33.291625 1.734018 -94.279693
vn -33.291625 1.734018 -94.279693
vn 86.114034 30.058166 40.998546
vn 86.114034 30.058166 40.998546
vn 86.114034 30.058166 40.998546
vn -94.702860 18.339914 26.363178
vn -94.702860 18.339914 26.363178
vn -94.702860 18.339914 26.363178
vn -29.146585 -86.011500 -41.862864
vn -29.146585 -86.011500 -41.862864
vn -29.146585 -86.011500 -41.862864
vn 99.862891 3.892151 3.500733
vn 99.862891 3.892151 3.500733
vn 99.862891 3.892151 3.500733
vn -91.254106 -39.242303 11.520953
vn -91.254106 -39.242303 11.520953
vn -91.254106 -39.242303 11.520953
vn 46.689868 -22.862770 -85.424528
vn 46.689868 -22.862770 -85.424528
vn 46.689868 -22.862770 -85.424528
vn -67.511316 -31.643410 -66.640215
vn -67.511316 -31.643410 -66.640215
vn -67.511316 -31.643410 -66.640215
vn -32.825308 74.560044 57.993964
vn -32.825308 74.560044 57.993964
vn -32.825308 74.560044 57.993964
vn 71.934741 59.354115 36.089921
vn 71.934741 59.354115 36.089921
vn 71.934741 59.354115 36.089921
vn 43.465523 -89.655590 -8.521940
vn 43.465523 -89.655590 -8.521940
vn 43.465523 -89.655590 -8.521940
vn 27.664695 -95.514729 10.564152
vn 27.664695 -95.514729 10.564152
vn 27.664695 -95.514729 10.564152
vn -27.833718 -96.035465 -1.572620
vn -27.833718 -96.035465 -1.572620
vn -27.833718 -96.035465 -1.572620
vn 8.339016 -61.950742 78.054903
vn 8.339016 -61.950742 78.054903
vn 8.339016 -61.950742 78.054903
vn -80.151705 -15.839437 57.661219
vn -80.151705 -15.839437 57.661219
vn -80.151705 -15.839437 57.661219
vn -91.296952 15.028861 -37.934179
vn -91.296952 15.028861 -37.934179
vn -91.296952 15.028861 -37.934179
vn 93.505618 -18.101839 30.479892
vn 93.505618 -18.101839 30.479892
vn 93.505618 -18.101839 30.479892
vn -77.694991 34.700335 -52.529764
vn -77.694991 34.700335 -52.529764
vn -77.694991 34.700335 -52.529764
vn 87.686255 45.752113 -14.760251
vn 87.686255 45.752113 -14.760251
vn 87.686255 45.752113 -14.760251
vn 92.918765 -31.695674 19.012860
vn 92.918765 -31.695674 19.012860
vn 92.918765 -31.695674 19.012860
vn 4.063953 80.201280 59.592292
vn 4.063953 80.201280 59.592292
vn 4.063953 80.201280 59.592292
vn -47.942141 21.516031 -85.080029
vn -47.942141 21.516031 -85.080029
vn -47.942141 21.516031 -85.080029
vn -12.797103 29.626867 94.649269
vn -12.797103 29.626867 94.649269
vn -12.797103 29.626867 94.649269
vn 80.709391 -0.768184 59.037311
vn 80.709391 -0.768184 59.037311
vn 80.709391 -0.768184 59.037311
vn 15.123086 -92.613624 34.554452
vn 15.123086 -92.613624 34.554452
vn 15.123086 -92.613624 34.554452
vn -79.362539 35.165400 49.648609
vn -79.362539 35.165400 49.648609
vn -79.362539 35.165400 49.648609
vn 92.138623 -10.014975 37.552288
vn 92.138623 -10.014975 37.552288
vn 92.138623 -10.014975 37.552288
vn 56.068541 74.581989 35.970078
vn 56.068541 74.581989 35.970078
vn 56.068541 74.581989 35.970078
vn -51.024419 -73.324971 -44.943948
vn -51.024419 -73.324971 -44.943948
vn -51.024419 -73.324971 -44.943948
vn -98.074976 19.022230 4.410910
vn -98.074976 19.022230 4.410910
vn -98.074976 19.022230 4.410910
vn -0.949575 -99.790234 -6.403687
vn -0.949575 -99.790234 -6.403687
vn -0.949575 -99.790234 -6.403687
vn -60.083876 4.960550 -79.782957
vn -60.083876 4.960550 -79.782957
vn -60.083876 4.960550 -79.782957
vn 87.708169 18.350033 44.390917
vn 87.708169 18.350033 44.390917
vn 87.708169 18.350033 44.390917
vn 3.002363 17.104938 98.480499
vn 3.002363 17.104938 98.480499
vn 3.002363 17.104938 98.480499
vn 60.154561 -36.811858 -70.896523
vn 60.154561 -36.811858 -70.896523
vn 60.154561 -36.811858 -70.896523
vn 89.814133 -0.065290 -43.970646
vn 89.814133 -0.065290 -43.970646
vn 89.814133 -0.065290 -43.970646
vn 28.501527 -32.790587 -90.069097
vn 28.501527 -32.790587 -90.069097
vn 28.501527 -32.790587 -90.069097
vn 29.494450 95.522001 2.372062
vn 29.494450 95.522001 2.372062
vn 29.494450 95.522001 2.372062
vn 73.439453 67.541560 -6.692209
vn 73.439453 67.541560 -6.692209
vn 73.439453 67.541560 -6.692209
vn -42.753785 -89.688595 -11.316832
vn -42.753785 -89.688595 -11.316832
vn -42.753785 -89.688595 -11.316832
vn 16.083313 71.141574 -68.412023
vn 16.083313 71.141574 -68.412023
vn 16.083313 71.141574 -68.412023
vn 55.580459 22.088729 80.143007
vn 55.580459 22.088729 80.143007
vn 55.580459 22.088729 80.143007
vn 6.256045 -36.750639 92.791447
vn 6.256045 -36.750639 92.791447
vn 6.256045 -36.750639 92.791447
vn -12.111699 -92.293555 36.540498
vn -12.111699 -92.293555 36.540498
vn -12.111699 -92.293555 36.540498
vn 25.219404 0.281885 -96.767265
vn 25.219404 0.281885 -96.767265
vn 25.219404 0.281885 -96.767265
vn 35.100821 -75.959180 54.755236
vn 35.100821 -75.959180 54.755236
vn 35.100821 -75.959180 54.755236
vn -69.355614 -55.764537 45.608297
vn -69.355614 -55.764537 45.608297
vn -69.355614 -55.764537 45.608297
vn -66.992729 -72.585293 15.599691
vn -66.992729 -72.585293 15.599691
vn -66.992729 -72.585293 15.599691
vn 33.491447 54.448175 -76.900715
vn 33.491447 54.448175 -76.900715
vn 33.491447 54.448175 -76.900715
vn -64.618845 65.503991 39.161613
vn -64.618845 65.503991 39.161613
vn -64.618845 65.503991 39.161613
vn -45.751459 -59.969597 65.654028
vn -45.751459 -59.969597 65.654028
vn -45.751459 -59.969597 65.654028
vn 52.145917 1.897196 85.306533
vn 52.145917 1.897196 85.306533
vn 52.145917 1.897196 85.306533
vn -34.338071 69.930974 -62.694146
vn -34.338071 69.930974 -62.694146
vn -34.338071 69.930974 -62.694146
vn 77.565652 -63.037470 3.138256
vn 77.565652 -63.037470 3.138256
vn 77.565652 -63.037470 3.138256
vn -55.822109 64.272601 52.468315
vn -55.822109 64.272601 52.468315
vn -55.822109 64.272601 52.468315
vn 32.281485 86.453897 38.517936
vn 32.281485 86.453897 38.517936
vn 32.281485 86.453897 38.517936
vn -29.811163 54.857065 -78.115284
vn -29.811163 54.857065 -78.115284
vn -29.811163 54.857065 -78.115284
vn -4.495714 30.271597 95.201997
vn -4.495714 30.271597 95.201997
vn -4.495714 30.271597 95.201997
vn 50.169143 -86.303854 5.890887
vn 50.169143 -86.303854 5.890887
vn 50.169143 -86.303854 5.890887
vn 5.744960 62.987569 -77.456847
vn 5.744960 62.987569 -77.456847
vn 5.744960 62.987569 -77.456847
vn 50.410330 76.563145 -39.961024
vn 50.410330 76.563145 -39.961024
vn 50.410330 76.563145 -39.961024
vn 6.738590 64.625878 76.013737
vn 6.738590 64.625878 76.013737
vn 6.738590 64.625878 76.013737
vn -34.213572 13.703336 92.960481
vn -34.213572 13.703336 92.960481
vn -34.213572 13.703336 92.960481
vn -24.320056 16.054684 -95.659722
vn -24.320056 16.054684 -95.659722
vn -24.320056 16.054684 -95.659722
vn 36.599731 -54.192105 75.654990
vn 36.599731 -54.192105 75.654990
vn 36.599731 -54.192105 75.654990
vn -14.740079 -6.499740 98.693890
vn -14.740079 -6.499740 98.693890
vn -14.740079 -6.499740 98.693890
vn -50.065895 55.280619 -66.614269
vn -50.065895 55.280619 -66.614269
vn -50.065895 55.280619 -66.614269
vn -93.909863 -28.033687 19.875901
vn -93.909863 -28.033687 19.875901
vn -93.909863 -28.033687 19.875901
vn 93.730054 -34.843093 -0.798408
vn 93.730054 -34.843093 -0.798408
vn 93.730054 -34.843093 -0.798408
vn -84.725122 -50.936302 -15.071393
vn -84.725122 -50.936302 -15.071393
vn -84.725122 -50.936302 -15.071393
vn 78.222537 -41.988005 46.024391
vn 78.222537 -41.988005 46.024391
vn 78.222537 -41.988005 46.024391
vn 45.166339 5.494820 89.049487
vn 45.166339 5.494820 89.049487
vn 45.166339 5.494820 89.049487
vn -38.326929 74.780588 54.211723
vn -38.326929 74.780588 54.211723
vn -38.326929 74.780588 54.211723
vn -25.205733 88.744665 38.588297
vn -25.205733 88.744665 38.588297
vn -25.205733 88.744665 38.588297
vn -74.145089 -21.248296 63.647596
vn -74.145089 -21.248296 63.647596
vn -74.145089 -21.248296 63.647596
vn -9.353402 59.623924 79.733952
vn -9.353402 59.623924 79.733952
vn -9.353402 59.623924 79.733952
vn -96.448541 -2.344776 -26.309348
vn -96.448541 -2.344776 -26.309348
vn -96.448541 -2.344776 -26.309348
vn -92.124201 -25.479609 29.392533
vn -92.124201 -25.479609 29.392533
vn -92.124201 -25.479609 29.392533
vn -28.388659 3.957888 -95.804073
vn -28.388659 3.957888 -95.804073
vn -28.388659 3.957888 -95.804073
vn -8.378374 -10.355170 -99.108899
vn -8.378374 -10.355170 -99.108899
vn -8.378374 -10.355170 -99.108899
vn 59.905115 -31.426722 73.646036
vn 59.905115 -31.426722 73.646036
vn 59.905115 -31.426722 73.646036
vn -59.306415 -31.753129 -73.989798
vn -59.306415 -31.753129 -73.989798
vn -59.306415 -31.753129 -73.989798
vn 18.635065 -96.191615 19.997742
vn 18.635065 -96.191615 19.997742
vn 18.635065 -96.191615 19.997742
vn -11.932644 50.428496 85.525316
vn -11.932644 50.428496 85.525316
vn -11.932644 50.428496 85.525316
vn -71.854902 -65.994746 21.944623
vn -71.854902 -65.994746 21.944623
vn -71.854902 -65.994746 21.944623
vn 72.258456 33.382365 60.533752
vn 72.258456 33.382365 60.533752
vn 72.258456 33.382365 60.533752
vn 49.595670 -5.825770 86.639089
vn 49.595670 -5.825770 86.639089
vn 49.595670 -5.825770 86.639089
vn 19.757080 -58.803074 -78.433773
vn 19.757080 -58.803074 -78.433773
vn 19.757080 -58.803074 -78.433773
vn 19.836279 -95.984607 -19.836268
vn 19.836279 -95.984607 -19.836268
vn 19.836279 -95.984607 -19.836268
vn 43.003792 82.540975 36.574061
vn 43.003792 82.540975 36.574061
vn 43.003792 82.540975 36.574061
vn -7.275016 69.831621 -71.208278
vn -7.275016 69.831621 -71.208278
vn -7.275016 69.831621 -71.208278
vn 76.731649 14.963852 -62.356538
vn 76.731649 14.963852 -62.356538
vn 76.731649 14.963852 -62.356538
vn 76.601822 51.932715 -37.883441
vn 76.601822 51.932715 -37.883441
vn 76.601822 51.932715 -37.883441
vn 46.111541 79.338910 -39.737429
vn 46.111541 79.338910 -39.737429
vn 46.111541 79.338910 -39.737429
vn -77.281596 63.425956 2.168887
vn -77.281596 63.425956 2.168887
vn -77.281596 63.425956 2.168887
vn -53.874175 15.768748 82.758207
vn -53.874175 15.768748 82.758207
vn -53.874175 15.768748 82.758207
vn -61.781790 -26.121250 -74.166648
vn -61.781790 -26.121250 -74.166648
vn -61.781790 -26.121250 -74.166648
vn -85.678323 51.459824 3.333572
vn -85.678323 51.459824 3.333572
vn -85.678323 51.459824 3.333572
vn -88.787440 26.062927 37.914575
vn -88.787440 26.062927 37.914575
vn -88.787440 26.062927 37.914575
vn -97.596442 19.560606 -9.608238
vn -97.596442 19.560606 -9.608238
vn -97.596442 19.560606 -9.608238
vn 57.109173 40.972266 -71.132384
vn 57.109173 40.972266 -71.132384
vn 57.109173 40.972266 -71.132384
vn 94.497090 32.593065 -2.826972
vn 94.497090 32.593065 -2.826972
vn 94.497090 32.593065 -2.826972
vn -52.317995 -43.442015 -73.318611
vn -52.317995 -43.442015 -73.318611
vn -52.317995 -43.442015 -73.318611
vn -83.958760 -49.544113 22.277970
vn -83.958760 -49.544113 22.277970
vn -83.958760 -49.544113 22.277970
vn 86.410838 -16.492982 -47.551534
vn 86.410838 -16.492982 -47.551534
vn 86.410838 -16.492982 -47.551534
vn 28.884443 -71.810374 63.316343
vn 28.884443 -71.810374 63.316343
vn 28.884443 -71.810374 63.316343
vn -1.322329 26.283170 96.475109
vn -1.322329 26.283170 96.475109
vn -1.322329 26.283170 96.475109
vn -55.796342 12.805056 81.992679
vn -55.796342 12.805056 81.992679
vn -55.796342 12.805056 81.992679
vn -69.065247 69.261587 -20.804432
vn -69.065247 69.261587 -20.804432
vn -69.065247 69.261587 -20.804432
vn -61.217977 -39.494723 -68.502030
vn -61.217977 -39.494723 -68.502030
vn -61.217977 -39.494723 -68.502030
vn 84.285136 24.345061 -47.993067
vn 84.285136 24.345061 -47.993067
vn 84.285136 24.345061 -47.993067
vn -22.912790 -24.593826 94.181469
vn -22.912790 -24.593826 94.181469
vn -22.912790 -24.593826 94.181469
vn -93.793280 29.410284 18.380866
vn -93.793280 29.410284 18.380866
vn -93.793280 29.410284 18.380866
vn 82.362349 -56.468778 -5.265086
vn 82.362349 -56.468778 -5.265086
vn 82.362349 -56.468778 -5.265086
vn -44.470082 -72.306127 52.860527
vn -44.470082 -72.306127 52.860527
vn -44.470082 -72.306127 52.860527
vn 93.295807 -33.825586 -12.317576
vn 93.295807 -33.825586 -12.317576
vn 93.295807 -33.825586 -12.317576
vn 91.999997 -13.431009 -36.818607
vn 91.999997 -13.431009 -36.818607
vn 91.999997 -13.431009 -36.818607
vn -54.931143 42.169266 72.140998
vn -54.931143 42.169266 72.140998
vn -54.931143 42.169266 72.140998
vn -93.606181 27.154941 -22.371692
vn -93.606181 27.154941 -22.371692
vn -93.606181 27.154941 -22.371692
vn 94.938206 -20.282524 23.986625
vn 94.938206 -20.282524 23.986625
vn 94.938206 -20.282524 23.986625
vn 76.971863 -54.330261 -33.519484
vn 76.971863 -54.330261 -33.519484
vn 76.971863 -54.330261 -33.519484
vn 97.847010 19.707767 -6.129346
vn 97.847010 19.707767 -6.129346
vn 97.847010 19.707767 -6.129346
vn 90.947121 -35.783474 -21.169882
vn 90.947121 -35.783474 -21.169882
vn 90.947121 -35.783474 -21.169882
vn 94.405808 -30.173720 -13.307530
vn 94.405808 -30.173720 -13.307530
vn 94.405808 -30.173720 -13.307530
vn -28.898799 -31.862162 90.275489
vn -28.898799 -31.862162 90.275489
vn -28.898799 -31.862162 90.275489
vn 4.061718 -16.610233 98.527172
vn 4.061718 -16.610233 98.527172
vn 4.061718 -16.610233 98.527172
vn 6.172429 -90.304910 -42.507949
vn 6.172429 -90.304910 -42.507949
vn 6.172429 -90.304910 -42.507949
vn 18.154855 98.336808 0.524856
vn 18.154855 98.336808 0.524856
vn 18.154855 98.336808 0.524856
vn -90.748465 -19.657945 37.125215
vn -90.748465 -19.657945 37.125215
vn -90.748465 -19.657945 37.125215
vn -91.885875 -37.396904 -12.587982
vn -91.885875 -37.396904 -12.587982
vn -91.885875 -37.396904 -12.587982
vn 93.708917 15.347733 31.354231
vn 93.708917 15.347733 31.354231
vn 93.708917 15.347733 31.354231
vn 24.957386 68.885110 68.058583
vn 24.957386 68.885110 68.058583
vn 24.957386 68.885110 68.058583
vn -93.654852 -32.846545 12.242309
vn -93.654852 -32.846545 12.242309
vn -93.654852 -32.846545 12.242309
vn -89.023563 0.999421 -45.539076
vn -89.023563 0.999421 -45.539076
vn -89.023563 0.999421 -45.539076
vn -51.665689 77.508937 36.373369
vn -51.665689 77.508937 36.373369
vn -51.665689 77.508937 36.373369
vn -31.150939 -34.878715 -88.391719
vn -31.150939 -34.878715 -88.391719
vn -31.150939 -34.878715 -88.391719
vn -33.598774 -38.824414 -85.812523
vn -33.598774 -38.824414 -85.812523
vn -33.598774 -38.824414 -85.812523
vn -73.919555 -61.745554 -26.895825
vn -73.919555 -61.745554 -26.895825
vn -73.919555 -61.745554 -26.895825
vn -78.609739 10.058819 60.986320
vn -78.609739 10.058819 60.986320
vn -78.609739 10.058819 60.986320
vn -76.993075 52.439648 -36.361370
vn -76.993075 52.439648 -36.361370
vn -76.993075 52.439648 -36.361370
vn 10.997186 -90.302902 -41.526468
vn 10.997186 -90.302902 -41.526468
vn 10.997186 -90.302902 -41.526468
vn -59.814516 67.473349 -43.238546
vn -59.814516 67.473349 -43.238546
vn -59.814516 67.473349 -43.238546
vn 46.305834 86.391034 19.808099
vn 46.305834 86.391034 19.808099
vn 46.305834 86.391034 19.808099
vn -75.938707 31.447238 56.959515
vn -75.938707 31.447238 56.959515
vn -75.938707 31.447238 56.959515
vn -52.951683 -53.793413 -65.592599
vn -52.951683 -53.793413 -65.592599
vn -52.951683 -53.793413 -65.592599
vn -8.331864 -99.608766 2.945396
vn -8.331864 -99.608766 2.945396
vn -8.331864 -99.608766 2.945396
vn 18.593847 -55.791955 -80.879704
vn 18.593847 -55.791955 -80.879704
vn 18.593847 -55.791955 -80.879704
vn -62.216994 16.134722 76.607550
vn -62.216994 16.134722 76.607550
vn -62.216994 16.134722 76.607550
vn 63.804058 14.608930 75.601735
vn 63.804058 14.608930 75.601735
vn 63.804058 14.608930 75.601735
vn -24.357573 96.839037 -5.376844
vn -24.357573 96.839037 -5.376844
vn -24.357573 96.839037 -5.376844
vn -12.484497 3.737237 -99.147214
vn -12.484497 3.737237 -99.147214
vn -12.484497 3.737237 -99.147214
vn -88.099256 11.747020 45.831546
vn -88.099256 11.747020 45.831546
vn -88.099256 11.747020 45.831546
vn -36.074691 -91.094927 -20.008303
vn -36.074691 -91.094927 -20.008303
vn -36.074691 -91.094927 -20.008303
vn -86.389862 -50.358303 -0.912666
vn -86.389862 -50.358303 -0.912666
vn -86.389862 -50.358303 -0.912666
vn -90.005640 -37.410857 22.347551
vn -90.005640 -37.410857 22.347551
vn -90.005640 -37.410857 22.347551
vn 72.904419 28.619506 -62.176128
vn 72.904419 28.619506 -62.176128
vn 72.904419 28.619506 -62.176128
vn 16.295559 -35.486635 -92.060597
vn 16.295559 -35.486635 -92.060597
vn 16.295559 -35.486635 -92.060597
vn -39.318296 34.148656 -85.369444
vn -39.318296 34.148656 -85.369444
vn -39.318296 34.148656 -85.369444
vn 26.239031 22.387493 93.863278
vn 26.239031 22.387493 93.863278
vn 26.239031 22.387493 93.863278
vn -65.685372 -27.630918 -70.156711
vn -65.685372 -27.630918 -70.156711
vn -65.685372 -27.630918 -70.156711
vn 55.798890 -82.686603 7.029265
vn 55.798890 -82.686603 7.029265
vn 55.798890 -82.686603 7.029265
vn 31.421351 -9.091629 -94.498894
vn 31.421351 -9.091629 -94.498894
vn 31.421351 -9.091629 -94.498894
vn 0.577978 -66.855754 -74.363802
vn 0.577978 -66.855754 -74.363802
vn 0.577978 -66.855754 -74.363802
vn -60.260349 -52.157734 60.400835
vn -60.260349 -52.157734 60.400835
vn -60.260349 -52.157734 60.400835
vn -66.580304 -71.420754 21.590267
vn -66.580304 -71.420754 21.590267
vn -66.580304 -71.420754 21.590267
vn -82.992252 -2.593284 -55.727562
vn -82.992252 -2.593284 -55.727562
vn -82.992252 -2.593284 -55.727562
vn -34.198311 14.228385 92.887181
vn -34.198311 14.228385 92.887181
vn -34.198311 14.228385 92.887181
vn 48.465459 -59.559936 -64.060231
vn 48.465459 -59.559936 -64.060231
vn 48.465459 -59.559936 -64.060231
vn -78.159984 -61.337003 -11.348549
vn -78.159984 -61.337003 -11.348549
vn -78.159984 -61.337003 -11.348549
vn 98.092713 0.425849 19.432963
vn 98.092713 0.425849 19.432963
vn 98.092713 0.425849 19.432963
vn -87.075948 40.188317 -28.331574
vn -87.075948 40.188317 -28.331574
vn -87.075948 40.188317 -28.331574
vn -98.863290 -6.973058 13.320149
vn -98.863290 -6.973058 13.320149
vn -98.863290 -6.973058 13.320149
vn 23.839092 -33.913224 91.003247
vn 23.839092 -33.913224 91.003247
vn 23.839092 -33.913224 91.003247
vn 41.714951 12.418559 -90.031339
vn 41.714951 12.418559 -90.031339
vn 41.714951 12.418559 -90.031339
vn -18.119733 -80.848114 55.993380
vn -18.119733 -80.848114 55.993380
vn -18.119733 -80.848114 55.993380
vn 26.051915 -6.286221 -96.342005
vn 26.051915 -6.286221 -96.342005
vn 26.051915 -6.286221 -96.342005
vn -5.062715 80.034185 -59.740272
vn -5.062715 80.034185 -59.740272
vn -5.062715 80.034185 -59.740272
vn -41.250195 -24.887132 87.630203
vn -41.250195 -24.887132 87.630203
vn -41.250195 -24.887132 87.630203
vn 16.293706 92.970593 33.030073
vn 16.293706 92.970593 33.030073
vn 16.293706 92.970593 33.030073
vn 48.708185 13.771111 -86.243090
vn 48.708185 13.771111 -86.243090
vn 48.708185 13.771111 -86.243090
vn 52.291057 50.261108 -68.843786
vn 52.291057 50.261108 -68.843786
vn 52.291057 50.261108 -68.843786
vn 95.548723 11.400904 27.211413
vn 95.548723 11.400904 27.211413
vn 95.548723 11.400904 27.211413
vn 0.438268 76.537722 -64.356712
vn 0.438268 76.537722 -64.356712
vn 0.438268 76.537722 -64.356712
vn -39.059478 -83.052712 -39.706487
vn -39.059478 -83.052712 -39.706487
vn -39.059478 -83.052712 -39.706487
vn 60.197433 -4.542770 79.722222
vn 60.197433 -4.542770 79.722222
vn 60.197433 -4.542770 79.722222
vn 74.183139 -63.939624 -20.213516
vn 74.183139 -63.939624 -20.213516
vn 74.183139 -63.939624 -20.213516
vn -8.843168 88.914826 -44.899360
vn -8.843168 88.914826 -44.899360
vn -8.843168 88.914826 -44.899360
vn -57.143250 75.840411 -31.350968
vn -57.143250 75.840411 -31.350968
vn -57.143250 75.840411 -31.350968
vn -76.167690 -59.795701 24.959117
vn -76.167690 -59.795701 24.959117
vn -76.167690 -59.795701 24.959117
vn 9.037303 40.379657 -91.037412
vn 9.037303 40.379657 -91.037412
vn 9.037303 40.379657 -91.037412
vn 6.547275 92.465563 -37.513392
vn 6.547275 92.465563 -37.513392
vn 6.547275 92.465563 -37.513392
vn 57.817440 -62.811269 52.075792
vn 57.817440 -62.811269 52.075792
vn 57.817440 -62.811269 52.075792
vn 78.277767 24.990062 56.991996
vn 78.277767 24.990062 56.991996
vn 78.277767 24.990062 56.991996
vn 73.674411 -27.048194 61.971575
vn 73.674411 -27.048194 61.971575
vn 73.674411 -27.048194 61.971575
vn -17.395046 47.434770 86.298057
vn -17.395046 47.434770 86.298057
vn -17.395046 47.434770 86.298057
vn -60.149307 7.260975 79.557147
vn -60.149307 7.260975 79.557147
vn -60.149307 7.260975 79.557147
vn -83.378668 -25.198603 -49.122600
vn -83.378668 -25.198603 -49.122600
vn -83.378668 -25.198603 -49.122600
vn -88.875193 -45.716578 3.345912
vn -88.875193 -45.716578 3.345912
vn -88.875193 -45.716578 3.345912
vn 16.864162 89.249807 -41.833876
vn 16.864162 89.249807 -41.833876
vn 16.864162 89.249807 -41.833876
vn 1.244263 69.327615 -72.056468
vn 1.244263 69.327615 -72.056468
vn 1.244263 69.327615 -72.056468
vn 40.472981 -90.107182 15.576674
vn 40.472981 -90.107182 15.576674
vn 40.472981 -90.107182 15.576674
vn 30.897293 -92.083897 23.788933
vn 30.897293 -92.083897 23.788933
vn 30.897293 -92.083897 23.788933
vn 93.137563 -32.335506 16.727521
vn 93.137563 -32.335506 16.727521
vn 93.137563 -32.335506 16.727521
vn -44.661913 -42.082782 78.957925
vn -44.661913 -42.082782 78.957925
vn -44.661913 -42.082782 78.957925
vn 70.190922 57.507630 42.025087
vn 70.190922 57.507630 42.025087
vn 70.190922 57.507630 42.025087
vn 87.856772 -46.181727 -12.183414
vn 87.856772 -46.181727 -12.183414
vn 87.856772 -46.181727 -12.183414
vn 30.128768 -92.412293 -23.499456
vn 30.128768 -92.412293 -23.499456
vn 30.128768 -92.412293 -23.499456
vn 74.139533 31.724914 -59.134253
vn 74.139533 31.724914 -59.134253
vn 74.139533 31.724914 -59.134253
vn -83.712575 -17.180944 -51.932845
vn -83.712575 -17.180944 -51.932845
vn -83.712575 -17.180944 -51.932845
vn -58.505320 47.305105 -65.873786
vn -58.505320 47.305105 -65.873786
vn -58.505320 47.305105 -65.873786
vn -21.710656 77.776840 58.986529
vn -21.710656 77.776840 58.986529
vn -21.710656 77.776840 58.986529
vn 48.178062 13.464472 86.588593
vn 48.178062 13.464472 86.588593
vn 48.178062 13.464472 86.588593
vn -33.685549 -54.200971 76.990516
vn -33.685549 -54.200971 76.990516
vn -33.685549 -54.200971 76.990516
vn -42.119112 49.654810 75.897180
vn -42.119112 49.654810 75.897180
vn -42.119112 49.654810 75.897180
vn -82.264128 48.885305 -29.031721
vn -82.264128 48.885305 -29.031721
vn -82.264128 48.885305 -29.031721
vn -44.758613 -10.923108 -88.754453
vn -44.758613 -10.923108 -88.754453
vn -44.758613 -10.923108 -88.754453
vn -92.105037 -15.873646 -35.562464
vn -92.105037 -15.873646 -35.562464
vn -92.105037 -15.873646 -35.562464
vn -93.570677 -0.397402 35.275641
vn -93.570677 -0.397402 35.275641
vn -93.570677 -0.397402 35.275641
vn -37.496428 -29.955335 -87.730815
vn -37.496428 -29.955335 -87.730815
vn -37.496428 -29.955335 -87.730815
vn 65.574594 -29.830507 -69.354987
vn 65.574594 -29.830507 -69.354987
vn 65.574594 -29.830507 -69.354987
vn 28.434822 13.021610 94.983671
vn 28.434822 13.021610 94.983671
vn 28.434822 13.021610 94.983671
vn 77.762979 50.234429 -37.807699
vn 77.762979 50.234429 -37.807699
vn 77.762979 50.234429 -37.807699
vn 72.514443 33.549559 60.133887
vn 72.514443 33.549559 60.133887
vn 72.514443 33.549559 60.133887
vn 95.367067 26.376034 14.471655
vn 95.367067 26.376034 14.471655
vn 95.367067 26.376034 14.471655
vn -57.581205 53.075952 -62.188008
vn -57.581205 53.075952 -62.188008
vn -57.581205 53.075952 -62.188008
vn -79.802516 44.741604 -40.370125
vn -79.802516 44.741604 -40.370125
vn -79.802516 44.741604 -40.370125
vn 45.569579 -85.240659 -25.640700
vn 45.569579 -85.240659 -25.640700
vn 45.569579 -85.240659 -25.640700
vn 89.201735 -31.317410 -32.592485
vn 89.201735 -31.317410 -32.592485
vn 89.201735 -31.317410 -32.592485
vn -44.620872 -36.215708 81.837650
vn -44.620872 -36.215708 81.837650
vn -44.620872 -36.215708 81.837650
vn -74.970529 59.899480 28.133148
vn -74.970529 59.899480 28.133148
vn -74.970529 59.899480 28.133148
vn -56.759346 -82.211494 -4.432439
vn -56.759346 -82.211494 -4.432439
vn -56.759346 -82.211494 -4.432439
vn 54.147574 83.878814 -5.690895
vn 54.147574 83.878814 -5.690895
vn 54.147574 83.878814 -5.690895
vn 69.091821 43.417305 -57.803615
vn 69.091821 43.417305 -57.803615
vn 69.091821 43.417305 -57.803615
vn 91.539370 31.310126 25.302593
vn 91.539370 31.310126 25.302593
vn 91.539370 31.310126 25.302593
vn -58.742397 -7.509291 -80.578796
vn -58.742397 -7.509291 -80.578796
vn -58.742397 -7.509291 -80.578796
vn 17.952930 -44.260421 -87.856177
vn 17.952930 -44.260421 -87.856177
vn 17.952930 -44.260421 -87.856177
vn 19.033450 73.268925 65.340599
vn 19.033450 73.268925 65.340599
vn 19.033450 73.268925 65.340599
vn -65.860240 39.990924 -63.742883
vn -65.860240 39.990924 -63.742883
vn -65.860240 39.990924 -63.742883
vn 20.909808 -32.100358 92.370704
vn 20.909808 -32.100358 92.370704
vn 20.909808 -32.100358 92.370704
vn -94.593861 21.576044 -24.217276
vn -94.593861 21.576044 -24.217276
vn -94.593861 21.576044 -24.217276
vn 34.781160 60.376403 71.728386
vn 34.781160 60.376403 71.728386
vn 34.781160 60.376403 71.728386
vn 25.563291 15.104480 -95.490182
vn 25.563291 15.104480 -95.490182
vn 25.563291 15.104480 -95.490182
vn 12.566278 -44.456003 88.689076
vn 12.566278 -44.456003 88.689076
vn 12.566278 -44.456003 88.689076
vn 23.167780 58.147640 -77.987868
vn 23.167780 58.147640 -77.987868
vn 23.167780 58.147640 -77.987868
vn -93.018059 -14.164282 -33.867583
vn -93.018059 -14.164282 -33.867583
vn -93.018059 -14.164282 -33.867583
vn 48.180837 75.954197 43.698588
vn 48.180837 75.954197 43.698588
vn 48.180837 75.954197 43.698588
vn -31.887149 93.795949 13.620936
vn -31.887149 93.795949 13.620936
vn -31.887149 93.795949 13.620936
vn 16.949569 -20.125760 96.476251
vn 16.949569 -20.125760 96.476251
vn 16.949569 -20.125760 96.476251
vn 8.696746 -16.658920 98.218363
vn 8.696746 -16.658920 98.218363
vn 8.696746 -16.658920 98.218363
vn -96.587797 -7.380138 -24.826036
vn -96.587797 -7.380138 -24.826036
vn -96.587797 -7.380138 -24.826036
vn 86.347528 43.876617 -24.878648
vn 86.347528 43.876617 -24.878648
vn 86.347528 43.876617 -24.878648
vn 91.081712 0.973345 -41.269528
vn 91.081712 0.973345 -41.269528
vn 91.081712 0.973345 -41.269528
vn -43.496630 75.244916 -49.459532
vn -43.496630 75.244916 -49.459532
vn -43.496630 75.244916 -49.459532
vn -73.618119 64.171946 21.501972
vn -73.618119 64.171946 21.501972
vn -73.618119 64.171946 21.501972
vn -71.577102 50.411181 -48.326318
vn -71.577102 50.411181 -48.326318
vn -71.577102 50.411181 -48.326318
vn -60.016584 -78.023005 -17.618794
vn -60.016584 -78.023005 -17.618794
vn -60.016584 -78.023005 -17.618794
vn -57.166462 -3.913514 81.955358
vn -57.166462 -3.913514 81.955358
vn -57.166462 -3.913514 81.955358
vn -85.835452 10.652144 -50.187714
vn -85.835452 10.652144 -50.187714
vn -85.835452 10.652144 -50.187714
vn 69.598826 -70.645966 12.851137
vn 69.598826 -70.645966 12.851137
vn 69.598826 -70.645966 12.851137
vn 33.236257 70.202304 -62.984026
vn 33.236257 70.202304 -62.984026
vn 33.236257 70.202304 -62.984026
vn 13.707465 33.351394 93.272660
vn 13.707465 33.351394 93.272660
vn 13.707465 33.351394 93.272660
vn 53.133385 -2.489963 -84.679657
vn 53.133385 -2.489963 -84.679657
vn 53.133385 -2.489963 -84.679657
vn 79.676236 41.429148 43.992307
vn 79.676236 41.429148 43.992307
vn 79.676236 41.429148 43.992307
vn -14.600080 -97.369077 17.495747
vn -14.600080 -97.369077 17.495747
vn -14.600080 -97.369077 17.495747
vn 75.989645 16.016562 63.000355
vn 75.989645 16.016562 63.000355
vn 75.989645 16.016562 63.000355
vn -40.751217 91.124760 -5.967928
vn -40.751217 91.124760 -5.967928
vn -40.751217 91.124760 -5.967928
vn 5.282131 -87.629711 -47.886678
vn 5.282131 -87.629711 -47.886678
vn 5.282131 -87.629711 -47.886678
vn 35.232752 -89.872403 -26.107576
vn 35.232752 -89.872403 -26.107576
vn 35.232752 -89.872403 -26.107576
vn 75.284461 -19.705878 62.800718
vn 75.284461 -19.705878 62.800718
vn 75.284461 -19.705878 62.800718
vn 53.348459 35.342065 -76.843229
vn 53.348459 35.342065 -76.843229
vn 53.348459 35.342065 -76.843229
vn 73.391664 61.860215 -28.053125
vn 73.391664 61.860215 -28.053125
vn 73.391664 61.860215 -28.053125
vn -82.212658 -10.916461 -55.874055
vn -82.212658 -10.916461 -55.874055
vn -82.212658 -10.916461 -55.874055
vn 31.920419 -36.406846 87.496455
vn 31.920419 -36.406846 87.496455
vn 31.920419 -36.406846 87.496455
vn -73.914886 53.373032 -41.084184
vn -73.914886 53.373032 -41.084184
vn -73.914886 53.373032 -41.084184
vn -99.730995 -1.487262 7.177624
vn -99.730995 -1.487262 7.177624
vn -99.730995 -1.487262 7.177624
vn -14.237803 -97.018314 -19.614602
vn -14.237803 -97.018314 -19.614602
vn -14.237803 -97.018314 -19.614602
vn -46.378281 -88.566530 2.242090
vn -46.378281 -88.566530 2.242090
vn -46.378281 -88.566530 2.242090
vn 99.895049 -2.826428 3.604278
vn 99.895049 -2.826428 3.604278
vn 99.895049 -2.826428 3.604278
vn 61.072939 -52.524765 59.255772
vn 61.072939 -52.524765 59.255772
vn 61.072939 -52.524765 59.255772
vn 10.317564 97.901949 -17.571453
vn 10.317564 97.901949 -17.571453
vn 10.317564 97.901949 -17.571453
vn -3.914759 -91.268990 -40.677335
vn -3.914759 -91.268990 -40.677335
vn -3.914759 -91.268990 -40.677335
vn -20.202767 39.197829 89.751762
vn -20.202767 39.197829 89.751762
vn -20.202767 39.197829 89.751762
vn 92.090774 -31.158452 -23.418804
vn 92.090774 -31.158452 -23.418804
vn 92.090774 -31.158452 -23.418804
vn -90.516256 -25.577793 33.949745
vn -90.516256 -25.577793 33.949745
vn -90.516256 -25.577793 33.949745
vn -88.930057 -13.139417 -43.804136
vn -88.930057 -13.139417 -43.804136
vn -88.930057 -13.139417 -43.804136
vn 6.601202 -51.151870 -85.673282
vn 6.601202 -51.151870 -85.673282
vn 6.601202 -51.151870 -85.673282
vn -19.747067 -98.027781 -0.779389
vn -19.747067 -98.027781 -0.779389
vn -19.747067 -98.027781 -0.779389
vn 83.521120 -52.552649 16.200082
vn 83.521120 -52.552649 16.200082
vn 83.521120 -52.552649 16.200082
vn 75.594396 30.092120 -58.137354
vn 75.594396 30.092120 -58.137354
vn 75.594396 30.092120 -58.137354
vn -32.001273 80.119132 -50.565255
vn -32.001273 80.119132 -50.565255
vn -32.001273 80.119132 -50.565255
vn -85.752511 -9.717345 -50.518134
vn -85.752511 -9.717345 -50.518134
vn -85.752511 -9.717345 -50.518134
vn 33.046230 75.885220 56.119339
vn 33.046230 75.885220 56.119339
vn 33.046230 75.885220 56.119339
vn -51.045918 -60.466582 -61.140056
vn -51.045918 -60.466582 -61.140056
vn -51.045918 -60.466582 -61.140056
vn -96.562542 5.967907 -25.299431
vn -96.562542 5.967907 -25.299431
vn -96.562542 5.967907 -25.299431
vn -92.284266 -3.298999 38.376178
vn -92.284266 -3.298999 38.376178
vn -92.284266 -3.298999 38.376178
vn -57.472543 50.469555 64.418404
vn -57.472543 50.469555 64.418404
vn -57.472543 50.469555 64.418404
vn 89.106283 45.134956 -4.786029
vn 89.106283 45.134956 -4.786029
vn 89.106283 45.134956 -4.786029
vn -94.790677 25.773765 -18.720078
vn -94.790677 25.773765 -18.720078
vn -94.790677 25.773765 -18.720078
vn -50.209556 -9.328489 -85.976626
vn -50.209556 -9.328489 -85.976626
vn -50.209556 -9.328489 -85.976626
vn -99.143827 12.647781 -3.245988
vn -99.143827 12.647781 -3.245988
vn -99.143827 12.647781 -3.245988
vn -31.522536 94.849966 -3.132742
vn -31.522536 94.849966 -3.132742
vn -31.522536 94.849966 -3.132742
vn -74.992154 3.668915 66.050864
vn -74.992154 3.668915 66.050864
vn -74.992154 3.668915 66.050864
vn -19.083997 0.049040 -98.162112
vn -19.083997 0.049040 -98.162112
vn -19.083997 0.049040 -98.162112
vn 59.855921 -56.406833 56.881808
vn 59.855921 -56.406833 56.881808
vn 59.855921 -56.406833 56.881808
vn -72.280234 -54.667742 -42.273011
vn -72.280234 -54.667742 -42.273011
vn -72.280234 -54.667742 -42.273011
vn 14.244643 -66.432629 -73.374354
vn 14.244643 -66.432629 -73.374354
vn 14.244643 -66.432629 -73.374354
vn -63.734690 74.794910 18.536725
vn -63.734690 74.794910 18.536725
vn -63.734690 74.794910 18.536725
vn -97.651081 19.706436 -8.713385
vn -97.651081 19.706436 -8.713385
vn -97.651081 19.706436 -8.713385
vn -98.556578 2.194999 -16.786423
vn -98.556578 2.194999 -16.786423
vn -98.556578 2.194999 -16.786423
vn -49.476825 56.591898 -65.950007
vn -49.476825 56.591898 -65.950007
vn -49.476825 56.591898 -65.950007
vn -93.980947 -30.216022 15.955355
vn -93.980947 -30.216022 15.955355
vn -93.980947 -30.216022 15.955355
vn 35.001655 -75.230126 55.814982
vn 35.001655 -75.230126 55.814982
vn 35.001655 -75.230126 55.814982
vn -64.992277 64.046938 40.914491
vn -64.992277 64.046938 40.914491
vn -64.992277 64.046938 40.914491
vn -35.170479 -48.730683 79.927218
vn -35.170479 -48.730683 79.927218
vn -35.170479 -48.730683 79.927218
vn -16.892156 4.449128 98.462480
vn -16.892156 4.449128 98.462480
vn -16.892156 4.449128 98.462480
vn 31.111876 -93.590792 16.517156
vn 31.111876 -93.590792 16.517156
vn 31.111876 -93.590792 16.517156
vn -11.769774 -4.440490 99.205620
vn -11.769774 -4.440490 99.205620
vn -11.769774 -4.440490 99.205620
vn 18.093245 -35.989912 91.527929
vn 18.093245 -35.989912 91.527929
vn 18.093245 -35.989912 91.527929
vn 56.395946 -44.454112 69.594044
vn 56.395946 -44.454112 69.594044
vn 56.395946 -44.454112 69.594044
vn -89.115369 -0.061592 45.370121
vn -89.115369 -0.061592 45.370121
vn -89.115369 -0.061592 45.370121
vn 4.692344 -99.131071 12.288765
vn 4.692344 -99.131071 12.288765
vn 4.692344 -99.131071 12.288765
vn 56.469243 -81.203574 14.737887
vn 56.469243 -81.203574 14.737887
vn 56.469243 -81.203574 14.737887
vn 80.388100 -52.368493 28.200968
vn 80.388100 -52.368493 28.200968
vn 80.388100 -52.368493 28.200968
vn -40.254362 -91.524769 1.674270
vn -40.254362 -91.524769 1.674270
vn -40.254362 -91.524769 1.674270
vn 6.398874 -79.806871 59.915924
vn 6.398874 -79.806871 59.915924
vn 6.398874 -79.806871 59.915924
vn 72.312009 68.238451 -10.699850
vn 72.312009 68.238451 -10.699850
vn 72.312009 68.238451 -10.699850
vn 39.463861 2.569638 91.847706
vn 39.463861 2.569638 91.847706
vn 39.463861 2.569638 91.847706
vn 26.366692 76.802441 58.362509
vn 26.366692 76.802441 58.362509
vn 26.366692 76.802441 58.362509
vn -18.589115 7.227224 97.990888
vn -18.589115 7.227224 97.990888
vn -18.589115 7.227224 97.990888
vn -95.324144 11.626910 27.894845
vn -95.324144 11.626910 27.894845
vn -95.324144 11.626910 27.894845
vn -56.701807 -48.563258 66.532074
vn -56.701807 -48.563258 66.532074
vn -56.701807 -48.563258 66.532074
vn -74.656589 -26.803493 -60.893080
vn -74.656589 -26.803493 -60.893080
vn -74.656589 -26.803493 -60.893080
vn -90.432816 35.333713 23.946496
vn -90.432816 35.333713 23.946496
vn -90.432816 35.333713 23.946496
vn -80.953400 -50.528227 29.890586
vn -80.953400 -50.528227 29.890586
vn -80.953400 -50.528227 29.890586
vn 39.584507 -24.295812 88.559471
vn 39.584507 -24.295812 88.559471
vn 39.584507 -24.295812 88.559471
vn -90.136455 11.587294 -41.727138
vn -90.136455 11.587294 -41.727138
vn -90.136455 11.587294 -41.727138
vn -42.003653 26.057106 86.929401
vn -42.003653 26.057106 86.929401
vn -42.003653 26.057106 86.929401
vn 89.581184 -37.862027 23.274015
vn 89.581184 -37.862027 23.274015
vn 89.581184 -37.862027 23.274015
vn -61.128530 24.424832 75.277700
vn -61.128530 24.424832 75.277700
vn -61.128530 24.424832 75.277700
vn 68.020692 -29.221766 67.225559
vn 68.020692 -29.221766 67.225559
vn 68.020692 -29.221766 67.225559
vn 70.415690 -24.306274 66.714601
vn 70.415690 -24.306274 66.714601
vn 70.415690 -24.306274 66.714601
vn 8.156639 -13.987758 -98.680354
vn 8.156639 -13.987758 -98.680354
vn 8.156639 -13.987758 -98.680354
vn 39.277449 29.908941 86.964012
vn 39.277449 29.908941 86.964012
vn 39.277449 29.908941 86.964012
vn -12.827816 -70.755312 69.491975
vn -12.827816 -70.755312 69.491975
vn -12.827816 -70.755312 69.491975
vn 84.685349 52.762825 -6.669021
vn 84.685349 52.762825 -6.669021
vn 84.685349 52.762825 -6.669021
vn -99.557308 5.920661 -7.299921
vn -99.557308 5.920661 -7.299921
vn -99.557308 5.920661 -7.299921
vn -89.587655 -21.928143 38.642085
vn -89.587655 -21.928143 38.642085
vn -89.587655 -21.928143 38.642085
vn 37.703783 9.916199 92.087427
vn 37.703783 9.916199 92.087427
vn 37.703783 9.916199 92.087427
vn -15.322251 54.976343 -82.114748
vn -15.322251 54.976343 -82.114748
vn -15.322251 54.976343 -82.114748
vn 88.159238 44.115453 -16.786180
vn 88.159238 44.115453 -16.786180
vn 88.159238 44.115453 -16.786180
vn 15.691650 68.443673 71.198566
vn 15.691650 68.443673 71.198566
vn 15.691650 68.443673 71.198566
vn -88.018869 36.521047 30.313238
vn -88.018869 36.521047 30.313238
vn -88.018869 36.521047 30.313238
vn -99.346564 2.073119 11.223285
vn -99.346564 2.073119 11.223285
vn -99.346564 2.073119 11.223285
vn -96.487142 21.000966 -15.785811
vn -96.487142 21.000966 -15.785811
vn -96.487142 21.000966 -15.785811
vn -42.704293 -79.220696 43.593862
vn -42.704293 -79.220696 43.593862
vn -42.704293 -79.220696 43.593862
vn -34.802864 4.695482 93.630734
vn -34.802864 4.695482 93.630734
vn -34.802864 4.695482 93.630734
vn 97.203201 -14.307380 -18.623549
vn 97.203201 -14.307380 -18.623549
vn 97.203201 -14.307380 -18.623549
vn -63.488128 70.487569 -31.634799
vn -63.488128 70.487569 -31.634799
vn -63.488128 70.487569 -31.634799
vn -92.379619 -9.991221 36.961904
vn -92.379619 -9.991221 36.961904
vn -92.379619 -9.991221 36.961904
vn -43.574683 -84.938804 -29.776628
vn -43.574683 -84.938804 -29.776628
vn -43.574683 -84.938804 -29.776628
vn -38.947312 -51.289110 76.501873
vn -38.947312 -51.289110 76.501873
vn -38.947312 -51.289110 76.501873
vn 1.944134 -81.321961 58.163221
vn 1.944134 -81.321961 58.163221
vn 1.944134 -81.321961 58.163221
vn -60.662625 -77.875674 -15.982048
vn -60.662625 -77.875674 -15.982048
vn -60.662625 -77.875674 -15.982048
vn -74.417275 -56.838584 -35.091948
vn -74.417275 -56.838584 -35.091948
vn -74.417275 -56.838584 -35.091948
vn 25.963922 -95.160275 -16.443788
vn 25.963922 -95.160275 -16.443788
vn 25.963922 -95.160275 -16.443788
vn -74.057858 57.586510 34.629870
vn -74.057858 57.586510 34.629870
vn -74.057858 57.586510 34.629870
vn -54.811856 30.197638 77.998490
vn -54.811856 30.197638 77.998490
vn -54.811856 30.197638 77.998490
vn -56.484068 62.323219 54.086664
vn -56.484068 62.323219 54.086664
vn -56.484068 62.323219 54.086664
vn -67.122310 73.709843 7.839287
vn -67.122310 73.709843 7.839287
vn -67.122310 73.709843 7.839287
vn 92.128357 18.545200 -34.182477
vn 92.128357 18.545200 -34.182477
vn 92.128357 18.545200 -34.182477
vn -75.435973 24.318176 60.975742
vn -75.435973 24.318176 60.975742
vn -75.435973 24.318176 60.975742
vn 64.472285 -43.319392 -62.982177
vn 64.472285 -43.319392 -62.982177
vn 64.472285 -43.319392 -62.982177
vn -22.602146 2.950187 97.367549
vn -22.602146 2.950187 97.367549
vn -22.602146 2.950187 97.367549
vn 80.675356 44.620779 38.735947
vn 80.675356 44.620779 38.735947
vn 80.675356 44.620779 38.735947
vn 75.819739 -21.216174 -61.654208
vn 75.819739 -21.216174 -61.654208
vn 75.819739 -21.216174 -61.654208
vn 52.974245 -81.240699 -24.365535
vn 52.974245 -81.240699 -24.365535
vn 52.974245 -81.240699 -24.365535
vn -57.187638 -18.336832 -79.958342
vn -57.187638 -18.336832 -79.958342
vn -57.187638 -18.336832 -79.958342
vn -94.261933 20.850379 26.075846
vn -94.261933 20.850379 26.075846
vn -94.261933 20.850379 26.075846
vn -99.714829 6.517370 3.804954
vn -99.714829 6.517370 3.804954
vn -99.714829 6.517370 3.804954
vn 68.138504 -33.893447 64.872026
vn 68.138504 -33.893447 64.872026
vn 68.138504 -33.893447 64.872026
vn 91.879401 -4.870425 -39.172129
vn 91.879401 -4.870425 -39.172129
vn 91.879401 -4.870425 -39.172129
vn 11.443902 80.897312 57.659880
vn 11.443902 80.897312 57.659880
vn 11.443902 80.897312 57.659880
vn 85.438130 -4.572626 -51.763092
vn 85.438130 -4.572626 -51.763092
vn 85.438130 -4.572626 -51.763092
vn -34.799664 93.744771 0.949404
vn -34.799664 93.744771 0.949404
vn -34.799664 93.744771 0.949404
vn 13.937717 35.275649 92.527667
vn 13.937717 35.275649 92.527667
vn 13.937717 35.275649 92.527667
vn -22.143367 -96.972583 -10.295143
vn -22.143367 -96.972583 -10.295143
vn -22.143367 -96.972583 -10.295143
vn 59.932229 -26.270729 75.617302
vn 59.932229 -26.270729 75.617302
vn 59.932229 -26.270729 75.617302
vn -96.215702 -17.163349 21.165069
vn -96.215702 -17.163349 21.165069
vn -96.215702 -17.163349 21.165069
vn -97.490133 3.734396 -21.948328
vn -97.490133 3.734396 -21.948328
vn -97.490133 3.734396 -21.948328
vn 10.774950 -52.205513 84.607829
vn 10.774950 -52.205513 84.607829
vn 10.774950 -52.205513 84.607829
vn -89.508264 9.633445 -43.536986
vn -89.508264 9.633445 -43.536986
vn -89.508264 9.633445 -43.536986
vn -14.832210 -92.472883 -35.053855
vn -14.832210 -92.472883 -35.053855
vn -14.832210 -92.472883 -35.053855
vn 63.848635 -26.900554 -72.109042
vn 63.848635 -26.900554 -72.109042
vn 63.848635 -26.900554 -72.109042
vn 18.056117 -87.407375 -45.099103
vn 18.056117 -87.407375 -45.099103
vn 18.056117 -87.407375 -45.099103
vn 93.694392 -27.527923 21.530802
vn 93.694392 -27.527923 21.530802
vn 93.694392 -27.527923 21.530802
vn 76.818451 44.635720 -45.897472
vn 76.818451 44.635720 -45.897472
vn 76.818451 44.635720 -45.897472
vn -86.903690 9.214250 -48.609142
vn -86.903690 9.214250 -48.609142
vn -86.903690 9.214250 -48.609142
vn -32.273941 -90.360295 28.167550
vn -32.273941 -90.360295 28.167550
vn -32.273941 -90.360295 28.167550
vn -86.713994 2.920125 -49.720786
vn -86.713994 2.920125 -49.720786
vn -86.713994 2.920125 -49.720786
vn -43.701446 89.879381 -3.447060
vn -43.701446 89.879381 -3.447060
vn -43.701446 89.879381 -3.447060
vn 48.832913 81.825146 -30.331387
vn 48.832913 81.825146 -30.331387
vn 48.832913 81.825146 -30.331387
vn -3.894147 -99.443955 -9.784491
vn -3.894147 -99.443955 -9.784491
vn -3.894147 -99.443955 -9.784491
vn -29.758417 65.410542 69.540625
vn -29.758417 65.410542 69.540625
vn -29.758417 65.410542 69.540625
vn 35.873825 7.906136 93.008407
vn 35.873825 7.906136 93.008407
vn 35.873825 7.906136 93.008407
vn -84.304936 25.085151 -47.575339
vn -84.304936 25.085151 -47.575339
vn -84.304936 25.085151 -47.575339
vn 65.809858 -0.470000 -75.291716
vn 65.809858 -0.470000 -75.291716
vn 65.809858 -0.470000 -75.291716
vn 6.078228 -60.672365 79.258561
vn 6.078228 -60.672365 79.258561
vn 6.078228 -60.672365 79.258561
vn 91.948695 -27.671367 27.923718
vn 91.948695 -27.671367 27.923718
vn 91.948695 -27.671367 27.923718
vn -7.938314 -78.952628 -60.856113
vn -7.938314 -78.952628 -60.856113
vn -7.938314 -78.952628 -60.856113
vn 65.049384 -63.847099 41.135449
vn 65.049384 -63.847099 41.135449
vn 65.049384 -63.847099 41.135449
vn 19.229637 -65.555130 -73.025655
vn 19.229637 -65.555130 -73.025655
vn 19.229637 -65.555130 -73.025655
vn 72.108599 3.024559 -69.218518
vn 72.108599 3.024559 -69.218518
vn 72.108599 3.024559 -69.218518
vn 70.590294 -0.584490 70.828444
vn 70.590294 -0.584490 70.828444
vn 70.590294 -0.584490 70.828444
vn -67.725444 -8.866356 -73.038704
vn -67.725444 -8.866356 -73.038704
vn -67.725444 -8.866356 -73.038704
vn 29.113278 70.683542 64.469022
vn 29.113278 70.683542 64.469022
vn 29.113278 70.683542 64.469022
vn 61.808635 -8.043442 -78.198447
vn 61.808635 -8.043442 -78.198447
vn 61.808635 -8.043442 -78.198447
vn 16.045681 2.941035 -98.660465
vn 16.045681 2.941035 -98.660465
vn 16.045681 2.941035 -98.660465
vn 27.459857 93.581955 22.099176
vn 27.459857 93.581955 22.099176
vn 27.459857 93.581955 22.099176
vn 9.804747 -76.359012 -63.821393
vn 9.804747 -76.359012 -63.821393
vn 9.804747 -76.359012 -63.821393
vn -80.405303 -59.239557 -5.065888
vn -80.405303 -59.239557 -5.065888
vn -80.405303 -59.239557 -5.065888
vn 35.320754 88.953529 -28.977812
vn 35.320754 88.953529 -28.977812
vn 35.320754 88.953529 -28.977812
vn 9.520445 55.134834 82.882516
vn 9.520445 55.134834 82.882516
vn 9.520445 55.134834 82.882516
vn -68.957059 -68.973034 -22.082674
vn -68.957059 -68.973034 -22.082674
vn -68.957059 -68.973034 -22.082674
vn 54.199492 22.774783 80.893303
vn 54.199492 22.774783 80.893303
vn 54.199492 22.774783 80.893303
vn 31.003984 -93.264677 18.451387
vn 31.003984 -93.264677 18.451387
vn 31.003984 -93.264677 18.451387
vn -11.568953 -75.214952 -64.875814
vn -11.568953 -75.214952 -64.875814
vn -11.568953 -75.214952 -64.875814
vn -96.722334 8.814905 23.813629
vn -96.722334 8.814905 23.813629
vn -96.722334 8.814905 23.813629
vn -15.294003 31.719100 93.594833
vn -15.294003 31.719100 93.594833
vn -15.294003 31.719100 93.594833
vn 88.637207 -21.759603 -40.865221
vn 88.637207 -21.759603 -40.865221
vn 88.637207 -21.759603 -40.865221
vn 82.374155 -46.527441 -32.399020
vn 82.374155 -46.527441 -32.399020
vn 82.374155 -46.527441 -32.399020
vn 4.860199 -53.024039 84.645318
vn 4.860199 -53.024039 84.645318
vn 4.860199 -53.024039 84.645318
vn -81.475652 28.481460 50.502727
vn -81.475652 28.481460 50.502727
vn -81.475652 28.481460 50.502727
vn -68.320620 -63.176631 36.619767
vn -68.320620 -63.176631 36.619767
vn -68.320620 -63.176631 36.619767
vn 60.721300 -1.087784 -79.446462
vn 60.721300 -1.087784 -79.446462
vn 60.721300 -1.087784 -79.446462
vn 2.701337 -20.744246 -97.787418
vn 2.701337 -20.744246 -97.787418
vn 2.701337 -20.744246 -97.787418
vn 12.359650 -40.694626 -90.505180
vn 12.359650 -40.694626 -90.505180
vn 12.359650 -40.694626 -90.505180
vn -96.745926 9.319785 23.523793
vn -96.745926 9.319785 23.523793
vn -96.745926 9.319785 23.523793
vn -82.885208 -53.745967 15.537467
vn -82.885208 -53.745967 15.537467
vn -82.885208 -53.745967 15.537467
vn -43.127872 -21.890386 -87.525993
vn -43.127872 -21.890386 -87.525993
vn -43.127872 -21.890386 -87.525993
vn -93.756959 32.777004 -11.631891
vn -93.756959 32.777004 -11.631891
vn -93.756959 32.777004 -11.631891
vn -33.692927 -80.315829 -49.134046
vn -33.692927 -80.315829 -49.134046
vn -33.692927 -80.315829 -49.134046
vn 97.622754 7.701813 -20.260330
vn 97.622754 7.701813 -20.260330
vn 97.622754 7.701813 -20.260330
vn 48.007208 51.340090 -71.130199
vn 48.007208 51.340090 -71.130199
vn 48.007208 51.340090 -71.130199
vn -56.109608 53.430880 -63.220683
vn -56.109608 53.430880 -63.220683
vn -56.109608 53.430880 -63.220683
vn -99.504327 8.165825 -5.675324
vn -99.504327 8.165825 -5.675324
vn -99.504327 8.165825 -5.675324
vn -35.387843 6.192193 93.323950
vn -35.387843 6.192193 93.323950
vn -35.387843 6.192193 93.323950
vn -62.961926 33.506930 -70.093383
vn -62.961926 33.506930 -70.093383
vn -62.961926 33.506930 -70.093383
vn 35.984857 49.381012 79.161901
vn 35.984857 49.381012 79.161901
vn 35.984857 49.381012 79.161901
vn 18.996029 -44.425558 87.552961
vn 18.996029 -44.425558 87.552961
vn 18.996029 -44.425558 87.552961
vn 36.325736 69.428671 -62.129707
vn 36.325736 69.428671 -62.129707
vn 36.325736 69.428671 -62.129707
vn -93.094889 20.772093 -30.031015
vn -93.094889 20.772093 -30.031015
vn -93.094889 20.772093 -30.031015
vn -0.149507 -36.834542 -92.968786
vn -0.149507 -36.834542 -92.968786
vn -0.149507 -36.834542 -92.968786
vn -42.086414 -41.661734 -80.579365
vn -42.086414 -41.661734 -80.579365
vn -42.086414 -41.661734 -80.579365
vn -29.244645 -95.224735 -8.775087
vn -29.244645 -95.224735 -8.775087
vn -29.244645 -95.224735 -8.775087
vn -60.318624 28.574917 74.465682
vn -60.318624 28.574917 74.465682
vn -60.318624 28.574917 74.465682
vn -91.727709 -16.695481 -36.156468
vn -91.727709 -16.695481 -36.156468
vn -91.727709 -16.695481 -36.156468
vn 23.367786 30.722731 -92.249998
vn 23.367786 30.722731 -92.249998
vn 23.367786 30.722731 -92.249998
vn -99.743997 -3.939426 -5.967926
vn -99.743997 -3.939426 -5.967926
vn -99.743997 -3.939426 -5.967926
vn 3.732935 -36.645618 92.968625
vn 3.732935 -36.645618 92.968625
vn 3.732935 -36.645618 92.968625
vn 37.593372 -92.553949 -4.528372
vn 37.593372 -92.553949 -4.528372
vn 37.593372 -92.553949 -4.528372
vn 96.846731 -24.907293 0.581155
vn 96.846731 -24.907293 0.581155
vn 96.846731 -24.907293 0.581155
vn 49.832932 -5.826600 86.502786
vn 49.832932 -5.826600 86.502786
vn 49.832932 -5.826600 86.502786
vn 66.326377 10.283610 74.128664
vn 66.326377 10.283610 74.128664
vn 66.326377 10.283610 74.128664
vn 0.587303 -38.307536 -92.369844
vn 0.587303 -38.307536 -92.369844
vn 0.587303 -38.307536 -92.369844
vn -31.938219 -4.284656 94.665687
vn -31.938219 -4.284656 94.665687
vn -31.938219 -4.284656 94.665687
vn 91.408884 -39.359368 9.759890
vn 91.408884 -39.359368 9.759890
vn 91.408884 -39.359368 9.759890
vn -42.235743 -33.638025 -84.170219
vn -42.235743 -33.638025 -84.170219
vn -42.235743 -33.638025 -84.170219
vn -65.179724 -46.592547 -59.839283
vn -65.179724 -46.592547 -59.839283
vn -65.179724 -46.592547 -59.839283
vn 94.937452 31.413141 0.308563
vn 94.937452 31.413141 0.308563
vn 94.937452 31.413141 0.308563
vn 78.991995 -11.771676 -60.180517
vn 78.991995 -11.771676 -60.180517
vn 78.991995 -11.771676 -60.180517
vn -16.390184 83.302231 52.840326
vn -16.390184 83.302231 52.840326
vn -16.390184 83.302231 52.840326
vn -80.361418 43.051609 41.092613
vn -80.361418 43.051609 41.092613
vn -80.361418 43.051609 41.092613
vn 73.204538 -68.117360 -1.058961
vn 73.204538 -68.117360 -1.058961
vn 73.204538 -68.117360 -1.058961
vn -79.177646 11.882360 59.914205
vn -79.177646 11.882360 59.914205
vn -79.177646 11.882360 59.914205
vn 75.864598 -64.774623 6.986577
vn 75.864598 -64.774623 6.986577
vn 75.864598 -64.774623 6.986577
vn -89.394404 -43.882574 -9.108260
vn -89.394404 -43.882574 -9.108260
vn -89.394404 -43.882574 -9.108260
vn -81.754977 36.504766 -44.536793
vn -81.754977 36.504766 -44.536793
vn -81.754977 36.504766 -44.536793
vn 82.960632 32.186213 45.624347
vn 82.960632 32.186213 45.624347
vn 82.960632 32.186213 45.624347
vn -9.226715 56.571458 -81.942285
vn -9.226715 56.571458 -81.942285
vn -9.226715 56.571458 -81.942285
vn -72.098647 -54.772000 42.447773
vn -72.098647 -54.772000 42.447773
vn -72.098647 -54.772000 42.447773
vn 78.741071 27.947699 54.943348
vn 78.741071 27.947699 54.943348
vn 78.741071 27.947699 54.943348
vn -43.944172 88.321350 -16.378349
vn -43.944172 88.321350 -16.378349
vn -43.944172 88.321350 -16.378349
vn 80.120231 -23.703832 -54.944310
vn 80.120231 -23.703832 -54.944310
vn 80.120231 -23.703832 -54.944310
vn -47.693620 -81.406895 -33.139642
vn -47.693620 -81.406895 -33.139642
vn -47.693620 -81.406895 -33.139642
vn 32.017224 72.772504 -60.655261
vn 32.017224 72.772504 -60.655261
vn 32.017224 72.772504 -60.655261
vn 47.870018 0.400392 87.796944
vn 47.870018 0.400392 87.796944
vn 47.870018 0.400392 87.796944
vn -37.201854 -87.531243 30.891812
vn -37.201854 -87.531243 30.891812
vn -37.201854 -87.531243 30.891812
vn -26.642030 -61.844493 73.928761
vn -26.642030 -61.844493 73.928761
vn -26.642030 -61.844493 73.928761
vn 8.299896 -20.098097 97.607273
vn 8.299896 -20.098097 97.607273
vn 8.299896 -20.098097 97.607273
vn -92.220440 -33.080165 20.027363
vn -92.220440 -33.080165 20.027363
vn -92.220440 -33.080165 20.027363
vn -99.561013 4.527147 -8.192075
vn -99.561013 4.527147 -8.192075
vn -99.561013 4.527147 -8.192075
vn 34.311232 50.189237 79.396358
vn 34.311232 50.189237 79.396358
vn 34.311232 50.189237 79.396358
vn 6.230650 -84.144229 -53.674274
vn 6.230650 -84.144229 -53.674274
vn 6.230650 -84.144229 -53.674274
vn 93.612099 -31.237404 16.155492
vn 93.612099 -31.237404 16.155492
vn 93.612099 -31.237404 16.155492
vn -87.774050 40.527989 25.557773
vn -87.774050 40.527989 25.557773
vn -87.774050 40.527989 25.557773
vn -86.764858 -42.800740 -25.297345
vn -86.764858 -42.800740 -25.297345
vn -86.764858 -42.800740 -25.297345
vn 69.072688 66.065401 29.399456
vn 69.072688 66.065401 29.399456
vn 69.072688 66.065401 29.399456
vn 33.224828 -48.053558 81.160135
vn 33.224828 -48.053558 81.160135
vn 33.224828 -48.053558 81.160135
vn 35.828754 71.982463 59.454404
vn 35.828754 71.982463 59.454404
vn 35.828754 71.982463 59.454404
vn -63.434732 66.163192 -39.980834
vn -63.434732 66.163192 -39.980834
vn -63.434732 66.163192 -39.980834
vn -48.699634 45.967518 -74.265292
vn -48.699634 45.967518 -74.265292
vn -48.699634 45.967518 -74.265292
vn -45.752541 -53.926961 70.700692
vn -45.752541 -53.926961 70.700692
vn -45.752541 -53.926961 70.700692
vn -3.003491 -51.973983 -85.379656
vn -3.003491 -51.973983 -85.379656
vn -3.003491 -51.973983 -85.379656
vn 63.305283 63.611662 -44.113473
vn 63.305283 63.611662 -44.113473
vn 63.305283 63.611662 -44.113473
vn -84.685777 -4.834075 -52.961786
vn -84.685777 -4.834075 -52.961786
vn -84.685777 -4.834075 -52.961786
vn 69.248808 4.135356 72.024312
vn 69.248808 4.135356 72.024312
vn 69.248808 4.135356 72.024312
vn 46.836900 30.281532 83.002009
vn 46.836900 30.281532 83.002009
vn 46.836900 30.281532 83.002009
vn 69.824602 -58.435391 41.350108
vn 69.824602 -58.435391 41.350108
vn 69.824602 -58.435391 41.350108
vn 85.134844 5.583448 -52.162109
vn 85.134844 5.583448 -52.162109
vn 85.134844 5.583448 -52.162109
vn 3.212953 30.169166 95.286414
vn 3.212953 30.169166 95.286414
vn 3.212953 30.169166 95.286414
vn 38.366340 -35.151439 -85.395553
vn 38.366340 -35.151439 -85.395553
vn 38.366340 -35.151439 -85.395553
vn -28.258510 -68.483646 67.167313
vn -28.258510 -68.483646 67.167313
vn -28.258510 -68.483646 67.167313
vn 28.292343 -24.084669 92.841124
vn 28.292343 -24.084669 92.841124
vn 28.292343 -24.084669 92.841124
vn -90.086430 40.783692 14.870297
vn -90.086430 40.783692 14.870297
vn -90.086430 40.783692 14.870297
vn 63.243748 -77.300629 -4.984112
vn 63.243748 -77.300629 -4.984112
vn 63.243748 -77.300629 -4.984112
vn -24.784819 -41.192966 87.686107
vn -24.784819 -41.192966 87.686107
vn -24.784819 -41.192966 87.686107
vn -93.761952 -16.420405 -30.644213
vn -93.761952 -16.420405 -30.644213
vn -93.761952 -16.420405 -30.644213
vn 13.976542 33.478319 93.187230
vn 13.976542 33.478319 93.187230
vn 13.976542 33.478319 93.187230
vn -63.644002 46.058364 -61.871389
vn -63.644002 46.058364 -61.871389
vn -63.644002 46.058364 -61.871389
vn 53.144541 6.498415 -84.459630
vn 53.144541 6.498415 -84.459630
vn 53.144541 6.498415 -84.459630
vn 87.050029 16.759259 -46.275477
vn 87.050029 16.759259 -46.275477
vn 87.050029 16.759259 -46.275477
vn -62.884723 53.861578 -56.075331
vn -62.884723 53.861578 -56.075331
vn -62.884723 53.861578 -56.075331
vn -36.364875 42.757248 -82.761183
vn -36.364875 42.757248 -82.761183
vn -36.364875 42.757248 -82.761183
vn 94.543979 13.472715 29.663496
vn 94.543979 13.472715 29.663496
vn 94.543979 13.472715 29.663496
vn 84.936618 43.222074 30.292314
vn 84.936618 43.222074 30.292314
vn 84.936618 43.222074 30.292314
vn -57.173054 14.036735 80.834471
vn -57.173054 14.036735 80.834471
vn -57.173054 14.036735 80.834471
vn 0.165622 41.807231 -90.841225
vn 0.165622 41.807231 -90.841225
vn 0.165622 41.807231 -90.841225
vn 2.858090 29.130037 -95.620463
vn 2.858090 29.130037 -95.620463
vn 2.858090 29.130037 -95.620463
vn 94.058238 -8.897207 32.770227
vn 94.058238 -8.897207 32.770227
vn 94.058238 -8.897207 32.770227
vn 88.319470 37.818406 27.738769
vn 88.319470 37.818406 27.738769
vn 88.319470 37.818406 27.738769
vn 70.579589 -25.064008 66.259479
vn 70.579589 -25.064008 66.259479
vn 70.579589 -25.064008 66.259479
vn -3.419104 -86.740999 -49.641828
vn -3.419104 -86.740999 -49.641828
vn -3.419104 -86.740999 -49.641828
vn 8.171238 82.552629 -55.841688
vn 8.171238 82.552629 -55.841688
vn 8.171238 82.552629 -55.841688
vn -29.939290 91.096187 28.374713
vn -29.939290 91.096187 28.374713
vn -29.939290 91.096187 28.374713
vn -71.923534 -40.194383 -56.669370
vn -71.923534 -40.194383 -56.669370
vn -71.923534 -40.194383 -56.669370
vn 98.544847 15.299885 7.404585
vn 98.544847 15.299885 7.404585
vn 98.544847 15.299885 7.404585
vn -84.169411 19.084130 -50.510472
vn -84.169411 19.084130 -50.510472
vn -84.169411 19.084130 -50.510472
vn 64.494424 49.815685 -57.955749
vn 64.494424 49.815685 -57.955749
vn 64.494424 49.815685 -57.955749
vn -69.704616 -63.169324 33.924966
vn -69.704616 -63.169324 33.924966
vn -69.704616 -63.169324 33.924966
vn -1.513827 47.314611 -88.085393
vn -1.513827 47.314611 -88.085393
vn -1.513827 47.314611 -88.085393
vn 59.685719 22.748294 76.942379
vn 59.685719 22.748294 76.942379
vn 59.685719 22.748294 76.942379
vn 50.253956 -72.848894 46.557267
vn 50.253956 -72.848894 46.557267
vn 50.253956 -72.848894 46.557267
vn -98.822350 10.463488 -11.165057
vn -98.822350 10.463488 -11.165057
vn -98.822350 10.463488 -11.165057
vn -80.046018 -28.409966 52.777926
vn -80.046018 -28.409966 52.777926
vn -80.046018 -28.409966 52.777926
vn 97.780069 -20.133690 5.804569
vn 97.780069 -20.133690 5.804569
vn 97.780069 -20.133690 5.804569
vn 32.008623 -94.680999 -3.310007
vn 32.008623 -94.680999 -3.310007
vn 32.008623 -94.680999 -3.310007
vn 40.318206 -91.485678 -2.193898
vn 40.318206 -91.485678 -2.193898
vn 40.318206 -91.485678 -2.193898
vn -46.869219 87.826992 9.470907
vn -46.869219 87.826992 9.470907
vn -46.869219 87.826992 9.470907
vn 15.264965 90.642619 -39.381428
vn 15.264965 90.642619 -39.381428
vn 15.264965 90.642619 -39.381428
vn 36.381471 60.623282 -70.719218
vn 36.381471 60.623282 -70.719218
vn 36.381471 60.623282 -70.719218
vn -23.306712 66.090690 71.335958
vn -23.306712 66.090690 71.335958
vn -23.306712 66.090690 71.335958
vn 40.398971 -27.589222 -87.216727
vn 40.398971 -27.589222 -87.216727
vn 40.398971 -27.589222 -87.216727
vn -37.403131 62.275338 68.722551
vn -37.403131 62.275338 68.722551
vn -37.403131 62.275338 68.722551
vn -12.473776 21.984256 -96.752770
vn -12.473776 21.984256 -96.752770
vn -12.473776 21.984256 -96.752770
vn 55.234506 -54.888095 -62.741117
vn 55.234506 -54.888095 -62.741117
vn 55.234506 -54.888095 -62.741117
vn 89.818741 8.566211 -43.118613
vn 89.818741 8.566211 -43.118613
vn 89.818741 8.566211 -43.118613
vn -86.856258 -26.296094 42.006047
vn -86.856258 -26.296094 42.006047
vn -86.856258 -26.296094 42.006047
vn 56.544684 59.515219 -57.101995
vn 56.544684 59.515219 -57.101995
vn 56.544684 59.515219 -57.101995
vn 67.940506 34.895421 64.547638
vn 67.940506 34.895421 64.547638
vn 67.940506 34.895421 64.547638
vn 69.038298 -48.889431 -53.324818
vn 69.038298 -48.889431 -53.324818
vn 69.038298 -48.889431 -53.324818
vn -78.655766 -56.465762 -24.997765
vn -78.655766 -56.465762 -24.997765
vn -78.655766 -56.465762 -24.997765
vn 52.312123 75.592837 39.359451
vn 52.312123 75.592837 39.359451
vn 52.312123 75.592837 39.359451
vn 19.419881 29.446702 93.572225
vn 19.419881 29.446702 93.572225
vn 19.419881 29.446702 93.572225
vn -79.138338 60.151586 -10.904645
vn -79.138338 60.151586 -10.904645
vn -79.138338 60.151586 -10.904645
vn -29.704402 5.848077 -95.307136
vn -29.704402 5.848077 -95.307136
vn -29.704402 5.848077 -95.307136
vn -5.738609 30.473136 95.070799
vn -5.738609 30.473136 95.070799
vn -5.738609 30.473136 95.070799
vn -95.379936 26.753502 -13.671793
vn -95.379936 26.753502 -13.671793
vn -95.379936 26.753502 -13.671793
vn -90.529585 -35.331930 23.580733
vn -90.529585 -35.331930 23.580733
vn -90.529585 -35.331930 23.580733
vn 57.267970 -80.747184 -14.151823
vn 57.267970 -80.747184 -14.151823
vn 57.267970 -80.747184 -14.151823
vn -27.543837 -50.918114 81.539465
vn -27.543837 -50.918114 81.539465
vn -27.543837 -50.918114 81.539465
vn 36.431612 2.653260 93.089734
vn 36.431612 2.653260 93.089734
vn 36.431612 2.653260 93.089734
vn 7.910495 -99.681444 1.017220
vn 7.910495 -99.681444 1.017220
vn 7.910495 -99.681444 1.017220
vn 70.931855 36.863887 -60.081010
vn 70.931855 36.863887 -60.081010
vn 70.931855 36.863887 -60.081010
vn -83.754158 -1.626551 54.613158
vn -83.754158 -1.626551 54.613158
vn -83.754158 -1.626551 54.613158
vn 43.489628 -83.652576 33.330146
vn 43.489628 -83.652576 33.330146
vn 43.489628 -83.652576 33.330146
vn 35.279961 22.310429 90.871167
vn 35.279961 22.310429 90.871167
vn 35.279961 22.310429 90.871167
vn 68.183111 70.019842 -21.172781
vn 68.183111 70.019842 -21.172781
vn 68.183111 70.019842 -21.172781
vn 97.378092 12.563506 18.964864
vn 97.378092 12.563506 18.964864
vn 97.378092 12.563506 18.964864
vn 65.019124 -32.192744 68.819626
vn 65.019124 -32.192744 68.819626
vn 65.019124 -32.192744 68.819626
vn -81.791939 -48.190679 31.428285
vn -81.791939 -48.190679 31.428285
vn -81.791939 -48.190679 31.428285
vn 15.851543 -46.365514 -87.172065
vn 15.851543 -46.365514 -87.172065
vn 15.851543 -46.365514 -87.172065
vn 29.133251 -95.647089 -1.699417
vn 29.133251 -95.647089 -1.699417
vn 29.133251 -95.647089 -1.699417
vn -10.645099 20.004135 97.398753
vn -10.645099 20.004135 97.398753
vn -10.645099 20.004135 97.398753
vn -43.047043 -41.143267 80.337935
vn -43.047043 -41.143267 80.337935
vn -43.047043 -41.143267 80.337935
vn 19.970595 42.839072 88.124853
vn 19.970595 42.839072 88.124853
vn 19.970595 42.839072 88.124853
vn -81.170675 -24.864361 52.849647
vn -81.170675 -24.864361 52.849647
vn -81.170675 -24.864361 52.849647
vn -6.800559 -60.762361 79.130828
vn -6.800559 -60.762361 79.130828
vn -6.800559 -60.762361 79.130828
vn -26.512045 -95.529471 -13.085605
vn -26.512045 -95.529471 -13.085605
vn -26.512045 -95.529471 -13.085605
vn 21.666757 -4.281882 97.530603
vn 21.666757 -4.281882 97.530603
vn 21.666757 -4.281882 97.530603
vn 41.918617 78.451156 45.697336
vn 41.918617 78.451156 45.697336
vn 41.918617 78.451156 45.697336
vn 17.953051 97.654113 -11.889578
vn 17.953051 97.654113 -11.889578
vn 17.953051 97.654113 -11.889578
vn 48.383326 79.145346 37.350625
vn 48.383326 79.145346 37.350625
vn 48.383326 79.145346 37.350625
vn 44.504675 34.691170 82.558201
vn 44.504675 34.691170 82.558201
vn 44.504675 34.691170 82.558201
vn -57.912667 32.956854 74.565199
vn -57.912667 32.956854 74.565199
vn -57.912667 32.956854 74.565199
vn 78.561814 -61.598103 -5.806478
vn 78.561814 -61.598103 -5.806478
vn 78.561814 -61.598103 -5.806478
vn 71.566879 -46.994103 51.669498
vn 71.566879 -46.994103 51.669498
vn 71.566879 -46.994103 51.669498
vn 2.116808 -10.043226 -99.471881
vn 2.116808 -10.043226 -99.471881
vn 2.116808 -10.043226 -99.471881
vn -89.971272 -38.516860 20.533481
vn -89.971272 -38.516860 20.533481
vn -89.971272 -38.516860 20.533481
vn -24.897106 65.269913 -71.553987
vn -24.897106 65.269913 -71.553987
vn -24.897106 65.269913 -71.553987
vn -83.798500 -5.608976 -54.280316
vn -83.798500 -5.608976 -54.280316
vn -83.798500 -5.608976 -54.280316
vn 11.668478 -4.470028 99.216262
vn 11.668478 -4.470028 99.216262
vn 11.668478 -4.470028 99.216262
vn -42.152360 11.415749 -89.960322
vn -42.152360 11.415749 -89.960322
vn -42.152360 11.415749 -89.960322
vn 27.165483 1.088593 -96.233321
vn 27.165483 1.088593 -96.233321
vn 27.165483 1.088593 -96.233321
vn -65.616587 -68.086232 -32.538125
vn -65.616587 -68.086232 -32.538125
vn -65.616587 -68.086232 -32.538125
vn 13.906855 -3.794202 98.955572
vn 13.906855 -3.794202 98.955572
vn 13.906855 -3.794202 98.955572
vn -25.680321 -5.962015 -96.462298
vn -25.680321 -5.962015 -96.462298
vn -25.680321 -5.962015 -96.462298
vn -21.214722 11.104674 97.090790
vn -21.214722 11.104674 97.090790
vn -21.214722 11.104674 97.090790
vn 11.866050 -48.197986 86.811009
vn 11.866050 -48.197986 86.811009
vn 11.866050 -48.197986 86.811009
vn -45.658799 16.191016 87.482153
vn -45.658799 16.191016 87.482153
vn -45.658799 16.191016 87.482153
vn 80.018066 -59.608530 -6.628097
vn 80.018066 -59.608530 -6.628097
vn 80.018066 -59.608530 -6.628097
vn 8.385066 15.310402 98.464624
vn 8.385066 15.310402 98.464624
vn 8.385066 15.310402 98.464624
vn 0.628890 24.810206 -96.871350
vn 0.628890 24.810206 -96.871350
vn 0.628890 24.810206 -96.871350
vn -7.714580 -95.411112 28.934495
vn -7.714580 -95.411112 28.934495
vn -7.714580 -95.411112 28.934495
vn -16.070052 38.080513 91.058383
vn -16.070052 38.080513 91.058383
vn -16.070052 38.080513 91.058383
vn 93.185471 21.209385 -29.438592
vn 93.185471 21.209385 -29.438592
vn 93.185471 21.209385 -29.438592
vn 98.381967 -5.216790 17.139836
vn 98.381967 -5.216790 17.139836
vn 98.381967 -5.216790 17.139836
vn 78.485532 33.187338 -52.331860
vn 78.485532 33.187338 -52.331860
vn 78.485532 33.187338 -52.331860
vn 22.985729 -62.987925 74.190146
vn 22.985729 -62.987925 74.190146
vn 22.985729 -62.987925 74.190146
vn -99.111766 13.295514 -0.296812
vn -99.111766 13.295514 -0.296812
vn -99.111766 13.295514 -0.296812
vn 47.206975 79.648546 37.783736
vn 47.206975 79.648546 37.783736
vn 47.206975 79.648546 37.783736
vn 98.201360 11.841721 -14.705978
vn 98.201360 11.841721 -14.705978
vn 98.201360 11.841721 -14.705978
vn 88.786234 -28.042050 36.478059
vn 88.786234 -28.042050 36.478059
vn 88.786234 -28.042050 36.478059
vn -18.690478 -88.788348 42.039227
vn -18.690478 -88.788348 42.039227
vn -18.690478 -88.788348 42.039227
vn 97.548267 21.463001 -4.865608
vn 97.548267 21.463001 -4.865608
vn 97.548267 21.463001 -4.865608
vn 83.656104 -51.679244 18.190971
vn 83.656104 -51.679244 18.190971
vn 83.656104 -51.679244 18.190971
vn 71.970490 2.140593 69.395001
vn 71.970490 2.140593 69.395001
vn 71.970490 2.140593 69.395001
vn 41.942157 90.392907 8.365276
vn 41.942157 90.392907 8.365276
vn 41.942157 90.392907 8.365276
vn -16.023464 -97.678652 14.217296
vn -16.023464 -97.678652 14.217296
vn -16.023464 -97.678652 14.217296
vn 94.112083 28.959172 17.443684
vn 94.112083 28.959172 17.443684
vn 94.112083 28.959172 17.443684
vn -29.068960 51.519942 80.626873
vn -29.068960 51.519942 80.626873
vn -29.068960 51.519942 80.626873
vn -4.043780 78.797424 -61.437880
vn -4.043780 78.797424 -61.437880
vn -4.043780 78.797424 -61.437880
vn 77.095111 -17.764857 -61.161717
vn 77.095111 -17.764857 -61.161717
vn 77.095111 -17.764857 -61.161717
vn 48.261857 -53.824155 69.092364
vn 48.261857 -53.824155 69.092364
vn 48.261857 -53.824155 69.092364
vn 98.124422 4.585115 -18.723674
vn 98.124422 4.585115 -18.723674
vn 98.124422 4.585115 -18.723674
vn -85.153371 3.553657 52.309422
vn -85.153371 3.553657 52.309422
vn -85.153371 3.553657 52.309422
vn 89.910882 14.007136 -41.470872
vn 89.910882 14.007136 -41.470872
vn 89.910882 14.007136 -41.470872
vn 56.148815 5.405291 -82.571753
vn 56.148815 5.405291 -82.571753
vn 56.148815 5.405291 -82.571753
vn 93.593617 3.839230 -35.007082
vn 93.593617 3.839230 -35.007082
vn 93.593617 3.839230 -35.007082
vn 13.727786 96.573604 22.024736
vn 13.727786 96.573604 22.024736
vn 13.727786 96.573604 22.024736
vn -60.419589 -79.683410 -0.172897
vn -60.419589 -79.683410 -0.172897
vn -60.419589 -79.683410 -0.172897
vn -55.067405 -67.766718 -48.736575
vn -55.067405 -67.766718 -48.736575
vn -55.067405 -67.766718 -48.736575
vn 52.296673 -30.978858 -79.406348
vn 52.296673 -30.978858 -79.406348
vn 52.296673 -30.978858 -79.406348
vn 2.610464 4.155762 -99.879515
vn 2.610464 4.155762 -99.879515
vn 2.610464 4.155762 -99.879515
vn 94.362509 15.417545 29.291936
vn 94.362509 15.417545 29.291936
vn 94.362509 15.417545 29.291936
vn -45.617424 -86.478768 20.987474
vn -45.617424 -86.478768 20.987474
vn -45.617424 -86.478768 20.987474
vn -97.218717 -23.419873 -0.179353
vn -97.218717 -23.419873 -0.179353
vn -97.218717 -23.419873 -0.179353
vn 43.579439 42.686046 -79.238465
vn 43.579439 42.686046 -79.238465
vn 43.579439 42.686046 -79.238465
vn 93.701111 31.242953 -15.619924
vn 93.701111 31.242953 -15.619924
vn 93.701111 31.242953 -15.619924
vn -15.899015 61.066274 77.576623
vn -15.899015 61.066274 77.576623
vn -15.899015 61.066274 77.576623
vn 95.381560 29.949254 -2.324007
vn 95.381560 29.949254 -2.324007
vn 95.381560 29.949254 -2.324007
vn 77.582259 30.397074 55.290252
vn 77.582259 30.397074 55.290252
vn 77.582259 30.397074 55.290252
vn -65.473243 -15.602382 73.958235
vn -65.473243 -15.602382 73.958235
vn -65.473243 -15.602382 73.958235
vn 41.938108 -6.359080 -90.558038
vn 41.938108 -6.359080 -90.558038
vn 41.938108 -6.359080 -90.558038
vn 87.963246 8.130231 46.865422
vn 87.963246 8.130231 46.865422
vn 87.963246 8.130231 46.865422
vn 26.575333 -89.509584 -35.802049
vn 26.575333 -89.509584 -35.802049
vn 26.575333 -89.509584 -35.802049
vn -14.820142 47.525819 86.727510
vn -14.820142 47.525819 86.727510
vn -14.820142 47.525819 86.727510
vn 98.999896 14.000722 1.732060
vn 98.999896 14.000722 1.732060
vn 98.999896 14.000722 1.732060
vn -50.645650 38.919842 76.943256
vn -50.645650 38.919842 76.943256
vn -50.645650 38.919842 76.943256
vn 82.526909 -56.435005 2.097827
vn 82.526909 -56.435005 2.097827
vn 82.526909 -56.435005 2.097827
vn -13.376861 -59.186407 79.486042
vn -13.376861 -59.186407 79.486042
vn -13.376861 -59.186407 79.486042
vn 15.949684 -11.935136 97.995715
vn 15.949684 -11.935136 97.995715
vn 15.949684 -11.935136 97.995715
vn -2.570158 -55.556186 -83.107795
vn -2.570158 -55.556186 -83.107795
vn -2.570158 -55.556186 -83.107795
vn 74.996791 -65.258952 10.805159
vn 74.996791 -65.258952 10.805159
vn 74.996791 -65.258952 10.805159
vn 48.527760 71.450574 -50.397142
vn 48.527760 71.450574 -50.397142
vn 48.527760 71.450574 -50.397142
vn -42.399803 89.334280 14.887685
vn -42.399803 89.334280 14.887685
vn -42.399803 89.334280 14.887685
vn -82.684670 -53.471845 17.435834
vn -82.684670 -53.471845 17.435834
vn -82.684670 -53.471845 17.435834
vn -54.798147 -82.352204 -14.672358
vn -54.798147 -82.352204 -14.672358
vn -54.798147 -82.352204 -14.672358
vn -69.492285 41.127193 58.986236
vn -69.492285 41.127193 58.986236
vn -69.492285 41.127193 58.986236
vn -73.356356 67.377589 8.894156
vn -73.356356 67.377589 8.894156
vn -73.356356 67.377589 8.894156
vn -75.452631 -60.088628 -26.386682
vn -75.452631 -60.088628 -26.386682
vn -75.452631 -60.088628 -26.386682
vn -39.566132 -38.637943 -83.316452
vn -39.566132 -38.637943 -83.316452
vn -39.566132 -38.637943 -83.316452
vn 86.564241 1.191653 50.052100
vn 86.564241 1.191653 50.052100
vn 86.564241 1.191653 50.052100
vn -31.925988 86.561143 -38.573318
vn -31.925988 86.561143 -38.573318
vn -31.925988 86.561143 -38.573318
vn -59.527752 13.158082 -79.267342
vn -59.527752 13.158082 -79.267342
vn -59.527752 13.158082 -79.267342
vn 78.353917 46.629358 41.065410
vn 78.353917 46.629358 41.065410
vn 78.353917 46.629358 41.065410
vn -68.577970 13.806857 -71.459320
vn -68.577970 13.806857 -71.459320
vn -68.577970 13.806857 -71.459320
vn 61.333853 -30.390975 -72.900939
vn 61.333853 -30.390975 -72.900939
vn 61.333853 -30.390975 -72.900939
vn -78.902112 32.217431 52.311507
vn -78.902112 32.217431 52.311507
vn -78.902112 32.217431 52.311507
vn -41.591587 -34.137646 -84.289750
vn -41.591587 -34.137646 -84.289750
vn -41.591587 -34.137646 -84.289750
vn -95.793925 5.597929 -28.145853
vn -95.793925 5.597929 -28.145853
vn -95.793925 5.597929 -28.145853
vn -85.819722 47.144854 -20.306145
vn -85.819722 47.144854 -20.306145
vn -85.819722 47.144854 -20.306145
vn -56.940584 -30.752855 76.236683
vn -56.940584 -30.752855 76.236683
vn -56.940584 -30.752855 76.236683
vn -63.723381 -12.593663 -76.031118
vn -63.723381 -12.593663 -76.031118
vn -63.723381 -12.593663 -76.031118
vn -70.415601 -68.884362 17.221728
vn -70.415601 -68.884362 17.221728
vn -70.415601 -68.884362 17.221728
vn 85.203457 12.940337 -50.723948
vn 85.203457 12.940337 -50.723948
vn 85.203457 12.940337 -50.723948
vn 51.631872 56.258214 64.569057
vn 51.631872 56.258214 64.569057
vn 51.631872 56.258214 64.569057
vn -90.120141 23.518779 36.403677
vn -90.120141 23.518779 36.403677
vn -90.120141 23.518779 36.403677
vn -84.136697 -54.040559 -0.797376
vn -84.136697 -54.040559 -0.797376
vn -84.136697 -54.040559 -0.797376
vn 44.559085 5.090833 -89.378823
vn 44.559085 5.090833 -89.378823
vn 44.559085 5.090833 -89.378823
vn -34.165800 7.692972 -93.667049
vn -34.165800 7.692972 -93.667049
vn -34.165800 7.692972 -93.667049
vn 59.378265 -69.100833 -41.222538
vn 59.378265 -69.100833 -41.222538
vn 59.378265 -69.100833 -41.222538
vn -40.435964 19.503660 89.356259
vn -40.435964 19.503660 89.356259
vn -40.435964 19.503660 89.356259
vn -28.436592 37.258107 -88.335690
vn -28.436592 37.258107 -88.335690
vn -28.436592 37.258107 -88.335690
vn -17.628545 7.008415 -98.184104
vn -17.628545 7.008415 -98.184104
vn -17.628545 7.008415 -98.184104
vn 39.569592 14.797341 -90.638221
vn 39.569592 14.797341 -90.638221
vn 39.569592 14.797341 -90.638221
vn -82.018285 -4.631175 -57.022413
vn -82.018285 -4.631175 -57.022413
vn -82.018285 -4.631175 -57.022413
vn -51.047947 83.444868 -20.762045
vn -51.047947 83.444868 -20.762045
vn -51.047947 83.444868 -20.762045
vn -2.330978 88.704436 46.109546
vn -2.330978 88.704436 46.109546
vn -2.330978 88.704436 46.109546
vn 96.713882 19.074753 16.810105
vn 96.713882 19.074753 16.810105
vn 96.713882 19.074753 16.810105
vn 56.338386 -34.153059 -75.230016
vn 56.338386 -34.153059 -75.230016
vn 56.338386 -34.153059 -75.230016
vn 58.672489 66.773510 -45.813064
vn 58.672489 66.773510 -45.813064
vn 58.672489 66.773510 -45.813064
vn -78.517610 -8.945867 61.277708
vn -78.517610 -8.945867 61.277708
vn -78.517610 -8.945867 61.277708
vn -34.514123 32.294296 88.124092
vn -34.514123 32.294296 88.124092
vn -34.514123 32.294296 88.124092
vn 82.351791 -37.715569 -42.375947
vn 82.351791 -37.715569 -42.375947
vn 82.351791 -37.715569 -42.375947
vn 16.185296 -59.764556 -78.525377
vn 16.185296 -59.764556 -78.525377
vn 16.185296 -59.764556 -78.525377
vn -84.030829 -44.272982 -31.284555
vn -84.030829 -44.272982 -31.284555
vn -84.030829 -44.272982 -31.284555
vn 63.050101 8.051119 -77.200173
vn 63.050101 8.051119 -77.200173
vn 63.050101 8.051119 -77.200173
vn -72.199843 -19.224024 66.465180
vn -72.199843 -19.224024 66.465180
vn -72.199843 -19.224024 66.465180
vn -9.947550 -25.870281 -96.082130
vn -9.947550 -25.870281 -96.082130
vn -9.947550 -25.870281 -96.082130
vn 16.495436 65.077644 74.113434
vn 16.495436 65.077644 74.113434
vn 16.495436 65.077644 74.113434
vn 69.170133 16.879833 70.217983
vn 69.170133 16.879833 70.217983
vn 69.170133 16.879833 70.217983
vn 65.769866 4.393052 75.199910
vn 65.769866 4.393052 75.199910
vn 65.769866 4.393052 75.199910
vn -97.778761 -19.567387 7.512087
vn -97.778761 -19.567387 7.512087
vn -97.778761 -19.567387 7.512087
vn -35.529968 -13.571166 -92.484836
vn -35.529968 -13.571166 -92.484836
vn -35.529968 -13.571166 -92.484836
vn 59.216149 -38.265371 -70.916920
vn 59.216149 -38.265371 -70.916920
vn 59.216149 -38.265371 -70.916920
vn -73.026622 64.962835 -21.141023
vn -73.026622 64.962835 -21.141023
vn -73.026622 64.962835 -21.141023
vn -79.585064 -60.491063 -2.654996
vn -79.585064 -60.491063 -2.654996
vn -79.585064 -60.491063 -2.654996
vn -93.061983 29.103050 -22.191885
vn -93.061983 29.103050 -22.191885
vn -93.061983 29.103050 -22.191885
vn -66.797667 -8.875923 73.887014
vn -66.797667 -8.875923 73.887014
vn -66.797667 -8.875923 73.887014
vn 5.747789 -39.008851 -91.898167
vn 5.747789 -39.008851 -91.898167
vn 5.747789 -39.008851 -91.898167
vn -31.831661 65.820908 68.222825
vn -31.831661 65.820908 68.222825
vn -31.831661 65.820908 68.222825
vn -75.702176 3.272480 65.256976
vn -75.702176 3.272480 65.256976
vn -75.702176 3.272480 65.256976
vn -68.368111 -66.729886 -29.545278
vn -68.368111 -66.729886 -29.545278
vn -68.368111 -66.729886 -29.545278
vn -17.587077 -31.933981 93.117752
vn -17.587077 -31.933981 93.117752
vn -17.587077 -31.933981 93.117752
vn 18.324754 54.683824 -81.693831
vn 18.324754 54.683824 -81.693831
vn 18.324754 54.683824 -81.693831
vn -43.784081 -5.392512 89.743386
vn -43.784081 -5.392512 89.743386
vn -43.784081 -5.392512 89.743386
vn 0.819465 15.171154 -98.839090
vn 0.819465 15.171154 -98.839090
vn 0.819465 15.171154 -98.839090
vn 79.168868 11.894567 -59.923368
vn 79.168868 11.894567 -59.923368
vn 79.168868 11.894567 -59.923368
vn 82.241371 52.600507 21.668979
vn 82.241371 52.600507 21.668979
vn 82.241371 52.600507 21.668979
vn -27.129539 -30.531590 91.278749
vn -27.129539 -30.531590 91.278749
vn -27.129539 -30.531590 91.278749
vn -74.290049 -45.276152 -49.305784
vn -74.290049 -45.276152 -49.305784
vn -74.290049 -45.276152 -49.305784
vn 31.465129 45.947205 -83.059021
vn 31.465129 45.947205 -83.059021
vn 31.465129 45.947205 -83.059021
vn -6.494153 -10.382308 99.247335
vn -6.494153 -10.382308 99.247335
vn -6.494153 -10.382308 99.247335
vn 46.016178 5.665710 -88.602547
vn 46.016178 5.665710 -88.602547
vn 46.016178 5.665710 -88.602547
vn -9.287483 18.355683 97.861187
vn -9.287483 18.355683 97.861187
vn -9.287483 18.355683 97.861187
vn -60.252515 -23.524750 76.264158
vn -60.252515 -23.524750 76.264158
vn -60.252515 -23.524750 76.264158
vn -18.214794 55.856024 80.921728
vn -18.214794 55.856024 80.921728
vn -18.214794 55.856024 80.921728
vn 96.446753 -23.365122 -12.332646
vn 96.446753 -23.365122 -12.332646
vn 96.446753 -23.365122 -12.332646
vn -72.640269 8.781788 68.163576
vn -72.640269 8.781788 68.163576
vn -72.640269 8.781788 68.163576
vn 49.359050 82.286498 -28.153471
vn 49.359050 82.286498 -28.153471
vn 49.359050 82.286498 -28.153471
vn -99.478074 -2.760227 -9.823203
vn -99.478074 -2.760227 -9.823203
vn -99.478074 -2.760227 -9.823203
vn -79.168824 -11.894595 59.923431
vn -79.168824 -11.894595 59.923431
vn -79.168824 -11.894595 59.923431
vn 4.253880 54.601445 83.669511
vn 4.253880 54.601445 83.669511
vn 4.253880 54.601445 83.669511
vn -74.256745 11.157370 66.041266
vn -74.256745 11.157370 66.041266
vn -74.256745 11.157370 66.041266
vn -67.817412 -30.121110 -67.033714
vn -67.817412 -30.121110 -67.033714
vn -67.817412 -30.121110 -67.033714
vn -3.228036 -77.889919 -62.631786
vn -3.228036 -77.889919 -62.631786
vn -3.228036 -77.889919 -62.631786
vn 58.286866 17.321757 79.388909
vn 58.286866 17.321757 79.388909
vn 58.286866 17.321757 79.388909
vn -43.223482 -86.676464 -24.878135
vn -43.223482 -86.676464 -24.878135
vn -43.223482 -86.676464 -24.878135
vn 20.715658 -42.744308 87.998783
vn 20.715658 -42.744308 87.998783
vn 20.715658 -42.744308 87.998783
vn -27.390540 12.811922 -95.318488
vn -27.390540 12.811922 -95.318488
vn -27.390540 12.811922 -95.318488
vn 76.634264 49.932719 40.421680
vn 76.634264 49.932719 40.421680
vn 76.634264 49.932719 40.421680
vn 67.434427 -30.117591 67.420544
vn 67.434427 -30.117591 67.420544
vn 67.434427 -30.117591 67.420544
vn 51.685773 37.193529 77.105279
vn 51.685773 37.193529 77.105279
vn 51.685773 37.193529 77.105279
vn 43.457785 -40.983599 80.198289
vn 43.457785 -40.983599 80.198289
vn 43.457785 -40.983599 80.198289
vn 75.212487 -38.381172 53.572098
vn 75.212487 -38.381172 53.572098
vn 75.212487 -38.381172 53.572098
vn -72.920030 -9.060203 -67.827597
vn -72.920030 -9.060203 -67.827597
vn -72.920030 -9.060203 -67.827597
vn -90.824944 -41.828296 1.106814
vn -90.824944 -41.828296 1.106814
vn -90.824944 -41.828296 1.106814
vn 58.242539 -29.465427 75.760120
vn 58.242539 -29.465427 75.760120
vn 58.242539 -29.465427 75.760120
vn 7.463746 13.688982 98.777048
vn 7.463746 13.688982 98.777048
vn 7.463746 13.688982 98.777048
vn 34.805173 -87.548549 33.523892
vn 34.805173 -87.548549 33.523892
vn 34.805173 -87.548549 33.523892
vn 61.699678 1.530366 78.681701
vn 61.699678 1.530366 78.681701
vn 61.699678 1.530366 78.681701
vn 80.932228 10.748387 -57.744663
vn 80.932228 10.748387 -57.744663
vn 80.932228 10.748387 -57.744663
vn 91.758266 23.011395 -32.417556
vn 91.758266 23.011395 -32.417556
vn 91.758266 23.011395 -32.417556
vn 89.316767 1.631306 44.942803
vn 89.316767 1.631306 44.942803
vn 89.316767 1.631306 44.942803
vn -70.300260 -65.859163 -26.841112
vn -70.300260 -65.859163 -26.841112
vn -70.300260 -65.859163 -26.841112
vn -59.720096 -74.850471 -28.825629
vn -59.720096 -74.850471 -28.825629
vn -59.720096 -74.850471 -28.825629
vn -8.841636 74.225199 -66.426239
vn -8.841636 74.225199 -66.426239
vn -8.841636 74.225199 -66.426239
vn -99.895253 -4.537718 0.590541
vn -99.895253 -4.537718 0.590541
vn -99.895253 -4.537718 0.590541
vn 58.470698 40.940553 -70.036066
vn 58.470698 40.940553 -70.036066
vn 58.470698 40.940553 -70.036066
vn -89.867777 -1.554474 43.833410
vn -89.867777 -1.554474 43.833410
vn -89.867777 -1.554474 43.833410
vn -90.998111 -3.761790 41.293996
vn -90.998111 -3.761790 41.293996
vn -90.998111 -3.761790 41.293996
vn 71.413545 12.539043 -68.868566
vn 71.413545 12.539043 -68.868566
vn 71.413545 12.539043 -68.868566
vn -71.263476 5.174520 69.962426
vn -71.263476 5.174520 69.962426
vn -71.263476 5.174520 69.962426
vn 55.070630 -74.690067 -37.264192
vn 55.070630 -74.690067 -37.264192
vn 55.070630 -74.690067 -37.264192
vn 1.985011 6.277322 99.783049
vn 1.985011 6.277322 99.783049
vn 1.985011 6.277322 99.783049
vn -81.494852 -56.189087 -14.190710
vn -81.494852 -56.189087 -14.190710
vn -81.494852 -56.189087 -14.190710
vn -11.843391 6.821398 -99.061611
vn -11.843391 6.821398 -99.061611
vn -11.843391 6.821398 -99.061611
vn 95.337247 -17.389315 -24.666228
vn 95.337247 -17.389315 -24.666228
vn 95.337247 -17.389315 -24.666228
vn 50.906284 -68.712759 -51.837321
vn 50.906284 -68.712759 -51.837321
vn 50.906284 -68.712759 -51.837321
vn 69.509300 67.977864 -23.398032
vn 69.509300 67.977864 -23.398032
vn 69.509300 67.977864 -23.398032
vn 86.396198 -2.998160 50.266382
vn 86.396198 -2.998160 50.266382
vn 86.396198 -2.998160 50.266382
vn -59.687707 48.030313 64.268720
vn -59.687707 48.030313 64.268720
vn -59.687707 48.030313 64.268720
vn 27.614868 73.426136 62.016303
vn 27.614868 73.426136 62.016303
vn 27.614868 73.426136 62.016303
vn -39.622956 50.437716 -76.720656
vn -39.622956 50.437716 -76.720656
vn -39.622956 50.437716 -76.720656
vn -6.772161 -77.805643 62.453346
vn -6.772161 -77.805643 62.453346
vn -6.772161 -77.805643 62.453346
vn -86.978294 49.130489 -4.579627
vn -86.978294 49.130489 -4.579627
vn -86.978294 49.130489 -4.579627
vn -25.974886 -94.634401 -19.225947
vn -25.974886 -94.634401 -19.225947
vn -25.974886 -94.634401 -19.225947
vn -95.004664 18.766275 24.938740
vn -95.004664 18.766275 24.938740
vn -95.004664 18.766275 24.938740
vn 66.320336 -20.437645 71.999408
vn 66.320336 -20.437645 71.999408
vn 66.320336 -20.437645 71.999408
vn -58.333067 43.078470 -68.858551
vn -58.333067 43.078470 -68.858551
vn -58.333067 43.078470 -68.858551
vn 87.310818 -47.148204 -12.404419
vn 87.310818 -47.148204 -12.404419
vn 87.310818 -47.148204 -12.404419
vn 48.916058 37.809739 -78.597982
vn 48.916058 37.809739 -78.597982
vn 48.916058 37.809739 -78.597982
vn -11.531810 73.710730 66.586379
vn -11.531810 73.710730 66.586379
vn -11.531810 73.710730 66.586379
vn 98.849218 -5.257578 14.184149
vn 98.849218 -5.257578 14.184149
vn 98.849218 -5.257578 14.184149
vn -97.210592 -21.808740 -8.630132
vn -97.210592 -21.808740 -8.630132
vn -97.210592 -21.808740 -8.630132
vn -74.486078 65.194501 -14.195128
vn -74.486078 65.194501 -14.195128
vn -74.486078 65.194501 -14.195128
vn -96.593946 25.828984 -1.573023
vn -96.593946 25.828984 -1.573023
vn -96.593946 25.828984 -1.573023
vn 43.172580 -74.594437 -50.712899
vn 43.172580 -74.594437 -50.712899
vn 43.172580 -74.594437 -50.712899
vn -12.258860 10.279834 -98.711938
vn -12.258860 10.279834 -98.711938
vn -12.258860 10.279834 -98.711938
vn 61.374590 65.723383 -43.744680
vn 61.374590 65.723383 -43.744680
vn 61.374590 65.723383 -43.744680
vn 88.948597 -45.305100 -5.966148
vn 88.948597 -45.305100 -5.966148
vn 88.948597 -45.305100 -5.966148
vn 49.329158 28.864332 82.057822
vn 49.329158 28.864332 82.057822
vn 49.329158 28.864332 82.057822
vn -98.271927 18.458792 1.379770
vn -98.271927 18.458792 1.379770
vn -98.271927 18.458792 1.379770
vn 25.268821 -33.973993 -90.593904
vn 25.268821 -33.973993 -90.593904
vn 25.268821 -33.973993 -90.593904
vn 33.934355 -77.655713 -53.085312
vn 33.934355 -77.655713 -53.085312
vn 33.934355 -77.655713 -53.085312
vn 82.873066 13.620900 -54.281918
vn 82.873066 13.620900 -54.281918
vn 82.873066 13.620900 -54.281918
vn 5.552527 -45.884508 88.677965
vn 5.552527 -45.884508 88.677965
vn 5.552527 -45.884508 88.677965
vn 96.627192 22.784682 -12.001843
vn 96.627192 22.784682 -12.001843
vn 96.627192 22.784682 -12.001843
vn 95.886087 -14.468604 -24.423751
vn 95.886087 -14.468604 -24.423751
vn 95.886087 -14.468604 -24.423751
vn 5.153521 -87.249100 -48.590495
vn 5.153521 -87.249100 -48.590495
vn 5.153521 -87.249100 -48.590495
vn 65.313545 -57.527116 49.241995
vn 65.313545 -57.527116 49.241995
vn 65.313545 -57.527116 49.241995
vn 73.717543 -60.602630 -29.883875
vn 73.717543 -60.602630 -29.883875
vn 73.717543 -60.602630 -29.883875
vn -74.426651 -17.532215 64.446072
vn -74.426651 -17.532215 64.446072
vn -74.426651 -17.532215 64.446072
vn 85.585246 40.709649 31.904425
vn 85.585246 40.709649 31.904425
vn 85.585246 40.709649 31.904425
vn -29.125604 -13.979101 94.637651
vn -29.125604 -13.979101 94.637651
vn -29.125604 -13.979101 94.637651
vn -69.136649 20.444048 69.297661
vn -69.136649 20.444048 69.297661
vn -69.136649 20.444048 69.297661
vn 15.741890 -98.220906 -10.239514
vn 15.741890 -98.220906 -10.239514
vn 15.741890 -98.220906 -10.239514
vn -20.195066 -5.167530 -97.803147
vn -20.195066 -5.167530 -97.803147
vn -20.195066 -5.167530 -97.803147
vn -81.139749 -11.184418 57.369426
vn -81.139749 -11.184418 57.369426
vn -81.139749 -11.184418 57.369426
vn -9.820496 35.590774 -92.934690
vn -9.820496 35.590774 -92.934690
vn -9.820496 35.590774 -92.934690
vn -11.468897 41.128494 90.426278
vn -11.468897 41.128494 90.426278
vn -11.468897 41.128494 90.426278
vn -36.926603 -89.835196 23.792129
vn -36.926603 -89.835196 23.792129
vn -36.926603 -89.835196 23.792129
vn 98.881628 8.529601 12.234005
vn 98.881628 8.529601 12.234005
vn 98.881628 8.529601 12.234005
vn 67.138157 -31.265042 -67.193497
vn 67.138157 -31.265042 -67.193497
vn 67.138157 -31.265042 -67.193497
vn 36.940124 65.211225 -66.203651
vn 36.940124 65.211225 -66.203651
vn 36.940124 65.211225 -66.203651
vn 39.492332 9.828957 -91.344127
vn 39.492332 9.828957 -91.344127
vn 39.492332 9.828957 -91.344127
vn 33.823644 26.676550 90.245903
vn 33.823644 26.676550 90.245903
vn 33.823644 26.676550 90.245903
vn 44.230903 89.675534 1.388082
vn 44.230903 89.675534 1.388082
vn 44.230903 89.675534 1.388082
vn 74.532751 -17.342354 -64.374776
vn 74.532751 -17.342354 -64.374776
vn 74.532751 -17.342354 -64.374776
vn 80.438882 -52.097495 28.555888
vn 80.438882 -52.097495 28.555888
vn 80.438882 -52.097495 28.555888
vn -98.046082 19.666489 -0.442564
vn -98.046082 19.666489 -0.442564
vn -98.046082 19.666489 -0.442564
vn 94.686037 -15.978461 -27.914937
vn 94.686037 -15.978461 -27.914937
vn 94.686037 -15.978461 -27.914937
vn 55.878504 -7.170106 82.620727
vn 55.878504 -7.170106 82.620727
vn 55.878504 -7.170106 82.620727
vn 51.608495 -0.013428 85.653747
vn 51.608495 -0.013428 85.653747
vn 51.608495 -0.013428 85.653747
vn -85.756305 -14.150833 49.453108
vn -85.756305 -14.150833 49.453108
vn -85.756305 -14.150833 49.453108
vn -85.773772 -16.188554 48.793352
vn -85.773772 -16.188554 48.793352
vn -85.773772 -16.188554 48.793352
vn -94.126254 -33.365077 -5.198191
vn -94.126254 -33.365077 -5.198191
vn -94.126254 -33.365077 -5.198191
vn 61.484772 43.112629 66.037291
vn 61.484772 43.112629 66.037291
vn 61.484772 43.112629 66.037291
vn -35.329965 13.693435 92.543417
vn -35.329965 13.693435 92.543417
vn -35.329965 13.693435 92.543417
vn 50.115015 17.650857 -84.716783
vn 50.115015 17.650857 -84.716783
vn 50.115015 17.650857 -84.716783
vn -55.850605 -48.169009 67.531152
vn -55.850605 -48.169009 67.531152
vn -55.850605 -48.169009 67.531152
vn 45.685579 51.177929 -72.757462
vn 45.685579 51.177929 -72.757462
vn 45.685579 51.177929 -72.757462
vn 98.260284 0.986775 18.545711
vn 98.260284 0.986775 18.545711
vn 98.260284 0.986775 18.545711
vn -58.508888 -75.928773 28.487399
vn -58.508888 -75.928773 28.487399
vn -58.508888 -75.928773 28.487399
vn 40.528351 -90.356407 13.898664
vn 40.528351 -90.356407 13.898664
vn 40.528351 -90.356407 13.898664
vn 15.162901 -31.291517 -93.759947
vn 15.162901 -31.291517 -93.759947
vn 15.162901 -31.291517 -93.759947
vn -58.663171 -79.454884 15.670149
vn -58.663171 -79.454884 15.670149
vn -58.663171 -79.454884 15.670149
vn -24.090802 -73.223577 -63.701976
vn -24.090802 -73.223577 -63.701976
vn -24.090802 -73.223577 -63.701976
vn -71.987364 25.210778 64.670213
vn -71.987364 25.210778 64.670213
vn -71.987364 25.210778 64.670213
vn 43.048497 -53.132037 72.964476
vn 43.048497 -53.132037 72.964476
vn 43.048497 -53.132037 72.964476
vn -26.228784 6.483243 -96.280942
vn -26.228784 6.483243 -96.280942
vn -26.228784 6.483243 -96.280942
vn 22.532735 -40.574643 -88.577503
vn 22.532735 -40.574643 -88.577503
vn 22.532735 -40.574643 -88.577503
vn -47.916082 52.455203 -70.374008
vn -47.916082 52.455203 -70.374008
vn -47.916082 52.455203 -70.374008
vn -62.184287 2.350937 78.278911
vn -62.184287 2.350937 78.278911
vn -62.184287 2.350937 78.278911
vn -96.467202 -22.466308 -13.760249
vn -96.467202 -22.466308 -13.760249
vn -96.467202 -22.466308 -13.760249
vn -16.948786 7.818945 -98.242581
vn -16.948786 7.818945 -98.242581
vn -16.948786 7.818945 -98.242581
vn -64.634051 -75.861821 8.211214
vn -64.634051 -75.861821 8.211214
vn -64.634051 -75.861821 8.211214
vn -74.880848 -46.663655 -47.067646
vn -74.880848 -46.663655 -47.067646
vn -74.880848 -46.663655 -47.067646
vn 64.945454 -67.491870 35.027664
vn 64.945454 -67.491870 35.027664
vn 64.945454 -67.491870 35.027664
vn 22.358509 -19.287426 -95.541051
vn 22.358509 -19.287426 -95.541051
vn 22.358509 -19.287426 -95.541051
vn 17.547107 14.145989 -97.426847
vn 17.547107 14.145989 -97.426847
vn 17.547107 14.145989 -97.426847
vn 22.499165 42.569667 -87.644804
vn 22.499165 42.569667 -87.644804
vn 22.499165 42.569667 -87.644804
vn 15.219341 -1.013542 -98.829877
vn 15.219341 -1.013542 -98.829877
vn 15.219341 -1.013542 -98.829877
vn -97.259762 -13.134283 -19.184119
vn -97.259762 -13.134283 -19.184119
vn -97.259762 -13.134283 -19.184119
vn 93.007082 5.720434 36.289935
vn 93.007082 5.720434 36.289935
vn 93.007082 5.720434 36.289935
vn 46.866672 52.983363 70.684361
vn 46.866672 52.983363 70.684361
vn 46.866672 52.983363 70.684361
vn -16.560798 76.749237 -61.929754
vn -16.560798 76.749237 -61.929754
vn -16.560798 76.749237 -61.929754
vn -23.976566 85.761233 45.498752
vn -23.976566 85.761233 45.498752
vn -23.976566 85.761233 45.498752
vn -6.730465 -28.879292 95.502297
vn -6.730465 -28.879292 95.502297
vn -6.730465 -28.879292 95.502297
vn -86.376043 -34.780202 36.462532
vn -86.376043 -34.780202 36.462532
vn -86.376043 -34.780202 36.462532
vn -12.139477 -9.060355 -98.846056
vn -12.139477 -9.060355 -98.846056
vn -12.139477 -9.060355 -98.846056
vn -62.793868 8.785535 77.328817
vn -62.793868 8.785535 77.328817
vn -62.793868 8.785535 77.328817
vn -94.621518 -18.099889 -26.817229
vn -94.621518 -18.099889 -26.817229
vn -94.621518 -18.099889 -26.817229
vn -13.598564 36.982213 -91.909716
vn -13.598564 36.982213 -91.909716
vn -13.598564 36.982213 -91.909716
vn -80.363268 -46.806124 -36.755059
vn -80.363268 -46.806124 -36.755059
vn -80.363268 -46.806124 -36.755059
vn 1.804948 -29.832142 95.429485
vn 1.804948 -29.832142 95.429485
vn 1.804948 -29.832142 95.429485
vn 89.084669 -30.848548 -33.351007
vn 89.084669 -30.848548 -33.351007
vn 89.084669 -30.848548 -33.351007
vn 73.649922 28.542408 -61.327159
vn 73.649922 28.542408 -61.327159
vn 73.649922 28.542408 -61.327159
vn 99.574641 -6.784847 -6.233564
vn 99.574641 -6.784847 -6.233564
vn 99.574641 -6.784847 -6.233564
vn 81.350517 -50.525482 -28.797038
vn 81.350517 -50.525482 -28.797038
vn 81.350517 -50.525482 -28.797038
vn -31.406557 -42.957862 84.665514
vn -31.406557 -42.957862 84.665514
vn -31.406557 -42.957862 84.665514
vn -45.222544 8.091232 -88.822603
vn -45.222544 8.091232 -88.822603
vn -45.222544 8.091232 -88.822603
vn 58.757535 21.866625 77.906373
vn 58.757535 21.866625 77.906373
vn 58.757535 21.866625 77.906373
vn -71.685663 -42.112329 -55.567232
vn -71.685663 -42.112329 -55.567232
vn -71.685663 -42.112329 -55.567232
vn 91.528936 -33.435329 -22.461848
vn 91.528936 -33.435329 -22.461848
vn 91.528936 -33.435329 -22.461848
vn -78.600699 -33.189919 52.157061
vn -78.600699 -33.189919 52.157061
vn -78.600699 -33.189919 52.157061
vn 24.025815 -64.575867 -72.475637
vn 24.025815 -64.575867 -72.475637
vn 24.025815 -64.575867 -72.475637
vn 91.507691 14.142057 -37.767011
vn 91.507691 14.142057 -37.767011
vn 91.507691 14.142057 -37.767011
vn 87.725185 9.754285 47.001560
vn 87.725185 9.754285 47.001560
vn 87.725185 9.754285 47.001560
vn 7.979044 98.821402 13.063888
vn 7.979044 98.821402 13.063888
vn 7.979044 98.821402 13.063888
vn 81.566318 48.946266 30.841544
vn 81.566318 48.946266 30.841544
vn 81.566318 48.946266 30.841544
vn 33.383983 -29.699919 89.461863
vn 33.383983 -29.699919 89.461863
vn 33.383983 -29.699919 89.461863
vn -58.140511 5.516975 81.174171
vn -58.140511 5.516975 81.174171
vn -58.140511 5.516975 81.174171
vn -43.289899 74.064452 -51.385231
vn -43.289899 74.064452 -51.385231
vn -43.289899 74.064452 -51.385231
vn 5.743016 91.912122 -38.976668
vn 5.743016 91.912122 -38.976668
vn 5.743016 91.912122 -38.976668
vn 85.452324 42.467795 29.906302
vn 85.452324 42.467795 29.906302
vn 85.452324 42.467795 29.906302
vn 93.181206 28.771547 -22.123800
vn 93.181206 28.771547 -22.123800
vn 93.181206 28.771547 -22.123800
vn -97.745696 -19.978616 6.828896
vn -97.745696 -19.978616 6.828896
vn -97.745696 -19.978616 6.828896
vn -89.323371 -26.237772 -36.509133
vn -89.323371 -26.237772 -36.509133
vn -89.323371 -26.237772 -36.509133
vn 91.976807 24.391166 -30.746374
vn 91.976807 24.391166 -30.746374
vn 91.976807 24.391166 -30.746374
vn 18.139496 40.241957 -89.730395
vn 18.139496 40.241957 -89.730395
vn 18.139496 40.241957 -89.730395
vn -10.208013 63.953947 -76.195077
vn -10.208013 63.953947 -76.195077
vn -10.208013 63.953947 -76.195077
vn 21.261144 -63.836707 73.978633
vn 21.261144 -63.836707 73.978633
vn 21.261144 -63.836707 73.978633
vn -90.252442 -7.042157 42.484187
vn -90.252442 -7.042157 42.484187
vn -90.252442 -7.042157 42.484187
vn 43.673598 87.583449 20.536757
vn 43.673598 87.583449 20.536757
vn 43.673598 87.583449 20.536757
vn -84.826873 -8.504639 52.269237
vn -84.826873 -8.504639 52.269237
vn -84.826873 -8.504639 52.269237
vn -82.884961 -5.816906 -55.643932
vn -82.884961 -5.816906 -55.643932
vn -82.884961 -5.816906 -55.643932
vn -82.659185 -3.695467 -56.158732
vn -82.659185 -3.695467 -56.158732
vn -82.659185 -3.695467 -56.158732
vn -98.815406 -0.341493 -15.342706
vn -98.815406 -0.341493 -15.342706
vn -98.815406 -0.341493 -15.342706
vn -62.907108 54.384269 -55.543215
vn -62.907108 54.384269 -55.543215
vn -62.907108 54.384269 -55.543215
vn -62.661641 -34.722790 -69.769965
vn -62.661641 -34.722790 -69.769965
vn -62.661641 -34.722790 -69.769965
vn -69.590470 -34.235422 -63.127665
vn -69.590470 -34.235422 -63.127665
vn -69.590470 -34.235422 -63.127665
vn -57.897525 -2.080829 -81.507961
vn -57.897525 -2.080829 -81.507961
vn -57.897525 -2.080829 -81.507961
vn 70.764638 -18.020711 -68.319981
vn 70.764638 -18.020711 -68.319981
vn 70.764638 -18.020711 -68.319981
vn -3.727603 86.086978 -50.745820
vn -3.727603 86.086978 -50.745820
vn -3.727603 86.086978 -50.745820
vn 94.275514 -33.050212 4.451019
vn 94.275514 -33.050212 4.451019
vn 94.275514 -33.050212 4.451019
vn 75.646213 31.721386 -57.196200
vn 75.646213 31.721386 -57.196200
vn 75.646213 31.721386 -57.196200
vn -67.071837 -9.109568 -73.609687
vn -67.071837 -9.109568 -73.609687
vn -67.071837 -9.109568 -73.609687
vn -46.702979 15.088767 -87.127271
vn -46.702979 15.088767 -87.127271
vn -46.702979 15.088767 -87.127271
vn -40.268882 -46.915764 -78.595982
vn -40.268882 -46.915764 -78.595982
vn -40.268882 -46.915764 -78.595982
vn 69.745249 -69.503582 17.460076
vn 69.745249 -69.503582 17.460076
vn 69.745249 -69.503582 17.460076
vn 66.870164 9.816680 -73.702197
vn 66.870164 9.816680 -73.702197
vn 66.870164 9.816680 -73.702197
vn 61.702291 76.604766 18.014956
vn 61.702291 76.604766 18.014956
vn 61.702291 76.604766 18.014956
vn -71.460997 -53.245686 45.367639
vn -71.460997 -53.245686 45.367639
vn -71.460997 -53.245686 45.367639
vn 16.640750 78.787826 59.292192
vn 16.640750 78.787826 59.292192
vn 16.640750 78.787826 59.292192
vn -73.190383 -1.850606 -68.115665
vn -73.190383 -1.850606 -68.115665
vn -73.190383 -1.850606 -68.115665
vn -78.306802 56.335480 26.350678
vn -78.306802 56.335480 26.350678
vn -78.306802 56.335480 26.350678
vn -65.842178 20.669881 -72.371017
vn -65.842178 20.669881 -72.371017
vn -65.842178 20.669881 -72.371017
vn 35.488919 -75.899212 54.587963
vn 35.488919 -75.899212 54.587963
vn 35.488919 -75.899212 54.587963
vn 90.076235 37.642802 -21.663183
vn 90.076235 37.642802 -21.663183
vn 90.076235 37.642802 -21.663183
vn -87.945786 -18.330274 -43.926541
vn -87.945786 -18.330274 -43.926541
vn -87.945786 -18.330274 -43.926541
vn 2.613411 38.672551 -92.182451
vn 2.613411 38.672551 -92.182451
vn 2.613411 38.672551 -92.182451
vn -76.033891 10.464276 -64.104193
vn -76.033891 10.464276 -64.104193
vn -76.033891 10.464276 -64.104193
vn 75.108914 0.667970 66.016708
vn 75.108914 0.667970 66.016708
vn 75.108914 0.667970 66.016708
vn -94.861107 -28.137000 -14.480308
vn -94.861107 -28.137000 -14.480308
vn -94.861107 -28.137000 -14.480308
vn 96.864305 5.675421 24.188793
vn 96.864305 5.675421 24.188793
vn 96.864305 5.675421 24.188793
vn 78.874190 5.560962 -61.220401
vn 78.874190 5.560962 -61.220401
vn 78.874190 5.560962 -61.220401
vn 34.344222 93.523938 -8.587678
vn 34.344222 93.523938 -8.587678
vn 34.344222 93.523938 -8.587678
vn 44.347938 -35.445996 -82.321574
vn 44.347938 -35.445996 -82.321574
vn 44.347938 -35.445996 -82.321574
vn -4.210854 -98.460491 -16.964732
vn -4.210854 -98.460491 -16.964732
vn -4.210854 -98.460491 -16.964732
vn 79.713358 29.019856 -52.949306
vn 79.713358 29.019856 -52.949306
vn 79.713358 29.019856 -52.949306
vn -83.650093 -35.254574 -41.949715
vn -83.650093 -35.254574 -41.949715
vn -83.650093 -35.254574 -41.949715
vn -14.126235 -79.496847 58.997463
vn -14.126235 -79.496847 58.997463
vn -14.126235 -79.496847 58.997463
vn 36.883755 89.049713 26.640937
vn 36.883755 89.049713 26.640937
vn 36.883755 89.049713 26.640937
vn -56.133508 81.774762 12.724678
vn -56.133508 81.774762 12.724678
vn -56.133508 81.774762 12.724678
vn -73.748515 -49.704907 45.722847
vn -73.748515 -49.704907 45.722847
vn -73.748515 -49.704907 45.722847
vn 90.385621 10.398413 -41.500776
vn 90.385621 10.398413 -41.500776
vn 90.385621 10.398413 -41.500776
vn 27.230499 -95.063277 14.881975
vn 27.230499 -95.063277 14.881975
vn 27.230499 -95.063277 14.881975
vn 60.614314 -34.488726 71.668928
vn 60.614314 -34.488726 71.668928
vn 60.614314 -34.488726 71.668928
vn 61.523121 46.861233 63.395043
vn 61.523121 46.861233 63.395043
vn 61.523121 46.861233 63.395043
vn 25.985247 -31.240892 91.371621
vn 25.985247 -31.240892 91.371621
vn 25.985247 -31.240892 91.371621
vn -63.832002 3.537251 -76.895804
vn -63.832002 3.537251 -76.895804
vn -63.832002 3.537251 -76.895804
vn 5.884809 -22.003976 -97.371425
vn 5.884809 -22.003976 -97.371425
vn 5.884809 -22.003976 -97.371425
vn -20.327435 -97.892485 -1.964178
vn -20.327435 -97.892485 -1.964178
vn -20.327435 -97.892485 -1.964178
vn -26.908477 -50.926274 81.746241
vn -26.908477 -50.926274 81.746241
vn -26.908477 -50.926274 81.746241
vn 99.332974 -5.595011 -10.082469
vn 99.332974 -5.595011 -10.082469
vn 99.332974 -5.595011 -10.082469
vn 89.253765 0.819044 -45.089870
vn 89.253765 0.819044 -45.089870
vn 89.253765 0.819044 -45.089870
vn -33.454076 -94.055083 -5.870818
vn -33.454076 -94.055083 -5.870818
vn -33.454076 -94.055083 -5.870818
vn -68.689011 -5.752029 72.448145
vn -68.689011 -5.752029 72.448145
vn -68.689011 -5.752029 72.448145
vn 50.978439 -86.026043 -0.848494
vn 50.978439 -86.026043 -0.848494
vn 50.978439 -86.026043 -0.848494
vn -32.128896 33.664859 -88.512210
vn -32.128896 33.664859 -88.512210
vn -32.128896 33.664859 -88.512210
vn -93.571519 18.551051 -30.003827
vn -93.571519 18.551051 -30.003827
vn -93.571519 18.551051 -30.003827
vn -62.602513 12.692996 76.940330
vn -62.602513 12.692996 76.940330
vn -62.602513 12.692996 76.940330
vn -89.107101 -44.744953 7.603587
vn -89.107101 -44.744953 7.603587
vn -89.107101 -44.744953 7.603587
vn 9.884237 19.178891 97.644624
vn 9.884237 19.178891 97.644624
vn 9.884237 19.178891 97.644624
vn 91.812788 10.275533 -38.273065
vn 91.812788 10.275533 -38.273065
vn 91.812788 10.275533 -38.273065
vn -88.204982 -29.565625 -36.684540
vn -88.204982 -29.565625 -36.684540
vn -88.204982 -29.565625 -36.684540
vn -82.447560 -48.609544 28.974361
vn -82.447560 -48.609544 28.974361
vn -82.447560 -48.609544 28.974361
vn -28.519439 -74.191084 -60.682170
vn -28.519439 -74.191084 -60.682170
vn -28.519439 -74.191084 -60.682170
vn 75.525442 -58.817256 -28.921256
vn 75.525442 -58.817256 -28.921256
vn 75.525442 -58.817256 -28.921256
vn 41.358594 75.705494 -50.578103
vn 41.358594 75.705494 -50.578103
vn 41.358594 75.705494 -50.578103
vn 26.996949 -68.954792 67.204182
vn 26.996949 -68.954792 67.204182
vn 26.996949 -68.954792 67.204182
vn -49.654443 -5.817968 86.605939
vn -49.654443 -5.817968 86.605939
vn -49.654443 -5.817968 86.605939
vn -26.500526 79.447780 -54.642238
vn -26.500526 79.447780 -54.642238
vn -26.500526 79.447780 -54.642238
vn 16.131315 -95.376961 -25.357790
vn 16.131315 -95.376961 -25.357790
vn 16.131315 -95.376961 -25.357790
vn 90.234417 43.047232 2.164916
vn 90.234417 43.047232 2.164916
vn 90.234417 43.047232 2.164916
vn 77.044537 24.081860 59.027152
vn 77.044537 24.081860 59.027152
vn 77.044537 24.081860 59.027152
vn -52.477740 -66.645031 -52.957788
vn -52.477740 -66.645031 -52.957788
vn -52.477740 -66.645031 -52.957788
vn 9.617946 -24.925239 -96.365076
vn 9.617946 -24.925239 -96.365076
vn 9.617946 -24.925239 -96.365076
vn 91.443937 9.788165 -39.270853
vn 91.443937 9.788165 -39.270853
vn 91.443937 9.788165 -39.270853
vn -84.068581 41.146588 35.205560
vn -84.068581 41.146588 35.205560
vn -84.068581 41.146588 35.205560
vn 11.702649 -8.073754 -98.984154
vn 11.702649 -8.073754 -98.984154
vn 11.702649 -8.073754 -98.984154
vn 56.165816 -33.219533 75.775099
vn 56.165816 -33.219533 75.775099
vn 56.165816 -33.219533 75.775099
vn 42.687325 -5.908936 90.237894
vn 42.687325 -5.908936 90.237894
vn 42.687325 -5.908936 90.237894
vn -11.544344 -81.346504 -57.004176
vn -11.544344 -81.346504 -57.004176
vn -11.544344 -81.346504 -57.004176
vn 71.133460 42.802286 55.749401
vn 71.133460 42.802286 55.749401
vn 71.133460 42.802286 55.749401
vn -83.956093 31.109444 44.537367
vn -83.956093 31.109444 44.537367
vn -83.956093 31.109444 44.537367
vn 96.494210 11.567800 23.559584
vn 96.494210 11.567800 23.559584
vn 96.494210 11.567800 23.559584
vn 46.699890 31.282604 82.707430
vn 46.699890 31.282604 82.707430
vn 46.699890 31.282604 82.707430
vn 67.880660 43.010417 59.517386
vn 67.880660 43.010417 59.517386
vn 67.880660 43.010417 59.517386
vn -29.515232 91.817487 -26.427294
vn -29.515232 91.817487 -26.427294
vn -29.515232 91.817487 -26.427294
vn -14.694197 -45.727514 -87.710178
vn -14.694197 -45.727514 -87.710178
vn -14.694197 -45.727514 -87.710178
vn -12.713868 -28.109998 95.121949
vn -12.713868 -28.109998 95.121949
vn -12.713868 -28.109998 95.121949
vn 17.748486 57.108230 80.147622
vn 17.748486 57.108230 80.147622
vn 17.748486 57.108230 80.147622
vn 74.505186 59.979325 29.179743
vn 74.505186 59.979325 29.179743
vn 74.505186 59.979325 29.179743
vn 98.702747 2.764168 15.815455
vn 98.702747 2.764168 15.815455
vn 98.702747 2.764168 15.815455
vn -42.784048 41.239870 -80.428838
vn -42.784048 41.239870 -80.428838
vn -42.784048 41.239870 -80.428838
vn 27.789542 -90.213698 33.003486
vn 27.789542 -90.213698 33.003486
vn 27.789542 -90.213698 33.003486
vn 59.975098 -11.171921 79.234947
vn 59.975098 -11.171921 79.234947
vn 59.975098 -11.171921 79.234947
vn 45.202037 -20.547317 -86.801980
vn 45.202037 -20.547317 -86.801980
vn 45.202037 -20.547317 -86.801980
vn 49.443776 13.273480 85.901849
vn 49.443776 13.273480 85.901849
vn 49.443776 13.273480 85.901849
vn 21.575773 16.970235 96.158719
vn 21.575773 16.970235 96.158719
vn 21.575773 16.970235 96.158719
vn 21.336115 90.563076 -36.648344
vn 21.336115 90.563076 -36.648344
vn 21.336115 90.563076 -36.648344
vn 96.511707 25.717425 -4.909823
vn 96.511707 25.717425 -4.909823
vn 96.511707 25.717425 -4.909823
vn 95.161703 -23.149068 -20.208187
vn 95.161703 -23.149068 -20.208187
vn 95.161703 -23.149068 -20.208187
vn -84.074107 -12.206166 -52.749924
vn -84.074107 -12.206166 -52.749924
vn -84.074107 -12.206166 -52.749924
vn 83.752076 17.700937 51.693982
vn 83.752076 17.700937 51.693982
vn 83.752076 17.700937 51.693982
vn 95.472655 -16.494318 -24.757058
vn 95.472655 -16.494318 -24.757058
vn 95.472655 -16.494318 -24.757058
vn -61.213555 -6.619586 78.797734
vn -61.213555 -6.619586 78.797734
vn -61.213555 -6.619586 78.797734
vn -69.085084 -29.981604 65.790229
vn -69.085084 -29.981604 65.790229
vn -69.085084 -29.981604 65.790229
vn -83.679187 -54.245206 -7.433216
vn -83.679187 -54.245206 -7.433216
vn -83.679187 -54.245206 -7.433216
vn -61.547959 -61.173426 49.695702
vn -61.547959 -61.173426 49.695702
vn -61.547959 -61.173426 49.695702
vn 83.249762 16.964528 52.741655
vn 83.249762 16.964528 52.741655
vn 83.249762 16.964528 52.741655
vn 48.184950 14.643440 -86.393176
vn 48.184950 14.643440 -86.393176
vn 48.184950 14.643440 -86.393176
vn 36.731553 39.403845 -84.250409
vn 36.731553 39.403845 -84.250409
vn 36.731553 39.403845 -84.250409
vn 79.990478 -56.068695 -21.396869
vn 79.990478 -56.068695 -21.396869
vn 79.990478 -56.068695 -21.396869
vn -84.943140 -38.007462 36.607316
vn -84.943140 -38.007462 36.607316
vn -84.943140 -38.007462 36.607316
vn 92.237842 7.609274 37.871884
vn 92.237842 7.609274 37.871884
vn 92.237842 7.609274 37.871884
vn 6.495165 -98.533526 -15.778414
vn 6.495165 -98.533526 -15.778414
vn 6.495165 -98.533526 -15.778414
vn -90.423911 -41.657655 -9.389144
vn -90.423911 -41.657655 -9.389144
vn -90.423911 -41.657655 -9.389144
vn 5.884128 -3.166083 -99.776522
vn 5.884128 -3.166083 -99.776522
vn 5.884128 -3.166083 -99.776522
vn 27.765572 94.872678 -15.107925
vn 27.765572 94.872678 -15.107925
vn 27.765572 94.872678 -15.107925
vn -99.353549 10.020191 -5.335674
vn -99.353549 10.020191 -5.335674
vn -99.353549 10.020191 -5.335674
vn -81.782043 47.935153 -31.842129
vn -81.782043 47.935153 -31.842129
vn -81.782043 47.935153 -31.842129
vn 95.612683 7.937936 -28.199361
vn 95.612683 7.937936 -28.199361
vn 95.612683 7.937936 -28.199361
vn 81.133934 37.627370 44.737759
vn 81.133934 37.627370 44.737759
vn 81.133934 37.627370 44.737759
vn -83.779675 -9.663631 53.736225
vn -83.779675 -9.663631 53.736225
vn -83.779675 -9.663631 53.736225
vn -71.918010 50.586997 -47.631476
vn -71.918010 50.586997 -47.631476
vn -71.918010 50.586997 -47.631476
vn -56.043602 -10.200922 -82.189146
vn -56.043602 -10.200922 -82.189146
vn -56.043602 -10.200922 -82.189146
vn -7.371059 -96.061113 26.794227
vn -7.371059 -96.061113 26.794227
vn -7.371059 -96.061113 26.794227
vn 75.503527 64.711155 -10.568059
vn 75.503527 64.711155 -10.568059
vn 75.503527 64.711155 -10.568059
vn -49.348098 35.915534 -79.213900
vn -49.348098 35.915534 -79.213900
vn -49.348098 35.915534 -79.213900
vn 9.772549 10.731741 98.941042
vn 9.772549 10.731741 98.941042
vn 9.772549 10.731741 98.941042
vn 87.074168 -49.121039 -2.283191
vn 87.074168 -49.121039 -2.283191
vn 87.074168 -49.121039 -2.283191
vn 30.328966 -94.225689 14.201226
vn 30.328966 -94.225689 14.201226
vn 30.328966 -94.225689 14.201226
vn -40.003179 -22.146468 88.934142
vn -40.003179 -22.146468 88.934142
vn -40.003179 -22.146468 88.934142
vn -90.904756 33.004802 -25.436392
vn -90.904756 33.004802 -25.436392
vn -90.904756 33.004802 -25.436392
vn 33.358466 -90.803773 -25.335529
vn 33.358466 -90.803773 -25.335529
vn 33.358466 -90.803773 -25.335529
vn -1.125007 5.627918 99.835169
vn -1.125007 5.627918 99.835169
vn -1.125007 5.627918 99.835169
vn 43.677939 63.592316 63.625896
vn 43.677939 63.592316 63.625896
vn 43.677939 63.592316 63.625896
vn -93.957466 -21.411443 26.712298
vn -93.957466 -21.411443 26.712298
vn -93.957466 -21.411443 26.712298
vn 40.825652 8.083784 90.928105
vn 40.825652 8.083784 90.928105
vn 40.825652 8.083784 90.928105
vn 13.305175 -92.464870 -35.682224
vn 13.305175 -92.464870 -35.682224
vn 13.305175 -92.464870 -35.682224
vn 82.299522 -55.854729 10.345934
vn 82.299522 -55.854729 10.345934
vn 82.299522 -55.854729 10.345934
vn -10.158681 -99.322473 -5.643393
vn -10.158681 -99.322473 -5.643393
vn -10.158681 -99.322473 -5.643393
vn 1.575261 12.816737 -99.162752
vn 1.575261 12.816737 -99.162752
vn 1.575261 12.816737 -99.162752
vn 49.397969 8.730887 -86.507883
vn 49.397969 8.730887 -86.507883
vn 49.397969 8.730887 -86.507883
vn -55.656018 -38.595879 73.571513
vn -55.656018 -38.595879 73.571513
vn -55.656018 -38.595879 73.571513
vn 83.235445 7.981267 54.846708
vn 83.235445 7.981267 54.846708
vn 83.235445 7.981267 54.846708
vn -99.548882 -4.923196 -8.110619
vn -99.548882 -4.923196 -8.110619
vn -99.548882 -4.923196 -8.110619
vn -83.835135 41.042592 35.877224
vn -83.835135 41.042592 35.877224
vn -83.835135 41.042592 35.877224
vn 39.694096 77.542372 -49.107642
vn 39.694096 77.542372 -49.107642
vn 39.694096 77.542372 -49.107642
vn -95.920763 -9.930093 -26.468908
vn -95.920763 -9.930093 -26.468908
vn -95.920763 -9.930093 -26.468908
vn 52.418624 4.236705 -85.054920
vn 52.418624 4.236705 -85.054920
vn 52.418624 4.236705 -85.054920
vn -88.122227 -45.539692 12.673203
vn -88.122227 -45.539692 12.673203
vn -88.122227 -45.539692 12.673203
vn -91.787743 10.367706 -38.308241
vn -91.787743 10.367706 -38.308241
vn -91.787743 10.367706 -38.308241
vn 68.830891 65.580434 31.008322
vn 68.830891 65.580434 31.008322
vn 68.830891 65.580434 31.008322
vn 58.987518 73.405071 33.647719
vn 58.987518 73.405071 33.647719
vn 58.987518 73.405071 33.647719
vn -76.779583 63.508628 8.458654
vn -76.779583 63.508628 8.458654
vn -76.779583 63.508628 8.458654
vn 60.264050 -27.974189 -74.737477
vn 60.264050 -27.974189 -74.737477
vn 60.264050 -27.974189 -74.737477
vn -30.455420 25.939322 -91.649442
vn -30.455420 25.939322 -91.649442
vn -30.455420 25.939322 -91.649442
vn -80.657994 33.878488 48.441057
vn -80.657994 33.878488 48.441057
vn -80.657994 33.878488 48.441057
vn 98.806703 9.266193 12.303390
vn 98.806703 9.266193 12.303390
vn 98.806703 9.266193 12.303390
vn 26.851792 83.978514 -47.186772
vn 26.851792 83.978514 -47.186772
vn 26.851792 83.978514 -47.186772
vn 88.518589 31.741971 -34.013327
vn 88.518589 31.741971 -34.013327
vn 88.518589 31.741971 -34.013327
vn -33.216893 63.412395 -69.824834
vn -33.216893 63.412395 -69.824834
vn -33.216893 63.412395 -69.824834
vn 14.844826 -18.692853 97.109270
vn 14.844826 -18.692853 97.109270
vn 14.844826 -18.692853 97.109270
vn 25.274525 -11.233231 96.098981
vn 25.274525 -11.233231 96.098981
vn 25.274525 -11.233231 96.098981
vn -33.900992 -93.853522 6.499213
vn -33.900992 -93.853522 6.499213
vn -33.900992 -93.853522 6.499213
vn -2.577988 67.085912 74.113662
vn -2.577988 67.085912 74.113662
vn -2.577988 67.085912 74.113662
vn -81.609714 34.645295 -46.255374
vn -81.609714 34.645295 -46.255374
vn -81.609714 34.645295 -46.255374
vn -99.637889 1.274219 -8.406396
vn -99.637889 1.274219 -8.406396
vn -99.637889 1.274219 -8.406396
vn -87.137302 40.941103 -27.035495
vn -87.137302 40.941103 -27.035495
vn -87.137302 40.941103 -27.035495
vn -17.925224 1.627740 98.366859
vn -17.925224 1.627740 98.366859
vn -17.925224 1.627740 98.366859
vn -42.618935 81.779297 -38.675226
vn -42.618935 81.779297 -38.675226
vn -42.618935 81.779297 -38.675226
vn -88.792617 12.817683 -44.176690
vn -88.792617 12.817683 -44.176690
vn -88.792617 12.817683 -44.176690
vn -55.861166 -48.185329 67.510776
vn -55.861166 -48.185329 67.510776
vn -55.861166 -48.185329 67.510776
vn 46.635069 84.729061 -25.419612
vn 46.635069 84.729061 -25.419612
vn 46.635069 84.729061 -25.419612
vn 19.400136 10.836321 -97.499792
vn 19.400136 10.836321 -97.499792
vn 19.400136 10.836321 -97.499792
vn -45.985930 -41.907977 -78.288034
vn -45.985930 -41.907977 -78.288034
vn -45.985930 -41.907977 -78.288034
vn 22.831058 2.303896 -97.331574
vn 22.831058 2.303896 -97.331574
vn 22.831058 2.303896 -97.331574
vn -89.988255 -42.605900 9.319481
vn -89.988255 -42.605900 9.319481
vn -89.988255 -42.605900 9.319481
vn 66.316454 74.823621 -1.885324
vn 66.316454 74.823621 -1.885324
vn 66.316454 74.823621 -1.885324
vn -99.837622 5.672414 0.524207
vn -99.837622 5.672414 0.524207
vn -99.837622 5.672414 0.524207
vn 71.269968 8.310431 -69.652919
vn 71.269968 8.310431 -69.652919
vn 71.269968 8.310431 -69.652919
vn 4.688578 41.852963 90.699212
vn 4.688578 41.852963 90.699212
vn 4.688578 41.852963 90.699212
vn 27.804611 14.727412 -94.921057
vn 27.804611 14.727412 -94.921057
vn 27.804611 14.727412 -94.921057
vn 47.865839 18.864965 85.749492
vn 47.865839 18.864965 85.749492
vn 47.865839 18.864965 85.749492
vn 69.005594 56.979277 44.627228
vn 69.005594 56.979277 44.627228
vn 69.005594 56.979277 44.627228
vn 77.849143 62.331471 7.368870
vn 77.849143 62.331471 7.368870
vn 77.849143 62.331471 7.368870
vn 77.235386 -41.541867 48.051730
vn 77.235386 -41.541867 48.051730
vn 77.235386 -41.541867 48.051730
vn -75.335550 -43.640623 49.194019
vn -75.335550 -43.640623 49.194019
vn -75.335550 -43.640623 49.194019
vn -79.859285 13.530181 58.646647
vn -79.859285 13.530181 58.646647
vn -79.859285 13.530181 58.646647
vn 39.495299 -72.286366 56.699237
vn 39.495299 -72.286366 56.699237
vn 39.495299 -72.286366 56.699237
vn -81.622850 -38.595051 42.989915
vn -81.622850 -38.595051 42.989915
vn -81.622850 -38.595051 42.989915
vn -14.002907 33.446532 93.194680
vn -14.002907 33.446532 93.194680
vn -14.002907 33.446532 93.194680
vn 69.529517 -69.570286 18.045006
vn 69.529517 -69.570286 18.045006
vn 69.529517 -69.570286 18.045006
vn 23.307588 -20.794595 94.996543
vn 23.307588 -20.794595 94.996543
vn 23.307588 -20.794595 94.996543
vn 37.538788 -56.094772 -73.784944
vn 37.538788 -56.094772 -73.784944
vn 37.538788 -56.094772 -73.784944
vn 39.920066 -5.723008 91.507584
vn 39.920066 -5.723008 91.507584
vn 39.920066 -5.723008 91.507584
vn 0.852579 -74.554838 -66.639702
vn 0.852579 -74.554838 -66.639702
vn 0.852579 -74.554838 -66.639702
vn -96.013281 -27.829507 -2.639778
vn -96.013281 -27.829507 -2.639778
vn -96.013281 -27.829507 -2.639778
vn 53.315632 -84.469575 4.726032
vn 53.315632 -84.469575 4.726032
vn 53.315632 -84.469575 4.726032
vn 79.765634 37.782064 -47.010208
vn 79.765634 37.782064 -47.010208
vn 79.765634 37.782064 -47.010208
vn 89.377405 25.437860 36.940447
vn 89.377405 25.437860 36.940447
vn 89.377405 25.437860 36.940447
vn 2.738762 -14.070593 -98.967257
vn 2.738762 -14.070593 -98.967257
vn 2.738762 -14.070593 -98.967257
vn -87.627595 -12.009002 46.660353
vn -87.627595 -12.009002 46.660353
vn -87.627595 -12.009002 46.660353
vn -88.627011 23.449998 39.941833
vn -88.627011 23.449998 39.941833
vn -88.627011 23.449998 39.941833
vn -81.837705 -15.785693 -55.257606
vn -81.837705 -15.785693 -55.257606
vn -81.837705 -15.785693 -55.257606
vn -80.981088 40.680772 -42.274581
vn -80.981088 40.680772 -42.274581
vn -80.981088 40.680772 -42.274581
vn 6.493699 -15.774152 -98.534299
vn 6.493699 -15.774152 -98.534299
vn 6.493699 -15.774152 -98.534299
vn -13.190324 -68.882334 -71.282819
vn -13.190324 -68.882334 -71.282819
vn -13.190324 -68.882334 -71.282819
vn -19.804080 94.098609 -27.445442
vn -19.804080 94.098609 -27.445442
vn -19.804080 94.098609 -27.445442
vn 40.838453 7.170317 90.998947
vn 40.838453 7.170317 90.998947
vn 40.838453 7.170317 90.998947
vn 25.475029 -4.730258 96.584927
vn 25.475029 -4.730258 96.584927
vn 25.475029 -4.730258 96.584927
vn -74.579427 -11.739077 65.575168
vn -74.579427 -11.739077 65.575168
vn -74.579427 -11.739077 65.575168
vn 70.666991 -62.842614 -32.511294
vn 70.666991 -62.842614 -32.511294
vn 70.666991 -62.842614 -32.511294
vn 52.724091 82.099930 -21.903736
vn 52.724091 82.099930 -21.903736
vn 52.724091 82.099930 -21.903736
vn 38.537305 84.353939 -37.407076
vn 38.537305 84.353939 -37.407076
vn 38.537305 84.353939 -37.407076
vn -68.834138 57.816876 43.807196
vn -68.834138 57.816876 43.807196
vn -68.834138 57.816876 43.807196
vn -23.049035 -23.562825 94.411533
vn -23.049035 -23.562825 94.411533
vn -23.049035 -23.562825 94.411533
vn -74.363163 -66.759834 -3.639425
vn -74.363163 -66.759834 -3.639425
vn -74.363163 -66.759834 -3.639425
vn -83.270950 -27.619982 -47.990487
vn -83.270950 -27.619982 -47.990487
vn -83.270950 -27.619982 -47.990487
vn -52.782223 30.202270 79.384252
vn -52.782223 30.202270 79.384252
vn -52.782223 30.202270 79.384252
vn 94.887946 -4.901009 31.181079
vn 94.887946 -4.901009 31.181079
vn 94.887946 -4.901009 31.181079
vn -82.920568 19.958537 52.209553
vn -82.920568 19.958537 52.209553
vn -82.920568 19.958537 52.209553
vn -64.415498 -32.440179 -69.269605
vn -64.415498 -32.440179 -69.269605
vn -64.415498 -32.440179 -69.269605
vn -21.004506 -14.722364 96.654357
vn -21.004506 -14.722364 96.654357
vn -21.004506 -14.722364 96.654357
vn 90.645018 3.711803 -42.067852
vn 90.645018 3.711803 -42.067852
vn 90.645018 3.711803 -42.067852
vn 20.594734 5.983196 97.673234
vn 20.594734 5.983196 97.673234
vn 20.594734 5.983196 97.673234
vn 53.820387 -80.298868 -25.601944
vn 53.820387 -80.298868 -25.601944
vn 53.820387 -80.298868 -25.601944
vn -64.566437 39.565250 65.312838
vn -64.566437 39.565250 65.312838
vn -64.566437 39.565250 65.312838
vn 29.307044 10.358362 -95.046323
vn 29.307044 10.358362 -95.046323
vn 29.307044 10.358362 -95.046323
vn 78.074521 17.423395 60.006626
vn 78.074521 17.423395 60.006626
vn 78.074521 17.423395 60.006626
vn -91.299386 40.305685 -6.314692
vn -91.299386 40.305685 -6.314692
vn -91.299386 40.305685 -6.314692
vn 76.035709 8.230327 -64.426959
vn 76.035709 8.230327 -64.426959
vn 76.035709 8.230327 -64.426959
vn -59.236641 -20.279915 77.972735
vn -59.236641 -20.279915 77.972735
vn -59.236641 -20.279915 77.972735
vn 74.413421 -66.788629 -1.386437
vn 74.413421 -66.788629 -1.386437
vn 74.413421 -66.788629 -1.386437
vn 13.137632 -70.664284 -69.526693
vn 13.137632 -70.664284 -69.526693
vn 13.137632 -70.664284 -69.526693
vn -69.365525 15.388973 -70.367631
vn -69.365525 15.388973 -70.367631
vn -69.365525 15.388973 -70.367631
vn 80.492509 -16.037494 57.129292
vn 80.492509 -16.037494 57.129292
vn 80.492509 -16.037494 57.129292
vn 63.505719 -35.718680 68.492332
vn 63.505719 -35.718680 68.492332
vn 63.505719 -35.718680 68.492332
vn 21.549432 -96.931992 -11.824153
vn 21.549432 -96.931992 -11.824153
vn 21.549432 -96.931992 -11.824153
vn 63.973632 -70.063984 -31.597680
vn 63.973632 -70.063984 -31.597680
vn 63.973632 -70.063984 -31.597680
vn -82.922435 -41.648176 -37.273305
vn -82.922435 -41.648176 -37.273305
vn -82.922435 -41.648176 -37.273305
vn 52.423438 8.408904 -84.741223
vn 52.423438 8.408904 -84.741223
vn 52.423438 8.408904 -84.741223
vn 31.333708 -8.585514 -94.575301
vn 31.333708 -8.585514 -94.575301
vn 31.333708 -8.585514 -94.575301
vn -60.821803 45.178389 65.265779
vn -60.821803 45.178389 65.265779
vn -60.821803 45.178389 65.265779
vn 37.291451 -52.806706 -76.294165
vn 37.291451 -52.806706 -76.294165
vn 37.291451 -52.806706 -76.294165
vn -54.035154 17.627750 -82.276756
vn -54.035154 17.627750 -82.276756
vn -54.035154 17.627750 -82.276756
vn -12.971637 -20.948395 -96.916992
vn -12.971637 -20.948395 -96.916992
vn -12.971637 -20.948395 -96.916992
vn -45.726116 57.635765 -67.729175
vn -45.726116 57.635765 -67.729175
vn -45.726116 57.635765 -67.729175
vn -97.771973 0.598964 -20.982951
vn -97.771973 0.598964 -20.982951
vn -97.771973 0.598964 -20.982951
vn -61.672151 -34.690824 -70.661821
vn -61.672151 -34.690824 -70.661821
vn -61.672151 -34.690824 -70.661821
vn -77.639584 56.349159 28.228846
vn -77.639584 56.349159 28.228846
vn -77.639584 56.349159 28.228846
vn -48.130720 -19.289011 85.506539
vn -48.130720 -19.289011 85.506539
vn -48.130720 -19.289011 85.506539
vn 18.732008 -28.959909 -93.863921
vn 18.732008 -28.959909 -93.863921
vn 18.732008 -28.959909 -93.863921
vn 28.369956 -68.161337 -67.447601
vn 28.369956 -68.161337 -67.447601
vn 28.369956 -68.161337 -67.447601
vn -63.047026 -75.131907 19.500484
vn -63.047026 -75.131907 19.500484
vn -63.047026 -75.131907 19.500484
vn 10.486620 23.542031 -96.621966
vn 10.486620 23.542031 -96.621966
vn 10.486620 23.542031 -96.621966
vn -37.127197 -14.077425 -91.779077
vn -37.127197 -14.077425 -91.779077
vn -37.127197 -14.077425 -91.779077
vn -7.189815 4.790908 99.626072
vn -7.189815 4.790908 99.626072
vn -7.189815 4.790908 99.626072
vn -84.229223 53.901522 0.253105
vn -84.229223 53.901522 0.253105
vn -84.229223 53.901522 0.253105
vn -71.481794 -7.530087 69.524474
vn -71.481794 -7.530087 69.524474
vn -71.481794 -7.530087 69.524474
vn -16.858403 -74.634086 -64.385932
vn -16.858403 -74.634086 -64.385932
vn -16.858403 -74.634086 -64.385932
vn 17.203645 52.088011 83.611451
vn 17.203645 52.088011 83.611451
vn 17.203645 52.088011 83.611451
vn 99.373196 -7.689967 8.113751
vn 99.373196 -7.689967 8.113751
vn 99.373196 -7.689967 8.113751
vn -76.957643 10.233020 63.030202
vn -76.957643 10.233020 63.030202
vn -76.957643 10.233020 63.030202
vn 76.554348 40.253206 50.190758
vn 76.554348 40.253206 50.190758
vn 76.554348 40.253206 50.190758
vn -81.917418 12.557116 -55.962981
vn -81.917418 12.557116 -55.962981
vn -81.917418 12.557116 -55.962981
vn 68.871853 6.587996 -72.202962
vn 68.871853 6.587996 -72.202962
vn 68.871853 6.587996 -72.202962
vn 65.390834 9.534643 -75.054174
vn 65.390834 9.534643 -75.054174
vn 65.390834 9.534643 -75.054174
vn -47.896072 86.861981 12.687116
vn -47.896072 86.861981 12.687116
vn -47.896072 86.861981 12.687116
vn 40.729965 10.094692 90.769869
vn 40.729965 10.094692 90.769869
vn 40.729965 10.094692 90.769869
vn 62.385353 67.023355 -40.198717
vn 62.385353 67.023355 -40.198717
vn 62.385353 67.023355 -40.198717
vn -12.760898 -99.126122 3.342475
vn -12.760898 -99.126122 3.342475
vn -12.760898 -99.126122 3.342475
vn 0.166961 -99.961227 -2.779654
vn 0.166961 -99.961227 -2.779654
vn 0.166961 -99.961227 -2.779654
vn 0.095959 -99.960387 -2.813052
vn 0.095959 -99.960387 -2.813052
vn 0.095959 -99.960387 -2.813052
vn -2.457917 -99.630136 -8.233786
vn -2.457917 -99.630136 -8.233786
vn -2.457917 -99.630136 -8.233786
vn -74.812742 -19.830011 63.323175
vn -74.812742 -19.830011 63.323175
vn -74.812742 -19.830011 63.323175
vn -96.326034 25.003626 -9.803769
vn -96.326034 25.003626 -9.803769
vn -96.326034 25.003626 -9.803769
vn -51.860973 49.098795 -69.998214
vn -51.860973 49.098795 -69.998214
vn -51.860973 49.098795 -69.998214
vn -76.672959 13.925040 -62.668586
vn -76.672959 13.925040 -62.668586
vn -76.672959 13.925040 -62.668586
vn 40.443516 23.454601 -88.397987
vn 40.443516 23.454601 -88.397987
vn 40.443516 23.454601 -88.397987
vn -43.328868 -85.360441 -28.917212
vn -43.328868 -85.360441 -28.917212
vn -43.328868 -85.360441 -28.917212
vn -44.481288 -87.582322 -18.728384
vn -44.481288 -87.582322 -18.728384
vn -44.481288 -87.582322 -18.728384
vn 75.572404 11.206534 64.523071
vn 75.572404 11.206534 64.523071
vn 75.572404 11.206534 64.523071
vn 64.701729 -61.328275 -45.304845
vn 64.701729 -61.328275 -45.304845
vn 64.701729 -61.328275 -45.304845
vn 96.443637 19.179298 18.187388
vn 96.443637 19.179298 18.187388
vn 96.443637 19.179298 18.187388
vn 80.957807 23.373104 -53.847309
vn 80.957807 23.373104 -53.847309
vn 80.957807 23.373104 -53.847309
vn 93.387221 -35.399375 -5.070676
vn 93.387221 -35.399375 -5.070676
vn 93.387221 -35.399375 -5.070676
vn 20.392805 30.225217 -93.115898
vn 20.392805 30.225217 -93.115898
vn 20.392805 30.225217 -93.115898
vn -21.228764 -93.381328 28.797027
vn -21.228764 -93.381328 28.797027
vn -21.228764 -93.381328 28.797027
vn -72.585577 36.310178 58.420066
vn -72.585577 36.310178 58.420066
vn -72.585577 36.310178 58.420066
vn -69.330061 -28.185426 66.324396
vn -69.330061 -28.185426 66.324396
vn -69.330061 -28.185426 66.324396
vn -78.350788 -0.130688 -62.138056
vn -78.350788 -0.130688 -62.138056
vn -78.350788 -0.130688 -62.138056
vn 97.067626 -22.307142 -8.959158
vn 97.067626 -22.307142 -8.959158
vn 97.067626 -22.307142 -8.959158
vn 34.750845 -28.053768 -89.472715
vn 34.750845 -28.053768 -89.472715
vn 34.750845 -28.053768 -89.472715
vn -63.941955 71.684062 -27.799671
vn -63.941955 71.684062 -27.799671
vn -63.941955 71.684062 -27.799671
vn -20.466319 -90.313323 -37.744312
vn -20.466319 -90.313323 -37.744312
vn -20.466319 -90.313323 -37.744312
vn 26.839958 -94.710733 17.592419
vn 26.839958 -94.710733 17.592419
vn 26.839958 -94.710733 17.592419
vn -29.737627 -94.721523 -11.979510
vn -29.737627 -94.721523 -11.979510
vn -29.737627 -94.721523 -11.979510
vn 99.725805 4.726450 5.694320
vn 99.725805 4.726450 5.694320
vn 99.725805 4.726450 5.694320
vn -76.018880 32.090375 -56.491931
vn -76.018880 32.090375 -56.491931
vn -76.018880 32.090375 -56.491931
vn -6.813480 -99.630850 -5.222112
vn -6.813480 -99.630850 -5.222112
vn -6.813480 -99.630850 -5.222112
vn -5.812410 -99.739629 -4.268928
vn -5.812410 -99.739629 -4.268928
vn -5.812410 -99.739629 -4.268928
vn 0.263980 -98.340299 -18.141597
vn 0.263980 -98.340299 -18.141597
vn 0.263980 -98.340299 -18.141597
vn -1.979015 -99.915481 -3.602835
vn -1.979015 -99.915481 -3.602835
vn -1.979015 -99.915481 -3.602835
vn -11.751555 -99.138151 5.790426
vn -11.751555 -99.138151 5.790426
vn -11.751555 -99.138151 5.790426
vn -42.995569 13.531538 -89.265220
vn -42.995569 13.531538 -89.265220
vn -42.995569 13.531538 -89.265220
vn -34.626872 43.475495 -83.131586
vn -34.626872 43.475495 -83.131586
vn -34.626872 43.475495 -83.131586
vn 16.085619 71.090933 -68.464090
vn 16.085619 71.090933 -68.464090
vn 16.085619 71.090933 -68.464090
vn 17.020105 55.674191 -81.306219
vn 17.020105 55.674191 -81.306219
vn 17.020105 55.674191 -81.306219
vn -51.886180 83.897927 16.400058
vn -51.886180 83.897927 16.400058
vn -51.886180 83.897927 16.400058
vn -49.484703 27.297196 -82.499269
vn -49.484703 27.297196 -82.499269
vn -49.484703 27.297196 -82.499269
vn -0.366390 -18.675706 -98.239932
vn -0.366390 -18.675706 -98.239932
vn -0.366390 -18.675706 -98.239932
vn -60.188472 45.571148 65.579103
vn -60.188472 45.571148 65.579103
vn -60.188472 45.571148 65.579103
vn 39.827224 -89.434948 20.376047
vn 39.827224 -89.434948 20.376047
vn 39.827224 -89.434948 20.376047
vn -88.035655 10.752648 -46.196363
vn -88.035655 10.752648 -46.196363
vn -88.035655 10.752648 -46.196363
vn -88.206102 15.119982 -44.621421
vn -88.206102 15.119982 -44.621421
vn -88.206102 15.119982 -44.621421
vn -17.465278 59.013295 -78.818757
vn -17.465278 59.013295 -78.818757
vn -17.465278 59.013295 -78.818757
vn -90.833929 21.718073 35.742464
vn -90.833929 21.718073 35.742464
vn -90.833929 21.718073 35.742464
vn -43.640010 46.368860 77.106935
vn -43.640010 46.368860 77.106935
vn -43.640010 46.368860 77.106935
vn -85.480896 32.683325 40.309040
vn -85.480896 32.683325 40.309040
vn -85.480896 32.683325 40.309040
vn 8.831406 39.662726 -91.372178
vn 8.831406 39.662726 -91.372178
vn 8.831406 39.662726 -91.372178
vn -97.770454 20.960997 -1.255109
vn -97.770454 20.960997 -1.255109
vn -97.770454 20.960997 -1.255109
vn 66.974965 -52.337952 -52.679153
vn 66.974965 -52.337952 -52.679153
vn 66.974965 -52.337952 -52.679153
vn 96.216478 5.494400 -26.687104
vn 96.216478 5.494400 -26.687104
vn 96.216478 5.494400 -26.687104
vn -55.304538 -83.314740 0.251539
vn -55.304538 -83.314740 0.251539
vn -55.304538 -83.314740 0.251539
vn -35.832752 45.789332 81.359393
vn -35.832752 45.789332 81.359393
vn -35.832752 45.789332 81.359393
vn -92.487487 -24.104433 29.411614
vn -92.487487 -24.104433 29.411614
vn -92.487487 -24.104433 29.411614
vn 6.872610 62.069912 78.103097
vn 6.872610 62.069912 78.103097
vn 6.872610 62.069912 78.103097
vn 91.990605 -37.249959 -12.254388
vn 91.990605 -37.249959 -12.254388
vn 91.990605 -37.249959 -12.254388
vn 81.331568 -21.816860 53.937014
vn 81.331568 -21.816860 53.937014
vn 81.331568 -21.816860 53.937014
vn 83.734536 -18.599557 51.406070
vn 83.734536 -18.599557 51.406070
vn 83.734536 -18.599557 51.406070
vn -21.774804 33.753327 91.578228
vn -21.774804 33.753327 91.578228
vn -21.774804 33.753327 91.578228
vn -88.088497 37.760608 -28.540409
vn -88.088497 37.760608 -28.540409
vn -88.088497 37.760608 -28.540409
vn 31.713352 30.559142 -89.779742
vn 31.713352 30.559142 -89.779742
vn 31.713352 30.559142 -89.779742
vn -61.295254 30.836701 -72.746075
vn -61.295254 30.836701 -72.746075
vn -61.295254 30.836701 -72.746075
vn -78.624226 -12.302178 -60.554829
vn -78.624226 -12.302178 -60.554829
vn -78.624226 -12.302178 -60.554829
vn -76.283965 -7.835952 -64.182213
vn -76.283965 -7.835952 -64.182213
vn -76.283965 -7.835952 -64.182213
vn -18.406137 25.946522 94.805023
vn -18.406137 25.946522 94.805023
vn -18.406137 25.946522 94.805023
vn 74.063440 32.885605 58.593051
vn 74.063440 32.885605 58.593051
vn 74.063440 32.885605 58.593051
vn 92.633368 36.029445 10.997185
vn 92.633368 36.029445 10.997185
vn 92.633368 36.029445 10.997185
vn -18.056390 -44.082192 87.924559
vn -18.056390 -44.082192 87.924559
vn -18.056390 -44.082192 87.924559
vn 52.547782 48.193897 -70.114748
vn 52.547782 48.193897 -70.114748
vn 52.547782 48.193897 -70.114748
vn 8.213653 -39.917530 -91.318823
vn 8.213653 -39.917530 -91.318823
vn 8.213653 -39.917530 -91.318823
vn -9.143801 59.428576 79.903919
vn -9.143801 59.428576 79.903919
vn -9.143801 59.428576 79.903919
vn -25.716420 -44.564059 85.747950
vn -25.716420 -44.564059 85.747950
vn -25.716420 -44.564059 85.747950
vn -32.127818 -43.521460 84.105208
vn -32.127818 -43.521460 84.105208
vn -32.127818 -43.521460 84.105208
vn -3.766104 65.566638 75.411101
vn -3.766104 65.566638 75.411101
vn -3.766104 65.566638 75.411101
vn -96.351957 -6.802663 25.884843
vn -96.351957 -6.802663 25.884843
vn -96.351957 -6.802663 25.884843
vn -66.284881 34.188606 -66.614229
vn -66.284881 34.188606 -66.614229
vn -66.284881 34.188606 -66.614229
vn 8.579365 -55.223791 -82.926037
vn 8.579365 -55.223791 -82.926037
vn 8.579365 -55.223791 -82.926037
vn -66.335290 70.782696 24.278393
vn -66.335290 70.782696 24.278393
vn -66.335290 70.782696 24.278393
vn -60.046728 -78.255999 -16.443478
vn -60.046728 -78.255999 -16.443478
vn -60.046728 -78.255999 -16.443478
vn 92.392271 -13.584826 -35.764819
vn 92.392271 -13.584826 -35.764819
vn 92.392271 -13.584826 -35.764819
vn -90.283860 -13.123772 40.946218
vn -90.283860 -13.123772 40.946218
vn -90.283860 -13.123772 40.946218
vn -63.850308 -69.576502 32.897546
vn -63.850308 -69.576502 32.897546
vn -63.850308 -69.576502 32.897546
vn 79.115680 58.550799 -17.678052
vn 79.115680 58.550799 -17.678052
vn 79.115680 58.550799 -17.678052
vn -33.062057 9.439217 93.903159
vn -33.062057 9.439217 93.903159
vn -33.062057 9.439217 93.903159
vn -25.786760 -31.619260 -91.297681
vn -25.786760 -31.619260 -91.297681
vn -25.786760 -31.619260 -91.297681
vn -12.987023 -31.681969 -93.955267
vn -12.987023 -31.681969 -93.955267
vn -12.987023 -31.681969 -93.955267
vn -63.327803 70.639758 -31.616669
vn -63.327803 70.639758 -31.616669
vn -63.327803 70.639758 -31.616669
vn -32.650977 -69.237746 64.343216
vn -32.650977 -69.237746 64.343216
vn -32.650977 -69.237746 64.343216
vn -60.846394 -76.921380 -19.514554
vn -60.846394 -76.921380 -19.514554
vn -60.846394 -76.921380 -19.514554
vn 50.289895 -66.487045 55.230420
vn 50.289895 -66.487045 55.230420
vn 50.289895 -66.487045 55.230420
vn -59.156775 80.097141 9.215453
vn -59.156775 80.097141 9.215453
vn -59.156775 80.097141 9.215453
vn -90.724239 -7.576881 41.372750
vn -90.724239 -7.576881 41.372750
vn -90.724239 -7.576881 41.372750
vn 35.858380 -36.395337 85.962533
vn 35.858380 -36.395337 85.962533
vn 35.858380 -36.395337 85.962533
vn -0.108337 14.982602 98.871176
vn -0.108337 14.982602 98.871176
vn -0.108337 14.982602 98.871176
vn 2.247359 7.937098 99.659182
vn 2.247359 7.937098 99.659182
vn 2.247359 7.937098 99.659182
vn 71.643795 32.908723 61.515709
vn 71.643795 32.908723 61.515709
vn 71.643795 32.908723 61.515709
vn 3.284190 -89.537777 44.409489
vn 3.284190 -89.537777 44.409489
vn 3.284190 -89.537777 44.409489
vn -48.056303 85.811852 -18.080902
vn -48.056303 85.811852 -18.080902
vn -48.056303 85.811852 -18.080902
vn 82.270210 56.818755 1.800539
vn 82.270210 56.818755 1.800539
vn 82.270210 56.818755 1.800539
vn -68.099653 -8.288432 -72.758096
vn -68.099653 -8.288432 -72.758096
vn -68.099653 -8.288432 -72.758096
vn 73.994755 -36.929935 -56.222386
vn 73.994755 -36.929935 -56.222386
vn 73.994755 -36.929935 -56.222386
vn 93.405582 11.817978 33.700642
vn 93.405582 11.817978 33.700642
vn 93.405582 11.817978 33.700642
vn -90.835301 -38.963877 -15.190947
vn -90.835301 -38.963877 -15.190947
vn -90.835301 -38.963877 -15.190947
vn 20.580241 -58.325009 -78.578926
vn 20.580241 -58.325009 -78.578926
vn 20.580241 -58.325009 -78.578926
vn -82.982616 -5.244644 -55.555196
vn -82.982616 -5.244644 -55.555196
vn -82.982616 -5.244644 -55.555196
vn 81.554217 -7.621978 57.365641
vn 81.554217 -7.621978 57.365641
vn 81.554217 -7.621978 57.365641
vn -53.367351 17.360368 -82.768012
vn -53.367351 17.360368 -82.768012
vn -53.367351 17.360368 -82.768012
vn 60.311883 11.661582 78.908084
vn 60.311883 11.661582 78.908084
vn 60.311883 11.661582 78.908084
vn -42.023753 -33.251697 -84.429434
vn -42.023753 -33.251697 -84.429434
vn -42.023753 -33.251697 -84.429434
vn 76.164214 -11.208740 -63.823006
vn 76.164214 -11.208740 -63.823006
vn 76.164214 -11.208740 -63.823006
vn 97.841277 2.526168 20.511072
vn 97.841277 2.526168 20.511072
vn 97.841277 2.526168 20.511072
vn 85.630841 -25.116885 -45.127616
vn 85.630841 -25.116885 -45.127616
vn 85.630841 -25.116885 -45.127616
vn -36.293626 93.091522 -4.091866
vn -36.293626 93.091522 -4.091866
vn -36.293626 93.091522 -4.091866
vn -86.166869 48.505915 -14.914686
vn -86.166869 48.505915 -14.914686
vn -86.166869 48.505915 -14.914686
vn 95.025484 -25.843323 17.386216
vn 95.025484 -25.843323 17.386216
vn 95.025484 -25.843323 17.386216
vn -86.228680 -45.124218 -22.987399
vn -86.228680 -45.124218 -22.987399
vn -86.228680 -45.124218 -22.987399
vn -5.597365 -48.637151 -87.195747
vn -5.597365 -48.637151 -87.195747
vn -5.597365 -48.637151 -87.195747
vn -91.719658 -27.586899 -28.748384
vn -91.719658 -27.586899 -28.748384
vn -91.719658 -27.586899 -28.748384
vn 3.207035 29.354251 95.540796
vn 3.207035 29.354251 95.540796
vn 3.207035 29.354251 95.540796
vn -62.324963 31.350935 -71.642989
vn -62.324963 31.350935 -71.642989
vn -62.324963 31.350935 -71.642989
vn 93.172655 -8.289096 35.357419
vn 93.172655 -8.289096 35.357419
vn 93.172655 -8.289096 35.357419
vn -75.210001 -41.296272 -51.362204
vn -75.210001 -41.296272 -51.362204
vn -75.210001 -41.296272 -51.362204
vn -95.346944 15.025059 -26.138290
vn -95.346944 15.025059 -26.138290
vn -95.346944 15.025059 -26.138290
vn -30.463366 10.253015 94.693506
vn -30.463366 10.253015 94.693506
vn -30.463366 10.253015 94.693506
vn 94.038379 5.640318 33.540582
vn 94.038379 5.640318 33.540582
vn 94.038379 5.640318 33.540582
vn -8.078848 98.261159 -16.717551
vn -8.078848 98.261159 -16.717551
vn -8.078848 98.261159 -16.717551
vn -20.050777 0.080737 -97.969188
vn -20.050777 0.080737 -97.969188
vn -20.050777 0.080737 -97.969188
vn 85.752373 23.447911 -45.790029
vn 85.752373 23.447911 -45.790029
vn 85.752373 23.447911 -45.790029
vn -50.585469 -53.839414 67.397546
vn -50.585469 -53.839414 67.397546
vn -50.585469 -53.839414 67.397546
vn 78.312141 26.275363 -56.363237
vn 78.312141 26.275363 -56.363237
vn 78.312141 26.275363 -56.363237
vn 79.340724 26.038464 -55.018614
vn 79.340724 26.038464 -55.018614
vn 79.340724 26.038464 -55.018614
vn 94.571215 29.260449 14.146104
vn 94.571215 29.260449 14.146104
vn 94.571215 29.260449 14.146104
vn 42.778532 -71.084737 55.829727
vn 42.778532 -71.084737 55.829727
vn 42.778532 -71.084737 55.829727
vn 17.557020 -90.083204 39.708551
vn 17.557020 -90.083204 39.708551
vn 17.557020 -90.083204 39.708551
vn 89.455362 36.235983 -26.166635
vn 89.455362 36.235983 -26.166635
vn 89.455362 36.235983 -26.166635
vn -50.182781 -47.200395 72.483187
vn -50.182781 -47.200395 72.483187
vn -50.182781 -47.200395 72.483187
vn -1.299986 -37.152261 -92.833294
vn -1.299986 -37.152261 -92.833294
vn -1.299986 -37.152261 -92.833294
vn -28.826789 -38.406991 87.714996
vn -28.826789 -38.406991 87.714996
vn -28.826789 -38.406991 87.714996
vn 88.485007 11.790361 45.070966
vn 88.485007 11.790361 45.070966
vn 88.485007 11.790361 45.070966
vn -98.694831 -2.488814 -15.910317
vn -98.694831 -2.488814 -15.910317
vn -98.694831 -2.488814 -15.910317
vn 67.973340 -28.721139 -67.488681
vn 67.973340 -28.721139 -67.488681
vn 67.973340 -28.721139 -67.488681
vn 25.353070 -60.430212 75.534181
vn 25.353070 -60.430212 75.534181
vn 25.353070 -60.430212 75.534181
vn 4.694176 3.282508 -99.835816
vn 4.694176 3.282508 -99.835816
vn 4.694176 3.282508 -99.835816
vn -74.566162 -23.563390 62.327007
vn -74.566162 -23.563390 62.327007
vn -74.566162 -23.563390 62.327007
vn -42.740133 -45.807373 -77.942062
vn -42.740133 -45.807373 -77.942062
vn -42.740133 -45.807373 -77.942062
vn -60.632734 11.416812 -78.697714
vn -60.632734 11.416812 -78.697714
vn -60.632734 11.416812 -78.697714
vn 54.969546 63.232874 54.588950
vn 54.969546 63.232874 54.588950
vn 54.969546 63.232874 54.588950
vn -18.624984 -49.944083 84.609097
vn -18.624984 -49.944083 84.609097
vn -18.624984 -49.944083 84.609097
vn 9.365841 35.228595 93.119433
vn 9.365841 35.228595 93.119433
vn 9.365841 35.228595 93.119433
vn 78.914369 -14.763676 59.620101
vn 78.914369 -14.763676 59.620101
vn 78.914369 -14.763676 59.620101
vn 81.456502 -41.224238 40.809335
vn 81.456502 -41.224238 40.809335
vn 81.456502 -41.224238 40.809335
vn 65.340568 -63.539759 41.149845
vn 65.340568 -63.539759 41.149845
vn 65.340568 -63.539759 41.149845
vn 34.863092 35.563417 -86.716837
vn 34.863092 35.563417 -86.716837
vn 34.863092 35.563417 -86.716837
vn 76.183176 0.963899 64.770329
vn 76.183176 0.963899 64.770329
vn 76.183176 0.963899 64.770329
vn 45.707196 27.747822 -84.503921
vn 45.707196 27.747822 -84.503921
vn 45.707196 27.747822 -84.503921
vn -46.874607 34.189200 81.448581
vn -46.874607 34.189200 81.448581
vn -46.874607 34.189200 81.448581
vn -15.295887 25.872282 -95.376413
vn -15.295887 25.872282 -95.376413
vn -15.295887 25.872282 -95.376413
vn -18.509793 -73.672959 65.036016
vn -18.509793 -73.672959 65.036016
vn -18.509793 -73.672959 65.036016
vn -67.495162 31.016708 66.950494
vn -67.495162 31.016708 66.950494
vn -67.495162 31.016708 66.950494
vn 1.356907 28.836729 -95.742376
vn 1.356907 28.836729 -95.742376
vn 1.356907 28.836729 -95.742376
vn 72.318867 1.348835 -69.051893
vn 72.318867 1.348835 -69.051893
vn 72.318867 1.348835 -69.051893
vn 58.787881 18.758812 78.689856
vn 58.787881 18.758812 78.689856
vn 58.787881 18.758812 78.689856
vn -49.798820 -82.518485 26.660415
vn -49.798820 -82.518485 26.660415
vn -49.798820 -82.518485 26.660415
vn 12.827600 -3.332951 -99.117826
vn 12.827600 -3.332951 -99.117826
vn 12.827600 -3.332951 -99.117826
vn -23.872044 85.800226 45.480194
vn -23.872044 85.800226 45.480194
vn -23.872044 85.800226 45.480194
vn -70.599323 -8.457501 70.315063
vn -70.599323 -8.457501 70.315063
vn -70.599323 -8.457501 70.315063
vn -92.415753 -11.240396 -36.510048
vn -92.415753 -11.240396 -36.510048
vn -92.415753 -11.240396 -36.510048
vn 4.048792 -56.123362 82.666650
vn 4.048792 -56.123362 82.666650
vn 4.048792 -56.123362 82.666650
vn 84.360966 -8.238957 53.059858
vn 84.360966 -8.238957 53.059858
vn 84.360966 -8.238957 53.059858
vn 36.236339 -45.542575 -81.319136
vn 36.236339 -45.542575 -81.319136
vn 36.236339 -45.542575 -81.319136
vn 22.604449 -65.571104 -72.037978
vn 22.604449 -65.571104 -72.037978
vn 22.604449 -65.571104 -72.037978
vn -36.329328 -47.185119 80.335211
vn -36.329328 -47.185119 80.335211
vn -36.329328 -47.185119 80.335211
vn 46.352293 12.689082 -87.695226
vn 46.352293 12.689082 -87.695226
vn 46.352293 12.689082 -87.695226
vn 43.457193 15.795458 -88.667796
vn 43.457193 15.795458 -88.667796
vn 43.457193 15.795458 -88.667796
vn 84.149680 9.943775 -53.103234
vn 84.149680 9.943775 -53.103234
vn 84.149680 9.943775 -53.103234
vn 87.811484 5.842907 -47.486889
vn 87.811484 5.842907 -47.486889
vn 87.811484 5.842907 -47.486889
vn 49.883414 72.558231 -47.401992
vn 49.883414 72.558231 -47.401992
vn 49.883414 72.558231 -47.401992
vn -18.111376 -98.337201 1.331985
vn -18.111376 -98.337201 1.331985
vn -18.111376 -98.337201 1.331985
vn -18.112834 -98.342816 0.785618
vn -18.112834 -98.342816 0.785618
vn -18.112834 -98.342816 0.785618
vn -18.831992 -98.167858 2.903357
vn -18.831992 -98.167858 2.903357
vn -18.831992 -98.167858 2.903357
vn 41.521137 14.818557 -89.757495
vn 41.521137 14.818557 -89.757495
vn 41.521137 14.818557 -89.757495
vn 15.360101 29.039170 94.449959
vn 15.360101 29.039170 94.449959
vn 15.360101 29.039170 94.449959
vn 92.896004 8.643556 -35.994756
vn 92.896004 8.643556 -35.994756
vn 92.896004 8.643556 -35.994756
vn 60.720677 -78.987988 -8.596483
vn 60.720677 -78.987988 -8.596483
vn 60.720677 -78.987988 -8.596483
vn -85.336859 -40.660781 32.623946
vn -85.336859 -40.660781 32.623946
vn -85.336859 -40.660781 32.623946
vn 33.154590 -54.848613 76.761988
vn 33.154590 -54.848613 76.761988
vn 33.154590 -54.848613 76.761988
vn -97.739481 -20.646883 4.549935
vn -97.739481 -20.646883 4.549935
vn -97.739481 -20.646883 4.549935
vn 62.564084 49.408461 60.370037
vn 62.564084 49.408461 60.370037
vn 62.564084 49.408461 60.370037
vn 93.498238 14.585074 32.331986
vn 93.498238 14.585074 32.331986
vn 93.498238 14.585074 32.331986
vn -65.795084 -52.143792 54.332621
vn -65.795084 -52.143792 54.332621
vn -65.795084 -52.143792 54.332621
vn 47.093680 -70.203692 53.419357
vn 47.093680 -70.203692 53.419357
vn 47.093680 -70.203692 53.419357
vn 22.681934 -74.907067 62.245183
vn 22.681934 -74.907067 62.245183
vn 22.681934 -74.907067 62.245183
vn -66.477116 13.555151 73.464626
vn -66.477116 13.555151 73.464626
vn -66.477116 13.555151 73.464626
vn 81.034996 33.066324 48.373026
vn 81.034996 33.066324 48.373026
vn 81.034996 33.066324 48.373026
vn 89.256396 8.799245 -44.225209
vn 89.256396 8.799245 -44.225209
vn 89.256396 8.799245 -44.225209
vn -84.683202 -9.879665 -52.260390
vn -84.683202 -9.879665 -52.260390
vn -84.683202 -9.879665 -52.260390
vn -40.231633 -89.142105 -20.859104
vn -40.231633 -89.142105 -20.859104
vn -40.231633 -89.142105 -20.859104
vn -50.541281 -86.287754 -0.050578
vn -50.541281 -86.287754 -0.050578
vn -50.541281 -86.287754 -0.050578
vn 81.287889 -12.697655 56.842317
vn 81.287889 -12.697655 56.842317
vn 81.287889 -12.697655 56.842317
vn 81.418888 13.764663 56.404770
vn 81.418888 13.764663 56.404770
vn 81.418888 13.764663 56.404770
vn 21.006024 6.792089 97.532629
vn 21.006024 6.792089 97.532629
vn 21.006024 6.792089 97.532629
vn 21.129110 6.763680 97.508029
vn 21.129110 6.763680 97.508029
vn 21.129110 6.763680 97.508029
vn 6.604864 77.570693 -62.762755
vn 6.604864 77.570693 -62.762755
vn 6.604864 77.570693 -62.762755
vn 55.222857 -74.267303 -37.878811
vn 55.222857 -74.267303 -37.878811
vn 55.222857 -74.267303 -37.878811
vn 99.445092 -6.917317 -7.926239
vn 99.445092 -6.917317 -7.926239
vn 99.445092 -6.917317 -7.926239
vn 24.617722 88.664914 39.147170
vn 24.617722 88.664914 39.147170
vn 24.617722 88.664914 39.147170
vn -74.855595 65.929822 7.063922
vn -74.855595 65.929822 7.063922
vn -74.855595 65.929822 7.063922
vn 60.506582 -17.965291 -77.564176
vn 60.506582 -17.965291 -77.564176
vn 60.506582 -17.965291 -77.564176
vn -80.448039 50.672336 30.990769
vn -80.448039 50.672336 30.990769
vn -80.448039 50.672336 30.990769
vn 98.724519 11.072034 11.440262
vn 98.724519 11.072034 11.440262
vn 98.724519 11.072034 11.440262
vn 17.996811 -17.532066 -96.792267
vn 17.996811 -17.532066 -96.792267
vn 17.996811 -17.532066 -96.792267
vn -80.019539 15.876729 -57.834287
vn -80.019539 15.876729 -57.834287
vn -80.019539 15.876729 -57.834287
vn 73.461679 -38.310328 -55.997345
vn 73.461679 -38.310328 -55.997345
vn 73.461679 -38.310328 -55.997345
vn 81.137088 -44.483473 -37.920898
vn 81.137088 -44.483473 -37.920898
vn 81.137088 -44.483473 -37.920898
vn -30.640231 -33.979988 -88.918708
vn -30.640231 -33.979988 -88.918708
vn -30.640231 -33.979988 -88.918708
vn 41.274568 14.121489 89.983303
vn 41.274568 14.121489 89.983303
vn 41.274568 14.121489 89.983303
vn -96.317345 24.386239 11.326077
vn -96.317345 24.386239 11.326077
vn -96.317345 24.386239 11.326077
vn -80.705424 36.151963 -46.686942
vn -80.705424 36.151963 -46.686942
vn -80.705424 36.151963 -46.686942
vn 45.809755 -18.697071 -86.901597
vn 45.809755 -18.697071 -86.901597
vn 45.809755 -18.697071 -86.901597
vn 31.515195 -67.860304 -66.345856
vn 31.515195 -67.860304 -66.345856
vn 31.515195 -67.860304 -66.345856
vn 33.768659 -6.474865 -93.902905
vn 33.768659 -6.474865 -93.902905
vn 33.768659 -6.474865 -93.902905
vn 32.429098 -47.855057 81.598089
vn 32.429098 -47.855057 81.598089
vn 32.429098 -47.855057 81.598089
vn 83.848330 -10.404645 53.490204
vn 83.848330 -10.404645 53.490204
vn 83.848330 -10.404645 53.490204
vn 80.163903 -6.873297 59.384412
vn 80.163903 -6.873297 59.384412
vn 80.163903 -6.873297 59.384412
vn 86.990418 -9.717246 48.355376
vn 86.990418 -9.717246 48.355376
vn 86.990418 -9.717246 48.355376
vn -56.347773 27.436020 -77.924282
vn -56.347773 27.436020 -77.924282
vn -56.347773 27.436020 -77.924282
vn 5.543326 -40.012409 -91.478297
vn 5.543326 -40.012409 -91.478297
vn 5.543326 -40.012409 -91.478297
vn -36.865839 -12.626696 -92.094934
vn -36.865839 -12.626696 -92.094934
vn -36.865839 -12.626696 -92.094934
vn -72.253081 7.822381 -68.689901
vn -72.253081 7.822381 -68.689901
vn -72.253081 7.822381 -68.689901
vn -85.083794 -47.498005 22.465240
vn -85.083794 -47.498005 22.465240
vn -85.083794 -47.498005 22.465240
f 1//1 2//2 3//3
f 4//4 5//5 6//6
f 7//7 8//8 9//9
f 10//10 11//11 12//12
f 13//13 14//14 15//15
f 16//16 17//17 18//18
f 19//19 20//20 21//21
f 22//22 23//23 24//24
f 25//25 26//26 27//27
f 28//28 29//29 30//30
f 31//31 32//32 33//33
f 34//34 35//35 36//36
f 37//37 38//38 39//39
f 40//40 41//41 42//42
f 43//43 44//44 45//45
f 46//46 47//47 48//48
f 49//49 50//50 51//51
f 52//52 53//53 54//54
f 55//55 56//56 57//57
f 58//58 59//59 60//60
f 61//61 62//62 63//63
f 64//64 65//65 66//66
f 67//67 68//68 69//69
f 70//70 71//71 72//72
f 73//73 74//74 75//75
f 76//76 77//77 78//78
f 79//79 80//80 81//81
f 82//82 83//83 84//84
f 85//85 86//86 87//87
f 88//88 89//89 90//90
f 91//91 92//92 93//93
f 94//94 95//95 96//96
f 97//97 98//98 99//99
f 100//100 101//101 102//102
f 103//103 104//104 105//105
f 106//106 107//107 108//108
f 109//109 110//110 111//111
f 112//112 113//113 114//114
f 115//115 116//116 117//117
f 118//118 119//119 120//120
f 121//121 122//122 123//123
f 124//124 125//125 126//126
f 127//127 128//128 129//129
f 130//130 131//131 132//132
f 133//133 134//134 135//135
f 136//136 137//137 138//138
f 139//139 140//140 141//141
f 142//142 143//143 144//144
f 145//145 146//146 147//147
f 148//148 149//149 150//150
f 151//151 152//152 153//153
f 154//154 155//155 156//156
f 157//157 158//158 159//159
f 160//160 161//161 162//162
f 163//163 164//164 165//165
f 166//166 167//167 168//168
f 169//169 170//170 171//171
f 172//172 173//173 174//174
f 175//175 176//176 177//177
f 178//178 179//179 180//180
f 181//181 182//182 183//183
f 184//184 185//185 186//186
f 187//187 188//188 189//189
f 190//190 191//191 192//192
f 193//193 194//194 195//195
f 196//196 197//197 198//198
f 199//199 200//200 201//201
f 202//202 203//203 204//204
f 205//205 206//206 207//207
f 208//208 209//209 210//210
f 211//211 212//212 213//213
f 214//214 215//215 216//216
f 217//217 218//218 219//219
f 220//220 221//221 222//222
f 223//223 224//224 225//225
f 226//226 227//227 228//228
f 229//229 230//230 231//231
f 232//232 233//233 234//234
f 235//235 236//236 237//237
f 238//238 239//239 240//240
f 241//241 242//242 243//243
f 244//244 245//245 246//246
f 247//247 248//248 249//249
f 250//250 251//251 252//252
f 253//253 254//254 255//255
f 256//256 257//257 258//258
f 259//259 260//260 261//261
f 262//262 263//263 264//264
f 265//265 266//266 267//267
f 268//268 269//269 270//270
f 271//271 272//272 273//273
f 274//274 275//275 276//276
f 277//277 278//278 279//279
f 280//280 281//281 282//282
f 283//283 284//284 285//285
f 286//286 287//287 288//288
f 289//289 290//290 291//291
f 292//292 293//293 294//294
f 295//295 296//296 297//297
f 298//298 299//299 300//300
f 301//301 302//302 303//303
f 304//304 305//305 306//306
f 307//307 308//308 309//309
f 310//310 311//311 312//312
f 313//313 314//314 315//315
f 316//316 317//317 318//318
f 319//319 320//320 321//321
f 322//322 323//323 324//324
f 325//325 326//326 327//327
f 328//328 329//329 330//330
f 331//331 332//332 333//333
f 334//334 335//335 336//336
f 337//337 338//338 339//339
f 340//340 341//341 342//342
f 343//343 344//344 345//345
f 346//346 347//347 348//348
f 349//349 350//350 351//351
f 352//352 353//353 354//354
f 355//355 356//356 357//357
f 358//358 359//359 360//360
f 361//361 362//362 363//363
f 364//364 365//365 366//366
f 367//367 368//368 369//369
f 370//370 371//371 372//372
f 373//373 374//374 375//375
f 376//376 377//377 378//378
f 379//379 380//380 381//381
f 382//382 383//383 384//384
f 385//385 386//386 387//387
f 388//388 389//389 390//390
f 391//391 392//392 393//393
f 394//394 395//395 396//396
f 397//397 398//398 399//399
f 400//400 401//401 402//402
f 403//403 404//404 405//405
f 406//406 407//407 408//408
f 409//409 410//410 411//411
f 412//412 413//413 414//414
f 415//415 416//416 417//417
f 418//418 419//419 420//420
f 421//421 422//422 423//423
f 424//424 425//425 426//426
f 427//427 428//428 429//429
f 430//430 431//431 432//432
f 433//433 434//434 435//435
f 436//436 437//437 438//438
f 439//439 440//440 441//441
f 442//442 443//443 444//444
f 445//445 446//446 447//447
f 448//448 449//449 450//450
f 451//451 452//452 453//453
f 454//454 455//455 456//456
f 457//457 458//458 459//459
f 460//460 461//461 462//462
f 463//463 464//464 465//465
f 466//466 467//467 468//468
f 469//469 470//470 471//471
f 472//472 473//473 474//474
f 475//475 476//476 477//477
f 478//478 479//479 480//480
f 481//481 482//482 483//483
f 484//484 485//485 486//486
f 487//487 488//488 489//489
f 490//490 491//491 492//492
f 493//493 494//494 495//495
f 496//496 497//497 498//498
f 499//499 500//500 501//501
f 502//502 503//503 504//504
f 505//505 506//506 507//507
f 508//508 509//509 510//510
f 511//511 512//512 513//513
f 514//514 515//515 516//516
f 517//517 518//518 519//519
f 520//520 521//521 522//522
f 523//523 524//524 525//525
f 526//526 527//527 528//528
f 529//529 530//530 531//531
f 532//532 533//533 534//534
f 535//535 536//536 537//537
f 538//538 539//539 540//540
f 541//541 542//542 543//543
f 544//544 545//545 546//546
f 547//547 548//548 549//549
f 550//550 551//551 552//552
f 553//553 554//554 555//555
f 556//556 557//557 558//558
f 559//559 560//560 561//561
f 562//562 563//563 564//564
f 565//565 566//566 567//567
f 568//568 569//569 570//570
f 571//571 572//572 573//573
f 574//574 575//575 576//576
f 577//577 578//578 579//579
f 580//580 581//581 582//582
f 583//583 584//584 585//585
f 586//586 587//587 588//588
f 589//589 590//590 591//591
f 592//592 593//593 594//594
f 595//595 596//596 597//597
f 598//598 599//599 600//600
f 601//601 602//602 603//603
f 604//604 605//605 606//606
f 607//607 608//608 609//609
f 610//610 611//611 612//612
f 613//613 614//614 615//615
f 616//616 617//617 618//618
f 619//619 620//620 621//621
f 622//622 623//623 624//624
f 625//625 626//626 627//627
f 628//628 629//629 630//630
f 631//631 632//632 633//633
f 634//634 635//635 636//636
f 637//637 638//638 639//639
f 640//640 641//641 642//642
f 643//643 644//644 645//645
f 646//646 647//647 648//648
f 649//649 650//650 651//651
f 652//652 653//653 654//654
f 655//655 656//656 657//657
f 658//658 659//659 660//660
f 661//661 662//662 663//663
f 664//664 665//665 666//666
f 667//667 668//668 669//669
f 670//670 671//671 672//672
f 673//673 674//674 675//675
f 676//676 677//677 678//678
f 679//679 680//680 681//681
f 682//682 683//683 684//684
f 685//685 686//686 687//687
f 688//688 689//689 690//690
f 691//691 692//692 693//693
f 694//694 695//695 696//696
f 697//697 698//698 699//699
f 700//700 701//701 702//702
f 703//703 704//704 705//705
f 706//706 707//707 708//708
f 709//709 710//710 711//711
f 712//712 713//713 714//714
f 715//715 716//716 717//717
f 718//718 719//719 720//720
f 721//721 722//722 723//723
f 724//724 725//725 726//726
f 727//727 728//728 729//729
f 730//730 731//731 732//732
f 733//733 734//734 735//735
f 736//736 737//737 738//738
f 739//739 740//740 741//741
f 742//742 743//743 744//744
f 745//745 746//746 747//747
f 748//748 749//749 750//750
f 751//751 752//752 753//753
f 754//754 755//755 756//756
f 757//757 758//758 759//759
f 760//760 761//761 762//762
f 763//763 764//764 765//765
f 766//766 767//767 768//768
f 769//769 770//770 771//771
f 772//772 773//773 774//774
f 775//775 776//776 777//777
f 778//778 779//779 780//780
f 781//781 782//782 783//783
f 784//784 785//785 786//786
f 787//787 788//788 789//789
f 790//790 791//791 792//792
f 793//793 794//794 795//795
f 796//796 797//797 798//798
f 799//799 800//800 801//801
f 802//802 803//803 804//804
f 805//805 806//806 807//807
f 808//808 809//809 810//810
f 811//811 812//812 813//813
f 814//814 815//815 816//816
f 817//817 818//818 819//819
f 820//820 821//821 822//822
f 823//823 824//824 825//825
f 826//826 827//827 828//828
f 829//829 830//830 831//831
f 832//832 833//833 834//834
f 835//835 836//836 837//837
f 838//838 839//839 840//840
f 841//841 842//842 843//843
f 844//844 845//845 846//846
f 847//847 848//848 849//849
f 850//850 851//851 852//852
f 853//853 854//854 855//855
f 856//856 857//857 858//858
f 859//859 860//860 861//861
f 862//862 863//863 864//864
f 865//865 866//866 867//867
f 868//868 869//869 870//870
f 871//871 872//872 873//873
f 874//874 875//875 876//876
f 877//877 878//878 879//879
f 880//880 881//881 882//882
f 883//883 884//884 885//885
f 886//886 887//887 888//888
f 889//889 890//890 891//891
f 892//892 893//893 894//894
f 895//895 896//896 897//897
f 898//898 899//899 900//900
f 901//901 902//902 903//903
f 904//904 905//905 906//906
f 907//907 908//908 909//909
f 910//910 911//911 912//912
f 913//913 914//914 915//915
f 916//916 917//917 918//918
f 919//919 920//920 921//921
f 922//922 923//923 924//924
f 925//925 926//926 927//927
f 928//928 929//929 930//930
f 931//931 932//932 933//933
f 934//934 935//935 936//936
f 937//937 938//938 939//939
f 940//940 941//941 942//942
f 943//943 944//944 945//945
f 946//946 947//947 948//948
f 949//949 950//950 951//951
f 952//952 953//953 954//954
f 955//955 956//956 957//957
f 958//958 959//959 960//960
f 961//961 962//962 963//963
f 964//964 965//965 966//966
f 967//967 968//968 969//969
f 970//970 971//971 972//972
f 973//973 974//974 975//975
f 976//976 977//977 978//978
f 979//979 980//980 981//981
f 982//982 983//983 984//984
f 985//985 986//986 987//987
f 988//988 989//989 990//990
f 991//991 992//992 993//993
f 994//994 995//995 996//996
f 997//997 998//998 999//999
f 1000//1000 1001//1001 1002//1002
f 1003//1003 1004//1004 1005//1005
f 1006//1006 1007//1007 1008//1008
f 1009//1009 1010//1010 1011//1011
f 1012//1012 1013//1013 1014//1014
f 1015//1015 1016//1016 1017//1017
f 1018//1018 1019//1019 1020//1020
f 1021//1021 1022//1022 1023//1023
f 1024//1024 1025//1025 1026//1026
f 1027//1027 1028//1028 1029//1029
f 1030//1030 1031//1031 1032//1032
f 1033//1033 1034//1034 1035//1035
f 1036//1036 1037//1037 1038//1038
f 1039//1039 1040//1040 1041//1041
f 1042//1042 1043//1043 1044//1044
f 1045//1045 1046//1046 1047//1047
f 1048//1048 1049//1049 1050//1050
f 1051//1051 1052//1052 1053//1053
f 1054//1054 1055//1055 1056//1056
f 1057//1057 1058//1058 1059//1059
f 1060//1060 1061//1061 1062//1062
f 1063//1063 1064//1064 1065//1065
f 1066//1066 1067//1067 1068//1068
f 1069//1069 1070//1070 1071//1071
f 1072//1072 1073//1073 1074//1074
f 1075//1075 1076//1076 1077//1077
f 1078//1078 1079//1079 1080//1080
f 1081//1081 1082//1082 1083//1083
f 1084//1084 1085//1085 1086//1086
f 1087//1087 1088//1088 1089//1089
f 1090//1090 1091//1091 1092//1092
f 1093//1093 1094//1094 1095//1095
f 1096//1096 1097//1097 1098//1098
f 1099//1099 1100//1100 1101//1101
f 1102//1102 1103//1103 1104//1104
f 1105//1105 1106//1106 1107//1107
f 1108//1108 1109//1109 1110//1110
f 1111//1111 1112//1112 1113//1113
f 1114//1114 1115//1115 1116//1116
f 1117//1117 1118//1118 1119//1119
f 1120//1120 1121//1121 1122//1122
f 1123//1123 1124//1124 1125//1125
f 1126//1126 1127//1127 1128//1128
f 1129//1129 1130//1130 1131//1131
f 1132//1132 1133//1133 1134//1134
f 1135//1135 1136//1136 1137//1137
f 1138//1138 1139//1139 1140//1140
f 1141//1141 1142//1142 1143//1143
f 1144//1144 1145//1145 1146//1146
f 1147//1147 1148//1148 1149//1149
f 1150//1150 1151//1151 1152//1152
f 1153//1153 1154//1154 1155//1155
f 1156//1156 1157//1157 1158//1158
f 1159//1159 1160//1160 1161//1161
f 1162//1162 1163//1163 1164//1164
f 1165//1165 1166//1166 1167//1167
f 1168//1168 1169//1169 1170//1170
f 1171//1171 1172//1172 1173//1173
f 1174//1174 1175//1175 1176//1176
f 1177//1177 1178//1178 1179//1179
f 1180//1180 1181//1181 1182//1182
f 1183//1183 1184//1184 1185//1185
f 1186//1186 1187//1187 1188//1188
f 1189//1189 1190//1190 1191//1191
f 1192//1192 1193//1193 1194//1194
f 1195//1195 1196//1196 1197//1197
f 1198//1198 1199//1199 1200//1200
f 1201//1201 1202//1202 1203//1203
f 1204//1204 1205//1205 1206//1206
f 1207//1207 1208//1208 1209//1209
f 1210//1210 1211//1211 1212//1212
f 1213//1213 1214//1214 1215//1215
f 1216//1216 1217//1217 1218//1218
f 1219//1219 1220//1220 1221//1221
f 1222//1222 1223//1223 1224//1224
f 1225//1225 1226//1226 1227//1227
f 1228//1228 1229//1229 1230//1230
f 1231//1231 1232//1232 1233//1233
f 1234//1234 1235//1235 1236//1236
f 1237//1237 1238//1238 1239//1239
f 1240//1240 1241//1241 1242//1242
f 1243//1243 1244//1244 1245//1245
f 1246//1246 1247//1247 1248//1248
f 1249//1249 1250//1250 1251//1251
f 1252//1252 1253//1253 1254//1254
f 1255//1255 1256//1256 1257//1257
f 1258//1258 1259//1259 1260//1260
f 1261//1261 1262//1262 1263//1263
f 1264//1264 1265//1265 1266//1266
f 1267//1267 1268//1268 1269//1269
f 1270//1270 1271//1271 1272//1272
f 1273//1273 1274//1274 1275//1275
f 1276//1276 1277//1277 1278//1278
f 1279//1279 1280//1280 1281//1281
f 1282//1282 1283//1283 1284//1284
f 1285//1285 1286//1286 1287//1287
f 1288//1288 1289//1289 1290//1290
f 1291//1291 1292//1292 1293//1293
f 1294//1294 1295//1295 1296//1296
f 1297//1297 1298//1298 1299//1299
f 1300//1300 1301//1301 1302//1302
f 1303//1303 1304//1304 1305//1305
f 1306//1306 1307//1307 1308//1308
f 1309//1309 1310//1310 1311//1311
f 1312//1312 1313//1313 1314//1314
f 1315//1315 1316//1316 1317//1317
f 1318//1318 1319//1319 1320//1320
f 1321//1321 1322//1322 1323//1323
f 1324//1324 1325//1325 1326//1326
f 1327//1327 1328//1328 1329//1329
f 1330//1330 1331//1331 1332//1332
f 1333//1333 1334//1334 1335//1335
f 1336//1336 1337//1337 1338//1338
f 1339//1339 1340//1340 1341//1341
f 1342//1342 1343//1343 1344//1344
f 1345//1345 1346//1346 1347//1347
f 1348//1348 1349//1349 1350//1350
f 1351//1351 1352//1352 1353//1353
f 1354//1354 1355//1355 1356//1356
f 1357//1357 1358//1358 1359//1359
f 1360//1360 1361//1361 1362//1362
f 1363//1363 1364//1364 1365//1365
f 1366//1366 1367//1367 1368//1368
f 1369//1369 1370//1370 1371//1371
f 1372//1372 1373//1373 1374//1374
f 1375//1375 1376//1376 1377//1377
f 1378//1378 1379//1379 1380//1380
f 1381//1381 1382//1382 1383//1383
f 1384//1384 1385//1385 1386//1386
f 1387//1387 1388//1388 1389//1389
f 1390//1390 1391//1391 1392//1392
f 1393//1393 1394//1394 1395//1395
f 1396//1396 1397//1397 1398//1398
f 1399//1399 1400//1400 1401//1401
f 1402//1402 1403//1403 1404//1404
f 1405//1405 1406//1406 1407//1407
f 1408//1408 1409//1409 1410//1410
f 1411//1411 1412//1412 1413//1413
f 1414//1414 1415//1415 1416//1416
f 1417//1417 1418//1418 1419//1419
f 1420//1420 1421//1421 1422//1422
f 1423//1423 1424//1424 1425//1425
f 1426//1426 1427//1427 1428//1428
f 1429//1429 1430//1430 1431//1431
f 1432//1432 1433//1433 1434//1434
f 1435//1435 1436//1436 1437//1437
f 1438//1438 1439//1439 1440//1440
f 1441//1441 1442//1442 1443//1443
f 1444//1444 1445//1445 1446//1446
f 1447//1447 1448//1448 1449//1449
f 1450//1450 1451//1451 1452//1452
f 1453//1453 1454//1454 1455//1455
f 1456//1456 1457//1457 1458//1458
f 1459//1459 1460//1460 1461//1461
f 1462//1462 1463//1463 1464//1464
f 1465//1465 1466//1466 1467//1467
f 1468//1468 1469//1469 1470//1470
f 1471//1471 1472//1472 1473//1473
f 1474//1474 1475//1475 1476//1476
f 1477//1477 1478//1478 1479//1479
f 1480//1480 1481//1481 1482//1482
f 1483//1483 1484//1484 1485//1485
f 1486//1486 1487//1487 1488//1488
f 1489//1489 1490//1490 1491//1491
f 1492//1492 1493//1493 1494//1494
f 1495//1495 1496//1496 1497//1497
f 1498//1498 1499//1499 1500//1500
f 1501//1501 1502//1502 1503//1503
f 1504//1504 1505//1505 1506//1506
f 1507//1507 1508//1508 1509//1509
f 1510//1510 1511//1511 1512//1512
f 1513//1513 1514//1514 1515//1515
f 1516//1516 1517//1517 1518//1518
f 1519//1519 1520//1520 1521//1521
f 1522//1522 1523//1523 1524//1524
f 1525//1525 1526//1526 1527//1527
f 1528//1528 1529//1529 1530//1530
f 1531//1531 1532//1532 1533//1533
f 1534//1534 1535//1535 1536//1536
f 1537//1537 1538//1538 1539//1539
f 1540//1540 1541//1541 1542//1542
f 1543//1543 1544//1544 1545//1545
f 1546//1546 1547//1547 1548//1548
f 1549//1549 1550//1550 1551//1551
f 1552//1552 1553//1553 1554//1554
f 1555//1555 1556//1556 1557//1557
f 1558//1558 1559//1559 1560//1560
f 1561//1561 1562//1562 1563//1563
f 1564//1564 1565//1565 1566//1566
f 1567//1567 1568//1568 1569//1569
f 1570//1570 1571//1571 1572//1572
f 1573//1573 1574//1574 1575//1575
f 1576//1576 1577//1577 1578//1578
f 1579//1579 1580//1580 1581//1581
f 1582//1582 1583//1583 1584//1584
f 1585//1585 1586//1586 1587//1587
f 1588//1588 1589//1589 1590//1590
f 1591//1591 1592//1592 1593//1593
f 1594//1594 1595//1595 1596//1596
f 1597//1597 1598//1598 1599//1599
f 1600//1600 1601//1601 1602//1602
f 1603//1603 1604//1604 1605//1605
f 1606//1606 1607//1607 1608//1608
f 1609//1609 1610//1610 1611//1611
f 1612//1612 1613//1613 1614//1614
f 1615//1615 1616//1616 1617//1617
f 1618//1618 1619//1619 1620//1620
f 1621//1621 1622//1622 1623//1623
f 1624//1624 1625//1625 1626//1626
f 1627//1627 1628//1628 1629//1629
f 1630//1630 1631//1631 1632//1632
f 1633//1633 1634//1634 1635//1635
f 1636//1636 1637//1637 1638//1638
f 1639//1639 1640//1640 1641//1641
f 1642//1642 1643//1643 1644//1644
f 1645//1645 1646//1646 1647//1647
f 1648//1648 1649//1649 1650//1650
f 1651//1651 1652//1652 1653//1653
f 1654//1654 1655//1655 1656//1656
f 1657//1657 1658//1658 1659//1659
f 1660//1660 1661//1661 1662//1662
f 1663//1663 1664//1664 1665//1665
f 1666//1666 1667//1667 1668//1668
f 1669//1669 1670//1670 1671//1671
f 1672//1672 1673//1673 1674//1674
f 1675//1675 1676//1676 1677//1677
f 1678//1678 1679//1679 1680//1680
f 1681//1681 1682//1682 1683//1683
f 1684//1684 1685//1685 1686//1686
f 1687//1687 1688//1688 1689//1689
f 1690//1690 1691//1691 1692//1692
f 1693//1693 1694//1694 1695//1695
f 1696//1696 1697//1697 1698//1698
f 1699//1699 1700//1700 1701//1701
f 1702//1702 1703//1703 1704//1704
f 1705//1705 1706//1706 1707//1707
f 1708//1708 1709//1709 1710//1710
f 1711//1711 1712//1712 1713//1713
f 1714//1714 1715//1715 1716//1716
f 1717//1717 1718//1718 1719//1719
f 1720//1720 1721//1721 1722//1722
f 1723//1723 1724//1724 1725//1725
f 1726//1726 1727//1727 1728//1728
f 1729//1729 1730//1730 1731//1731
f 1732//1732 1733//1733 1734//1734
f 1735//1735 1736//1736 1737//1737
f 1738//1738 1739//1739 1740//1740
f 1741//1741 1742//1742 1743//1743
f 1744//1744 1745//1745 1746//1746
f 1747//1747 1748//1748 1749//1749
f 1750//1750 1751//1751 1752//1752
f 1753//1753 1754//1754 1755//1755
f 1756//1756 1757//1757 1758//1758
f 1759//1759 1760//1760 1761//1761
f 1762//1762 1763//1763 1764//1764
f 1765//1765 1766//1766 1767//1767
f 1768//1768 1769//1769 1770//1770
f 1771//1771 1772//1772 1773//1773
f 1774//1774 1775//1775 1776//1776
f 1777//1777 1778//1778 1779//1779
f 1780//1780 1781//1781 1782//1782
f 1783//1783 1784//1784 1785//1785
f 1786//1786 1787//1787 1788//1788
f 1789//1789 1790//1790 1791//1791
f 1792//1792 1793//1793 1794//1794
f 1795//1795 1796//1796 1797//1797
f 1798//1798 1799//1799 1800//1800
f 1801//1801 1802//1802 1803//1803
f 1804//1804 1805//1805 1806//1806
f 1807//1807 1808//1808 1809//1809
f 1810//1810 1811//1811 1812//1812
f 1813//1813 1814//1814 1815//1815
f 1816//1816 1817//1817 1818//1818
f 1819//1819 1820//1820 1821//1821
f 1822//1822 1823//1823 1824//1824
f 1825//1825 1826//1826 1827//1827
f 1828//1828 1829//1829 1830//1830
f 1831//1831 1832//1832 1833//1833
f 1834//1834 1835//1835 1836//1836
f 1837//1837 1838//1838 1839//1839
f 1840//1840 1841//1841 1842//1842
f 1843//1843 1844//1844 1845//1845
f 1846//1846 1847//1847 1848//1848
f 1849//1849 1850//1850 1851//1851
f 1852//1852 1853//1853 1854//1854
f 1855//1855 1856//1856 1857//1857
f 1858//1858 1859//1859 1860//1860
f 1861//1861 1862//1862 1863//1863
f 1864//1864 1865//1865 1866//1866
f 1867//1867 1868//1868 1869//1869
f 1870//1870 1871//1871 1872//1872
f 1873//1873 1874//1874 1875//1875
f 1876//1876 1877//1877 1878//1878
f 1879//1879 1880//1880 1881//1881
f 1882//1882 1883//1883 1884//1884
f 1885//1885 1886//1886 1887//1887
f 1888//1888 1889//1889 1890//1890
f 1891//1891 1892//1892 1893//1893
f 1894//1894 1895//1895 1896//1896
f 1897//1897 1898//1898 1899//1899
f 1900//1900 1901//1901 1902//1902
f 1903//1903 1904//1904 1905//1905
f 1906//1906 1907//1907 1908//1908
f 1909//1909 1910//1910 1911//1911
f 1912//1912 1913//1913 1914//1914
f 1915//1915 1916//1916 1917//1917
f 1918//1918 1919//1919 1920//1920
f 1921//1921 1922//1922 1923//1923
f 1924//1924 1925//1925 1926//1926
f 1927//1927 1928//1928 1929//1929
f 1930//1930 1931//1931 1932//1932
f 1933//1933 1934//1934 1935//1935
f 1936//1936 1937//1937 1938//1938
f 1939//1939 1940//1940 1941//1941
f 1942//1942 1943//1943 1944//1944
f 1945//1945 1946//1946 1947//1947
f 1948//1948 1949//1949 1950//1950
f 1951//1951 1952//1952 1953//1953
f 1954//1954 1955//1955 1956//1956
f 1957//1957 1958//1958 1959//1959
f 1960//1960 1961//1961 1962//1962
f 1963//1963 1964//1964 1965//1965
f 1966//1966 1967//1967 1968//1968
f 1969//1969 1970//1970 1971//1971
f 1972//1972 1973//1973 1974//1974
f 1975//1975 1976//1976 1977//1977
f 1978//1978 1979//1979 1980//1980
f 1981//1981 1982//1982 1983//1983
f 1984//1984 1985//1985 1986//1986
f 1987//1987 1988//1988 1989//1989
f 1990//1990 1991//1991 1992//1992
f 1993//1993 1994//1994 1995//1995
f 1996//1996 1997//1997 1998//1998
f 1999//1999 2000//2000 2001//2001
f 2002//2002 2003//2003 2004//2004
f 2005//2005 2006//2006 2007//2007
f 2008//2008 2009//2009 2010//2010
f 2011//2011 2012//2012 2013//2013
f 2014//2014 2015//2015 2016//2016
f 2017//2017 2018//2018 2019//2019
f 2020//2020 2021//2021 2022//2022
f 2023//2023 2024//2024 2025//2025
f 2026//2026 2027//2027 2028//2028
f 2029//2029 2030//2030 2031//2031
f 2032//2032 2033//2033 2034//2034
f 2035//2035 2036//2036 2037//2037
f 2038//2038 2039//2039 2040//2040
f 2041//2041 2042//2042 2043//2043
f 2044//2044 2045//2045 2046//2046
f 2047//2047 2048//2048 2049//2049
f 2050//2050 2051//2051 2052//2052
f 2053//2053 2054//2054 2055//2055
f 2056//2056 2057//2057 2058//2058
f 2059//2059 2060//2060 2061//2061
f 2062//2062 2063//2063 2064//2064
f 2065//2065 2066//2066 2067//2067
f 2068//2068 2069//2069 2070//2070
f 2071//2071 2072//2072 2073//2073
f 2074//2074 2075//2075 2076//2076
f 2077//2077 2078//2078 2079//2079
f 2080//2080 2081//2081 2082//2082
f 2083//2083 2084//2084 2085//2085
f 2086//2086 2087//2087 2088//2088
f 2089//2089 2090//2090 2091//2091
f 2092//2092 2093//2093 2094//2094
f 2095//2095 2096//2096 2097//2097
f 2098//2098 2099//2099 2100//2100
f 2101//2101 2102//2102 2103//2103
f 2104//2104 2105//2105 2106//2106
f 2107//2107 2108//2108 2109//2109
f 2110//2110 2111//2111 2112//2112
f 2113//2113 2114//2114 2115//2115
f 2116//2116 2117//2117 2118//2118
f 2119//2119 2120//2120 2121//2121
f 2122//2122 2123//2123 2124//2124
f 2125//2125 2126//2126 2127//2127
f 2128//2128 2129//2129 2130//2130
f 2131//2131 2132//2132 2133//2133
f 2134//2134 2135//2135 2136//2136
f 2137//2137 2138//2138 2139//2139
f 2140//2140 2141//2141 2142//2142
f 2143//2143 2144//2144 2145//2145
f 2146//2146 2147//2147 2148//2148
f 2149//2149 2150//2150 2151//2151
f 2152//2152 2153//2153 2154//2154
f 2155//2155 2156//2156 2157//2157
f 2158//2158 2159//2159 2160//2160
f 2161//2161 2162//2162 2163//2163
f 2164//2164 2165//2165 2166//2166
f 2167//2167 2168//2168 2169//2169
f 2170//2170 2171//2171 2172//2172
f 2173//2173 2174//2174 2175//2175
f 2176//2176 2177//2177 2178//2178
f 2179//2179 2180//2180 2181//2181
f 2182//2182 2183//2183 2184//2184
f 2185//2185 2186//2186 2187//2187
f 2188//2188 2189//2189 2190//2190
f 2191//2191 2192//2192 2193//2193
f 2194//2194 2195//2195 2196//2196
f 2197//2197 2198//2198 2199//2199
f 2200//2200 2201//2201 2202//2202
f 2203//2203 2204//2204 2205//2205
f 2206//2206 2207//2207 2208//2208
f 2209//2209 2210//2210 2211//2211
f 2212//2212 2213//2213 2214//2214
f 2215//2215 2216//2216 2217//2217
f 2218//2218 2219//2219 2220//2220
f 2221//2221 2222//2222 2223//2223
f 2224//2224 2225//2225 2226//2226
f 2227//2227 2228//2228 2229//2229
f 2230//2230 2231//2231 2232//2232
f 2233//2233 2234//2234 2235//2235
f 2236//2236 2237//2237 2238//2238
f 2239//2239 2240//2240 2241//2241
f 2242//2242 2243//2243 2244//2244
f 2245//2245 2246//2246 2247//2247
f 2248//2248 2249//2249 2250//2250
f 2251//2251 2252//2252 2253//2253
f 2254//2254 2255//2255 2256//2256
f 2257//2257 2258//2258 2259//2259
f 2260//2260 2261//2261 2262//2262
f 2263//2263 2264//2264 2265//2265
f 2266//2266 2267//2267 2268//2268
f 2269//2269 2270//2270 2271//2271
f 2272//2272 2273//2273 2274//2274
f 2275//2275 2276//2276 2277//2277
f 2278//2278 2279//2279 2280//2280
f 2281//2281 2282//2282 2283//2283
f 2284//2284 2285//2285 2286//2286
f 2287//2287 2288//2288 2289//2289
f 2290//2290 2291//2291 2292//2292
f 2293//2293 2294//2294 2295//2295
f 2296//2296 2297//2297 2298//2298
f 2299//2299 2300//2300 2301//2301
f 2302//2302 2303//2303 2304//2304
f 2305//2305 2306//2306 2307//2307
f 2308//2308 2309//2309 2310//2310
f 2311//2311 2312//2312 2313//2313
f 2314//2314 2315//2315 2316//2316
f 2317//2317 2318//2318 2319//2319
f 2320//2320 2321//2321 2322//2322
f 2323//2323 2324//2324 2325//2325
f 2326//2326 2327//2327 2328//2328
f 2329//2329 2330//2330 2331//2331
f 2332//2332 2333//2333 2334//2334
f 2335//2335 2336//2336 2337//2337
f 2338//2338 2339//2339 2340//2340
f 2341//2341 2342//2342 2343//2343
f 2344//2344 2345//2345 2346//2346
f 2347//2347 2348//2348 2349//2349
f 2350//2350 2351//2351 2352//2352
f 2353//2353 2354//2354 2355//2355
f 2356//2356 2357//2357 2358//2358
f 2359//2359 2360//2360 2361//2361
f 2362//2362 2363//2363 2364//2364
f 2365//2365 2366//2366 2367//2367
f 2368//2368 2369//2369 2370//2370
f 2371//2371 2372//2372 2373//2373
f 2374//2374 2375//2375 2376//2376
f 2377//2377 2378//2378 2379//2379
f 2380//2380 2381//2381 2382//2382
f 2383//2383 2384//2384 2385//2385
f 2386//2386 2387//2387 2388//2388
f 2389//2389 2390//2390 2391//2391
f 2392//2392 2393//2393 2394//2394
f 2395//2395 2396//2396 2397//2397
f 2398//2398 2399//2399 2400//2400
f 2401//2401 2402//2402 2403//2403
f 2404//2404 2405//2405 2406//2406
f 2407//2407 2408//2408 2409//2409
f 2410//2410 2411//2411 2412//2412
f 2413//2413 2414//2414 2415//2415
f 2416//2416 2417//2417 2418//2418
f 2419//2419 2420//2420 2421//2421
f 2422//2422 2423//2423 2424//2424
f 2425//2425 2426//2426 2427//2427
f 2428//2428 2429//2429 2430//2430
f 2431//2431 2432//2432 2433//2433
f 2434//2434 2435//2435 2436//2436
f 2437//2437 2438//2438 2439//2439
f 2440//2440 2441//2441 2442//2442
f 2443//2443 2444//2444 2445//2445
f 2446//2446 2447//2447 2448//2448
f 2449//2449 2450//2450 2451//2451
f 2452//2452 2453//2453 2454//2454
f 2455//2455 2456//2456 2457//2457
f 2458//2458 2459//2459 2460//2460
f 2461//2461 2462//2462 2463//2463
f 2464//2464 2465//2465 2466//2466
f 2467//2467 2468//2468 2469//2469
f 2470//2470 2471//2471 2472//2472
f 2473//2473 2474//2474 2475//2475
f 2476//2476 2477//2477 2478//2478
f 2479//2479 2480//2480 2481//2481
f 2482//2482 2483//2483 2484//2484
f 2485//2485 2486//2486 2487//2487
f 2488//2488 2489//2489 2490//2490
f 2491//2491 2492//2492 2493//2493
f 2494//2494 2495//2495 2496//2496
f 2497//2497 2498//2498 2499//2499
f 2500//2500 2501//2501 2502//2502
f 2503//2503 2504//2504 2505//2505
f 2506//2506 2507//2507 2508//2508
f 2509//2509 2510//2510 2511//2511
f 2512//2512 2513//2513 2514//2514
f 2515//2515 2516//2516 2517//2517
f 2518//2518 2519//2519 2520//2520
f 2521//2521 2522//2522 2523//2523
f 2524//2524 2525//2525 2526//2526
f 2527//2527 2528//2528 2529//2529
f 2530//2530 2531//2531 2532//2532
f 2533//2533 2534//2534 2535//2535
f 2536//2536 2537//2537 2538//2538
f 2539//2539 2540//2540 2541//2541
f 2542//2542 2543//2543 2544//2544
f 2545//2545 2546//2546 2547//2547
f 2548//2548 2549//2549 2550//2550
f 2551//2551 2552//2552 2553//2553
f 2554//2554 2555//2555 2556//2556
f 2557//2557 2558//2558 2559//2559
f 2560//2560 2561//2561 2562//2562
f 2563//2563 2564//2564 2565//2565
f 2566//2566 2567//2567 2568//2568
f 2569//2569 2570//2570 2571//2571
f 2572//2572 2573//2573 2574//2574
f 2575//2575 2576//2576 2577//2577
f 2578//2578 2579//2579 2580//2580
f 2581//2581 2582//2582 2583//2583
f 2584//2584 2585//2585 2586//2586
f 2587//2587 2588//2588 2589//2589
f 2590//2590 2591//2591 2592//2592
f 2593//2593 2594//2594 2595//2595
f 2596//2596 2597//2597 2598//2598
f 2599//2599 2600//2600 2601//2601
f 2602//2602 2603//2603 2604//2604
f 2605//2605 2606//2606 2607//2607
f 2608//2608 2609//2609 2610//2610
f 2611//2611 2612//2612 2613//2613
f 2614//2614 2615//2615 2616//2616
f 2617//2617 2618//2618 2619//2619
f 2620//2620 2621//2621 2622//2622
f 2623//2623 2624//2624 2625//2625
f 2626//2626 2627//2627 2628//2628
f 2629//2629 2630//2630 2631//2631
f 2632//2632 2633//2633 2634//2634
f 2635//2635 2636//2636 2637//2637
f 2638//2638 2639//2639 2640//2640
f 2641//2641 2642//2642 2643//2643
f 2644//2644 2645//2645 2646//2646
f 2647//2647 2648//2648 2649//2649
f 2650//2650 2651//2651 2652//2652
f 2653//2653 2654//2654 2655//2655
f 2656//2656 2657//2657 2658//2658
f 2659//2659 2660//2660 2661//2661
f 2662//2662 2663//2663 2664//2664
f 2665//2665 2666//2666 2667//2667
f 2668//2668 2669//2669 2670//2670
f 2671//2671 2672//2672 2673//2673
f 2674//2674 2675//2675 2676//2676
f 2677//2677 2678//2678 2679//2679
f 2680//2680 2681//2681 2682//2682
f 2683//2683 2684//2684 2685//2685
f 2686//2686 2687//2687 2688//2688
f 2689//2689 2690//2690 2691//2691
f 2692//2692 2693//2693 2694//2694
f 2695//2695 2696//2696 2697//2697
f 2698//2698 2699//2699 2700//2700
f 2701//2701 2702//2702 2703//2703
f 2704//2704 2705//2705 2706//2706
f 2707//2707 2708//2708 2709//2709
f 2710//2710 2711//2711 2712//2712
f 2713//2713 2714//2714 2715//2715
f 2716//2716 2717//2717 2718//2718
f 2719//2719 2720//2720 2721//2721
f 2722//2722 2723//2723 2724//2724
f 2725//2725 2726//2726 2727//2727
f 2728//2728 2729//2729 2730//2730
f 2731//2731 2732//2732 2733//2733
f 2734//2734 2735//2735 2736//2736
f 2737//2737 2738//2738 2739//2739
f 2740//2740 2741//2741 2742//2742
f 2743//2743 2744//2744 2745//2745
f 2746//2746 2747//2747 2748//2748
f 2749//2749 2750//2750 2751//2751
f 2752//2752 2753//2753 2754//2754
f 2755//2755 2756//2756 2757//2757
f 2758//2758 2759//2759 2760//2760
f 2761//2761 2762//2762 2763//2763
f 2764//2764 2765//2765 2766//2766
f 2767//2767 2768//2768 2769//2769
f 2770//2770 2771//2771 2772//2772
f 2773//2773 2774//2774 2775//2775
f 2776//2776 2777//2777 2778//2778
f 2779//2779 2780//2780 2781//2781
f 2782//2782 2783//2783 2784//2784
f 2785//2785 2786//2786 2787//2787
f 2788//2788 2789//2789 2790//2790
f 2791//2791 2792//2792 2793//2793
f 2794//2794 2795//2795 2796//2796
f 2797//2797 2798//2798 2799//2799
f 2800//2800 2801//2801 2802//2802
f 2803//2803 2804//2804 2805//2805
f 2806//2806 2807//2807 2808//2808
f 2809//2809 2810//2810 2811//2811
f 2812//2812 2813//2813 2814//2814
f 2815//2815 2816//2816 2817//2817
f 2818//2818 2819//2819 2820//2820
f 2821//2821 2822//2822 2823//2823
f 2824//2824 2825//2825 2826//2826
f 2827//2827 2828//2828 2829//2829
f 2830//2830 2831//2831 2832//2832
f 2833//2833 2834//2834 2835//2835
f 2836//2836 2837//2837 2838//2838
f 2839//2839 2840//2840 2841//2841
f 2842//2842 2843//2843 2844//2844
f 2845//2845 2846//2846 2847//2847
f 2848//2848 2849//2849 2850//2850
f 2851//2851 2852//2852 2853//2853
f 2854//2854 2855//2855 2856//2856
f 2857//2857 2858//2858 2859//2859
f 2860//2860 2861//2861 2862//2862
f 2863//2863 2864//2864 2865//2865
f 2866//2866 2867//2867 2868//2868
f 2869//2869 2870//2870 2871//2871
f 2872//2872 2873//2873 2874//2874
f 2875//2875 2876//2876 2877//2877
f 2878//2878 2879//2879 2880//2880
f 2881//2881 2882//2882 2883//2883
f 2884//2884 2885//2885 2886//2886
f 2887//2887 2888//2888 2889//2889
f 2890//2890 2891//2891 2892//2892
f 2893//2893 2894//2894 2895//2895
f 2896//2896 2897//2897 2898//2898
f 2899//2899 2900//2900 2901//2901
f 2902//2902 2903//2903 2904//2904
f 2905//2905 2906//2906 2907//2907
f 2908//2908 2909//2909 2910//2910
f 2911//2911 2912//2912 2913//2913
f 2914//2914 2915//2915 2916//2916
f 2917//2917 2918//2918 2919//2919
f 2920//2920 2921//2921 2922//2922
f 2923//2923 2924//2924 2925//2925
f 2926//2926 2927//2927 2928//2928
f 2929//2929 2930//2930 2931//2931
f 2932//2932 2933//2933 2934//2934
f 2935//2935 2936//2936 2937//2937
f 2938//2938 2939//2939 2940//2940
f 2941//2941 2942//2942 2943//2943
f 2944//2944 2945//2945 2946//2946
f 2947//2947 2948//2948 2949//2949
f 2950//2950 2951//2951 2952//2952
f 2953//2953 2954//2954 2955//2955
f 2956//2956 2957//2957 2958//2958
f 2959//2959 2960//2960 2961//2961
f 2962//2962 2963//2963 2964//2964
f 2965//2965 2966//2966 2967//2967
f 2968//2968 2969//2969 2970//2970
f 2971//2971 2972//2972 2973//2973
f 2974//2974 2975//2975 2976//2976
f 2977//2977 2978//2978 2979//2979
f 2980//2980 2981//2981 2982//2982
f 2983//2983 2984//2984 2985//2985
f 2986//2986 2987//2987 2988//2988
f 2989//2989 2990//2990 2991//2991
f 2992//2992 2993//2993 2994//2994
f 2995//2995 2996//2996 2997//2997
f 2998//2998 2999//2999 3000//3000
f 3001//3001 3002//3002 3003//3003
f 3004//3004 3005//3005 3006//3006
f 3007//3007 3008//3008 3009//3009
f 3010//3010 3011//3011 3012//3012
f 3013//3013 3014//3014 3015//3015
f 3016//3016 3017//3017 3018//3018
f 3019//3019 3020//3020 3021//3021
f 3022//3022 3023//3023 3024//3024
f 3025//3025 3026//3026 3027//3027
f 3028//3028 3029//3029 3030//3030
f 3031//3031 3032//3032 3033//3033
f 3034//3034 3035//3035 3036//3036
f 3037//3037 3038//3038 3039//3039
f 3040//3040 3041//3041 3042//3042
f 3043//3043 3044//3044 3045//3045
f 3046//3046 3047//3047 3048//3048
f 3049//3049 3050//3050 3051//3051
f 3052//3052 3053//3053 3054//3054
f 3055//3055 3056//3056 3057//3057
f 3058//3058 3059//3059 3060//3060
f 3061//3061 3062//3062 3063//3063
f 3064//3064 3065//3065 3066//3066
f 3067//3067 3068//3068 3069//3069
f 3070//3070 3071//3071 3072//3072
f 3073//3073 3074//3074 3075//3075
f 3076//3076 3077//3077 3078//3078
f 3079//3079 3080//3080 3081//3081
f 3082//3082 3083//3083 3084//3084
f 3085//3085 3086//3086 3087//3087
f 3088//3088 3089//3089 3090//3090
f 3091//3091 3092//3092 3093//3093
f 3094//3094 3095//3095 3096//3096
f 3097//3097 3098//3098 3099//3099
f 3100//3100 3101//3101 3102//3102
f 3103//3103 3104//3104 3105//3105
f 3106//3106 3107//3107 3108//3108
f 3109//3109 3110//3110 3111//3111
f 3112//3112 3113//3113 3114//3114
f 3115//3115 3116//3116 3117//3117
f 3118//3118 3119//3119 3120//3120
f 3121//3121 3122//3122 3123//3123
f 3124//3124 3125//3125 3126//3126
f 3127//3127 3128//3128 3129//3129
f 3130//3130 3131//3131 3132//3132
f 3133//3133 3134//3134 3135//3135
f 3136//3136 3137//3137 3138//3138
f 3139//3139 3140//3140 3141//3141
f 3142//3142 3143//3143 3144//3144
f 3145//3145 3146//3146 3147//3147
f 3148//3148 3149//3149 3150//3150
f 3151//3151 3152//3152 3153//3153
f 3154//3154 3155//3155 3156//3156
f 3157//3157 3158//3158 3159//3159
f 3160//3160 3161//3161 3162//3162
f 3163//3163 3164//3164 3165//3165
f 3166//3166 3167//3167 3168//3168
f 3169//3169 3170//3170 3171//3171
f 3172//3172 3173//3173 3174//3174
f 3175//3175 3176//3176 3177//3177
f 3178//3178 3179//3179 3180//3180
f 3181//3181 3182//3182 3183//3183
f 3184//3184 3185//3185 3186//3186
f 3187//3187 3188//3188 3189//3189
f 3190//3190 3191//3191 3192//3192
f 3193//3193 3194//3194 3195//3195
f 3196//3196 3197//3197 3198//3198
f 3199//3199 3200//3200 3201//3201
f 3202//3202 3203//3203 3204//3204
f 3205//3205 3206//3206 3207//3207
f 3208//3208 3209//3209 3210//3210
f 3211//3211 3212//3212 3213//3213
f 3214//3214 3215//3215 3216//3216
f 3217//3217 3218//3218 3219//3219
f 3220//3220 3221//3221 3222//3222
f 3223//3223 3224//3224 3225//3225
f 3226//3226 3227//3227 3228//3228
f 3229//3229 3230//3230 3231//3231
f 3232//3232 3233//3233 3234//3234
f 3235//3235 3236//3236 3237//3237
f 3238//3238 3239//3239 3240//3240
f 3241//3241 3242//3242 3243//3243
f 3244//3244 3245//3245 3246//3246
f 3247//3247 3248//3248 3249//3249
f 3250//3250 3251//3251 3252//3252
f 3253//3253 3254//3254 3255//3255
f 3256//3256 3257//3257 3258//3258
f 3259//3259 3260//3260 3261//3261
f 3262//3262 3263//3263 3264//3264
f 3265//3265 3266//3266 3267//3267
f 3268//3268 3269//3269 3270//3270
f 3271//3271 3272//3272 3273//3273
f 3274//3274 3275//3275 3276//3276
f 3277//3277 3278//3278 3279//3279
f 3280//3280 3281//3281 3282//3282
f 3283//3283 3284//3284 3285//3285
f 3286//3286 3287//3287 3288//3288
f 3289//3289 3290//3290 3291//3291
f 3292//3292 3293//3293 3294//3294
f 3295//3295 3296//3296 3297//3297
f 3298//3298 3299//3299 3300//3300
f 3301//3301 3302//3302 3303//3303
f 3304//3304 3305//3305 3306//3306
f 3307//3307 3308//3308 3309//3309
f 3310//3310 3311//3311 3312//3312
f 3313//3313 3314//3314 3315//3315
f 3316//3316 3317//3317 3318//3318
f 3319//3319 3320//3320 3321//3321
f 3322//3322 3323//3323 3324//3324
f 3325//3325 3326//3326 3327//3327
f 3328//3328 3329//3329 3330//3330
f 3331//3331 3332//3332 3333//3333
f 3334//3334 3335//3335 3336//3336
f 3337//3337 3338//3338 3339//3339
f 3340//3340 3341//3341 3342//3342
f 3343//3343 3344//3344 3345//3345
f 3346//3346 3347//3347 3348//3348
f 3349//3349 3350//3350 3351//3351
f 3352//3352 3353//3353 3354//3354
f 3355//3355 3356//3356 3357//3357
f 3358//3358 3359//3359 3360//3360
f 3361//3361 3362//3362 3363//3363
f 3364//3364 3365//3365 3366//3366
f 3367//3367 3368//3368 3369//3369
f 3370//3370 3371//3371 3372//3372
f 3373//3373 3374//3374 3375//3375
f 3376//3376 3377//3377 3378//3378
f 3379//3379 3380//3380 3381//3381
f 3382//3382 3383//3383 3384//3384
f 3385//3385 3386//3386 3387//3387
f 3388//3388 3389//3389 3390//3390
f 3391//3391 3392//3392 3393//3393
f 3394//3394 3395//3395 3396//3396
f 3397//3397 3398//3398 3399//3399
f 3400//3400 3401//3401 3402//3402
f 3403//3403 3404//3404 3405//3405
f 3406//3406 3407//3407 3408//3408
f 3409//3409 3410//3410 3411//3411
f 3412//3412 3413//3413 3414//3414
f 3415//3415 3416//3416 3417//3417
f 3418//3418 3419//3419 3420//3420
f 3421//3421 3422//3422 3423//3423
f 3424//3424 3425//3425 3426//3426
f 3427//3427 3428//3428 3429//3429
f 3430//3430 3431//3431 3432//3432
f 3433//3433 3434//3434 3435//3435
f 3436//3436 3437//3437 3438//3438
f 3439//3439 3440//3440 3441//3441
f 3442//3442 3443//3443 3444//3444
f 3445//3445 3446//3446 3447//3447
f 3448//3448 3449//3449 3450//3450
f 3451//3451 3452//3452 3453//3453
f 3454//3454 3455//3455 3456//3456
f 3457//3457 3458//3458 3459//3459
f 3460//3460 3461//3461 3462//3462
f 3463//3463 3464//3464 3465//3465
f 3466//3466 3467//3467 3468//3468
f 3469//3469 3470//3470 3471//3471
f 3472//3472 3473//3473 3474//3474
f 3475//3475 3476//3476 3477//3477
f 3478//3478 3479//3479 3480//3480
f 3481//3481 3482//3482 3483//3483
f 3484//3484 3485//3485 3486//3486
f 3487//3487 3488//3488 3489//3489
f 3490//3490 3491//3491 3492//3492
f 3493//3493 3494//3494 3495//3495
f 3496//3496 3497//3497 3498//3498
f 3499//3499 3500//3500 3501//3501
f 3502//3502 3503//3503 3504//3504
f 3505//3505 3506//3506 3507//3507
f 3508//3508 3509//3509 3510//3510
f 3511//3511 3512//3512 3513//3513
f 3514//3514 3515//3515 3516//3516
f 3517//3517 3518//3518 3519//3519
f 3520//3520 3521//3521 3522//3522
f 3523//3523 3524//3524 3525//3525
f 3526//3526 3527//3527 3528//3528
f 3529//3529 3530//3530 3531//3531
f 3532//3532 3533//3533 3534//3534
f 3535//3535 3536//3536 3537//3537
f 3538//3538 3539//3539 3540//3540
f 3541//3541 3542//3542 3543//3543
f 3544//3544 3545//3545 3546//3546
f 3547//3547 3548//3548 3549//3549
f 3550//3550 3551//3551 3552//3552
f 3553//3553 3554//3554 3555//3555
f 3556//3556 3557//3557 3558//3558
f 3559//3559 3560//3560 3561//3561
f 3562//3562 3563//3563 3564//3564
f 3565//3565 3566//3566 3567//3567
f 3568//3568 3569//3569 3570//3570
f 3571//3571 3572//3572 3573//3573
f 3574//3574 3575//3575 3576//3576
f 3577//3577 3578//3578 3579//3579
f 3580//3580 3581//3581 3582//3582
f 3583//3583 3584//3584 3585//3585
f 3586//3586 3587//3587 3588//3588
f 3589//3589 3590//3590 3591//3591
f 3592//3592 3593//3593 3594//3594
f 3595//3595 3596//3596 3597//3597
f 3598//3598 3599//3599 3600//3600
f 3601//3601 3602//3602 3603//3603
f 3604//3604 3605//3605 3606//3606
f 3607//3607 3608//3608 3609//3609
f 3610//3610 3611//3611 3612//3612
f 3613//3613 3614//3614 3615//3615
f 3616//3616 3617//3617 3618//3618
f 3619//3619 3620//3620 3621//3621
f 3622//3622 3623//3623 3624//3624
f 3625//3625 3626//3626 3627//3627
f 3628//3628 3629//3629 3630//3630
f 3631//3631 3632//3632 3633//3633
f 3634//3634 3635//3635 3636//3636
f 3637//3637 3638//3638 3639//3639
f 3640//3640 3641//3641 3642//3642
f 3643//3643 3644//3644 3645//3645
f 3646//3646 3647//3647 3648//3648
f 3649//3649 3650//3650 3651//3651
f 3652//3652 3653//3653 3654//3654
f 3655//3655 3656//3656 3657//3657
f 3658//3658 3659//3659 3660//3660
f 3661//3661 3662//3662 3663//3663
f 3664//3664 3665//3665 3666//3666
f 3667//3667 3668//3668 3669//3669
f 3670//3670 3671//3671 3672//3672
f 3673//3673 3674//3674 3675//3675
f 3676//3676 3677//3677 3678//3678
f 3679//3679 3680//3680 3681//3681
f 3682//3682 3683//3683 3684//3684
f 3685//3685 3686//3686 3687//3687
f 3688//3688 3689//3689 3690//3690
f 3691//3691 3692//3692 3693//3693
f 3694//3694 3695//3695 3696//3696
f 3697//3697 3698//3698 3699//3699
f 3700//3700 3701//3701 3702//3702
f 3703//3703 3704//3704 3705//3705
f 3706//3706 3707//3707 3708//3708
f 3709//3709 3710//3710 3711//3711
f 3712//3712 3713//3713 3714//3714
f 3715//3715 3716//3716 3717//3717
f 3718//3718 3719//3719 3720//3720
f 3721//3721 3722//3722 3723//3723
f 3724//3724 3725//3725 3726//3726
f 3727//3727 3728//3728 3729//3729
f 3730//3730 3731//3731 3732//3732
f 3733//3733 3734//3734 3735//3735
f 3736//3736 3737//3737 3738//3738
f 3739//3739 3740//3740 3741//3741
f 3742//3742 3743//3743 3744//3744
f 3745//3745 3746//3746 3747//3747
f 3748//3748 3749//3749 3750//3750
f 3751//3751 3752//3752 3753//3753
f 3754//3754 3755//3755 3756//3756
f 3757//3757 3758//3758 3759//3759
f 3760//3760 3761//3761 3762//3762
f 3763//3763 3764//3764 3765//3765
f 3766//3766 3767//3767 3768//3768
f 3769//3769 3770//3770 3771//3771
f 3772//3772 3773//3773 3774//3774
f 3775//3775 3776//3776 3777//3777
f 3778//3778 3779//3779 3780//3780
f 3781//3781 3782//3782 3783//3783
f 3784//3784 3785//3785 3786//3786
f 3787//3787 3788//3788 3789//3789
f 3790//3790 3791//3791 3792//3792
f 3793//3793 3794//3794 3795//3795
f 3796//3796 3797//3797 3798//3798
f 3799//3799 3800//3800 3801//3801
f 3802//3802 3803//3803 3804//3804
f 3805//3805 3806//3806 3807//3807
f 3808//3808 3809//3809 3810//3810
f 3811//3811 3812//3812 3813//3813
f 3814//3814 3815//3815 3816//3816
f 3817//3817 3818//3818 3819//3819
f 3820//3820 3821//3821 3822//3822
f 3823//3823 3824//3824 3825//3825
f 3826//3826 3827//3827 3828//3828
f 3829//3829 3830//3830 3831//3831
f 3832//3832 3833//3833 3834//3834
f 3835//3835 3836//3836 3837//3837
f 3838//3838 3839//3839 3840//3840
f 3841//3841 3842//3842 3843//3843
f 3844//3844 3845//3845 3846//3846
f 3847//3847 3848//3848 3849//3849
f 3850//3850 3851//3851 3852//3852
f 3853//3853 3854//3854 3855//3855
f 3856//3856 3857//3857 3858//3858
f 3859//3859 3860//3860 3861//3861
f 3862//3862 3863//3863 3864//3864
f 3865//3865 3866//3866 3867//3867
f 3868//3868 3869//3869 3870//3870
f 3871//3871 3872//3872 3873//3873
f 3874//3874 3875//3875 3876//3876
f 3877//3877 3878//3878 3879//3879
f 3880//3880 3881//3881 3882//3882
f 3883//3883 3884//3884 3885//3885
f 3886//3886 3887//3887 3888//3888
f 3889//3889 3890//3890 3891//3891
f 3892//3892 3893//3893 3894//3894
f 3895//3895 3896//3896 3897//3897
f 3898//3898 3899//3899 3900//3900
f 3901//3901 3902//3902 3903//3903
f 3904//3904 3905//3905 3906//3906
f 3907//3907 3908//3908 3909//3909
f 3910//3910 3911//3911 3912//3912
f 3913//3913 3914//3914 3915//3915
f 3916//3916 3917//3917 3918//3918
f 3919//3919 3920//3920 3921//3921
f 3922//3922 3923//3923 3924//3924
f 3925//3925 3926//3926 3927//3927
f 3928//3928 3929//3929 3930//3930
f 3931//3931 3932//3932 3933//3933
f 3934//3934 3935//3935 3936//3936
f 3937//3937 3938//3938 3939//3939
f 3940//3940 3941//3941 3942//3942
f 3943//3943 3944//3944 3945//3945
f 3946//3946 3947//3947 3948//3948
f 3949//3949 3950//3950 3951//3951
f 3952//3952 3953//3953 3954//3954
f 3955//3955 3956//3956 3957//3957
f 3958//3958 3959//3959 3960//3960
f 3961//3961 3962//3962 3963//3963
f 3964//3964 3965//3965 3966//3966
f 3967//3967 3968//3968 3969//3969
f 3970//3970 3971//3971 3972//3972
f 3973//3973 3974//3974 3975//3975
f 3976//3976 3977//3977 3978//3978
f 3979//3979 3980//3980 3981//3981
f 3982//3982 3983//3983 3984//3984
f 3985//3985 3986//3986 3987//3987
f 3988//3988 3989//3989 3990//3990
f 3991//3991 3992//3992 3993//3993
f 3994//3994 3995//3995 3996//3996
f 3997//3997 3998//3998 3999//3999
f 4000//4000 4001//4001 4002//4002
f 4003//4003 4004//4004 4005//4005
f 4006//4006 4007//4007 4008//4008
f 4009//4009 4010//4010 4011//4011
f 4012//4012 4013//4013 4014//4014
f 4015//4015 4016//4016 4017//4017
f 4018//4018 4019//4019 4020//4020
f 4021//4021 4022//4022 4023//4023
f 4024//4024 4025//4025 4026//4026
f 4027//4027 4028//4028 4029//4029
f 4030//4030 4031//4031 4032//4032
f 4033//4033 4034//4034 4035//4035
f 4036//4036 4037//4037 4038//4038
f 4039//4039 4040//4040 4041//4041
f 4042//4042 4043//4043 4044//4044
f 4045//4045 4046//4046 4047//4047
f 4048//4048 4049//4049 4050//4050
f 4051//4051 4052//4052 4053//4053
f 4054//4054 4055//4055 4056//4056
f 4057//4057 4058//4058 4059//4059
f 4060//4060 4061//4061 4062//4062
f 4063//4063 4064//4064 4065//4065
f 4066//4066 4067//4067 4068//4068
f 4069//4069 4070//4070 4071//4071
f 4072//4072 4073//4073 4074//4074
f 4075//4075 4076//4076 4077//4077
f 4078//4078 4079//4079 4080//4080
f 4081//4081 4082//4082 4083//4083
f 4084//4084 4085//4085 4086//4086
f 4087//4087 4088//4088 4089//4089
f 4090//4090 4091//4091 4092//4092
f 4093//4093 4094//4094 4095//4095
f 4096//4096 4097//4097 4098//4098
f 4099//4099 4100//4100 4101//4101
f 4102//4102 4103//4103 4104//4104
f 4105//4105 4106//4106 4107//4107
f 4108//4108 4109//4109 4110//4110
f 4111//4111 4112//4112 4113//4113
f 4114//4114 4115//4115 4116//4116
f 4117//4117 4118//4118 4119//4119
f 4120//4120 4121//4121 4122//4122
f 4123//4123 4124//4124 4125//4125
f 4126//4126 4127//4127 4128//4128
f 4129//4129 4130//4130 4131//4131
f 4132//4132 4133//4133 4134//4134
f 4135//4135 4136//4136 4137//4137
f 4138//4138 4139//4139 4140//4140
f 4141//4141 4142//4142 4143//4143
f 4144//4144 4145//4145 4146//4146
f 4147//4147 4148//4148 4149//4149
f 4150//4150 4151//4151 4152//4152
f 4153//4153 4154//4154 4155//4155
f 4156//4156 4157//4157 4158//4158
f 4159//4159 4160//4160 4161//4161
f 4162//4162 4163//4163 4164//4164
f 4165//4165 4166//4166 4167//4167
f 4168//4168 4169//4169 4170//4170
f 4171//4171 4172//4172 4173//4173
f 4174//4174 4175//4175 4176//4176
f 4177//4177 4178//4178 4179//4179
f 4180//4180 4181//4181 4182//4182
f 4183//4183 4184//4184 4185//4185
f 4186//4186 4187//4187 4188//4188
f 4189//4189 4190//4190 4191//4191
f 4192//4192 4193//4193 4194//4194
f 4195//4195 4196//4196 4197//4197
f 4198//4198 4199//4199 4200//4200
f 4201//4201 4202//4202 4203//4203
f 4204//4204 4205//4205 4206//4206
f 4207//4207 4208//4208 4209//4209
f 4210//4210 4211//4211 4212//4212
f 4213//4213 4214//4214 4215//4215
f 4216//4216 4217//4217 4218//4218
f 4219//4219 4220//4220 4221//4221
f 4222//4222 4223//4223 4224//4224
f 4225//4225 4226//4226 4227//4227
f 4228//4228 4229//4229 4230//4230
f 4231//4231 4232//4232 4233//4233
f 4234//4234 4235//4235 4236//4236
f 4237//4237 4238//4238 4239//4239
f 4240//4240 4241//4241 4242//4242
f 4243//4243 4244//4244 4245//4245
f 4246//4246 4247//4247 4248//4248
f 4249//4249 4250//4250 4251//4251
f 4252//4252 4253//4253 4254//4254
f 4255//4255 4256//4256 4257//4257
f 4258//4258 4259//4259 4260//4260
f 4261//4261 4262//4262 4263//4263
f 4264//4264 4265//4265 4266//4266
f 4267//4267 4268//4268 4269//4269
f 4270//4270 4271//4271 4272//4272
f 4273//4273 4274//4274 4275//4275
f 4276//4276 4277//4277 4278//4278
f 4279//4279 4280//4280 4281//4281
f 4282//4282 4283//4283 4284//4284
f 4285//4285 4286//4286 4287//4287
f 4288//4288 4289//4289 4290//4290
f 4291//4291 4292//4292 4293//4293
f 4294//4294 4295//4295 4296//4296
f 4297//4297 4298//4298 4299//4299
f 4300//4300 4301//4301 4302//4302
f 4303//4303 4304//4304 4305//4305
f 4306//4306 4307//4307 4308//4308
f 4309//4309 4310//4310 4311//4311
f 4312//4312 4313//4313 4314//4314
f 4315//4315 4316//4316 4317//4317
f 4318//4318 4319//4319 4320//4320
f 4321//4321 4322//4322 4323//4323
f 4324//4324 4325//4325 4326//4326
f 4327//4327 4328//4328 4329//4329
f 4330//4330 4331//4331 4332//4332
f 4333//4333 4334//4334 4335//4335
f 4336//4336 4337//4337 4338//4338
f 4339//4339 4340//4340 4341//4341
f 4342//4342 4343//4343 4344//4344
f 4345//4345 4346//4346 4347//4347
f 4348//4348 4349//4349 4350//4350
f 4351//4351 4352//4352 4353//4353
f 4354//4354 4355//4355 4356//4356
f 4357//4357 4358//4358 4359//4359
f 4360//4360 4361//4361 4362//4362
f 4363//4363 4364//4364 4365//4365
f 4366//4366 4367//4367 4368//4368
f 4369//4369 4370//4370 4371//4371
f 4372//4372 4373//4373 4374//4374
f 4375//4375 4376//4376 4377//4377
f 4378//4378 4379//4379 4380//4380
f 4381//4381 4382//4382 4383//4383
f 4384//4384 4385//4385 4386//4386
f 4387//4387 4388//4388 4389//4389
f 4390//4390 4391//4391 4392//4392
f 4393//4393 4394//4394 4395//4395
f 4396//4396 4397//4397 4398//4398
f 4399//4399 4400//4400 4401//4401
f 4402//4402 4403//4403 4404//4404
f 4405//4405 4406//4406 4407//4407
f 4408//4408 4409//4409 4410//4410
f 4411//4411 4412//4412 4413//4413
f 4414//4414 4415//4415 4416//4416
f 4417//4417 4418//4418 4419//4419
f 4420//4420 4421//4421 4422//4422
f 4423//4423 4424//4424 4425//4425
f 4426//4426 4427//4427 4428//4428
f 4429//4429 4430//4430 4431//4431
f 4432//4432 4433//4433 4434//4434
f 4435//4435 4436//4436 4437//4437
f 4438//4438 4439//4439 4440//4440
f 4441//4441 4442//4442 4443//4443
f 4444//4444 4445//4445 4446//4446
f 4447//4447 4448//4448 4449//4449
f 4450//4450 4451//4451 4452//4452
f 4453//4453 4454//4454 4455//4455
f 4456//4456 4457//4457 4458//4458
f 4459//4459 4460//4460 4461//4461
f 4462//4462 4463//4463 4464//4464
f 4465//4465 4466//4466 4467//4467
f 4468//4468 4469//4469 4470//4470
f 4471//4471 4472//4472 4473//4473
f 4474//4474 4475//4475 4476//4476
f 4477//4477 4478//4478 4479//4479
f 4480//4480 4481//4481 4482//4482
f 4483//4483 4484//4484 4485//4485
f 4486//4486 4487//4487 4488//4488
f 4489//4489 4490//4490 4491//4491
f 4492//4492 4493//4493 4494//4494
f 4495//4495 4496//4496 4497//4497
f 4498//4498 4499//4499 4500//4500
