# 10_person — split from wip_-_lowpoly_people_-_1.glb
# WIP - Lowpoly People - 1 by Loic Norgeot, CC-BY-4.0
# https://sketchfab.com/3d-models/wip-lowpoly-people-1-8cfd467af4334ea384d854109865f939
v -124.532522 0.000000 -79.898450
v -127.103252 0.220263 -77.047476
v -127.041377 0.571734 -79.632210
v -129.013337 1.778424 -51.674670
v -129.407971 0.829011 -55.119272
v -128.335278 0.920015 -53.063144
v -131.068573 58.265918 -52.536882
v -129.142407 61.804968 -52.412431
v -130.978060 60.851234 -52.175640
v -119.220534 27.570981 -69.353319
v -119.996783 26.117474 -71.936772
v -121.326157 27.178639 -73.158662
v -137.972870 44.337082 -53.849168
v -136.734741 46.795517 -53.786814
v -136.810996 43.553251 -53.247987
v -128.158056 13.349670 -56.489501
v -129.085236 10.077342 -54.430115
v -129.053505 20.443860 -56.784723
v -132.937060 76.271164 -49.430887
v -133.479326 75.699234 -50.216694
v -134.624033 70.917082 -50.189201
v -113.802709 1.718801 -69.010958
v -113.931898 1.038408 -67.605369
v -114.593216 0.089609 -70.053912
v -119.220534 27.570981 -69.353319
v -117.728394 25.923684 -69.466771
v -119.996783 26.117474 -71.936772
v -132.970141 29.776752 -56.050819
v -134.287415 31.919849 -56.032970
v -132.302833 29.883137 -57.885266
v -135.860614 61.006028 -52.612750
v -133.172422 58.145124 -52.619862
v -136.265318 59.062541 -52.397047
v -120.130904 83.162659 -57.799561
v -118.318292 83.922660 -58.133513
v -119.854356 83.748376 -58.072059
v -127.108098 36.042374 -61.201396
v -124.612354 35.607326 -58.834250
v -124.423791 34.321642 -60.166754
v -122.109638 8.252963 -69.975391
v -120.623193 9.271312 -71.423379
v -121.627467 8.084697 -71.575720
v -125.865787 76.720333 -50.001637
v -124.313471 80.790174 -53.797345
v -127.891271 80.625403 -50.381869
v -115.238282 14.117443 -67.973302
v -116.439785 12.549969 -67.320384
v -115.679034 12.865591 -69.868289
v -115.238282 14.117443 -67.973302
v -115.679034 12.865591 -69.868289
v -115.557246 16.995162 -68.756889
v -119.408243 61.050725 -72.118699
v -121.324750 63.346225 -70.700011
v -120.819152 58.287925 -71.824797
v -124.516884 45.934934 -72.639261
v -122.708415 44.866794 -72.619322
v -122.458599 44.990826 -72.645107
v -118.900051 1.761842 -65.808728
v -116.333363 0.195372 -66.325050
v -116.024777 2.224683 -65.811609
v -116.333363 0.195372 -66.325050
v -118.900051 1.761842 -65.808728
v -119.121081 0.264871 -66.710454
v -117.057294 0.937152 -74.352073
v -118.573784 0.090373 -75.148218
v -118.228779 0.575960 -76.665795
v -117.057294 0.937152 -74.352073
v -117.831710 0.082475 -73.352547
v -118.573784 0.090373 -75.148218
v -123.140092 82.737684 -54.868504
v -126.880989 83.705479 -53.644704
v -124.313471 80.790174 -53.797345
v -120.631483 1.413345 -67.472580
v -118.514480 0.194985 -68.541230
v -119.121081 0.264871 -66.710454
v -119.121081 0.264871 -66.710454
v -118.900051 1.761842 -65.808728
v -120.631483 1.413345 -67.472580
v -122.465581 0.546247 -70.621688
v -123.595422 1.384848 -71.229674
v -123.840950 0.249094 -72.906960
v -121.627467 8.084697 -71.575720
v -121.933146 6.329051 -73.232000
v -122.324417 7.514677 -72.386872
v -118.121347 78.471952 -60.129345
v -119.325299 77.088034 -60.995663
v -118.081185 77.687502 -63.962330
v -130.333876 83.293772 -63.023660
v -129.413726 82.136941 -64.087172
v -130.339188 81.106663 -65.110357
v -118.944110 80.661618 -59.652642
v -119.120150 82.789594 -58.540635
v -119.847894 82.307994 -58.630874
v -122.805457 12.918573 -52.289305
v -122.229951 17.553988 -55.147944
v -123.045667 15.921911 -52.543417
v -130.308110 90.961838 -68.408932
v -132.416510 88.561899 -68.112962
v -132.991294 92.712528 -68.574017
v -127.218092 92.650443 -67.431406
v -127.426334 93.308425 -67.848643
v -127.357384 93.069822 -67.004510
v -120.941238 0.184858 -71.569297
v -121.015776 0.307274 -68.699433
v -122.465581 0.546247 -70.621688
v -126.639180 23.883640 -50.413964
v -126.769322 29.136684 -52.042594
v -128.912336 25.465679 -51.958056
v -120.807492 28.281781 -65.597613
v -120.894050 30.168217 -64.985455
v -123.913401 29.867357 -63.386307
v -131.068573 58.265918 -52.536882
v -132.335570 57.914382 -53.048146
v -131.974622 58.115607 -52.424004
v -123.913401 29.867357 -63.386307
v -120.894050 30.168217 -64.985455
v -121.768404 31.605509 -64.928311
v -134.339864 78.713709 -52.366831
v -132.937060 76.271164 -49.430887
v -132.733057 81.808007 -51.772187
v -136.951842 41.681135 -51.122590
v -137.279681 42.221800 -52.366516
v -135.193870 40.930909 -51.792762
v -126.881372 38.345805 -62.842413
v -125.610164 39.030379 -61.547508
v -127.081166 38.416579 -61.677144
v -126.881372 38.345805 -62.842413
v -127.081166 38.416579 -61.677144
v -127.813284 39.045724 -62.409616
v -135.269479 48.837370 -61.124536
v -135.680392 51.048464 -62.939351
v -134.312206 45.363742 -64.352730
v -119.220534 27.570981 -69.353319
v -119.042101 27.574596 -67.483901
v -117.728394 25.923684 -69.466771
v -118.478402 47.310185 -61.498612
v -119.989070 45.926904 -60.422949
v -118.734496 46.062499 -66.272624
v -118.428469 83.535671 -64.960368
v -119.297993 84.670424 -63.710883
v -117.687667 82.663405 -62.883383
v -119.996783 26.117474 -71.936772
v -121.174206 25.480738 -72.516010
v -121.326157 27.178639 -73.158662
v -121.213897 2.286172 -55.717531
v -122.515427 8.195567 -54.222343
v -121.015690 2.315545 -53.703781
v -129.142407 61.804968 -52.412431
v -126.439327 64.403546 -52.830536
v -129.199862 66.932702 -53.026689
v -130.124937 2.862185 -51.951927
v -133.828518 3.121227 -52.119826
v -134.706870 1.758748 -51.862988
v -119.220534 27.570981 -69.353319
v -120.310798 29.150367 -70.781786
v -119.469296 29.732507 -69.269818
v -121.184299 45.821479 -57.452487
v -123.877034 46.114006 -55.840093
v -122.784634 43.338185 -58.562497
v -125.351572 87.139630 -59.631267
v -122.782313 86.339700 -59.611431
v -122.362192 86.231041 -59.840457
v -120.894050 30.168217 -64.985455
v -120.149011 31.198999 -68.094952
v -121.768404 31.605509 -64.928311
v -123.280383 68.272352 -74.353706
v -124.977347 69.052136 -71.724298
v -126.743093 72.984272 -72.413234
v -118.340240 65.457880 -71.991436
v -118.117725 65.847200 -74.729276
v -116.891977 72.649759 -70.964286
v -119.042101 27.574596 -67.483901
v -120.894050 30.168217 -64.985455
v -120.807492 28.281781 -65.597613
v -130.149050 84.175479 -56.968867
v -133.421016 81.673265 -53.550322
v -131.377032 83.341348 -52.370610
v -119.503106 38.939887 -64.929955
v -120.179545 37.843144 -67.134859
v -118.868933 40.280506 -67.785348
v -125.187082 2.807588 -79.277793
v -126.839195 2.395767 -79.058746
v -122.436347 4.864586 -74.762335
v -135.302245 92.619956 -66.757000
v -136.265373 93.742049 -65.920439
v -134.802678 93.745673 -68.137096
v -127.495648 92.696929 -67.492732
v -127.452633 91.637218 -67.644889
v -127.509003 91.724515 -67.674752
v -120.179545 37.843144 -67.134859
v -119.503106 38.939887 -64.929955
v -120.786726 35.804742 -65.452904
v -125.178779 44.879926 -79.808737
v -125.787672 42.125988 -78.048870
v -126.129204 45.644158 -77.906153
v -135.466571 43.570197 -49.671426
v -134.837244 43.324119 -50.382467
v -136.361410 43.178958 -52.519976
v -129.822514 48.841387 -71.109339
v -131.120284 43.704471 -70.005717
v -133.245322 48.323167 -66.821727
v -118.088575 66.871130 -65.285036
v -119.110899 62.050164 -64.901306
v -120.093188 61.650276 -68.402164
v -132.178921 53.048390 -52.876974
v -132.734416 55.138171 -53.149026
v -133.508175 52.508795 -53.713768
v -120.361000 54.872996 -77.680357
v -121.353468 55.065280 -78.672844
v -117.672070 59.145445 -75.702236
v -119.857493 33.229393 -69.468140
v -120.572057 39.471048 -69.959727
v -120.179545 37.843144 -67.134859
v -119.677633 83.680260 -59.512650
v -118.518881 84.362268 -61.162555
v -118.323534 82.071876 -60.876066
v -118.872450 8.079725 -72.113040
v -121.627467 8.084697 -71.575720
v -120.623193 9.271312 -71.423379
v -129.970448 88.771457 -67.786586
v -130.670078 85.140026 -65.216078
v -132.605625 85.846412 -66.290014
v -118.702965 81.659221 -60.827811
v -118.323534 82.071876 -60.876066
v -118.520512 80.918079 -59.934363
v -118.323534 82.071876 -60.876066
v -118.627894 84.467709 -62.347494
v -118.454496 82.135909 -61.986469
v -134.235703 69.499290 -56.845529
v -135.299569 69.901121 -59.428749
v -131.151985 62.816966 -53.726474
v -134.758820 1.174712 -59.234314
v -129.556568 4.061276 -58.488838
v -130.217178 1.899219 -58.268229
v -122.575942 42.434576 -75.411051
v -125.058754 43.212578 -76.582513
v -125.310109 42.368320 -76.141460
v -118.366471 80.441987 -60.300992
v -117.763557 79.639584 -63.106793
v -118.627641 80.208718 -61.500411
v -138.168821 52.595133 -50.891874
v -136.587605 54.182881 -48.289422
v -136.334294 56.711400 -48.110589
v -116.971557 82.569193 -61.065272
v -118.520512 80.918079 -59.934363
v -118.323534 82.071876 -60.876066
v -125.216003 12.179726 -57.606274
v -127.196040 7.947224 -57.507690
v -128.158056 13.349670 -56.489501
v -128.531955 7.819816 -56.736614
v -129.556568 4.061276 -58.488838
v -131.594660 4.952508 -56.952219
v -118.065210 71.551716 -74.720730
v -118.117725 65.847200 -74.729276
v -120.724165 71.067435 -76.564695
v -121.476699 76.704168 -57.570829
v -120.595688 76.644748 -59.470086
v -120.939550 77.638518 -57.442128
v -136.726890 42.731717 -49.730344
v -138.613730 43.157107 -51.082910
v -136.951842 41.681135 -51.122590
v -118.627641 80.208718 -61.500411
v -118.520512 80.918079 -59.934363
v -118.366471 80.441987 -60.300992
v -118.944110 80.661618 -59.652642
v -118.366471 80.441987 -60.300992
v -118.625292 80.919957 -60.305267
v -118.625292 80.919957 -60.305267
v -118.627641 80.208718 -61.500411
v -118.944110 80.661618 -59.652642
v -118.366471 80.441987 -60.300992
v -119.013495 80.922413 -60.385175
v -118.625292 80.919957 -60.305267
v -118.520512 80.918079 -59.934363
v -118.944110 80.661618 -59.652642
v -119.013495 80.922413 -60.385175
v -119.013495 80.922413 -60.385175
v -118.702965 81.659221 -60.827811
v -118.625292 80.919957 -60.305267
v -118.625292 80.919957 -60.305267
v -118.702965 81.659221 -60.827811
v -118.520512 80.918079 -59.934363
v -118.520512 80.918079 -59.934363
v -118.627641 80.208718 -61.500411
v -118.625292 80.919957 -60.305267
v -131.738852 92.989040 -59.734937
v -135.610667 93.292570 -63.704220
v -134.565424 90.149606 -62.919796
v -119.120150 82.789594 -58.540635
v -119.573926 83.314830 -58.470138
v -119.847894 82.307994 -58.630874
v -117.301744 75.410485 -72.917837
v -116.891977 72.649759 -70.964286
v -118.117725 65.847200 -74.729276
v -120.751656 46.793354 -77.688456
v -121.126686 46.044505 -78.744719
v -121.394810 48.797161 -77.332509
v -119.847894 82.307994 -58.630874
v -119.573926 83.314830 -58.470138
v -119.055013 83.042222 -58.190290
v -122.515427 8.195567 -54.222343
v -122.909123 10.116186 -55.816597
v -122.927673 11.618399 -53.726445
v -118.702965 81.659221 -60.827811
v -119.586205 83.368861 -61.965769
v -120.631822 82.777911 -59.883022
v -133.835458 53.442925 -52.853961
v -133.255127 54.974526 -51.629925
v -134.166015 52.845466 -51.045414
v -117.761306 83.173966 -58.545874
v -116.791370 84.072172 -59.046213
v -117.925582 84.394574 -59.098053
v -118.318292 83.922660 -58.133513
v -117.761306 83.173966 -58.545874
v -117.925582 84.394574 -59.098053
v -120.149011 31.198999 -68.094952
v -119.857493 33.229393 -69.468140
v -120.179545 37.843144 -67.134859
v -134.954697 75.475991 -56.964698
v -135.025486 75.546372 -54.436166
v -134.413050 79.014719 -55.563767
v -131.007426 53.467989 -51.801924
v -132.528916 55.251247 -52.126818
v -132.178921 53.048390 -52.876974
v -117.649931 85.108107 -60.432765
v -119.677633 83.680260 -59.512650
v -117.925582 84.394574 -59.098053
v -117.649931 85.108107 -60.432765
v -118.518881 84.362268 -61.162555
v -119.677633 83.680260 -59.512650
v -132.335570 57.914382 -53.048146
v -133.222976 55.356228 -52.653329
v -133.172422 58.145124 -52.619862
v -134.321278 52.209789 -53.350442
v -134.440421 48.521888 -53.519284
v -134.933494 49.266619 -53.050204
v -120.267546 83.971649 -58.640694
v -117.925582 84.394574 -59.098053
v -119.677633 83.680260 -59.512650
v -133.508175 52.508795 -53.713768
v -134.321278 52.209789 -53.350442
v -133.835458 53.442925 -52.853961
v -120.865104 82.588601 -58.330389
v -120.631822 82.777911 -59.883022
v -120.724885 84.013271 -58.963672
v -127.020558 42.668849 -51.975495
v -124.712678 37.982213 -54.514251
v -123.879761 41.218349 -54.831412
v -122.805457 12.918573 -52.289305
v -124.465670 9.401199 -52.210192
v -122.927673 11.618399 -53.726445
v -120.910800 21.666765 -72.973730
v -118.872450 8.079725 -72.113040
v -123.483264 21.483147 -72.177624
v -133.067627 45.866716 -67.863741
v -132.471085 43.630240 -68.234305
v -130.797072 42.197699 -64.998633
v -122.566310 2.050155 -56.798206
v -121.265481 1.023167 -55.525598
v -122.945865 0.689846 -55.486868
v -121.265481 1.023167 -55.525598
v -122.566310 2.050155 -56.798206
v -121.213897 2.286172 -55.717531
v -131.319403 71.823621 -48.091057
v -130.432982 66.876852 -48.347901
v -127.822552 75.089889 -49.245607
v -122.945865 0.689846 -55.486868
v -123.930396 1.049423 -57.000047
v -122.566310 2.050155 -56.798206
v -121.898948 84.135639 -57.462755
v -122.123721 84.558892 -57.429183
v -119.854356 83.748376 -58.072059
v -125.097315 85.792005 -56.807078
v -122.354779 84.214782 -57.341194
v -120.130904 83.162659 -57.799561
v -125.241282 2.113104 -57.184136
v -123.930396 1.049423 -57.000047
v -126.138820 0.775212 -55.922893
v -126.872460 42.505330 -74.422506
v -126.149790 43.439007 -75.398349
v -126.385385 43.341208 -75.254531
v -120.374256 47.093293 -56.488645
v -124.157016 47.372359 -52.498649
v -121.184299 45.821479 -57.452487
v -128.158056 13.349670 -56.489501
v -128.531955 7.819816 -56.736614
v -129.085236 10.077342 -54.430115
v -134.120618 0.992709 -52.516610
v -129.407971 0.829011 -55.119272
v -129.013337 1.778424 -51.674670
v -135.065340 1.090288 -54.277908
v -134.120618 0.992709 -52.516610
v -134.706870 1.758748 -51.862988
v -134.706870 1.758748 -51.862988
v -138.024134 1.314628 -54.009556
v -135.065340 1.090288 -54.277908
v -122.117918 53.277957 -54.777601
v -126.939775 56.028723 -51.664791
v -124.157016 47.372359 -52.498649
v -139.151299 1.703769 -57.721301
v -137.534132 1.886690 -59.034659
v -136.987024 1.052219 -58.453847
v -139.151299 1.703769 -57.721301
v -138.024134 1.314628 -54.009556
v -139.511808 2.197343 -56.525579
v -136.101483 54.069662 -58.492611
v -135.680392 51.048464 -62.939351
v -135.269479 48.837370 -61.124536
v -139.511808 2.197343 -56.525579
v -138.540941 3.074605 -57.025255
v -139.151299 1.703769 -57.721301
v -135.391601 90.857566 -67.483237
v -136.058389 90.466762 -66.537527
v -135.302245 92.619956 -66.757000
v -119.220534 27.570981 -69.353319
v -119.469296 29.732507 -69.269818
v -119.042101 27.574596 -67.483901
v -123.414520 32.619285 -57.346804
v -124.612354 35.607326 -58.834250
v -124.038585 34.309512 -57.137674
v -125.243106 68.779468 -52.387050
v -123.882649 68.577873 -53.639562
v -123.735327 74.751579 -52.903843
v -126.451183 22.909275 -58.724632
v -128.158056 13.349670 -56.489501
v -129.053505 20.443860 -56.784723
v -124.516884 45.934934 -72.639261
v -126.862750 48.830369 -72.656272
v -125.145778 48.694006 -72.948471
v -124.554210 58.989644 -52.683008
v -126.939775 56.028723 -51.664791
v -122.117918 53.277957 -54.777601
v -124.849387 85.562021 -67.327085
v -120.490800 85.170579 -67.319634
v -124.424810 83.205104 -69.168567
v -134.440421 48.521888 -53.519284
v -134.131712 47.578612 -54.222311
v -133.393931 48.002344 -52.565358
v -130.982191 44.956398 -51.472105
v -128.316267 46.218315 -51.616181
v -130.609156 46.918169 -51.633080
v -130.982191 44.956398 -51.472105
v -130.609156 46.918169 -51.633080
v -135.119640 44.150117 -55.369422
v -122.214854 49.458677 -74.499742
v -125.990674 47.274739 -75.845741
v -125.965916 44.575671 -75.930743
v -121.184299 45.821479 -57.452487
v -122.784634 43.338185 -58.562497
v -122.915882 41.417634 -60.532914
v -126.451183 22.909275 -58.724632
v -127.240759 25.275493 -58.178852
v -125.985472 25.326994 -58.670676
v -120.724885 84.013271 -58.963672
v -119.948907 84.265136 -60.970799
v -120.016057 85.113239 -61.451234
v -123.414520 32.619285 -57.346804
v -124.038585 34.309512 -57.137674
v -124.486472 33.647352 -54.898772
v -122.114041 87.214315 -61.448032
v -123.184587 87.271225 -63.743444
v -124.366261 86.587500 -60.765102
v -131.247800 94.956774 -60.061645
v -133.738146 96.998018 -61.608028
v -131.738852 92.989040 -59.734937
v -118.734496 46.062499 -66.272624
v -119.671156 43.786344 -70.297030
v -118.310535 56.036412 -65.527847
v -123.472686 64.219451 -73.271296
v -122.702384 67.062873 -76.253770
v -122.647409 62.625206 -73.814879
v -121.932753 72.565198 -55.147833
v -123.882649 68.577873 -53.639562
v -122.379763 66.732847 -54.051196
v -118.228779 0.575960 -76.665795
v -118.573784 0.090373 -75.148218
v -120.950476 0.054825 -78.032995
v -135.391601 90.857566 -67.483237
v -134.794847 89.616490 -67.295555
v -136.058389 90.466762 -66.537527
v -122.362192 86.231041 -59.840457
v -123.215610 87.366855 -59.928338
v -125.351572 87.139630 -59.631267
v -138.330554 50.864130 -52.785966
v -139.177393 48.637483 -51.605545
v -138.168821 52.595133 -50.891874
v -130.309430 72.908742 -70.409149
v -131.439994 68.273127 -68.915820
v -135.171172 63.726211 -64.247779
v -133.166744 49.207181 -51.574269
v -133.147015 50.989526 -51.737660
v -134.423947 48.986036 -50.460345
v -136.836592 44.380787 -51.066066
v -134.525155 47.722965 -51.728199
v -135.706311 45.618683 -49.281495
v -134.837244 43.324119 -50.382467
v -135.466571 43.570197 -49.671426
v -133.779643 41.868737 -50.696493
v -135.466571 43.570197 -49.671426
v -136.726890 42.731717 -49.730344
v -133.779643 41.868737 -50.696493
v -136.726890 42.731717 -49.730344
v -135.466571 43.570197 -49.671426
v -135.706311 45.618683 -49.281495
v -135.706311 45.618683 -49.281495
v -135.466571 43.570197 -49.671426
v -136.836592 44.380787 -51.066066
v -136.726890 42.731717 -49.730344
v -135.706311 45.618683 -49.281495
v -135.904064 47.354543 -48.155030
v -134.423947 48.986036 -50.460345
v -135.904064 47.354543 -48.155030
v -135.706311 45.618683 -49.281495
v -135.904064 47.354543 -48.155030
v -134.423947 48.986036 -50.460345
v -135.319462 49.916923 -48.714025
v -124.098021 30.700522 -59.351879
v -123.767966 29.385107 -56.173274
v -124.554753 27.908021 -58.332286
v -135.287787 37.826818 -57.014636
v -135.290789 36.871147 -54.107360
v -135.505355 41.992235 -56.551368
v -118.323534 82.071876 -60.876066
v -117.687667 82.663405 -62.883383
v -116.971557 82.569193 -61.065272
v -135.063568 89.016313 -65.507364
v -134.565424 90.149606 -62.919796
v -135.610667 93.292570 -63.704220
v -123.414520 32.619285 -57.346804
v -124.423791 34.321642 -60.166754
v -124.612354 35.607326 -58.834250
v -131.878416 24.788576 -56.273614
v -132.209577 27.930236 -58.454836
v -129.694518 27.598825 -59.973340
v -119.769108 64.079070 -70.569839
v -118.340240 65.457880 -71.991436
v -118.958881 68.250239 -70.296815
v -123.514329 44.119120 -73.834759
v -121.847023 44.257414 -72.932740
v -123.493385 40.366456 -74.165815
v -118.178404 58.596700 -72.513653
v -121.326178 53.873563 -73.698133
v -118.668385 54.866654 -75.795147
v -134.235460 72.790623 -51.952168
v -135.025486 75.546372 -54.436166
v -134.044189 70.788312 -52.840923
v -132.302833 29.883137 -57.885266
v -133.092192 28.902739 -57.000403
v -132.970141 29.776752 -56.050819
v -127.858734 53.607613 -51.640110
v -126.939775 56.028723 -51.664791
v -129.429100 56.117904 -52.476151
v -134.652006 33.550429 -54.381382
v -135.290789 36.871147 -54.107360
v -134.507034 35.388056 -56.538247
v -129.953283 37.043873 -66.582750
v -128.226430 33.726347 -65.345298
v -125.927192 35.492623 -63.920496
v -134.794847 89.616490 -67.295555
v -135.391601 90.857566 -67.483237
v -135.302245 92.619956 -66.757000
v -120.848469 85.508704 -63.487338
v -120.648018 86.209833 -60.673543
v -120.016057 85.113239 -61.451234
v -127.858734 53.607613 -51.640110
v -129.429100 56.117904 -52.476151
v -131.007426 53.467989 -51.801924
v -132.528916 55.251247 -52.126818
v -131.007426 53.467989 -51.801924
v -131.714789 56.675595 -52.093605
v -132.178921 53.048390 -52.876974
v -133.508175 52.508795 -53.713768
v -133.117691 52.421194 -52.336997
v -132.528916 55.251247 -52.126818
v -132.734416 55.138171 -53.149026
v -132.178921 53.048390 -52.876974
v -132.309092 56.614709 -51.108598
v -133.255127 54.974526 -51.629925
v -131.714789 56.675595 -52.093605
v -122.229951 17.553988 -55.147944
v -122.927673 11.618399 -53.726445
v -122.909123 10.116186 -55.816597
v -117.918127 72.633296 -69.951464
v -116.982272 72.929758 -68.443781
v -119.075530 69.179916 -69.450915
v -126.255872 85.212755 -66.003586
v -127.704992 90.163612 -66.788023
v -125.496387 86.731482 -64.768123
v -129.199862 66.932702 -53.026689
v -128.483777 69.337261 -52.487846
v -129.730926 67.002290 -52.164679
v -128.483777 69.337261 -52.487846
v -128.934984 67.080021 -50.584411
v -129.730926 67.002290 -52.164679
v -121.004977 31.927657 -70.707320
v -120.479015 29.945308 -70.362450
v -124.906811 27.814633 -73.511580
v -133.147015 50.989526 -51.737660
v -134.166015 52.845466 -51.045414
v -134.074049 52.576131 -49.093782
v -119.573926 83.314830 -58.470138
v -119.854356 83.748376 -58.072059
v -119.055013 83.042222 -58.190290
v -125.097315 85.792005 -56.807078
v -128.349976 84.804082 -55.424197
v -126.880989 83.705479 -53.644704
v -125.409508 2.082044 -51.487380
v -126.706900 1.060098 -51.573808
v -125.057814 0.820499 -53.077883
v -126.872460 42.505330 -74.422506
v -124.338742 43.896750 -73.513787
v -126.149790 43.439007 -75.398349
v -134.247207 67.934972 -51.084444
v -134.044189 70.788312 -52.840923
v -133.077424 65.700752 -52.777409
v -128.385318 99.672413 -62.525747
v -130.076176 100.743055 -63.910761
v -130.727000 99.404937 -60.984908
v -134.703968 51.564360 -54.633726
v -134.440421 48.521888 -53.519284
v -134.321278 52.209789 -53.350442
v -123.184587 87.271225 -63.743444
v -123.365699 86.723065 -65.354657
v -123.071338 86.074203 -63.647802
v -134.074049 52.576131 -49.093782
v -134.166015 52.845466 -51.045414
v -133.255127 54.974526 -51.629925
v -136.872122 52.137792 -49.525928
v -135.319462 49.916923 -48.714025
v -135.173687 52.970886 -48.130109
v -135.173687 52.970886 -48.130109
v -136.587605 54.182881 -48.289422
v -136.872122 52.137792 -49.525928
v -126.990317 29.692042 -60.480583
v -124.554753 27.908021 -58.332286
v -127.729720 29.139042 -60.146327
v -118.518881 84.362268 -61.162555
v -118.627894 84.467709 -62.347494
v -118.323534 82.071876 -60.876066
v -134.706870 1.758748 -51.862988
v -133.828518 3.121227 -52.119826
v -137.778226 2.491486 -53.589445
v -120.865104 82.588601 -58.330389
v -120.130904 83.162659 -57.799561
v -121.912600 82.770490 -57.497470
v -134.703968 51.564360 -54.633726
v -134.321278 52.209789 -53.350442
v -133.508175 52.508795 -53.713768
v -131.668362 66.140068 -53.667382
v -131.151985 62.816966 -53.726474
v -131.525787 62.865740 -53.130979
v -133.166744 49.207181 -51.574269
v -130.609156 46.918169 -51.633080
v -128.643545 49.051291 -50.749207
v -122.709750 83.804619 -57.232785
v -122.123721 84.558892 -57.429183
v -122.354779 84.214782 -57.341194
v -119.408243 61.050725 -72.118699
v -117.933272 62.949228 -72.380548
v -118.340240 65.457880 -71.991436
v -122.167980 84.896284 -57.696972
v -122.123721 84.558892 -57.429183
v -122.709750 83.804619 -57.232785
v -125.195555 43.482789 -54.176941
v -123.879761 41.218349 -54.831412
v -123.636764 41.733348 -57.150820
v -121.250827 21.720254 -64.376951
v -122.170648 26.053920 -64.784138
v -124.050510 23.009858 -65.730761
v -125.187082 2.807588 -79.277793
v -122.070760 2.100724 -79.796692
v -124.435035 1.217628 -80.879150
v -123.870562 52.241045 -75.616717
v -122.578190 53.918487 -73.582703
v -123.435161 54.515314 -73.869382
v -124.435035 1.217628 -80.879150
v -127.041377 0.571734 -79.632210
v -126.318234 1.571000 -80.448724
v -131.526579 40.810526 -68.437038
v -131.120284 43.704471 -70.005717
v -128.537820 35.443807 -73.055276
v -128.934984 67.080021 -50.584411
v -130.184059 64.182633 -48.864757
v -131.292203 59.304011 -50.999550
v -127.773674 1.612240 -78.165724
v -127.103252 0.220263 -77.047476
v -126.727749 0.959355 -74.192104
v -122.170648 26.053920 -64.784138
v -120.807492 28.281781 -65.597613
v -123.913401 29.867357 -63.386307
v -126.717566 44.794670 -76.688522
v -125.787672 42.125988 -78.048870
v -126.524610 43.443698 -76.026552
v -122.918284 44.443458 -72.993476
v -123.514329 44.119120 -73.834759
v -122.903240 44.732231 -72.994116
v -123.514329 44.119120 -73.834759
v -124.516884 45.934934 -72.639261
v -122.903240 44.732231 -72.994116
v -123.514329 44.119120 -73.834759
v -124.338742 43.896750 -73.513787
v -124.516884 45.934934 -72.639261
v -121.650090 48.545045 -74.987316
v -123.426952 45.025850 -76.275956
v -121.256688 46.377814 -76.794443
v -133.477221 45.785433 -66.046418
v -133.067627 45.866716 -67.863741
v -130.797072 42.197699 -64.998633
v -128.346345 26.683751 -69.027581
v -128.549101 31.679416 -67.059178
v -129.358646 34.092212 -69.048179
v -117.673604 79.398143 -67.594466
v -117.763557 79.639584 -63.106793
v -118.081185 77.687502 -63.962330
v -123.365699 86.723065 -65.354657
v -120.490800 85.170579 -67.319634
v -124.849387 85.562021 -67.327085
v -136.201073 42.031521 -54.201447
v -137.303340 42.874867 -52.988253
v -136.810996 43.553251 -53.247987
v -121.256688 46.377814 -76.794443
v -121.451342 43.392253 -76.852473
v -121.126686 46.044505 -78.744719
v -125.178779 44.879926 -79.808737
v -126.129204 45.644158 -77.906153
v -125.027595 49.005747 -78.174708
v -133.883231 98.922777 -63.281602
v -133.738146 96.998018 -61.608028
v -130.727000 99.404937 -60.984908
v -123.554255 48.701304 -79.116918
v -124.382844 52.064205 -78.400331
v -122.581173 50.484276 -78.832434
v -136.385128 65.228707 -50.792959
v -134.624033 70.917082 -50.189201
v -135.860614 61.006028 -52.612750
v -126.582707 32.508204 -73.348821
v -124.906811 27.814633 -73.511580
v -127.673159 31.793601 -73.551363
v -127.516933 93.203712 -68.007893
v -127.426334 93.308425 -67.848643
v -127.495648 92.696929 -67.492732
v -132.041858 100.221634 -63.343230
v -130.727000 99.404937 -60.984908
v -130.076176 100.743055 -63.910761
v -127.595045 95.806742 -60.926029
v -128.385318 99.672413 -62.525747
v -130.727000 99.404937 -60.984908
v -127.891271 80.625403 -50.381869
v -131.377032 83.341348 -52.370610
v -130.905218 79.047233 -49.551222
v -119.325299 77.088034 -60.995663
v -117.195944 74.456840 -64.715164
v -118.081185 77.687502 -63.962330
v -126.024109 42.842219 -75.165673
v -126.919155 41.181019 -74.892585
v -126.872460 42.505330 -74.422506
v -126.385385 43.341208 -75.254531
v -125.965916 44.575671 -75.930743
v -126.524610 43.443698 -76.026552
v -126.524610 43.443698 -76.026552
v -126.149790 43.439007 -75.398349
v -126.024109 42.842219 -75.165673
v -126.024109 42.842219 -75.165673
v -126.385385 43.341208 -75.254531
v -126.524610 43.443698 -76.026552
v -134.339864 78.713709 -52.366831
v -133.421016 81.673265 -53.550322
v -135.025486 75.546372 -54.436166
v -126.872460 42.505330 -74.422506
v -126.385385 43.341208 -75.254531
v -126.024109 42.842219 -75.165673
v -119.847894 82.307994 -58.630874
v -120.130904 83.162659 -57.799561
v -120.865104 82.588601 -58.330389
v -122.362192 86.231041 -59.840457
v -122.277206 85.906332 -59.193542
v -120.724885 84.013271 -58.963672
v -120.490800 85.170579 -67.319634
v -123.365699 86.723065 -65.354657
v -120.848469 85.508704 -63.487338
v -126.872460 42.505330 -74.422506
v -126.537485 40.087211 -74.535614
v -127.518857 42.747307 -73.228256
v -122.903240 44.732231 -72.994116
v -122.708415 44.866794 -72.619322
v -122.801297 45.449334 -72.354096
v -122.458599 44.990826 -72.645107
v -122.768097 44.669137 -72.837392
v -122.801297 45.449334 -72.354096
v -122.768097 44.669137 -72.837392
v -122.458599 44.990826 -72.645107
v -122.708415 44.866794 -72.619322
v -122.768097 44.669137 -72.837392
v -122.708415 44.866794 -72.619322
v -122.903240 44.732231 -72.994116
v -134.794847 89.616490 -67.295555
v -132.416510 88.561899 -68.112962
v -133.828908 86.596108 -66.715744
v -123.514329 44.119120 -73.834759
v -122.918284 44.443458 -72.993476
v -121.847023 44.257414 -72.932740
v -122.801297 45.449334 -72.354096
v -122.918284 44.443458 -72.993476
v -122.903240 44.732231 -72.994116
v -131.390095 41.952297 -63.145379
v -133.477221 45.785433 -66.046418
v -130.797072 42.197699 -64.998633
v -127.673159 31.793601 -73.551363
v -126.844202 28.537777 -72.711457
v -129.358646 34.092212 -69.048179
v -125.990674 47.274739 -75.845741
v -122.214854 49.458677 -74.499742
v -123.870562 52.241045 -75.616717
v -125.965916 44.575671 -75.930743
v -126.717566 44.794670 -76.688522
v -126.524610 43.443698 -76.026552
v -123.715118 3.763312 -71.787741
v -122.436347 4.864586 -74.762335
v -126.839195 2.395767 -79.058746
v -119.255863 80.379975 -61.799449
v -118.627641 80.208718 -61.500411
v -119.071178 82.471359 -64.728379
v -117.423658 5.366081 -72.521624
v -117.057294 0.937152 -74.352073
v -119.137897 2.520567 -77.264806
v -117.687667 82.663405 -62.883383
v -118.627894 84.467709 -62.347494
v -116.634407 84.454131 -60.434594
v -126.690371 24.586395 -72.211348
v -124.906811 27.814633 -73.511580
v -123.925415 26.539907 -73.839602
v -126.948040 90.576982 -61.641141
v -126.093188 90.665019 -63.174255
v -126.417775 96.079385 -62.507026
v -134.820532 48.093158 -52.539099
v -136.883305 44.701585 -52.745381
v -136.734741 46.795517 -53.786814
v -118.958881 68.250239 -70.296815
v -122.174171 64.440161 -70.613374
v -121.324750 63.346225 -70.700011
v -119.434759 5.905655 -73.240376
v -118.872450 8.079725 -72.113040
v -117.423658 5.366081 -72.521624
v -121.004977 31.927657 -70.707320
v -120.959519 34.845129 -71.856220
v -119.857493 33.229393 -69.468140
v -128.473845 80.605412 -67.704409
v -130.309430 72.908742 -70.409149
v -130.339188 81.106663 -65.110357
v -118.668385 54.866654 -75.795147
v -120.401898 51.543647 -74.569562
v -119.748919 51.404214 -75.860684
v -137.778226 2.491486 -53.589445
v -132.714237 4.924041 -55.180862
v -138.540941 3.074605 -57.025255
v -121.353468 55.065280 -78.672844
v -120.361000 54.872996 -77.680357
v -122.522532 52.336443 -78.247190
v -117.366408 63.046432 -75.311277
v -117.240770 62.087333 -74.092747
v -117.672070 59.145445 -75.702236
v -123.414520 32.619285 -57.346804
v -123.767966 29.385107 -56.173274
v -124.098021 30.700522 -59.351879
v -117.672070 59.145445 -75.702236
v -117.240770 62.087333 -74.092747
v -117.843889 58.751637 -73.670495
v -117.933272 62.949228 -72.380548
v -117.240770 62.087333 -74.092747
v -118.340240 65.457880 -71.991436
v -119.283609 67.975378 -67.805841
v -122.588767 63.720810 -69.839148
v -122.348536 64.474899 -70.247038
v -117.673604 79.398143 -67.594466
v -119.071178 82.471359 -64.728379
v -117.763557 79.639584 -63.106793
v -118.117725 65.847200 -74.729276
v -117.366408 63.046432 -75.311277
v -120.724165 71.067435 -76.564695
v -133.172422 58.145124 -52.619862
v -134.787259 55.334067 -53.333836
v -136.265318 59.062541 -52.397047
v -124.338742 43.896750 -73.513787
v -126.872460 42.505330 -74.422506
v -127.518857 42.747307 -73.228256
v -134.044189 70.788312 -52.840923
v -134.247207 67.934972 -51.084444
v -134.235460 72.790623 -51.952168
v -127.240759 25.275493 -58.178852
v -129.694518 27.598825 -59.973340
v -125.985472 25.326994 -58.670676
v -118.533116 21.064856 -65.396531
v -117.036420 23.053175 -67.517056
v -119.042101 27.574596 -67.483901
v -132.714237 4.924041 -55.180862
v -131.146366 5.157632 -53.820788
v -129.828923 6.691024 -55.801762
v -118.533116 21.064856 -65.396531
v -121.250827 21.720254 -64.376951
v -119.932005 17.538753 -64.719138
v -122.768097 44.669137 -72.837392
v -122.918284 44.443458 -72.993476
v -122.801297 45.449334 -72.354096
v -121.973059 60.796851 -72.176037
v -122.174171 64.440161 -70.613374
v -123.472686 64.219451 -73.271296
v -134.312206 45.363742 -64.352730
v -131.390095 41.952297 -63.145379
v -132.093877 41.560710 -61.994269
v -118.270526 79.693925 -71.681072
v -120.527761 78.608739 -74.619425
v -120.763563 81.298685 -73.242342
v -123.278948 66.672659 -73.263044
v -122.605334 65.976614 -71.151620
v -124.977347 69.052136 -71.724298
v -133.147015 50.989526 -51.737660
v -134.074049 52.576131 -49.093782
v -134.423947 48.986036 -50.460345
v -128.316267 46.218315 -51.616181
v -125.195555 43.482789 -54.176941
v -125.177047 45.840808 -53.456018
v -124.338742 43.896750 -73.513787
v -123.514329 44.119120 -73.834759
v -126.149790 43.439007 -75.398349
v -126.451183 22.909275 -58.724632
v -124.616814 24.566987 -58.260889
v -124.303276 19.805702 -58.365993
v -122.348536 64.474899 -70.247038
v -122.605334 65.976614 -71.151620
v -122.174171 64.440161 -70.613374
v -113.931898 1.038408 -67.605369
v -117.122687 8.679330 -66.520739
v -116.024777 2.224683 -65.811609
v -125.195555 43.482789 -54.176941
v -122.784634 43.338185 -58.562497
v -123.877034 46.114006 -55.840093
v -124.554753 27.908021 -58.332286
v -123.767966 29.385107 -56.173274
v -122.346058 21.607950 -56.260464
v -127.940574 96.967691 -67.383442
v -129.940271 99.652362 -67.344195
v -128.568468 99.866974 -66.230399
v -119.055013 83.042222 -58.190290
v -117.761306 83.173966 -58.545874
v -118.318292 83.922660 -58.133513
v -131.592216 60.016805 -52.824974
v -132.092158 59.450126 -52.356003
v -132.021266 60.404080 -52.940699
v -127.729720 29.139042 -60.146327
v -129.694518 27.598825 -59.973340
v -132.302833 29.883137 -57.885266
v -131.413545 91.378671 -60.285393
v -131.115435 91.594124 -60.226012
v -131.738852 92.989040 -59.734937
v -131.344922 92.416769 -60.161469
v -131.135769 92.108905 -60.091637
v -131.738852 92.989040 -59.734937
v -123.879761 41.218349 -54.831412
v -125.195555 43.482789 -54.176941
v -127.020558 42.668849 -51.975495
v -131.413545 91.378671 -60.285393
v -131.135769 92.108905 -60.091637
v -131.056444 91.778487 -60.368170
v -131.135769 92.108905 -60.091637
v -131.115435 91.594124 -60.226012
v -131.056444 91.778487 -60.368170
v -131.135769 92.108905 -60.091637
v -131.413545 91.378671 -60.285393
v -131.738852 92.989040 -59.734937
v -123.493385 40.366456 -74.165815
v -120.959519 34.845129 -71.856220
v -124.760858 34.126196 -73.609070
v -131.115435 91.594124 -60.226012
v -130.028347 89.466477 -61.076343
v -131.056444 91.778487 -60.368170
v -119.530362 83.816051 -62.879099
v -120.233583 83.717978 -62.326937
v -119.765935 84.810674 -61.722407
v -118.990041 5.832097 -66.335442
v -116.024777 2.224683 -65.811609
v -117.122687 8.679330 -66.520739
v -123.278948 66.672659 -73.263044
v -123.472686 64.219451 -73.271296
v -122.174171 64.440161 -70.613374
v -116.725124 76.091707 -70.918684
v -116.607449 78.264570 -70.341522
v -116.562445 76.051575 -69.538012
v -116.725124 76.091707 -70.918684
v -118.270526 79.693925 -71.681072
v -116.607449 78.264570 -70.341522
v -122.805457 12.918573 -52.289305
v -125.372313 14.991337 -51.188527
v -125.299996 11.190217 -51.141261
v -130.212977 64.083958 -51.817977
v -130.978060 60.851234 -52.175640
v -129.142407 61.804968 -52.412431
v -119.297993 84.670424 -63.710883
v -119.901568 84.433961 -63.130720
v -118.627894 84.467709 -62.347494
v -136.385128 65.228707 -50.792959
v -136.265318 59.062541 -52.397047
v -137.144095 55.557317 -51.769812
v -119.854356 83.748376 -58.072059
v -118.318292 83.922660 -58.133513
v -117.925582 84.394574 -59.098053
v -135.302245 92.619956 -66.757000
v -134.802678 93.745673 -68.137096
v -132.991294 92.712528 -68.574017
v -124.303276 19.805702 -58.365993
v -125.216003 12.179726 -57.606274
v -126.451183 22.909275 -58.724632
v -135.505355 41.992235 -56.551368
v -136.201073 42.031521 -54.201447
v -135.119640 44.150117 -55.369422
v -132.021266 60.404080 -52.940699
v -131.151985 62.816966 -53.726474
v -131.762034 60.202682 -53.575609
v -126.717566 44.794670 -76.688522
v -125.965916 44.575671 -75.930743
v -125.990674 47.274739 -75.845741
v -117.673604 79.398143 -67.594466
v -118.270526 79.693925 -71.681072
v -119.621452 83.721375 -66.520587
v -119.255863 80.379975 -61.799449
v -119.013495 80.922413 -60.385175
v -118.944110 80.661618 -59.652642
v -119.901568 84.433961 -63.130720
v -119.530362 83.816051 -62.879099
v -118.627894 84.467709 -62.347494
v -127.595045 95.806742 -60.926029
v -130.727000 99.404937 -60.984908
v -129.032161 95.289439 -60.171930
v -119.586205 83.368861 -61.965769
v -119.765935 84.810674 -61.722407
v -120.233583 83.717978 -62.326937
v -131.525787 62.865740 -53.130979
v -131.151985 62.816966 -53.726474
v -132.021266 60.404080 -52.940699
v -125.139039 57.483065 -71.824095
v -125.967123 53.864503 -71.548007
v -127.726874 57.230443 -71.387301
v -124.637890 19.761872 -50.589460
v -125.372313 14.991337 -51.188527
v -123.045667 15.921911 -52.543417
v -119.765935 84.810674 -61.722407
v -119.586205 83.368861 -61.965769
v -119.569948 84.943640 -61.724298
v -119.569948 84.943640 -61.724298
v -119.530362 83.816051 -62.879099
v -120.016057 85.113239 -61.451234
v -131.762034 60.202682 -53.575609
v -131.592216 60.016805 -52.824974
v -132.021266 60.404080 -52.940699
v -121.932753 72.565198 -55.147833
v -120.898208 63.391560 -55.920211
v -121.476699 76.704168 -57.570829
v -119.297993 84.670424 -63.710883
v -120.848469 85.508704 -63.487338
v -119.901568 84.433961 -63.130720
v -119.569948 84.943640 -61.724298
v -119.948907 84.265136 -60.970799
v -119.765935 84.810674 -61.722407
v -119.948907 84.265136 -60.970799
v -120.260761 84.692788 -61.811620
v -119.765935 84.810674 -61.722407
v -119.569948 84.943640 -61.724298
v -120.016057 85.113239 -61.451234
v -119.948907 84.265136 -60.970799
v -128.568468 99.866974 -66.230399
v -128.385318 99.672413 -62.525747
v -126.913182 98.272014 -65.224808
v -120.260761 84.692788 -61.811620
v -120.016057 85.113239 -61.451234
v -119.765935 84.810674 -61.722407
v -120.648018 86.209833 -60.673543
v -122.008240 87.151289 -63.691834
v -122.114041 87.214315 -61.448032
v -126.193021 23.792100 -71.367629
v -124.554653 24.160579 -72.830771
v -123.483264 21.483147 -72.177624
v -133.815966 61.946076 -52.410574
v -134.247207 67.934972 -51.084444
v -133.077424 65.700752 -52.777409
v -122.496313 86.372298 -60.189140
v -122.782313 86.339700 -59.611431
v -123.215610 87.366855 -59.928338
v -123.215610 87.366855 -59.928338
v -122.782313 86.339700 -59.611431
v -122.277206 85.906332 -59.193542
v -118.627894 84.467709 -62.347494
v -119.530362 83.816051 -62.879099
v -118.454496 82.135909 -61.986469
v -122.362192 86.231041 -59.840457
v -122.496313 86.372298 -60.189140
v -123.215610 87.366855 -59.928338
v -122.114041 87.214315 -61.448032
v -124.366261 86.587500 -60.765102
v -123.215610 87.366855 -59.928338
v -125.633287 71.518874 -52.672689
v -123.735327 74.751579 -52.903843
v -124.805234 75.874638 -52.169853
v -136.201073 42.031521 -54.201447
v -135.290789 36.871147 -54.107360
v -136.640626 41.378987 -53.160998
v -123.365699 86.723065 -65.354657
v -124.849387 85.562021 -67.327085
v -123.884445 85.842419 -64.460850
v -127.948842 83.011699 -67.761630
v -128.249668 83.566123 -65.968941
v -124.849387 85.562021 -67.327085
v -124.366261 86.587500 -60.765102
v -123.071338 86.074203 -63.647802
v -124.757784 86.388463 -61.773014
v -134.083569 76.959592 -61.230662
v -134.954697 75.475991 -56.964698
v -134.413050 79.014719 -55.563767
v -126.990317 29.692042 -60.480583
v -124.938723 32.121301 -60.026638
v -124.098021 30.700522 -59.351879
v -124.038585 34.309512 -57.137674
v -124.612354 35.607326 -58.834250
v -124.041368 37.815743 -57.115888
v -119.408243 61.050725 -72.118699
v -118.178404 58.596700 -72.513653
v -117.240770 62.087333 -74.092747
v -122.909123 10.116186 -55.816597
v -124.303276 19.805702 -58.365993
v -122.346058 21.607950 -56.260464
v -120.310798 29.150367 -70.781786
v -119.220534 27.570981 -69.353319
v -121.326157 27.178639 -73.158662
v -123.884445 85.842419 -64.460850
v -124.849387 85.562021 -67.327085
v -126.255872 85.212755 -66.003586
v -128.473845 80.605412 -67.704409
v -127.948842 83.011699 -67.761630
v -124.424810 83.205104 -69.168567
v -130.339188 81.106663 -65.110357
v -128.249668 83.566123 -65.968941
v -127.948842 83.011699 -67.761630
v -138.330554 50.864130 -52.785966
v -137.772434 54.138816 -51.229323
v -137.144095 55.557317 -51.769812
v -130.670078 85.140026 -65.216078
v -131.923406 85.721249 -64.501039
v -132.605625 85.846412 -66.290014
v -130.333876 83.293772 -63.023660
v -131.540555 81.278312 -61.618998
v -131.199499 83.402950 -61.384423
v -127.509003 91.724515 -67.674752
v -127.735337 91.628134 -67.297716
v -127.218092 92.650443 -67.431406
v -127.509003 91.724515 -67.674752
v -127.452633 91.637218 -67.644889
v -127.798202 92.290199 -68.173746
v -127.735337 91.628134 -67.297716
v -127.509003 91.724515 -67.674752
v -127.924287 91.594792 -67.609199
v -127.637617 92.780459 -68.109342
v -127.426334 93.308425 -67.848643
v -127.798202 92.290199 -68.173746
v -122.647409 62.625206 -73.814879
v -122.702384 67.062873 -76.253770
v -123.568332 56.854016 -74.709149
v -127.509003 91.724515 -67.674752
v -127.637617 92.780459 -68.109342
v -127.924287 91.594792 -67.609199
v -127.516933 93.203712 -68.007893
v -127.509003 91.724515 -67.674752
v -127.426334 93.308425 -67.848643
v -127.509003 91.724515 -67.674752
v -127.516933 93.203712 -68.007893
v -127.637617 92.780459 -68.109342
v -127.924287 91.594792 -67.609199
v -127.637617 92.780459 -68.109342
v -127.798202 92.290199 -68.173746
v -127.495648 92.696929 -67.492732
v -127.218092 92.650443 -67.431406
v -127.357384 93.069822 -67.004510
v -127.357384 93.069822 -67.004510
v -127.426334 93.308425 -67.848643
v -127.900795 93.528116 -67.795242
v -127.900795 93.528116 -67.795242
v -127.637617 92.780459 -68.109342
v -127.516933 93.203712 -68.007893
v -128.846926 87.666309 -66.694003
v -126.255872 85.212755 -66.003586
v -128.249668 83.566123 -65.968941
v -131.974622 58.115607 -52.424004
v -132.335570 57.914382 -53.048146
v -133.172422 58.145124 -52.619862
v -126.024109 42.842219 -75.165673
v -126.537485 40.087211 -74.535614
v -126.919155 41.181019 -74.892585
v -132.959933 98.925746 -67.856358
v -134.311485 97.610903 -67.899485
v -133.863153 99.682069 -65.894446
v -136.883305 44.701585 -52.745381
v -136.836592 44.380787 -51.066066
v -136.810996 43.553251 -53.247987
v -120.405071 82.675511 -69.768580
v -119.621452 83.721375 -66.520587
v -118.270526 79.693925 -71.681072
v -135.193870 40.930909 -51.792762
v -137.279681 42.221800 -52.366516
v -136.640626 41.378987 -53.160998
v -127.495648 92.696929 -67.492732
v -127.357384 93.069822 -67.004510
v -127.735337 91.628134 -67.297716
v -136.883305 44.701585 -52.745381
v -134.820532 48.093158 -52.539099
v -136.836592 44.380787 -51.066066
v -123.554255 48.701304 -79.116918
v -121.126686 46.044505 -78.744719
v -125.178779 44.879926 -79.808737
v -117.672070 59.145445 -75.702236
v -117.843889 58.751637 -73.670495
v -120.361000 54.872996 -77.680357
v -125.360351 61.665123 -52.407318
v -123.882649 68.577873 -53.639562
v -126.439327 64.403546 -52.830536
v -135.290789 36.871147 -54.107360
v -136.201073 42.031521 -54.201447
v -135.505355 41.992235 -56.551368
v -127.891271 80.625403 -50.381869
v -124.313471 80.790174 -53.797345
v -126.880989 83.705479 -53.644704
v -124.516884 45.934934 -72.639261
v -125.145778 48.694006 -72.948471
v -122.642696 48.497903 -72.171868
v -135.119640 44.150117 -55.369422
v -136.201073 42.031521 -54.201447
v -135.373552 42.832619 -53.984526
v -136.361410 43.178958 -52.519976
v -135.373552 42.832619 -53.984526
v -136.201073 42.031521 -54.201447
v -137.279681 42.221800 -52.366516
v -137.303340 42.874867 -52.988253
v -136.640626 41.378987 -53.160998
v -135.466571 43.570197 -49.671426
v -136.361410 43.178958 -52.519976
v -136.836592 44.380787 -51.066066
v -136.836592 44.380787 -51.066066
v -136.361410 43.178958 -52.519976
v -136.810996 43.553251 -53.247987
v -124.938723 32.121301 -60.026638
v -126.990317 29.692042 -60.480583
v -130.714234 35.096097 -60.148446
v -123.414520 32.619285 -57.346804
v -124.486472 33.647352 -54.898772
v -123.767966 29.385107 -56.173274
v -120.310798 29.150367 -70.781786
v -124.906811 27.814633 -73.511580
v -120.479015 29.945308 -70.362450
v -119.327876 65.501928 -67.637627
v -117.645260 72.119689 -66.456229
v -118.088575 66.871130 -65.285036
v -128.316267 46.218315 -51.616181
v -128.643545 49.051291 -50.749207
v -130.609156 46.918169 -51.633080
v -120.920802 0.745219 -79.474062
v -120.950476 0.054825 -78.032995
v -124.532522 0.000000 -79.898450
v -120.401898 51.543647 -74.569562
v -121.650090 48.545045 -74.987316
v -119.748919 51.404214 -75.860684
v -117.649931 85.108107 -60.432765
v -116.791370 84.072172 -59.046213
v -116.634407 84.454131 -60.434594
v -123.568332 56.854016 -74.709149
v -123.870562 52.241045 -75.616717
v -123.435161 54.515314 -73.869382
v -126.671546 73.398101 -51.280938
v -124.805234 75.874638 -52.169853
v -125.865787 76.720333 -50.001637
v -134.312206 45.363742 -64.352730
v -132.093877 41.560710 -61.994269
v -134.389840 44.852475 -61.600542
v -125.097315 85.792005 -56.807078
v -120.130904 83.162659 -57.799561
v -122.123721 84.558892 -57.429183
v -136.883305 44.701585 -52.745381
v -136.810996 43.553251 -53.247987
v -136.734741 46.795517 -53.786814
v -134.787259 55.334067 -53.333836
v -133.835458 53.442925 -52.853961
v -134.321278 52.209789 -53.350442
v -120.086358 82.119620 -58.780687
v -120.865104 82.588601 -58.330389
v -121.912600 82.770490 -57.497470
v -130.309430 72.908742 -70.409149
v -128.473845 80.605412 -67.704409
v -126.688255 77.066559 -72.200793
v -137.279681 42.221800 -52.366516
v -136.951842 41.681135 -51.122590
v -138.613730 43.157107 -51.082910
v -133.245322 48.323167 -66.821727
v -133.067627 45.866716 -67.863741
v -133.477221 45.785433 -66.046418
v -117.831710 0.082475 -73.352547
v -117.057294 0.937152 -74.352073
v -114.722178 0.661289 -70.994191
v -118.551986 68.534588 -61.742249
v -118.586195 69.133591 -59.997027
v -119.110899 62.050164 -64.901306
v -124.486472 33.647352 -54.898772
v -124.166965 35.698861 -54.438646
v -125.600626 32.582950 -53.190330
v -133.883231 98.922777 -63.281602
v -132.041858 100.221634 -63.343230
v -133.863153 99.682069 -65.894446
v -132.897697 61.405444 -47.181625
v -136.334294 56.711400 -48.110589
v -135.121991 55.864507 -48.097497
v -117.761306 83.173966 -58.545874
v -119.055013 83.042222 -58.190290
v -119.120150 82.789594 -58.540635
v -131.344922 92.416769 -60.161469
v -131.247800 94.956774 -60.061645
v -131.135769 92.108905 -60.091637
v -129.407971 0.829011 -55.119272
v -130.131331 0.872499 -57.161425
v -127.715865 1.404780 -57.058395
v -131.146366 5.157632 -53.820788
v -130.124937 2.862185 -51.951927
v -129.447233 6.756651 -53.414630
v -135.302245 92.619956 -66.757000
v -136.058389 90.466762 -66.537527
v -135.063568 89.016313 -65.507364
v -121.326157 27.178639 -73.158662
v -124.906811 27.814633 -73.511580
v -120.310798 29.150367 -70.781786
v -129.085236 10.077342 -54.430115
v -129.447233 6.756651 -53.414630
v -127.984816 8.199250 -52.888618
v -121.753185 36.323079 -63.459398
v -122.915882 41.417634 -60.532914
v -123.144127 34.564987 -63.274419
v -131.714789 56.675595 -52.093605
v -129.429100 56.117904 -52.476151
v -131.068573 58.265918 -52.536882
v -134.933494 49.266619 -53.050204
v -134.440421 48.521888 -53.519284
v -134.820532 48.093158 -52.539099
v -127.822552 75.089889 -49.245607
v -128.934984 67.080021 -50.584411
v -128.483777 69.337261 -52.487846
v -124.516884 45.934934 -72.639261
v -124.338742 43.896750 -73.513787
v -127.518857 42.747307 -73.228256
v -125.610164 39.030379 -61.547508
v -122.915882 41.417634 -60.532914
v -124.422411 40.800017 -59.494748
v -124.412056 20.778725 -69.661062
v -122.120919 10.772231 -68.085600
v -123.819268 18.589181 -66.495360
v -132.471085 43.630240 -68.234305
v -131.120284 43.704471 -70.005717
v -131.526579 40.810526 -68.437038
v -122.581173 50.484276 -78.832434
v -121.394810 48.797161 -77.332509
v -121.126686 46.044505 -78.744719
v -126.880989 83.705479 -53.644704
v -123.140092 82.737684 -54.868504
v -122.709750 83.804619 -57.232785
v -138.670292 46.602124 -49.760529
v -136.872122 52.137792 -49.525928
v -138.168821 52.595133 -50.891874
v -126.385385 43.341208 -75.254531
v -126.149790 43.439007 -75.398349
v -125.965916 44.575671 -75.930743
v -130.670078 85.140026 -65.216078
v -128.249668 83.566123 -65.968941
v -130.333876 83.293772 -63.023660
v -123.554255 48.701304 -79.116918
v -122.581173 50.484276 -78.832434
v -121.126686 46.044505 -78.744719
v -130.432982 66.876852 -48.347901
v -130.184059 64.182633 -48.864757
v -128.934984 67.080021 -50.584411
v -133.166744 49.207181 -51.574269
v -134.525155 47.722965 -51.728199
v -133.393931 48.002344 -52.565358
v -133.738146 96.998018 -61.608028
v -131.247800 94.956774 -60.061645
v -130.727000 99.404937 -60.984908
v -133.477221 45.785433 -66.046418
v -134.312206 45.363742 -64.352730
v -133.245322 48.323167 -66.821727
v -122.578190 53.918487 -73.582703
v -123.568332 56.854016 -74.709149
v -123.435161 54.515314 -73.869382
v -135.373552 42.832619 -53.984526
v -133.308223 43.771869 -51.714749
v -130.982191 44.956398 -51.472105
v -126.706900 1.060098 -51.573808
v -125.409508 2.082044 -51.487380
v -129.013337 1.778424 -51.674670
v -126.706900 1.060098 -51.573808
v -129.013337 1.778424 -51.674670
v -128.335278 0.920015 -53.063144
v -137.631029 48.533666 -53.941756
v -134.933494 49.266619 -53.050204
v -136.734741 46.795517 -53.786814
v -130.978060 60.851234 -52.175640
v -131.292203 59.304011 -50.999550
v -132.092158 59.450126 -52.356003
v -127.218103 33.549010 -51.840748
v -124.166965 35.698861 -54.438646
v -127.702477 38.845801 -51.709447
v -122.903240 44.732231 -72.994116
v -121.847023 44.257414 -72.932740
v -122.768097 44.669137 -72.837392
v -120.572057 39.471048 -69.959727
v -120.166508 40.869772 -70.720121
v -120.179545 37.843144 -67.134859
v -123.840950 0.249094 -72.906960
v -126.727749 0.959355 -74.192104
v -127.103252 0.220263 -77.047476
v -117.918127 72.633296 -69.951464
v -116.891977 72.649759 -70.964286
v -116.725124 76.091707 -70.918684
v -136.265373 93.742049 -65.920439
v -135.892497 95.782853 -64.944109
v -134.311485 97.610903 -67.899485
v -125.872649 95.623094 -64.910849
v -126.417775 96.079385 -62.507026
v -126.093188 90.665019 -63.174255
v -135.302245 92.619956 -66.757000
v -132.991294 92.712528 -68.574017
v -134.794847 89.616490 -67.295555
v -125.057814 0.820499 -53.077883
v -126.706900 1.060098 -51.573808
v -128.335278 0.920015 -53.063144
v -137.631029 48.533666 -53.941756
v -139.222550 47.490540 -53.041042
v -139.177393 48.637483 -51.605545
v -137.972870 44.337082 -53.849168
v -137.303340 42.874867 -52.988253
v -139.222550 47.490540 -53.041042
v -121.015776 0.307274 -68.699433
v -118.514480 0.194985 -68.541230
v -120.631483 1.413345 -67.472580
v -126.727749 0.959355 -74.192104
v -123.595422 1.384848 -71.229674
v -123.715118 3.763312 -71.787741
v -131.714789 56.675595 -52.093605
v -133.255127 54.974526 -51.629925
v -132.528916 55.251247 -52.126818
v -117.122687 8.679330 -66.520739
v -116.439785 12.549969 -67.320384
v -118.882800 13.715815 -65.716774
v -133.114957 43.302584 -50.535844
v -130.982191 44.956398 -51.472105
v -133.308223 43.771869 -51.714749
v -129.407971 0.829011 -55.119272
v -127.715865 1.404780 -57.058395
v -126.138820 0.775212 -55.922893
v -119.287017 77.992272 -58.102859
v -120.939550 77.638518 -57.442128
v -120.595688 76.644748 -59.470086
v -138.613730 43.157107 -51.082910
v -138.108616 42.355603 -52.080759
v -137.279681 42.221800 -52.366516
v -121.394810 48.797161 -77.332509
v -121.136712 50.765038 -78.193681
v -121.650090 48.545045 -74.987316
v -118.323534 82.071876 -60.876066
v -120.086358 82.119620 -58.780687
v -119.847894 82.307994 -58.630874
v -122.109638 8.252963 -69.975391
v -122.324417 7.514677 -72.386872
v -122.544818 5.630341 -69.931525
v -118.310535 56.036412 -65.527847
v -118.478402 47.310185 -61.498612
v -118.734496 46.062499 -66.272624
v -122.743532 0.767499 -52.557309
v -121.265481 1.023167 -55.525598
v -121.015690 2.315545 -53.703781
v -124.516884 45.934934 -72.639261
v -122.801297 45.449334 -72.354096
v -122.708415 44.866794 -72.619322
v -131.266580 62.261748 -48.022347
v -130.184059 64.182633 -48.864757
v -130.432982 66.876852 -48.347901
v -126.093188 90.665019 -63.174255
v -126.135380 88.027841 -61.507447
v -125.010609 86.915207 -63.488113
v -125.241282 2.113104 -57.184136
v -126.138820 0.775212 -55.922893
v -127.715865 1.404780 -57.058395
v -130.714234 35.096097 -60.148446
v -132.093877 41.560710 -61.994269
v -129.276921 38.014078 -62.011639
v -118.883014 43.042731 -64.504724
v -119.989070 45.926904 -60.422949
v -119.660682 43.745500 -61.601012
v -124.532522 0.000000 -79.898450
v -124.435035 1.217628 -80.879150
v -120.920802 0.745219 -79.474062
v -120.648018 86.209833 -60.673543
v -122.199646 86.833012 -60.167646
v -122.496313 86.372298 -60.189140
v -123.840950 0.249094 -72.906960
v -123.595422 1.384848 -71.229674
v -126.727749 0.959355 -74.192104
v -118.533116 21.064856 -65.396531
v -122.170648 26.053920 -64.784138
v -121.250827 21.720254 -64.376951
v -125.965916 44.575671 -75.930743
v -123.426952 45.025850 -76.275956
v -122.214854 49.458677 -74.499742
v -127.519128 87.247121 -60.247609
v -125.351572 87.139630 -59.631267
v -124.366261 86.587500 -60.765102
v -133.479326 75.699234 -50.216694
v -134.235460 72.790623 -51.952168
v -134.247207 67.934972 -51.084444
v -117.649931 85.108107 -60.432765
v -116.634407 84.454131 -60.434594
v -118.627894 84.467709 -62.347494
v -125.178779 44.879926 -79.808737
v -121.868615 43.589848 -78.589034
v -124.599689 42.290280 -78.987337
v -129.828923 6.691024 -55.801762
v -131.594660 4.952508 -56.952219
v -132.714237 4.924041 -55.180862
v -131.390095 41.952297 -63.145379
v -130.049423 41.655597 -62.859668
v -127.813284 39.045724 -62.409616
v -118.882800 13.715815 -65.716774
v -121.426072 14.265290 -65.749376
v -118.990041 5.832097 -66.335442
v -138.670292 46.602124 -49.760529
v -138.613730 43.157107 -51.082910
v -136.726890 42.731717 -49.730344
v -123.595422 1.384848 -71.229674
v -121.015776 0.307274 -68.699433
v -120.631483 1.413345 -67.472580
v -128.549101 31.679416 -67.059178
v -129.953283 37.043873 -66.582750
v -129.358646 34.092212 -69.048179
v -134.044189 70.788312 -52.840923
v -135.025486 75.546372 -54.436166
v -132.677911 67.864752 -53.709266
v -133.245322 48.323167 -66.821727
v -135.680392 51.048464 -62.939351
v -134.184217 52.065421 -67.326475
v -132.335570 57.914382 -53.048146
v -135.299569 69.901121 -59.428749
v -134.703968 51.564360 -54.633726
v -125.496387 86.731482 -64.768123
v -126.093188 90.665019 -63.174255
v -125.010609 86.915207 -63.488113
v -124.612354 35.607326 -58.834250
v -127.081166 38.416579 -61.677144
v -125.610164 39.030379 -61.547508
v -122.575942 42.434576 -75.411051
v -121.451342 43.392253 -76.852473
v -125.058754 43.212578 -76.582513
v -125.187082 2.807588 -79.277793
v -126.318234 1.571000 -80.448724
v -126.839195 2.395767 -79.058746
v -125.402718 74.212426 -74.026343
v -126.688255 77.066559 -72.200793
v -126.002417 77.450210 -73.358286
v -120.724885 84.013271 -58.963672
v -120.631822 82.777911 -59.883022
v -119.948907 84.265136 -60.970799
v -133.222976 55.356228 -52.653329
v -134.787259 55.334067 -53.333836
v -133.172422 58.145124 -52.619862
v -132.605625 85.846412 -66.290014
v -133.828908 86.596108 -66.715744
v -132.416510 88.561899 -68.112962
v -124.712678 37.982213 -54.514251
v -124.166965 35.698861 -54.438646
v -124.041368 37.815743 -57.115888
v -122.348536 64.474899 -70.247038
v -118.958881 68.250239 -70.296815
v -119.075530 69.179916 -69.450915
v -121.973059 60.796851 -72.176037
v -122.578190 53.918487 -73.582703
v -120.819152 58.287925 -71.824797
v -122.008240 87.151289 -63.691834
v -123.365699 86.723065 -65.354657
v -123.184587 87.271225 -63.743444
v -121.726023 74.018544 -74.965128
v -123.280383 68.272352 -74.353706
v -123.437056 74.058080 -74.338936
v -126.844202 28.537777 -72.711457
v -124.906811 27.814633 -73.511580
v -126.690371 24.586395 -72.211348
v -119.621452 83.721375 -66.520587
v -120.405071 82.675511 -69.768580
v -120.490800 85.170579 -67.319634
v -120.233583 83.717978 -62.326937
v -119.948907 84.265136 -60.970799
v -119.586205 83.368861 -61.965769
v -127.729720 29.139042 -60.146327
v -124.554753 27.908021 -58.332286
v -124.616814 24.566987 -58.260889
v -120.959519 34.845129 -71.856220
v -121.004977 31.927657 -70.707320
v -124.760858 34.126196 -73.609070
v -120.631483 1.413345 -67.472580
v -118.900051 1.761842 -65.808728
v -118.990041 5.832097 -66.335442
v -124.166965 35.698861 -54.438646
v -124.486472 33.647352 -54.898772
v -124.038585 34.309512 -57.137674
v -133.815966 61.946076 -52.410574
v -135.860614 61.006028 -52.612750
v -134.624033 70.917082 -50.189201
v -128.760532 25.294709 -58.563999
v -127.240759 25.275493 -58.178852
v -126.451183 22.909275 -58.724632
v -118.944110 80.661618 -59.652642
v -119.847894 82.307994 -58.630874
v -120.086358 82.119620 -58.780687
v -138.024134 1.314628 -54.009556
v -139.151299 1.703769 -57.721301
v -136.987024 1.052219 -58.453847
v -134.074049 52.576131 -49.093782
v -131.287230 59.628606 -49.448679
v -133.764798 55.238724 -48.573184
v -120.401898 51.543647 -74.569562
v -122.214854 49.458677 -74.499742
v -121.650090 48.545045 -74.987316
v -120.572057 39.471048 -69.959727
v -120.959519 34.845129 -71.856220
v -121.148116 40.099597 -72.551457
v -137.778226 2.491486 -53.589445
v -138.024134 1.314628 -54.009556
v -134.706870 1.758748 -51.862988
v -137.303340 42.874867 -52.988253
v -137.972870 44.337082 -53.849168
v -136.810996 43.553251 -53.247987
v -118.520512 80.918079 -59.934363
v -119.013495 80.922413 -60.385175
v -118.366471 80.441987 -60.300992
v -120.763563 81.298685 -73.242342
v -122.939150 82.873350 -70.308509
v -120.405071 82.675511 -69.768580
v -121.142689 80.588960 -55.788299
v -119.287017 77.992272 -58.102859
v -118.845064 80.297845 -58.626282
v -124.465670 9.401199 -52.210192
v -125.299996 11.190217 -51.141261
v -126.446368 7.039889 -52.231273
v -121.142689 80.588960 -55.788299
v -124.313471 80.790174 -53.797345
v -122.505486 77.691197 -55.392805
v -117.240770 62.087333 -74.092747
v -117.933272 62.949228 -72.380548
v -119.408243 61.050725 -72.118699
v -122.117918 53.277957 -54.777601
v -118.176005 61.115467 -60.211233
v -120.898208 63.391560 -55.920211
v -131.056444 91.778487 -60.368170
v -131.344922 92.416769 -60.161469
v -131.413545 91.378671 -60.285393
v -125.027595 49.005747 -78.174708
v -124.382844 52.064205 -78.400331
v -123.554255 48.701304 -79.116918
v -126.862750 48.830369 -72.656272
v -129.822514 48.841387 -71.109339
v -127.726874 57.230443 -71.387301
v -119.297993 84.670424 -63.710883
v -118.627894 84.467709 -62.347494
v -117.687667 82.663405 -62.883383
v -119.660682 43.745500 -61.601012
v -121.184299 45.821479 -57.452487
v -122.915882 41.417634 -60.532914
v -125.496387 86.731482 -64.768123
v -125.010609 86.915207 -63.488113
v -123.884445 85.842419 -64.460850
v -116.971557 82.569193 -61.065272
v -117.687667 82.663405 -62.883383
v -116.634407 84.454131 -60.434594
v -131.620743 26.466209 -53.645710
v -130.654778 23.807850 -55.702250
v -129.961428 24.691096 -53.489526
v -131.377032 83.341348 -52.370610
v -128.349976 84.804082 -55.424197
v -130.149050 84.175479 -56.968867
v -126.948040 90.576982 -61.641141
v -126.417775 96.079385 -62.507026
v -127.595045 95.806742 -60.926029
v -124.712678 37.982213 -54.514251
v -127.702477 38.845801 -51.709447
v -124.166965 35.698861 -54.438646
v -120.848469 85.508704 -63.487338
v -120.016057 85.113239 -61.451234
v -120.260761 84.692788 -61.811620
v -130.203675 85.117650 -61.623986
v -130.149050 84.175479 -56.968867
v -129.099456 86.792254 -60.437325
v -125.027595 49.005747 -78.174708
v -123.554255 48.701304 -79.116918
v -125.178779 44.879926 -79.808737
v -122.743532 0.767499 -52.557309
v -125.409508 2.082044 -51.487380
v -125.057814 0.820499 -53.077883
v -127.729720 29.139042 -60.146327
v -124.616814 24.566987 -58.260889
v -125.985472 25.326994 -58.670676
v -120.361000 54.872996 -77.680357
v -118.668385 54.866654 -75.795147
v -119.001933 53.065145 -77.249071
v -133.255127 54.974526 -51.629925
v -132.309092 56.614709 -51.108598
v -134.074049 52.576131 -49.093782
v -121.194391 8.335826 -67.493522
v -118.990041 5.832097 -66.335442
v -121.426072 14.265290 -65.749376
v -124.465670 9.401199 -52.210192
v -122.515427 8.195567 -54.222343
v -122.927673 11.618399 -53.726445
v -115.557246 16.995162 -68.756889
v -117.036420 23.053175 -67.517056
v -116.676308 18.989476 -67.080243
v -133.815966 61.946076 -52.410574
v -133.077424 65.700752 -52.777409
v -131.525787 62.865740 -53.130979
v -138.670292 46.602124 -49.760529
v -139.177393 48.637483 -51.605545
v -138.613730 43.157107 -51.082910
v -120.490800 85.170579 -67.319634
v -118.428469 83.535671 -64.960368
v -119.621452 83.721375 -66.520587
v -131.068573 58.265918 -52.536882
v -131.974622 58.115607 -52.424004
v -131.714789 56.675595 -52.093605
v -123.514329 44.119120 -73.834759
v -126.024109 42.842219 -75.165673
v -126.149790 43.439007 -75.398349
v -119.660682 43.745500 -61.601012
v -119.989070 45.926904 -60.422949
v -121.184299 45.821479 -57.452487
v -121.136712 50.765038 -78.193681
v -122.581173 50.484276 -78.832434
v -122.522532 52.336443 -78.247190
v -122.174171 64.440161 -70.613374
v -122.605334 65.976614 -71.151620
v -123.278948 66.672659 -73.263044
v -120.527761 78.608739 -74.619425
v -124.519201 78.618425 -74.116586
v -122.323363 81.602419 -73.106609
v -116.562445 76.051575 -69.538012
v -116.441748 75.888377 -67.613277
v -116.982272 72.929758 -68.443781
v -133.117691 52.421194 -52.336997
v -133.147015 50.989526 -51.737660
v -132.178921 53.048390 -52.876974
v -119.989070 45.926904 -60.422949
v -118.478402 47.310185 -61.498612
v -120.374256 47.093293 -56.488645
v -133.114957 43.302584 -50.535844
v -130.249410 43.874505 -50.550130
v -130.982191 44.956398 -51.472105
v -135.119640 44.150117 -55.369422
v -135.373552 42.832619 -53.984526
v -130.982191 44.956398 -51.472105
v -123.493385 40.366456 -74.165815
v -121.148116 40.099597 -72.551457
v -120.959519 34.845129 -71.856220
v -135.600225 49.474707 -55.948940
v -135.119640 44.150117 -55.369422
v -134.131712 47.578612 -54.222311
v -118.088575 66.871130 -65.285036
v -117.195944 74.456840 -64.715164
v -118.551986 68.534588 -61.742249
v -132.733057 81.808007 -51.772187
v -133.421016 81.673265 -53.550322
v -134.339864 78.713709 -52.366831
v -118.310535 56.036412 -65.527847
v -121.652763 52.512944 -70.727668
v -120.806764 56.790513 -70.234900
v -122.945865 0.689846 -55.486868
v -121.265481 1.023167 -55.525598
v -122.743532 0.767499 -52.557309
v -126.939775 56.028723 -51.664791
v -124.554210 58.989644 -52.683008
v -125.360351 61.665123 -52.407318
v -122.214854 49.458677 -74.499742
v -123.426952 45.025850 -76.275956
v -121.650090 48.545045 -74.987316
v -120.267546 83.971649 -58.640694
v -122.167980 84.896284 -57.696972
v -119.854356 83.748376 -58.072059
v -134.624033 70.917082 -50.189201
v -135.335741 69.291496 -49.527095
v -132.937060 76.271164 -49.430887
v -120.865104 82.588601 -58.330389
v -120.724885 84.013271 -58.963672
v -119.677633 83.680260 -59.512650
v -132.897697 61.405444 -47.181625
v -135.121991 55.864507 -48.097497
v -133.764798 55.238724 -48.573184
v -127.858734 53.607613 -51.640110
v -131.007426 53.467989 -51.801924
v -128.643545 49.051291 -50.749207
v -122.801297 45.449334 -72.354096
v -122.642696 48.497903 -72.171868
v -120.921431 46.247917 -71.153727
v -122.114041 87.214315 -61.448032
v -123.215610 87.366855 -59.928338
v -122.199646 86.833012 -60.167646
v -128.643545 49.051291 -50.749207
v -128.316267 46.218315 -51.616181
v -124.157016 47.372359 -52.498649
v -117.728394 25.923684 -69.466771
v -117.983126 22.070032 -71.912404
v -119.996783 26.117474 -71.936772
v -123.472686 64.219451 -73.271296
v -123.278948 66.672659 -73.263044
v -123.280383 68.272352 -74.353706
v -126.318234 1.571000 -80.448724
v -127.773674 1.612240 -78.165724
v -126.839195 2.395767 -79.058746
v -116.607449 78.264570 -70.341522
v -117.673604 79.398143 -67.594466
v -116.441748 75.888377 -67.613277
v -137.534132 1.886690 -59.034659
v -134.758820 1.174712 -59.234314
v -136.987024 1.052219 -58.453847
v -121.148116 40.099597 -72.551457
v -123.493385 40.366456 -74.165815
v -121.847023 44.257414 -72.932740
v -122.889611 41.270688 -76.566538
v -122.575942 42.434576 -75.411051
v -123.684769 41.293001 -75.361001
v -123.472686 64.219451 -73.271296
v -122.647409 62.625206 -73.814879
v -121.973059 60.796851 -72.176037
v -136.201073 42.031521 -54.201447
v -136.640626 41.378987 -53.160998
v -137.303340 42.874867 -52.988253
v -122.167980 84.896284 -57.696972
v -121.898948 84.135639 -57.462755
v -119.854356 83.748376 -58.072059
v -125.243106 68.779468 -52.387050
v -129.199862 66.932702 -53.026689
v -126.439327 64.403546 -52.830536
v -119.847894 82.307994 -58.630874
v -119.055013 83.042222 -58.190290
v -120.130904 83.162659 -57.799561
v -128.912336 25.465679 -51.958056
v -128.641774 29.390883 -52.589015
v -131.620743 26.466209 -53.645710
v -128.346345 26.683751 -69.027581
v -129.358646 34.092212 -69.048179
v -126.690371 24.586395 -72.211348
v -129.822514 48.841387 -71.109339
v -126.862750 48.830369 -72.656272
v -127.827140 46.536166 -72.267811
v -131.115435 91.594124 -60.226012
v -131.135769 92.108905 -60.091637
v -131.247800 94.956774 -60.061645
v -134.507034 35.388056 -56.538247
v -130.656296 30.973363 -59.538271
v -134.287415 31.919849 -56.032970
v -136.265373 93.742049 -65.920439
v -135.302245 92.619956 -66.757000
v -135.610667 93.292570 -63.704220
v -121.148116 40.099597 -72.551457
v -120.166508 40.869772 -70.720121
v -120.572057 39.471048 -69.959727
v -129.970448 88.771457 -67.786586
v -132.605625 85.846412 -66.290014
v -132.416510 88.561899 -68.112962
v -119.671156 43.786344 -70.297030
v -121.847023 44.257414 -72.932740
v -120.921431 46.247917 -71.153727
v -119.408243 61.050725 -72.118699
v -120.819152 58.287925 -71.824797
v -118.178404 58.596700 -72.513653
v -122.743532 0.767499 -52.557309
v -122.106760 3.235364 -52.430013
v -125.409508 2.082044 -51.487380
v -127.452633 91.637218 -67.644889
v -129.970448 88.771457 -67.786586
v -127.924287 91.594792 -67.609199
v -125.139039 57.483065 -71.824095
v -120.806764 56.790513 -70.234900
v -125.967123 53.864503 -71.548007
v -134.652006 33.550429 -54.381382
v -134.507034 35.388056 -56.538247
v -134.287415 31.919849 -56.032970
v -117.270079 12.605643 -71.870715
v -120.910800 21.666765 -72.973730
v -117.983126 22.070032 -71.912404
v -129.940271 99.652362 -67.344195
v -132.959933 98.925746 -67.856358
v -133.863153 99.682069 -65.894446
v -133.748220 36.452514 -59.240295
v -134.507034 35.388056 -56.538247
v -135.287787 37.826818 -57.014636
v -118.668385 54.866654 -75.795147
v -120.361000 54.872996 -77.680357
v -117.843889 58.751637 -73.670495
v -125.241282 2.113104 -57.184136
v -129.556568 4.061276 -58.488838
v -125.870555 6.943428 -57.987714
v -122.436347 4.864586 -74.762335
v -122.070760 2.100724 -79.796692
v -125.187082 2.807588 -79.277793
v -123.884445 85.842419 -64.460850
v -124.757784 86.388463 -61.773014
v -123.071338 86.074203 -63.647802
v -121.126686 46.044505 -78.744719
v -120.751656 46.793354 -77.688456
v -121.256688 46.377814 -76.794443
v -133.779643 41.868737 -50.696493
v -135.193870 40.930909 -51.792762
v -131.149358 34.959987 -51.660160
v -130.124937 2.862185 -51.951927
v -134.706870 1.758748 -51.862988
v -134.120618 0.992709 -52.516610
v -122.348536 64.474899 -70.247038
v -122.588767 63.720810 -69.839148
v -125.339612 63.527078 -71.059992
v -127.735337 91.628134 -67.297716
v -129.970448 88.771457 -67.786586
v -127.452633 91.637218 -67.644889
v -118.228779 0.575960 -76.665795
v -119.137897 2.520567 -77.264806
v -117.057294 0.937152 -74.352073
v -122.458599 44.990826 -72.645107
v -121.847023 44.257414 -72.932740
v -122.903240 44.732231 -72.994116
v -124.382844 52.064205 -78.400331
v -124.221459 53.717190 -76.835413
v -123.114597 54.298878 -78.137090
v -134.954697 75.475991 -56.964698
v -134.235703 69.499290 -56.845529
v -135.025486 75.546372 -54.436166
v -119.110899 62.050164 -64.901306
v -118.310535 56.036412 -65.527847
v -120.093188 61.650276 -68.402164
v -119.671156 43.786344 -70.297030
v -121.148116 40.099597 -72.551457
v -121.847023 44.257414 -72.932740
v -127.452633 91.637218 -67.644889
v -127.218092 92.650443 -67.431406
v -127.735337 91.628134 -67.297716
v -130.028347 89.466477 -61.076343
v -129.099456 86.792254 -60.437325
v -127.519128 87.247121 -60.247609
v -135.121991 55.864507 -48.097497
v -136.587605 54.182881 -48.289422
v -135.173687 52.970886 -48.130109
v -122.348536 64.474899 -70.247038
v -122.174171 64.440161 -70.613374
v -118.958881 68.250239 -70.296815
v -131.120284 43.704471 -70.005717
v -132.471085 43.630240 -68.234305
v -133.067627 45.866716 -67.863741
v -127.924287 91.594792 -67.609199
v -129.970448 88.771457 -67.786586
v -130.308110 90.961838 -68.408932
v -119.120150 82.789594 -58.540635
v -117.925582 84.394574 -59.098053
v -120.267546 83.971649 -58.640694
v -122.782313 86.339700 -59.611431
v -122.496313 86.372298 -60.189140
v -122.199646 86.833012 -60.167646
v -123.684769 41.293001 -75.361001
v -125.310109 42.368320 -76.141460
v -125.063534 41.027290 -77.006579
v -130.131331 0.872499 -57.161425
v -130.217178 1.899219 -58.268229
v -127.715865 1.404780 -57.058395
v -126.451183 22.909275 -58.724632
v -125.216003 12.179726 -57.606274
v -128.158056 13.349670 -56.489501
v -135.063568 89.016313 -65.507364
v -136.058389 90.466762 -66.537527
v -134.794847 89.616490 -67.295555
v -119.071178 82.471359 -64.728379
v -118.627641 80.208718 -61.500411
v -117.763557 79.639584 -63.106793
v -136.265318 59.062541 -52.397047
v -135.815314 52.822733 -52.739389
v -137.144095 55.557317 -51.769812
v -130.609156 46.918169 -51.633080
v -133.166744 49.207181 -51.574269
v -133.393931 48.002344 -52.565358
v -132.897697 61.405444 -47.181625
v -131.287230 59.628606 -49.448679
v -131.266580 62.261748 -48.022347
v -122.588767 63.720810 -69.839148
v -122.819704 59.786874 -71.170957
v -125.339612 63.527078 -71.059992
v -120.267546 83.971649 -58.640694
v -119.573926 83.314830 -58.470138
v -119.120150 82.789594 -58.540635
v -127.715865 1.404780 -57.058395
v -130.217178 1.899219 -58.268229
v -129.556568 4.061276 -58.488838
v -131.146366 5.157632 -53.820788
v -133.828518 3.121227 -52.119826
v -130.124937 2.862185 -51.951927
v -133.618071 86.186630 -64.851433
v -135.063568 89.016313 -65.507364
v -133.828908 86.596108 -66.715744
v -134.565424 90.149606 -62.919796
v -133.618071 86.186630 -64.851433
v -131.708913 87.773442 -62.053729
v -124.599689 42.290280 -78.987337
v -121.868615 43.589848 -78.589034
v -122.889611 41.270688 -76.566538
v -131.668362 66.140068 -53.667382
v -133.077424 65.700752 -52.777409
v -132.677911 67.864752 -53.709266
v -124.532522 0.000000 -79.898450
v -127.041377 0.571734 -79.632210
v -124.435035 1.217628 -80.879150
v -119.996783 26.117474 -71.936772
v -120.910800 21.666765 -72.973730
v -121.174206 25.480738 -72.516010
v -134.311485 97.610903 -67.899485
v -134.802678 93.745673 -68.137096
v -136.265373 93.742049 -65.920439
v -126.881372 38.345805 -62.842413
v -132.471085 43.630240 -68.234305
v -129.953283 37.043873 -66.582750
v -118.883014 43.042731 -64.504724
v -118.734496 46.062499 -66.272624
v -119.989070 45.926904 -60.422949
v -120.595688 76.644748 -59.470086
v -118.586195 69.133591 -59.997027
v -119.325299 77.088034 -60.995663
v -118.428469 83.535671 -64.960368
v -119.071178 82.471359 -64.728379
v -119.621452 83.721375 -66.520587
v -135.063568 89.016313 -65.507364
v -135.610667 93.292570 -63.704220
v -135.302245 92.619956 -66.757000
v -119.033646 62.423289 -77.305799
v -120.724165 71.067435 -76.564695
v -117.366408 63.046432 -75.311277
v -122.214854 49.458677 -74.499742
v -121.326178 53.873563 -73.698133
v -122.578190 53.918487 -73.582703
v -121.932753 72.565198 -55.147833
v -123.735327 74.751579 -52.903843
v -123.882649 68.577873 -53.639562
v -122.077528 11.547777 -69.799135
v -120.623193 9.271312 -71.423379
v -122.109638 8.252963 -69.975391
v -128.249668 83.566123 -65.968941
v -130.339188 81.106663 -65.110357
v -129.413726 82.136941 -64.087172
v -133.389148 66.475838 -48.142808
v -132.897697 61.405444 -47.181625
v -131.266580 62.261748 -48.022347
v -122.214854 49.458677 -74.499742
v -122.578190 53.918487 -73.582703
v -123.870562 52.241045 -75.616717
v -126.135380 88.027841 -61.507447
v -130.028347 89.466477 -61.076343
v -127.519128 87.247121 -60.247609
v -130.049423 41.655597 -62.859668
v -130.797072 42.197699 -64.998633
v -129.052449 40.965635 -63.689162
v -127.900795 93.528116 -67.795242
v -132.534124 95.974410 -68.932531
v -127.940574 96.967691 -67.383442
v -122.915882 41.417634 -60.532914
v -125.610164 39.030379 -61.547508
v -123.144127 34.564987 -63.274419
v -122.819704 59.786874 -71.170957
v -120.093188 61.650276 -68.402164
v -120.806764 56.790513 -70.234900
v -129.961428 24.691096 -53.489526
v -128.912336 25.465679 -51.958056
v -131.620743 26.466209 -53.645710
v -124.554653 24.160579 -72.830771
v -121.174206 25.480738 -72.516010
v -123.483264 21.483147 -72.177624
v -125.010609 86.915207 -63.488113
v -124.757784 86.388463 -61.773014
v -123.884445 85.842419 -64.460850
v -124.554210 58.989644 -52.683008
v -120.898208 63.391560 -55.920211
v -122.379763 66.732847 -54.051196
v -118.990041 5.832097 -66.335442
v -121.194391 8.335826 -67.493522
v -120.631483 1.413345 -67.472580
v -121.265481 1.023167 -55.525598
v -121.213897 2.286172 -55.717531
v -121.015690 2.315545 -53.703781
v -126.282794 47.565741 -77.379976
v -123.870562 52.241045 -75.616717
v -124.221459 53.717190 -76.835413
v -131.292203 59.304011 -50.999550
v -131.287230 59.628606 -49.448679
v -132.309092 56.614709 -51.108598
v -122.515427 8.195567 -54.222343
v -122.106760 3.235364 -52.430013
v -121.015690 2.315545 -53.703781
v -129.970448 88.771457 -67.786586
v -132.416510 88.561899 -68.112962
v -130.308110 90.961838 -68.408932
v -123.884445 85.842419 -64.460850
v -126.255872 85.212755 -66.003586
v -125.496387 86.731482 -64.768123
v -133.828908 86.596108 -66.715744
v -132.605625 85.846412 -66.290014
v -133.618071 86.186630 -64.851433
v -130.339188 81.106663 -65.110357
v -134.893145 72.520948 -62.321150
v -134.083569 76.959592 -61.230662
v -122.805457 12.918573 -52.289305
v -125.299996 11.190217 -51.141261
v -124.465670 9.401199 -52.210192
v -136.334294 56.711400 -48.110589
v -136.587605 54.182881 -48.289422
v -135.121991 55.864507 -48.097497
v -117.122687 8.679330 -66.520739
v -118.882800 13.715815 -65.716774
v -118.990041 5.832097 -66.335442
v -124.906811 27.814633 -73.511580
v -126.582707 32.508204 -73.348821
v -121.004977 31.927657 -70.707320
v -121.250827 21.720254 -64.376951
v -124.050510 23.009858 -65.730761
v -121.426072 14.265290 -65.749376
v -118.366471 80.441987 -60.300992
v -118.121347 78.471952 -60.129345
v -117.763557 79.639584 -63.106793
v -116.024777 2.224683 -65.811609
v -116.333363 0.195372 -66.325050
v -113.931898 1.038408 -67.605369
v -121.142689 80.588960 -55.788299
v -120.939550 77.638518 -57.442128
v -119.287017 77.992272 -58.102859
v -129.940271 99.652362 -67.344195
v -130.076176 100.743055 -63.910761
v -128.568468 99.866974 -66.230399
v -132.209577 27.930236 -58.454836
v -132.302833 29.883137 -57.885266
v -129.694518 27.598825 -59.973340
v -126.007621 22.695297 -69.134708
v -125.407494 25.340164 -65.936482
v -126.193021 23.792100 -71.367629
v -127.773674 1.612240 -78.165724
v -126.318234 1.571000 -80.448724
v -127.041377 0.571734 -79.632210
v -133.863153 99.682069 -65.894446
v -130.076176 100.743055 -63.910761
v -129.940271 99.652362 -67.344195
v -130.131331 0.872499 -57.161425
v -134.758820 1.174712 -59.234314
v -130.217178 1.899219 -58.268229
v -127.218092 92.650443 -67.431406
v -127.452633 91.637218 -67.644889
v -127.426334 93.308425 -67.848643
v -134.321278 52.209789 -53.350442
v -134.933494 49.266619 -53.050204
v -135.815314 52.822733 -52.739389
v -117.078878 9.222293 -71.184090
v -118.872450 8.079725 -72.113040
v -117.270079 12.605643 -71.870715
v -121.912600 82.770490 -57.497470
v -123.140092 82.737684 -54.868504
v -120.086358 82.119620 -58.780687
v -125.985472 25.326994 -58.670676
v -124.616814 24.566987 -58.260889
v -126.451183 22.909275 -58.724632
v -121.394810 48.797161 -77.332509
v -121.256688 46.377814 -76.794443
v -120.751656 46.793354 -77.688456
v -125.187082 2.807588 -79.277793
v -124.435035 1.217628 -80.879150
v -126.318234 1.571000 -80.448724
v -122.436347 4.864586 -74.762335
v -121.933146 6.329051 -73.232000
v -119.434759 5.905655 -73.240376
v -119.137897 2.520567 -77.264806
v -120.920802 0.745219 -79.474062
v -122.070760 2.100724 -79.796692
v -119.769108 64.079070 -70.569839
v -118.958881 68.250239 -70.296815
v -121.324750 63.346225 -70.700011
v -127.518857 42.747307 -73.228256
v -127.827140 46.536166 -72.267811
v -124.516884 45.934934 -72.639261
v -139.177393 48.637483 -51.605545
v -139.222550 47.490540 -53.041042
v -138.613730 43.157107 -51.082910
v -124.098021 30.700522 -59.351879
v -124.554753 27.908021 -58.332286
v -126.990317 29.692042 -60.480583
v -127.813284 39.045724 -62.409616
v -129.052449 40.965635 -63.689162
v -126.881372 38.345805 -62.842413
v -118.514480 0.194985 -68.541230
v -120.941238 0.184858 -71.569297
v -117.831710 0.082475 -73.352547
v -123.114597 54.298878 -78.137090
v -122.522532 52.336443 -78.247190
v -124.382844 52.064205 -78.400331
v -122.709750 83.804619 -57.232785
v -125.097315 85.792005 -56.807078
v -126.880989 83.705479 -53.644704
v -132.528916 55.251247 -52.126818
v -133.222976 55.356228 -52.653329
v -132.734416 55.138171 -53.149026
v -127.020558 42.668849 -51.975495
v -128.316267 46.218315 -51.616181
v -130.249410 43.874505 -50.550130
v -126.537485 40.087211 -74.535614
v -126.024109 42.842219 -75.165673
v -123.493385 40.366456 -74.165815
v -121.174206 25.480738 -72.516010
v -120.910800 21.666765 -72.973730
v -123.483264 21.483147 -72.177624
v -130.184059 64.182633 -48.864757
v -131.266580 62.261748 -48.022347
v -131.287230 59.628606 -49.448679
v -134.525155 47.722965 -51.728199
v -136.836592 44.380787 -51.066066
v -134.820532 48.093158 -52.539099
v -132.970141 29.776752 -56.050819
v -131.620743 26.466209 -53.645710
v -128.641774 29.390883 -52.589015
v -128.760532 25.294709 -58.563999
v -126.451183 22.909275 -58.724632
v -129.053505 20.443860 -56.784723
v -118.454496 82.135909 -61.986469
v -119.530362 83.816051 -62.879099
v -119.586205 83.368861 -61.965769
v -132.897697 61.405444 -47.181625
v -134.441507 61.937785 -47.459193
v -136.334294 56.711400 -48.110589
v -126.135380 88.027841 -61.507447
v -126.948040 90.576982 -61.641141
v -130.028347 89.466477 -61.076343
v -122.008240 87.151289 -63.691834
v -120.848469 85.508704 -63.487338
v -123.365699 86.723065 -65.354657
v -124.157016 47.372359 -52.498649
v -120.374256 47.093293 -56.488645
v -122.117918 53.277957 -54.777601
v -123.595422 1.384848 -71.229674
v -121.194391 8.335826 -67.493522
v -122.544818 5.630341 -69.931525
v -126.007621 22.695297 -69.134708
v -124.412056 20.778725 -69.661062
v -124.050510 23.009858 -65.730761
v -131.120284 43.704471 -70.005717
v -133.067627 45.866716 -67.863741
v -133.245322 48.323167 -66.821727
v -124.637890 19.761872 -50.589460
v -124.678020 24.652668 -51.215078
v -126.639180 23.883640 -50.413964
v -117.728394 25.923684 -69.466771
v -119.042101 27.574596 -67.483901
v -117.036420 23.053175 -67.517056
v -117.423658 5.366081 -72.521624
v -115.910220 7.645851 -69.842759
v -114.722178 0.661289 -70.994191
v -123.879761 41.218349 -54.831412
v -124.712678 37.982213 -54.514251
v -124.041368 37.815743 -57.115888
v -128.470690 69.643545 -70.958965
v -127.726874 57.230443 -71.387301
v -131.439994 68.273127 -68.915820
v -133.479326 75.699234 -50.216694
v -132.937060 76.271164 -49.430887
v -134.339864 78.713709 -52.366831
v -125.990674 47.274739 -75.845741
v -126.282794 47.565741 -77.379976
v -126.717566 44.794670 -76.688522
v -131.287230 59.628606 -49.448679
v -132.897697 61.405444 -47.181625
v -133.764798 55.238724 -48.573184
v -132.534124 95.974410 -68.932531
v -134.802678 93.745673 -68.137096
v -134.311485 97.610903 -67.899485
v -119.586205 83.368861 -61.965769
v -119.948907 84.265136 -60.970799
v -120.631822 82.777911 -59.883022
v -117.366408 63.046432 -75.311277
v -118.117725 65.847200 -74.729276
v -118.340240 65.457880 -71.991436
v -116.607449 78.264570 -70.341522
v -118.270526 79.693925 -71.681072
v -117.673604 79.398143 -67.594466
v -119.434759 5.905655 -73.240376
v -119.137897 2.520567 -77.264806
v -122.070760 2.100724 -79.796692
v -134.820532 48.093158 -52.539099
v -133.393931 48.002344 -52.565358
v -134.525155 47.722965 -51.728199
v -125.870555 6.943428 -57.987714
v -129.556568 4.061276 -58.488838
v -127.196040 7.947224 -57.507690
v -122.277206 85.906332 -59.193542
v -120.267546 83.971649 -58.640694
v -120.724885 84.013271 -58.963672
v -119.042101 27.574596 -67.483901
v -120.149011 31.198999 -68.094952
v -120.894050 30.168217 -64.985455
v -130.028347 89.466477 -61.076343
v -131.115435 91.594124 -60.226012
v -131.708913 87.773442 -62.053729
v -123.280383 68.272352 -74.353706
v -123.278948 66.672659 -73.263044
v -124.977347 69.052136 -71.724298
v -127.729720 29.139042 -60.146327
v -125.985472 25.326994 -58.670676
v -129.694518 27.598825 -59.973340
v -129.276921 38.014078 -62.011639
v -127.813284 39.045724 -62.409616
v -127.081166 38.416579 -61.677144
v -122.167980 84.896284 -57.696972
v -125.097315 85.792005 -56.807078
v -122.123721 84.558892 -57.429183
v -121.142689 80.588960 -55.788299
v -120.086358 82.119620 -58.780687
v -123.140092 82.737684 -54.868504
v -135.610667 93.292570 -63.704220
v -135.892497 95.782853 -64.944109
v -136.265373 93.742049 -65.920439
v -125.407494 25.340164 -65.936482
v -126.007621 22.695297 -69.134708
v -124.050510 23.009858 -65.730761
v -122.566310 2.050155 -56.798206
v -123.213255 5.713123 -56.517921
v -121.213897 2.286172 -55.717531
v -123.140092 82.737684 -54.868504
v -124.313471 80.790174 -53.797345
v -121.142689 80.588960 -55.788299
v -133.117691 52.421194 -52.336997
v -134.166015 52.845466 -51.045414
v -133.147015 50.989526 -51.737660
v -120.920802 0.745219 -79.474062
v -124.435035 1.217628 -80.879150
v -122.070760 2.100724 -79.796692
v -133.092192 28.902739 -57.000403
v -131.878416 24.788576 -56.273614
v -131.620743 26.466209 -53.645710
v -116.982272 72.929758 -68.443781
v -117.918127 72.633296 -69.951464
v -116.562445 76.051575 -69.538012
v -134.624033 70.917082 -50.189201
v -134.247207 67.934972 -51.084444
v -133.815966 61.946076 -52.410574
v -117.301744 75.410485 -72.917837
v -118.270526 79.693925 -71.681072
v -116.725124 76.091707 -70.918684
v -120.149011 31.198999 -68.094952
v -121.004977 31.927657 -70.707320
v -119.857493 33.229393 -69.468140
v -122.819704 59.786874 -71.170957
v -125.139039 57.483065 -71.824095
v -125.339612 63.527078 -71.059992
v -119.001933 53.065145 -77.249071
v -118.668385 54.866654 -75.795147
v -119.748919 51.404214 -75.860684
v -125.063534 41.027290 -77.006579
v -126.524610 43.443698 -76.026552
v -125.787672 42.125988 -78.048870
v -123.414520 32.619285 -57.346804
v -124.098021 30.700522 -59.351879
v -124.423791 34.321642 -60.166754
v -128.760532 25.294709 -58.563999
v -129.694518 27.598825 -59.973340
v -127.240759 25.275493 -58.178852
v -123.877034 46.114006 -55.840093
v -121.184299 45.821479 -57.452487
v -124.157016 47.372359 -52.498649
v -128.316267 46.218315 -51.616181
v -125.177047 45.840808 -53.456018
v -124.157016 47.372359 -52.498649
v -125.409508 2.082044 -51.487380
v -124.671226 5.636757 -52.266521
v -126.446368 7.039889 -52.231273
v -130.654778 23.807850 -55.702250
v -129.053505 20.443860 -56.784723
v -129.085236 10.077342 -54.430115
v -130.212977 64.083958 -51.817977
v -129.142407 61.804968 -52.412431
v -129.199862 66.932702 -53.026689
v -133.421016 81.673265 -53.550322
v -134.413050 79.014719 -55.563767
v -135.025486 75.546372 -54.436166
v -122.782313 86.339700 -59.611431
v -125.097315 85.792005 -56.807078
v -122.167980 84.896284 -57.696972
v -135.892497 95.782853 -64.944109
v -133.863153 99.682069 -65.894446
v -134.311485 97.610903 -67.899485
v -124.757784 86.388463 -61.773014
v -127.519128 87.247121 -60.247609
v -124.366261 86.587500 -60.765102
v -128.483777 69.337261 -52.487846
v -129.199862 66.932702 -53.026689
v -125.633287 71.518874 -52.672689
v -119.013495 80.922413 -60.385175
v -117.687667 82.663405 -62.883383
v -118.454496 82.135909 -61.986469
v -120.724165 71.067435 -76.564695
v -121.726023 74.018544 -74.965128
v -120.327485 74.393940 -75.664117
v -117.270079 12.605643 -71.870715
v -115.679034 12.865591 -69.868289
v -117.078878 9.222293 -71.184090
v -128.249668 83.566123 -65.968941
v -126.255872 85.212755 -66.003586
v -124.849387 85.562021 -67.327085
v -135.904064 47.354543 -48.155030
v -138.670292 46.602124 -49.760529
v -136.726890 42.731717 -49.730344
v -139.177393 48.637483 -51.605545
v -138.330554 50.864130 -52.785966
v -137.631029 48.533666 -53.941756
v -117.036420 23.053175 -67.517056
v -116.274625 20.399150 -70.172380
v -117.728394 25.923684 -69.466771
v -121.933146 6.329051 -73.232000
v -122.544818 5.630341 -69.931525
v -122.324417 7.514677 -72.386872
v -119.255863 80.379975 -61.799449
v -118.944110 80.661618 -59.652642
v -118.627641 80.208718 -61.500411
v -121.898948 84.135639 -57.462755
v -120.130904 83.162659 -57.799561
v -122.354779 84.214782 -57.341194
v -131.974622 58.115607 -52.424004
v -132.092158 59.450126 -52.356003
v -131.292203 59.304011 -50.999550
v -129.961428 24.691096 -53.489526
v -129.085236 10.077342 -54.430115
v -127.984816 8.199250 -52.888618
v -127.900795 93.528116 -67.795242
v -125.872649 95.623094 -64.910849
v -127.357384 93.069822 -67.004510
v -120.233583 83.717978 -62.326937
v -119.901568 84.433961 -63.130720
v -120.260761 84.692788 -61.811620
v -124.519201 78.618425 -74.116586
v -122.939150 82.873350 -70.308509
v -122.323363 81.602419 -73.106609
v -127.900795 93.528116 -67.795242
v -127.426334 93.308425 -67.848643
v -127.637617 92.780459 -68.109342
v -133.222976 55.356228 -52.653329
v -133.255127 54.974526 -51.629925
v -133.835458 53.442925 -52.853961
v -134.652006 33.550429 -54.381382
v -135.193870 40.930909 -51.792762
v -135.290789 36.871147 -54.107360
v -128.912336 25.465679 -51.958056
v -126.769322 29.136684 -52.042594
v -128.641774 29.390883 -52.589015
v -124.422411 40.800017 -59.494748
v -124.612354 35.607326 -58.834250
v -125.610164 39.030379 -61.547508
v -120.910800 21.666765 -72.973730
v -119.996783 26.117474 -71.936772
v -117.983126 22.070032 -71.912404
v -128.934984 67.080021 -50.584411
v -127.822552 75.089889 -49.245607
v -130.432982 66.876852 -48.347901
v -118.228779 0.575960 -76.665795
v -120.950476 0.054825 -78.032995
v -120.920802 0.745219 -79.474062
v -131.923406 85.721249 -64.501039
v -133.618071 86.186630 -64.851433
v -132.605625 85.846412 -66.290014
v -130.049423 41.655597 -62.859668
v -131.390095 41.952297 -63.145379
v -130.797072 42.197699 -64.998633
v -124.465670 9.401199 -52.210192
v -126.446368 7.039889 -52.231273
v -124.671226 5.636757 -52.266521
v -122.702384 67.062873 -76.253770
v -122.462169 70.129776 -76.439155
v -122.736101 65.361345 -76.976554
v -116.791370 84.072172 -59.046213
v -118.520512 80.918079 -59.934363
v -116.971557 82.569193 -61.065272
v -131.762034 60.202682 -53.575609
v -131.151985 62.816966 -53.726474
v -135.299569 69.901121 -59.428749
v -127.495648 92.696929 -67.492732
v -127.900795 93.528116 -67.795242
v -127.516933 93.203712 -68.007893
v -124.422411 40.800017 -59.494748
v -122.784634 43.338185 -58.562497
v -123.636764 41.733348 -57.150820
v -130.339188 81.106663 -65.110357
v -127.948842 83.011699 -67.761630
v -128.473845 80.605412 -67.704409
v -123.684769 41.293001 -75.361001
v -122.575942 42.434576 -75.411051
v -125.310109 42.368320 -76.141460
v -116.982272 72.929758 -68.443781
v -117.645260 72.119689 -66.456229
v -119.283609 67.975378 -67.805841
v -121.726023 74.018544 -74.965128
v -122.462169 70.129776 -76.439155
v -123.280383 68.272352 -74.353706
v -118.958881 68.250239 -70.296815
v -117.918127 72.633296 -69.951464
v -119.075530 69.179916 -69.450915
v -120.724165 71.067435 -76.564695
v -122.736101 65.361345 -76.976554
v -122.462169 70.129776 -76.439155
v -124.519201 78.618425 -74.116586
v -126.688255 77.066559 -72.200793
v -124.424810 83.205104 -69.168567
v -122.277206 85.906332 -59.193542
v -122.199646 86.833012 -60.167646
v -123.215610 87.366855 -59.928338
v -126.135380 88.027841 -61.507447
v -127.519128 87.247121 -60.247609
v -124.757784 86.388463 -61.773014
v -124.050510 23.009858 -65.730761
v -124.412056 20.778725 -69.661062
v -123.819268 18.589181 -66.495360
v -118.882800 13.715815 -65.716774
v -119.932005 17.538753 -64.719138
v -121.426072 14.265290 -65.749376
v -128.346345 26.683751 -69.027581
v -125.407494 25.340164 -65.936482
v -127.925742 27.356124 -67.236625
v -132.959933 98.925746 -67.856358
v -132.534124 95.974410 -68.932531
v -134.311485 97.610903 -67.899485
v -130.309430 72.908742 -70.409149
v -126.688255 77.066559 -72.200793
v -126.743093 72.984272 -72.413234
v -126.688255 77.066559 -72.200793
v -125.402718 74.212426 -74.026343
v -126.743093 72.984272 -72.413234
v -134.413050 79.014719 -55.563767
v -133.421016 81.673265 -53.550322
v -130.149050 84.175479 -56.968867
v -133.479326 75.699234 -50.216694
v -134.339864 78.713709 -52.366831
v -134.235460 72.790623 -51.952168
v -123.184587 87.271225 -63.743444
v -123.071338 86.074203 -63.647802
v -124.366261 86.587500 -60.765102
v -129.822514 48.841387 -71.109339
v -133.245322 48.323167 -66.821727
v -134.184217 52.065421 -67.326475
v -126.537485 40.087211 -74.535614
v -126.733771 37.458796 -74.016736
v -127.518857 42.747307 -73.228256
v -137.534132 1.886690 -59.034659
v -131.594660 4.952508 -56.952219
v -129.556568 4.061276 -58.488838
v -132.471085 43.630240 -68.234305
v -126.881372 38.345805 -62.842413
v -130.797072 42.197699 -64.998633
v -123.684769 41.293001 -75.361001
v -125.063534 41.027290 -77.006579
v -122.889611 41.270688 -76.566538
v -122.229951 17.553988 -55.147944
v -122.909123 10.116186 -55.816597
v -122.346058 21.607950 -56.260464
v -137.303340 42.874867 -52.988253
v -138.108616 42.355603 -52.080759
v -139.222550 47.490540 -53.041042
v -119.055013 83.042222 -58.190290
v -118.318292 83.922660 -58.133513
v -120.130904 83.162659 -57.799561
v -121.194391 8.335826 -67.493522
v -122.120919 10.772231 -68.085600
v -122.544818 5.630341 -69.931525
v -119.033646 62.423289 -77.305799
v -117.672070 59.145445 -75.702236
v -121.353468 55.065280 -78.672844
v -127.822552 75.089889 -49.245607
v -130.905218 79.047233 -49.551222
v -131.319403 71.823621 -48.091057
v -126.193021 23.792100 -71.367629
v -125.407494 25.340164 -65.936482
v -128.346345 26.683751 -69.027581
v -133.077424 65.700752 -52.777409
v -134.044189 70.788312 -52.840923
v -132.677911 67.864752 -53.709266
v -130.727000 99.404937 -60.984908
v -131.247800 94.956774 -60.061645
v -129.032161 95.289439 -60.171930
v -124.637890 19.761872 -50.589460
v -126.639180 23.883640 -50.413964
v -125.372313 14.991337 -51.188527
v -122.768097 44.669137 -72.837392
v -121.847023 44.257414 -72.932740
v -122.918284 44.443458 -72.993476
v -126.913182 98.272014 -65.224808
v -125.872649 95.623094 -64.910849
v -127.940574 96.967691 -67.383442
v -136.809003 59.919113 -49.050517
v -137.144095 55.557317 -51.769812
v -137.772434 54.138816 -51.229323
v -117.240770 62.087333 -74.092747
v -117.366408 63.046432 -75.311277
v -118.340240 65.457880 -71.991436
v -130.212977 64.083958 -51.817977
v -128.934984 67.080021 -50.584411
v -131.292203 59.304011 -50.999550
v -128.537820 35.443807 -73.055276
v -126.582707 32.508204 -73.348821
v -127.673159 31.793601 -73.551363
v -135.121991 55.864507 -48.097497
v -135.173687 52.970886 -48.130109
v -133.764798 55.238724 -48.573184
v -122.106760 3.235364 -52.430013
v -122.743532 0.767499 -52.557309
v -121.015690 2.315545 -53.703781
v -120.595688 76.644748 -59.470086
v -121.476699 76.704168 -57.570829
v -120.898208 63.391560 -55.920211
v -118.627894 84.467709 -62.347494
v -118.518881 84.362268 -61.162555
v -117.649931 85.108107 -60.432765
v -126.671546 73.398101 -51.280938
v -125.633287 71.518874 -52.672689
v -124.805234 75.874638 -52.169853
v -127.726874 57.230443 -71.387301
v -125.967123 53.864503 -71.548007
v -126.862750 48.830369 -72.656272
v -120.401898 51.543647 -74.569562
v -118.668385 54.866654 -75.795147
v -121.326178 53.873563 -73.698133
v -124.313471 80.790174 -53.797345
v -125.865787 76.720333 -50.001637
v -124.805234 75.874638 -52.169853
v -118.454496 82.135909 -61.986469
v -117.687667 82.663405 -62.883383
v -118.323534 82.071876 -60.876066
v -118.883014 43.042731 -64.504724
v -119.660682 43.745500 -61.601012
v -119.503106 38.939887 -64.929955
v -126.919155 41.181019 -74.892585
v -126.537485 40.087211 -74.535614
v -126.872460 42.505330 -74.422506
v -117.057294 0.937152 -74.352073
v -117.423658 5.366081 -72.521624
v -114.722178 0.661289 -70.994191
v -134.787259 55.334067 -53.333836
v -135.815314 52.822733 -52.739389
v -136.265318 59.062541 -52.397047
v -121.753185 36.323079 -63.459398
v -119.503106 38.939887 -64.929955
v -119.660682 43.745500 -61.601012
v -127.798202 92.290199 -68.173746
v -127.452633 91.637218 -67.644889
v -127.924287 91.594792 -67.609199
v -127.218103 33.549010 -51.840748
v -129.946182 31.706720 -52.755874
v -126.769322 29.136684 -52.042594
v -129.946182 31.706720 -52.755874
v -128.641774 29.390883 -52.589015
v -126.769322 29.136684 -52.042594
v -120.648018 86.209833 -60.673543
v -122.362192 86.231041 -59.840457
v -120.724885 84.013271 -58.963672
v -115.557246 16.995162 -68.756889
v -116.274625 20.399150 -70.172380
v -117.036420 23.053175 -67.517056
v -122.575942 42.434576 -75.411051
v -122.889611 41.270688 -76.566538
v -121.451342 43.392253 -76.852473
v -129.199862 66.932702 -53.026689
v -129.730926 67.002290 -52.164679
v -130.212977 64.083958 -51.817977
v -123.913401 29.867357 -63.386307
v -123.144127 34.564987 -63.274419
v -128.226430 33.726347 -65.345298
v -132.209577 27.930236 -58.454836
v -133.092192 28.902739 -57.000403
v -132.302833 29.883137 -57.885266
v -131.540555 81.278312 -61.618998
v -134.083569 76.959592 -61.230662
v -134.413050 79.014719 -55.563767
v -127.773674 1.612240 -78.165724
v -127.041377 0.571734 -79.632210
v -127.103252 0.220263 -77.047476
v -131.738852 92.989040 -59.734937
v -131.115435 91.594124 -60.226012
v -131.247800 94.956774 -60.061645
v -119.469296 29.732507 -69.269818
v -120.479015 29.945308 -70.362450
v -120.149011 31.198999 -68.094952
v -133.308223 43.771869 -51.714749
v -134.837244 43.324119 -50.382467
v -133.114957 43.302584 -50.535844
v -123.930396 1.049423 -57.000047
v -122.945865 0.689846 -55.486868
v -126.138820 0.775212 -55.922893
v -122.819704 59.786874 -71.170957
v -119.327876 65.501928 -67.637627
v -120.093188 61.650276 -68.402164
v -125.633287 71.518874 -52.672689
v -125.243106 68.779468 -52.387050
v -123.735327 74.751579 -52.903843
v -126.282794 47.565741 -77.379976
v -125.990674 47.274739 -75.845741
v -123.870562 52.241045 -75.616717
v -124.519201 78.618425 -74.116586
v -125.402718 74.212426 -74.026343
v -126.002417 77.450210 -73.358286
v -120.898208 63.391560 -55.920211
v -118.176005 61.115467 -60.211233
v -118.586195 69.133591 -59.997027
v -130.609156 46.918169 -51.633080
v -133.393931 48.002344 -52.565358
v -134.131712 47.578612 -54.222311
v -125.058754 43.212578 -76.582513
v -126.149790 43.439007 -75.398349
v -125.310109 42.368320 -76.141460
v -132.471085 43.630240 -68.234305
v -131.526579 40.810526 -68.437038
v -129.953283 37.043873 -66.582750
v -122.174171 64.440161 -70.613374
v -121.973059 60.796851 -72.176037
v -121.324750 63.346225 -70.700011
v -122.801297 45.449334 -72.354096
v -124.516884 45.934934 -72.639261
v -122.642696 48.497903 -72.171868
v -122.008240 87.151289 -63.691834
v -120.648018 86.209833 -60.673543
v -120.848469 85.508704 -63.487338
v -130.249410 43.874505 -50.550130
v -128.316267 46.218315 -51.616181
v -130.982191 44.956398 -51.472105
v -131.923406 85.721249 -64.501039
v -130.203675 85.117650 -61.623986
v -131.708913 87.773442 -62.053729
v -132.416510 88.561899 -68.112962
v -134.794847 89.616490 -67.295555
v -132.991294 92.712528 -68.574017
v -124.424810 83.205104 -69.168567
v -126.688255 77.066559 -72.200793
v -128.473845 80.605412 -67.704409
v -125.787672 42.125988 -78.048870
v -124.599689 42.290280 -78.987337
v -125.063534 41.027290 -77.006579
v -124.422411 40.800017 -59.494748
v -123.636764 41.733348 -57.150820
v -124.041368 37.815743 -57.115888
v -135.299569 69.901121 -59.428749
v -134.235703 69.499290 -56.845529
v -134.954697 75.475991 -56.964698
v -124.424810 83.205104 -69.168567
v -127.948842 83.011699 -67.761630
v -124.849387 85.562021 -67.327085
v -125.360351 61.665123 -52.407318
v -122.379763 66.732847 -54.051196
v -123.882649 68.577873 -53.639562
v -129.276921 38.014078 -62.011639
v -132.093877 41.560710 -61.994269
v -131.390095 41.952297 -63.145379
v -131.540555 81.278312 -61.618998
v -130.333876 83.293772 -63.023660
v -130.339188 81.106663 -65.110357
v -119.287017 77.992272 -58.102859
v -119.325299 77.088034 -60.995663
v -118.121347 78.471952 -60.129345
v -126.582707 32.508204 -73.348821
v -126.733771 37.458796 -74.016736
v -124.760858 34.126196 -73.609070
v -126.639180 23.883640 -50.413964
v -125.299996 11.190217 -51.141261
v -125.372313 14.991337 -51.188527
v -124.424810 83.205104 -69.168567
v -120.490800 85.170579 -67.319634
v -122.939150 82.873350 -70.308509
v -139.222550 47.490540 -53.041042
v -137.631029 48.533666 -53.941756
v -137.972870 44.337082 -53.849168
v -124.612354 35.607326 -58.834250
v -124.422411 40.800017 -59.494748
v -124.041368 37.815743 -57.115888
v -124.412056 20.778725 -69.661062
v -126.007621 22.695297 -69.134708
v -126.193021 23.792100 -71.367629
v -125.865787 76.720333 -50.001637
v -127.891271 80.625403 -50.381869
v -127.822552 75.089889 -49.245607
v -117.843889 58.751637 -73.670495
v -118.178404 58.596700 -72.513653
v -118.668385 54.866654 -75.795147
v -125.310109 42.368320 -76.141460
v -126.524610 43.443698 -76.026552
v -125.063534 41.027290 -77.006579
v -120.479015 29.945308 -70.362450
v -121.004977 31.927657 -70.707320
v -120.149011 31.198999 -68.094952
v -118.958881 68.250239 -70.296815
v -116.891977 72.649759 -70.964286
v -117.918127 72.633296 -69.951464
v -119.434759 5.905655 -73.240376
v -121.933146 6.329051 -73.232000
v -121.627467 8.084697 -71.575720
v -125.409508 2.082044 -51.487380
v -122.106760 3.235364 -52.430013
v -124.671226 5.636757 -52.266521
v -127.495648 92.696929 -67.492732
v -127.426334 93.308425 -67.848643
v -127.452633 91.637218 -67.644889
v -127.715865 1.404780 -57.058395
v -129.556568 4.061276 -58.488838
v -125.241282 2.113104 -57.184136
v -132.041858 100.221634 -63.343230
v -130.076176 100.743055 -63.910761
v -133.863153 99.682069 -65.894446
v -123.426952 45.025850 -76.275956
v -125.058754 43.212578 -76.582513
v -121.451342 43.392253 -76.852473
v -129.276921 38.014078 -62.011639
v -127.081166 38.416579 -61.677144
v -127.108098 36.042374 -61.201396
v -127.020558 42.668849 -51.975495
v -127.702477 38.845801 -51.709447
v -124.712678 37.982213 -54.514251
v -121.868615 43.589848 -78.589034
v -121.126686 46.044505 -78.744719
v -121.451342 43.392253 -76.852473
v -126.939775 56.028723 -51.664791
v -127.858734 53.607613 -51.640110
v -124.157016 47.372359 -52.498649
v -115.910220 7.645851 -69.842759
v -115.679034 12.865591 -69.868289
v -115.440841 10.800075 -68.257033
v -128.537820 35.443807 -73.055276
v -127.518857 42.747307 -73.228256
v -126.733771 37.458796 -74.016736
v -118.065210 71.551716 -74.720730
v -117.301744 75.410485 -72.917837
v -118.117725 65.847200 -74.729276
v -131.199499 83.402950 -61.384423
v -130.203675 85.117650 -61.623986
v -130.333876 83.293772 -63.023660
v -136.640626 41.378987 -53.160998
v -135.290789 36.871147 -54.107360
v -135.193870 40.930909 -51.792762
v -125.872649 95.623094 -64.910849
v -126.913182 98.272014 -65.224808
v -126.417775 96.079385 -62.507026
v -126.913182 98.272014 -65.224808
v -128.385318 99.672413 -62.525747
v -126.417775 96.079385 -62.507026
v -117.925582 84.394574 -59.098053
v -119.120150 82.789594 -58.540635
v -119.055013 83.042222 -58.190290
v -137.778226 2.491486 -53.589445
v -139.511808 2.197343 -56.525579
v -138.024134 1.314628 -54.009556
v -133.779643 41.868737 -50.696493
v -130.249410 43.874505 -50.550130
v -133.114957 43.302584 -50.535844
v -127.196040 7.947224 -57.507690
v -128.531955 7.819816 -56.736614
v -128.158056 13.349670 -56.489501
v -135.193870 40.930909 -51.792762
v -133.779643 41.868737 -50.696493
v -136.726890 42.731717 -49.730344
v -129.099456 86.792254 -60.437325
v -130.149050 84.175479 -56.968867
v -127.519128 87.247121 -60.247609
v -131.708913 87.773442 -62.053729
v -131.115435 91.594124 -60.226012
v -131.413545 91.378671 -60.285393
v -122.805457 12.918573 -52.289305
v -123.045667 15.921911 -52.543417
v -125.372313 14.991337 -51.188527
v -134.083569 76.959592 -61.230662
v -134.893145 72.520948 -62.321150
v -135.456400 73.831946 -59.448111
v -130.714234 35.096097 -60.148446
v -126.990317 29.692042 -60.480583
v -130.656296 30.973363 -59.538271
v -126.093188 90.665019 -63.174255
v -127.704992 90.163612 -66.788023
v -125.872649 95.623094 -64.910849
v -124.423791 34.321642 -60.166754
v -124.098021 30.700522 -59.351879
v -124.938723 32.121301 -60.026638
v -135.904064 47.354543 -48.155030
v -136.872122 52.137792 -49.525928
v -138.670292 46.602124 -49.760529
v -121.650090 48.545045 -74.987316
v -121.136712 50.765038 -78.193681
v -119.748919 51.404214 -75.860684
v -137.972870 44.337082 -53.849168
v -137.631029 48.533666 -53.941756
v -136.734741 46.795517 -53.786814
v -120.479015 29.945308 -70.362450
v -119.469296 29.732507 -69.269818
v -120.310798 29.150367 -70.781786
v -133.883231 98.922777 -63.281602
v -135.892497 95.782853 -64.944109
v -133.738146 96.998018 -61.608028
v -131.146366 5.157632 -53.820788
v -129.447233 6.756651 -53.414630
v -129.828923 6.691024 -55.801762
v -134.893145 72.520948 -62.321150
v -135.299569 69.901121 -59.428749
v -135.456400 73.831946 -59.448111
v -131.714789 56.675595 -52.093605
v -131.007426 53.467989 -51.801924
v -129.429100 56.117904 -52.476151
v -129.085236 10.077342 -54.430115
v -129.828923 6.691024 -55.801762
v -129.447233 6.756651 -53.414630
v -124.599689 42.290280 -78.987337
v -125.787672 42.125988 -78.048870
v -125.178779 44.879926 -79.808737
v -128.226430 33.726347 -65.345298
v -128.549101 31.679416 -67.059178
v -125.407494 25.340164 -65.936482
v -121.768404 31.605509 -64.928311
v -123.144127 34.564987 -63.274419
v -123.913401 29.867357 -63.386307
v -119.530362 83.816051 -62.879099
v -119.569948 84.943640 -61.724298
v -119.586205 83.368861 -61.965769
v -123.735327 74.751579 -52.903843
v -122.505486 77.691197 -55.392805
v -124.313471 80.790174 -53.797345
v -120.806764 56.790513 -70.234900
v -120.093188 61.650276 -68.402164
v -118.310535 56.036412 -65.527847
v -116.274625 20.399150 -70.172380
v -117.983126 22.070032 -71.912404
v -117.728394 25.923684 -69.466771
v -136.361410 43.178958 -52.519976
v -136.201073 42.031521 -54.201447
v -136.810996 43.553251 -53.247987
v -118.883014 43.042731 -64.504724
v -119.503106 38.939887 -64.929955
v -118.868933 40.280506 -67.785348
v -123.483264 21.483147 -72.177624
v -120.623193 9.271312 -71.423379
v -124.412056 20.778725 -69.661062
v -131.974622 58.115607 -52.424004
v -131.292203 59.304011 -50.999550
v -132.309092 56.614709 -51.108598
v -131.620743 26.466209 -53.645710
v -131.878416 24.788576 -56.273614
v -130.654778 23.807850 -55.702250
v -134.312206 45.363742 -64.352730
v -134.389840 44.852475 -61.600542
v -135.269479 48.837370 -61.124536
v -135.456400 73.831946 -59.448111
v -135.299569 69.901121 -59.428749
v -134.954697 75.475991 -56.964698
v -131.592216 60.016805 -52.824974
v -131.762034 60.202682 -53.575609
v -131.068573 58.265918 -52.536882
v -120.631483 1.413345 -67.472580
v -121.194391 8.335826 -67.493522
v -123.595422 1.384848 -71.229674
v -136.101483 54.069662 -58.492611
v -134.703968 51.564360 -54.633726
v -135.299569 69.901121 -59.428749
v -124.366261 86.587500 -60.765102
v -125.351572 87.139630 -59.631267
v -123.215610 87.366855 -59.928338
v -123.767966 29.385107 -56.173274
v -124.486472 33.647352 -54.898772
v -122.476611 24.208560 -53.619356
v -122.476611 24.208560 -53.619356
v -122.346058 21.607950 -56.260464
v -123.767966 29.385107 -56.173274
v -118.845064 80.297845 -58.626282
v -118.366471 80.441987 -60.300992
v -118.944110 80.661618 -59.652642
v -121.426072 14.265290 -65.749376
v -123.819268 18.589181 -66.495360
v -122.120919 10.772231 -68.085600
v -135.119640 44.150117 -55.369422
v -130.609156 46.918169 -51.633080
v -134.131712 47.578612 -54.222311
v -127.735337 91.628134 -67.297716
v -127.704992 90.163612 -66.788023
v -129.970448 88.771457 -67.786586
v -134.787259 55.334067 -53.333836
v -134.321278 52.209789 -53.350442
v -135.815314 52.822733 -52.739389
v -128.760532 25.294709 -58.563999
v -131.878416 24.788576 -56.273614
v -129.694518 27.598825 -59.973340
v -129.276921 38.014078 -62.011639
v -124.938723 32.121301 -60.026638
v -130.714234 35.096097 -60.148446
v -122.170648 26.053920 -64.784138
v -123.913401 29.867357 -63.386307
v -124.050510 23.009858 -65.730761
v -122.782313 86.339700 -59.611431
v -122.199646 86.833012 -60.167646
v -122.362192 86.231041 -59.840457
v -138.670292 46.602124 -49.760529
v -138.168821 52.595133 -50.891874
v -139.177393 48.637483 -51.605545
v -137.772434 54.138816 -51.229323
v -136.334294 56.711400 -48.110589
v -136.809003 59.919113 -49.050517
v -130.333876 83.293772 -63.023660
v -131.923406 85.721249 -64.501039
v -130.670078 85.140026 -65.216078
v -126.939775 56.028723 -51.664791
v -129.142407 61.804968 -52.412431
v -129.429100 56.117904 -52.476151
v -125.010609 86.915207 -63.488113
v -126.135380 88.027841 -61.507447
v -124.757784 86.388463 -61.773014
v -120.527761 78.608739 -74.619425
v -120.327485 74.393940 -75.664117
v -123.437056 74.058080 -74.338936
v -123.426952 45.025850 -76.275956
v -121.451342 43.392253 -76.852473
v -121.256688 46.377814 -76.794443
v -126.582707 32.508204 -73.348821
v -124.760858 34.126196 -73.609070
v -121.004977 31.927657 -70.707320
v -118.882800 13.715815 -65.716774
v -115.238282 14.117443 -67.973302
v -118.533116 21.064856 -65.396531
v -133.092192 28.902739 -57.000403
v -132.209577 27.930236 -58.454836
v -131.878416 24.788576 -56.273614
v -118.310535 56.036412 -65.527847
v -118.586195 69.133591 -59.997027
v -118.176005 61.115467 -60.211233
v -125.177047 45.840808 -53.456018
v -123.877034 46.114006 -55.840093
v -124.157016 47.372359 -52.498649
v -123.636764 41.733348 -57.150820
v -123.879761 41.218349 -54.831412
v -124.041368 37.815743 -57.115888
v -119.434759 5.905655 -73.240376
v -117.423658 5.366081 -72.521624
v -119.137897 2.520567 -77.264806
v -135.610667 93.292570 -63.704220
v -133.738146 96.998018 -61.608028
v -135.892497 95.782853 -64.944109
v -120.179545 37.843144 -67.134859
v -120.166508 40.869772 -70.720121
v -118.868933 40.280506 -67.785348
v -133.117691 52.421194 -52.336997
v -133.835458 53.442925 -52.853961
v -134.166015 52.845466 -51.045414
v -127.130407 87.065548 -58.809913
v -125.097315 85.792005 -56.807078
v -125.351572 87.139630 -59.631267
v -120.819152 58.287925 -71.824797
v -122.578190 53.918487 -73.582703
v -121.326178 53.873563 -73.698133
v -131.708913 87.773442 -62.053729
v -133.618071 86.186630 -64.851433
v -131.923406 85.721249 -64.501039
v -126.948040 90.576982 -61.641141
v -129.032161 95.289439 -60.171930
v -131.247800 94.956774 -60.061645
v -131.247800 94.956774 -60.061645
v -131.344922 92.416769 -60.161469
v -131.056444 91.778487 -60.368170
v -125.243106 68.779468 -52.387050
v -126.439327 64.403546 -52.830536
v -123.882649 68.577873 -53.639562
v -125.633287 71.518874 -52.672689
v -126.671546 73.398101 -51.280938
v -128.483777 69.337261 -52.487846
v -134.652006 33.550429 -54.381382
v -131.149358 34.959987 -51.660160
v -135.193870 40.930909 -51.792762
v -128.470690 69.643545 -70.958965
v -126.743093 72.984272 -72.413234
v -124.977347 69.052136 -71.724298
v -127.940574 96.967691 -67.383442
v -132.534124 95.974410 -68.932531
v -129.940271 99.652362 -67.344195
v -119.001933 53.065145 -77.249071
v -121.136712 50.765038 -78.193681
v -120.361000 54.872996 -77.680357
v -121.136712 50.765038 -78.193681
v -122.522532 52.336443 -78.247190
v -120.361000 54.872996 -77.680357
v -121.324750 63.346225 -70.700011
v -121.973059 60.796851 -72.176037
v -120.819152 58.287925 -71.824797
v -126.417775 96.079385 -62.507026
v -128.385318 99.672413 -62.525747
v -127.595045 95.806742 -60.926029
v -138.168821 52.595133 -50.891874
v -136.872122 52.137792 -49.525928
v -136.587605 54.182881 -48.289422
v -131.525787 62.865740 -53.130979
v -133.077424 65.700752 -52.777409
v -131.668362 66.140068 -53.667382
v -136.809003 59.919113 -49.050517
v -136.385128 65.228707 -50.792959
v -137.144095 55.557317 -51.769812
v -128.537820 35.443807 -73.055276
v -126.733771 37.458796 -74.016736
v -126.582707 32.508204 -73.348821
v -120.149011 31.198999 -68.094952
v -120.786726 35.804742 -65.452904
v -121.629667 33.742148 -63.740886
v -116.791370 84.072172 -59.046213
v -116.971557 82.569193 -61.065272
v -116.634407 84.454131 -60.434594
v -121.353468 55.065280 -78.672844
v -120.724165 71.067435 -76.564695
v -119.033646 62.423289 -77.305799
v -133.222976 55.356228 -52.653329
v -132.528916 55.251247 -52.126818
v -133.255127 54.974526 -51.629925
v -122.784634 43.338185 -58.562497
v -124.422411 40.800017 -59.494748
v -122.915882 41.417634 -60.532914
v -122.702384 67.062873 -76.253770
v -123.280383 68.272352 -74.353706
v -122.462169 70.129776 -76.439155
v -138.540941 3.074605 -57.025255
v -132.714237 4.924041 -55.180862
v -131.594660 4.952508 -56.952219
v -121.426072 14.265290 -65.749376
v -124.050510 23.009858 -65.730761
v -123.819268 18.589181 -66.495360
v -135.335741 69.291496 -49.527095
v -134.624033 70.917082 -50.189201
v -136.385128 65.228707 -50.792959
v -123.877034 46.114006 -55.840093
v -125.177047 45.840808 -53.456018
v -125.195555 43.482789 -54.176941
v -134.703968 51.564360 -54.633726
v -135.600225 49.474707 -55.948940
v -134.440421 48.521888 -53.519284
v -125.310109 42.368320 -76.141460
v -126.149790 43.439007 -75.398349
v -126.524610 43.443698 -76.026552
v -120.405071 82.675511 -69.768580
v -122.939150 82.873350 -70.308509
v -120.490800 85.170579 -67.319634
v -122.106760 3.235364 -52.430013
v -122.515427 8.195567 -54.222343
v -124.671226 5.636757 -52.266521
v -123.437056 74.058080 -74.338936
v -124.519201 78.618425 -74.116586
v -120.527761 78.608739 -74.619425
v -122.379763 66.732847 -54.051196
v -120.898208 63.391560 -55.920211
v -121.932753 72.565198 -55.147833
v -135.119640 44.150117 -55.369422
v -135.600225 49.474707 -55.948940
v -135.505355 41.992235 -56.551368
v -122.008240 87.151289 -63.691834
v -123.184587 87.271225 -63.743444
v -122.114041 87.214315 -61.448032
v -124.041368 37.815743 -57.115888
v -124.166965 35.698861 -54.438646
v -124.038585 34.309512 -57.137674
v -132.534124 95.974410 -68.932531
v -127.900795 93.528116 -67.795242
v -132.991294 92.712528 -68.574017
v -127.900795 93.528116 -67.795242
v -130.308110 90.961838 -68.408932
v -132.991294 92.712528 -68.574017
v -115.440841 10.800075 -68.257033
v -115.679034 12.865591 -69.868289
v -116.439785 12.549969 -67.320384
v -125.351572 87.139630 -59.631267
v -125.097315 85.792005 -56.807078
v -122.782313 86.339700 -59.611431
v -116.562445 76.051575 -69.538012
v -117.918127 72.633296 -69.951464
v -116.725124 76.091707 -70.918684
v -127.495648 92.696929 -67.492732
v -127.509003 91.724515 -67.674752
v -127.218092 92.650443 -67.431406
v -127.357384 93.069822 -67.004510
v -127.704992 90.163612 -66.788023
v -127.735337 91.628134 -67.297716
v -134.389840 44.852475 -61.600542
v -135.505355 41.992235 -56.551368
v -135.269479 48.837370 -61.124536
v -121.933146 6.329051 -73.232000
v -123.715118 3.763312 -71.787741
v -122.544818 5.630341 -69.931525
v -126.282794 47.565741 -77.379976
v -126.129204 45.644158 -77.906153
v -126.717566 44.794670 -76.688522
v -120.724165 71.067435 -76.564695
v -120.327485 74.393940 -75.664117
v -118.065210 71.551716 -74.720730
v -119.932005 17.538753 -64.719138
v -118.882800 13.715815 -65.716774
v -118.533116 21.064856 -65.396531
v -115.238282 14.117443 -67.973302
v -116.676308 18.989476 -67.080243
v -118.533116 21.064856 -65.396531
v -132.970141 29.776752 -56.050819
v -128.641774 29.390883 -52.589015
v -129.946182 31.706720 -52.755874
v -120.786726 35.804742 -65.452904
v -120.149011 31.198999 -68.094952
v -120.179545 37.843144 -67.134859
v -118.520512 80.918079 -59.934363
v -116.791370 84.072172 -59.046213
v -117.761306 83.173966 -58.545874
v -129.052449 40.965635 -63.689162
v -130.797072 42.197699 -64.998633
v -126.881372 38.345805 -62.842413
v -121.898948 84.135639 -57.462755
v -122.354779 84.214782 -57.341194
v -122.123721 84.558892 -57.429183
v -125.097315 85.792005 -56.807078
v -122.709750 83.804619 -57.232785
v -122.354779 84.214782 -57.341194
v -119.901568 84.433961 -63.130720
v -120.233583 83.717978 -62.326937
v -119.530362 83.816051 -62.879099
v -120.623193 9.271312 -71.423379
v -122.077528 11.547777 -69.799135
v -124.412056 20.778725 -69.661062
v -124.516884 45.934934 -72.639261
v -127.827140 46.536166 -72.267811
v -126.862750 48.830369 -72.656272
v -117.763557 79.639584 -63.106793
v -118.121347 78.471952 -60.129345
v -118.081185 77.687502 -63.962330
v -117.122687 8.679330 -66.520739
v -113.931898 1.038408 -67.605369
v -115.912853 7.698622 -67.881586
v -132.092158 59.450126 -52.356003
v -133.172422 58.145124 -52.619862
v -132.021266 60.404080 -52.940699
v -122.588767 63.720810 -69.839148
v -119.283609 67.975378 -67.805841
v -119.327876 65.501928 -67.637627
v -135.287787 37.826818 -57.014636
v -134.507034 35.388056 -56.538247
v -135.290789 36.871147 -54.107360
v -117.645260 72.119689 -66.456229
v -119.327876 65.501928 -67.637627
v -119.283609 67.975378 -67.805841
v -122.229951 17.553988 -55.147944
v -122.805457 12.918573 -52.289305
v -122.927673 11.618399 -53.726445
v -133.883231 98.922777 -63.281602
v -130.727000 99.404937 -60.984908
v -132.041858 100.221634 -63.343230
v -122.515427 8.195567 -54.222343
v -124.465670 9.401199 -52.210192
v -124.671226 5.636757 -52.266521
v -122.605334 65.976614 -71.151620
v -128.470690 69.643545 -70.958965
v -124.977347 69.052136 -71.724298
v -133.854114 59.970200 -67.325416
v -129.822514 48.841387 -71.109339
v -134.184217 52.065421 -67.326475
v -118.121347 78.471952 -60.129345
v -118.845064 80.297845 -58.626282
v -119.287017 77.992272 -58.102859
v -119.013495 80.922413 -60.385175
v -118.454496 82.135909 -61.986469
v -118.702965 81.659221 -60.827811
v -129.822514 48.841387 -71.109339
v -127.827140 46.536166 -72.267811
v -127.518857 42.747307 -73.228256
v -125.339612 63.527078 -71.059992
v -127.726874 57.230443 -71.387301
v -128.470690 69.643545 -70.958965
v -123.925415 26.539907 -73.839602
v -121.174206 25.480738 -72.516010
v -124.554653 24.160579 -72.830771
v -122.578190 53.918487 -73.582703
v -121.973059 60.796851 -72.176037
v -123.568332 56.854016 -74.709149
v -135.063568 89.016313 -65.507364
v -134.794847 89.616490 -67.295555
v -133.828908 86.596108 -66.715744
v -127.813284 39.045724 -62.409616
v -130.049423 41.655597 -62.859668
v -129.052449 40.965635 -63.689162
v -118.270526 79.693925 -71.681072
v -117.301744 75.410485 -72.917837
v -120.527761 78.608739 -74.619425
v -128.760532 25.294709 -58.563999
v -129.053505 20.443860 -56.784723
v -130.654778 23.807850 -55.702250
v -135.815314 52.822733 -52.739389
v -137.631029 48.533666 -53.941756
v -137.144095 55.557317 -51.769812
v -126.193021 23.792100 -71.367629
v -126.690371 24.586395 -72.211348
v -124.554653 24.160579 -72.830771
v -126.881372 38.345805 -62.842413
v -125.927192 35.492623 -63.920496
v -125.610164 39.030379 -61.547508
v -135.173687 52.970886 -48.130109
v -134.074049 52.576131 -49.093782
v -133.764798 55.238724 -48.573184
v -119.765935 84.810674 -61.722407
v -120.016057 85.113239 -61.451234
v -119.530362 83.816051 -62.879099
v -122.909123 10.116186 -55.816597
v -125.216003 12.179726 -57.606274
v -124.303276 19.805702 -58.365993
v -133.479326 75.699234 -50.216694
v -134.247207 67.934972 -51.084444
v -134.624033 70.917082 -50.189201
v -120.763563 81.298685 -73.242342
v -120.527761 78.608739 -74.619425
v -122.323363 81.602419 -73.106609
v -120.763563 81.298685 -73.242342
v -120.405071 82.675511 -69.768580
v -118.270526 79.693925 -71.681072
v -123.913401 29.867357 -63.386307
v -128.226430 33.726347 -65.345298
v -125.407494 25.340164 -65.936482
v -136.951842 41.681135 -51.122590
v -135.193870 40.930909 -51.792762
v -136.726890 42.731717 -49.730344
v -126.446368 7.039889 -52.231273
v -127.984816 8.199250 -52.888618
v -130.124937 2.862185 -51.951927
v -124.412056 20.778725 -69.661062
v -122.077528 11.547777 -69.799135
v -122.120919 10.772231 -68.085600
v -127.891271 80.625403 -50.381869
v -126.880989 83.705479 -53.644704
v -131.377032 83.341348 -52.370610
v -131.344922 92.416769 -60.161469
v -134.565424 90.149606 -62.919796
v -131.413545 91.378671 -60.285393
v -113.802709 1.718801 -69.010958
v -115.910220 7.645851 -69.842759
v -115.912853 7.698622 -67.881586
v -123.715118 3.763312 -71.787741
v -127.773674 1.612240 -78.165724
v -126.727749 0.959355 -74.192104
v -116.676308 18.989476 -67.080243
v -117.036420 23.053175 -67.517056
v -118.533116 21.064856 -65.396531
v -118.533116 21.064856 -65.396531
v -120.807492 28.281781 -65.597613
v -122.170648 26.053920 -64.784138
v -133.245322 48.323167 -66.821727
v -134.312206 45.363742 -64.352730
v -135.680392 51.048464 -62.939351
v -126.844202 28.537777 -72.711457
v -127.673159 31.793601 -73.551363
v -124.906811 27.814633 -73.511580
v -120.401898 51.543647 -74.569562
v -121.326178 53.873563 -73.698133
v -122.214854 49.458677 -74.499742
v -117.270079 12.605643 -71.870715
v -116.274625 20.399150 -70.172380
v -115.679034 12.865591 -69.868289
v -121.912600 82.770490 -57.497470
v -121.898948 84.135639 -57.462755
v -122.709750 83.804619 -57.232785
v -132.897697 61.405444 -47.181625
v -133.389148 66.475838 -48.142808
v -134.441507 61.937785 -47.459193
v -128.349976 84.804082 -55.424197
v -131.377032 83.341348 -52.370610
v -126.880989 83.705479 -53.644704
v -121.627467 8.084697 -71.575720
v -122.324417 7.514677 -72.386872
v -122.109638 8.252963 -69.975391
v -132.733057 81.808007 -51.772187
v -131.377032 83.341348 -52.370610
v -133.421016 81.673265 -53.550322
v -122.117918 53.277957 -54.777601
v -120.374256 47.093293 -56.488645
v -118.176005 61.115467 -60.211233
v -131.007426 53.467989 -51.801924
v -132.178921 53.048390 -52.876974
v -133.147015 50.989526 -51.737660
v -134.389840 44.852475 -61.600542
v -135.287787 37.826818 -57.014636
v -135.505355 41.992235 -56.551368
v -123.514329 44.119120 -73.834759
v -123.493385 40.366456 -74.165815
v -126.024109 42.842219 -75.165673
v -118.551986 68.534588 -61.742249
v -119.110899 62.050164 -64.901306
v -118.088575 66.871130 -65.285036
v -130.670078 85.140026 -65.216078
v -128.846926 87.666309 -66.694003
v -128.249668 83.566123 -65.968941
v -134.389840 44.852475 -61.600542
v -133.748220 36.452514 -59.240295
v -135.287787 37.826818 -57.014636
v -127.984816 8.199250 -52.888618
v -129.447233 6.756651 -53.414630
v -130.124937 2.862185 -51.951927
v -119.847894 82.307994 -58.630874
v -120.865104 82.588601 -58.330389
v -119.677633 83.680260 -59.512650
v -115.557246 16.995162 -68.756889
v -115.679034 12.865591 -69.868289
v -116.274625 20.399150 -70.172380
v -122.199646 86.833012 -60.167646
v -120.648018 86.209833 -60.673543
v -122.114041 87.214315 -61.448032
v -127.984816 8.199250 -52.888618
v -126.446368 7.039889 -52.231273
v -125.299996 11.190217 -51.141261
v -132.733057 81.808007 -51.772187
v -130.905218 79.047233 -49.551222
v -131.377032 83.341348 -52.370610
v -134.758820 1.174712 -59.234314
v -137.534132 1.886690 -59.034659
v -129.556568 4.061276 -58.488838
v -122.167980 84.896284 -57.696972
v -122.709750 83.804619 -57.232785
v -121.898948 84.135639 -57.462755
v -117.366408 63.046432 -75.311277
v -117.672070 59.145445 -75.702236
v -119.033646 62.423289 -77.305799
v -117.687667 82.663405 -62.883383
v -119.071178 82.471359 -64.728379
v -118.428469 83.535671 -64.960368
v -119.001933 53.065145 -77.249071
v -119.748919 51.404214 -75.860684
v -121.136712 50.765038 -78.193681
v -127.735337 91.628134 -67.297716
v -127.924287 91.594792 -67.609199
v -130.308110 90.961838 -68.408932
v -125.027595 49.005747 -78.174708
v -126.129204 45.644158 -77.906153
v -126.282794 47.565741 -77.379976
v -132.093877 41.560710 -61.994269
v -130.714234 35.096097 -60.148446
v -134.389840 44.852475 -61.600542
v -119.327876 65.501928 -67.637627
v -122.819704 59.786874 -71.170957
v -122.588767 63.720810 -69.839148
v -134.074049 52.576131 -49.093782
v -135.319462 49.916923 -48.714025
v -134.423947 48.986036 -50.460345
v -122.522532 52.336443 -78.247190
v -122.581173 50.484276 -78.832434
v -124.382844 52.064205 -78.400331
v -131.439994 68.273127 -68.915820
v -133.854114 59.970200 -67.325416
v -135.171172 63.726211 -64.247779
v -118.366471 80.441987 -60.300992
v -118.845064 80.297845 -58.626282
v -118.121347 78.471952 -60.129345
v -121.142689 80.588960 -55.788299
v -122.505486 77.691197 -55.392805
v -120.939550 77.638518 -57.442128
v -134.339864 78.713709 -52.366831
v -135.025486 75.546372 -54.436166
v -134.235460 72.790623 -51.952168
v -117.423658 5.366081 -72.521624
v -117.078878 9.222293 -71.184090
v -115.910220 7.645851 -69.842759
v -120.921431 46.247917 -71.153727
v -122.458599 44.990826 -72.645107
v -122.801297 45.449334 -72.354096
v -129.276921 38.014078 -62.011639
v -131.390095 41.952297 -63.145379
v -127.813284 39.045724 -62.409616
v -137.778226 2.491486 -53.589445
v -133.828518 3.121227 -52.119826
v -131.146366 5.157632 -53.820788
v -124.313471 80.790174 -53.797345
v -124.805234 75.874638 -52.169853
v -123.735327 74.751579 -52.903843
v -124.616814 24.566987 -58.260889
v -122.346058 21.607950 -56.260464
v -124.303276 19.805702 -58.365993
v -127.509003 91.724515 -67.674752
v -127.798202 92.290199 -68.173746
v -127.426334 93.308425 -67.848643
v -131.708913 87.773442 -62.053729
v -131.413545 91.378671 -60.285393
v -134.565424 90.149606 -62.919796
v -122.277206 85.906332 -59.193542
v -122.782313 86.339700 -59.611431
v -122.167980 84.896284 -57.696972
v -115.910220 7.645851 -69.842759
v -115.440841 10.800075 -68.257033
v -115.912853 7.698622 -67.881586
v -131.247800 94.956774 -60.061645
v -131.056444 91.778487 -60.368170
v -126.948040 90.576982 -61.641141
v -131.056444 91.778487 -60.368170
v -130.028347 89.466477 -61.076343
v -126.948040 90.576982 -61.641141
v -121.629667 33.742148 -63.740886
v -120.786726 35.804742 -65.452904
v -121.753185 36.323079 -63.459398
v -123.071338 86.074203 -63.647802
v -123.365699 86.723065 -65.354657
v -123.884445 85.842419 -64.460850
v -130.714234 35.096097 -60.148446
v -130.656296 30.973363 -59.538271
v -133.748220 36.452514 -59.240295
v -125.407494 25.340164 -65.936482
v -124.050510 23.009858 -65.730761
v -123.913401 29.867357 -63.386307
v -130.432982 66.876852 -48.347901
v -133.389148 66.475838 -48.142808
v -131.266580 62.261748 -48.022347
v -126.135380 88.027841 -61.507447
v -126.093188 90.665019 -63.174255
v -126.948040 90.576982 -61.641141
v -113.802709 1.718801 -69.010958
v -114.593216 0.089609 -70.053912
v -114.722178 0.661289 -70.994191
v -132.309092 56.614709 -51.108598
v -131.287230 59.628606 -49.448679
v -134.074049 52.576131 -49.093782
v -126.844202 28.537777 -72.711457
v -126.690371 24.586395 -72.211348
v -129.358646 34.092212 -69.048179
v -125.967123 53.864503 -71.548007
v -125.145778 48.694006 -72.948471
v -126.862750 48.830369 -72.656272
v -125.241282 2.113104 -57.184136
v -123.213255 5.713123 -56.517921
v -122.566310 2.050155 -56.798206
v -121.184299 45.821479 -57.452487
v -119.989070 45.926904 -60.422949
v -120.374256 47.093293 -56.488645
v -123.483264 21.483147 -72.177624
v -124.412056 20.778725 -69.661062
v -126.193021 23.792100 -71.367629
v -128.643545 49.051291 -50.749207
v -131.007426 53.467989 -51.801924
v -133.147015 50.989526 -51.737660
v -136.809003 59.919113 -49.050517
v -134.441507 61.937785 -47.459193
v -135.335741 69.291496 -49.527095
v -120.848469 85.508704 -63.487338
v -120.260761 84.692788 -61.811620
v -119.901568 84.433961 -63.130720
v -113.802709 1.718801 -69.010958
v -114.722178 0.661289 -70.994191
v -115.910220 7.645851 -69.842759
v -137.279681 42.221800 -52.366516
v -138.108616 42.355603 -52.080759
v -137.303340 42.874867 -52.988253
v -127.108098 36.042374 -61.201396
v -127.081166 38.416579 -61.677144
v -124.612354 35.607326 -58.834250
v -127.218103 33.549010 -51.840748
v -126.769322 29.136684 -52.042594
v -125.600626 32.582950 -53.190330
v -125.027595 49.005747 -78.174708
v -126.282794 47.565741 -77.379976
v -124.221459 53.717190 -76.835413
v -123.925415 26.539907 -73.839602
v -124.554653 24.160579 -72.830771
v -126.690371 24.586395 -72.211348
v -126.733771 37.458796 -74.016736
v -123.493385 40.366456 -74.165815
v -124.760858 34.126196 -73.609070
v -121.136712 50.765038 -78.193681
v -121.394810 48.797161 -77.332509
v -122.581173 50.484276 -78.832434
v -121.768404 31.605509 -64.928311
v -121.629667 33.742148 -63.740886
v -123.144127 34.564987 -63.274419
v -121.912600 82.770490 -57.497470
v -122.709750 83.804619 -57.232785
v -123.140092 82.737684 -54.868504
v -130.333876 83.293772 -63.023660
v -128.249668 83.566123 -65.968941
v -129.413726 82.136941 -64.087172
v -134.652006 33.550429 -54.381382
v -134.287415 31.919849 -56.032970
v -132.970141 29.776752 -56.050819
v -125.402718 74.212426 -74.026343
v -123.280383 68.272352 -74.353706
v -126.743093 72.984272 -72.413234
v -119.325299 77.088034 -60.995663
v -118.586195 69.133591 -59.997027
v -118.551986 68.534588 -61.742249
v -131.974622 58.115607 -52.424004
v -132.309092 56.614709 -51.108598
v -131.714789 56.675595 -52.093605
v -121.353468 55.065280 -78.672844
v -123.114597 54.298878 -78.137090
v -122.736101 65.361345 -76.976554
v -135.319462 49.916923 -48.714025
v -136.872122 52.137792 -49.525928
v -135.904064 47.354543 -48.155030
v -117.301744 75.410485 -72.917837
v -120.327485 74.393940 -75.664117
v -120.527761 78.608739 -74.619425
v -117.078878 9.222293 -71.184090
v -115.679034 12.865591 -69.868289
v -115.910220 7.645851 -69.842759
v -131.068573 58.265918 -52.536882
v -129.429100 56.117904 -52.476151
v -129.142407 61.804968 -52.412431
v -118.944110 80.661618 -59.652642
v -120.086358 82.119620 -58.780687
v -118.845064 80.297845 -58.626282
v -135.860614 61.006028 -52.612750
v -132.021266 60.404080 -52.940699
v -133.172422 58.145124 -52.619862
v -120.819152 58.287925 -71.824797
v -121.326178 53.873563 -73.698133
v -118.178404 58.596700 -72.513653
v -129.953283 37.043873 -66.582750
v -125.927192 35.492623 -63.920496
v -126.881372 38.345805 -62.842413
v -129.970448 88.771457 -67.786586
v -127.704992 90.163612 -66.788023
v -128.846926 87.666309 -66.694003
v -118.944110 80.661618 -59.652642
v -117.761306 83.173966 -58.545874
v -119.120150 82.789594 -58.540635
v -138.168821 52.595133 -50.891874
v -136.334294 56.711400 -48.110589
v -137.772434 54.138816 -51.229323
v -118.428469 83.535671 -64.960368
v -120.490800 85.170579 -67.319634
v -119.297993 84.670424 -63.710883
v -121.213897 2.286172 -55.717531
v -122.909123 10.116186 -55.816597
v -122.515427 8.195567 -54.222343
v -120.623193 9.271312 -71.423379
v -123.483264 21.483147 -72.177624
v -118.872450 8.079725 -72.113040
v -123.045667 15.921911 -52.543417
v -122.476611 24.208560 -53.619356
v -124.637890 19.761872 -50.589460
v -129.828923 6.691024 -55.801762
v -129.085236 10.077342 -54.430115
v -128.531955 7.819816 -56.736614
v -130.654778 23.807850 -55.702250
v -129.085236 10.077342 -54.430115
v -129.961428 24.691096 -53.489526
v -129.822514 48.841387 -71.109339
v -128.537820 35.443807 -73.055276
v -131.120284 43.704471 -70.005717
v -120.093188 61.650276 -68.402164
v -119.327876 65.501928 -67.637627
v -118.088575 66.871130 -65.285036
v -118.872450 8.079725 -72.113040
v -119.434759 5.905655 -73.240376
v -121.627467 8.084697 -71.575720
v -129.970448 88.771457 -67.786586
v -128.846926 87.666309 -66.694003
v -130.670078 85.140026 -65.216078
v -125.216003 12.179726 -57.606274
v -125.870555 6.943428 -57.987714
v -127.196040 7.947224 -57.507690
v -128.531955 7.819816 -56.736614
v -127.196040 7.947224 -57.507690
v -129.556568 4.061276 -58.488838
v -127.822552 75.089889 -49.245607
v -128.483777 69.337261 -52.487846
v -126.671546 73.398101 -51.280938
v -126.671546 73.398101 -51.280938
v -125.865787 76.720333 -50.001637
v -127.822552 75.089889 -49.245607
v -117.301744 75.410485 -72.917837
v -116.725124 76.091707 -70.918684
v -116.891977 72.649759 -70.964286
v -134.423947 48.986036 -50.460345
v -135.706311 45.618683 -49.281495
v -134.525155 47.722965 -51.728199
v -132.335570 57.914382 -53.048146
v -132.734416 55.138171 -53.149026
v -133.222976 55.356228 -52.653329
v -130.203675 85.117650 -61.623986
v -129.099456 86.792254 -60.437325
v -131.708913 87.773442 -62.053729
v -132.959933 98.925746 -67.856358
v -129.940271 99.652362 -67.344195
v -132.534124 95.974410 -68.932531
v -135.600225 49.474707 -55.948940
v -136.101483 54.069662 -58.492611
v -135.269479 48.837370 -61.124536
v -133.883231 98.922777 -63.281602
v -133.863153 99.682069 -65.894446
v -135.892497 95.782853 -64.944109
v -118.520512 80.918079 -59.934363
v -117.761306 83.173966 -58.545874
v -118.944110 80.661618 -59.652642
v -122.362192 86.231041 -59.840457
v -120.648018 86.209833 -60.673543
v -122.496313 86.372298 -60.189140
v -124.678020 24.652668 -51.215078
v -124.637890 19.761872 -50.589460
v -122.476611 24.208560 -53.619356
v -118.734496 46.062499 -66.272624
v -118.868933 40.280506 -67.785348
v -119.671156 43.786344 -70.297030
v -130.309430 72.908742 -70.409149
v -128.470690 69.643545 -70.958965
v -131.439994 68.273127 -68.915820
v -119.408243 61.050725 -72.118699
v -118.340240 65.457880 -71.991436
v -119.769108 64.079070 -70.569839
v -118.340240 65.457880 -71.991436
v -116.891977 72.649759 -70.964286
v -118.958881 68.250239 -70.296815
v -126.769322 29.136684 -52.042594
v -126.639180 23.883640 -50.413964
v -124.678020 24.652668 -51.215078
v -124.678020 24.652668 -51.215078
v -125.600626 32.582950 -53.190330
v -126.769322 29.136684 -52.042594
v -125.407494 25.340164 -65.936482
v -128.549101 31.679416 -67.059178
v -127.925742 27.356124 -67.236625
v -119.854356 83.748376 -58.072059
v -117.925582 84.394574 -59.098053
v -119.055013 83.042222 -58.190290
v -119.573926 83.314830 -58.470138
v -120.267546 83.971649 -58.640694
v -119.854356 83.748376 -58.072059
v -125.097315 85.792005 -56.807078
v -127.130407 87.065548 -58.809913
v -128.349976 84.804082 -55.424197
v -128.226430 33.726347 -65.345298
v -123.144127 34.564987 -63.274419
v -125.927192 35.492623 -63.920496
v -128.537820 35.443807 -73.055276
v -129.822514 48.841387 -71.109339
v -127.518857 42.747307 -73.228256
v -121.629667 33.742148 -63.740886
v -121.753185 36.323079 -63.459398
v -123.144127 34.564987 -63.274419
v -122.889611 41.270688 -76.566538
v -121.868615 43.589848 -78.589034
v -121.451342 43.392253 -76.852473
v -124.157016 47.372359 -52.498649
v -127.858734 53.607613 -51.640110
v -128.643545 49.051291 -50.749207
v -128.346345 26.683751 -69.027581
v -127.925742 27.356124 -67.236625
v -128.549101 31.679416 -67.059178
v -118.323534 82.071876 -60.876066
v -119.847894 82.307994 -58.630874
v -119.677633 83.680260 -59.512650
v -133.117691 52.421194 -52.336997
v -133.508175 52.508795 -53.713768
v -133.835458 53.442925 -52.853961
v -125.241282 2.113104 -57.184136
v -122.566310 2.050155 -56.798206
v -123.930396 1.049423 -57.000047
v -119.325299 77.088034 -60.995663
v -118.551986 68.534588 -61.742249
v -117.195944 74.456840 -64.715164
v -122.362192 86.231041 -59.840457
v -122.199646 86.833012 -60.167646
v -122.277206 85.906332 -59.193542
v -131.526579 40.810526 -68.437038
v -127.673159 31.793601 -73.551363
v -129.358646 34.092212 -69.048179
v -127.773674 1.612240 -78.165724
v -123.715118 3.763312 -71.787741
v -126.839195 2.395767 -79.058746
v -136.734741 46.795517 -53.786814
v -134.933494 49.266619 -53.050204
v -134.820532 48.093158 -52.539099
v -117.195944 74.456840 -64.715164
v -118.088575 66.871130 -65.285036
v -117.645260 72.119689 -66.456229
v -137.778226 2.491486 -53.589445
v -131.146366 5.157632 -53.820788
v -132.714237 4.924041 -55.180862
v -116.982272 72.929758 -68.443781
v -116.441748 75.888377 -67.613277
v -117.645260 72.119689 -66.456229
v -116.441748 75.888377 -67.613277
v -117.195944 74.456840 -64.715164
v -117.645260 72.119689 -66.456229
v -122.348536 64.474899 -70.247038
v -119.075530 69.179916 -69.450915
v -119.283609 67.975378 -67.805841
v -119.075530 69.179916 -69.450915
v -116.982272 72.929758 -68.443781
v -119.283609 67.975378 -67.805841
v -120.648018 86.209833 -60.673543
v -120.724885 84.013271 -58.963672
v -120.016057 85.113239 -61.451234
v -120.807492 28.281781 -65.597613
v -118.533116 21.064856 -65.396531
v -119.042101 27.574596 -67.483901
v -118.702965 81.659221 -60.827811
v -120.631822 82.777911 -59.883022
v -120.086358 82.119620 -58.780687
v -120.631822 82.777911 -59.883022
v -120.865104 82.588601 -58.330389
v -120.086358 82.119620 -58.780687
v -134.312206 45.363742 -64.352730
v -133.477221 45.785433 -66.046418
v -131.390095 41.952297 -63.145379
v -125.195555 43.482789 -54.176941
v -123.636764 41.733348 -57.150820
v -122.784634 43.338185 -58.562497
v -118.990041 5.832097 -66.335442
v -118.900051 1.761842 -65.808728
v -116.024777 2.224683 -65.811609
v -119.071178 82.471359 -64.728379
v -117.673604 79.398143 -67.594466
v -119.621452 83.721375 -66.520587
v -122.505486 77.691197 -55.392805
v -121.932753 72.565198 -55.147833
v -121.476699 76.704168 -57.570829
v -128.568468 99.866974 -66.230399
v -130.076176 100.743055 -63.910761
v -128.385318 99.672413 -62.525747
v -135.373552 42.832619 -53.984526
v -136.361410 43.178958 -52.519976
v -133.308223 43.771869 -51.714749
v -134.083569 76.959592 -61.230662
v -135.456400 73.831946 -59.448111
v -134.954697 75.475991 -56.964698
v -131.592216 60.016805 -52.824974
v -130.978060 60.851234 -52.175640
v -132.092158 59.450126 -52.356003
v -138.330554 50.864130 -52.785966
v -138.168821 52.595133 -50.891874
v -137.772434 54.138816 -51.229323
v -134.893145 72.520948 -62.321150
v -135.171172 63.726211 -64.247779
v -135.299569 69.901121 -59.428749
v -135.171172 63.726211 -64.247779
v -135.680392 51.048464 -62.939351
v -136.101483 54.069662 -58.492611
v -135.299569 69.901121 -59.428749
v -135.171172 63.726211 -64.247779
v -136.101483 54.069662 -58.492611
v -128.846926 87.666309 -66.694003
v -127.704992 90.163612 -66.788023
v -126.255872 85.212755 -66.003586
v -129.407971 0.829011 -55.119272
v -134.120618 0.992709 -52.516610
v -135.065340 1.090288 -54.277908
v -135.065340 1.090288 -54.277908
v -138.024134 1.314628 -54.009556
v -136.987024 1.052219 -58.453847
v -125.057814 0.820499 -53.077883
v -128.335278 0.920015 -53.063144
v -126.138820 0.775212 -55.922893
v -126.138820 0.775212 -55.922893
v -122.945865 0.689846 -55.486868
v -125.057814 0.820499 -53.077883
v -122.945865 0.689846 -55.486868
v -122.743532 0.767499 -52.557309
v -125.057814 0.820499 -53.077883
v -129.407971 0.829011 -55.119272
v -135.065340 1.090288 -54.277908
v -130.131331 0.872499 -57.161425
v -128.335278 0.920015 -53.063144
v -129.407971 0.829011 -55.119272
v -126.138820 0.775212 -55.922893
v -136.987024 1.052219 -58.453847
v -134.758820 1.174712 -59.234314
v -135.065340 1.090288 -54.277908
v -134.758820 1.174712 -59.234314
v -130.131331 0.872499 -57.161425
v -135.065340 1.090288 -54.277908
v -126.439327 64.403546 -52.830536
v -129.142407 61.804968 -52.412431
v -125.360351 61.665123 -52.407318
v -129.142407 61.804968 -52.412431
v -126.939775 56.028723 -51.664791
v -125.360351 61.665123 -52.407318
v -123.568332 56.854016 -74.709149
v -124.221459 53.717190 -76.835413
v -123.870562 52.241045 -75.616717
v -134.787259 55.334067 -53.333836
v -133.222976 55.356228 -52.653329
v -133.835458 53.442925 -52.853961
v -132.937060 76.271164 -49.430887
v -135.335741 69.291496 -49.527095
v -133.389148 66.475838 -48.142808
v -133.389148 66.475838 -48.142808
v -135.335741 69.291496 -49.527095
v -134.441507 61.937785 -47.459193
v -133.389148 66.475838 -48.142808
v -131.319403 71.823621 -48.091057
v -132.937060 76.271164 -49.430887
v -119.469296 29.732507 -69.269818
v -120.149011 31.198999 -68.094952
v -119.042101 27.574596 -67.483901
v -127.735337 91.628134 -67.297716
v -130.308110 90.961838 -68.408932
v -127.900795 93.528116 -67.795242
v -127.900795 93.528116 -67.795242
v -127.495648 92.696929 -67.492732
v -127.735337 91.628134 -67.297716
v -133.166744 49.207181 -51.574269
v -134.423947 48.986036 -50.460345
v -134.525155 47.722965 -51.728199
v -123.568332 56.854016 -74.709149
v -122.702384 67.062873 -76.253770
v -124.221459 53.717190 -76.835413
v -120.939550 77.638518 -57.442128
v -122.505486 77.691197 -55.392805
v -121.476699 76.704168 -57.570829
v -118.702965 81.659221 -60.827811
v -118.454496 82.135909 -61.986469
v -119.586205 83.368861 -61.965769
v -137.631029 48.533666 -53.941756
v -135.815314 52.822733 -52.739389
v -134.933494 49.266619 -53.050204
v -132.302833 29.883137 -57.885266
v -134.287415 31.919849 -56.032970
v -130.656296 30.973363 -59.538271
v -125.145778 48.694006 -72.948471
v -120.806764 56.790513 -70.234900
v -121.652763 52.512944 -70.727668
v -121.652763 52.512944 -70.727668
v -122.642696 48.497903 -72.171868
v -125.145778 48.694006 -72.948471
v -131.149358 34.959987 -51.660160
v -127.702477 38.845801 -51.709447
v -133.779643 41.868737 -50.696493
v -127.702477 38.845801 -51.709447
v -130.249410 43.874505 -50.550130
v -133.779643 41.868737 -50.696493
v -131.668362 66.140068 -53.667382
v -134.235703 69.499290 -56.845529
v -131.151985 62.816966 -53.726474
v -138.330554 50.864130 -52.785966
v -137.144095 55.557317 -51.769812
v -137.631029 48.533666 -53.941756
v -118.323534 82.071876 -60.876066
v -118.702965 81.659221 -60.827811
v -120.086358 82.119620 -58.780687
v -118.310535 56.036412 -65.527847
v -118.176005 61.115467 -60.211233
v -118.478402 47.310185 -61.498612
v -131.923406 85.721249 -64.501039
v -130.333876 83.293772 -63.023660
v -130.203675 85.117650 -61.623986
v -120.149011 31.198999 -68.094952
v -121.629667 33.742148 -63.740886
v -121.768404 31.605509 -64.928311
v -117.078878 9.222293 -71.184090
v -117.423658 5.366081 -72.521624
v -118.872450 8.079725 -72.113040
v -125.965916 44.575671 -75.930743
v -125.058754 43.212578 -76.582513
v -123.426952 45.025850 -76.275956
v -129.828923 6.691024 -55.801762
v -128.531955 7.819816 -56.736614
v -131.594660 4.952508 -56.952219
v -123.595422 1.384848 -71.229674
v -122.465581 0.546247 -70.621688
v -121.015776 0.307274 -68.699433
v -133.508175 52.508795 -53.713768
v -132.734416 55.138171 -53.149026
v -134.703968 51.564360 -54.633726
v -132.734416 55.138171 -53.149026
v -132.335570 57.914382 -53.048146
v -134.703968 51.564360 -54.633726
v -125.496387 86.731482 -64.768123
v -127.704992 90.163612 -66.788023
v -126.093188 90.665019 -63.174255
v -131.149358 34.959987 -51.660160
v -127.218103 33.549010 -51.840748
v -127.702477 38.845801 -51.709447
v -137.534132 1.886690 -59.034659
v -139.151299 1.703769 -57.721301
v -138.540941 3.074605 -57.025255
v -130.309430 72.908742 -70.409149
v -135.171172 63.726211 -64.247779
v -134.893145 72.520948 -62.321150
v -133.854114 59.970200 -67.325416
v -134.184217 52.065421 -67.326475
v -135.171172 63.726211 -64.247779
v -123.437056 74.058080 -74.338936
v -120.327485 74.393940 -75.664117
v -121.726023 74.018544 -74.965128
v -120.233583 83.717978 -62.326937
v -120.260761 84.692788 -61.811620
v -119.948907 84.265136 -60.970799
v -120.572057 39.471048 -69.959727
v -119.857493 33.229393 -69.468140
v -120.959519 34.845129 -71.856220
v -120.763563 81.298685 -73.242342
v -122.323363 81.602419 -73.106609
v -122.939150 82.873350 -70.308509
v -125.600626 32.582950 -53.190330
v -124.678020 24.652668 -51.215078
v -122.476611 24.208560 -53.619356
v -122.476611 24.208560 -53.619356
v -124.486472 33.647352 -54.898772
v -125.600626 32.582950 -53.190330
v -124.906811 27.814633 -73.511580
v -121.326157 27.178639 -73.158662
v -123.925415 26.539907 -73.839602
v -130.203675 85.117650 -61.623986
v -131.199499 83.402950 -61.384423
v -130.149050 84.175479 -56.968867
v -131.525787 62.865740 -53.130979
v -132.021266 60.404080 -52.940699
v -133.815966 61.946076 -52.410574
v -120.267546 83.971649 -58.640694
v -122.277206 85.906332 -59.193542
v -122.167980 84.896284 -57.696972
v -117.673604 79.398143 -67.594466
v -118.081185 77.687502 -63.962330
v -116.441748 75.888377 -67.613277
v -118.081185 77.687502 -63.962330
v -117.195944 74.456840 -64.715164
v -116.441748 75.888377 -67.613277
v -119.932005 17.538753 -64.719138
v -121.250827 21.720254 -64.376951
v -121.426072 14.265290 -65.749376
v -127.702477 38.845801 -51.709447
v -127.020558 42.668849 -51.975495
v -130.249410 43.874505 -50.550130
v -117.122687 8.679330 -66.520739
v -115.912853 7.698622 -67.881586
v -115.440841 10.800075 -68.257033
v -115.440841 10.800075 -68.257033
v -116.439785 12.549969 -67.320384
v -117.122687 8.679330 -66.520739
v -119.854356 83.748376 -58.072059
v -122.123721 84.558892 -57.429183
v -120.130904 83.162659 -57.799561
v -132.937060 76.271164 -49.430887
v -131.319403 71.823621 -48.091057
v -130.905218 79.047233 -49.551222
v -122.109638 8.252963 -69.975391
v -122.120919 10.772231 -68.085600
v -122.077528 11.547777 -69.799135
v -127.984816 8.199250 -52.888618
v -128.912336 25.465679 -51.958056
v -129.961428 24.691096 -53.489526
v -118.872450 8.079725 -72.113040
v -120.910800 21.666765 -72.973730
v -117.270079 12.605643 -71.870715
v -133.618071 86.186630 -64.851433
v -134.565424 90.149606 -62.919796
v -135.063568 89.016313 -65.507364
v -125.139039 57.483065 -71.824095
v -122.819704 59.786874 -71.170957
v -120.806764 56.790513 -70.234900
v -133.748220 36.452514 -59.240295
v -130.656296 30.973363 -59.538271
v -134.507034 35.388056 -56.538247
v -122.436347 4.864586 -74.762335
v -119.434759 5.905655 -73.240376
v -122.070760 2.100724 -79.796692
v -124.516884 45.934934 -72.639261
v -122.458599 44.990826 -72.645107
v -122.903240 44.732231 -72.994116
v -119.408243 61.050725 -72.118699
v -119.769108 64.079070 -70.569839
v -121.324750 63.346225 -70.700011
v -130.978060 60.851234 -52.175640
v -130.212977 64.083958 -51.817977
v -131.292203 59.304011 -50.999550
v -127.940574 96.967691 -67.383442
v -125.872649 95.623094 -64.910849
v -127.900795 93.528116 -67.795242
v -119.110899 62.050164 -64.901306
v -118.586195 69.133591 -59.997027
v -118.310535 56.036412 -65.527847
v -120.595688 76.644748 -59.470086
v -120.898208 63.391560 -55.920211
v -118.586195 69.133591 -59.997027
v -117.843889 58.751637 -73.670495
v -117.240770 62.087333 -74.092747
v -118.178404 58.596700 -72.513653
v -125.927192 35.492623 -63.920496
v -123.144127 34.564987 -63.274419
v -125.610164 39.030379 -61.547508
v -125.360351 61.665123 -52.407318
v -124.554210 58.989644 -52.683008
v -122.379763 66.732847 -54.051196
v -124.554210 58.989644 -52.683008
v -122.117918 53.277957 -54.777601
v -120.898208 63.391560 -55.920211
v -130.339188 81.106663 -65.110357
v -130.309430 72.908742 -70.409149
v -134.893145 72.520948 -62.321150
v -124.166965 35.698861 -54.438646
v -127.218103 33.549010 -51.840748
v -125.600626 32.582950 -53.190330
v -121.394810 48.797161 -77.332509
v -121.650090 48.545045 -74.987316
v -121.256688 46.377814 -76.794443
v -119.137897 2.520567 -77.264806
v -118.228779 0.575960 -76.665795
v -120.920802 0.745219 -79.474062
v -119.255863 80.379975 -61.799449
v -119.071178 82.471359 -64.728379
v -119.013495 80.922413 -60.385175
v -114.593216 0.089609 -70.053912
v -116.333363 0.195372 -66.325050
v -118.514480 0.194985 -68.541230
v -116.333363 0.195372 -66.325050
v -119.121081 0.264871 -66.710454
v -118.514480 0.194985 -68.541230
v -123.840950 0.249094 -72.906960
v -127.103252 0.220263 -77.047476
v -124.532522 0.000000 -79.898450
v -124.532522 0.000000 -79.898450
v -120.950476 0.054825 -78.032995
v -123.840950 0.249094 -72.906960
v -120.950476 0.054825 -78.032995
v -118.573784 0.090373 -75.148218
v -123.840950 0.249094 -72.906960
v -117.831710 0.082475 -73.352547
v -114.593216 0.089609 -70.053912
v -118.514480 0.194985 -68.541230
v -118.573784 0.090373 -75.148218
v -117.831710 0.082475 -73.352547
v -120.941238 0.184858 -71.569297
v -123.840950 0.249094 -72.906960
v -118.573784 0.090373 -75.148218
v -120.941238 0.184858 -71.569297
v -120.941238 0.184858 -71.569297
v -122.465581 0.546247 -70.621688
v -123.840950 0.249094 -72.906960
v -118.514480 0.194985 -68.541230
v -121.015776 0.307274 -68.699433
v -120.941238 0.184858 -71.569297
v -123.114597 54.298878 -78.137090
v -121.353468 55.065280 -78.672844
v -122.522532 52.336443 -78.247190
v -126.948040 90.576982 -61.641141
v -127.595045 95.806742 -60.926029
v -129.032161 95.289439 -60.171930
v -117.925582 84.394574 -59.098053
v -116.791370 84.072172 -59.046213
v -117.649931 85.108107 -60.432765
v -122.544818 5.630341 -69.931525
v -123.715118 3.763312 -71.787741
v -123.595422 1.384848 -71.229674
v -132.534124 95.974410 -68.932531
v -132.991294 92.712528 -68.574017
v -134.802678 93.745673 -68.137096
v -134.820532 48.093158 -52.539099
v -134.440421 48.521888 -53.519284
v -133.393931 48.002344 -52.565358
v -130.339188 81.106663 -65.110357
v -134.083569 76.959592 -61.230662
v -131.540555 81.278312 -61.618998
v -131.540555 81.278312 -61.618998
v -134.413050 79.014719 -55.563767
v -130.149050 84.175479 -56.968867
v -123.213255 5.713123 -56.517921
v -122.909123 10.116186 -55.816597
v -121.213897 2.286172 -55.717531
v -121.142689 80.588960 -55.788299
v -118.845064 80.297845 -58.626282
v -120.086358 82.119620 -58.780687
v -121.194391 8.335826 -67.493522
v -121.426072 14.265290 -65.749376
v -122.120919 10.772231 -68.085600
v -120.724165 71.067435 -76.564695
v -122.462169 70.129776 -76.439155
v -121.726023 74.018544 -74.965128
v -125.339612 63.527078 -71.059992
v -128.470690 69.643545 -70.958965
v -122.348536 64.474899 -70.247038
v -121.973059 60.796851 -72.176037
v -122.647409 62.625206 -73.814879
v -123.568332 56.854016 -74.709149
v -124.519201 78.618425 -74.116586
v -124.424810 83.205104 -69.168567
v -122.939150 82.873350 -70.308509
v -131.708913 87.773442 -62.053729
v -129.099456 86.792254 -60.437325
v -130.028347 89.466477 -61.076343
v -114.593216 0.089609 -70.053912
v -117.831710 0.082475 -73.352547
v -114.722178 0.661289 -70.994191
v -122.889611 41.270688 -76.566538
v -125.063534 41.027290 -77.006579
v -124.599689 42.290280 -78.987337
v -135.299569 69.901121 -59.428749
v -132.335570 57.914382 -53.048146
v -131.762034 60.202682 -53.575609
v -132.335570 57.914382 -53.048146
v -131.068573 58.265918 -52.536882
v -131.762034 60.202682 -53.575609
v -137.534132 1.886690 -59.034659
v -138.540941 3.074605 -57.025255
v -131.594660 4.952508 -56.952219
v -120.724165 71.067435 -76.564695
v -121.353468 55.065280 -78.672844
v -122.736101 65.361345 -76.976554
v -124.519201 78.618425 -74.116586
v -126.002417 77.450210 -73.358286
v -126.688255 77.066559 -72.200793
v -118.868933 40.280506 -67.785348
v -118.734496 46.062499 -66.272624
v -118.883014 43.042731 -64.504724
v -128.934984 67.080021 -50.584411
v -130.212977 64.083958 -51.817977
v -129.730926 67.002290 -52.164679
v -122.736101 65.361345 -76.976554
v -123.114597 54.298878 -78.137090
v -124.221459 53.717190 -76.835413
v -124.221459 53.717190 -76.835413
v -122.702384 67.062873 -76.253770
v -122.736101 65.361345 -76.976554
v -129.822514 48.841387 -71.109339
v -131.439994 68.273127 -68.915820
v -127.726874 57.230443 -71.387301
v -126.129204 45.644158 -77.906153
v -125.787672 42.125988 -78.048870
v -126.717566 44.794670 -76.688522
v -135.269479 48.837370 -61.124536
v -135.505355 41.992235 -56.551368
v -135.600225 49.474707 -55.948940
v -121.753185 36.323079 -63.459398
v -120.786726 35.804742 -65.452904
v -119.503106 38.939887 -64.929955
v -139.511808 2.197343 -56.525579
v -137.778226 2.491486 -53.589445
v -138.540941 3.074605 -57.025255
v -132.021266 60.404080 -52.940699
v -135.860614 61.006028 -52.612750
v -133.815966 61.946076 -52.410574
v -121.652763 52.512944 -70.727668
v -118.310535 56.036412 -65.527847
v -119.671156 43.786344 -70.297030
v -120.921431 46.247917 -71.153727
v -121.652763 52.512944 -70.727668
v -119.671156 43.786344 -70.297030
v -127.940574 96.967691 -67.383442
v -128.568468 99.866974 -66.230399
v -126.913182 98.272014 -65.224808
v -125.058754 43.212578 -76.582513
v -125.965916 44.575671 -75.930743
v -126.149790 43.439007 -75.398349
v -131.526579 40.810526 -68.437038
v -129.358646 34.092212 -69.048179
v -129.953283 37.043873 -66.582750
v -113.802709 1.718801 -69.010958
v -115.912853 7.698622 -67.881586
v -113.931898 1.038408 -67.605369
v -119.287017 77.992272 -58.102859
v -120.595688 76.644748 -59.470086
v -119.325299 77.088034 -60.995663
v -125.243106 68.779468 -52.387050
v -125.633287 71.518874 -52.672689
v -129.199862 66.932702 -53.026689
v -124.382844 52.064205 -78.400331
v -125.027595 49.005747 -78.174708
v -124.221459 53.717190 -76.835413
v -138.613730 43.157107 -51.082910
v -139.222550 47.490540 -53.041042
v -138.108616 42.355603 -52.080759
v -127.108098 36.042374 -61.201396
v -124.423791 34.321642 -60.166754
v -124.938723 32.121301 -60.026638
v -124.938723 32.121301 -60.026638
v -129.276921 38.014078 -62.011639
v -127.108098 36.042374 -61.201396
v -120.267546 83.971649 -58.640694
v -119.677633 83.680260 -59.512650
v -120.724885 84.013271 -58.963672
v -133.114957 43.302584 -50.535844
v -134.837244 43.324119 -50.382467
v -133.779643 41.868737 -50.696493
v -128.349976 84.804082 -55.424197
v -127.130407 87.065548 -58.809913
v -130.149050 84.175479 -56.968867
v -127.130407 87.065548 -58.809913
v -127.519128 87.247121 -60.247609
v -130.149050 84.175479 -56.968867
v -130.905218 79.047233 -49.551222
v -127.822552 75.089889 -49.245607
v -127.891271 80.625403 -50.381869
v -123.437056 74.058080 -74.338936
v -123.280383 68.272352 -74.353706
v -125.402718 74.212426 -74.026343
v -128.226430 33.726347 -65.345298
v -129.953283 37.043873 -66.582750
v -128.549101 31.679416 -67.059178
v -130.905218 79.047233 -49.551222
v -132.733057 81.808007 -51.772187
v -132.937060 76.271164 -49.430887
v -123.735327 74.751579 -52.903843
v -121.932753 72.565198 -55.147833
v -122.505486 77.691197 -55.392805
v -131.068573 58.265918 -52.536882
v -130.978060 60.851234 -52.175640
v -131.592216 60.016805 -52.824974
v -136.101483 54.069662 -58.492611
v -135.600225 49.474707 -55.948940
v -134.703968 51.564360 -54.633726
v -128.760532 25.294709 -58.563999
v -130.654778 23.807850 -55.702250
v -131.878416 24.788576 -56.273614
v -116.562445 76.051575 -69.538012
v -116.607449 78.264570 -70.341522
v -116.441748 75.888377 -67.613277
v -118.882800 13.715815 -65.716774
v -116.439785 12.549969 -67.320384
v -115.238282 14.117443 -67.973302
v -125.351572 87.139630 -59.631267
v -127.519128 87.247121 -60.247609
v -127.130407 87.065548 -58.809913
v -126.193021 23.792100 -71.367629
v -128.346345 26.683751 -69.027581
v -126.690371 24.586395 -72.211348
v -128.470690 69.643545 -70.958965
v -130.309430 72.908742 -70.409149
v -126.743093 72.984272 -72.413234
v -120.490800 85.170579 -67.319634
v -120.848469 85.508704 -63.487338
v -119.297993 84.670424 -63.710883
v -130.124937 2.862185 -51.951927
v -134.120618 0.992709 -52.516610
v -129.013337 1.778424 -51.674670
v -122.702384 67.062873 -76.253770
v -123.472686 64.219451 -73.271296
v -123.280383 68.272352 -74.353706
v -121.148116 40.099597 -72.551457
v -119.671156 43.786344 -70.297030
v -120.166508 40.869772 -70.720121
v -118.868933 40.280506 -67.785348
v -120.166508 40.869772 -70.720121
v -119.671156 43.786344 -70.297030
v -123.437056 74.058080 -74.338936
v -125.402718 74.212426 -74.026343
v -124.519201 78.618425 -74.116586
v -122.229951 17.553988 -55.147944
v -122.476611 24.208560 -53.619356
v -123.045667 15.921911 -52.543417
v -131.620743 26.466209 -53.645710
v -132.970141 29.776752 -56.050819
v -133.092192 28.902739 -57.000403
v -113.931898 1.038408 -67.605369
v -116.333363 0.195372 -66.325050
v -114.593216 0.089609 -70.053912
v -127.357384 93.069822 -67.004510
v -125.872649 95.623094 -64.910849
v -127.704992 90.163612 -66.788023
v -122.109638 8.252963 -69.975391
v -122.544818 5.630341 -69.931525
v -122.120919 10.772231 -68.085600
v -136.809003 59.919113 -49.050517
v -135.335741 69.291496 -49.527095
v -136.385128 65.228707 -50.792959
v -121.933146 6.329051 -73.232000
v -122.436347 4.864586 -74.762335
v -123.715118 3.763312 -71.787741
v -129.946182 31.706720 -52.755874
v -127.218103 33.549010 -51.840748
v -131.149358 34.959987 -51.660160
v -115.238282 14.117443 -67.973302
v -115.557246 16.995162 -68.756889
v -116.676308 18.989476 -67.080243
v -133.738146 96.998018 -61.608028
v -135.610667 93.292570 -63.704220
v -131.738852 92.989040 -59.734937
v -132.092158 59.450126 -52.356003
v -131.974622 58.115607 -52.424004
v -133.172422 58.145124 -52.619862
v -122.605334 65.976614 -71.151620
v -122.348536 64.474899 -70.247038
v -128.470690 69.643545 -70.958965
v -133.854114 59.970200 -67.325416
v -131.439994 68.273127 -68.915820
v -129.822514 48.841387 -71.109339
v -125.339612 63.527078 -71.059992
v -125.139039 57.483065 -71.824095
v -127.726874 57.230443 -71.387301
v -123.925415 26.539907 -73.839602
v -121.326157 27.178639 -73.158662
v -121.174206 25.480738 -72.516010
v -132.302833 29.883137 -57.885266
v -130.656296 30.973363 -59.538271
v -127.729720 29.139042 -60.146327
v -130.656296 30.973363 -59.538271
v -126.990317 29.692042 -60.480583
v -127.729720 29.139042 -60.146327
v -135.173687 52.970886 -48.130109
v -135.319462 49.916923 -48.714025
v -134.074049 52.576131 -49.093782
v -122.476611 24.208560 -53.619356
v -122.229951 17.553988 -55.147944
v -122.346058 21.607950 -56.260464
v -129.013337 1.778424 -51.674670
v -125.409508 2.082044 -51.487380
v -130.124937 2.862185 -51.951927
v -125.409508 2.082044 -51.487380
v -126.446368 7.039889 -52.231273
v -130.124937 2.862185 -51.951927
v -135.860614 61.006028 -52.612750
v -136.265318 59.062541 -52.397047
v -136.385128 65.228707 -50.792959
v -131.292203 59.304011 -50.999550
v -130.184059 64.182633 -48.864757
v -131.287230 59.628606 -49.448679
v -131.344922 92.416769 -60.161469
v -131.738852 92.989040 -59.734937
v -134.565424 90.149606 -62.919796
v -132.970141 29.776752 -56.050819
v -129.946182 31.706720 -52.755874
v -134.652006 33.550429 -54.381382
v -129.946182 31.706720 -52.755874
v -131.149358 34.959987 -51.660160
v -134.652006 33.550429 -54.381382
v -118.478402 47.310185 -61.498612
v -118.176005 61.115467 -60.211233
v -120.374256 47.093293 -56.488645
v -117.270079 12.605643 -71.870715
v -117.983126 22.070032 -71.912404
v -116.274625 20.399150 -70.172380
v -121.912600 82.770490 -57.497470
v -120.130904 83.162659 -57.799561
v -121.898948 84.135639 -57.462755
v -122.915882 41.417634 -60.532914
v -121.753185 36.323079 -63.459398
v -119.660682 43.745500 -61.601012
v -126.639180 23.883640 -50.413964
v -128.912336 25.465679 -51.958056
v -125.299996 11.190217 -51.141261
v -128.912336 25.465679 -51.958056
v -127.984816 8.199250 -52.888618
v -125.299996 11.190217 -51.141261
v -122.909123 10.116186 -55.816597
v -123.213255 5.713123 -56.517921
v -125.216003 12.179726 -57.606274
v -123.213255 5.713123 -56.517921
v -125.241282 2.113104 -57.184136
v -125.870555 6.943428 -57.987714
v -125.216003 12.179726 -57.606274
v -123.213255 5.713123 -56.517921
v -125.870555 6.943428 -57.987714
v -117.687667 82.663405 -62.883383
v -119.013495 80.922413 -60.385175
v -119.071178 82.471359 -64.728379
v -120.921431 46.247917 -71.153727
v -121.847023 44.257414 -72.932740
v -122.458599 44.990826 -72.645107
v -135.680392 51.048464 -62.939351
v -135.171172 63.726211 -64.247779
v -134.184217 52.065421 -67.326475
v -124.616814 24.566987 -58.260889
v -124.554753 27.908021 -58.332286
v -122.346058 21.607950 -56.260464
v -134.389840 44.852475 -61.600542
v -130.714234 35.096097 -60.148446
v -133.748220 36.452514 -59.240295
v -130.149050 84.175479 -56.968867
v -131.199499 83.402950 -61.384423
v -131.540555 81.278312 -61.618998
v -134.131712 47.578612 -54.222311
v -134.440421 48.521888 -53.519284
v -135.600225 49.474707 -55.948940
v -130.432982 66.876852 -48.347901
v -131.319403 71.823621 -48.091057
v -133.389148 66.475838 -48.142808
v -125.967123 53.864503 -71.548007
v -120.806764 56.790513 -70.234900
v -125.145778 48.694006 -72.948471
v -133.166744 49.207181 -51.574269
v -128.643545 49.051291 -50.749207
v -133.147015 50.989526 -51.737660
v -136.809003 59.919113 -49.050517
v -136.334294 56.711400 -48.110589
v -134.441507 61.937785 -47.459193
v -134.837244 43.324119 -50.382467
v -133.308223 43.771869 -51.714749
v -136.361410 43.178958 -52.519976
v -125.178779 44.879926 -79.808737
v -121.126686 46.044505 -78.744719
v -121.868615 43.589848 -78.589034
v -125.195555 43.482789 -54.176941
v -128.316267 46.218315 -51.616181
v -127.020558 42.668849 -51.975495
v -134.235703 69.499290 -56.845529
v -131.668362 66.140068 -53.667382
v -132.677911 67.864752 -53.709266
v -132.677911 67.864752 -53.709266
v -135.025486 75.546372 -54.436166
v -134.235703 69.499290 -56.845529
v -126.733771 37.458796 -74.016736
v -126.537485 40.087211 -74.535614
v -123.493385 40.366456 -74.165815
v -128.537820 35.443807 -73.055276
v -127.673159 31.793601 -73.551363
v -131.526579 40.810526 -68.437038
v -117.301744 75.410485 -72.917837
v -118.065210 71.551716 -74.720730
v -120.327485 74.393940 -75.664117
v -122.642696 48.497903 -72.171868
v -121.652763 52.512944 -70.727668
v -120.921431 46.247917 -71.153727
vn -23.385792 -96.264158 -13.649771
vn -23.385792 -96.264158 -13.649771
vn -23.385792 -96.264158 -13.649771
vn -47.371557 -83.361714 28.403545
vn -47.371557 -83.361714 28.403545
vn -47.371557 -83.361714 28.403545
vn 19.908041 -14.244719 96.957511
vn 19.908041 -14.244719 96.957511
vn 19.908041 -14.244719 96.957511
vn 77.266960 42.518337 -47.138191
vn 77.266960 42.518337 -47.138191
vn 77.266960 42.518337 -47.138191
vn 36.574098 -16.094611 -91.669519
vn 36.574098 -16.094611 -91.669519
vn 36.574098 -16.094611 -91.669519
vn -81.386422 -12.633036 -56.715589
vn -81.386422 -12.633036 -56.715589
vn -81.386422 -12.633036 -56.715589
vn -86.952611 21.070837 44.668370
vn -86.952611 21.070837 44.668370
vn -86.952611 21.070837 44.668370
vn 91.885380 -38.164163 -10.028679
vn 91.885380 -38.164163 -10.028679
vn 91.885380 -38.164163 -10.028679
vn 61.554517 59.329616 -51.875209
vn 61.554517 59.329616 -51.875209
vn 61.554517 59.329616 -51.875209
vn -80.763337 -49.373355 -32.242127
vn -80.763337 -49.373355 -32.242127
vn -80.763337 -49.373355 -32.242127
vn -9.798240 -8.960210 -99.114637
vn -9.798240 -8.960210 -99.114637
vn -9.798240 -8.960210 -99.114637
vn -1.220834 42.652489 90.439358
vn -1.220834 42.652489 90.439358
vn -1.220834 42.652489 90.439358
vn 59.458514 61.901241 -51.312008
vn 59.458514 61.901241 -51.312008
vn 59.458514 61.901241 -51.312008
vn -71.403932 64.058337 -28.249050
vn -71.403932 64.058337 -28.249050
vn -71.403932 64.058337 -28.249050
vn 62.620829 39.050772 67.480877
vn 62.620829 39.050772 67.480877
vn 62.620829 39.050772 67.480877
vn 81.526211 -55.200407 17.504094
vn 81.526211 -55.200407 17.504094
vn 81.526211 -55.200407 17.504094
vn 96.727965 3.894629 -25.070576
vn 96.727965 3.894629 -25.070576
vn 96.727965 3.894629 -25.070576
vn 46.889712 -14.680440 87.096724
vn 46.889712 -14.680440 87.096724
vn 46.889712 -14.680440 87.096724
vn 5.070737 10.437936 99.324408
vn 5.070737 10.437936 99.324408
vn 5.070737 10.437936 99.324408
vn 4.137013 -25.098145 96.710755
vn 4.137013 -25.098145 96.710755
vn 4.137013 -25.098145 96.710755
vn -13.096788 -49.728118 85.764740
vn -13.096788 -49.728118 85.764740
vn -13.096788 -49.728118 85.764740
vn 53.874164 -83.021654 -14.317156
vn 53.874164 -83.021654 -14.317156
vn 53.874164 -83.021654 -14.317156
vn 56.556757 -78.985448 -23.719867
vn 56.556757 -78.985448 -23.719867
vn 56.556757 -78.985448 -23.719867
vn 36.207569 27.219971 89.152038
vn 36.207569 27.219971 89.152038
vn 36.207569 27.219971 89.152038
vn -54.911488 -82.207332 -15.056019
vn -54.911488 -82.207332 -15.056019
vn -54.911488 -82.207332 -15.056019
vn -61.594433 -33.776408 71.170782
vn -61.594433 -33.776408 71.170782
vn -61.594433 -33.776408 71.170782
vn -67.462299 -56.160872 47.904021
vn -67.462299 -56.160872 47.904021
vn -67.462299 -56.160872 47.904021
vn 32.711365 61.771304 -71.514144
vn 32.711365 61.771304 -71.514144
vn 32.711365 61.771304 -71.514144
vn 69.717040 -70.087650 15.075001
vn 69.717040 -70.087650 15.075001
vn 69.717040 -70.087650 15.075001
vn 3.150438 68.992074 -72.319913
vn 3.150438 68.992074 -72.319913
vn 3.150438 68.992074 -72.319913
vn 18.449343 -44.315931 87.725252
vn 18.449343 -44.315931 87.725252
vn 18.449343 -44.315931 87.725252
vn 92.854442 10.440677 35.623670
vn 92.854442 10.440677 35.623670
vn 92.854442 10.440677 35.623670
vn -1.196344 -11.203015 -99.363283
vn -1.196344 -11.203015 -99.363283
vn -1.196344 -11.203015 -99.363283
vn 95.169315 30.691799 0.903285
vn 95.169315 30.691799 0.903285
vn 95.169315 30.691799 0.903285
vn -20.914037 -97.721355 3.625177
vn -20.914037 -97.721355 3.625177
vn -20.914037 -97.721355 3.625177
vn -41.183779 26.052677 87.322131
vn -41.183779 26.052677 87.322131
vn -41.183779 26.052677 87.322131
vn 47.240989 -25.236172 84.447765
vn 47.240989 -25.236172 84.447765
vn 47.240989 -25.236172 84.447765
vn -18.482529 96.155162 -20.312110
vn -18.482529 96.155162 -20.312110
vn -18.482529 96.155162 -20.312110
vn 43.722420 23.142671 86.906658
vn 43.722420 23.142671 86.906658
vn 43.722420 23.142671 86.906658
vn -75.568870 27.849968 59.276688
vn -75.568870 27.849968 59.276688
vn -75.568870 27.849968 59.276688
vn -45.902280 -85.263596 -24.961975
vn -45.902280 -85.263596 -24.961975
vn -45.902280 -85.263596 -24.961975
vn 37.329528 -91.993524 11.987507
vn 37.329528 -91.993524 11.987507
vn 37.329528 -91.993524 11.987507
vn -61.662144 -78.511730 -5.804157
vn -61.662144 -78.511730 -5.804157
vn -61.662144 -78.511730 -5.804157
vn -97.377833 -22.195191 -4.993253
vn -97.377833 -22.195191 -4.993253
vn -97.377833 -22.195191 -4.993253
vn 73.678508 67.232267 -7.162406
vn 73.678508 67.232267 -7.162406
vn 73.678508 67.232267 -7.162406
vn 72.074334 -67.915675 13.883496
vn 72.074334 -67.915675 13.883496
vn 72.074334 -67.915675 13.883496
vn 78.358493 62.100372 -1.868243
vn 78.358493 62.100372 -1.868243
vn 78.358493 62.100372 -1.868243
vn 53.487897 -25.680688 -80.495634
vn 53.487897 -25.680688 -80.495634
vn 53.487897 -25.680688 -80.495634
vn 96.630653 23.776866 -9.857859
vn 96.630653 23.776866 -9.857859
vn 96.630653 23.776866 -9.857859
vn 3.878726 11.927998 99.210289
vn 3.878726 11.927998 99.210289
vn 3.878726 11.927998 99.210289
vn -3.010201 20.386796 97.853557
vn -3.010201 20.386796 97.853557
vn -3.010201 20.386796 97.853557
vn 84.780615 11.754716 -51.711458
vn 84.780615 11.754716 -51.711458
vn 84.780615 11.754716 -51.711458
vn 37.601271 -56.916234 73.121050
vn 37.601271 -56.916234 73.121050
vn 37.601271 -56.916234 73.121050
vn 29.541104 95.105808 9.066943
vn 29.541104 95.105808 9.066943
vn 29.541104 95.105808 9.066943
vn 80.609004 47.641446 35.106738
vn 80.609004 47.641446 35.106738
vn 80.609004 47.641446 35.106738
vn -81.040872 -43.305316 -39.459179
vn -81.040872 -43.305316 -39.459179
vn -81.040872 -43.305316 -39.459179
vn 97.765443 -20.407828 5.043749
vn 97.765443 -20.407828 5.043749
vn 97.765443 -20.407828 5.043749
vn 67.725653 -19.879807 70.838054
vn 67.725653 -19.879807 70.838054
vn 67.725653 -19.879807 70.838054
vn -62.346474 78.145995 -2.474140
vn -62.346474 78.145995 -2.474140
vn -62.346474 78.145995 -2.474140
vn 87.692504 -47.966230 -3.044177
vn 87.692504 -47.966230 -3.044177
vn 87.692504 -47.966230 -3.044177
vn -26.591085 92.805363 -26.078325
vn -26.591085 92.805363 -26.078325
vn -26.591085 92.805363 -26.078325
vn -79.805696 -29.203569 -52.708657
vn -79.805696 -29.203569 -52.708657
vn -79.805696 -29.203569 -52.708657
vn 62.009796 13.610540 -77.262786
vn 62.009796 13.610540 -77.262786
vn 62.009796 13.610540 -77.262786
vn 92.637424 -36.190644 -10.418523
vn 92.637424 -36.190644 -10.418523
vn 92.637424 -36.190644 -10.418523
vn -90.340136 -7.054163 -42.295369
vn -90.340136 -7.054163 -42.295369
vn -90.340136 -7.054163 -42.295369
vn 16.849356 96.801662 -18.588646
vn 16.849356 96.801662 -18.588646
vn 16.849356 96.801662 -18.588646
vn -78.368088 6.527334 -61.772472
vn -78.368088 6.527334 -61.772472
vn -78.368088 6.527334 -61.772472
vn 94.554638 -21.963124 -24.021721
vn 94.554638 -21.963124 -24.021721
vn 94.554638 -21.963124 -24.021721
vn -52.420618 -2.854223 85.111291
vn -52.420618 -2.854223 85.111291
vn -52.420618 -2.854223 85.111291
vn 69.282359 -10.578258 -71.330605
vn 69.282359 -10.578258 -71.330605
vn 69.282359 -10.578258 -71.330605
vn 99.131071 10.751989 -7.577984
vn 99.131071 10.751989 -7.577984
vn 99.131071 10.751989 -7.577984
vn -78.127730 -14.264405 -60.766646
vn -78.127730 -14.264405 -60.766646
vn -78.127730 -14.264405 -60.766646
vn -18.348824 27.640447 -94.336244
vn -18.348824 27.640447 -94.336244
vn -18.348824 27.640447 -94.336244
vn 21.526790 -59.150009 -77.703762
vn 21.526790 -59.150009 -77.703762
vn 21.526790 -59.150009 -77.703762
vn 55.571884 -58.056480 -59.508074
vn 55.571884 -58.056480 -59.508074
vn 55.571884 -58.056480 -59.508074
vn -99.192121 -5.615025 11.375162
vn -99.192121 -5.615025 11.375162
vn -99.192121 -5.615025 11.375162
vn -90.582583 -26.298264 33.214413
vn -90.582583 -26.298264 33.214413
vn -90.582583 -26.298264 33.214413
vn 23.070461 -16.827893 -95.836203
vn 23.070461 -16.827893 -95.836203
vn 23.070461 -16.827893 -95.836203
vn -23.428840 50.403534 83.129868
vn -23.428840 50.403534 83.129868
vn -23.428840 50.403534 83.129868
vn 20.140801 95.234519 -22.907109
vn 20.140801 95.234519 -22.907109
vn 20.140801 95.234519 -22.907109
vn -86.719479 5.184924 49.526243
vn -86.719479 5.184924 49.526243
vn -86.719479 5.184924 49.526243
vn 12.950636 -64.015590 -75.725060
vn 12.950636 -64.015590 -75.725060
vn 12.950636 -64.015590 -75.725060
vn -30.918914 12.267821 -94.305468
vn -30.918914 12.267821 -94.305468
vn -30.918914 12.267821 -94.305468
vn -38.834466 47.422249 -79.012759
vn -38.834466 47.422249 -79.012759
vn -38.834466 47.422249 -79.012759
vn 57.035741 -0.402022 -82.138680
vn 57.035741 -0.402022 -82.138680
vn 57.035741 -0.402022 -82.138680
vn 77.949390 -50.008527 37.723210
vn 77.949390 -50.008527 37.723210
vn 77.949390 -50.008527 37.723210
vn -54.261309 -62.601894 56.006376
vn -54.261309 -62.601894 56.006376
vn -54.261309 -62.601894 56.006376
vn 83.252778 48.100296 -27.483374
vn 83.252778 48.100296 -27.483374
vn 83.252778 48.100296 -27.483374
vn 74.584659 40.858157 52.609333
vn 74.584659 40.858157 52.609333
vn 74.584659 40.858157 52.609333
vn -86.691702 42.908902 -25.364832
vn -86.691702 42.908902 -25.364832
vn -86.691702 42.908902 -25.364832
vn 20.121439 10.023616 -97.440521
vn 20.121439 10.023616 -97.440521
vn 20.121439 10.023616 -97.440521
vn 30.756469 -88.683492 -34.485937
vn 30.756469 -88.683492 -34.485937
vn 30.756469 -88.683492 -34.485937
vn 16.393987 -55.785452 -81.358590
vn 16.393987 -55.785452 -81.358590
vn 16.393987 -55.785452 -81.358590
vn 95.822762 -9.098946 -27.114708
vn 95.822762 -9.098946 -27.114708
vn 95.822762 -9.098946 -27.114708
vn 87.808379 41.044972 -24.596744
vn 87.808379 41.044972 -24.596744
vn 87.808379 41.044972 -24.596744
vn -71.680642 -6.511990 69.422476
vn -71.680642 -6.511990 69.422476
vn -71.680642 -6.511990 69.422476
vn -2.211799 -15.173771 98.817329
vn -2.211799 -15.173771 98.817329
vn -2.211799 -15.173771 98.817329
vn 96.709939 -3.478269 -25.200990
vn 96.709939 -3.478269 -25.200990
vn 96.709939 -3.478269 -25.200990
vn 78.150442 34.336980 -52.091091
vn 78.150442 34.336980 -52.091091
vn 78.150442 34.336980 -52.091091
vn 47.867265 0.990713 -87.793754
vn 47.867265 0.990713 -87.793754
vn 47.867265 0.990713 -87.793754
vn 98.762866 13.135796 -8.564288
vn 98.762866 13.135796 -8.564288
vn 98.762866 13.135796 -8.564288
vn 60.417090 63.369825 48.311904
vn 60.417090 63.369825 48.311904
vn 60.417090 63.369825 48.311904
vn 92.269956 -38.321987 4.204823
vn 92.269956 -38.321987 4.204823
vn 92.269956 -38.321987 4.204823
vn 7.793312 41.960055 90.435712
vn 7.793312 41.960055 90.435712
vn 7.793312 41.960055 90.435712
vn 80.671951 33.025582 49.003542
vn 80.671951 33.025582 49.003542
vn 80.671951 33.025582 49.003542
vn 98.387429 -2.114314 17.760739
vn 98.387429 -2.114314 17.760739
vn 98.387429 -2.114314 17.760739
vn -98.599408 16.365043 -3.215928
vn -98.599408 16.365043 -3.215928
vn -98.599408 16.365043 -3.215928
vn -56.452395 -34.504327 74.983853
vn -56.452395 -34.504327 74.983853
vn -56.452395 -34.504327 74.983853
vn -42.386940 83.223916 35.736923
vn -42.386940 83.223916 35.736923
vn -42.386940 83.223916 35.736923
vn -60.149260 79.326668 -9.452354
vn -60.149260 79.326668 -9.452354
vn -60.149260 79.326668 -9.452354
vn -45.137005 1.888762 -89.213703
vn -45.137005 1.888762 -89.213703
vn -45.137005 1.888762 -89.213703
vn -64.270546 5.574539 -76.408256
vn -64.270546 5.574539 -76.408256
vn -64.270546 5.574539 -76.408256
vn -24.320198 85.852524 -45.142793
vn -24.320198 85.852524 -45.142793
vn -24.320198 85.852524 -45.142793
vn -49.922547 48.560113 -71.761105
vn -49.922547 48.560113 -71.761105
vn -49.922547 48.560113 -71.761105
vn 98.894375 -3.307742 14.455482
vn 98.894375 -3.307742 14.455482
vn 98.894375 -3.307742 14.455482
vn 64.628028 -9.209761 75.752213
vn 64.628028 -9.209761 75.752213
vn 64.628028 -9.209761 75.752213
vn 86.774331 -40.303693 29.083146
vn 86.774331 -40.303693 29.083146
vn 86.774331 -40.303693 29.083146
vn -28.730926 -10.342338 -95.223793
vn -28.730926 -10.342338 -95.223793
vn -28.730926 -10.342338 -95.223793
vn -89.579108 -29.414815 33.321977
vn -89.579108 -29.414815 33.321977
vn -89.579108 -29.414815 33.321977
vn 12.405822 -70.639216 -69.686427
vn 12.405822 -70.639216 -69.686427
vn 12.405822 -70.639216 -69.686427
vn 63.292582 -14.152144 -76.116803
vn 63.292582 -14.152144 -76.116803
vn 63.292582 -14.152144 -76.116803
vn 30.854261 0.590103 95.119228
vn 30.854261 0.590103 95.119228
vn 30.854261 0.590103 95.119228
vn 55.498204 -65.239180 -51.612003
vn 55.498204 -65.239180 -51.612003
vn 55.498204 -65.239180 -51.612003
vn -29.908869 -8.343308 -95.057083
vn -29.908869 -8.343308 -95.057083
vn -29.908869 -8.343308 -95.057083
vn 24.916062 10.720192 96.251067
vn 24.916062 10.720192 96.251067
vn 24.916062 10.720192 96.251067
vn -31.826720 -52.844760 -78.705096
vn -31.826720 -52.844760 -78.705096
vn -31.826720 -52.844760 -78.705096
vn 19.503127 63.250831 74.959727
vn 19.503127 63.250831 74.959727
vn 19.503127 63.250831 74.959727
vn 49.104746 -70.282117 51.469879
vn 49.104746 -70.282117 51.469879
vn 49.104746 -70.282117 51.469879
vn -94.952295 7.778202 -30.390163
vn -94.952295 7.778202 -30.390163
vn -94.952295 7.778202 -30.390163
vn 10.625427 -96.164573 25.287888
vn 10.625427 -96.164573 25.287888
vn 10.625427 -96.164573 25.287888
vn -62.183043 -72.615294 29.330686
vn -62.183043 -72.615294 29.330686
vn -62.183043 -72.615294 29.330686
vn -4.808020 -96.078712 27.308683
vn -4.808020 -96.078712 27.308683
vn -4.808020 -96.078712 27.308683
vn 58.250114 10.967338 80.539701
vn 58.250114 10.967338 80.539701
vn 58.250114 10.967338 80.539701
vn -40.993023 -68.664965 -60.039107
vn -40.993023 -68.664965 -60.039107
vn -40.993023 -68.664965 -60.039107
vn -64.553995 -75.472550 11.690844
vn -64.553995 -75.472550 11.690844
vn -64.553995 -75.472550 11.690844
vn -98.578799 -16.680262 1.997794
vn -98.578799 -16.680262 1.997794
vn -98.578799 -16.680262 1.997794
vn -71.611477 54.209415 -43.967460
vn -71.611477 54.209415 -43.967460
vn -71.611477 54.209415 -43.967460
vn -83.719540 24.411601 -48.939896
vn -83.719540 24.411601 -48.939896
vn -83.719540 24.411601 -48.939896
vn 98.856728 11.742422 -9.458485
vn 98.856728 11.742422 -9.458485
vn 98.856728 11.742422 -9.458485
vn 93.510609 35.115269 -4.762742
vn 93.510609 35.115269 -4.762742
vn 93.510609 35.115269 -4.762742
vn 66.526281 -10.398105 73.933304
vn 66.526281 -10.398105 73.933304
vn 66.526281 -10.398105 73.933304
vn -53.062957 -10.199401 -84.144489
vn -53.062957 -10.199401 -84.144489
vn -53.062957 -10.199401 -84.144489
vn -17.741099 -14.945140 -97.272283
vn -17.741099 -14.945140 -97.272283
vn -17.741099 -14.945140 -97.272283
vn 49.685632 -10.402563 86.157567
vn 49.685632 -10.402563 86.157567
vn 49.685632 -10.402563 86.157567
vn 5.710887 62.103834 -78.169690
vn 5.710887 62.103834 -78.169690
vn 5.710887 62.103834 -78.169690
vn -69.167548 -56.326144 45.201954
vn -69.167548 -56.326144 45.201954
vn -69.167548 -56.326144 45.201954
vn 1.665120 7.862307 99.676534
vn 1.665120 7.862307 99.676534
vn 1.665120 7.862307 99.676534
vn -69.257975 18.882149 69.618951
vn -69.257975 18.882149 69.618951
vn -69.257975 18.882149 69.618951
vn -31.873764 -3.275612 94.727687
vn -31.873764 -3.275612 94.727687
vn -31.873764 -3.275612 94.727687
vn 56.108094 -61.113838 55.829942
vn 56.108094 -61.113838 55.829942
vn 56.108094 -61.113838 55.829942
vn -36.652321 9.126492 -92.592206
vn -36.652321 9.126492 -92.592206
vn -36.652321 9.126492 -92.592206
vn 88.206591 28.314631 37.654743
vn 88.206591 28.314631 37.654743
vn 88.206591 28.314631 37.654743
vn 91.308843 30.342635 27.240039
vn 91.308843 30.342635 27.240039
vn 91.308843 30.342635 27.240039
vn -22.885417 96.465356 13.064998
vn -22.885417 96.465356 13.064998
vn -22.885417 96.465356 13.064998
vn -36.249560 23.998508 90.055774
vn -36.249560 23.998508 90.055774
vn -36.249560 23.998508 90.055774
vn 97.675089 -2.562546 -21.284070
vn 97.675089 -2.562546 -21.284070
vn 97.675089 -2.562546 -21.284070
vn -83.711650 -27.139877 -47.495115
vn -83.711650 -27.139877 -47.495115
vn -83.711650 -27.139877 -47.495115
vn 41.492718 13.731631 89.943290
vn 41.492718 13.731631 89.943290
vn 41.492718 13.731631 89.943290
vn 29.331216 -92.788339 -23.021835
vn 29.331216 -92.788339 -23.021835
vn 29.331216 -92.788339 -23.021835
vn -65.625674 -41.122129 -63.263288
vn -65.625674 -41.122129 -63.263288
vn -65.625674 -41.122129 -63.263288
vn 11.863447 16.490014 97.914955
vn 11.863447 16.490014 97.914955
vn 11.863447 16.490014 97.914955
vn -94.771449 27.169991 -16.738099
vn -94.771449 27.169991 -16.738099
vn -94.771449 27.169991 -16.738099
vn -77.370358 -1.533699 -63.336221
vn -77.370358 -1.533699 -63.336221
vn -77.370358 -1.533699 -63.336221
vn 65.580149 6.171546 75.240669
vn 65.580149 6.171546 75.240669
vn 65.580149 6.171546 75.240669
vn 80.732520 -57.994476 -10.904158
vn 80.732520 -57.994476 -10.904158
vn 80.732520 -57.994476 -10.904158
vn 74.452360 43.103980 50.979356
vn 74.452360 43.103980 50.979356
vn 74.452360 43.103980 50.979356
vn 19.488669 -35.712498 91.349932
vn 19.488669 -35.712498 91.349932
vn 19.488669 -35.712498 91.349932
vn 7.273303 -17.827609 98.128880
vn 7.273303 -17.827609 98.128880
vn 7.273303 -17.827609 98.128880
vn 75.535329 20.676913 -62.184239
vn 75.535329 20.676913 -62.184239
vn 75.535329 20.676913 -62.184239
vn 68.230300 -34.168700 64.630699
vn 68.230300 -34.168700 64.630699
vn 68.230300 -34.168700 64.630699
vn 88.103566 -18.277253 43.631459
vn 88.103566 -18.277253 43.631459
vn 88.103566 -18.277253 43.631459
vn 86.585936 -9.019195 49.209048
vn 86.585936 -9.019195 49.209048
vn 86.585936 -9.019195 49.209048
vn 95.470032 -22.657821 -19.289821
vn 95.470032 -22.657821 -19.289821
vn 95.470032 -22.657821 -19.289821
vn -99.858484 -5.020776 -1.753501
vn -99.858484 -5.020776 -1.753501
vn -99.858484 -5.020776 -1.753501
vn 31.847119 -93.187786 -17.372380
vn 31.847119 -93.187786 -17.372380
vn 31.847119 -93.187786 -17.372380
vn -92.899131 -23.826911 28.320149
vn -92.899131 -23.826911 28.320149
vn -92.899131 -23.826911 28.320149
vn 94.120873 29.967457 -15.595328
vn 94.120873 29.967457 -15.595328
vn 94.120873 29.967457 -15.595328
vn -48.794151 -53.193154 -69.207084
vn -48.794151 -53.193154 -69.207084
vn -48.794151 -53.193154 -69.207084
vn 77.860495 -19.037799 59.793867
vn 77.860495 -19.037799 59.793867
vn 77.860495 -19.037799 59.793867
vn 46.914611 8.020453 -87.947099
vn 46.914611 8.020453 -87.947099
vn 46.914611 8.020453 -87.947099
vn 63.272513 -55.668083 53.829857
vn 63.272513 -55.668083 53.829857
vn 63.272513 -55.668083 53.829857
vn -97.807053 -15.511954 13.898214
vn -97.807053 -15.511954 13.898214
vn -97.807053 -15.511954 13.898214
vn -85.588423 43.064658 -28.636662
vn -85.588423 43.064658 -28.636662
vn -85.588423 43.064658 -28.636662
vn -30.342349 12.479731 94.464801
vn -30.342349 12.479731 94.464801
vn -30.342349 12.479731 94.464801
vn -96.354979 -16.818281 -20.805429
vn -96.354979 -16.818281 -20.805429
vn -96.354979 -16.818281 -20.805429
vn -54.318475 3.023555 83.906863
vn -54.318475 3.023555 83.906863
vn -54.318475 3.023555 83.906863
vn 70.626916 23.881615 -66.644633
vn 70.626916 23.881615 -66.644633
vn 70.626916 23.881615 -66.644633
vn 77.902884 59.311662 -20.329011
vn 77.902884 59.311662 -20.329011
vn 77.902884 59.311662 -20.329011
vn -6.166433 28.044517 95.788730
vn -6.166433 28.044517 95.788730
vn -6.166433 28.044517 95.788730
vn -14.251893 5.842011 98.806653
vn -14.251893 5.842011 98.806653
vn -14.251893 5.842011 98.806653
vn -46.864428 86.318667 18.783310
vn -46.864428 86.318667 18.783310
vn -46.864428 86.318667 18.783310
vn -95.026472 -22.449175 21.587151
vn -95.026472 -22.449175 21.587151
vn -95.026472 -22.449175 21.587151
vn 72.968866 -55.000452 40.626284
vn 72.968866 -55.000452 40.626284
vn 72.968866 -55.000452 40.626284
vn 99.207473 -9.769338 7.901791
vn 99.207473 -9.769338 7.901791
vn 99.207473 -9.769338 7.901791
vn 82.708172 -34.186687 -44.616487
vn 82.708172 -34.186687 -44.616487
vn 82.708172 -34.186687 -44.616487
vn 76.876501 12.566312 -62.706397
vn 76.876501 12.566312 -62.706397
vn 76.876501 12.566312 -62.706397
vn 78.518298 -34.853609 51.186961
vn 78.518298 -34.853609 51.186961
vn 78.518298 -34.853609 51.186961
vn 79.441801 -47.644841 -37.669232
vn 79.441801 -47.644841 -37.669232
vn 79.441801 -47.644841 -37.669232
vn 57.613146 1.067699 -81.728730
vn 57.613146 1.067699 -81.728730
vn 57.613146 1.067699 -81.728730
vn 88.006228 47.425246 2.397815
vn 88.006228 47.425246 2.397815
vn 88.006228 47.425246 2.397815
vn 58.167463 72.136890 -37.587457
vn 58.167463 72.136890 -37.587457
vn 58.167463 72.136890 -37.587457
vn -2.568193 84.100746 54.041361
vn -2.568193 84.100746 54.041361
vn -2.568193 84.100746 54.041361
vn 46.425621 -64.107344 61.113920
vn 46.425621 -64.107344 61.113920
vn 46.425621 -64.107344 61.113920
vn -54.298585 77.013798 33.474455
vn -54.298585 77.013798 33.474455
vn -54.298585 77.013798 33.474455
vn -90.323929 -17.652162 -39.115094
vn -90.323929 -17.652162 -39.115094
vn -90.323929 -17.652162 -39.115094
vn 19.154774 87.575464 44.312899
vn 19.154774 87.575464 44.312899
vn 19.154774 87.575464 44.312899
vn -96.062415 1.834141 27.724499
vn -96.062415 1.834141 27.724499
vn -96.062415 1.834141 27.724499
vn -98.688020 -8.226736 13.892302
vn -98.688020 -8.226736 13.892302
vn -98.688020 -8.226736 13.892302
vn 90.459410 -41.442218 -9.981878
vn 90.459410 -41.442218 -9.981878
vn 90.459410 -41.442218 -9.981878
vn -59.308931 -12.380115 79.556164
vn -59.308931 -12.380115 79.556164
vn -59.308931 -12.380115 79.556164
vn -44.640812 -41.668830 79.189065
vn -44.640812 -41.668830 79.189065
vn -44.640812 -41.668830 79.189065
vn 16.267187 -66.053824 -73.295777
vn 16.267187 -66.053824 -73.295777
vn 16.267187 -66.053824 -73.295777
vn -99.363478 -7.413704 8.481635
vn -99.363478 -7.413704 8.481635
vn -99.363478 -7.413704 8.481635
vn -37.496131 39.942854 83.657701
vn -37.496131 39.942854 83.657701
vn -37.496131 39.942854 83.657701
vn 26.658821 -81.569221 51.339756
vn 26.658821 -81.569221 51.339756
vn 26.658821 -81.569221 51.339756
vn -44.284175 84.704175 -29.395845
vn -44.284175 84.704175 -29.395845
vn -44.284175 84.704175 -29.395845
vn -84.510125 -12.206507 -52.048450
vn -84.510125 -12.206507 -52.048450
vn -84.510125 -12.206507 -52.048450
vn -18.231622 -22.828005 95.637296
vn -18.231622 -22.828005 95.637296
vn -18.231622 -22.828005 95.637296
vn -4.320057 -22.014931 -97.450917
vn -4.320057 -22.014931 -97.450917
vn -4.320057 -22.014931 -97.450917
vn 29.638906 -9.925461 94.989581
vn 29.638906 -9.925461 94.989581
vn 29.638906 -9.925461 94.989581
vn 43.078481 -52.570033 -73.352819
vn 43.078481 -52.570033 -73.352819
vn 43.078481 -52.570033 -73.352819
vn 87.166173 45.114928 19.149491
vn 87.166173 45.114928 19.149491
vn 87.166173 45.114928 19.149491
vn -43.854009 -0.864218 89.867009
vn -43.854009 -0.864218 89.867009
vn -43.854009 -0.864218 89.867009
vn 4.803677 71.999665 -69.231301
vn 4.803677 71.999665 -69.231301
vn 4.803677 71.999665 -69.231301
vn -54.599975 -44.218844 71.158533
vn -54.599975 -44.218844 71.158533
vn -54.599975 -44.218844 71.158533
vn -27.996894 -47.778234 -83.267130
vn -27.996894 -47.778234 -83.267130
vn -27.996894 -47.778234 -83.267130
vn -88.952160 -11.482854 -44.222821
vn -88.952160 -11.482854 -44.222821
vn -88.952160 -11.482854 -44.222821
vn 93.759995 -29.412530 18.546386
vn 93.759995 -29.412530 18.546386
vn 93.759995 -29.412530 18.546386
vn -93.582287 -29.128564 19.846482
vn -93.582287 -29.128564 19.846482
vn -93.582287 -29.128564 19.846482
vn 56.431885 -4.428003 82.436864
vn 56.431885 -4.428003 82.436864
vn 56.431885 -4.428003 82.436864
vn -95.275031 -23.209620 -19.595469
vn -95.275031 -23.209620 -19.595469
vn -95.275031 -23.209620 -19.595469
vn 82.311556 -4.413608 -56.615629
vn 82.311556 -4.413608 -56.615629
vn 82.311556 -4.413608 -56.615629
vn 32.184383 63.816882 -69.939784
vn 32.184383 63.816882 -69.939784
vn 32.184383 63.816882 -69.939784
vn -41.815949 32.706717 -84.744901
vn -41.815949 32.706717 -84.744901
vn -41.815949 32.706717 -84.744901
vn 48.559311 -50.616500 71.273867
vn 48.559311 -50.616500 71.273867
vn 48.559311 -50.616500 71.273867
vn -75.655693 -62.310931 -19.838474
vn -75.655693 -62.310931 -19.838474
vn -75.655693 -62.310931 -19.838474
vn -96.355121 -13.101228 23.324863
vn -96.355121 -13.101228 23.324863
vn -96.355121 -13.101228 23.324863
vn 98.450837 -17.291730 2.903496
vn 98.450837 -17.291730 2.903496
vn 98.450837 -17.291730 2.903496
vn 7.577813 83.334268 -54.753790
vn 7.577813 83.334268 -54.753790
vn 7.577813 83.334268 -54.753790
vn -65.447319 19.533384 -73.041744
vn -65.447319 19.533384 -73.041744
vn -65.447319 19.533384 -73.041744
vn 99.476926 -6.636693 7.765143
vn 99.476926 -6.636693 7.765143
vn 99.476926 -6.636693 7.765143
vn -82.995367 23.143092 -50.755954
vn -82.995367 23.143092 -50.755954
vn -82.995367 23.143092 -50.755954
vn -55.232011 52.289039 64.925208
vn -55.232011 52.289039 64.925208
vn -55.232011 52.289039 64.925208
vn -6.616073 19.233012 -97.909758
vn -6.616073 19.233012 -97.909758
vn -6.616073 19.233012 -97.909758
vn -57.856406 26.113538 -77.270433
vn -57.856406 26.113538 -77.270433
vn -57.856406 26.113538 -77.270433
vn 13.053651 8.087592 -98.813938
vn 13.053651 8.087592 -98.813938
vn 13.053651 8.087592 -98.813938
vn 90.124245 -28.971034 -32.222656
vn 90.124245 -28.971034 -32.222656
vn 90.124245 -28.971034 -32.222656
vn -12.988001 91.231220 38.835269
vn -12.988001 91.231220 38.835269
vn -12.988001 91.231220 38.835269
vn 46.555609 41.799610 78.008782
vn 46.555609 41.799610 78.008782
vn 46.555609 41.799610 78.008782
vn -5.400042 54.388968 83.741745
vn -5.400042 54.388968 83.741745
vn -5.400042 54.388968 83.741745
vn 90.024263 15.156597 40.815564
vn 90.024263 15.156597 40.815564
vn 90.024263 15.156597 40.815564
vn -69.271647 26.282210 -67.161623
vn -69.271647 26.282210 -67.161623
vn -69.271647 26.282210 -67.161623
vn -88.291136 41.759610 21.466517
vn -88.291136 41.759610 21.466517
vn -88.291136 41.759610 21.466517
vn 85.853945 -1.896839 -51.239659
vn 85.853945 -1.896839 -51.239659
vn 85.853945 -1.896839 -51.239659
vn -81.388898 -57.676241 7.021306
vn -81.388898 -57.676241 7.021306
vn -81.388898 -57.676241 7.021306
vn -96.070901 26.398129 -8.574526
vn -96.070901 26.398129 -8.574526
vn -96.070901 26.398129 -8.574526
vn -46.758902 -47.166979 -74.758825
vn -46.758902 -47.166979 -74.758825
vn -46.758902 -47.166979 -74.758825
vn 2.146084 -69.342347 72.021062
vn 2.146084 -69.342347 72.021062
vn 2.146084 -69.342347 72.021062
vn 74.080527 63.430449 22.105516
vn 74.080527 63.430449 22.105516
vn 74.080527 63.430449 22.105516
vn 45.572210 88.939629 -3.593873
vn 45.572210 88.939629 -3.593873
vn 45.572210 88.939629 -3.593873
vn -88.336945 -10.096207 -45.767358
vn -88.336945 -10.096207 -45.767358
vn -88.336945 -10.096207 -45.767358
vn -76.694665 -36.316316 52.906079
vn -76.694665 -36.316316 52.906079
vn -76.694665 -36.316316 52.906079
vn -1.838824 52.595057 -85.031635
vn -1.838824 52.595057 -85.031635
vn -1.838824 52.595057 -85.031635
vn 41.733374 -72.724363 54.493045
vn 41.733374 -72.724363 54.493045
vn 41.733374 -72.724363 54.493045
vn -77.466829 -34.834422 52.777402
vn -77.466829 -34.834422 52.777402
vn -77.466829 -34.834422 52.777402
vn -42.636435 -30.015849 -85.329850
vn -42.636435 -30.015849 -85.329850
vn -42.636435 -30.015849 -85.329850
vn 17.715440 86.964989 -46.078769
vn 17.715440 86.964989 -46.078769
vn 17.715440 86.964989 -46.078769
vn 99.362740 -5.198595 -10.001107
vn 99.362740 -5.198595 -10.001107
vn 99.362740 -5.198595 -10.001107
vn -71.532954 -62.540951 -31.171582
vn -71.532954 -62.540951 -31.171582
vn -71.532954 -62.540951 -31.171582
vn -93.539717 -29.025613 -20.194925
vn -93.539717 -29.025613 -20.194925
vn -93.539717 -29.025613 -20.194925
vn -39.786045 12.795120 90.847983
vn -39.786045 12.795120 90.847983
vn -39.786045 12.795120 90.847983
vn -64.734438 25.882400 71.690690
vn -64.734438 25.882400 71.690690
vn -64.734438 25.882400 71.690690
vn -54.313095 83.619316 7.609015
vn -54.313095 83.619316 7.609015
vn -54.313095 83.619316 7.609015
vn -5.318353 81.426303 57.805476
vn -5.318353 81.426303 57.805476
vn -5.318353 81.426303 57.805476
vn 84.698545 26.138468 -46.291892
vn 84.698545 26.138468 -46.291892
vn 84.698545 26.138468 -46.291892
vn 60.183852 49.884584 -62.365310
vn 60.183852 49.884584 -62.365310
vn 60.183852 49.884584 -62.365310
vn -44.376776 -11.288639 -88.900329
vn -44.376776 -11.288639 -88.900329
vn -44.376776 -11.288639 -88.900329
vn 87.356157 -0.760249 48.665423
vn 87.356157 -0.760249 48.665423
vn 87.356157 -0.760249 48.665423
vn 66.986440 -36.819873 -64.475682
vn 66.986440 -36.819873 -64.475682
vn 66.986440 -36.819873 -64.475682
vn -0.239008 -8.079488 99.672792
vn -0.239008 -8.079488 99.672792
vn -0.239008 -8.079488 99.672792
vn 39.604915 33.988170 -85.300972
vn 39.604915 33.988170 -85.300972
vn 39.604915 33.988170 -85.300972
vn 82.022921 -22.061902 -52.777970
vn 82.022921 -22.061902 -52.777970
vn 82.022921 -22.061902 -52.777970
vn -71.582193 37.721879 -58.762666
vn -71.582193 37.721879 -58.762666
vn -71.582193 37.721879 -58.762666
vn 84.634056 -27.277930 45.749218
vn 84.634056 -27.277930 45.749218
vn 84.634056 -27.277930 45.749218
vn -36.050305 90.311009 23.330189
vn -36.050305 90.311009 23.330189
vn -36.050305 90.311009 23.330189
vn 61.895933 -37.298582 -69.120972
vn 61.895933 -37.298582 -69.120972
vn 61.895933 -37.298582 -69.120972
vn 98.662222 -6.220463 -15.068923
vn 98.662222 -6.220463 -15.068923
vn 98.662222 -6.220463 -15.068923
vn 97.097913 -16.791073 -17.031015
vn 97.097913 -16.791073 -17.031015
vn 97.097913 -16.791073 -17.031015
vn 98.390402 -17.157461 4.995149
vn 98.390402 -17.157461 4.995149
vn 98.390402 -17.157461 4.995149
vn 93.896297 10.133133 32.875621
vn 93.896297 10.133133 32.875621
vn 93.896297 10.133133 32.875621
vn 81.163078 -45.603844 -36.508116
vn 81.163078 -45.603844 -36.508116
vn 81.163078 -45.603844 -36.508116
vn 90.879234 41.722735 -0.423158
vn 90.879234 41.722735 -0.423158
vn 90.879234 41.722735 -0.423158
vn 87.842518 31.103245 -36.280592
vn 87.842518 31.103245 -36.280592
vn 87.842518 31.103245 -36.280592
vn 0.273357 24.469564 -96.959607
vn 0.273357 24.469564 -96.959607
vn 0.273357 24.469564 -96.959607
vn -34.542807 86.566367 -36.236146
vn -34.542807 86.566367 -36.236146
vn -34.542807 86.566367 -36.236146
vn -98.753169 -2.537452 -15.536196
vn -98.753169 -2.537452 -15.536196
vn -98.753169 -2.537452 -15.536196
vn -22.225583 -73.209003 -64.393059
vn -22.225583 -73.209003 -64.393059
vn -22.225583 -73.209003 -64.393059
vn 64.139476 27.927997 71.457360
vn 64.139476 27.927997 71.457360
vn 64.139476 27.927997 71.457360
vn -43.149767 82.933349 35.498688
vn -43.149767 82.933349 35.498688
vn -43.149767 82.933349 35.498688
vn 35.879293 3.683585 93.269012
vn 35.879293 3.683585 93.269012
vn 35.879293 3.683585 93.269012
vn 8.616503 52.728321 -84.530945
vn 8.616503 52.728321 -84.530945
vn 8.616503 52.728321 -84.530945
vn -86.489202 -23.743146 44.225338
vn -86.489202 -23.743146 44.225338
vn -86.489202 -23.743146 44.225338
vn -53.139726 -64.819649 -54.539733
vn -53.139726 -64.819649 -54.539733
vn -53.139726 -64.819649 -54.539733
vn 65.563890 38.883048 -64.726229
vn 65.563890 38.883048 -64.726229
vn 65.563890 38.883048 -64.726229
vn -79.557212 -60.336557 5.490877
vn -79.557212 -60.336557 5.490877
vn -79.557212 -60.336557 5.490877
vn 85.412737 -25.563921 45.289645
vn 85.412737 -25.563921 45.289645
vn 85.412737 -25.563921 45.289645
vn 46.426479 -26.228476 84.596996
vn 46.426479 -26.228476 84.596996
vn 46.426479 -26.228476 84.596996
vn -25.624145 96.654464 1.148219
vn -25.624145 96.654464 1.148219
vn -25.624145 96.654464 1.148219
vn 21.452043 3.567300 -97.606793
vn 21.452043 3.567300 -97.606793
vn 21.452043 3.567300 -97.606793
vn -85.230110 -36.902862 -37.067608
vn -85.230110 -36.902862 -37.067608
vn -85.230110 -36.902862 -37.067608
vn 69.956962 19.453378 68.757480
vn 69.956962 19.453378 68.757480
vn 69.956962 19.453378 68.757480
vn 86.699855 -13.047242 48.092687
vn 86.699855 -13.047242 48.092687
vn 86.699855 -13.047242 48.092687
vn 88.429367 16.656689 -43.621130
vn 88.429367 16.656689 -43.621130
vn 88.429367 16.656689 -43.621130
vn 53.551469 40.967938 -73.850320
vn 53.551469 40.967938 -73.850320
vn 53.551469 40.967938 -73.850320
vn 28.103350 -29.407278 91.353235
vn 28.103350 -29.407278 91.353235
vn 28.103350 -29.407278 91.353235
vn -22.277482 -49.735099 -83.845898
vn -22.277482 -49.735099 -83.845898
vn -22.277482 -49.735099 -83.845898
vn -36.345977 36.750553 -85.605887
vn -36.345977 36.750553 -85.605887
vn -36.345977 36.750553 -85.605887
vn 3.957518 -31.602290 94.792576
vn 3.957518 -31.602290 94.792576
vn 3.957518 -31.602290 94.792576
vn -82.633790 -56.312272 -0.764916
vn -82.633790 -56.312272 -0.764916
vn -82.633790 -56.312272 -0.764916
vn 70.985431 21.899228 66.943953
vn 70.985431 21.899228 66.943953
vn 70.985431 21.899228 66.943953
vn -61.718462 41.254536 -66.999215
vn -61.718462 41.254536 -66.999215
vn -61.718462 41.254536 -66.999215
vn 94.324728 -4.849711 32.853107
vn 94.324728 -4.849711 32.853107
vn 94.324728 -4.849711 32.853107
vn -12.428077 29.836875 -94.632467
vn -12.428077 29.836875 -94.632467
vn -12.428077 29.836875 -94.632467
vn 43.880443 -16.788487 -88.276012
vn 43.880443 -16.788487 -88.276012
vn 43.880443 -16.788487 -88.276012
vn 80.182909 18.224345 56.908482
vn 80.182909 18.224345 56.908482
vn 80.182909 18.224345 56.908482
vn -55.448972 57.181374 -60.462411
vn -55.448972 57.181374 -60.462411
vn -55.448972 57.181374 -60.462411
vn -5.387035 9.998950 99.352905
vn -5.387035 9.998950 99.352905
vn -5.387035 9.998950 99.352905
vn -89.859767 6.950761 43.323313
vn -89.859767 6.950761 43.323313
vn -89.859767 6.950761 43.323313
vn 99.280215 -2.252104 -11.763015
vn 99.280215 -2.252104 -11.763015
vn 99.280215 -2.252104 -11.763015
vn 69.487778 14.922642 -70.347450
vn 69.487778 14.922642 -70.347450
vn 69.487778 14.922642 -70.347450
vn 40.704605 1.909932 91.320798
vn 40.704605 1.909932 91.320798
vn 40.704605 1.909932 91.320798
vn 20.544500 -15.552445 96.623217
vn 20.544500 -15.552445 96.623217
vn 20.544500 -15.552445 96.623217
vn -16.245829 96.123940 22.276935
vn -16.245829 96.123940 22.276935
vn -16.245829 96.123940 22.276935
vn -84.567667 11.891525 -52.027904
vn -84.567667 11.891525 -52.027904
vn -84.567667 11.891525 -52.027904
vn -8.669668 90.834927 40.912738
vn -8.669668 90.834927 40.912738
vn -8.669668 90.834927 40.912738
vn -48.847509 -58.117309 -65.086877
vn -48.847509 -58.117309 -65.086877
vn -48.847509 -58.117309 -65.086877
vn 1.952456 -10.142654 -99.465136
vn 1.952456 -10.142654 -99.465136
vn 1.952456 -10.142654 -99.465136
vn -90.929080 31.285028 -27.443563
vn -90.929080 31.285028 -27.443563
vn -90.929080 31.285028 -27.443563
vn -88.848254 18.304376 -42.082528
vn -88.848254 18.304376 -42.082528
vn -88.848254 18.304376 -42.082528
vn -71.379940 -2.858496 69.976673
vn -71.379940 -2.858496 69.976673
vn -71.379940 -2.858496 69.976673
vn 89.761622 42.927432 -10.004389
vn 89.761622 42.927432 -10.004389
vn 89.761622 42.927432 -10.004389
vn 98.625695 -10.221909 -12.980195
vn 98.625695 -10.221909 -12.980195
vn 98.625695 -10.221909 -12.980195
vn -52.416498 3.166009 85.102814
vn -52.416498 3.166009 85.102814
vn -52.416498 3.166009 85.102814
vn 34.839708 31.768158 88.187195
vn 34.839708 31.768158 88.187195
vn 34.839708 31.768158 88.187195
vn -55.891970 -20.528033 80.341084
vn -55.891970 -20.528033 80.341084
vn -55.891970 -20.528033 80.341084
vn -83.541451 12.681317 -53.479068
vn -83.541451 12.681317 -53.479068
vn -83.541451 12.681317 -53.479068
vn -16.270713 -3.799106 -98.594276
vn -16.270713 -3.799106 -98.594276
vn -16.270713 -3.799106 -98.594276
vn 54.909995 -18.682917 81.460677
vn 54.909995 -18.682917 81.460677
vn 54.909995 -18.682917 81.460677
vn 11.242299 -15.173784 98.200644
vn 11.242299 -15.173784 98.200644
vn 11.242299 -15.173784 98.200644
vn -15.640238 70.399609 -69.276822
vn -15.640238 70.399609 -69.276822
vn -15.640238 70.399609 -69.276822
vn -66.449253 -74.649653 -3.453451
vn -66.449253 -74.649653 -3.453451
vn -66.449253 -74.649653 -3.453451
vn 94.573476 8.014068 31.490190
vn 94.573476 8.014068 31.490190
vn 94.573476 8.014068 31.490190
vn 42.145806 59.764209 68.205355
vn 42.145806 59.764209 68.205355
vn 42.145806 59.764209 68.205355
vn 50.604503 -75.190819 -42.255493
vn 50.604503 -75.190819 -42.255493
vn 50.604503 -75.190819 -42.255493
vn 28.545630 -80.731213 -51.648999
vn 28.545630 -80.731213 -51.648999
vn 28.545630 -80.731213 -51.648999
vn 58.458547 43.444761 68.521187
vn 58.458547 43.444761 68.521187
vn 58.458547 43.444761 68.521187
vn 69.271361 72.120360 0.363177
vn 69.271361 72.120360 0.363177
vn 69.271361 72.120360 0.363177
vn -2.090836 65.763762 -75.304433
vn -2.090836 65.763762 -75.304433
vn -2.090836 65.763762 -75.304433
vn 56.400093 82.576726 0.339658
vn 56.400093 82.576726 0.339658
vn 56.400093 82.576726 0.339658
vn -55.851445 -40.067234 -72.630811
vn -55.851445 -40.067234 -72.630811
vn -55.851445 -40.067234 -72.630811
vn -76.204067 8.720498 -64.163022
vn -76.204067 8.720498 -64.163022
vn -76.204067 8.720498 -64.163022
vn -78.548312 -45.932066 -41.477816
vn -78.548312 -45.932066 -41.477816
vn -78.548312 -45.932066 -41.477816
vn -66.061713 -4.752121 74.921753
vn -66.061713 -4.752121 74.921753
vn -66.061713 -4.752121 74.921753
vn -55.170075 8.739579 82.945067
vn -55.170075 8.739579 82.945067
vn -55.170075 8.739579 82.945067
vn 80.017275 59.609333 -6.630558
vn 80.017275 59.609333 -6.630558
vn 80.017275 59.609333 -6.630558
vn -34.620161 87.486025 -33.876832
vn -34.620161 87.486025 -33.876832
vn -34.620161 87.486025 -33.876832
vn 41.887982 -18.232154 88.954973
vn 41.887982 -18.232154 88.954973
vn 41.887982 -18.232154 88.954973
vn -86.858483 -16.175735 -46.839627
vn -86.858483 -16.175735 -46.839627
vn -86.858483 -16.175735 -46.839627
vn -74.926000 63.438275 19.017904
vn -74.926000 63.438275 19.017904
vn -74.926000 63.438275 19.017904
vn -57.226017 75.143638 -32.842311
vn -57.226017 75.143638 -32.842311
vn -57.226017 75.143638 -32.842311
vn -2.277039 98.244405 -18.516265
vn -2.277039 98.244405 -18.516265
vn -2.277039 98.244405 -18.516265
vn -97.134096 19.970531 -12.889774
vn -97.134096 19.970531 -12.889774
vn -97.134096 19.970531 -12.889774
vn 41.159708 -18.068614 -89.327518
vn 41.159708 -18.068614 -89.327518
vn 41.159708 -18.068614 -89.327518
vn 94.792216 0.273125 -31.849038
vn 94.792216 0.273125 -31.849038
vn 94.792216 0.273125 -31.849038
vn 61.259716 18.326320 76.885587
vn 61.259716 18.326320 76.885587
vn 61.259716 18.326320 76.885587
vn 75.701042 -6.221433 -65.043427
vn 75.701042 -6.221433 -65.043427
vn 75.701042 -6.221433 -65.043427
vn 85.860848 14.910303 -49.046909
vn 85.860848 14.910303 -49.046909
vn 85.860848 14.910303 -49.046909
vn -25.025083 96.812452 -1.046256
vn -25.025083 96.812452 -1.046256
vn -25.025083 96.812452 -1.046256
vn -37.293548 5.934811 -92.595735
vn -37.293548 5.934811 -92.595735
vn -37.293548 5.934811 -92.595735
vn -77.598610 55.399672 -30.155136
vn -77.598610 55.399672 -30.155136
vn -77.598610 55.399672 -30.155136
vn -91.106404 29.309545 -28.992666
vn -91.106404 29.309545 -28.992666
vn -91.106404 29.309545 -28.992666
vn -38.099132 -92.103748 8.084337
vn -38.099132 -92.103748 8.084337
vn -38.099132 -92.103748 8.084337
vn -86.284739 19.021250 -46.830929
vn -86.284739 19.021250 -46.830929
vn -86.284739 19.021250 -46.830929
vn -83.536695 36.943332 -40.703957
vn -83.536695 36.943332 -40.703957
vn -83.536695 36.943332 -40.703957
vn 79.148260 57.852879 19.712902
vn 79.148260 57.852879 19.712902
vn 79.148260 57.852879 19.712902
vn -28.703883 95.521898 7.187100
vn -28.703883 95.521898 7.187100
vn -28.703883 95.521898 7.187100
vn 94.034794 -28.325790 -18.844305
vn 94.034794 -28.325790 -18.844305
vn 94.034794 -28.325790 -18.844305
vn -96.475685 11.746134 23.547211
vn -96.475685 11.746134 23.547211
vn -96.475685 11.746134 23.547211
vn 2.605254 38.317478 92.330848
vn 2.605254 38.317478 92.330848
vn 2.605254 38.317478 92.330848
vn -89.085729 9.526198 44.418289
vn -89.085729 9.526198 44.418289
vn -89.085729 9.526198 44.418289
vn -84.252352 11.404873 52.644776
vn -84.252352 11.404873 52.644776
vn -84.252352 11.404873 52.644776
vn -94.558624 29.046857 14.661068
vn -94.558624 29.046857 14.661068
vn -94.558624 29.046857 14.661068
vn -26.177182 -72.981036 63.154757
vn -26.177182 -72.981036 63.154757
vn -26.177182 -72.981036 63.154757
vn 43.019444 87.729506 21.280547
vn 43.019444 87.729506 21.280547
vn 43.019444 87.729506 21.280547
vn 26.036587 -29.462210 91.946040
vn 26.036587 -29.462210 91.946040
vn 26.036587 -29.462210 91.946040
vn 11.268485 -15.708592 -98.113512
vn 11.268485 -15.708592 -98.113512
vn 11.268485 -15.708592 -98.113512
vn 7.982550 93.431736 -34.738902
vn 7.982550 93.431736 -34.738902
vn 7.982550 93.431736 -34.738902
vn 17.377378 -25.020741 -95.246990
vn 17.377378 -25.020741 -95.246990
vn 17.377378 -25.020741 -95.246990
vn -59.041636 62.370250 -51.225375
vn -59.041636 62.370250 -51.225375
vn -59.041636 62.370250 -51.225375
vn 99.749894 6.917168 -1.453077
vn 99.749894 6.917168 -1.453077
vn 99.749894 6.917168 -1.453077
vn 62.528960 68.613492 -37.179539
vn 62.528960 68.613492 -37.179539
vn 62.528960 68.613492 -37.179539
vn -56.072683 -75.194066 34.665635
vn -56.072683 -75.194066 34.665635
vn -56.072683 -75.194066 34.665635
vn 96.750489 -23.431340 -9.503425
vn 96.750489 -23.431340 -9.503425
vn 96.750489 -23.431340 -9.503425
vn 85.134290 -51.042154 -12.118257
vn 85.134290 -51.042154 -12.118257
vn 85.134290 -51.042154 -12.118257
vn 23.255727 7.666424 -96.955652
vn 23.255727 7.666424 -96.955652
vn 23.255727 7.666424 -96.955652
vn 85.202256 -52.268705 -2.925705
vn 85.202256 -52.268705 -2.925705
vn 85.202256 -52.268705 -2.925705
vn 3.842869 16.739308 98.514108
vn 3.842869 16.739308 98.514108
vn 3.842869 16.739308 98.514108
vn -94.537902 -17.181448 -27.701693
vn -94.537902 -17.181448 -27.701693
vn -94.537902 -17.181448 -27.701693
vn 59.123466 48.704421 64.282932
vn 59.123466 48.704421 64.282932
vn 59.123466 48.704421 64.282932
vn 29.320951 -4.021651 -95.520202
vn 29.320951 -4.021651 -95.520202
vn 29.320951 -4.021651 -95.520202
vn -68.276956 58.777435 43.398978
vn -68.276956 58.777435 43.398978
vn -68.276956 58.777435 43.398978
vn -52.338816 67.977187 -51.378499
vn -52.338816 67.977187 -51.378499
vn -52.338816 67.977187 -51.378499
vn -87.556577 -34.936820 -33.365625
vn -87.556577 -34.936820 -33.365625
vn -87.556577 -34.936820 -33.365625
vn 69.673402 64.790784 -30.785902
vn 69.673402 64.790784 -30.785902
vn 69.673402 64.790784 -30.785902
vn 80.028902 56.369749 -20.440809
vn 80.028902 56.369749 -20.440809
vn 80.028902 56.369749 -20.440809
vn 8.094193 11.661506 -98.987348
vn 8.094193 11.661506 -98.987348
vn 8.094193 11.661506 -98.987348
vn 92.132053 3.965675 38.677639
vn 92.132053 3.965675 38.677639
vn 92.132053 3.965675 38.677639
vn 33.332085 49.410493 -80.296798
vn 33.332085 49.410493 -80.296798
vn 33.332085 49.410493 -80.296798
vn 90.884222 -16.249489 -38.418917
vn 90.884222 -16.249489 -38.418917
vn 90.884222 -16.249489 -38.418917
vn -9.905630 -30.163979 94.826236
vn -9.905630 -30.163979 94.826236
vn -9.905630 -30.163979 94.826236
vn 23.040309 -87.942076 -41.657364
vn 23.040309 -87.942076 -41.657364
vn 23.040309 -87.942076 -41.657364
vn 80.146528 -39.604641 44.810803
vn 80.146528 -39.604641 44.810803
vn 80.146528 -39.604641 44.810803
vn 52.000433 80.671171 28.073453
vn 52.000433 80.671171 28.073453
vn 52.000433 80.671171 28.073453
vn -97.634902 2.164591 21.511429
vn -97.634902 2.164591 21.511429
vn -97.634902 2.164591 21.511429
vn 76.052153 -38.561762 52.240413
vn 76.052153 -38.561762 52.240413
vn 76.052153 -38.561762 52.240413
vn -82.063798 -55.723372 -12.666505
vn -82.063798 -55.723372 -12.666505
vn -82.063798 -55.723372 -12.666505
vn 23.543754 7.911055 96.866440
vn 23.543754 7.911055 96.866440
vn 23.543754 7.911055 96.866440
vn 98.989912 0.027982 14.177369
vn 98.989912 0.027982 14.177369
vn 98.989912 0.027982 14.177369
vn 58.790774 9.195729 -80.368429
vn 58.790774 9.195729 -80.368429
vn 58.790774 9.195729 -80.368429
vn 61.887055 35.471552 70.083973
vn 61.887055 35.471552 70.083973
vn 61.887055 35.471552 70.083973
vn -72.044804 37.649141 -58.241642
vn -72.044804 37.649141 -58.241642
vn -72.044804 37.649141 -58.241642
vn -65.878838 -73.781517 -14.706041
vn -65.878838 -73.781517 -14.706041
vn -65.878838 -73.781517 -14.706041
vn -97.550084 2.227600 -21.886543
vn -97.550084 2.227600 -21.886543
vn -97.550084 2.227600 -21.886543
vn 43.260526 -82.286329 -36.844082
vn 43.260526 -82.286329 -36.844082
vn 43.260526 -82.286329 -36.844082
vn 99.175059 -11.401787 5.857332
vn 99.175059 -11.401787 5.857332
vn 99.175059 -11.401787 5.857332
vn 87.455948 -23.174210 42.595940
vn 87.455948 -23.174210 42.595940
vn 87.455948 -23.174210 42.595940
vn -55.611990 79.922225 22.797923
vn -55.611990 79.922225 22.797923
vn -55.611990 79.922225 22.797923
vn -9.738036 -12.413132 98.747588
vn -9.738036 -12.413132 98.747588
vn -9.738036 -12.413132 98.747588
vn 23.092907 -80.905171 54.046932
vn 23.092907 -80.905171 54.046932
vn 23.092907 -80.905171 54.046932
vn 34.761947 2.354623 -93.734000
vn 34.761947 2.354623 -93.734000
vn 34.761947 2.354623 -93.734000
vn 21.814860 -97.098780 -9.794847
vn 21.814860 -97.098780 -9.794847
vn 21.814860 -97.098780 -9.794847
vn -53.545728 37.702262 75.573777
vn -53.545728 37.702262 75.573777
vn -53.545728 37.702262 75.573777
vn -48.900423 25.670063 83.365447
vn -48.900423 25.670063 83.365447
vn -48.900423 25.670063 83.365447
vn 19.308347 71.305669 -67.399473
vn 19.308347 71.305669 -67.399473
vn 19.308347 71.305669 -67.399473
vn -56.858555 29.662252 76.728464
vn -56.858555 29.662252 76.728464
vn -56.858555 29.662252 76.728464
vn 52.336942 -33.147875 78.498807
vn 52.336942 -33.147875 78.498807
vn 52.336942 -33.147875 78.498807
vn 20.581135 18.425821 96.108825
vn 20.581135 18.425821 96.108825
vn 20.581135 18.425821 96.108825
vn -84.838723 -27.791260 -45.055949
vn -84.838723 -27.791260 -45.055949
vn -84.838723 -27.791260 -45.055949
vn 98.732544 -14.708694 5.961611
vn 98.732544 -14.708694 5.961611
vn 98.732544 -14.708694 5.961611
vn -21.463809 36.921358 -90.421898
vn -21.463809 36.921358 -90.421898
vn -21.463809 36.921358 -90.421898
vn 54.815203 -76.364025 34.114942
vn 54.815203 -76.364025 34.114942
vn 54.815203 -76.364025 34.114942
vn -97.535931 -21.834433 3.162250
vn -97.535931 -21.834433 3.162250
vn -97.535931 -21.834433 3.162250
vn -77.209479 -21.564368 -59.780216
vn -77.209479 -21.564368 -59.780216
vn -77.209479 -21.564368 -59.780216
vn 88.097018 28.108899 -38.063175
vn 88.097018 28.108899 -38.063175
vn 88.097018 28.108899 -38.063175
vn 35.666402 82.549140 43.744122
vn 35.666402 82.549140 43.744122
vn 35.666402 82.549140 43.744122
vn -67.929171 19.062323 70.867875
vn -67.929171 19.062323 70.867875
vn -67.929171 19.062323 70.867875
vn 38.298690 34.029442 85.879028
vn 38.298690 34.029442 85.879028
vn 38.298690 34.029442 85.879028
vn -57.913867 -66.516539 -47.133163
vn -57.913867 -66.516539 -47.133163
vn -57.913867 -66.516539 -47.133163
vn 20.089763 4.648303 -97.850882
vn 20.089763 4.648303 -97.850882
vn 20.089763 4.648303 -97.850882
vn 83.172536 -2.951148 55.440239
vn 83.172536 -2.951148 55.440239
vn 83.172536 -2.951148 55.440239
vn 57.144030 -58.291248 57.764089
vn 57.144030 -58.291248 57.764089
vn 57.144030 -58.291248 57.764089
vn -37.020670 23.014626 89.998873
vn -37.020670 23.014626 89.998873
vn -37.020670 23.014626 89.998873
vn -88.975911 -5.704456 -45.285166
vn -88.975911 -5.704456 -45.285166
vn -88.975911 -5.704456 -45.285166
vn -8.261371 33.262155 93.943490
vn -8.261371 33.262155 93.943490
vn -8.261371 33.262155 93.943490
vn -45.728164 88.799103 4.863649
vn -45.728164 88.799103 4.863649
vn -45.728164 88.799103 4.863649
vn -5.014111 -2.079168 99.852575
vn -5.014111 -2.079168 99.852575
vn -5.014111 -2.079168 99.852575
vn -28.865327 -87.100649 39.752604
vn -28.865327 -87.100649 39.752604
vn -28.865327 -87.100649 39.752604
vn 29.640096 6.791994 -95.264551
vn 29.640096 6.791994 -95.264551
vn 29.640096 6.791994 -95.264551
vn 71.666375 -50.840129 -47.741120
vn 71.666375 -50.840129 -47.741120
vn 71.666375 -50.840129 -47.741120
vn 63.190240 3.859653 77.408639
vn 63.190240 3.859653 77.408639
vn 63.190240 3.859653 77.408639
vn -40.928729 -91.229300 -1.433275
vn -40.928729 -91.229300 -1.433275
vn -40.928729 -91.229300 -1.433275
vn 82.148026 -43.720405 -36.609158
vn 82.148026 -43.720405 -36.609158
vn 82.148026 -43.720405 -36.609158
vn -34.419840 -89.697015 27.743855
vn -34.419840 -89.697015 27.743855
vn -34.419840 -89.697015 27.743855
vn 70.215888 -4.345423 71.069316
vn 70.215888 -4.345423 71.069316
vn 70.215888 -4.345423 71.069316
vn -90.514224 30.636991 -29.471179
vn -90.514224 30.636991 -29.471179
vn -90.514224 30.636991 -29.471179
vn 97.603124 3.198427 21.526778
vn 97.603124 3.198427 21.526778
vn 97.603124 3.198427 21.526778
vn -61.857850 3.623828 -78.488694
vn -61.857850 3.623828 -78.488694
vn -61.857850 3.623828 -78.488694
vn -2.954530 -99.164415 12.557485
vn -2.954530 -99.164415 12.557485
vn -2.954530 -99.164415 12.557485
vn -65.396254 60.093901 -45.957089
vn -65.396254 60.093901 -45.957089
vn -65.396254 60.093901 -45.957089
vn -92.154642 -38.241291 6.717640
vn -92.154642 -38.241291 6.717640
vn -92.154642 -38.241291 6.717640
vn -7.576279 -72.866817 68.066353
vn -7.576279 -72.866817 68.066353
vn -7.576279 -72.866817 68.066353
vn -69.051974 13.210867 71.114688
vn -69.051974 13.210867 71.114688
vn -69.051974 13.210867 71.114688
vn 61.650025 -36.860202 69.574431
vn 61.650025 -36.860202 69.574431
vn 61.650025 -36.860202 69.574431
vn 57.011389 6.855148 81.870073
vn 57.011389 6.855148 81.870073
vn 57.011389 6.855148 81.870073
vn -44.950740 80.217446 39.301307
vn -44.950740 80.217446 39.301307
vn -44.950740 80.217446 39.301307
vn -10.527448 -92.449574 -36.636730
vn -10.527448 -92.449574 -36.636730
vn -10.527448 -92.449574 -36.636730
vn 35.765659 -81.319108 45.913194
vn 35.765659 -81.319108 45.913194
vn 35.765659 -81.319108 45.913194
vn 10.475030 -74.879154 65.447591
vn 10.475030 -74.879154 65.447591
vn 10.475030 -74.879154 65.447591
vn 99.133022 -8.688404 9.856854
vn 99.133022 -8.688404 9.856854
vn 99.133022 -8.688404 9.856854
vn -41.999933 82.768794 -37.220071
vn -41.999933 82.768794 -37.220071
vn -41.999933 82.768794 -37.220071
vn -98.571478 16.419028 3.752490
vn -98.571478 16.419028 3.752490
vn -98.571478 16.419028 3.752490
vn 99.829258 -3.920063 -4.330670
vn 99.829258 -3.920063 -4.330670
vn 99.829258 -3.920063 -4.330670
vn 74.095040 -59.149328 31.800674
vn 74.095040 -59.149328 31.800674
vn 74.095040 -59.149328 31.800674
vn 26.596996 43.424780 -86.063284
vn 26.596996 43.424780 -86.063284
vn 26.596996 43.424780 -86.063284
vn 69.101889 -7.409372 71.902930
vn 69.101889 -7.409372 71.902930
vn 69.101889 -7.409372 71.902930
vn 89.612230 22.678165 38.149062
vn 89.612230 22.678165 38.149062
vn 89.612230 22.678165 38.149062
vn 17.728292 -73.544537 -65.398080
vn 17.728292 -73.544537 -65.398080
vn 17.728292 -73.544537 -65.398080
vn -42.199852 -33.104407 -84.399471
vn -42.199852 -33.104407 -84.399471
vn -42.199852 -33.104407 -84.399471
vn 96.633273 0.656449 25.721211
vn 96.633273 0.656449 25.721211
vn 96.633273 0.656449 25.721211
vn 21.683668 -62.281208 -75.172267
vn 21.683668 -62.281208 -75.172267
vn 21.683668 -62.281208 -75.172267
vn 23.266590 -19.428250 95.295382
vn 23.266590 -19.428250 95.295382
vn 23.266590 -19.428250 95.295382
vn -42.211252 -72.075850 54.984391
vn -42.211252 -72.075850 54.984391
vn -42.211252 -72.075850 54.984391
vn 38.128025 16.636998 90.936589
vn 38.128025 16.636998 90.936589
vn 38.128025 16.636998 90.936589
vn 19.388679 -41.011110 89.118841
vn 19.388679 -41.011110 89.118841
vn 19.388679 -41.011110 89.118841
vn 14.065698 93.273944 -33.198310
vn 14.065698 93.273944 -33.198310
vn 14.065698 93.273944 -33.198310
vn -94.739046 5.852691 31.468376
vn -94.739046 5.852691 31.468376
vn -94.739046 5.852691 31.468376
vn 47.227203 73.473680 -48.695063
vn 47.227203 73.473680 -48.695063
vn 47.227203 73.473680 -48.695063
vn 25.143085 -24.109496 -93.736646
vn 25.143085 -24.109496 -93.736646
vn 25.143085 -24.109496 -93.736646
vn -54.358799 77.125475 -33.117716
vn -54.358799 77.125475 -33.117716
vn -54.358799 77.125475 -33.117716
vn 21.100611 1.224280 -97.740807
vn 21.100611 1.224280 -97.740807
vn 21.100611 1.224280 -97.740807
vn -2.958329 -7.779946 99.653011
vn -2.958329 -7.779946 99.653011
vn -2.958329 -7.779946 99.653011
vn -59.971361 -29.532703 74.372410
vn -59.971361 -29.532703 74.372410
vn -59.971361 -29.532703 74.372410
vn -72.322717 -38.481041 57.346630
vn -72.322717 -38.481041 57.346630
vn -72.322717 -38.481041 57.346630
vn -96.276359 -25.891709 7.777091
vn -96.276359 -25.891709 7.777091
vn -96.276359 -25.891709 7.777091
vn -88.068149 -30.355733 -36.366641
vn -88.068149 -30.355733 -36.366641
vn -88.068149 -30.355733 -36.366641
vn -88.955425 -27.262189 -36.656598
vn -88.955425 -27.262189 -36.656598
vn -88.955425 -27.262189 -36.656598
vn -77.622195 13.578203 61.566452
vn -77.622195 13.578203 61.566452
vn -77.622195 13.578203 61.566452
vn 88.156319 28.594745 -37.560678
vn 88.156319 28.594745 -37.560678
vn 88.156319 28.594745 -37.560678
vn 29.459163 -53.939455 -78.884062
vn 29.459163 -53.939455 -78.884062
vn 29.459163 -53.939455 -78.884062
vn -0.007913 83.294796 55.335133
vn -0.007913 83.294796 55.335133
vn -0.007913 83.294796 55.335133
vn -26.935576 78.053775 -56.409961
vn -26.935576 78.053775 -56.409961
vn -26.935576 78.053775 -56.409961
vn -85.184845 -5.020237 -52.137702
vn -85.184845 -5.020237 -52.137702
vn -85.184845 -5.020237 -52.137702
vn 92.491760 -17.965774 33.503822
vn 92.491760 -17.965774 33.503822
vn 92.491760 -17.965774 33.503822
vn 39.886820 0.377382 -91.700057
vn 39.886820 0.377382 -91.700057
vn 39.886820 0.377382 -91.700057
vn -5.051560 -55.423025 -83.082919
vn -5.051560 -55.423025 -83.082919
vn -5.051560 -55.423025 -83.082919
vn 94.504121 23.344127 22.891555
vn 94.504121 23.344127 22.891555
vn 94.504121 23.344127 22.891555
vn 57.648306 -50.916133 63.907908
vn 57.648306 -50.916133 63.907908
vn 57.648306 -50.916133 63.907908
vn -52.809765 -12.530211 83.988833
vn -52.809765 -12.530211 83.988833
vn -52.809765 -12.530211 83.988833
vn 11.008198 93.711573 -33.120417
vn 11.008198 93.711573 -33.120417
vn 11.008198 93.711573 -33.120417
vn -34.381299 -0.691303 -93.901275
vn -34.381299 -0.691303 -93.901275
vn -34.381299 -0.691303 -93.901275
vn -41.955352 -13.003599 -89.836828
vn -41.955352 -13.003599 -89.836828
vn -41.955352 -13.003599 -89.836828
vn 87.933028 34.862388 -32.440699
vn 87.933028 34.862388 -32.440699
vn 87.933028 34.862388 -32.440699
vn 59.857066 69.138526 -40.459823
vn 59.857066 69.138526 -40.459823
vn 59.857066 69.138526 -40.459823
vn 48.778178 -2.770618 -87.252591
vn 48.778178 -2.770618 -87.252591
vn 48.778178 -2.770618 -87.252591
vn 44.605370 -33.395051 -83.036938
vn 44.605370 -33.395051 -83.036938
vn 44.605370 -33.395051 -83.036938
vn -69.883076 7.657962 71.117597
vn -69.883076 7.657962 71.117597
vn -69.883076 7.657962 71.117597
vn 97.301011 -18.305322 14.050977
vn 97.301011 -18.305322 14.050977
vn 97.301011 -18.305322 14.050977
vn -1.395135 23.915073 -97.088232
vn -1.395135 23.915073 -97.088232
vn -1.395135 23.915073 -97.088232
vn 23.835008 29.309715 -92.589590
vn 23.835008 29.309715 -92.589590
vn 23.835008 29.309715 -92.589590
vn -7.957795 -55.682041 82.681227
vn -7.957795 -55.682041 82.681227
vn -7.957795 -55.682041 82.681227
vn -29.185835 -95.639079 -1.163810
vn -29.185835 -95.639079 -1.163810
vn -29.185835 -95.639079 -1.163810
vn 64.519489 -21.810463 73.222533
vn 64.519489 -21.810463 73.222533
vn 64.519489 -21.810463 73.222533
vn 34.316792 -26.825148 90.015395
vn 34.316792 -26.825148 90.015395
vn 34.316792 -26.825148 90.015395
vn 97.649149 0.654111 -21.545666
vn 97.649149 0.654111 -21.545666
vn 97.649149 0.654111 -21.545666
vn -51.518784 -19.064166 83.560597
vn -51.518784 -19.064166 83.560597
vn -51.518784 -19.064166 83.560597
vn 15.319600 -44.834824 -88.063330
vn 15.319600 -44.834824 -88.063330
vn 15.319600 -44.834824 -88.063330
vn -53.372115 -61.756682 57.771364
vn -53.372115 -61.756682 57.771364
vn -53.372115 -61.756682 57.771364
vn 15.178499 91.340554 -37.769248
vn 15.178499 91.340554 -37.769248
vn 15.178499 91.340554 -37.769248
vn 77.690236 -0.599015 62.959260
vn 77.690236 -0.599015 62.959260
vn 77.690236 -0.599015 62.959260
vn 38.764708 -33.283747 85.962138
vn 38.764708 -33.283747 85.962138
vn 38.764708 -33.283747 85.962138
vn 52.131748 -13.006386 84.339300
vn 52.131748 -13.006386 84.339300
vn 52.131748 -13.006386 84.339300
vn 70.568415 -47.585172 52.495242
vn 70.568415 -47.585172 52.495242
vn 70.568415 -47.585172 52.495242
vn 83.441918 -3.851852 54.978281
vn 83.441918 -3.851852 54.978281
vn 83.441918 -3.851852 54.978281
vn 36.378735 -13.408623 92.178070
vn 36.378735 -13.408623 92.178070
vn 36.378735 -13.408623 92.178070
vn -53.082035 4.948905 -84.603823
vn -53.082035 4.948905 -84.603823
vn -53.082035 4.948905 -84.603823
vn -46.123793 8.595942 -88.310284
vn -46.123793 8.595942 -88.310284
vn -46.123793 8.595942 -88.310284
vn 79.926716 51.062469 -31.691405
vn 79.926716 51.062469 -31.691405
vn 79.926716 51.062469 -31.691405
vn 60.264694 -60.276536 52.296333
vn 60.264694 -60.276536 52.296333
vn 60.264694 -60.276536 52.296333
vn 50.383953 80.736439 -30.709702
vn 50.383953 80.736439 -30.709702
vn 50.383953 80.736439 -30.709702
vn 92.880891 -4.298278 -36.805778
vn 92.880891 -4.298278 -36.805778
vn 92.880891 -4.298278 -36.805778
vn -67.299072 -58.981912 44.631482
vn -67.299072 -58.981912 44.631482
vn -67.299072 -58.981912 44.631482
vn -37.925852 92.292405 6.613817
vn -37.925852 92.292405 6.613817
vn -37.925852 92.292405 6.613817
vn 80.052538 1.712384 59.905412
vn 80.052538 1.712384 59.905412
vn 80.052538 1.712384 59.905412
vn 70.035472 19.016278 68.799810
vn 70.035472 19.016278 68.799810
vn 70.035472 19.016278 68.799810
vn 89.818465 -17.831895 -40.182936
vn 89.818465 -17.831895 -40.182936
vn 89.818465 -17.831895 -40.182936
vn -86.375510 49.183082 10.968002
vn -86.375510 49.183082 10.968002
vn -86.375510 49.183082 10.968002
vn -45.500742 34.226102 -82.208624
vn -45.500742 34.226102 -82.208624
vn -45.500742 34.226102 -82.208624
vn -15.159439 -79.046304 59.345378
vn -15.159439 -79.046304 59.345378
vn -15.159439 -79.046304 59.345378
vn 10.673221 -31.608729 -94.270734
vn 10.673221 -31.608729 -94.270734
vn 10.673221 -31.608729 -94.270734
vn 69.133235 37.193598 -61.945394
vn 69.133235 37.193598 -61.945394
vn 69.133235 37.193598 -61.945394
vn 87.632274 -45.778841 -14.996091
vn 87.632274 -45.778841 -14.996091
vn 87.632274 -45.778841 -14.996091
vn -64.952268 -23.781156 72.219522
vn -64.952268 -23.781156 72.219522
vn -64.952268 -23.781156 72.219522
vn 71.328959 -1.560793 70.069568
vn 71.328959 -1.560793 70.069568
vn 71.328959 -1.560793 70.069568
vn 88.786736 12.623862 44.244266
vn 88.786736 12.623862 44.244266
vn 88.786736 12.623862 44.244266
vn -28.621858 -3.724360 -95.744028
vn -28.621858 -3.724360 -95.744028
vn -28.621858 -3.724360 -95.744028
vn -98.064398 -8.399298 17.686905
vn -98.064398 -8.399298 17.686905
vn -98.064398 -8.399298 17.686905
vn 79.383982 15.147320 -58.896031
vn 79.383982 15.147320 -58.896031
vn 79.383982 15.147320 -58.896031
vn 8.133014 23.680851 96.814629
vn 8.133014 23.680851 96.814629
vn 8.133014 23.680851 96.814629
vn 53.803132 -20.542522 -81.751024
vn 53.803132 -20.542522 -81.751024
vn 53.803132 -20.542522 -81.751024
vn 92.674928 -6.070691 37.074314
vn 92.674928 -6.070691 37.074314
vn 92.674928 -6.070691 37.074314
vn 34.420228 27.295823 -89.834225
vn 34.420228 27.295823 -89.834225
vn 34.420228 27.295823 -89.834225
vn -95.258231 -18.185291 24.396002
vn -95.258231 -18.185291 24.396002
vn -95.258231 -18.185291 24.396002
vn -11.400851 39.276090 -91.254639
vn -11.400851 39.276090 -91.254639
vn -11.400851 39.276090 -91.254639
vn 98.445186 -15.874647 -7.519469
vn 98.445186 -15.874647 -7.519469
vn 98.445186 -15.874647 -7.519469
vn 26.692247 36.748948 89.090057
vn 26.692247 36.748948 89.090057
vn 26.692247 36.748948 89.090057
vn 74.554704 -61.554012 25.547999
vn 74.554704 -61.554012 25.547999
vn 74.554704 -61.554012 25.547999
vn -11.536961 59.786002 79.325490
vn -11.536961 59.786002 79.325490
vn -11.536961 59.786002 79.325490
vn -59.134122 63.563050 49.627570
vn -59.134122 63.563050 49.627570
vn -59.134122 63.563050 49.627570
vn 55.784151 -8.915520 -82.514498
vn 55.784151 -8.915520 -82.514498
vn 55.784151 -8.915520 -82.514498
vn -76.066368 0.199586 64.914314
vn -76.066368 0.199586 64.914314
vn -76.066368 0.199586 64.914314
vn 97.374141 -12.869080 18.779355
vn 97.374141 -12.869080 18.779355
vn 97.374141 -12.869080 18.779355
vn -86.768396 39.176234 30.601793
vn -86.768396 39.176234 30.601793
vn -86.768396 39.176234 30.601793
vn 86.956088 -11.670150 -47.983824
vn 86.956088 -11.670150 -47.983824
vn 86.956088 -11.670150 -47.983824
vn 19.483190 -98.075653 1.254030
vn 19.483190 -98.075653 1.254030
vn 19.483190 -98.075653 1.254030
vn 37.431742 1.724847 92.714031
vn 37.431742 1.724847 92.714031
vn 37.431742 1.724847 92.714031
vn 13.518193 -40.016162 90.641959
vn 13.518193 -40.016162 90.641959
vn 13.518193 -40.016162 90.641959
vn 44.764758 89.384119 2.568635
vn 44.764758 89.384119 2.568635
vn 44.764758 89.384119 2.568635
vn -92.441181 32.053811 -20.668394
vn -92.441181 32.053811 -20.668394
vn -92.441181 32.053811 -20.668394
vn -51.642584 -30.487891 -80.022077
vn -51.642584 -30.487891 -80.022077
vn -51.642584 -30.487891 -80.022077
vn 21.866978 -24.395025 94.481311
vn 21.866978 -24.395025 94.481311
vn 21.866978 -24.395025 94.481311
vn -5.917522 20.136874 97.772644
vn -5.917522 20.136874 97.772644
vn -5.917522 20.136874 97.772644
vn 53.107895 2.300060 -84.701020
vn 53.107895 2.300060 -84.701020
vn 53.107895 2.300060 -84.701020
vn 49.731394 82.182697 27.799159
vn 49.731394 82.182697 27.799159
vn 49.731394 82.182697 27.799159
vn 26.758273 -25.356415 92.957239
vn 26.758273 -25.356415 92.957239
vn 26.758273 -25.356415 92.957239
vn 70.425140 34.664406 -61.957076
vn 70.425140 34.664406 -61.957076
vn 70.425140 34.664406 -61.957076
vn -99.026241 7.781541 11.543474
vn -99.026241 7.781541 11.543474
vn -99.026241 7.781541 11.543474
vn -78.433431 35.816894 -50.649250
vn -78.433431 35.816894 -50.649250
vn -78.433431 35.816894 -50.649250
vn 91.990613 32.166584 22.428545
vn 91.990613 32.166584 22.428545
vn 91.990613 32.166584 22.428545
vn -21.911360 -65.007839 -72.759012
vn -21.911360 -65.007839 -72.759012
vn -21.911360 -65.007839 -72.759012
vn 56.844019 2.012833 -82.247837
vn 56.844019 2.012833 -82.247837
vn 56.844019 2.012833 -82.247837
vn 65.302223 -61.490420 44.210268
vn 65.302223 -61.490420 44.210268
vn 65.302223 -61.490420 44.210268
vn -89.742748 -42.775356 -10.794004
vn -89.742748 -42.775356 -10.794004
vn -89.742748 -42.775356 -10.794004
vn -80.023656 -29.417955 -52.257051
vn -80.023656 -29.417955 -52.257051
vn -80.023656 -29.417955 -52.257051
vn 32.965545 38.238960 86.319498
vn 32.965545 38.238960 86.319498
vn 32.965545 38.238960 86.319498
vn -12.969455 -6.482201 98.943295
vn -12.969455 -6.482201 98.943295
vn -12.969455 -6.482201 98.943295
vn 19.397476 -65.024367 73.454541
vn 19.397476 -65.024367 73.454541
vn 19.397476 -65.024367 73.454541
vn -47.460490 17.149090 86.333150
vn -47.460490 17.149090 86.333150
vn -47.460490 17.149090 86.333150
vn -91.160996 -12.565182 -39.138088
vn -91.160996 -12.565182 -39.138088
vn -91.160996 -12.565182 -39.138088
vn -46.261320 4.453841 -88.544089
vn -46.261320 4.453841 -88.544089
vn -46.261320 4.453841 -88.544089
vn -99.922729 -3.930123 -0.064635
vn -99.922729 -3.930123 -0.064635
vn -99.922729 -3.930123 -0.064635
vn -70.651512 -14.563552 -69.255088
vn -70.651512 -14.563552 -69.255088
vn -70.651512 -14.563552 -69.255088
vn -72.760261 -68.169919 7.668613
vn -72.760261 -68.169919 7.668613
vn -72.760261 -68.169919 7.668613
vn 86.468870 -40.913423 -29.141508
vn 86.468870 -40.913423 -29.141508
vn 86.468870 -40.913423 -29.141508
vn 15.654179 -55.799006 -81.494902
vn 15.654179 -55.799006 -81.494902
vn 15.654179 -55.799006 -81.494902
vn 77.401033 18.207902 -60.642843
vn 77.401033 18.207902 -60.642843
vn 77.401033 18.207902 -60.642843
vn 25.533188 -2.758294 96.646004
vn 25.533188 -2.758294 96.646004
vn 25.533188 -2.758294 96.646004
vn 31.367998 -12.945763 94.066238
vn 31.367998 -12.945763 94.066238
vn 31.367998 -12.945763 94.066238
vn -8.597192 12.442515 -98.849746
vn -8.597192 12.442515 -98.849746
vn -8.597192 12.442515 -98.849746
vn 32.028730 -14.472586 -93.620014
vn 32.028730 -14.472586 -93.620014
vn 32.028730 -14.472586 -93.620014
vn -98.719746 -8.240878 -13.656542
vn -98.719746 -8.240878 -13.656542
vn -98.719746 -8.240878 -13.656542
vn 33.813679 2.133082 -94.085526
vn 33.813679 2.133082 -94.085526
vn 33.813679 2.133082 -94.085526
vn -14.607357 89.863075 -41.367302
vn -14.607357 89.863075 -41.367302
vn -14.607357 89.863075 -41.367302
vn -85.767544 -34.844263 -37.812773
vn -85.767544 -34.844263 -37.812773
vn -85.767544 -34.844263 -37.812773
vn 72.896190 20.285526 -65.380753
vn 72.896190 20.285526 -65.380753
vn 72.896190 20.285526 -65.380753
vn 23.270316 -13.002619 -96.381662
vn 23.270316 -13.002619 -96.381662
vn 23.270316 -13.002619 -96.381662
vn 11.978759 87.391794 -47.108212
vn 11.978759 87.391794 -47.108212
vn 11.978759 87.391794 -47.108212
vn -6.023690 97.420306 -21.748560
vn -6.023690 97.420306 -21.748560
vn -6.023690 97.420306 -21.748560
vn 77.743087 -60.932651 15.595663
vn 77.743087 -60.932651 15.595663
vn 77.743087 -60.932651 15.595663
vn -45.780846 -29.145247 83.992087
vn -45.780846 -29.145247 83.992087
vn -45.780846 -29.145247 83.992087
vn 15.316054 -57.097664 80.655294
vn 15.316054 -57.097664 80.655294
vn 15.316054 -57.097664 80.655294
vn 37.477811 -53.061580 -76.025538
vn 37.477811 -53.061580 -76.025538
vn 37.477811 -53.061580 -76.025538
vn 63.671012 -58.428833 50.319732
vn 63.671012 -58.428833 50.319732
vn 63.671012 -58.428833 50.319732
vn 84.701422 25.177331 -46.816381
vn 84.701422 25.177331 -46.816381
vn 84.701422 25.177331 -46.816381
vn 29.303767 55.083872 -78.147654
vn 29.303767 55.083872 -78.147654
vn 29.303767 55.083872 -78.147654
vn -76.167526 48.313675 -43.177510
vn -76.167526 48.313675 -43.177510
vn -76.167526 48.313675 -43.177510
vn -99.248700 -11.988311 -2.444795
vn -99.248700 -11.988311 -2.444795
vn -99.248700 -11.988311 -2.444795
vn 94.634994 15.546316 -28.328970
vn 94.634994 15.546316 -28.328970
vn 94.634994 15.546316 -28.328970
vn 77.547490 7.284063 -62.716267
vn 77.547490 7.284063 -62.716267
vn 77.547490 7.284063 -62.716267
vn 74.394810 -29.820735 59.800802
vn 74.394810 -29.820735 59.800802
vn 74.394810 -29.820735 59.800802
vn -16.660984 17.404362 97.054117
vn -16.660984 17.404362 97.054117
vn -16.660984 17.404362 97.054117
vn -11.961836 -0.905191 99.277875
vn -11.961836 -0.905191 99.277875
vn -11.961836 -0.905191 99.277875
vn 68.893033 -61.345402 38.606900
vn 68.893033 -61.345402 38.606900
vn 68.893033 -61.345402 38.606900
vn -78.814184 -10.987932 -60.560634
vn -78.814184 -10.987932 -60.560634
vn -78.814184 -10.987932 -60.560634
vn 35.951801 -20.333738 -91.071448
vn 35.951801 -20.333738 -91.071448
vn 35.951801 -20.333738 -91.071448
vn 14.751705 22.472574 96.319114
vn 14.751705 22.472574 96.319114
vn 14.751705 22.472574 96.319114
vn 77.805278 -51.761279 35.596480
vn 77.805278 -51.761279 35.596480
vn 77.805278 -51.761279 35.596480
vn -62.116401 -50.228374 60.155337
vn -62.116401 -50.228374 60.155337
vn -62.116401 -50.228374 60.155337
vn 18.597519 -71.310877 -67.593582
vn 18.597519 -71.310877 -67.593582
vn 18.597519 -71.310877 -67.593582
vn -39.968734 -14.042798 -90.583125
vn -39.968734 -14.042798 -90.583125
vn -39.968734 -14.042798 -90.583125
vn -65.476148 -68.139478 -32.709108
vn -65.476148 -68.139478 -32.709108
vn -65.476148 -68.139478 -32.709108
vn 81.476567 52.141740 25.353707
vn 81.476567 52.141740 25.353707
vn 81.476567 52.141740 25.353707
vn -58.657224 0.213175 -80.989413
vn -58.657224 0.213175 -80.989413
vn -58.657224 0.213175 -80.989413
vn -44.589216 -51.698268 73.069083
vn -44.589216 -51.698268 73.069083
vn -44.589216 -51.698268 73.069083
vn 57.581698 -39.289589 71.698521
vn 57.581698 -39.289589 71.698521
vn 57.581698 -39.289589 71.698521
vn 37.327952 27.775423 -88.516393
vn 37.327952 27.775423 -88.516393
vn 37.327952 27.775423 -88.516393
vn 68.981077 64.108090 -33.641706
vn 68.981077 64.108090 -33.641706
vn 68.981077 64.108090 -33.641706
vn 39.150011 -21.101136 -89.565734
vn 39.150011 -21.101136 -89.565734
vn 39.150011 -21.101136 -89.565734
vn 0.926900 63.381777 77.342694
vn 0.926900 63.381777 77.342694
vn 0.926900 63.381777 77.342694
vn -89.061335 -45.476067 0.083712
vn -89.061335 -45.476067 0.083712
vn -89.061335 -45.476067 0.083712
vn -58.698252 -46.377006 66.360292
vn -58.698252 -46.377006 66.360292
vn -58.698252 -46.377006 66.360292
vn 41.615558 -69.477600 -58.660110
vn 41.615558 -69.477600 -58.660110
vn 41.615558 -69.477600 -58.660110
vn -44.768857 -28.265833 -84.833924
vn -44.768857 -28.265833 -84.833924
vn -44.768857 -28.265833 -84.833924
vn -21.860262 -60.141823 -76.844584
vn -21.860262 -60.141823 -76.844584
vn -21.860262 -60.141823 -76.844584
vn 37.714522 13.599124 -91.611574
vn 37.714522 13.599124 -91.611574
vn 37.714522 13.599124 -91.611574
vn -82.671192 13.857946 -54.529189
vn -82.671192 13.857946 -54.529189
vn -82.671192 13.857946 -54.529189
vn -74.603303 -12.098973 65.482545
vn -74.603303 -12.098973 65.482545
vn -74.603303 -12.098973 65.482545
vn 97.461766 7.546246 21.077468
vn 97.461766 7.546246 21.077468
vn 97.461766 7.546246 21.077468
vn 73.758044 15.115769 65.812340
vn 73.758044 15.115769 65.812340
vn 73.758044 15.115769 65.812340
vn 65.049193 -51.457913 -55.863114
vn 65.049193 -51.457913 -55.863114
vn 65.049193 -51.457913 -55.863114
vn -99.243724 -9.336682 -7.969423
vn -99.243724 -9.336682 -7.969423
vn -99.243724 -9.336682 -7.969423
vn 72.076377 19.791456 -66.432625
vn 72.076377 19.791456 -66.432625
vn 72.076377 19.791456 -66.432625
vn 8.314819 -19.420776 97.743017
vn 8.314819 -19.420776 97.743017
vn 8.314819 -19.420776 97.743017
vn 72.686439 -9.834499 67.970325
vn 72.686439 -9.834499 67.970325
vn 72.686439 -9.834499 67.970325
vn -71.253435 4.440277 -70.023089
vn -71.253435 4.440277 -70.023089
vn -71.253435 4.440277 -70.023089
vn -75.705839 65.277013 2.745742
vn -75.705839 65.277013 2.745742
vn -75.705839 65.277013 2.745742
vn 36.000045 20.732869 90.962337
vn 36.000045 20.732869 90.962337
vn 36.000045 20.732869 90.962337
vn -74.931736 -19.140023 63.394754
vn -74.931736 -19.140023 63.394754
vn -74.931736 -19.140023 63.394754
vn 30.865522 61.873016 72.242999
vn 30.865522 61.873016 72.242999
vn 30.865522 61.873016 72.242999
vn -57.316832 -81.940494 -0.732859
vn -57.316832 -81.940494 -0.732859
vn -57.316832 -81.940494 -0.732859
vn 29.455602 11.695889 -94.845006
vn 29.455602 11.695889 -94.845006
vn 29.455602 11.695889 -94.845006
vn -2.114104 -37.075268 92.849102
vn -2.114104 -37.075268 92.849102
vn -2.114104 -37.075268 92.849102
vn 63.244567 19.030569 -75.086375
vn 63.244567 19.030569 -75.086375
vn 63.244567 19.030569 -75.086375
vn -58.423709 -48.914495 64.761427
vn -58.423709 -48.914495 64.761427
vn -58.423709 -48.914495 64.761427
vn 15.835418 -17.374283 -97.197606
vn 15.835418 -17.374283 -97.197606
vn 15.835418 -17.374283 -97.197606
vn 73.018955 67.589548 9.994286
vn 73.018955 67.589548 9.994286
vn 73.018955 67.589548 9.994286
vn 71.075208 -7.602633 69.932218
vn 71.075208 -7.602633 69.932218
vn 71.075208 -7.602633 69.932218
vn -49.813641 -3.788577 86.627068
vn -49.813641 -3.788577 86.627068
vn -49.813641 -3.788577 86.627068
vn 99.374502 -5.532806 -9.700428
vn 99.374502 -5.532806 -9.700428
vn 99.374502 -5.532806 -9.700428
vn -82.454790 23.056430 51.668268
vn -82.454790 23.056430 51.668268
vn -82.454790 23.056430 51.668268
vn 93.201822 -35.531295 7.137905
vn 93.201822 -35.531295 7.137905
vn 93.201822 -35.531295 7.137905
vn 81.753613 25.409420 51.678902
vn 81.753613 25.409420 51.678902
vn 81.753613 25.409420 51.678902
vn 14.901664 -24.893422 -95.698797
vn 14.901664 -24.893422 -95.698797
vn 14.901664 -24.893422 -95.698797
vn 40.017505 44.953701 -79.860910
vn 40.017505 44.953701 -79.860910
vn 40.017505 44.953701 -79.860910
vn -48.304459 -86.506692 -13.537746
vn -48.304459 -86.506692 -13.537746
vn -48.304459 -86.506692 -13.537746
vn -82.131337 27.288221 -50.097881
vn -82.131337 27.288221 -50.097881
vn -82.131337 27.288221 -50.097881
vn 53.586010 -23.468600 81.103425
vn 53.586010 -23.468600 81.103425
vn 53.586010 -23.468600 81.103425
vn -5.606477 -6.484979 99.631885
vn -5.606477 -6.484979 99.631885
vn -5.606477 -6.484979 99.631885
vn 21.744940 -7.930108 97.284486
vn 21.744940 -7.930108 97.284486
vn 21.744940 -7.930108 97.284486
vn 43.628813 18.630815 -88.030798
vn 43.628813 18.630815 -88.030798
vn 43.628813 18.630815 -88.030798
vn -48.476041 -14.732261 86.215054
vn -48.476041 -14.732261 86.215054
vn -48.476041 -14.732261 86.215054
vn 97.584867 13.629498 17.071363
vn 97.584867 13.629498 17.071363
vn 97.584867 13.629498 17.071363
vn 52.668206 -28.290669 80.160456
vn 52.668206 -28.290669 80.160456
vn 52.668206 -28.290669 80.160456
vn 41.302417 -42.350123 80.626165
vn 41.302417 -42.350123 80.626165
vn 41.302417 -42.350123 80.626165
vn 9.339884 94.996107 -29.807846
vn 9.339884 94.996107 -29.807846
vn 9.339884 94.996107 -29.807846
vn -48.191908 22.404314 -84.708848
vn -48.191908 22.404314 -84.708848
vn -48.191908 22.404314 -84.708848
vn -98.957264 7.853505 12.074033
vn -98.957264 7.853505 12.074033
vn -98.957264 7.853505 12.074033
vn -83.018033 16.587508 -53.224629
vn -83.018033 16.587508 -53.224629
vn -83.018033 16.587508 -53.224629
vn -10.549844 94.653649 -30.485874
vn -10.549844 94.653649 -30.485874
vn -10.549844 94.653649 -30.485874
vn 25.371499 -69.925302 -66.833671
vn 25.371499 -69.925302 -66.833671
vn 25.371499 -69.925302 -66.833671
vn 83.633009 -7.929827 -54.246103
vn 83.633009 -7.929827 -54.246103
vn 83.633009 -7.929827 -54.246103
vn -38.357691 -1.440877 -92.339649
vn -38.357691 -1.440877 -92.339649
vn -38.357691 -1.440877 -92.339649
vn 52.455635 -14.075853 -83.965935
vn 52.455635 -14.075853 -83.965935
vn 52.455635 -14.075853 -83.965935
vn 46.495390 85.553483 22.776791
vn 46.495390 85.553483 22.776791
vn 46.495390 85.553483 22.776791
vn 27.099346 -3.072878 -96.209059
vn 27.099346 -3.072878 -96.209059
vn 27.099346 -3.072878 -96.209059
vn 82.292948 16.770801 54.282698
vn 82.292948 16.770801 54.282698
vn 82.292948 16.770801 54.282698
vn -3.089632 70.199652 -71.150988
vn -3.089632 70.199652 -71.150988
vn -3.089632 70.199652 -71.150988
vn 11.596899 69.828613 -70.636234
vn 11.596899 69.828613 -70.636234
vn 11.596899 69.828613 -70.636234
vn 59.076466 32.545671 -73.829204
vn 59.076466 32.545671 -73.829204
vn 59.076466 32.545671 -73.829204
vn -5.798471 -5.398643 99.685673
vn -5.798471 -5.398643 99.685673
vn -5.798471 -5.398643 99.685673
vn -6.505034 24.022331 -96.853564
vn -6.505034 24.022331 -96.853564
vn -6.505034 24.022331 -96.853564
vn -99.026541 -9.187863 10.456018
vn -99.026541 -9.187863 10.456018
vn -99.026541 -9.187863 10.456018
vn 44.692318 -37.040689 -81.428401
vn 44.692318 -37.040689 -81.428401
vn 44.692318 -37.040689 -81.428401
vn -66.115318 -66.200444 -35.302514
vn -66.115318 -66.200444 -35.302514
vn -66.115318 -66.200444 -35.302514
vn -2.123478 -99.956721 2.036085
vn -2.123478 -99.956721 2.036085
vn -2.123478 -99.956721 2.036085
vn 7.058473 7.709289 -99.452235
vn 7.058473 7.709289 -99.452235
vn 7.058473 7.709289 -99.452235
vn 54.971048 52.043023 65.343006
vn 54.971048 52.043023 65.343006
vn 54.971048 52.043023 65.343006
vn -26.401426 -95.143610 15.832187
vn -26.401426 -95.143610 15.832187
vn -26.401426 -95.143610 15.832187
vn 42.256042 6.272430 90.416163
vn 42.256042 6.272430 90.416163
vn 42.256042 6.272430 90.416163
vn 13.905483 -24.532684 -95.941571
vn 13.905483 -24.532684 -95.941571
vn 13.905483 -24.532684 -95.941571
vn -30.041656 9.317259 -94.924655
vn -30.041656 9.317259 -94.924655
vn -30.041656 9.317259 -94.924655
vn 83.901257 -26.423080 47.564692
vn 83.901257 -26.423080 47.564692
vn 83.901257 -26.423080 47.564692
vn 66.459961 -55.806948 -49.685601
vn 66.459961 -55.806948 -49.685601
vn 66.459961 -55.806948 -49.685601
vn -57.584000 31.376139 75.495849
vn -57.584000 31.376139 75.495849
vn -57.584000 31.376139 75.495849
vn -37.097374 -29.995921 -87.886455
vn -37.097374 -29.995921 -87.886455
vn -37.097374 -29.995921 -87.886455
vn 69.280062 63.002726 35.084617
vn 69.280062 63.002726 35.084617
vn 69.280062 63.002726 35.084617
vn -19.400468 -5.183578 97.963010
vn -19.400468 -5.183578 97.963010
vn -19.400468 -5.183578 97.963010
vn 14.521431 9.793022 98.454178
vn 14.521431 9.793022 98.454178
vn 14.521431 9.793022 98.454178
vn 66.249471 38.799360 -64.075095
vn 66.249471 38.799360 -64.075095
vn 66.249471 38.799360 -64.075095
vn 72.613267 1.454522 68.740086
vn 72.613267 1.454522 68.740086
vn 72.613267 1.454522 68.740086
vn -91.566889 10.823525 38.708612
vn -91.566889 10.823525 38.708612
vn -91.566889 10.823525 38.708612
vn -63.499567 -64.528315 42.472372
vn -63.499567 -64.528315 42.472372
vn -63.499567 -64.528315 42.472372
vn -53.928408 29.549838 -78.857682
vn -53.928408 29.549838 -78.857682
vn -53.928408 29.549838 -78.857682
vn 33.384289 12.229844 93.466149
vn 33.384289 12.229844 93.466149
vn 33.384289 12.229844 93.466149
vn 88.323315 38.988724 26.055193
vn 88.323315 38.988724 26.055193
vn 88.323315 38.988724 26.055193
vn 75.053501 22.980374 -61.958665
vn 75.053501 22.980374 -61.958665
vn 75.053501 22.980374 -61.958665
vn 94.171613 -21.720205 25.689290
vn 94.171613 -21.720205 25.689290
vn 94.171613 -21.720205 25.689290
vn -56.515766 -0.539824 -82.496536
vn -56.515766 -0.539824 -82.496536
vn -56.515766 -0.539824 -82.496536
vn -85.503284 11.636217 50.535005
vn -85.503284 11.636217 50.535005
vn -85.503284 11.636217 50.535005
vn -95.370449 20.462848 22.039717
vn -95.370449 20.462848 22.039717
vn -95.370449 20.462848 22.039717
vn 68.559973 -25.063221 68.347387
vn 68.559973 -25.063221 68.347387
vn 68.559973 -25.063221 68.347387
vn -42.258142 10.901237 -89.974522
vn -42.258142 10.901237 -89.974522
vn -42.258142 10.901237 -89.974522
vn 90.037855 -10.451545 42.236853
vn 90.037855 -10.451545 42.236853
vn 90.037855 -10.451545 42.236853
vn 96.535515 23.569258 11.197524
vn 96.535515 23.569258 11.197524
vn 96.535515 23.569258 11.197524
vn 67.156033 73.960862 -4.456197
vn 67.156033 73.960862 -4.456197
vn 67.156033 73.960862 -4.456197
vn 39.334575 71.767634 -57.464754
vn 39.334575 71.767634 -57.464754
vn 39.334575 71.767634 -57.464754
vn -6.560596 -91.654067 -39.452388
vn -6.560596 -91.654067 -39.452388
vn -6.560596 -91.654067 -39.452388
vn -11.070868 30.599451 -94.557438
vn -11.070868 30.599451 -94.557438
vn -11.070868 30.599451 -94.557438
vn 55.854150 36.773154 -74.350858
vn 55.854150 36.773154 -74.350858
vn 55.854150 36.773154 -74.350858
vn 88.928855 32.571994 32.104898
vn 88.928855 32.571994 32.104898
vn 88.928855 32.571994 32.104898
vn -10.672093 -41.553541 90.329454
vn -10.672093 -41.553541 90.329454
vn -10.672093 -41.553541 90.329454
vn -83.845500 -30.750867 -44.992424
vn -83.845500 -30.750867 -44.992424
vn -83.845500 -30.750867 -44.992424
vn 14.953530 -29.669042 -94.319357
vn 14.953530 -29.669042 -94.319357
vn 14.953530 -29.669042 -94.319357
vn 22.770989 -61.445408 -75.537709
vn 22.770989 -61.445408 -75.537709
vn 22.770989 -61.445408 -75.537709
vn 39.493419 60.238018 69.366067
vn 39.493419 60.238018 69.366067
vn 39.493419 60.238018 69.366067
vn 73.130962 46.703657 49.705442
vn 73.130962 46.703657 49.705442
vn 73.130962 46.703657 49.705442
vn -95.639189 3.607727 28.985030
vn -95.639189 3.607727 28.985030
vn -95.639189 3.607727 28.985030
vn -77.452430 -40.837605 48.305400
vn -77.452430 -40.837605 48.305400
vn -77.452430 -40.837605 48.305400
vn 59.783399 16.560377 -78.432780
vn 59.783399 16.560377 -78.432780
vn 59.783399 16.560377 -78.432780
vn 53.294517 13.805852 83.481102
vn 53.294517 13.805852 83.481102
vn 53.294517 13.805852 83.481102
vn 79.145967 22.216332 56.941651
vn 79.145967 22.216332 56.941651
vn 79.145967 22.216332 56.941651
vn 38.132925 10.489630 -91.846881
vn 38.132925 10.489630 -91.846881
vn 38.132925 10.489630 -91.846881
vn -94.133836 -23.491863 24.227134
vn -94.133836 -23.491863 24.227134
vn -94.133836 -23.491863 24.227134
vn 83.990167 -27.662371 -46.695239
vn 83.990167 -27.662371 -46.695239
vn 83.990167 -27.662371 -46.695239
vn -82.125466 6.634744 -56.669127
vn -82.125466 6.634744 -56.669127
vn -82.125466 6.634744 -56.669127
vn 88.314724 30.311025 -35.801555
vn 88.314724 30.311025 -35.801555
vn 88.314724 30.311025 -35.801555
vn 84.276090 -37.931242 -38.193753
vn 84.276090 -37.931242 -38.193753
vn 84.276090 -37.931242 -38.193753
vn 14.810958 12.887781 -98.053772
vn 14.810958 12.887781 -98.053772
vn 14.810958 12.887781 -98.053772
vn 94.271030 -29.706765 15.181634
vn 94.271030 -29.706765 15.181634
vn 94.271030 -29.706765 15.181634
vn -84.904559 -52.721587 3.413219
vn -84.904559 -52.721587 3.413219
vn -84.904559 -52.721587 3.413219
vn 94.341914 1.028748 -33.144315
vn 94.341914 1.028748 -33.144315
vn 94.341914 1.028748 -33.144315
vn 21.472782 -44.480495 -86.950599
vn 21.472782 -44.480495 -86.950599
vn 21.472782 -44.480495 -86.950599
vn 11.399933 -92.655028 35.848133
vn 11.399933 -92.655028 35.848133
vn 11.399933 -92.655028 35.848133
vn 32.582736 -64.758393 68.881901
vn 32.582736 -64.758393 68.881901
vn 32.582736 -64.758393 68.881901
vn 16.098833 17.929091 97.053470
vn 16.098833 17.929091 97.053470
vn 16.098833 17.929091 97.053470
vn -74.540318 -14.548071 -65.054562
vn -74.540318 -14.548071 -65.054562
vn -74.540318 -14.548071 -65.054562
vn 63.557638 9.884388 76.568446
vn 63.557638 9.884388 76.568446
vn 63.557638 9.884388 76.568446
vn -95.848926 22.583668 17.405823
vn -95.848926 22.583668 17.405823
vn -95.848926 22.583668 17.405823
vn 38.590837 79.191247 47.323293
vn 38.590837 79.191247 47.323293
vn 38.590837 79.191247 47.323293
vn -88.599945 40.694828 -22.225697
vn -88.599945 40.694828 -22.225697
vn -88.599945 40.694828 -22.225697
vn 15.873562 95.507670 -25.026294
vn 15.873562 95.507670 -25.026294
vn 15.873562 95.507670 -25.026294
vn 28.026577 -28.862173 91.550463
vn 28.026577 -28.862173 91.550463
vn 28.026577 -28.862173 91.550463
vn 24.479167 72.970889 63.843724
vn 24.479167 72.970889 63.843724
vn 24.479167 72.970889 63.843724
vn -48.840702 28.182314 -82.585368
vn -48.840702 28.182314 -82.585368
vn -48.840702 28.182314 -82.585368
vn 78.546517 -8.015572 -61.369340
vn 78.546517 -8.015572 -61.369340
vn 78.546517 -8.015572 -61.369340
vn -57.862969 69.152340 -43.241531
vn -57.862969 69.152340 -43.241531
vn -57.862969 69.152340 -43.241531
vn -44.525505 -21.679490 86.876239
vn -44.525505 -21.679490 86.876239
vn -44.525505 -21.679490 86.876239
vn -83.314685 2.394582 -55.253319
vn -83.314685 2.394582 -55.253319
vn -83.314685 2.394582 -55.253319
vn 96.756503 25.123065 2.647996
vn 96.756503 25.123065 2.647996
vn 96.756503 25.123065 2.647996
vn -96.281461 -16.556447 -21.348649
vn -96.281461 -16.556447 -21.348649
vn -96.281461 -16.556447 -21.348649
vn 33.372885 92.719429 -17.010550
vn 33.372885 92.719429 -17.010550
vn 33.372885 92.719429 -17.010550
vn -28.373908 -19.010515 -93.986820
vn -28.373908 -19.010515 -93.986820
vn -28.373908 -19.010515 -93.986820
vn 86.167794 10.122991 -49.725614
vn 86.167794 10.122991 -49.725614
vn 86.167794 10.122991 -49.725614
vn -85.663028 -8.412330 50.902639
vn -85.663028 -8.412330 50.902639
vn -85.663028 -8.412330 50.902639
vn 82.138925 -1.001330 -57.028015
vn 82.138925 -1.001330 -57.028015
vn 82.138925 -1.001330 -57.028015
vn 95.112998 -12.317048 28.316249
vn 95.112998 -12.317048 28.316249
vn 95.112998 -12.317048 28.316249
vn -65.288586 62.518517 -42.764908
vn -65.288586 62.518517 -42.764908
vn -65.288586 62.518517 -42.764908
vn 8.881157 41.219517 -90.675670
vn 8.881157 41.219517 -90.675670
vn 8.881157 41.219517 -90.675670
vn 95.171711 -29.621175 -8.058013
vn 95.171711 -29.621175 -8.058013
vn 95.171711 -29.621175 -8.058013
vn -89.475814 -20.486034 39.678726
vn -89.475814 -20.486034 39.678726
vn -89.475814 -20.486034 39.678726
vn -25.462382 17.056163 95.188000
vn -25.462382 17.056163 95.188000
vn -25.462382 17.056163 95.188000
vn 89.338295 -8.870349 -44.045300
vn 89.338295 -8.870349 -44.045300
vn 89.338295 -8.870349 -44.045300
vn 31.816456 15.265803 -93.566380
vn 31.816456 15.265803 -93.566380
vn 31.816456 15.265803 -93.566380
vn 82.196489 -20.309378 53.209651
vn 82.196489 -20.309378 53.209651
vn 82.196489 -20.309378 53.209651
vn 36.095343 -84.391994 -39.687746
vn 36.095343 -84.391994 -39.687746
vn 36.095343 -84.391994 -39.687746
vn -27.160999 -96.172284 3.629398
vn -27.160999 -96.172284 3.629398
vn -27.160999 -96.172284 3.629398
vn -17.484201 -96.724634 -18.402411
vn -17.484201 -96.724634 -18.402411
vn -17.484201 -96.724634 -18.402411
vn 0.769564 -1.538108 99.985218
vn 0.769564 -1.538108 99.985218
vn 0.769564 -1.538108 99.985218
vn -99.034901 7.035022 -11.941480
vn -99.034901 7.035022 -11.941480
vn -99.034901 7.035022 -11.941480
vn 79.038680 -52.309076 31.884905
vn 79.038680 -52.309076 31.884905
vn 79.038680 -52.309076 31.884905
vn -66.099321 19.604377 72.433074
vn -66.099321 19.604377 72.433074
vn -66.099321 19.604377 72.433074
vn -70.580445 -51.936915 -48.176339
vn -70.580445 -51.936915 -48.176339
vn -70.580445 -51.936915 -48.176339
vn 85.050163 -52.016452 -7.794883
vn 85.050163 -52.016452 -7.794883
vn 85.050163 -52.016452 -7.794883
vn -78.706849 15.753983 -59.640966
vn -78.706849 15.753983 -59.640966
vn -78.706849 15.753983 -59.640966
vn -25.372176 28.694297 92.373645
vn -25.372176 28.694297 92.373645
vn -25.372176 28.694297 92.373645
vn 90.494425 -40.261183 13.776721
vn 90.494425 -40.261183 13.776721
vn 90.494425 -40.261183 13.776721
vn -95.701949 24.184258 -16.008101
vn -95.701949 24.184258 -16.008101
vn -95.701949 24.184258 -16.008101
vn 88.925240 -24.174896 38.831389
vn 88.925240 -24.174896 38.831389
vn 88.925240 -24.174896 38.831389
vn -13.505429 11.862241 -98.371193
vn -13.505429 11.862241 -98.371193
vn -13.505429 11.862241 -98.371193
vn -74.666656 49.488328 -44.449951
vn -74.666656 49.488328 -44.449951
vn -74.666656 49.488328 -44.449951
vn 47.301110 61.923435 62.674504
vn 47.301110 61.923435 62.674504
vn 47.301110 61.923435 62.674504
vn 53.244474 32.051288 78.343731
vn 53.244474 32.051288 78.343731
vn 53.244474 32.051288 78.343731
vn -98.824600 -7.475802 13.334597
vn -98.824600 -7.475802 13.334597
vn -98.824600 -7.475802 13.334597
vn -7.063880 -26.997983 96.027146
vn -7.063880 -26.997983 96.027146
vn -7.063880 -26.997983 96.027146
vn -68.973166 -60.953353 39.081841
vn -68.973166 -60.953353 39.081841
vn -68.973166 -60.953353 39.081841
vn -26.005817 29.745052 -91.863650
vn -26.005817 29.745052 -91.863650
vn -26.005817 29.745052 -91.863650
vn -49.006869 5.186496 -87.013953
vn -49.006869 5.186496 -87.013953
vn -49.006869 5.186496 -87.013953
vn -78.418493 4.274927 -61.905306
vn -78.418493 4.274927 -61.905306
vn -78.418493 4.274927 -61.905306
vn -76.862089 54.297189 -33.823590
vn -76.862089 54.297189 -33.823590
vn -76.862089 54.297189 -33.823590
vn -92.311886 1.063737 38.436770
vn -92.311886 1.063737 38.436770
vn -92.311886 1.063737 38.436770
vn -91.352330 -11.754284 -38.943401
vn -91.352330 -11.754284 -38.943401
vn -91.352330 -11.754284 -38.943401
vn -73.672346 -26.853983 -62.058445
vn -73.672346 -26.853983 -62.058445
vn -73.672346 -26.853983 -62.058445
vn -83.994612 -4.405011 -54.087917
vn -83.994612 -4.405011 -54.087917
vn -83.994612 -4.405011 -54.087917
vn -15.956576 74.728449 -64.506173
vn -15.956576 74.728449 -64.506173
vn -15.956576 74.728449 -64.506173
vn -71.757067 -69.352082 6.419747
vn -71.757067 -69.352082 6.419747
vn -71.757067 -69.352082 6.419747
vn 9.472725 -99.221516 8.084477
vn 9.472725 -99.221516 8.084477
vn 9.472725 -99.221516 8.084477
vn 94.821344 -5.851829 -31.219710
vn 94.821344 -5.851829 -31.219710
vn 94.821344 -5.851829 -31.219710
vn -63.669229 -27.298756 -72.118010
vn -63.669229 -27.298756 -72.118010
vn -63.669229 -27.298756 -72.118010
vn 29.474463 -30.502534 90.558554
vn 29.474463 -30.502534 90.558554
vn 29.474463 -30.502534 90.558554
vn -78.368453 -15.164048 60.236513
vn -78.368453 -15.164048 60.236513
vn -78.368453 -15.164048 60.236513
vn 67.654690 -7.723963 -73.233759
vn 67.654690 -7.723963 -73.233759
vn 67.654690 -7.723963 -73.233759
vn 14.508426 18.803501 97.138743
vn 14.508426 18.803501 97.138743
vn 14.508426 18.803501 97.138743
vn -63.631610 -71.271984 29.518188
vn -63.631610 -71.271984 29.518188
vn -63.631610 -71.271984 29.518188
vn -73.655279 -14.820266 -65.994390
vn -73.655279 -14.820266 -65.994390
vn -73.655279 -14.820266 -65.994390
vn 1.855244 20.111035 97.939301
vn 1.855244 20.111035 97.939301
vn 1.855244 20.111035 97.939301
vn -12.800927 -10.414791 98.628941
vn -12.800927 -10.414791 98.628941
vn -12.800927 -10.414791 98.628941
vn 13.546924 50.102212 -85.476597
vn 13.546924 50.102212 -85.476597
vn 13.546924 50.102212 -85.476597
vn 80.540209 25.283207 -53.610033
vn 80.540209 25.283207 -53.610033
vn 80.540209 25.283207 -53.610033
vn -90.338874 27.469466 -32.928959
vn -90.338874 27.469466 -32.928959
vn -90.338874 27.469466 -32.928959
vn 96.259049 25.214421 9.921193
vn 96.259049 25.214421 9.921193
vn 96.259049 25.214421 9.921193
vn 91.298370 -25.997459 -31.444244
vn 91.298370 -25.997459 -31.444244
vn 91.298370 -25.997459 -31.444244
vn 8.240924 15.335227 -98.472938
vn 8.240924 15.335227 -98.472938
vn 8.240924 15.335227 -98.472938
vn 32.395879 -1.644861 94.592832
vn 32.395879 -1.644861 94.592832
vn 32.395879 -1.644861 94.592832
vn 66.343800 -20.825387 71.866576
vn 66.343800 -20.825387 71.866576
vn 66.343800 -20.825387 71.866576
vn 90.447458 9.097111 41.671342
vn 90.447458 9.097111 41.671342
vn 90.447458 9.097111 41.671342
vn -70.527266 69.747957 12.693588
vn -70.527266 69.747957 12.693588
vn -70.527266 69.747957 12.693588
vn 63.017945 -20.621583 74.856468
vn 63.017945 -20.621583 74.856468
vn 63.017945 -20.621583 74.856468
vn 23.548635 16.881113 -95.710450
vn 23.548635 16.881113 -95.710450
vn 23.548635 16.881113 -95.710450
vn 62.835154 -4.128163 77.683342
vn 62.835154 -4.128163 77.683342
vn 62.835154 -4.128163 77.683342
vn 90.469130 4.960060 42.317079
vn 90.469130 4.960060 42.317079
vn 90.469130 4.960060 42.317079
vn 47.597711 -87.298812 -10.647826
vn 47.597711 -87.298812 -10.647826
vn 47.597711 -87.298812 -10.647826
vn 94.023900 -17.253138 29.357054
vn 94.023900 -17.253138 29.357054
vn 94.023900 -17.253138 29.357054
vn -86.220292 -14.218044 48.620064
vn -86.220292 -14.218044 48.620064
vn -86.220292 -14.218044 48.620064
vn 79.765283 28.554065 -53.124058
vn 79.765283 28.554065 -53.124058
vn 79.765283 28.554065 -53.124058
vn -51.796737 0.957305 -85.534679
vn -51.796737 0.957305 -85.534679
vn -51.796737 0.957305 -85.534679
vn 76.298049 -35.100565 54.282222
vn 76.298049 -35.100565 54.282222
vn 76.298049 -35.100565 54.282222
vn -0.208372 -63.004414 -77.655651
vn -0.208372 -63.004414 -77.655651
vn -0.208372 -63.004414 -77.655651
vn -27.336351 -7.168515 95.923603
vn -27.336351 -7.168515 95.923603
vn -27.336351 -7.168515 95.923603
vn -29.074985 -9.516928 95.205430
vn -29.074985 -9.516928 95.205430
vn -29.074985 -9.516928 95.205430
vn 36.674989 56.343284 74.029586
vn 36.674989 56.343284 74.029586
vn 36.674989 56.343284 74.029586
vn 97.254477 22.674354 5.238404
vn 97.254477 22.674354 5.238404
vn 97.254477 22.674354 5.238404
vn 80.924950 -50.910631 29.313168
vn 80.924950 -50.910631 29.313168
vn 80.924950 -50.910631 29.313168
vn 84.607082 -7.709065 52.746691
vn 84.607082 -7.709065 52.746691
vn 84.607082 -7.709065 52.746691
vn -38.278507 4.070168 92.294044
vn -38.278507 4.070168 92.294044
vn -38.278507 4.070168 92.294044
vn -80.691218 12.954466 -57.629082
vn -80.691218 12.954466 -57.629082
vn -80.691218 12.954466 -57.629082
vn -84.860073 47.961027 -22.327303
vn -84.860073 47.961027 -22.327303
vn -84.860073 47.961027 -22.327303
vn -86.833574 -48.825490 -8.717927
vn -86.833574 -48.825490 -8.717927
vn -86.833574 -48.825490 -8.717927
vn 59.676817 -1.572391 80.225972
vn 59.676817 -1.572391 80.225972
vn 59.676817 -1.572391 80.225972
vn 61.961300 64.524161 -44.692630
vn 61.961300 64.524161 -44.692630
vn 61.961300 64.524161 -44.692630
vn 4.398701 93.065219 36.325161
vn 4.398701 93.065219 36.325161
vn 4.398701 93.065219 36.325161
vn 0.609630 -97.199058 -23.494070
vn 0.609630 -97.199058 -23.494070
vn 0.609630 -97.199058 -23.494070
vn 71.341793 -0.266149 -70.073375
vn 71.341793 -0.266149 -70.073375
vn 71.341793 -0.266149 -70.073375
vn -4.465438 9.731052 99.425190
vn -4.465438 9.731052 99.425190
vn -4.465438 9.731052 99.425190
vn -89.651866 37.160107 24.117843
vn -89.651866 37.160107 24.117843
vn -89.651866 37.160107 24.117843
vn -50.508352 8.368820 -85.900355
vn -50.508352 8.368820 -85.900355
vn -50.508352 8.368820 -85.900355
vn 85.105748 2.953252 52.424128
vn 85.105748 2.953252 52.424128
vn 85.105748 2.953252 52.424128
vn -44.603908 -79.916214 40.297535
vn -44.603908 -79.916214 40.297535
vn -44.603908 -79.916214 40.297535
vn 74.145967 12.377315 65.948299
vn 74.145967 12.377315 65.948299
vn 74.145967 12.377315 65.948299
vn -93.622654 -32.347313 13.727700
vn -93.622654 -32.347313 13.727700
vn -93.622654 -32.347313 13.727700
vn -40.366338 -37.937314 83.254549
vn -40.366338 -37.937314 83.254549
vn -40.366338 -37.937314 83.254549
vn 17.739422 4.952342 -98.289308
vn 17.739422 4.952342 -98.289308
vn 17.739422 4.952342 -98.289308
vn 81.251260 54.943738 -19.478665
vn 81.251260 54.943738 -19.478665
vn 81.251260 54.943738 -19.478665
vn -21.435352 54.536598 81.032630
vn -21.435352 54.536598 81.032630
vn -21.435352 54.536598 81.032630
vn -82.132112 -39.963139 40.709535
vn -82.132112 -39.963139 40.709535
vn -82.132112 -39.963139 40.709535
vn -38.156151 -15.407940 -91.141128
vn -38.156151 -15.407940 -91.141128
vn -38.156151 -15.407940 -91.141128
vn -56.626661 52.333484 -63.675974
vn -56.626661 52.333484 -63.675974
vn -56.626661 52.333484 -63.675974
vn -33.867951 -75.538776 -56.096857
vn -33.867951 -75.538776 -56.096857
vn -33.867951 -75.538776 -56.096857
vn 95.473347 -10.109768 -27.975614
vn 95.473347 -10.109768 -27.975614
vn 95.473347 -10.109768 -27.975614
vn -92.523143 -10.402977 36.486249
vn -92.523143 -10.402977 36.486249
vn -92.523143 -10.402977 36.486249
vn -33.725341 54.112891 -77.035034
vn -33.725341 54.112891 -77.035034
vn -33.725341 54.112891 -77.035034
vn 36.218165 8.799081 92.794509
vn 36.218165 8.799081 92.794509
vn 36.218165 8.799081 92.794509
vn -64.568018 -51.005640 -56.827782
vn -64.568018 -51.005640 -56.827782
vn -64.568018 -51.005640 -56.827782
vn -89.412430 31.026567 -32.291968
vn -89.412430 31.026567 -32.291968
vn -89.412430 31.026567 -32.291968
vn 66.650156 -71.401915 21.436478
vn 66.650156 -71.401915 21.436478
vn 66.650156 -71.401915 21.436478
vn -2.221218 -13.433744 -99.068672
vn -2.221218 -13.433744 -99.068672
vn -2.221218 -13.433744 -99.068672
vn 62.756400 2.161681 77.826488
vn 62.756400 2.161681 77.826488
vn 62.756400 2.161681 77.826488
vn -19.071081 84.757652 -49.522060
vn -19.071081 84.757652 -49.522060
vn -19.071081 84.757652 -49.522060
vn -50.327016 2.193599 -86.385069
vn -50.327016 2.193599 -86.385069
vn -50.327016 2.193599 -86.385069
vn 96.913453 -6.567501 -23.762395
vn 96.913453 -6.567501 -23.762395
vn 96.913453 -6.567501 -23.762395
vn -77.839495 -58.663383 -22.352209
vn -77.839495 -58.663383 -22.352209
vn -77.839495 -58.663383 -22.352209
vn 20.426436 19.926822 95.841964
vn 20.426436 19.926822 95.841964
vn 20.426436 19.926822 95.841964
vn 92.131233 -31.793580 22.383147
vn 92.131233 -31.793580 22.383147
vn 92.131233 -31.793580 22.383147
vn -41.450618 -54.592932 72.811123
vn -41.450618 -54.592932 72.811123
vn -41.450618 -54.592932 72.811123
vn 94.533012 20.697409 -25.201741
vn 94.533012 20.697409 -25.201741
vn 94.533012 20.697409 -25.201741
vn 68.737124 -21.780941 69.287812
vn 68.737124 -21.780941 69.287812
vn 68.737124 -21.780941 69.287812
vn 11.136347 67.162670 -73.247245
vn 11.136347 67.162670 -73.247245
vn 11.136347 67.162670 -73.247245
vn 21.665681 16.587004 96.205352
vn 21.665681 16.587004 96.205352
vn 21.665681 16.587004 96.205352
vn -97.817931 -0.990790 -20.752630
vn -97.817931 -0.990790 -20.752630
vn -97.817931 -0.990790 -20.752630
vn 7.753218 -43.049921 -89.925488
vn 7.753218 -43.049921 -89.925488
vn 7.753218 -43.049921 -89.925488
vn -26.112215 96.514333 -1.771221
vn -26.112215 96.514333 -1.771221
vn -26.112215 96.514333 -1.771221
vn 8.430817 -23.939740 96.725438
vn 8.430817 -23.939740 96.725438
vn 8.430817 -23.939740 96.725438
vn 18.257102 -19.516477 -96.362782
vn 18.257102 -19.516477 -96.362782
vn 18.257102 -19.516477 -96.362782
vn 67.197216 -6.854446 73.739747
vn 67.197216 -6.854446 73.739747
vn 67.197216 -6.854446 73.739747
vn 92.103450 -29.454833 -25.482684
vn 92.103450 -29.454833 -25.482684
vn 92.103450 -29.454833 -25.482684
vn 15.006178 -4.689047 98.756406
vn 15.006178 -4.689047 98.756406
vn 15.006178 -4.689047 98.756406
vn 97.849125 -4.432346 -20.147049
vn 97.849125 -4.432346 -20.147049
vn 97.849125 -4.432346 -20.147049
vn -51.380792 5.140248 -85.636406
vn -51.380792 5.140248 -85.636406
vn -51.380792 5.140248 -85.636406
vn 92.682114 -0.796987 -37.541869
vn 92.682114 -0.796987 -37.541869
vn 92.682114 -0.796987 -37.541869
vn -79.869476 40.118883 -44.848007
vn -79.869476 40.118883 -44.848007
vn -79.869476 40.118883 -44.848007
vn -69.949872 -34.127476 62.787990
vn -69.949872 -34.127476 62.787990
vn -69.949872 -34.127476 62.787990
vn 91.645477 37.616485 13.642092
vn 91.645477 37.616485 13.642092
vn 91.645477 37.616485 13.642092
vn 85.458588 46.913209 22.270632
vn 85.458588 46.913209 22.270632
vn 85.458588 46.913209 22.270632
vn -81.727852 52.867052 -22.926699
vn -81.727852 52.867052 -22.926699
vn -81.727852 52.867052 -22.926699
vn -86.103522 -0.162275 50.854279
vn -86.103522 -0.162275 50.854279
vn -86.103522 -0.162275 50.854279
vn 2.988369 -12.496590 99.171099
vn 2.988369 -12.496590 99.171099
vn 2.988369 -12.496590 99.171099
vn -50.375871 7.252769 -86.079435
vn -50.375871 7.252769 -86.079435
vn -50.375871 7.252769 -86.079435
vn -0.656988 -75.566580 65.492449
vn -0.656988 -75.566580 65.492449
vn -0.656988 -75.566580 65.492449
vn -29.347393 80.373746 51.757034
vn -29.347393 80.373746 51.757034
vn -29.347393 80.373746 51.757034
vn 14.584394 -44.527355 88.343711
vn 14.584394 -44.527355 88.343711
vn 14.584394 -44.527355 88.343711
vn 46.639375 11.154905 87.751572
vn 46.639375 11.154905 87.751572
vn 46.639375 11.154905 87.751572
vn -92.594131 24.043752 -29.124324
vn -92.594131 24.043752 -29.124324
vn -92.594131 24.043752 -29.124324
vn -29.326849 -14.400211 -94.512283
vn -29.326849 -14.400211 -94.512283
vn -29.326849 -14.400211 -94.512283
vn 90.812310 -17.381441 -38.092117
vn 90.812310 -17.381441 -38.092117
vn 90.812310 -17.381441 -38.092117
vn 44.010992 -15.926995 -88.370601
vn 44.010992 -15.926995 -88.370601
vn 44.010992 -15.926995 -88.370601
vn -52.455913 13.476810 84.063994
vn -52.455913 13.476810 84.063994
vn -52.455913 13.476810 84.063994
vn 75.476844 -58.967110 -28.742413
vn 75.476844 -58.967110 -28.742413
vn 75.476844 -58.967110 -28.742413
vn 11.158355 -3.100341 -99.327144
vn 11.158355 -3.100341 -99.327144
vn 11.158355 -3.100341 -99.327144
vn 69.963695 44.353806 -56.016265
vn 69.963695 44.353806 -56.016265
vn 69.963695 44.353806 -56.016265
vn -84.584201 31.227838 43.247390
vn -84.584201 31.227838 43.247390
vn -84.584201 31.227838 43.247390
vn -69.395363 71.420463 9.132458
vn -69.395363 71.420463 9.132458
vn -69.395363 71.420463 9.132458
vn -98.382676 -4.011211 -17.457374
vn -98.382676 -4.011211 -17.457374
vn -98.382676 -4.011211 -17.457374
vn 19.472871 13.133319 97.202486
vn 19.472871 13.133319 97.202486
vn 19.472871 13.133319 97.202486
vn -97.649099 15.291129 15.193261
vn -97.649099 15.291129 15.193261
vn -97.649099 15.291129 15.193261
vn -54.657624 -36.177309 -75.523165
vn -54.657624 -36.177309 -75.523165
vn -54.657624 -36.177309 -75.523165
vn -80.057988 -30.544947 51.553138
vn -80.057988 -30.544947 51.553138
vn -80.057988 -30.544947 51.553138
vn 64.319850 -12.332808 75.570236
vn 64.319850 -12.332808 75.570236
vn 64.319850 -12.332808 75.570236
vn 99.847487 -1.829501 5.209023
vn 99.847487 -1.829501 5.209023
vn 99.847487 -1.829501 5.209023
vn 79.474512 16.261344 58.475398
vn 79.474512 16.261344 58.475398
vn 79.474512 16.261344 58.475398
vn 88.551224 4.439340 -46.249045
vn 88.551224 4.439340 -46.249045
vn 88.551224 4.439340 -46.249045
vn 80.538412 27.874948 -52.312059
vn 80.538412 27.874948 -52.312059
vn 80.538412 27.874948 -52.312059
vn 82.992442 49.447895 -25.829457
vn 82.992442 49.447895 -25.829457
vn 82.992442 49.447895 -25.829457
vn 97.666684 -16.219933 14.076013
vn 97.666684 -16.219933 14.076013
vn 97.666684 -16.219933 14.076013
vn -88.945969 -23.261255 -39.338644
vn -88.945969 -23.261255 -39.338644
vn -88.945969 -23.261255 -39.338644
vn 92.588327 -34.373972 -15.679018
vn 92.588327 -34.373972 -15.679018
vn 92.588327 -34.373972 -15.679018
vn -67.755580 -58.798729 44.180220
vn -67.755580 -58.798729 44.180220
vn -67.755580 -58.798729 44.180220
vn -97.598965 -20.754901 -6.608742
vn -97.598965 -20.754901 -6.608742
vn -97.598965 -20.754901 -6.608742
vn -97.434843 -3.778132 22.185063
vn -97.434843 -3.778132 22.185063
vn -97.434843 -3.778132 22.185063
vn -95.360124 -26.030341 15.128421
vn -95.360124 -26.030341 15.128421
vn -95.360124 -26.030341 15.128421
vn -78.337490 -6.182987 61.846657
vn -78.337490 -6.182987 61.846657
vn -78.337490 -6.182987 61.846657
vn -92.277373 6.915740 37.908591
vn -92.277373 6.915740 37.908591
vn -92.277373 6.915740 37.908591
vn -16.314465 82.378401 -54.292169
vn -16.314465 82.378401 -54.292169
vn -16.314465 82.378401 -54.292169
vn 97.587171 19.429525 -9.961871
vn 97.587171 19.429525 -9.961871
vn 97.587171 19.429525 -9.961871
vn 97.524583 17.974932 -12.878572
vn 97.524583 17.974932 -12.878572
vn 97.524583 17.974932 -12.878572
vn 55.936568 79.682091 22.844352
vn 55.936568 79.682091 22.844352
vn 55.936568 79.682091 22.844352
vn -71.444870 -28.520375 63.892241
vn -71.444870 -28.520375 63.892241
vn -71.444870 -28.520375 63.892241
vn -60.092027 -9.248117 79.394085
vn -60.092027 -9.248117 79.394085
vn -60.092027 -9.248117 79.394085
vn 52.262419 -27.055049 -80.849648
vn 52.262419 -27.055049 -80.849648
vn 52.262419 -27.055049 -80.849648
vn -39.701699 -5.434466 -91.620100
vn -39.701699 -5.434466 -91.620100
vn -39.701699 -5.434466 -91.620100
vn -41.296901 -59.116360 -69.280756
vn -41.296901 -59.116360 -69.280756
vn -41.296901 -59.116360 -69.280756
vn -21.302673 -44.911745 -86.770571
vn -21.302673 -44.911745 -86.770571
vn -21.302673 -44.911745 -86.770571
vn 4.886880 -32.398659 94.479876
vn 4.886880 -32.398659 94.479876
vn 4.886880 -32.398659 94.479876
vn -51.515151 -29.774555 -80.372041
vn -51.515151 -29.774555 -80.372041
vn -51.515151 -29.774555 -80.372041
vn -89.645085 15.348866 41.571307
vn -89.645085 15.348866 41.571307
vn -89.645085 15.348866 41.571307
vn -90.509636 -0.938061 42.510314
vn -90.509636 -0.938061 42.510314
vn -90.509636 -0.938061 42.510314
vn -57.798883 -66.571435 -47.196762
vn -57.798883 -66.571435 -47.196762
vn -57.798883 -66.571435 -47.196762
vn -30.972569 0.496056 95.081301
vn -30.972569 0.496056 95.081301
vn -30.972569 0.496056 95.081301
vn 76.949488 63.347957 8.112541
vn 76.949488 63.347957 8.112541
vn 76.949488 63.347957 8.112541
vn -40.234835 20.219285 -89.287968
vn -40.234835 20.219285 -89.287968
vn -40.234835 20.219285 -89.287968
vn 25.296175 -3.528491 96.683270
vn 25.296175 -3.528491 96.683270
vn 25.296175 -3.528491 96.683270
vn 32.810908 -49.851154 -80.239066
vn 32.810908 -49.851154 -80.239066
vn 32.810908 -49.851154 -80.239066
vn 53.034279 -6.207872 84.550743
vn 53.034279 -6.207872 84.550743
vn 53.034279 -6.207872 84.550743
vn -88.960369 -32.002120 -32.587057
vn -88.960369 -32.002120 -32.587057
vn -88.960369 -32.002120 -32.587057
vn 99.571608 5.296349 -7.579248
vn 99.571608 5.296349 -7.579248
vn 99.571608 5.296349 -7.579248
vn 69.432757 -65.236780 30.385110
vn 69.432757 -65.236780 30.385110
vn 69.432757 -65.236780 30.385110
vn 99.149028 -10.167439 8.129879
vn 99.149028 -10.167439 8.129879
vn 99.149028 -10.167439 8.129879
vn 39.718204 71.654814 -57.341543
vn 39.718204 71.654814 -57.341543
vn 39.718204 71.654814 -57.341543
vn -85.458046 15.071982 49.696667
vn -85.458046 15.071982 49.696667
vn -85.458046 15.071982 49.696667
vn 74.168009 -51.386829 -43.110339
vn 74.168009 -51.386829 -43.110339
vn 74.168009 -51.386829 -43.110339
vn 68.053295 64.958939 33.898151
vn 68.053295 64.958939 33.898151
vn 68.053295 64.958939 33.898151
vn 15.389221 89.707784 41.420849
vn 15.389221 89.707784 41.420849
vn 15.389221 89.707784 41.420849
vn 7.016436 -39.650741 91.534628
vn 7.016436 -39.650741 91.534628
vn 7.016436 -39.650741 91.534628
vn -32.425030 -71.067065 62.434683
vn -32.425030 -71.067065 62.434683
vn -32.425030 -71.067065 62.434683
vn 8.707378 -26.121321 96.134583
vn 8.707378 -26.121321 96.134583
vn 8.707378 -26.121321 96.134583
vn 50.130544 -5.311005 86.363897
vn 50.130544 -5.311005 86.363897
vn 50.130544 -5.311005 86.363897
vn 63.602968 -24.792708 73.075197
vn 63.602968 -24.792708 73.075197
vn 63.602968 -24.792708 73.075197
vn 36.963776 -41.242174 83.263216
vn 36.963776 -41.242174 83.263216
vn 36.963776 -41.242174 83.263216
vn -49.789723 -31.935343 80.629512
vn -49.789723 -31.935343 80.629512
vn -49.789723 -31.935343 80.629512
vn -24.993907 -27.490172 -92.841778
vn -24.993907 -27.490172 -92.841778
vn -24.993907 -27.490172 -92.841778
vn 27.005219 21.486960 -93.856428
vn 27.005219 21.486960 -93.856428
vn 27.005219 21.486960 -93.856428
vn 36.007262 4.842647 -93.166664
vn 36.007262 4.842647 -93.166664
vn 36.007262 4.842647 -93.166664
vn 14.622536 9.542676 -98.463794
vn 14.622536 9.542676 -98.463794
vn 14.622536 9.542676 -98.463794
vn -69.175046 -22.194750 68.718324
vn -69.175046 -22.194750 68.718324
vn -69.175046 -22.194750 68.718324
vn 70.534767 38.933512 59.237050
vn 70.534767 38.933512 59.237050
vn 70.534767 38.933512 59.237050
vn -74.191494 -26.830380 61.447156
vn -74.191494 -26.830380 61.447156
vn -74.191494 -26.830380 61.447156
vn -49.047020 -16.164201 -85.633574
vn -49.047020 -16.164201 -85.633574
vn -49.047020 -16.164201 -85.633574
vn -99.690519 7.855075 -0.315140
vn -99.690519 7.855075 -0.315140
vn -99.690519 7.855075 -0.315140
vn -34.351068 -13.585576 -92.927056
vn -34.351068 -13.585576 -92.927056
vn -34.351068 -13.585576 -92.927056
vn 92.880246 -7.907875 36.203958
vn 92.880246 -7.907875 36.203958
vn 92.880246 -7.907875 36.203958
vn 97.926719 -19.431371 5.725428
vn 97.926719 -19.431371 5.725428
vn 97.926719 -19.431371 5.725428
vn 19.080075 12.083432 -97.416342
vn 19.080075 12.083432 -97.416342
vn 19.080075 12.083432 -97.416342
vn 11.980143 -93.142724 -34.364387
vn 11.980143 -93.142724 -34.364387
vn 11.980143 -93.142724 -34.364387
vn 60.833238 -58.823744 53.283055
vn 60.833238 -58.823744 53.283055
vn 60.833238 -58.823744 53.283055
vn -94.509199 5.454721 -32.221998
vn -94.509199 5.454721 -32.221998
vn -94.509199 5.454721 -32.221998
vn -25.670700 95.526041 -14.689835
vn -25.670700 95.526041 -14.689835
vn -25.670700 95.526041 -14.689835
vn -55.934280 -16.959850 81.140133
vn -55.934280 -16.959850 81.140133
vn -55.934280 -16.959850 81.140133
vn -92.240255 31.002069 -23.034924
vn -92.240255 31.002069 -23.034924
vn -92.240255 31.002069 -23.034924
vn 87.534893 -14.763062 46.040151
vn 87.534893 -14.763062 46.040151
vn 87.534893 -14.763062 46.040151
vn -88.433755 9.111259 45.787079
vn -88.433755 9.111259 45.787079
vn -88.433755 9.111259 45.787079
vn -60.119488 -71.673326 35.335283
vn -60.119488 -71.673326 35.335283
vn -60.119488 -71.673326 35.335283
vn 20.201849 68.956406 -69.547825
vn 20.201849 68.956406 -69.547825
vn 20.201849 68.956406 -69.547825
vn 37.534535 34.218734 86.140805
vn 37.534535 34.218734 86.140805
vn 37.534535 34.218734 86.140805
vn -12.492613 1.872280 -99.198947
vn -12.492613 1.872280 -99.198947
vn -12.492613 1.872280 -99.198947
vn 82.003065 4.443642 57.059193
vn 82.003065 4.443642 57.059193
vn 82.003065 4.443642 57.059193
vn -92.452094 -4.221871 37.878600
vn -92.452094 -4.221871 37.878600
vn -92.452094 -4.221871 37.878600
vn 10.239771 99.447554 -2.309134
vn 10.239771 99.447554 -2.309134
vn 10.239771 99.447554 -2.309134
vn 99.888286 0.049897 4.725462
vn 99.888286 0.049897 4.725462
vn 99.888286 0.049897 4.725462
vn 17.043000 -13.122382 -97.659301
vn 17.043000 -13.122382 -97.659301
vn 17.043000 -13.122382 -97.659301
vn 13.291896 11.084220 -98.490941
vn 13.291896 11.084220 -98.490941
vn 13.291896 11.084220 -98.490941
vn 88.786663 34.225645 30.749532
vn 88.786663 34.225645 30.749532
vn 88.786663 34.225645 30.749532
vn 27.035893 87.814025 39.468425
vn 27.035893 87.814025 39.468425
vn 27.035893 87.814025 39.468425
vn 92.776429 -35.348436 -11.959201
vn 92.776429 -35.348436 -11.959201
vn 92.776429 -35.348436 -11.959201
vn -24.032114 -17.540726 95.471370
vn -24.032114 -17.540726 95.471370
vn -24.032114 -17.540726 95.471370
vn 88.110173 -13.905930 -45.202020
vn 88.110173 -13.905930 -45.202020
vn 88.110173 -13.905930 -45.202020
vn -93.734926 -17.063022 -30.374640
vn -93.734926 -17.063022 -30.374640
vn -93.734926 -17.063022 -30.374640
vn -83.020877 55.628273 -3.609619
vn -83.020877 55.628273 -3.609619
vn -83.020877 55.628273 -3.609619
vn -91.033030 4.003732 -41.194147
vn -91.033030 4.003732 -41.194147
vn -91.033030 4.003732 -41.194147
vn 54.300909 15.849874 -82.463284
vn 54.300909 15.849874 -82.463284
vn 54.300909 15.849874 -82.463284
vn 55.839759 -6.261624 82.720691
vn 55.839759 -6.261624 82.720691
vn 55.839759 -6.261624 82.720691
vn 72.058596 8.658646 68.793799
vn 72.058596 8.658646 68.793799
vn 72.058596 8.658646 68.793799
vn -61.305820 -29.242819 73.392475
vn -61.305820 -29.242819 73.392475
vn -61.305820 -29.242819 73.392475
vn 95.392074 -3.861481 29.756386
vn 95.392074 -3.861481 29.756386
vn 95.392074 -3.861481 29.756386
vn 71.981403 -52.311001 45.631550
vn 71.981403 -52.311001 45.631550
vn 71.981403 -52.311001 45.631550
vn -71.468773 -40.884559 56.750925
vn -71.468773 -40.884559 56.750925
vn -71.468773 -40.884559 56.750925
vn -26.777528 -6.597285 -96.122011
vn -26.777528 -6.597285 -96.122011
vn -26.777528 -6.597285 -96.122011
vn 22.511540 6.216856 97.234669
vn 22.511540 6.216856 97.234669
vn 22.511540 6.216856 97.234669
vn 46.275392 55.837586 68.853119
vn 46.275392 55.837586 68.853119
vn 46.275392 55.837586 68.853119
vn -85.588188 -20.938124 -47.289087
vn -85.588188 -20.938124 -47.289087
vn -85.588188 -20.938124 -47.289087
vn -13.084114 -11.179555 -98.507989
vn -13.084114 -11.179555 -98.507989
vn -13.084114 -11.179555 -98.507989
vn 98.242865 -18.056040 4.724240
vn 98.242865 -18.056040 4.724240
vn 98.242865 -18.056040 4.724240
vn 80.725899 26.203622 52.883845
vn 80.725899 26.203622 52.883845
vn 80.725899 26.203622 52.883845
vn 66.442452 -42.582009 -61.418028
vn 66.442452 -42.582009 -61.418028
vn 66.442452 -42.582009 -61.418028
vn 58.267894 -6.551822 -81.005725
vn 58.267894 -6.551822 -81.005725
vn 58.267894 -6.551822 -81.005725
vn -94.068631 -32.202154 -10.682452
vn -94.068631 -32.202154 -10.682452
vn -94.068631 -32.202154 -10.682452
vn 72.053920 -5.987660 -69.082425
vn 72.053920 -5.987660 -69.082425
vn 72.053920 -5.987660 -69.082425
vn 99.348622 -11.261685 1.739668
vn 99.348622 -11.261685 1.739668
vn 99.348622 -11.261685 1.739668
vn -48.268209 70.870597 51.454251
vn -48.268209 70.870597 51.454251
vn -48.268209 70.870597 51.454251
vn 70.237919 -4.897862 71.011592
vn 70.237919 -4.897862 71.011592
vn 70.237919 -4.897862 71.011592
vn -25.782392 -36.539346 -89.443523
vn -25.782392 -36.539346 -89.443523
vn -25.782392 -36.539346 -89.443523
vn -64.350709 2.697537 -76.496474
vn -64.350709 2.697537 -76.496474
vn -64.350709 2.697537 -76.496474
vn 87.114936 -5.625012 48.778568
vn 87.114936 -5.625012 48.778568
vn 87.114936 -5.625012 48.778568
vn 93.086453 -36.182112 5.076273
vn 93.086453 -36.182112 5.076273
vn 93.086453 -36.182112 5.076273
vn -29.579776 21.203900 -93.141997
vn -29.579776 21.203900 -93.141997
vn -29.579776 21.203900 -93.141997
vn 3.974325 3.683754 -99.853074
vn 3.974325 3.683754 -99.853074
vn 3.974325 3.683754 -99.853074
vn 24.982345 -43.323542 -86.596505
vn 24.982345 -43.323542 -86.596505
vn 24.982345 -43.323542 -86.596505
vn -80.944201 -4.846478 58.519638
vn -80.944201 -4.846478 58.519638
vn -80.944201 -4.846478 58.519638
vn -90.733054 -33.813094 -24.983763
vn -90.733054 -33.813094 -24.983763
vn -90.733054 -33.813094 -24.983763
vn -69.859371 -65.009716 -29.889880
vn -69.859371 -65.009716 -29.889880
vn -69.859371 -65.009716 -29.889880
vn 68.035144 34.115731 -64.863981
vn 68.035144 34.115731 -64.863981
vn 68.035144 34.115731 -64.863981
vn -77.670969 -17.502129 -60.505353
vn -77.670969 -17.502129 -60.505353
vn -77.670969 -17.502129 -60.505353
vn -7.763274 29.944729 -95.094933
vn -7.763274 29.944729 -95.094933
vn -7.763274 29.944729 -95.094933
vn -31.333842 -77.666036 -54.645930
vn -31.333842 -77.666036 -54.645930
vn -31.333842 -77.666036 -54.645930
vn -50.814910 -44.790217 73.564127
vn -50.814910 -44.790217 73.564127
vn -50.814910 -44.790217 73.564127
vn 59.700845 -22.017239 77.143060
vn 59.700845 -22.017239 77.143060
vn 59.700845 -22.017239 77.143060
vn -26.938301 -75.664074 59.575800
vn -26.938301 -75.664074 59.575800
vn -26.938301 -75.664074 59.575800
vn 52.144976 -14.616024 -84.067086
vn 52.144976 -14.616024 -84.067086
vn 52.144976 -14.616024 -84.067086
vn -63.461707 14.754682 -75.861130
vn -63.461707 14.754682 -75.861130
vn -63.461707 14.754682 -75.861130
vn 1.146718 45.645889 -88.967061
vn 1.146718 45.645889 -88.967061
vn 1.146718 45.645889 -88.967061
vn 64.970088 68.135826 -33.710508
vn 64.970088 68.135826 -33.710508
vn 64.970088 68.135826 -33.710508
vn -57.606052 -24.853246 77.870798
vn -57.606052 -24.853246 77.870798
vn -57.606052 -24.853246 77.870798
vn -10.296959 -78.592224 60.969143
vn -10.296959 -78.592224 60.969143
vn -10.296959 -78.592224 60.969143
vn -21.385874 25.142600 94.395419
vn -21.385874 25.142600 94.395419
vn -21.385874 25.142600 94.395419
vn -96.127556 -24.111264 -13.346916
vn -96.127556 -24.111264 -13.346916
vn -96.127556 -24.111264 -13.346916
vn 14.257827 69.733558 70.242058
vn 14.257827 69.733558 70.242058
vn 14.257827 69.733558 70.242058
vn -62.867127 -5.107612 77.599207
vn -62.867127 -5.107612 77.599207
vn -62.867127 -5.107612 77.599207
vn 94.252254 33.405354 -0.772287
vn 94.252254 33.405354 -0.772287
vn 94.252254 33.405354 -0.772287
vn -76.652216 57.022115 29.545175
vn -76.652216 57.022115 29.545175
vn -76.652216 57.022115 29.545175
vn 74.470013 13.622223 65.334919
vn 74.470013 13.622223 65.334919
vn 74.470013 13.622223 65.334919
vn 33.887816 13.274724 93.141828
vn 33.887816 13.274724 93.141828
vn 33.887816 13.274724 93.141828
vn -87.080636 -8.938962 -48.343133
vn -87.080636 -8.938962 -48.343133
vn -87.080636 -8.938962 -48.343133
vn -46.294591 -33.008518 -82.263289
vn -46.294591 -33.008518 -82.263289
vn -46.294591 -33.008518 -82.263289
vn 29.825878 -22.831156 92.677695
vn 29.825878 -22.831156 92.677695
vn 29.825878 -22.831156 92.677695
vn 78.011125 3.646336 -62.457741
vn 78.011125 3.646336 -62.457741
vn 78.011125 3.646336 -62.457741
vn 28.303568 -2.720990 95.872345
vn 28.303568 -2.720990 95.872345
vn 28.303568 -2.720990 95.872345
vn -11.576459 17.415535 97.788980
vn -11.576459 17.415535 97.788980
vn -11.576459 17.415535 97.788980
vn 6.644881 87.261377 48.386970
vn 6.644881 87.261377 48.386970
vn 6.644881 87.261377 48.386970
vn -44.601682 86.616316 -22.545615
vn -44.601682 86.616316 -22.545615
vn -44.601682 86.616316 -22.545615
vn -68.878819 69.265582 21.400669
vn -68.878819 69.265582 21.400669
vn -68.878819 69.265582 21.400669
vn 77.657409 4.508646 62.841070
vn 77.657409 4.508646 62.841070
vn 77.657409 4.508646 62.841070
vn -65.451178 57.767070 48.776119
vn -65.451178 57.767070 48.776119
vn -65.451178 57.767070 48.776119
vn -97.302337 -2.531909 -22.931290
vn -97.302337 -2.531909 -22.931290
vn -97.302337 -2.531909 -22.931290
vn 43.422822 8.156478 -89.710257
vn 43.422822 8.156478 -89.710257
vn 43.422822 8.156478 -89.710257
vn 95.910281 -18.643188 21.299068
vn 95.910281 -18.643188 21.299068
vn 95.910281 -18.643188 21.299068
vn -41.569363 -21.675193 -88.329919
vn -41.569363 -21.675193 -88.329919
vn -41.569363 -21.675193 -88.329919
vn -85.909602 -19.821033 -47.187595
vn -85.909602 -19.821033 -47.187595
vn -85.909602 -19.821033 -47.187595
vn -61.463833 36.883948 69.726407
vn -61.463833 36.883948 69.726407
vn -61.463833 36.883948 69.726407
vn -36.683524 -47.025728 -80.267683
vn -36.683524 -47.025728 -80.267683
vn -36.683524 -47.025728 -80.267683
vn 94.187821 6.112906 -33.034628
vn 94.187821 6.112906 -33.034628
vn 94.187821 6.112906 -33.034628
vn 43.557233 85.433040 28.354242
vn 43.557233 85.433040 28.354242
vn 43.557233 85.433040 28.354242
vn -45.701681 -10.571174 88.315379
vn -45.701681 -10.571174 88.315379
vn -45.701681 -10.571174 88.315379
vn -22.128307 51.813190 82.617986
vn -22.128307 51.813190 82.617986
vn -22.128307 51.813190 82.617986
vn -0.375860 25.639623 -96.656442
vn -0.375860 25.639623 -96.656442
vn -0.375860 25.639623 -96.656442
vn 12.888537 33.318612 93.401055
vn 12.888537 33.318612 93.401055
vn 12.888537 33.318612 93.401055
vn 76.658136 0.428926 -64.213301
vn 76.658136 0.428926 -64.213301
vn 76.658136 0.428926 -64.213301
vn 70.460529 -52.866502 -47.333364
vn 70.460529 -52.866502 -47.333364
vn 70.460529 -52.866502 -47.333364
vn 75.788701 -58.396836 -29.084052
vn 75.788701 -58.396836 -29.084052
vn 75.788701 -58.396836 -29.084052
vn -27.638976 95.884473 6.500399
vn -27.638976 95.884473 6.500399
vn -27.638976 95.884473 6.500399
vn -64.770884 15.262370 -74.644443
vn -64.770884 15.262370 -74.644443
vn -64.770884 15.262370 -74.644443
vn -60.465296 -33.532449 -72.246262
vn -60.465296 -33.532449 -72.246262
vn -60.465296 -33.532449 -72.246262
vn 43.558573 26.560066 -86.007067
vn 43.558573 26.560066 -86.007067
vn 43.558573 26.560066 -86.007067
vn 78.163180 -28.698231 55.379860
vn 78.163180 -28.698231 55.379860
vn 78.163180 -28.698231 55.379860
vn 3.455392 30.011975 -95.327557
vn 3.455392 30.011975 -95.327557
vn 3.455392 30.011975 -95.327557
vn -83.589481 14.145374 -53.034976
vn -83.589481 14.145374 -53.034976
vn -83.589481 14.145374 -53.034976
vn 94.835826 14.268403 28.329860
vn 94.835826 14.268403 28.329860
vn 94.835826 14.268403 28.329860
vn 75.999484 -27.718873 58.785571
vn 75.999484 -27.718873 58.785571
vn 75.999484 -27.718873 58.785571
vn -95.140658 0.478534 30.790033
vn -95.140658 0.478534 30.790033
vn -95.140658 0.478534 30.790033
vn 81.542727 12.326676 -56.558273
vn 81.542727 12.326676 -56.558273
vn 81.542727 12.326676 -56.558273
vn 20.925507 63.068719 -74.729251
vn 20.925507 63.068719 -74.729251
vn 20.925507 63.068719 -74.729251
vn -4.769850 -29.988254 -95.278294
vn -4.769850 -29.988254 -95.278294
vn -4.769850 -29.988254 -95.278294
vn -31.120554 81.632382 48.658680
vn -31.120554 81.632382 48.658680
vn -31.120554 81.632382 48.658680
vn 67.305301 17.091131 71.957565
vn 67.305301 17.091131 71.957565
vn 67.305301 17.091131 71.957565
vn 70.401514 6.197777 -70.747547
vn 70.401514 6.197777 -70.747547
vn 70.401514 6.197777 -70.747547
vn 80.329352 -10.626373 -58.602701
vn 80.329352 -10.626373 -58.602701
vn 80.329352 -10.626373 -58.602701
vn -52.097657 -34.110394 78.245236
vn -52.097657 -34.110394 78.245236
vn -52.097657 -34.110394 78.245236
vn 25.811251 80.944011 52.743222
vn 25.811251 80.944011 52.743222
vn 25.811251 80.944011 52.743222
vn 98.869860 -14.982181 0.535963
vn 98.869860 -14.982181 0.535963
vn 98.869860 -14.982181 0.535963
vn 27.479238 -7.589696 95.850341
vn 27.479238 -7.589696 95.850341
vn 27.479238 -7.589696 95.850341
vn 24.122934 -18.456026 95.275702
vn 24.122934 -18.456026 95.275702
vn 24.122934 -18.456026 95.275702
vn 89.934583 -0.464392 43.721352
vn 89.934583 -0.464392 43.721352
vn 89.934583 -0.464392 43.721352
vn -58.081318 72.259141 37.485686
vn -58.081318 72.259141 37.485686
vn -58.081318 72.259141 37.485686
vn -34.168351 -14.229325 -92.898065
vn -34.168351 -14.229325 -92.898065
vn -34.168351 -14.229325 -92.898065
vn -56.156962 -25.759679 78.631000
vn -56.156962 -25.759679 78.631000
vn -56.156962 -25.759679 78.631000
vn 6.109011 5.925116 99.637205
vn 6.109011 5.925116 99.637205
vn 6.109011 5.925116 99.637205
vn 82.887424 28.935425 47.879181
vn 82.887424 28.935425 47.879181
vn 82.887424 28.935425 47.879181
vn 92.111893 -26.350420 -28.654088
vn 92.111893 -26.350420 -28.654088
vn 92.111893 -26.350420 -28.654088
vn 92.800926 -36.234746 8.662161
vn 92.800926 -36.234746 8.662161
vn 92.800926 -36.234746 8.662161
vn -88.106973 -9.299601 -46.375410
vn -88.106973 -9.299601 -46.375410
vn -88.106973 -9.299601 -46.375410
vn -14.464243 23.721613 -96.062849
vn -14.464243 23.721613 -96.062849
vn -14.464243 23.721613 -96.062849
vn 14.439178 10.082486 -98.437065
vn 14.439178 10.082486 -98.437065
vn 14.439178 10.082486 -98.437065
vn 71.102898 -65.214595 26.295141
vn 71.102898 -65.214595 26.295141
vn 71.102898 -65.214595 26.295141
vn -65.832016 -62.590065 -41.816615
vn -65.832016 -62.590065 -41.816615
vn -65.832016 -62.590065 -41.816615
vn -14.839334 15.343426 97.695320
vn -14.839334 15.343426 97.695320
vn -14.839334 15.343426 97.695320
vn -63.086556 13.799151 76.352286
vn -63.086556 13.799151 76.352286
vn -63.086556 13.799151 76.352286
vn 73.711054 67.226026 6.880569
vn 73.711054 67.226026 6.880569
vn 73.711054 67.226026 6.880569
vn 83.263792 22.504900 -50.603066
vn 83.263792 22.504900 -50.603066
vn 83.263792 22.504900 -50.603066
vn -33.856948 -65.520397 -67.533588
vn -33.856948 -65.520397 -67.533588
vn -33.856948 -65.520397 -67.533588
vn 66.572145 -15.386376 -73.016508
vn 66.572145 -15.386376 -73.016508
vn 66.572145 -15.386376 -73.016508
vn 65.138703 3.157405 75.808842
vn 65.138703 3.157405 75.808842
vn 65.138703 3.157405 75.808842
vn -73.137689 29.932893 -61.277245
vn -73.137689 29.932893 -61.277245
vn -73.137689 29.932893 -61.277245
vn -32.011331 -29.680758 -89.968481
vn -32.011331 -29.680758 -89.968481
vn -32.011331 -29.680758 -89.968481
vn 4.140685 -9.712981 -99.441010
vn 4.140685 -9.712981 -99.441010
vn 4.140685 -9.712981 -99.441010
vn 43.439536 -40.831682 -80.285617
vn 43.439536 -40.831682 -80.285617
vn 43.439536 -40.831682 -80.285617
vn 0.511533 -48.601671 87.393458
vn 0.511533 -48.601671 87.393458
vn 0.511533 -48.601671 87.393458
vn 77.916547 50.588312 37.011286
vn 77.916547 50.588312 37.011286
vn 77.916547 50.588312 37.011286
vn -80.681808 -10.770773 -58.089898
vn -80.681808 -10.770773 -58.089898
vn -80.681808 -10.770773 -58.089898
vn -80.756888 -49.899767 31.437849
vn -80.756888 -49.899767 31.437849
vn -80.756888 -49.899767 31.437849
vn -67.269078 -20.110351 -71.207053
vn -67.269078 -20.110351 -71.207053
vn -67.269078 -20.110351 -71.207053
vn 99.577708 9.105179 -1.173246
vn 99.577708 9.105179 -1.173246
vn 99.577708 9.105179 -1.173246
vn 81.835701 26.470532 51.012069
vn 81.835701 26.470532 51.012069
vn 81.835701 26.470532 51.012069
vn -33.265388 10.964363 -93.665348
vn -33.265388 10.964363 -93.665348
vn -33.265388 10.964363 -93.665348
vn -15.228091 24.369561 95.782209
vn -15.228091 24.369561 95.782209
vn -15.228091 24.369561 95.782209
vn 61.505484 21.710735 -75.800532
vn 61.505484 21.710735 -75.800532
vn 61.505484 21.710735 -75.800532
vn 73.229255 -3.575980 -68.005072
vn 73.229255 -3.575980 -68.005072
vn 73.229255 -3.575980 -68.005072
vn -4.845950 -0.874788 99.878681
vn -4.845950 -0.874788 99.878681
vn -4.845950 -0.874788 99.878681
vn 81.540101 56.591806 12.189349
vn 81.540101 56.591806 12.189349
vn 81.540101 56.591806 12.189349
vn -9.881819 -9.039071 -99.099176
vn -9.881819 -9.039071 -99.099176
vn -9.881819 -9.039071 -99.099176
vn 27.484062 -40.218631 87.333202
vn 27.484062 -40.218631 87.333202
vn 27.484062 -40.218631 87.333202
vn -60.668325 -45.039892 65.503911
vn -60.668325 -45.039892 65.503911
vn -60.668325 -45.039892 65.503911
vn 52.214290 -26.922354 -80.924997
vn 52.214290 -26.922354 -80.924997
vn 52.214290 -26.922354 -80.924997
vn 13.087440 -45.063319 88.306373
vn 13.087440 -45.063319 88.306373
vn 13.087440 -45.063319 88.306373
vn -93.806820 28.419128 19.815004
vn -93.806820 28.419128 19.815004
vn -93.806820 28.419128 19.815004
vn 70.721179 69.347362 -13.764452
vn 70.721179 69.347362 -13.764452
vn 70.721179 69.347362 -13.764452
vn 97.722739 21.174742 1.377205
vn 97.722739 21.174742 1.377205
vn 97.722739 21.174742 1.377205
vn -45.442628 -16.054600 -87.619738
vn -45.442628 -16.054600 -87.619738
vn -45.442628 -16.054600 -87.619738
vn 79.719340 2.358350 60.326334
vn 79.719340 2.358350 60.326334
vn 79.719340 2.358350 60.326334
vn -73.653028 38.657899 -55.504948
vn -73.653028 38.657899 -55.504948
vn -73.653028 38.657899 -55.504948
vn -94.213991 -7.747922 32.614335
vn -94.213991 -7.747922 32.614335
vn -94.213991 -7.747922 32.614335
vn -71.817702 3.209698 -69.511981
vn -71.817702 3.209698 -69.511981
vn -71.817702 3.209698 -69.511981
vn 90.262278 -9.606478 -41.957563
vn 90.262278 -9.606478 -41.957563
vn 90.262278 -9.606478 -41.957563
vn -16.629397 48.747682 -85.715384
vn -16.629397 48.747682 -85.715384
vn -16.629397 48.747682 -85.715384
vn 18.240637 -59.123264 -78.560293
vn 18.240637 -59.123264 -78.560293
vn 18.240637 -59.123264 -78.560293
vn -26.857385 10.333653 -95.770023
vn -26.857385 10.333653 -95.770023
vn -26.857385 10.333653 -95.770023
vn -47.346354 47.490553 -74.182011
vn -47.346354 47.490553 -74.182011
vn -47.346354 47.490553 -74.182011
vn 55.792814 -45.521695 69.389749
vn 55.792814 -45.521695 69.389749
vn 55.792814 -45.521695 69.389749
vn 60.509249 -40.964020 68.268444
vn 60.509249 -40.964020 68.268444
vn 60.509249 -40.964020 68.268444
vn 96.375966 -4.323191 -26.324566
vn 96.375966 -4.323191 -26.324566
vn 96.375966 -4.323191 -26.324566
vn 93.610158 -28.370331 20.790935
vn 93.610158 -28.370331 20.790935
vn 93.610158 -28.370331 20.790935
vn -67.895677 12.383870 -72.365867
vn -67.895677 12.383870 -72.365867
vn -67.895677 12.383870 -72.365867
vn -56.803603 -19.246887 80.018174
vn -56.803603 -19.246887 80.018174
vn -56.803603 -19.246887 80.018174
vn 7.385354 35.102769 -93.344815
vn 7.385354 35.102769 -93.344815
vn 7.385354 35.102769 -93.344815
vn -98.989336 -13.387879 -4.677322
vn -98.989336 -13.387879 -4.677322
vn -98.989336 -13.387879 -4.677322
vn -86.537050 48.296833 13.369964
vn -86.537050 48.296833 13.369964
vn -86.537050 48.296833 13.369964
vn 66.771293 -54.005990 51.234259
vn 66.771293 -54.005990 51.234259
vn 66.771293 -54.005990 51.234259
vn 16.479167 93.460344 31.521451
vn 16.479167 93.460344 31.521451
vn 16.479167 93.460344 31.521451
vn 74.279172 9.094453 66.331713
vn 74.279172 9.094453 66.331713
vn 74.279172 9.094453 66.331713
vn 96.747058 4.274145 -24.934736
vn 96.747058 4.274145 -24.934736
vn 96.747058 4.274145 -24.934736
vn -51.376450 -14.698996 -84.524563
vn -51.376450 -14.698996 -84.524563
vn -51.376450 -14.698996 -84.524563
vn 78.306344 -20.670159 58.658874
vn 78.306344 -20.670159 58.658874
vn 78.306344 -20.670159 58.658874
vn 71.786662 -23.799850 65.423571
vn 71.786662 -23.799850 65.423571
vn 71.786662 -23.799850 65.423571
vn 26.144442 29.173335 92.007528
vn 26.144442 29.173335 92.007528
vn 26.144442 29.173335 92.007528
vn 17.519334 25.709778 95.037264
vn 17.519334 25.709778 95.037264
vn 17.519334 25.709778 95.037264
vn -52.421758 -11.024357 84.441843
vn -52.421758 -11.024357 84.441843
vn -52.421758 -11.024357 84.441843
vn -37.667398 -27.846166 -88.350209
vn -37.667398 -27.846166 -88.350209
vn -37.667398 -27.846166 -88.350209
vn 69.783693 67.397873 -24.243848
vn 69.783693 67.397873 -24.243848
vn 69.783693 67.397873 -24.243848
vn -1.946338 83.462702 55.047167
vn -1.946338 83.462702 55.047167
vn -1.946338 83.462702 55.047167
vn -31.304372 -31.520040 89.590867
vn -31.304372 -31.520040 89.590867
vn -31.304372 -31.520040 89.590867
vn -58.190323 6.197992 -81.089290
vn -58.190323 6.197992 -81.089290
vn -58.190323 6.197992 -81.089290
vn 24.636771 -9.341971 96.466348
vn 24.636771 -9.341971 96.466348
vn 24.636771 -9.341971 96.466348
vn 78.463220 -56.601431 -25.294293
vn 78.463220 -56.601431 -25.294293
vn 78.463220 -56.601431 -25.294293
vn 39.652290 10.991137 91.142147
vn 39.652290 10.991137 91.142147
vn 39.652290 10.991137 91.142147
vn -94.892199 -14.825250 27.851093
vn -94.892199 -14.825250 27.851093
vn -94.892199 -14.825250 27.851093
vn -81.495821 -23.832217 -52.824768
vn -81.495821 -23.832217 -52.824768
vn -81.495821 -23.832217 -52.824768
vn 84.680194 48.910514 -20.905168
vn 84.680194 48.910514 -20.905168
vn 84.680194 48.910514 -20.905168
vn 14.290517 0.482828 -98.972470
vn 14.290517 0.482828 -98.972470
vn 14.290517 0.482828 -98.972470
vn 87.854109 3.786652 47.616367
vn 87.854109 3.786652 47.616367
vn 87.854109 3.786652 47.616367
vn 85.902288 -40.333181 -31.528272
vn 85.902288 -40.333181 -31.528272
vn 85.902288 -40.333181 -31.528272
vn -93.661527 -28.351130 -20.584788
vn -93.661527 -28.351130 -20.584788
vn -93.661527 -28.351130 -20.584788
vn -58.243157 80.689152 9.848733
vn -58.243157 80.689152 9.848733
vn -58.243157 80.689152 9.848733
vn 64.281341 -25.303776 -72.302340
vn 64.281341 -25.303776 -72.302340
vn 64.281341 -25.303776 -72.302340
vn 98.804580 -10.800214 -11.000478
vn 98.804580 -10.800214 -11.000478
vn 98.804580 -10.800214 -11.000478
vn -35.331267 90.076006 25.258941
vn -35.331267 90.076006 25.258941
vn -35.331267 90.076006 25.258941
vn 94.679598 -23.476888 22.013891
vn 94.679598 -23.476888 22.013891
vn 94.679598 -23.476888 22.013891
vn 95.595903 -26.982126 11.549449
vn 95.595903 -26.982126 11.549449
vn 95.595903 -26.982126 11.549449
vn 81.028315 -51.695963 -27.603270
vn 81.028315 -51.695963 -27.603270
vn 81.028315 -51.695963 -27.603270
vn 87.687701 -43.394592 -20.682754
vn 87.687701 -43.394592 -20.682754
vn 87.687701 -43.394592 -20.682754
vn 89.442401 25.480093 36.753534
vn 89.442401 25.480093 36.753534
vn 89.442401 25.480093 36.753534
vn 75.185647 25.389742 60.847998
vn 75.185647 25.389742 60.847998
vn 75.185647 25.389742 60.847998
vn 56.307534 80.179218 20.018875
vn 56.307534 80.179218 20.018875
vn 56.307534 80.179218 20.018875
vn 58.300679 79.133806 18.408476
vn 58.300679 79.133806 18.408476
vn 58.300679 79.133806 18.408476
vn -58.943306 -66.645261 -45.651904
vn -58.943306 -66.645261 -45.651904
vn -58.943306 -66.645261 -45.651904
vn 87.503758 -4.030937 48.237386
vn 87.503758 -4.030937 48.237386
vn 87.503758 -4.030937 48.237386
vn -1.959256 12.788487 99.159555
vn -1.959256 12.788487 99.159555
vn -1.959256 12.788487 99.159555
vn 91.223905 40.961986 0.560793
vn 91.223905 40.961986 0.560793
vn 91.223905 40.961986 0.560793
vn 91.759937 12.062572 37.876244
vn 91.759937 12.062572 37.876244
vn 91.759937 12.062572 37.876244
vn 52.382088 85.162042 1.882522
vn 52.382088 85.162042 1.882522
vn 52.382088 85.162042 1.882522
vn -10.623367 94.922150 -29.613005
vn -10.623367 94.922150 -29.613005
vn -10.623367 94.922150 -29.613005
vn -92.609633 37.255851 -5.954700
vn -92.609633 37.255851 -5.954700
vn -92.609633 37.255851 -5.954700
vn 77.630378 -62.638250 7.069206
vn 77.630378 -62.638250 7.069206
vn 77.630378 -62.638250 7.069206
vn -96.755608 22.213193 -12.038614
vn -96.755608 22.213193 -12.038614
vn -96.755608 22.213193 -12.038614
vn -99.433533 5.176941 -9.282863
vn -99.433533 5.176941 -9.282863
vn -99.433533 5.176941 -9.282863
vn -99.317011 2.820755 -11.321474
vn -99.317011 2.820755 -11.321474
vn -99.317011 2.820755 -11.321474
vn -99.537059 4.540987 -8.470715
vn -99.537059 4.540987 -8.470715
vn -99.537059 4.540987 -8.470715
vn 15.806812 -10.922609 -98.136858
vn 15.806812 -10.922609 -98.136858
vn 15.806812 -10.922609 -98.136858
vn -5.031813 -99.833166 -2.831967
vn -5.031813 -99.833166 -2.831967
vn -5.031813 -99.833166 -2.831967
vn -7.174058 -99.653452 4.209832
vn -7.174058 -99.653452 4.209832
vn -7.174058 -99.653452 4.209832
vn -3.021532 -99.916816 2.738575
vn -3.021532 -99.916816 2.738575
vn -3.021532 -99.916816 2.738575
vn -3.046594 -99.915796 2.748082
vn -3.046594 -99.915796 2.748082
vn -3.046594 -99.915796 2.748082
vn -2.929490 -99.916422 2.850778
vn -2.929490 -99.916422 2.850778
vn -2.929490 -99.916422 2.850778
vn -4.682894 -99.889195 -0.468388
vn -4.682894 -99.889195 -0.468388
vn -4.682894 -99.889195 -0.468388
vn -0.493728 -99.889279 4.678685
vn -0.493728 -99.889279 4.678685
vn -0.493728 -99.889279 4.678685
vn 5.002537 -99.865103 -1.391665
vn 5.002537 -99.865103 -1.391665
vn 5.002537 -99.865103 -1.391665
vn -5.602357 -99.821967 -2.046767
vn -5.602357 -99.821967 -2.046767
vn -5.602357 -99.821967 -2.046767
vn 0.437537 15.441667 98.799622
vn 0.437537 15.441667 98.799622
vn 0.437537 15.441667 98.799622
vn 0.345273 12.965724 99.155286
vn 0.345273 12.965724 99.155286
vn 0.345273 12.965724 99.155286
vn -95.869495 0.686676 28.435336
vn -95.869495 0.686676 28.435336
vn -95.869495 0.686676 28.435336
vn 39.909309 -3.166504 -91.636358
vn 39.909309 -3.166504 -91.636358
vn 39.909309 -3.166504 -91.636358
vn -43.465835 13.710835 89.009743
vn -43.465835 13.710835 89.009743
vn -43.465835 13.710835 89.009743
vn -33.826340 21.640273 91.583183
vn -33.826340 21.640273 91.583183
vn -33.826340 21.640273 91.583183
vn -37.898776 13.782412 91.508081
vn -37.898776 13.782412 91.508081
vn -37.898776 13.782412 91.508081
vn 93.765834 31.213736 15.286300
vn 93.765834 31.213736 15.286300
vn 93.765834 31.213736 15.286300
vn 43.079696 -19.331259 -88.150121
vn 43.079696 -19.331259 -88.150121
vn 43.079696 -19.331259 -88.150121
vn 24.069183 -22.620150 -94.387518
vn 24.069183 -22.620150 -94.387518
vn 24.069183 -22.620150 -94.387518
vn 58.885639 -59.560678 54.635215
vn 58.885639 -59.560678 54.635215
vn 58.885639 -59.560678 54.635215
vn -98.357966 10.557687 14.637183
vn -98.357966 10.557687 14.637183
vn -98.357966 10.557687 14.637183
vn 69.389341 -47.362394 54.239513
vn 69.389341 -47.362394 54.239513
vn 69.389341 -47.362394 54.239513
vn 67.880283 61.636498 39.915035
vn 67.880283 61.636498 39.915035
vn 67.880283 61.636498 39.915035
vn 27.305675 15.075305 -95.011235
vn 27.305675 15.075305 -95.011235
vn 27.305675 15.075305 -95.011235
vn -69.824493 -2.990098 -71.523435
vn -69.824493 -2.990098 -71.523435
vn -69.824493 -2.990098 -71.523435
vn 54.524454 -1.127672 -83.820125
vn 54.524454 -1.127672 -83.820125
vn 54.524454 -1.127672 -83.820125
vn 30.469564 25.496600 -91.768903
vn 30.469564 25.496600 -91.768903
vn 30.469564 25.496600 -91.768903
vn 11.866130 -9.271824 98.859645
vn 11.866130 -9.271824 98.859645
vn 11.866130 -9.271824 98.859645
vn 6.807195 -19.126153 97.917581
vn 6.807195 -19.126153 97.917581
vn 6.807195 -19.126153 97.917581
vn -83.717925 -13.949351 52.884063
vn -83.717925 -13.949351 52.884063
vn -83.717925 -13.949351 52.884063
vn -43.112076 29.371119 -85.315217
vn -43.112076 29.371119 -85.315217
vn -43.112076 29.371119 -85.315217
vn -64.413661 52.749876 -55.392529
vn -64.413661 52.749876 -55.392529
vn -64.413661 52.749876 -55.392529
vn 99.975840 -2.145109 -0.480504
vn 99.975840 -2.145109 -0.480504
vn 99.975840 -2.145109 -0.480504
vn -84.824435 -28.298835 44.765960
vn -84.824435 -28.298835 44.765960
vn -84.824435 -28.298835 44.765960
vn 82.915261 -31.172563 46.404000
vn 82.915261 -31.172563 46.404000
vn 82.915261 -31.172563 46.404000
vn 28.738665 29.083879 -91.259072
vn 28.738665 29.083879 -91.259072
vn 28.738665 29.083879 -91.259072
vn 18.338837 -32.205841 92.878793
vn 18.338837 -32.205841 92.878793
vn 18.338837 -32.205841 92.878793
vn -67.988447 73.079106 -6.084054
vn -67.988447 73.079106 -6.084054
vn -67.988447 73.079106 -6.084054
vn -67.576214 -59.452085 43.576431
vn -67.576214 -59.452085 43.576431
vn -67.576214 -59.452085 43.576431
vn -61.561441 1.192105 78.795744
vn -61.561441 1.192105 78.795744
vn -61.561441 1.192105 78.795744
vn -67.946449 7.108011 73.025721
vn -67.946449 7.108011 73.025721
vn -67.946449 7.108011 73.025721
vn 85.466997 30.105848 -42.296958
vn 85.466997 30.105848 -42.296958
vn 85.466997 30.105848 -42.296958
vn 3.825946 -2.126641 99.904157
vn 3.825946 -2.126641 99.904157
vn 3.825946 -2.126641 99.904157
vn -55.970510 55.956486 -61.124260
vn -55.970510 55.956486 -61.124260
vn -55.970510 55.956486 -61.124260
vn -86.495939 13.332920 -48.380634
vn -86.495939 13.332920 -48.380634
vn -86.495939 13.332920 -48.380634
vn -90.123806 3.769328 -43.168192
vn -90.123806 3.769328 -43.168192
vn -90.123806 3.769328 -43.168192
vn -32.381693 -39.472359 -85.984645
vn -32.381693 -39.472359 -85.984645
vn -32.381693 -39.472359 -85.984645
vn 94.908047 16.750586 -26.681106
vn 94.908047 16.750586 -26.681106
vn 94.908047 16.750586 -26.681106
vn 92.396940 7.626110 -37.478657
vn 92.396940 7.626110 -37.478657
vn 92.396940 7.626110 -37.478657
vn 14.438968 91.251886 -38.270225
vn 14.438968 91.251886 -38.270225
vn 14.438968 91.251886 -38.270225
vn 73.739136 24.278721 63.032416
vn 73.739136 24.278721 63.032416
vn 73.739136 24.278721 63.032416
vn 73.658496 24.243158 63.140279
vn 73.658496 24.243158 63.140279
vn 73.658496 24.243158 63.140279
vn 15.405009 35.579933 -92.177849
vn 15.405009 35.579933 -92.177849
vn 15.405009 35.579933 -92.177849
vn -85.221009 51.076862 11.337300
vn -85.221009 51.076862 11.337300
vn -85.221009 51.076862 11.337300
vn -29.472095 -1.453506 -95.547281
vn -29.472095 -1.453506 -95.547281
vn -29.472095 -1.453506 -95.547281
vn 55.937244 70.543322 43.527755
vn 55.937244 70.543322 43.527755
vn 55.937244 70.543322 43.527755
vn 91.333685 31.920751 25.282908
vn 91.333685 31.920751 25.282908
vn 91.333685 31.920751 25.282908
vn 92.749254 17.747107 32.903142
vn 92.749254 17.747107 32.903142
vn 92.749254 17.747107 32.903142
vn -28.482065 -16.707399 94.390866
vn -28.482065 -16.707399 94.390866
vn -28.482065 -16.707399 94.390866
vn 40.137665 -0.785753 91.587949
vn 40.137665 -0.785753 91.587949
vn 40.137665 -0.785753 91.587949
vn 73.611950 -3.017537 67.617882
vn 73.611950 -3.017537 67.617882
vn 73.611950 -3.017537 67.617882
vn 70.434478 2.231027 70.950742
vn 70.434478 2.231027 70.950742
vn 70.434478 2.231027 70.950742
vn 34.700591 25.593006 90.226758
vn 34.700591 25.593006 90.226758
vn 34.700591 25.593006 90.226758
vn -22.424432 20.542160 95.263666
vn -22.424432 20.542160 95.263666
vn -22.424432 20.542160 95.263666
vn -99.973301 1.083472 -2.041199
vn -99.973301 1.083472 -2.041199
vn -99.973301 1.083472 -2.041199
vn -80.458984 -7.496911 58.907979
vn -80.458984 -7.496911 58.907979
vn -80.458984 -7.496911 58.907979
vn 22.580929 -2.780874 -97.377454
vn 22.580929 -2.780874 -97.377454
vn 22.580929 -2.780874 -97.377454
vn -86.975398 -36.811457 32.866355
vn -86.975398 -36.811457 32.866355
vn -86.975398 -36.811457 32.866355
vn 33.374787 -6.947497 -94.009882
vn 33.374787 -6.947497 -94.009882
vn 33.374787 -6.947497 -94.009882
vn -80.803905 -43.433644 -39.802613
vn -80.803905 -43.433644 -39.802613
vn -80.803905 -43.433644 -39.802613
vn -5.767348 87.335409 -48.365943
vn -5.767348 87.335409 -48.365943
vn -5.767348 87.335409 -48.365943
vn 26.483866 58.214624 -76.874332
vn 26.483866 58.214624 -76.874332
vn 26.483866 58.214624 -76.874332
vn 13.234372 -43.880230 88.878439
vn 13.234372 -43.880230 88.878439
vn 13.234372 -43.880230 88.878439
vn 97.335463 -22.620255 -3.759517
vn 97.335463 -22.620255 -3.759517
vn 97.335463 -22.620255 -3.759517
vn 78.608087 8.243413 -61.260232
vn 78.608087 8.243413 -61.260232
vn 78.608087 8.243413 -61.260232
vn 93.133863 15.812664 -32.803132
vn 93.133863 15.812664 -32.803132
vn 93.133863 15.812664 -32.803132
vn 74.933906 15.531509 64.371447
vn 74.933906 15.531509 64.371447
vn 74.933906 15.531509 64.371447
vn 95.600517 -14.023695 25.765826
vn 95.600517 -14.023695 25.765826
vn 95.600517 -14.023695 25.765826
vn -35.047582 -49.985493 79.203024
vn -35.047582 -49.985493 79.203024
vn -35.047582 -49.985493 79.203024
vn 43.282557 3.760269 90.069318
vn 43.282557 3.760269 90.069318
vn 43.282557 3.760269 90.069318
vn 65.923024 0.544628 75.192145
vn 65.923024 0.544628 75.192145
vn 65.923024 0.544628 75.192145
vn -83.738495 29.457460 -46.044791
vn -83.738495 29.457460 -46.044791
vn -83.738495 29.457460 -46.044791
vn 64.414977 1.003253 76.483370
vn 64.414977 1.003253 76.483370
vn 64.414977 1.003253 76.483370
vn 98.975166 8.243780 11.660050
vn 98.975166 8.243780 11.660050
vn 98.975166 8.243780 11.660050
vn 71.989895 12.632715 -68.248592
vn 71.989895 12.632715 -68.248592
vn 71.989895 12.632715 -68.248592
vn 97.422196 -20.807942 -8.714660
vn 97.422196 -20.807942 -8.714660
vn 97.422196 -20.807942 -8.714660
vn -1.942165 -99.962532 1.928908
vn -1.942165 -99.962532 1.928908
vn -1.942165 -99.962532 1.928908
vn -2.886094 -99.917483 2.857896
vn -2.886094 -99.917483 2.857896
vn -2.886094 -99.917483 2.857896
vn -4.153634 -99.834883 3.967788
vn -4.153634 -99.834883 3.967788
vn -4.153634 -99.834883 3.967788
vn -0.342333 -99.934799 3.594351
vn -0.342333 -99.934799 3.594351
vn -0.342333 -99.934799 3.594351
vn -1.841964 -99.945241 2.749133
vn -1.841964 -99.945241 2.749133
vn -1.841964 -99.945241 2.749133
vn -1.887837 -99.960762 2.069618
vn -1.887837 -99.960762 2.069618
vn -1.887837 -99.960762 2.069618
vn -2.864391 -99.956208 0.744099
vn -2.864391 -99.956208 0.744099
vn -2.864391 -99.956208 0.744099
vn -2.629423 -99.961376 0.899667
vn -2.629423 -99.961376 0.899667
vn -2.629423 -99.961376 0.899667
vn -11.084229 -97.482574 19.346552
vn -11.084229 -97.482574 19.346552
vn -11.084229 -97.482574 19.346552
vn -4.741819 -99.801940 4.133959
vn -4.741819 -99.801940 4.133959
vn -4.741819 -99.801940 4.133959
vn -27.882921 -3.027048 -95.986354
vn -27.882921 -3.027048 -95.986354
vn -27.882921 -3.027048 -95.986354
vn 48.069778 -6.015192 87.482081
vn 48.069778 -6.015192 87.482081
vn 48.069778 -6.015192 87.482081
vn 21.663924 84.164725 49.466899
vn 21.663924 84.164725 49.466899
vn 21.663924 84.164725 49.466899
vn -87.374108 6.899871 48.147254
vn -87.374108 6.899871 48.147254
vn -87.374108 6.899871 48.147254
vn -27.026114 -6.767957 -96.040543
vn -27.026114 -6.767957 -96.040543
vn -27.026114 -6.767957 -96.040543
vn -6.533863 -90.468316 -42.104558
vn -6.533863 -90.468316 -42.104558
vn -6.533863 -90.468316 -42.104558
vn -83.147191 46.183191 -30.881357
vn -83.147191 46.183191 -30.881357
vn -83.147191 46.183191 -30.881357
vn -78.176788 60.670152 -14.405645
vn -78.176788 60.670152 -14.405645
vn -78.176788 60.670152 -14.405645
vn 51.318816 10.032262 -85.239274
vn 51.318816 10.032262 -85.239274
vn 51.318816 10.032262 -85.239274
vn 69.161632 51.423009 50.718266
vn 69.161632 51.423009 50.718266
vn 69.161632 51.423009 50.718266
vn -82.915928 -18.732345 52.669227
vn -82.915928 -18.732345 52.669227
vn -82.915928 -18.732345 52.669227
vn -27.174838 38.565356 -88.171661
vn -27.174838 38.565356 -88.171661
vn -27.174838 38.565356 -88.171661
vn 22.166784 12.943874 -96.649320
vn 22.166784 12.943874 -96.649320
vn 22.166784 12.943874 -96.649320
vn -89.111989 7.279565 44.789101
vn -89.111989 7.279565 44.789101
vn -89.111989 7.279565 44.789101
vn -33.396760 69.443741 -63.735582
vn -33.396760 69.443741 -63.735582
vn -33.396760 69.443741 -63.735582
vn -52.008849 2.336529 85.379273
vn -52.008849 2.336529 85.379273
vn -52.008849 2.336529 85.379273
vn 50.805299 -70.328183 -49.726940
vn 50.805299 -70.328183 -49.726940
vn 50.805299 -70.328183 -49.726940
vn 19.492759 -84.705907 -49.446371
vn 19.492759 -84.705907 -49.446371
vn 19.492759 -84.705907 -49.446371
vn -49.266930 31.083920 81.280749
vn -49.266930 31.083920 81.280749
vn -49.266930 31.083920 81.280749
vn -42.776884 30.347198 85.142159
vn -42.776884 30.347198 85.142159
vn -42.776884 30.347198 85.142159
vn -20.827247 79.267444 -57.296589
vn -20.827247 79.267444 -57.296589
vn -20.827247 79.267444 -57.296589
vn -18.506319 13.550720 -97.333938
vn -18.506319 13.550720 -97.333938
vn -18.506319 13.550720 -97.333938
vn -65.661209 74.042389 -14.364237
vn -65.661209 74.042389 -14.364237
vn -65.661209 74.042389 -14.364237
vn 99.904424 -3.123020 3.058397
vn 99.904424 -3.123020 3.058397
vn 99.904424 -3.123020 3.058397
vn 87.950627 -19.675440 -43.330868
vn 87.950627 -19.675440 -43.330868
vn 87.950627 -19.675440 -43.330868
vn -77.846448 9.177625 -62.094304
vn -77.846448 9.177625 -62.094304
vn -77.846448 9.177625 -62.094304
vn -96.388706 12.007476 -23.770528
vn -96.388706 12.007476 -23.770528
vn -96.388706 12.007476 -23.770528
vn -40.055473 6.978956 -91.361116
vn -40.055473 6.978956 -91.361116
vn -40.055473 6.978956 -91.361116
vn -87.952364 -6.626534 -47.121872
vn -87.952364 -6.626534 -47.121872
vn -87.952364 -6.626534 -47.121872
vn -99.799467 -0.759412 -6.284183
vn -99.799467 -0.759412 -6.284183
vn -99.799467 -0.759412 -6.284183
vn 77.975533 -39.964337 48.194070
vn 77.975533 -39.964337 48.194070
vn 77.975533 -39.964337 48.194070
vn -57.079222 77.919175 25.895275
vn -57.079222 77.919175 25.895275
vn -57.079222 77.919175 25.895275
vn -3.691480 28.620594 -95.745678
vn -3.691480 28.620594 -95.745678
vn -3.691480 28.620594 -95.745678
vn 78.327297 14.806757 -60.378761
vn 78.327297 14.806757 -60.378761
vn 78.327297 14.806757 -60.378761
vn 72.229681 13.050204 -67.915869
vn 72.229681 13.050204 -67.915869
vn 72.229681 13.050204 -67.915869
vn 72.105076 38.520684 -57.593543
vn 72.105076 38.520684 -57.593543
vn 72.105076 38.520684 -57.593543
vn 74.019229 18.327612 64.693531
vn 74.019229 18.327612 64.693531
vn 74.019229 18.327612 64.693531
vn -93.640504 -31.604284 15.252109
vn -93.640504 -31.604284 15.252109
vn -93.640504 -31.604284 15.252109
vn 93.151345 28.636085 22.423240
vn 93.151345 28.636085 22.423240
vn 93.151345 28.636085 22.423240
vn 56.361479 -79.051181 23.964459
vn 56.361479 -79.051181 23.964459
vn 56.361479 -79.051181 23.964459
vn -19.294830 7.453310 97.837404
vn -19.294830 7.453310 97.837404
vn -19.294830 7.453310 97.837404
vn -97.434367 19.742835 -10.805817
vn -97.434367 19.742835 -10.805817
vn -97.434367 19.742835 -10.805817
vn -92.980772 -25.188832 -26.834673
vn -92.980772 -25.188832 -26.834673
vn -92.980772 -25.188832 -26.834673
vn 28.472482 -12.713646 -95.014114
vn 28.472482 -12.713646 -95.014114
vn 28.472482 -12.713646 -95.014114
vn 19.628079 -18.017678 -96.385180
vn 19.628079 -18.017678 -96.385180
vn 19.628079 -18.017678 -96.385180
vn 21.263093 96.092117 -17.725325
vn 21.263093 96.092117 -17.725325
vn 21.263093 96.092117 -17.725325
vn 8.583444 -15.014207 98.493147
vn 8.583444 -15.014207 98.493147
vn 8.583444 -15.014207 98.493147
vn -54.573862 77.421911 32.055298
vn -54.573862 77.421911 32.055298
vn -54.573862 77.421911 32.055298
vn -58.299428 77.140464 25.505412
vn -58.299428 77.140464 25.505412
vn -58.299428 77.140464 25.505412
vn 16.140878 20.036128 96.633469
vn 16.140878 20.036128 96.633469
vn 16.140878 20.036128 96.633469
vn -15.718609 -0.173534 -98.756752
vn -15.718609 -0.173534 -98.756752
vn -15.718609 -0.173534 -98.756752
vn -84.185058 -26.225371 47.171040
vn -84.185058 -26.225371 47.171040
vn -84.185058 -26.225371 47.171040
vn -44.665368 36.237078 81.803912
vn -44.665368 36.237078 81.803912
vn -44.665368 36.237078 81.803912
vn 82.736528 11.867817 54.898284
vn 82.736528 11.867817 54.898284
vn 82.736528 11.867817 54.898284
vn -67.121635 -7.947848 73.698835
vn -67.121635 -7.947848 73.698835
vn -67.121635 -7.947848 73.698835
vn -90.270533 12.878645 41.053268
vn -90.270533 12.878645 41.053268
vn -90.270533 12.878645 41.053268
vn -31.596340 -74.008772 -59.366443
vn -31.596340 -74.008772 -59.366443
vn -31.596340 -74.008772 -59.366443
vn 99.802346 -0.250482 -6.279453
vn 99.802346 -0.250482 -6.279453
vn 99.802346 -0.250482 -6.279453
vn 52.993160 -5.366843 84.634058
vn 52.993160 -5.366843 84.634058
vn 52.993160 -5.366843 84.634058
vn 1.470499 99.249792 12.137421
vn 1.470499 99.249792 12.137421
vn 1.470499 99.249792 12.137421
vn -82.065278 -56.905904 -5.197073
vn -82.065278 -56.905904 -5.197073
vn -82.065278 -56.905904 -5.197073
vn -48.390411 -12.669664 -86.590121
vn -48.390411 -12.669664 -86.590121
vn -48.390411 -12.669664 -86.590121
vn 47.155972 88.118861 -3.373821
vn 47.155972 88.118861 -3.373821
vn 47.155972 88.118861 -3.373821
vn -17.322501 7.358250 98.212970
vn -17.322501 7.358250 98.212970
vn -17.322501 7.358250 98.212970
vn -96.112818 -2.776167 -27.470352
vn -96.112818 -2.776167 -27.470352
vn -96.112818 -2.776167 -27.470352
vn 89.285390 -8.756016 -44.175258
vn 89.285390 -8.756016 -44.175258
vn 89.285390 -8.756016 -44.175258
vn 90.361964 -9.281101 -41.816002
vn 90.361964 -9.281101 -41.816002
vn 90.361964 -9.281101 -41.816002
vn -15.619476 1.109177 -98.766400
vn -15.619476 1.109177 -98.766400
vn -15.619476 1.109177 -98.766400
vn 95.896335 -2.923594 28.201881
vn 95.896335 -2.923594 28.201881
vn 95.896335 -2.923594 28.201881
vn -94.214976 -17.741588 28.438994
vn -94.214976 -17.741588 28.438994
vn -94.214976 -17.741588 28.438994
vn 42.701962 -87.602671 22.412407
vn 42.701962 -87.602671 22.412407
vn 42.701962 -87.602671 22.412407
vn 87.989233 -13.908844 -45.436101
vn 87.989233 -13.908844 -45.436101
vn 87.989233 -13.908844 -45.436101
vn -96.417396 15.640474 -21.425757
vn -96.417396 15.640474 -21.425757
vn -96.417396 15.640474 -21.425757
vn -95.036325 16.287038 26.510975
vn -95.036325 16.287038 26.510975
vn -95.036325 16.287038 26.510975
vn -85.297593 48.762283 -18.616152
vn -85.297593 48.762283 -18.616152
vn -85.297593 48.762283 -18.616152
vn -8.081558 -34.485759 93.516961
vn -8.081558 -34.485759 93.516961
vn -8.081558 -34.485759 93.516961
vn 90.814691 20.070161 36.740722
vn 90.814691 20.070161 36.740722
vn 90.814691 20.070161 36.740722
vn -71.669500 -3.192486 69.665570
vn -71.669500 -3.192486 69.665570
vn -71.669500 -3.192486 69.665570
vn 16.258386 6.448941 -98.458509
vn 16.258386 6.448941 -98.458509
vn 16.258386 6.448941 -98.458509
vn -35.437033 -52.621963 -77.299073
vn -35.437033 -52.621963 -77.299073
vn -35.437033 -52.621963 -77.299073
vn -63.090606 3.497648 -77.507050
vn -63.090606 3.497648 -77.507050
vn -63.090606 3.497648 -77.507050
vn -17.643555 11.769195 -97.725077
vn -17.643555 11.769195 -97.725077
vn -17.643555 11.769195 -97.725077
vn 31.175716 -31.181725 -89.753962
vn 31.175716 -31.181725 -89.753962
vn 31.175716 -31.181725 -89.753962
vn -45.160137 -46.888232 -75.908211
vn -45.160137 -46.888232 -75.908211
vn -45.160137 -46.888232 -75.908211
vn -29.977924 -16.691930 -93.929256
vn -29.977924 -16.691930 -93.929256
vn -29.977924 -16.691930 -93.929256
vn 61.210249 -17.659497 77.080788
vn 61.210249 -17.659497 77.080788
vn 61.210249 -17.659497 77.080788
vn 99.930915 3.320398 1.670210
vn 99.930915 3.320398 1.670210
vn 99.930915 3.320398 1.670210
vn -6.638232 18.285438 98.089636
vn -6.638232 18.285438 98.089636
vn -6.638232 18.285438 98.089636
vn -7.544115 13.251176 98.830638
vn -7.544115 13.251176 98.830638
vn -7.544115 13.251176 98.830638
vn -84.637923 11.862150 -51.920250
vn -84.637923 11.862150 -51.920250
vn -84.637923 11.862150 -51.920250
vn 96.939764 -24.089428 4.731166
vn 96.939764 -24.089428 4.731166
vn 96.939764 -24.089428 4.731166
vn -16.392994 -65.958817 73.353288
vn -16.392994 -65.958817 73.353288
vn -16.392994 -65.958817 73.353288
vn -45.393084 -52.182549 72.224994
vn -45.393084 -52.182549 72.224994
vn -45.393084 -52.182549 72.224994
vn -44.041786 -42.858458 78.888991
vn -44.041786 -42.858458 78.888991
vn -44.041786 -42.858458 78.888991
vn 93.470868 -5.324360 35.140411
vn 93.470868 -5.324360 35.140411
vn 93.470868 -5.324360 35.140411
vn 73.733256 5.258406 -67.348024
vn 73.733256 5.258406 -67.348024
vn 73.733256 5.258406 -67.348024
vn 17.283398 -2.676568 98.458723
vn 17.283398 -2.676568 98.458723
vn 17.283398 -2.676568 98.458723
vn 50.409797 -34.080113 79.356147
vn 50.409797 -34.080113 79.356147
vn 50.409797 -34.080113 79.356147
vn -60.945983 -10.929184 78.524773
vn -60.945983 -10.929184 78.524773
vn -60.945983 -10.929184 78.524773
vn -48.559345 -7.303407 87.112871
vn -48.559345 -7.303407 87.112871
vn -48.559345 -7.303407 87.112871
vn 65.229632 7.507962 -75.423657
vn 65.229632 7.507962 -75.423657
vn 65.229632 7.507962 -75.423657
vn 45.015332 -8.916602 -88.848835
vn 45.015332 -8.916602 -88.848835
vn 45.015332 -8.916602 -88.848835
vn 48.509331 0.306213 -87.445705
vn 48.509331 0.306213 -87.445705
vn 48.509331 0.306213 -87.445705
vn 50.660012 -80.993153 -29.557968
vn 50.660012 -80.993153 -29.557968
vn 50.660012 -80.993153 -29.557968
vn 29.978458 55.445845 -77.634080
vn 29.978458 55.445845 -77.634080
vn 29.978458 55.445845 -77.634080
vn -94.680279 0.482010 -32.177840
vn -94.680279 0.482010 -32.177840
vn -94.680279 0.482010 -32.177840
vn 63.975081 -2.829672 -76.806129
vn 63.975081 -2.829672 -76.806129
vn 63.975081 -2.829672 -76.806129
vn -38.699280 -27.670854 -87.958453
vn -38.699280 -27.670854 -87.958453
vn -38.699280 -27.670854 -87.958453
vn -96.922403 13.268974 20.736009
vn -96.922403 13.268974 20.736009
vn -96.922403 13.268974 20.736009
vn -85.992641 -45.452226 23.224166
vn -85.992641 -45.452226 23.224166
vn -85.992641 -45.452226 23.224166
vn 7.434523 -3.841709 99.649241
vn 7.434523 -3.841709 99.649241
vn 7.434523 -3.841709 99.649241
vn 8.863715 27.350100 -95.777913
vn 8.863715 27.350100 -95.777913
vn 8.863715 27.350100 -95.777913
vn -17.562288 9.179791 98.016827
vn -17.562288 9.179791 98.016827
vn -17.562288 9.179791 98.016827
vn -62.794786 13.182010 76.701041
vn -62.794786 13.182010 76.701041
vn -62.794786 13.182010 76.701041
vn -21.140891 97.372783 8.461942
vn -21.140891 97.372783 8.461942
vn -21.140891 97.372783 8.461942
vn 29.071215 -14.782550 -94.532224
vn 29.071215 -14.782550 -94.532224
vn 29.071215 -14.782550 -94.532224
vn 71.854624 19.471278 66.766628
vn 71.854624 19.471278 66.766628
vn 71.854624 19.471278 66.766628
vn -85.286130 -49.520380 16.553199
vn -85.286130 -49.520380 16.553199
vn -85.286130 -49.520380 16.553199
vn -91.288116 -24.832443 32.401112
vn -91.288116 -24.832443 32.401112
vn -91.288116 -24.832443 32.401112
vn 13.632568 -20.165409 -96.992328
vn 13.632568 -20.165409 -96.992328
vn 13.632568 -20.165409 -96.992328
vn -90.301893 -15.970503 -39.881214
vn -90.301893 -15.970503 -39.881214
vn -90.301893 -15.970503 -39.881214
vn 60.933040 23.348358 -75.776121
vn 60.933040 23.348358 -75.776121
vn 60.933040 23.348358 -75.776121
vn 62.116204 12.512120 -77.362945
vn 62.116204 12.512120 -77.362945
vn 62.116204 12.512120 -77.362945
f 1//1 2//2 3//3
f 4//4 5//5 6//6
f 7//7 8//8 9//9
f 10//10 11//11 12//12
f 13//13 14//14 15//15
f 16//16 17//17 18//18
f 19//19 20//20 21//21
f 22//22 23//23 24//24
f 25//25 26//26 27//27
f 28//28 29//29 30//30
f 31//31 32//32 33//33
f 34//34 35//35 36//36
f 37//37 38//38 39//39
f 40//40 41//41 42//42
f 43//43 44//44 45//45
f 46//46 47//47 48//48
f 49//49 50//50 51//51
f 52//52 53//53 54//54
f 55//55 56//56 57//57
f 58//58 59//59 60//60
f 61//61 62//62 63//63
f 64//64 65//65 66//66
f 67//67 68//68 69//69
f 70//70 71//71 72//72
f 73//73 74//74 75//75
f 76//76 77//77 78//78
f 79//79 80//80 81//81
f 82//82 83//83 84//84
f 85//85 86//86 87//87
f 88//88 89//89 90//90
f 91//91 92//92 93//93
f 94//94 95//95 96//96
f 97//97 98//98 99//99
f 100//100 101//101 102//102
f 103//103 104//104 105//105
f 106//106 107//107 108//108
f 109//109 110//110 111//111
f 112//112 113//113 114//114
f 115//115 116//116 117//117
f 118//118 119//119 120//120
f 121//121 122//122 123//123
f 124//124 125//125 126//126
f 127//127 128//128 129//129
f 130//130 131//131 132//132
f 133//133 134//134 135//135
f 136//136 137//137 138//138
f 139//139 140//140 141//141
f 142//142 143//143 144//144
f 145//145 146//146 147//147
f 148//148 149//149 150//150
f 151//151 152//152 153//153
f 154//154 155//155 156//156
f 157//157 158//158 159//159
f 160//160 161//161 162//162
f 163//163 164//164 165//165
f 166//166 167//167 168//168
f 169//169 170//170 171//171
f 172//172 173//173 174//174
f 175//175 176//176 177//177
f 178//178 179//179 180//180
f 181//181 182//182 183//183
f 184//184 185//185 186//186
f 187//187 188//188 189//189
f 190//190 191//191 192//192
f 193//193 194//194 195//195
f 196//196 197//197 198//198
f 199//199 200//200 201//201
f 202//202 203//203 204//204
f 205//205 206//206 207//207
f 208//208 209//209 210//210
f 211//211 212//212 213//213
f 214//214 215//215 216//216
f 217//217 218//218 219//219
f 220//220 221//221 222//222
f 223//223 224//224 225//225
f 226//226 227//227 228//228
f 229//229 230//230 231//231
f 232//232 233//233 234//234
f 235//235 236//236 237//237
f 238//238 239//239 240//240
f 241//241 242//242 243//243
f 244//244 245//245 246//246
f 247//247 248//248 249//249
f 250//250 251//251 252//252
f 253//253 254//254 255//255
f 256//256 257//257 258//258
f 259//259 260//260 261//261
f 262//262 263//263 264//264
f 265//265 266//266 267//267
f 268//268 269//269 270//270
f 271//271 272//272 273//273
f 274//274 275//275 276//276
f 277//277 278//278 279//279
f 280//280 281//281 282//282
f 283//283 284//284 285//285
f 286//286 287//287 288//288
f 289//289 290//290 291//291
f 292//292 293//293 294//294
f 295//295 296//296 297//297
f 298//298 299//299 300//300
f 301//301 302//302 303//303
f 304//304 305//305 306//306
f 307//307 308//308 309//309
f 310//310 311//311 312//312
f 313//313 314//314 315//315
f 316//316 317//317 318//318
f 319//319 320//320 321//321
f 322//322 323//323 324//324
f 325//325 326//326 327//327
f 328//328 329//329 330//330
f 331//331 332//332 333//333
f 334//334 335//335 336//336
f 337//337 338//338 339//339
f 340//340 341//341 342//342
f 343//343 344//344 345//345
f 346//346 347//347 348//348
f 349//349 350//350 351//351
f 352//352 353//353 354//354
f 355//355 356//356 357//357
f 358//358 359//359 360//360
f 361//361 362//362 363//363
f 364//364 365//365 366//366
f 367//367 368//368 369//369
f 370//370 371//371 372//372
f 373//373 374//374 375//375
f 376//376 377//377 378//378
f 379//379 380//380 381//381
f 382//382 383//383 384//384
f 385//385 386//386 387//387
f 388//388 389//389 390//390
f 391//391 392//392 393//393
f 394//394 395//395 396//396
f 397//397 398//398 399//399
f 400//400 401//401 402//402
f 403//403 404//404 405//405
f 406//406 407//407 408//408
f 409//409 410//410 411//411
f 412//412 413//413 414//414
f 415//415 416//416 417//417
f 418//418 419//419 420//420
f 421//421 422//422 423//423
f 424//424 425//425 426//426
f 427//427 428//428 429//429
f 430//430 431//431 432//432
f 433//433 434//434 435//435
f 436//436 437//437 438//438
f 439//439 440//440 441//441
f 442//442 443//443 444//444
f 445//445 446//446 447//447
f 448//448 449//449 450//450
f 451//451 452//452 453//453
f 454//454 455//455 456//456
f 457//457 458//458 459//459
f 460//460 461//461 462//462
f 463//463 464//464 465//465
f 466//466 467//467 468//468
f 469//469 470//470 471//471
f 472//472 473//473 474//474
f 475//475 476//476 477//477
f 478//478 479//479 480//480
f 481//481 482//482 483//483
f 484//484 485//485 486//486
f 487//487 488//488 489//489
f 490//490 491//491 492//492
f 493//493 494//494 495//495
f 496//496 497//497 498//498
f 499//499 500//500 501//501
f 502//502 503//503 504//504
f 505//505 506//506 507//507
f 508//508 509//509 510//510
f 511//511 512//512 513//513
f 514//514 515//515 516//516
f 517//517 518//518 519//519
f 520//520 521//521 522//522
f 523//523 524//524 525//525
f 526//526 527//527 528//528
f 529//529 530//530 531//531
f 532//532 533//533 534//534
f 535//535 536//536 537//537
f 538//538 539//539 540//540
f 541//541 542//542 543//543
f 544//544 545//545 546//546
f 547//547 548//548 549//549
f 550//550 551//551 552//552
f 553//553 554//554 555//555
f 556//556 557//557 558//558
f 559//559 560//560 561//561
f 562//562 563//563 564//564
f 565//565 566//566 567//567
f 568//568 569//569 570//570
f 571//571 572//572 573//573
f 574//574 575//575 576//576
f 577//577 578//578 579//579
f 580//580 581//581 582//582
f 583//583 584//584 585//585
f 586//586 587//587 588//588
f 589//589 590//590 591//591
f 592//592 593//593 594//594
f 595//595 596//596 597//597
f 598//598 599//599 600//600
f 601//601 602//602 603//603
f 604//604 605//605 606//606
f 607//607 608//608 609//609
f 610//610 611//611 612//612
f 613//613 614//614 615//615
f 616//616 617//617 618//618
f 619//619 620//620 621//621
f 622//622 623//623 624//624
f 625//625 626//626 627//627
f 628//628 629//629 630//630
f 631//631 632//632 633//633
f 634//634 635//635 636//636
f 637//637 638//638 639//639
f 640//640 641//641 642//642
f 643//643 644//644 645//645
f 646//646 647//647 648//648
f 649//649 650//650 651//651
f 652//652 653//653 654//654
f 655//655 656//656 657//657
f 658//658 659//659 660//660
f 661//661 662//662 663//663
f 664//664 665//665 666//666
f 667//667 668//668 669//669
f 670//670 671//671 672//672
f 673//673 674//674 675//675
f 676//676 677//677 678//678
f 679//679 680//680 681//681
f 682//682 683//683 684//684
f 685//685 686//686 687//687
f 688//688 689//689 690//690
f 691//691 692//692 693//693
f 694//694 695//695 696//696
f 697//697 698//698 699//699
f 700//700 701//701 702//702
f 703//703 704//704 705//705
f 706//706 707//707 708//708
f 709//709 710//710 711//711
f 712//712 713//713 714//714
f 715//715 716//716 717//717
f 718//718 719//719 720//720
f 721//721 722//722 723//723
f 724//724 725//725 726//726
f 727//727 728//728 729//729
f 730//730 731//731 732//732
f 733//733 734//734 735//735
f 736//736 737//737 738//738
f 739//739 740//740 741//741
f 742//742 743//743 744//744
f 745//745 746//746 747//747
f 748//748 749//749 750//750
f 751//751 752//752 753//753
f 754//754 755//755 756//756
f 757//757 758//758 759//759
f 760//760 761//761 762//762
f 763//763 764//764 765//765
f 766//766 767//767 768//768
f 769//769 770//770 771//771
f 772//772 773//773 774//774
f 775//775 776//776 777//777
f 778//778 779//779 780//780
f 781//781 782//782 783//783
f 784//784 785//785 786//786
f 787//787 788//788 789//789
f 790//790 791//791 792//792
f 793//793 794//794 795//795
f 796//796 797//797 798//798
f 799//799 800//800 801//801
f 802//802 803//803 804//804
f 805//805 806//806 807//807
f 808//808 809//809 810//810
f 811//811 812//812 813//813
f 814//814 815//815 816//816
f 817//817 818//818 819//819
f 820//820 821//821 822//822
f 823//823 824//824 825//825
f 826//826 827//827 828//828
f 829//829 830//830 831//831
f 832//832 833//833 834//834
f 835//835 836//836 837//837
f 838//838 839//839 840//840
f 841//841 842//842 843//843
f 844//844 845//845 846//846
f 847//847 848//848 849//849
f 850//850 851//851 852//852
f 853//853 854//854 855//855
f 856//856 857//857 858//858
f 859//859 860//860 861//861
f 862//862 863//863 864//864
f 865//865 866//866 867//867
f 868//868 869//869 870//870
f 871//871 872//872 873//873
f 874//874 875//875 876//876
f 877//877 878//878 879//879
f 880//880 881//881 882//882
f 883//883 884//884 885//885
f 886//886 887//887 888//888
f 889//889 890//890 891//891
f 892//892 893//893 894//894
f 895//895 896//896 897//897
f 898//898 899//899 900//900
f 901//901 902//902 903//903
f 904//904 905//905 906//906
f 907//907 908//908 909//909
f 910//910 911//911 912//912
f 913//913 914//914 915//915
f 916//916 917//917 918//918
f 919//919 920//920 921//921
f 922//922 923//923 924//924
f 925//925 926//926 927//927
f 928//928 929//929 930//930
f 931//931 932//932 933//933
f 934//934 935//935 936//936
f 937//937 938//938 939//939
f 940//940 941//941 942//942
f 943//943 944//944 945//945
f 946//946 947//947 948//948
f 949//949 950//950 951//951
f 952//952 953//953 954//954
f 955//955 956//956 957//957
f 958//958 959//959 960//960
f 961//961 962//962 963//963
f 964//964 965//965 966//966
f 967//967 968//968 969//969
f 970//970 971//971 972//972
f 973//973 974//974 975//975
f 976//976 977//977 978//978
f 979//979 980//980 981//981
f 982//982 983//983 984//984
f 985//985 986//986 987//987
f 988//988 989//989 990//990
f 991//991 992//992 993//993
f 994//994 995//995 996//996
f 997//997 998//998 999//999
f 1000//1000 1001//1001 1002//1002
f 1003//1003 1004//1004 1005//1005
f 1006//1006 1007//1007 1008//1008
f 1009//1009 1010//1010 1011//1011
f 1012//1012 1013//1013 1014//1014
f 1015//1015 1016//1016 1017//1017
f 1018//1018 1019//1019 1020//1020
f 1021//1021 1022//1022 1023//1023
f 1024//1024 1025//1025 1026//1026
f 1027//1027 1028//1028 1029//1029
f 1030//1030 1031//1031 1032//1032
f 1033//1033 1034//1034 1035//1035
f 1036//1036 1037//1037 1038//1038
f 1039//1039 1040//1040 1041//1041
f 1042//1042 1043//1043 1044//1044
f 1045//1045 1046//1046 1047//1047
f 1048//1048 1049//1049 1050//1050
f 1051//1051 1052//1052 1053//1053
f 1054//1054 1055//1055 1056//1056
f 1057//1057 1058//1058 1059//1059
f 1060//1060 1061//1061 1062//1062
f 1063//1063 1064//1064 1065//1065
f 1066//1066 1067//1067 1068//1068
f 1069//1069 1070//1070 1071//1071
f 1072//1072 1073//1073 1074//1074
f 1075//1075 1076//1076 1077//1077
f 1078//1078 1079//1079 1080//1080
f 1081//1081 1082//1082 1083//1083
f 1084//1084 1085//1085 1086//1086
f 1087//1087 1088//1088 1089//1089
f 1090//1090 1091//1091 1092//1092
f 1093//1093 1094//1094 1095//1095
f 1096//1096 1097//1097 1098//1098
f 1099//1099 1100//1100 1101//1101
f 1102//1102 1103//1103 1104//1104
f 1105//1105 1106//1106 1107//1107
f 1108//1108 1109//1109 1110//1110
f 1111//1111 1112//1112 1113//1113
f 1114//1114 1115//1115 1116//1116
f 1117//1117 1118//1118 1119//1119
f 1120//1120 1121//1121 1122//1122
f 1123//1123 1124//1124 1125//1125
f 1126//1126 1127//1127 1128//1128
f 1129//1129 1130//1130 1131//1131
f 1132//1132 1133//1133 1134//1134
f 1135//1135 1136//1136 1137//1137
f 1138//1138 1139//1139 1140//1140
f 1141//1141 1142//1142 1143//1143
f 1144//1144 1145//1145 1146//1146
f 1147//1147 1148//1148 1149//1149
f 1150//1150 1151//1151 1152//1152
f 1153//1153 1154//1154 1155//1155
f 1156//1156 1157//1157 1158//1158
f 1159//1159 1160//1160 1161//1161
f 1162//1162 1163//1163 1164//1164
f 1165//1165 1166//1166 1167//1167
f 1168//1168 1169//1169 1170//1170
f 1171//1171 1172//1172 1173//1173
f 1174//1174 1175//1175 1176//1176
f 1177//1177 1178//1178 1179//1179
f 1180//1180 1181//1181 1182//1182
f 1183//1183 1184//1184 1185//1185
f 1186//1186 1187//1187 1188//1188
f 1189//1189 1190//1190 1191//1191
f 1192//1192 1193//1193 1194//1194
f 1195//1195 1196//1196 1197//1197
f 1198//1198 1199//1199 1200//1200
f 1201//1201 1202//1202 1203//1203
f 1204//1204 1205//1205 1206//1206
f 1207//1207 1208//1208 1209//1209
f 1210//1210 1211//1211 1212//1212
f 1213//1213 1214//1214 1215//1215
f 1216//1216 1217//1217 1218//1218
f 1219//1219 1220//1220 1221//1221
f 1222//1222 1223//1223 1224//1224
f 1225//1225 1226//1226 1227//1227
f 1228//1228 1229//1229 1230//1230
f 1231//1231 1232//1232 1233//1233
f 1234//1234 1235//1235 1236//1236
f 1237//1237 1238//1238 1239//1239
f 1240//1240 1241//1241 1242//1242
f 1243//1243 1244//1244 1245//1245
f 1246//1246 1247//1247 1248//1248
f 1249//1249 1250//1250 1251//1251
f 1252//1252 1253//1253 1254//1254
f 1255//1255 1256//1256 1257//1257
f 1258//1258 1259//1259 1260//1260
f 1261//1261 1262//1262 1263//1263
f 1264//1264 1265//1265 1266//1266
f 1267//1267 1268//1268 1269//1269
f 1270//1270 1271//1271 1272//1272
f 1273//1273 1274//1274 1275//1275
f 1276//1276 1277//1277 1278//1278
f 1279//1279 1280//1280 1281//1281
f 1282//1282 1283//1283 1284//1284
f 1285//1285 1286//1286 1287//1287
f 1288//1288 1289//1289 1290//1290
f 1291//1291 1292//1292 1293//1293
f 1294//1294 1295//1295 1296//1296
f 1297//1297 1298//1298 1299//1299
f 1300//1300 1301//1301 1302//1302
f 1303//1303 1304//1304 1305//1305
f 1306//1306 1307//1307 1308//1308
f 1309//1309 1310//1310 1311//1311
f 1312//1312 1313//1313 1314//1314
f 1315//1315 1316//1316 1317//1317
f 1318//1318 1319//1319 1320//1320
f 1321//1321 1322//1322 1323//1323
f 1324//1324 1325//1325 1326//1326
f 1327//1327 1328//1328 1329//1329
f 1330//1330 1331//1331 1332//1332
f 1333//1333 1334//1334 1335//1335
f 1336//1336 1337//1337 1338//1338
f 1339//1339 1340//1340 1341//1341
f 1342//1342 1343//1343 1344//1344
f 1345//1345 1346//1346 1347//1347
f 1348//1348 1349//1349 1350//1350
f 1351//1351 1352//1352 1353//1353
f 1354//1354 1355//1355 1356//1356
f 1357//1357 1358//1358 1359//1359
f 1360//1360 1361//1361 1362//1362
f 1363//1363 1364//1364 1365//1365
f 1366//1366 1367//1367 1368//1368
f 1369//1369 1370//1370 1371//1371
f 1372//1372 1373//1373 1374//1374
f 1375//1375 1376//1376 1377//1377
f 1378//1378 1379//1379 1380//1380
f 1381//1381 1382//1382 1383//1383
f 1384//1384 1385//1385 1386//1386
f 1387//1387 1388//1388 1389//1389
f 1390//1390 1391//1391 1392//1392
f 1393//1393 1394//1394 1395//1395
f 1396//1396 1397//1397 1398//1398
f 1399//1399 1400//1400 1401//1401
f 1402//1402 1403//1403 1404//1404
f 1405//1405 1406//1406 1407//1407
f 1408//1408 1409//1409 1410//1410
f 1411//1411 1412//1412 1413//1413
f 1414//1414 1415//1415 1416//1416
f 1417//1417 1418//1418 1419//1419
f 1420//1420 1421//1421 1422//1422
f 1423//1423 1424//1424 1425//1425
f 1426//1426 1427//1427 1428//1428
f 1429//1429 1430//1430 1431//1431
f 1432//1432 1433//1433 1434//1434
f 1435//1435 1436//1436 1437//1437
f 1438//1438 1439//1439 1440//1440
f 1441//1441 1442//1442 1443//1443
f 1444//1444 1445//1445 1446//1446
f 1447//1447 1448//1448 1449//1449
f 1450//1450 1451//1451 1452//1452
f 1453//1453 1454//1454 1455//1455
f 1456//1456 1457//1457 1458//1458
f 1459//1459 1460//1460 1461//1461
f 1462//1462 1463//1463 1464//1464
f 1465//1465 1466//1466 1467//1467
f 1468//1468 1469//1469 1470//1470
f 1471//1471 1472//1472 1473//1473
f 1474//1474 1475//1475 1476//1476
f 1477//1477 1478//1478 1479//1479
f 1480//1480 1481//1481 1482//1482
f 1483//1483 1484//1484 1485//1485
f 1486//1486 1487//1487 1488//1488
f 1489//1489 1490//1490 1491//1491
f 1492//1492 1493//1493 1494//1494
f 1495//1495 1496//1496 1497//1497
f 1498//1498 1499//1499 1500//1500
f 1501//1501 1502//1502 1503//1503
f 1504//1504 1505//1505 1506//1506
f 1507//1507 1508//1508 1509//1509
f 1510//1510 1511//1511 1512//1512
f 1513//1513 1514//1514 1515//1515
f 1516//1516 1517//1517 1518//1518
f 1519//1519 1520//1520 1521//1521
f 1522//1522 1523//1523 1524//1524
f 1525//1525 1526//1526 1527//1527
f 1528//1528 1529//1529 1530//1530
f 1531//1531 1532//1532 1533//1533
f 1534//1534 1535//1535 1536//1536
f 1537//1537 1538//1538 1539//1539
f 1540//1540 1541//1541 1542//1542
f 1543//1543 1544//1544 1545//1545
f 1546//1546 1547//1547 1548//1548
f 1549//1549 1550//1550 1551//1551
f 1552//1552 1553//1553 1554//1554
f 1555//1555 1556//1556 1557//1557
f 1558//1558 1559//1559 1560//1560
f 1561//1561 1562//1562 1563//1563
f 1564//1564 1565//1565 1566//1566
f 1567//1567 1568//1568 1569//1569
f 1570//1570 1571//1571 1572//1572
f 1573//1573 1574//1574 1575//1575
f 1576//1576 1577//1577 1578//1578
f 1579//1579 1580//1580 1581//1581
f 1582//1582 1583//1583 1584//1584
f 1585//1585 1586//1586 1587//1587
f 1588//1588 1589//1589 1590//1590
f 1591//1591 1592//1592 1593//1593
f 1594//1594 1595//1595 1596//1596
f 1597//1597 1598//1598 1599//1599
f 1600//1600 1601//1601 1602//1602
f 1603//1603 1604//1604 1605//1605
f 1606//1606 1607//1607 1608//1608
f 1609//1609 1610//1610 1611//1611
f 1612//1612 1613//1613 1614//1614
f 1615//1615 1616//1616 1617//1617
f 1618//1618 1619//1619 1620//1620
f 1621//1621 1622//1622 1623//1623
f 1624//1624 1625//1625 1626//1626
f 1627//1627 1628//1628 1629//1629
f 1630//1630 1631//1631 1632//1632
f 1633//1633 1634//1634 1635//1635
f 1636//1636 1637//1637 1638//1638
f 1639//1639 1640//1640 1641//1641
f 1642//1642 1643//1643 1644//1644
f 1645//1645 1646//1646 1647//1647
f 1648//1648 1649//1649 1650//1650
f 1651//1651 1652//1652 1653//1653
f 1654//1654 1655//1655 1656//1656
f 1657//1657 1658//1658 1659//1659
f 1660//1660 1661//1661 1662//1662
f 1663//1663 1664//1664 1665//1665
f 1666//1666 1667//1667 1668//1668
f 1669//1669 1670//1670 1671//1671
f 1672//1672 1673//1673 1674//1674
f 1675//1675 1676//1676 1677//1677
f 1678//1678 1679//1679 1680//1680
f 1681//1681 1682//1682 1683//1683
f 1684//1684 1685//1685 1686//1686
f 1687//1687 1688//1688 1689//1689
f 1690//1690 1691//1691 1692//1692
f 1693//1693 1694//1694 1695//1695
f 1696//1696 1697//1697 1698//1698
f 1699//1699 1700//1700 1701//1701
f 1702//1702 1703//1703 1704//1704
f 1705//1705 1706//1706 1707//1707
f 1708//1708 1709//1709 1710//1710
f 1711//1711 1712//1712 1713//1713
f 1714//1714 1715//1715 1716//1716
f 1717//1717 1718//1718 1719//1719
f 1720//1720 1721//1721 1722//1722
f 1723//1723 1724//1724 1725//1725
f 1726//1726 1727//1727 1728//1728
f 1729//1729 1730//1730 1731//1731
f 1732//1732 1733//1733 1734//1734
f 1735//1735 1736//1736 1737//1737
f 1738//1738 1739//1739 1740//1740
f 1741//1741 1742//1742 1743//1743
f 1744//1744 1745//1745 1746//1746
f 1747//1747 1748//1748 1749//1749
f 1750//1750 1751//1751 1752//1752
f 1753//1753 1754//1754 1755//1755
f 1756//1756 1757//1757 1758//1758
f 1759//1759 1760//1760 1761//1761
f 1762//1762 1763//1763 1764//1764
f 1765//1765 1766//1766 1767//1767
f 1768//1768 1769//1769 1770//1770
f 1771//1771 1772//1772 1773//1773
f 1774//1774 1775//1775 1776//1776
f 1777//1777 1778//1778 1779//1779
f 1780//1780 1781//1781 1782//1782
f 1783//1783 1784//1784 1785//1785
f 1786//1786 1787//1787 1788//1788
f 1789//1789 1790//1790 1791//1791
f 1792//1792 1793//1793 1794//1794
f 1795//1795 1796//1796 1797//1797
f 1798//1798 1799//1799 1800//1800
f 1801//1801 1802//1802 1803//1803
f 1804//1804 1805//1805 1806//1806
f 1807//1807 1808//1808 1809//1809
f 1810//1810 1811//1811 1812//1812
f 1813//1813 1814//1814 1815//1815
f 1816//1816 1817//1817 1818//1818
f 1819//1819 1820//1820 1821//1821
f 1822//1822 1823//1823 1824//1824
f 1825//1825 1826//1826 1827//1827
f 1828//1828 1829//1829 1830//1830
f 1831//1831 1832//1832 1833//1833
f 1834//1834 1835//1835 1836//1836
f 1837//1837 1838//1838 1839//1839
f 1840//1840 1841//1841 1842//1842
f 1843//1843 1844//1844 1845//1845
f 1846//1846 1847//1847 1848//1848
f 1849//1849 1850//1850 1851//1851
f 1852//1852 1853//1853 1854//1854
f 1855//1855 1856//1856 1857//1857
f 1858//1858 1859//1859 1860//1860
f 1861//1861 1862//1862 1863//1863
f 1864//1864 1865//1865 1866//1866
f 1867//1867 1868//1868 1869//1869
f 1870//1870 1871//1871 1872//1872
f 1873//1873 1874//1874 1875//1875
f 1876//1876 1877//1877 1878//1878
f 1879//1879 1880//1880 1881//1881
f 1882//1882 1883//1883 1884//1884
f 1885//1885 1886//1886 1887//1887
f 1888//1888 1889//1889 1890//1890
f 1891//1891 1892//1892 1893//1893
f 1894//1894 1895//1895 1896//1896
f 1897//1897 1898//1898 1899//1899
f 1900//1900 1901//1901 1902//1902
f 1903//1903 1904//1904 1905//1905
f 1906//1906 1907//1907 1908//1908
f 1909//1909 1910//1910 1911//1911
f 1912//1912 1913//1913 1914//1914
f 1915//1915 1916//1916 1917//1917
f 1918//1918 1919//1919 1920//1920
f 1921//1921 1922//1922 1923//1923
f 1924//1924 1925//1925 1926//1926
f 1927//1927 1928//1928 1929//1929
f 1930//1930 1931//1931 1932//1932
f 1933//1933 1934//1934 1935//1935
f 1936//1936 1937//1937 1938//1938
f 1939//1939 1940//1940 1941//1941
f 1942//1942 1943//1943 1944//1944
f 1945//1945 1946//1946 1947//1947
f 1948//1948 1949//1949 1950//1950
f 1951//1951 1952//1952 1953//1953
f 1954//1954 1955//1955 1956//1956
f 1957//1957 1958//1958 1959//1959
f 1960//1960 1961//1961 1962//1962
f 1963//1963 1964//1964 1965//1965
f 1966//1966 1967//1967 1968//1968
f 1969//1969 1970//1970 1971//1971
f 1972//1972 1973//1973 1974//1974
f 1975//1975 1976//1976 1977//1977
f 1978//1978 1979//1979 1980//1980
f 1981//1981 1982//1982 1983//1983
f 1984//1984 1985//1985 1986//1986
f 1987//1987 1988//1988 1989//1989
f 1990//1990 1991//1991 1992//1992
f 1993//1993 1994//1994 1995//1995
f 1996//1996 1997//1997 1998//1998
f 1999//1999 2000//2000 2001//2001
f 2002//2002 2003//2003 2004//2004
f 2005//2005 2006//2006 2007//2007
f 2008//2008 2009//2009 2010//2010
f 2011//2011 2012//2012 2013//2013
f 2014//2014 2015//2015 2016//2016
f 2017//2017 2018//2018 2019//2019
f 2020//2020 2021//2021 2022//2022
f 2023//2023 2024//2024 2025//2025
f 2026//2026 2027//2027 2028//2028
f 2029//2029 2030//2030 2031//2031
f 2032//2032 2033//2033 2034//2034
f 2035//2035 2036//2036 2037//2037
f 2038//2038 2039//2039 2040//2040
f 2041//2041 2042//2042 2043//2043
f 2044//2044 2045//2045 2046//2046
f 2047//2047 2048//2048 2049//2049
f 2050//2050 2051//2051 2052//2052
f 2053//2053 2054//2054 2055//2055
f 2056//2056 2057//2057 2058//2058
f 2059//2059 2060//2060 2061//2061
f 2062//2062 2063//2063 2064//2064
f 2065//2065 2066//2066 2067//2067
f 2068//2068 2069//2069 2070//2070
f 2071//2071 2072//2072 2073//2073
f 2074//2074 2075//2075 2076//2076
f 2077//2077 2078//2078 2079//2079
f 2080//2080 2081//2081 2082//2082
f 2083//2083 2084//2084 2085//2085
f 2086//2086 2087//2087 2088//2088
f 2089//2089 2090//2090 2091//2091
f 2092//2092 2093//2093 2094//2094
f 2095//2095 2096//2096 2097//2097
f 2098//2098 2099//2099 2100//2100
f 2101//2101 2102//2102 2103//2103
f 2104//2104 2105//2105 2106//2106
f 2107//2107 2108//2108 2109//2109
f 2110//2110 2111//2111 2112//2112
f 2113//2113 2114//2114 2115//2115
f 2116//2116 2117//2117 2118//2118
f 2119//2119 2120//2120 2121//2121
f 2122//2122 2123//2123 2124//2124
f 2125//2125 2126//2126 2127//2127
f 2128//2128 2129//2129 2130//2130
f 2131//2131 2132//2132 2133//2133
f 2134//2134 2135//2135 2136//2136
f 2137//2137 2138//2138 2139//2139
f 2140//2140 2141//2141 2142//2142
f 2143//2143 2144//2144 2145//2145
f 2146//2146 2147//2147 2148//2148
f 2149//2149 2150//2150 2151//2151
f 2152//2152 2153//2153 2154//2154
f 2155//2155 2156//2156 2157//2157
f 2158//2158 2159//2159 2160//2160
f 2161//2161 2162//2162 2163//2163
f 2164//2164 2165//2165 2166//2166
f 2167//2167 2168//2168 2169//2169
f 2170//2170 2171//2171 2172//2172
f 2173//2173 2174//2174 2175//2175
f 2176//2176 2177//2177 2178//2178
f 2179//2179 2180//2180 2181//2181
f 2182//2182 2183//2183 2184//2184
f 2185//2185 2186//2186 2187//2187
f 2188//2188 2189//2189 2190//2190
f 2191//2191 2192//2192 2193//2193
f 2194//2194 2195//2195 2196//2196
f 2197//2197 2198//2198 2199//2199
f 2200//2200 2201//2201 2202//2202
f 2203//2203 2204//2204 2205//2205
f 2206//2206 2207//2207 2208//2208
f 2209//2209 2210//2210 2211//2211
f 2212//2212 2213//2213 2214//2214
f 2215//2215 2216//2216 2217//2217
f 2218//2218 2219//2219 2220//2220
f 2221//2221 2222//2222 2223//2223
f 2224//2224 2225//2225 2226//2226
f 2227//2227 2228//2228 2229//2229
f 2230//2230 2231//2231 2232//2232
f 2233//2233 2234//2234 2235//2235
f 2236//2236 2237//2237 2238//2238
f 2239//2239 2240//2240 2241//2241
f 2242//2242 2243//2243 2244//2244
f 2245//2245 2246//2246 2247//2247
f 2248//2248 2249//2249 2250//2250
f 2251//2251 2252//2252 2253//2253
f 2254//2254 2255//2255 2256//2256
f 2257//2257 2258//2258 2259//2259
f 2260//2260 2261//2261 2262//2262
f 2263//2263 2264//2264 2265//2265
f 2266//2266 2267//2267 2268//2268
f 2269//2269 2270//2270 2271//2271
f 2272//2272 2273//2273 2274//2274
f 2275//2275 2276//2276 2277//2277
f 2278//2278 2279//2279 2280//2280
f 2281//2281 2282//2282 2283//2283
f 2284//2284 2285//2285 2286//2286
f 2287//2287 2288//2288 2289//2289
f 2290//2290 2291//2291 2292//2292
f 2293//2293 2294//2294 2295//2295
f 2296//2296 2297//2297 2298//2298
f 2299//2299 2300//2300 2301//2301
f 2302//2302 2303//2303 2304//2304
f 2305//2305 2306//2306 2307//2307
f 2308//2308 2309//2309 2310//2310
f 2311//2311 2312//2312 2313//2313
f 2314//2314 2315//2315 2316//2316
f 2317//2317 2318//2318 2319//2319
f 2320//2320 2321//2321 2322//2322
f 2323//2323 2324//2324 2325//2325
f 2326//2326 2327//2327 2328//2328
f 2329//2329 2330//2330 2331//2331
f 2332//2332 2333//2333 2334//2334
f 2335//2335 2336//2336 2337//2337
f 2338//2338 2339//2339 2340//2340
f 2341//2341 2342//2342 2343//2343
f 2344//2344 2345//2345 2346//2346
f 2347//2347 2348//2348 2349//2349
f 2350//2350 2351//2351 2352//2352
f 2353//2353 2354//2354 2355//2355
f 2356//2356 2357//2357 2358//2358
f 2359//2359 2360//2360 2361//2361
f 2362//2362 2363//2363 2364//2364
f 2365//2365 2366//2366 2367//2367
f 2368//2368 2369//2369 2370//2370
f 2371//2371 2372//2372 2373//2373
f 2374//2374 2375//2375 2376//2376
f 2377//2377 2378//2378 2379//2379
f 2380//2380 2381//2381 2382//2382
f 2383//2383 2384//2384 2385//2385
f 2386//2386 2387//2387 2388//2388
f 2389//2389 2390//2390 2391//2391
f 2392//2392 2393//2393 2394//2394
f 2395//2395 2396//2396 2397//2397
f 2398//2398 2399//2399 2400//2400
f 2401//2401 2402//2402 2403//2403
f 2404//2404 2405//2405 2406//2406
f 2407//2407 2408//2408 2409//2409
f 2410//2410 2411//2411 2412//2412
f 2413//2413 2414//2414 2415//2415
f 2416//2416 2417//2417 2418//2418
f 2419//2419 2420//2420 2421//2421
f 2422//2422 2423//2423 2424//2424
f 2425//2425 2426//2426 2427//2427
f 2428//2428 2429//2429 2430//2430
f 2431//2431 2432//2432 2433//2433
f 2434//2434 2435//2435 2436//2436
f 2437//2437 2438//2438 2439//2439
f 2440//2440 2441//2441 2442//2442
f 2443//2443 2444//2444 2445//2445
f 2446//2446 2447//2447 2448//2448
f 2449//2449 2450//2450 2451//2451
f 2452//2452 2453//2453 2454//2454
f 2455//2455 2456//2456 2457//2457
f 2458//2458 2459//2459 2460//2460
f 2461//2461 2462//2462 2463//2463
f 2464//2464 2465//2465 2466//2466
f 2467//2467 2468//2468 2469//2469
f 2470//2470 2471//2471 2472//2472
f 2473//2473 2474//2474 2475//2475
f 2476//2476 2477//2477 2478//2478
f 2479//2479 2480//2480 2481//2481
f 2482//2482 2483//2483 2484//2484
f 2485//2485 2486//2486 2487//2487
f 2488//2488 2489//2489 2490//2490
f 2491//2491 2492//2492 2493//2493
f 2494//2494 2495//2495 2496//2496
f 2497//2497 2498//2498 2499//2499
f 2500//2500 2501//2501 2502//2502
f 2503//2503 2504//2504 2505//2505
f 2506//2506 2507//2507 2508//2508
f 2509//2509 2510//2510 2511//2511
f 2512//2512 2513//2513 2514//2514
f 2515//2515 2516//2516 2517//2517
f 2518//2518 2519//2519 2520//2520
f 2521//2521 2522//2522 2523//2523
f 2524//2524 2525//2525 2526//2526
f 2527//2527 2528//2528 2529//2529
f 2530//2530 2531//2531 2532//2532
f 2533//2533 2534//2534 2535//2535
f 2536//2536 2537//2537 2538//2538
f 2539//2539 2540//2540 2541//2541
f 2542//2542 2543//2543 2544//2544
f 2545//2545 2546//2546 2547//2547
f 2548//2548 2549//2549 2550//2550
f 2551//2551 2552//2552 2553//2553
f 2554//2554 2555//2555 2556//2556
f 2557//2557 2558//2558 2559//2559
f 2560//2560 2561//2561 2562//2562
f 2563//2563 2564//2564 2565//2565
f 2566//2566 2567//2567 2568//2568
f 2569//2569 2570//2570 2571//2571
f 2572//2572 2573//2573 2574//2574
f 2575//2575 2576//2576 2577//2577
f 2578//2578 2579//2579 2580//2580
f 2581//2581 2582//2582 2583//2583
f 2584//2584 2585//2585 2586//2586
f 2587//2587 2588//2588 2589//2589
f 2590//2590 2591//2591 2592//2592
f 2593//2593 2594//2594 2595//2595
f 2596//2596 2597//2597 2598//2598
f 2599//2599 2600//2600 2601//2601
f 2602//2602 2603//2603 2604//2604
f 2605//2605 2606//2606 2607//2607
f 2608//2608 2609//2609 2610//2610
f 2611//2611 2612//2612 2613//2613
f 2614//2614 2615//2615 2616//2616
f 2617//2617 2618//2618 2619//2619
f 2620//2620 2621//2621 2622//2622
f 2623//2623 2624//2624 2625//2625
f 2626//2626 2627//2627 2628//2628
f 2629//2629 2630//2630 2631//2631
f 2632//2632 2633//2633 2634//2634
f 2635//2635 2636//2636 2637//2637
f 2638//2638 2639//2639 2640//2640
f 2641//2641 2642//2642 2643//2643
f 2644//2644 2645//2645 2646//2646
f 2647//2647 2648//2648 2649//2649
f 2650//2650 2651//2651 2652//2652
f 2653//2653 2654//2654 2655//2655
f 2656//2656 2657//2657 2658//2658
f 2659//2659 2660//2660 2661//2661
f 2662//2662 2663//2663 2664//2664
f 2665//2665 2666//2666 2667//2667
f 2668//2668 2669//2669 2670//2670
f 2671//2671 2672//2672 2673//2673
f 2674//2674 2675//2675 2676//2676
f 2677//2677 2678//2678 2679//2679
f 2680//2680 2681//2681 2682//2682
f 2683//2683 2684//2684 2685//2685
f 2686//2686 2687//2687 2688//2688
f 2689//2689 2690//2690 2691//2691
f 2692//2692 2693//2693 2694//2694
f 2695//2695 2696//2696 2697//2697
f 2698//2698 2699//2699 2700//2700
f 2701//2701 2702//2702 2703//2703
f 2704//2704 2705//2705 2706//2706
f 2707//2707 2708//2708 2709//2709
f 2710//2710 2711//2711 2712//2712
f 2713//2713 2714//2714 2715//2715
f 2716//2716 2717//2717 2718//2718
f 2719//2719 2720//2720 2721//2721
f 2722//2722 2723//2723 2724//2724
f 2725//2725 2726//2726 2727//2727
f 2728//2728 2729//2729 2730//2730
f 2731//2731 2732//2732 2733//2733
f 2734//2734 2735//2735 2736//2736
f 2737//2737 2738//2738 2739//2739
f 2740//2740 2741//2741 2742//2742
f 2743//2743 2744//2744 2745//2745
f 2746//2746 2747//2747 2748//2748
f 2749//2749 2750//2750 2751//2751
f 2752//2752 2753//2753 2754//2754
f 2755//2755 2756//2756 2757//2757
f 2758//2758 2759//2759 2760//2760
f 2761//2761 2762//2762 2763//2763
f 2764//2764 2765//2765 2766//2766
f 2767//2767 2768//2768 2769//2769
f 2770//2770 2771//2771 2772//2772
f 2773//2773 2774//2774 2775//2775
f 2776//2776 2777//2777 2778//2778
f 2779//2779 2780//2780 2781//2781
f 2782//2782 2783//2783 2784//2784
f 2785//2785 2786//2786 2787//2787
f 2788//2788 2789//2789 2790//2790
f 2791//2791 2792//2792 2793//2793
f 2794//2794 2795//2795 2796//2796
f 2797//2797 2798//2798 2799//2799
f 2800//2800 2801//2801 2802//2802
f 2803//2803 2804//2804 2805//2805
f 2806//2806 2807//2807 2808//2808
f 2809//2809 2810//2810 2811//2811
f 2812//2812 2813//2813 2814//2814
f 2815//2815 2816//2816 2817//2817
f 2818//2818 2819//2819 2820//2820
f 2821//2821 2822//2822 2823//2823
f 2824//2824 2825//2825 2826//2826
f 2827//2827 2828//2828 2829//2829
f 2830//2830 2831//2831 2832//2832
f 2833//2833 2834//2834 2835//2835
f 2836//2836 2837//2837 2838//2838
f 2839//2839 2840//2840 2841//2841
f 2842//2842 2843//2843 2844//2844
f 2845//2845 2846//2846 2847//2847
f 2848//2848 2849//2849 2850//2850
f 2851//2851 2852//2852 2853//2853
f 2854//2854 2855//2855 2856//2856
f 2857//2857 2858//2858 2859//2859
f 2860//2860 2861//2861 2862//2862
f 2863//2863 2864//2864 2865//2865
f 2866//2866 2867//2867 2868//2868
f 2869//2869 2870//2870 2871//2871
f 2872//2872 2873//2873 2874//2874
f 2875//2875 2876//2876 2877//2877
f 2878//2878 2879//2879 2880//2880
f 2881//2881 2882//2882 2883//2883
f 2884//2884 2885//2885 2886//2886
f 2887//2887 2888//2888 2889//2889
f 2890//2890 2891//2891 2892//2892
f 2893//2893 2894//2894 2895//2895
f 2896//2896 2897//2897 2898//2898
f 2899//2899 2900//2900 2901//2901
f 2902//2902 2903//2903 2904//2904
f 2905//2905 2906//2906 2907//2907
f 2908//2908 2909//2909 2910//2910
f 2911//2911 2912//2912 2913//2913
f 2914//2914 2915//2915 2916//2916
f 2917//2917 2918//2918 2919//2919
f 2920//2920 2921//2921 2922//2922
f 2923//2923 2924//2924 2925//2925
f 2926//2926 2927//2927 2928//2928
f 2929//2929 2930//2930 2931//2931
f 2932//2932 2933//2933 2934//2934
f 2935//2935 2936//2936 2937//2937
f 2938//2938 2939//2939 2940//2940
f 2941//2941 2942//2942 2943//2943
f 2944//2944 2945//2945 2946//2946
f 2947//2947 2948//2948 2949//2949
f 2950//2950 2951//2951 2952//2952
f 2953//2953 2954//2954 2955//2955
f 2956//2956 2957//2957 2958//2958
f 2959//2959 2960//2960 2961//2961
f 2962//2962 2963//2963 2964//2964
f 2965//2965 2966//2966 2967//2967
f 2968//2968 2969//2969 2970//2970
f 2971//2971 2972//2972 2973//2973
f 2974//2974 2975//2975 2976//2976
f 2977//2977 2978//2978 2979//2979
f 2980//2980 2981//2981 2982//2982
f 2983//2983 2984//2984 2985//2985
f 2986//2986 2987//2987 2988//2988
f 2989//2989 2990//2990 2991//2991
f 2992//2992 2993//2993 2994//2994
f 2995//2995 2996//2996 2997//2997
f 2998//2998 2999//2999 3000//3000
f 3001//3001 3002//3002 3003//3003
f 3004//3004 3005//3005 3006//3006
f 3007//3007 3008//3008 3009//3009
f 3010//3010 3011//3011 3012//3012
f 3013//3013 3014//3014 3015//3015
f 3016//3016 3017//3017 3018//3018
f 3019//3019 3020//3020 3021//3021
f 3022//3022 3023//3023 3024//3024
f 3025//3025 3026//3026 3027//3027
f 3028//3028 3029//3029 3030//3030
f 3031//3031 3032//3032 3033//3033
f 3034//3034 3035//3035 3036//3036
f 3037//3037 3038//3038 3039//3039
f 3040//3040 3041//3041 3042//3042
f 3043//3043 3044//3044 3045//3045
f 3046//3046 3047//3047 3048//3048
f 3049//3049 3050//3050 3051//3051
f 3052//3052 3053//3053 3054//3054
f 3055//3055 3056//3056 3057//3057
f 3058//3058 3059//3059 3060//3060
f 3061//3061 3062//3062 3063//3063
f 3064//3064 3065//3065 3066//3066
f 3067//3067 3068//3068 3069//3069
f 3070//3070 3071//3071 3072//3072
f 3073//3073 3074//3074 3075//3075
f 3076//3076 3077//3077 3078//3078
f 3079//3079 3080//3080 3081//3081
f 3082//3082 3083//3083 3084//3084
f 3085//3085 3086//3086 3087//3087
f 3088//3088 3089//3089 3090//3090
f 3091//3091 3092//3092 3093//3093
f 3094//3094 3095//3095 3096//3096
f 3097//3097 3098//3098 3099//3099
f 3100//3100 3101//3101 3102//3102
f 3103//3103 3104//3104 3105//3105
f 3106//3106 3107//3107 3108//3108
f 3109//3109 3110//3110 3111//3111
f 3112//3112 3113//3113 3114//3114
f 3115//3115 3116//3116 3117//3117
f 3118//3118 3119//3119 3120//3120
f 3121//3121 3122//3122 3123//3123
f 3124//3124 3125//3125 3126//3126
f 3127//3127 3128//3128 3129//3129
f 3130//3130 3131//3131 3132//3132
f 3133//3133 3134//3134 3135//3135
f 3136//3136 3137//3137 3138//3138
f 3139//3139 3140//3140 3141//3141
f 3142//3142 3143//3143 3144//3144
f 3145//3145 3146//3146 3147//3147
f 3148//3148 3149//3149 3150//3150
f 3151//3151 3152//3152 3153//3153
f 3154//3154 3155//3155 3156//3156
f 3157//3157 3158//3158 3159//3159
f 3160//3160 3161//3161 3162//3162
f 3163//3163 3164//3164 3165//3165
f 3166//3166 3167//3167 3168//3168
f 3169//3169 3170//3170 3171//3171
f 3172//3172 3173//3173 3174//3174
f 3175//3175 3176//3176 3177//3177
f 3178//3178 3179//3179 3180//3180
f 3181//3181 3182//3182 3183//3183
f 3184//3184 3185//3185 3186//3186
f 3187//3187 3188//3188 3189//3189
f 3190//3190 3191//3191 3192//3192
f 3193//3193 3194//3194 3195//3195
f 3196//3196 3197//3197 3198//3198
f 3199//3199 3200//3200 3201//3201
f 3202//3202 3203//3203 3204//3204
f 3205//3205 3206//3206 3207//3207
f 3208//3208 3209//3209 3210//3210
f 3211//3211 3212//3212 3213//3213
f 3214//3214 3215//3215 3216//3216
f 3217//3217 3218//3218 3219//3219
f 3220//3220 3221//3221 3222//3222
f 3223//3223 3224//3224 3225//3225
f 3226//3226 3227//3227 3228//3228
f 3229//3229 3230//3230 3231//3231
f 3232//3232 3233//3233 3234//3234
f 3235//3235 3236//3236 3237//3237
f 3238//3238 3239//3239 3240//3240
f 3241//3241 3242//3242 3243//3243
f 3244//3244 3245//3245 3246//3246
f 3247//3247 3248//3248 3249//3249
f 3250//3250 3251//3251 3252//3252
f 3253//3253 3254//3254 3255//3255
f 3256//3256 3257//3257 3258//3258
f 3259//3259 3260//3260 3261//3261
f 3262//3262 3263//3263 3264//3264
f 3265//3265 3266//3266 3267//3267
f 3268//3268 3269//3269 3270//3270
f 3271//3271 3272//3272 3273//3273
f 3274//3274 3275//3275 3276//3276
f 3277//3277 3278//3278 3279//3279
f 3280//3280 3281//3281 3282//3282
f 3283//3283 3284//3284 3285//3285
f 3286//3286 3287//3287 3288//3288
f 3289//3289 3290//3290 3291//3291
f 3292//3292 3293//3293 3294//3294
f 3295//3295 3296//3296 3297//3297
f 3298//3298 3299//3299 3300//3300
f 3301//3301 3302//3302 3303//3303
f 3304//3304 3305//3305 3306//3306
f 3307//3307 3308//3308 3309//3309
f 3310//3310 3311//3311 3312//3312
f 3313//3313 3314//3314 3315//3315
f 3316//3316 3317//3317 3318//3318
f 3319//3319 3320//3320 3321//3321
f 3322//3322 3323//3323 3324//3324
f 3325//3325 3326//3326 3327//3327
f 3328//3328 3329//3329 3330//3330
f 3331//3331 3332//3332 3333//3333
f 3334//3334 3335//3335 3336//3336
f 3337//3337 3338//3338 3339//3339
f 3340//3340 3341//3341 3342//3342
f 3343//3343 3344//3344 3345//3345
f 3346//3346 3347//3347 3348//3348
f 3349//3349 3350//3350 3351//3351
f 3352//3352 3353//3353 3354//3354
f 3355//3355 3356//3356 3357//3357
f 3358//3358 3359//3359 3360//3360
f 3361//3361 3362//3362 3363//3363
f 3364//3364 3365//3365 3366//3366
f 3367//3367 3368//3368 3369//3369
f 3370//3370 3371//3371 3372//3372
f 3373//3373 3374//3374 3375//3375
f 3376//3376 3377//3377 3378//3378
f 3379//3379 3380//3380 3381//3381
f 3382//3382 3383//3383 3384//3384
f 3385//3385 3386//3386 3387//3387
f 3388//3388 3389//3389 3390//3390
f 3391//3391 3392//3392 3393//3393
f 3394//3394 3395//3395 3396//3396
f 3397//3397 3398//3398 3399//3399
f 3400//3400 3401//3401 3402//3402
f 3403//3403 3404//3404 3405//3405
f 3406//3406 3407//3407 3408//3408
f 3409//3409 3410//3410 3411//3411
f 3412//3412 3413//3413 3414//3414
f 3415//3415 3416//3416 3417//3417
f 3418//3418 3419//3419 3420//3420
f 3421//3421 3422//3422 3423//3423
f 3424//3424 3425//3425 3426//3426
f 3427//3427 3428//3428 3429//3429
f 3430//3430 3431//3431 3432//3432
f 3433//3433 3434//3434 3435//3435
f 3436//3436 3437//3437 3438//3438
f 3439//3439 3440//3440 3441//3441
f 3442//3442 3443//3443 3444//3444
f 3445//3445 3446//3446 3447//3447
f 3448//3448 3449//3449 3450//3450
f 3451//3451 3452//3452 3453//3453
f 3454//3454 3455//3455 3456//3456
f 3457//3457 3458//3458 3459//3459
f 3460//3460 3461//3461 3462//3462
f 3463//3463 3464//3464 3465//3465
f 3466//3466 3467//3467 3468//3468
f 3469//3469 3470//3470 3471//3471
f 3472//3472 3473//3473 3474//3474
f 3475//3475 3476//3476 3477//3477
f 3478//3478 3479//3479 3480//3480
f 3481//3481 3482//3482 3483//3483
f 3484//3484 3485//3485 3486//3486
f 3487//3487 3488//3488 3489//3489
f 3490//3490 3491//3491 3492//3492
f 3493//3493 3494//3494 3495//3495
f 3496//3496 3497//3497 3498//3498
f 3499//3499 3500//3500 3501//3501
f 3502//3502 3503//3503 3504//3504
f 3505//3505 3506//3506 3507//3507
f 3508//3508 3509//3509 3510//3510
f 3511//3511 3512//3512 3513//3513
f 3514//3514 3515//3515 3516//3516
f 3517//3517 3518//3518 3519//3519
f 3520//3520 3521//3521 3522//3522
f 3523//3523 3524//3524 3525//3525
f 3526//3526 3527//3527 3528//3528
f 3529//3529 3530//3530 3531//3531
f 3532//3532 3533//3533 3534//3534
f 3535//3535 3536//3536 3537//3537
f 3538//3538 3539//3539 3540//3540
f 3541//3541 3542//3542 3543//3543
f 3544//3544 3545//3545 3546//3546
f 3547//3547 3548//3548 3549//3549
f 3550//3550 3551//3551 3552//3552
f 3553//3553 3554//3554 3555//3555
f 3556//3556 3557//3557 3558//3558
f 3559//3559 3560//3560 3561//3561
f 3562//3562 3563//3563 3564//3564
f 3565//3565 3566//3566 3567//3567
f 3568//3568 3569//3569 3570//3570
f 3571//3571 3572//3572 3573//3573
f 3574//3574 3575//3575 3576//3576
f 3577//3577 3578//3578 3579//3579
f 3580//3580 3581//3581 3582//3582
f 3583//3583 3584//3584 3585//3585
f 3586//3586 3587//3587 3588//3588
f 3589//3589 3590//3590 3591//3591
f 3592//3592 3593//3593 3594//3594
f 3595//3595 3596//3596 3597//3597
f 3598//3598 3599//3599 3600//3600
f 3601//3601 3602//3602 3603//3603
f 3604//3604 3605//3605 3606//3606
f 3607//3607 3608//3608 3609//3609
f 3610//3610 3611//3611 3612//3612
f 3613//3613 3614//3614 3615//3615
f 3616//3616 3617//3617 3618//3618
f 3619//3619 3620//3620 3621//3621
f 3622//3622 3623//3623 3624//3624
f 3625//3625 3626//3626 3627//3627
f 3628//3628 3629//3629 3630//3630
f 3631//3631 3632//3632 3633//3633
f 3634//3634 3635//3635 3636//3636
f 3637//3637 3638//3638 3639//3639
f 3640//3640 3641//3641 3642//3642
f 3643//3643 3644//3644 3645//3645
f 3646//3646 3647//3647 3648//3648
f 3649//3649 3650//3650 3651//3651
f 3652//3652 3653//3653 3654//3654
f 3655//3655 3656//3656 3657//3657
f 3658//3658 3659//3659 3660//3660
f 3661//3661 3662//3662 3663//3663
f 3664//3664 3665//3665 3666//3666
f 3667//3667 3668//3668 3669//3669
f 3670//3670 3671//3671 3672//3672
f 3673//3673 3674//3674 3675//3675
f 3676//3676 3677//3677 3678//3678
f 3679//3679 3680//3680 3681//3681
f 3682//3682 3683//3683 3684//3684
f 3685//3685 3686//3686 3687//3687
f 3688//3688 3689//3689 3690//3690
f 3691//3691 3692//3692 3693//3693
f 3694//3694 3695//3695 3696//3696
f 3697//3697 3698//3698 3699//3699
f 3700//3700 3701//3701 3702//3702
f 3703//3703 3704//3704 3705//3705
f 3706//3706 3707//3707 3708//3708
f 3709//3709 3710//3710 3711//3711
f 3712//3712 3713//3713 3714//3714
f 3715//3715 3716//3716 3717//3717
f 3718//3718 3719//3719 3720//3720
f 3721//3721 3722//3722 3723//3723
f 3724//3724 3725//3725 3726//3726
f 3727//3727 3728//3728 3729//3729
f 3730//3730 3731//3731 3732//3732
f 3733//3733 3734//3734 3735//3735
f 3736//3736 3737//3737 3738//3738
f 3739//3739 3740//3740 3741//3741
f 3742//3742 3743//3743 3744//3744
f 3745//3745 3746//3746 3747//3747
f 3748//3748 3749//3749 3750//3750
f 3751//3751 3752//3752 3753//3753
f 3754//3754 3755//3755 3756//3756
f 3757//3757 3758//3758 3759//3759
f 3760//3760 3761//3761 3762//3762
f 3763//3763 3764//3764 3765//3765
f 3766//3766 3767//3767 3768//3768
f 3769//3769 3770//3770 3771//3771
f 3772//3772 3773//3773 3774//3774
f 3775//3775 3776//3776 3777//3777
f 3778//3778 3779//3779 3780//3780
f 3781//3781 3782//3782 3783//3783
f 3784//3784 3785//3785 3786//3786
f 3787//3787 3788//3788 3789//3789
f 3790//3790 3791//3791 3792//3792
f 3793//3793 3794//3794 3795//3795
f 3796//3796 3797//3797 3798//3798
f 3799//3799 3800//3800 3801//3801
f 3802//3802 3803//3803 3804//3804
f 3805//3805 3806//3806 3807//3807
f 3808//3808 3809//3809 3810//3810
f 3811//3811 3812//3812 3813//3813
f 3814//3814 3815//3815 3816//3816
f 3817//3817 3818//3818 3819//3819
f 3820//3820 3821//3821 3822//3822
f 3823//3823 3824//3824 3825//3825
f 3826//3826 3827//3827 3828//3828
f 3829//3829 3830//3830 3831//3831
f 3832//3832 3833//3833 3834//3834
f 3835//3835 3836//3836 3837//3837
f 3838//3838 3839//3839 3840//3840
f 3841//3841 3842//3842 3843//3843
f 3844//3844 3845//3845 3846//3846
f 3847//3847 3848//3848 3849//3849
f 3850//3850 3851//3851 3852//3852
f 3853//3853 3854//3854 3855//3855
f 3856//3856 3857//3857 3858//3858
f 3859//3859 3860//3860 3861//3861
f 3862//3862 3863//3863 3864//3864
f 3865//3865 3866//3866 3867//3867
f 3868//3868 3869//3869 3870//3870
f 3871//3871 3872//3872 3873//3873
f 3874//3874 3875//3875 3876//3876
f 3877//3877 3878//3878 3879//3879
f 3880//3880 3881//3881 3882//3882
f 3883//3883 3884//3884 3885//3885
f 3886//3886 3887//3887 3888//3888
f 3889//3889 3890//3890 3891//3891
f 3892//3892 3893//3893 3894//3894
f 3895//3895 3896//3896 3897//3897
f 3898//3898 3899//3899 3900//3900
f 3901//3901 3902//3902 3903//3903
f 3904//3904 3905//3905 3906//3906
f 3907//3907 3908//3908 3909//3909
f 3910//3910 3911//3911 3912//3912
f 3913//3913 3914//3914 3915//3915
f 3916//3916 3917//3917 3918//3918
f 3919//3919 3920//3920 3921//3921
f 3922//3922 3923//3923 3924//3924
f 3925//3925 3926//3926 3927//3927
f 3928//3928 3929//3929 3930//3930
f 3931//3931 3932//3932 3933//3933
f 3934//3934 3935//3935 3936//3936
f 3937//3937 3938//3938 3939//3939
f 3940//3940 3941//3941 3942//3942
f 3943//3943 3944//3944 3945//3945
f 3946//3946 3947//3947 3948//3948
f 3949//3949 3950//3950 3951//3951
f 3952//3952 3953//3953 3954//3954
f 3955//3955 3956//3956 3957//3957
f 3958//3958 3959//3959 3960//3960
f 3961//3961 3962//3962 3963//3963
f 3964//3964 3965//3965 3966//3966
f 3967//3967 3968//3968 3969//3969
f 3970//3970 3971//3971 3972//3972
f 3973//3973 3974//3974 3975//3975
f 3976//3976 3977//3977 3978//3978
f 3979//3979 3980//3980 3981//3981
f 3982//3982 3983//3983 3984//3984
f 3985//3985 3986//3986 3987//3987
f 3988//3988 3989//3989 3990//3990
f 3991//3991 3992//3992 3993//3993
f 3994//3994 3995//3995 3996//3996
f 3997//3997 3998//3998 3999//3999
f 4000//4000 4001//4001 4002//4002
f 4003//4003 4004//4004 4005//4005
f 4006//4006 4007//4007 4008//4008
f 4009//4009 4010//4010 4011//4011
f 4012//4012 4013//4013 4014//4014
f 4015//4015 4016//4016 4017//4017
f 4018//4018 4019//4019 4020//4020
f 4021//4021 4022//4022 4023//4023
f 4024//4024 4025//4025 4026//4026
f 4027//4027 4028//4028 4029//4029
f 4030//4030 4031//4031 4032//4032
f 4033//4033 4034//4034 4035//4035
f 4036//4036 4037//4037 4038//4038
f 4039//4039 4040//4040 4041//4041
f 4042//4042 4043//4043 4044//4044
f 4045//4045 4046//4046 4047//4047
f 4048//4048 4049//4049 4050//4050
f 4051//4051 4052//4052 4053//4053
f 4054//4054 4055//4055 4056//4056
f 4057//4057 4058//4058 4059//4059
f 4060//4060 4061//4061 4062//4062
f 4063//4063 4064//4064 4065//4065
f 4066//4066 4067//4067 4068//4068
f 4069//4069 4070//4070 4071//4071
f 4072//4072 4073//4073 4074//4074
f 4075//4075 4076//4076 4077//4077
f 4078//4078 4079//4079 4080//4080
f 4081//4081 4082//4082 4083//4083
f 4084//4084 4085//4085 4086//4086
f 4087//4087 4088//4088 4089//4089
f 4090//4090 4091//4091 4092//4092
f 4093//4093 4094//4094 4095//4095
f 4096//4096 4097//4097 4098//4098
f 4099//4099 4100//4100 4101//4101
f 4102//4102 4103//4103 4104//4104
f 4105//4105 4106//4106 4107//4107
f 4108//4108 4109//4109 4110//4110
f 4111//4111 4112//4112 4113//4113
f 4114//4114 4115//4115 4116//4116
f 4117//4117 4118//4118 4119//4119
f 4120//4120 4121//4121 4122//4122
f 4123//4123 4124//4124 4125//4125
f 4126//4126 4127//4127 4128//4128
f 4129//4129 4130//4130 4131//4131
f 4132//4132 4133//4133 4134//4134
f 4135//4135 4136//4136 4137//4137
f 4138//4138 4139//4139 4140//4140
f 4141//4141 4142//4142 4143//4143
f 4144//4144 4145//4145 4146//4146
f 4147//4147 4148//4148 4149//4149
f 4150//4150 4151//4151 4152//4152
f 4153//4153 4154//4154 4155//4155
f 4156//4156 4157//4157 4158//4158
f 4159//4159 4160//4160 4161//4161
f 4162//4162 4163//4163 4164//4164
f 4165//4165 4166//4166 4167//4167
f 4168//4168 4169//4169 4170//4170
f 4171//4171 4172//4172 4173//4173
f 4174//4174 4175//4175 4176//4176
f 4177//4177 4178//4178 4179//4179
f 4180//4180 4181//4181 4182//4182
f 4183//4183 4184//4184 4185//4185
f 4186//4186 4187//4187 4188//4188
f 4189//4189 4190//4190 4191//4191
f 4192//4192 4193//4193 4194//4194
f 4195//4195 4196//4196 4197//4197
f 4198//4198 4199//4199 4200//4200
f 4201//4201 4202//4202 4203//4203
f 4204//4204 4205//4205 4206//4206
f 4207//4207 4208//4208 4209//4209
f 4210//4210 4211//4211 4212//4212
f 4213//4213 4214//4214 4215//4215
f 4216//4216 4217//4217 4218//4218
f 4219//4219 4220//4220 4221//4221
f 4222//4222 4223//4223 4224//4224
f 4225//4225 4226//4226 4227//4227
f 4228//4228 4229//4229 4230//4230
f 4231//4231 4232//4232 4233//4233
f 4234//4234 4235//4235 4236//4236
f 4237//4237 4238//4238 4239//4239
f 4240//4240 4241//4241 4242//4242
f 4243//4243 4244//4244 4245//4245
f 4246//4246 4247//4247 4248//4248
f 4249//4249 4250//4250 4251//4251
f 4252//4252 4253//4253 4254//4254
f 4255//4255 4256//4256 4257//4257
f 4258//4258 4259//4259 4260//4260
f 4261//4261 4262//4262 4263//4263
f 4264//4264 4265//4265 4266//4266
f 4267//4267 4268//4268 4269//4269
f 4270//4270 4271//4271 4272//4272
f 4273//4273 4274//4274 4275//4275
f 4276//4276 4277//4277 4278//4278
f 4279//4279 4280//4280 4281//4281
f 4282//4282 4283//4283 4284//4284
f 4285//4285 4286//4286 4287//4287
f 4288//4288 4289//4289 4290//4290
f 4291//4291 4292//4292 4293//4293
f 4294//4294 4295//4295 4296//4296
f 4297//4297 4298//4298 4299//4299
f 4300//4300 4301//4301 4302//4302
f 4303//4303 4304//4304 4305//4305
f 4306//4306 4307//4307 4308//4308
f 4309//4309 4310//4310 4311//4311
f 4312//4312 4313//4313 4314//4314
f 4315//4315 4316//4316 4317//4317
f 4318//4318 4319//4319 4320//4320
f 4321//4321 4322//4322 4323//4323
f 4324//4324 4325//4325 4326//4326
f 4327//4327 4328//4328 4329//4329
f 4330//4330 4331//4331 4332//4332
f 4333//4333 4334//4334 4335//4335
f 4336//4336 4337//4337 4338//4338
f 4339//4339 4340//4340 4341//4341
f 4342//4342 4343//4343 4344//4344
f 4345//4345 4346//4346 4347//4347
f 4348//4348 4349//4349 4350//4350
f 4351//4351 4352//4352 4353//4353
f 4354//4354 4355//4355 4356//4356
f 4357//4357 4358//4358 4359//4359
f 4360//4360 4361//4361 4362//4362
f 4363//4363 4364//4364 4365//4365
f 4366//4366 4367//4367 4368//4368
f 4369//4369 4370//4370 4371//4371
f 4372//4372 4373//4373 4374//4374
f 4375//4375 4376//4376 4377//4377
f 4378//4378 4379//4379 4380//4380
f 4381//4381 4382//4382 4383//4383
f 4384//4384 4385//4385 4386//4386
f 4387//4387 4388//4388 4389//4389
f 4390//4390 4391//4391 4392//4392
f 4393//4393 4394//4394 4395//4395
f 4396//4396 4397//4397 4398//4398
f 4399//4399 4400//4400 4401//4401
f 4402//4402 4403//4403 4404//4404
f 4405//4405 4406//4406 4407//4407
f 4408//4408 4409//4409 4410//4410
f 4411//4411 4412//4412 4413//4413
f 4414//4414 4415//4415 4416//4416
f 4417//4417 4418//4418 4419//4419
f 4420//4420 4421//4421 4422//4422
f 4423//4423 4424//4424 4425//4425
f 4426//4426 4427//4427 4428//4428
f 4429//4429 4430//4430 4431//4431
f 4432//4432 4433//4433 4434//4434
f 4435//4435 4436//4436 4437//4437
f 4438//4438 4439//4439 4440//4440
f 4441//4441 4442//4442 4443//4443
f 4444//4444 4445//4445 4446//4446
f 4447//4447 4448//4448 4449//4449
f 4450//4450 4451//4451 4452//4452
f 4453//4453 4454//4454 4455//4455
f 4456//4456 4457//4457 4458//4458
f 4459//4459 4460//4460 4461//4461
f 4462//4462 4463//4463 4464//4464
f 4465//4465 4466//4466 4467//4467
f 4468//4468 4469//4469 4470//4470
f 4471//4471 4472//4472 4473//4473
f 4474//4474 4475//4475 4476//4476
f 4477//4477 4478//4478 4479//4479
f 4480//4480 4481//4481 4482//4482
f 4483//4483 4484//4484 4485//4485
f 4486//4486 4487//4487 4488//4488
f 4489//4489 4490//4490 4491//4491
f 4492//4492 4493//4493 4494//4494
f 4495//4495 4496//4496 4497//4497
f 4498//4498 4499//4499 4500//4500
