# 11_person — split from wip_-_lowpoly_people_-_1.glb
# WIP - Lowpoly People - 1 by Loic Norgeot, CC-BY-4.0
# https://sketchfab.com/3d-models/wip-lowpoly-people-1-8cfd467af4334ea384d854109865f939
v -33.790312 15.907261 -167.088306
v -32.123621 15.046214 -167.747478
v -34.236731 13.947283 -167.417079
v -39.080941 1.824879 -155.081989
v -37.869374 0.277921 -154.407479
v -40.489400 0.389286 -153.187907
v -34.427547 28.473473 -141.176667
v -35.989082 28.516156 -140.917569
v -34.395933 28.282453 -142.490374
v -42.057191 31.848249 -138.158362
v -41.056226 33.944828 -138.155281
v -39.819019 32.652038 -138.795803
v -43.765431 32.853800 -152.200858
v -43.748475 32.965165 -152.269723
v -44.256131 32.738994 -151.971135
v -42.488473 13.442332 -146.607623
v -40.769976 16.615869 -151.122786
v -40.721151 13.776370 -148.194516
v -42.262971 32.618182 -153.894198
v -42.092044 32.720697 -153.914425
v -40.436768 31.498550 -154.289977
v -28.515031 16.540568 -164.163400
v -29.887270 13.249416 -166.975456
v -28.698311 17.775448 -165.816825
v -27.602220 55.475841 -146.863299
v -29.185582 57.510269 -147.320263
v -28.562326 56.146027 -145.509680
v -25.820347 41.017492 -147.840428
v -26.879503 38.840915 -148.031386
v -25.960224 41.810488 -146.832769
v -22.167502 7.943483 -140.542535
v -23.502360 6.830689 -140.998582
v -22.073193 7.132177 -142.482404
v -21.353116 9.670875 -140.390668
v -21.871848 9.695195 -139.773267
v -22.167502 7.943483 -140.542535
v -24.466246 -0.000000 -139.585666
v -28.121407 0.682576 -142.346727
v -24.998619 1.227804 -141.770446
v -28.121407 0.682576 -142.346727
v -28.602262 1.897372 -142.628913
v -24.998619 1.227804 -141.770446
v -24.998619 1.227804 -141.770446
v -24.858194 2.450763 -141.474189
v -25.120863 3.309846 -142.167778
v -30.410675 9.048209 -156.448980
v -28.499618 8.701122 -155.600159
v -24.628579 6.001962 -145.021844
v -27.949830 32.424507 -147.051470
v -24.538314 36.813391 -147.401609
v -27.024768 27.243888 -147.437276
v -38.954083 15.416960 -141.090619
v -39.699733 17.628486 -138.829444
v -41.605991 21.000502 -143.007722
v -25.981804 5.548598 -141.513273
v -25.701890 6.193036 -142.293997
v -25.493263 4.977640 -141.579708
v -38.020201 26.193261 -136.348496
v -40.001591 23.701428 -136.737363
v -38.693252 24.421337 -138.275048
v -37.046193 39.197770 -144.076902
v -35.862094 39.544746 -144.708524
v -36.062476 39.030748 -144.307642
v -22.167502 7.943483 -140.542535
v -22.073193 7.132177 -142.482404
v -21.353116 9.670875 -140.390668
v -36.653874 30.710965 -140.059520
v -35.966473 29.326521 -139.131394
v -36.430899 28.833925 -139.794457
v -19.679500 10.462408 -138.575378
v -18.816941 9.628038 -142.612705
v -18.509227 10.947603 -141.789748
v -17.967860 10.321603 -142.225958
v -17.878521 10.366470 -144.261800
v -17.861520 11.450235 -142.754955
v -17.861520 11.450235 -142.754955
v -18.509227 10.947603 -141.789748
v -17.967860 10.321603 -142.225958
v -25.723438 9.837555 -158.960530
v -24.228791 14.091075 -159.404561
v -22.753300 13.857890 -155.704164
v -27.323094 48.254098 -147.608366
v -27.868751 48.498901 -148.146935
v -26.677641 50.333772 -147.016107
v -24.723653 3.117963 -141.914505
v -24.858194 2.450763 -141.474189
v -23.473746 1.219900 -140.051700
v -33.138986 48.381579 -153.785687
v -32.417834 47.540416 -154.772104
v -35.360918 48.131457 -151.689031
v -22.753300 13.857890 -155.704164
v -24.446361 9.673130 -152.174138
v -25.723438 9.837555 -158.960530
v -25.450954 4.552932 -141.567548
v -25.981804 5.548598 -141.513273
v -25.120863 3.309846 -142.167778
v -25.981804 5.548598 -141.513273
v -25.493263 4.977640 -141.579708
v -24.723653 3.117963 -141.914505
v -23.703256 8.098683 -147.010256
v -23.457656 9.188653 -144.791565
v -23.494829 7.164993 -144.758200
v -29.382301 24.732603 -142.271798
v -28.637155 25.068280 -144.853641
v -27.658179 23.372963 -144.323567
v -37.745687 26.958296 -137.895693
v -36.392662 28.636728 -137.029231
v -36.630268 27.733197 -136.301392
v -16.490307 21.688484 -141.044864
v -20.295418 24.057686 -144.672030
v -16.591795 23.629905 -141.476072
v -41.700977 31.071690 -151.161257
v -41.666138 30.009461 -149.006840
v -40.538317 28.598560 -145.307409
v -41.776849 37.973133 -135.075357
v -39.956324 34.969083 -132.578013
v -40.921131 40.593141 -134.093006
v -25.820347 41.017492 -147.840428
v -25.327544 40.687459 -147.123324
v -26.119457 38.255815 -148.257677
v -45.446125 31.405416 -152.186089
v -44.365970 29.004052 -155.770841
v -46.896529 27.666920 -150.688651
v -28.914372 25.789609 -143.609098
v -28.637155 25.068280 -144.853641
v -29.461389 26.156074 -143.368806
v -39.347509 15.781975 -150.548444
v -40.769976 16.615869 -151.122786
v -40.864260 19.421328 -152.688426
v -21.104027 40.104164 -149.848367
v -24.538314 36.813391 -147.401609
v -22.874100 41.940050 -146.529914
v -34.354488 9.369651 -143.294049
v -35.708050 10.769060 -141.749953
v -36.823392 8.446740 -140.961548
v -31.008371 11.546192 -142.729821
v -28.333085 6.967725 -144.199759
v -29.163114 7.969127 -140.215779
v -36.650860 0.252845 -150.616920
v -35.577642 1.016375 -150.107082
v -36.347132 0.921091 -146.944978
v -36.430899 28.833925 -139.794457
v -36.346837 27.990966 -140.385086
v -36.661664 28.559537 -139.659174
v -25.238943 21.129722 -149.663535
v -27.258077 20.956574 -149.665794
v -26.415679 21.519990 -148.100255
v -19.250121 24.162458 -130.297088
v -18.396602 30.076203 -132.498610
v -21.443871 33.177664 -130.622539
v -20.295418 24.057686 -144.672030
v -19.704654 21.187550 -144.785334
v -22.783926 23.087887 -145.738974
v -22.362080 3.886580 -137.479612
v -23.502360 6.830689 -140.998582
v -20.617954 8.934625 -135.282112
v -34.598067 31.645448 -142.828261
v -35.317568 31.441771 -141.613171
v -34.044065 28.937564 -141.733708
v -43.371447 31.478648 -155.079652
v -43.959939 32.430613 -153.469509
v -43.204715 32.832449 -153.862123
v -30.207640 0.466356 -140.951520
v -28.121407 0.682576 -142.346727
v -24.466246 -0.000000 -139.585666
v -34.204401 37.304395 -142.820183
v -35.693442 32.789079 -140.207508
v -35.162525 36.377699 -141.607362
v -44.256131 32.738994 -151.971135
v -43.974661 33.229922 -150.770020
v -43.765431 32.853800 -152.200858
v -32.546534 50.125839 -154.600269
v -32.417834 47.540416 -154.772104
v -32.646324 48.218019 -155.423329
v -16.141133 19.040329 -140.795901
v -16.710131 13.175316 -138.524987
v -17.878521 10.366470 -144.261800
v -19.250121 24.162458 -130.297088
v -25.694153 18.286497 -127.087394
v -18.662138 16.160331 -132.132529
v -44.058411 32.652156 -152.484554
v -43.639437 32.651472 -152.996713
v -43.765431 32.853800 -152.200858
v -43.201212 30.250926 -156.489929
v -43.412344 30.566766 -155.607988
v -43.402616 30.025504 -155.732572
v -25.960224 41.810488 -146.832769
v -27.124891 40.252492 -145.859252
v -26.702446 43.986923 -145.039983
v -28.526976 47.320685 -141.844241
v -29.048844 48.274127 -142.538449
v -28.836466 47.489722 -140.451316
v -28.671512 43.484280 -131.218778
v -31.475569 44.001343 -131.036948
v -30.282942 42.206455 -129.980338
v -34.204401 37.304395 -142.820183
v -31.755201 30.375110 -143.781209
v -35.024045 31.476739 -141.088946
v -40.085675 30.001578 -154.962260
v -39.975723 27.467148 -155.138474
v -41.015245 29.310610 -154.598943
v -38.826934 34.378108 -140.528266
v -38.326114 40.463093 -140.971445
v -38.330190 34.793799 -141.210988
v -39.080941 1.824879 -155.081989
v -39.021459 2.942495 -154.248797
v -36.982728 2.522114 -154.066446
v -34.304863 43.506933 -143.142044
v -33.970699 45.133305 -142.880774
v -33.400398 44.028259 -143.446723
v -31.902343 42.818969 -153.046513
v -32.712939 42.458759 -151.323352
v -33.563171 43.284628 -152.824865
v -36.982728 2.522114 -154.066446
v -37.204212 1.355800 -154.819697
v -39.080941 1.824879 -155.081989
v -31.298192 13.445131 -143.619878
v -30.556541 17.271222 -143.878187
v -32.736447 17.303530 -154.732873
v -23.335103 5.154863 -139.615623
v -25.450954 4.552932 -141.567548
v -25.493263 4.977640 -141.579708
v -32.563794 41.421996 -144.115036
v -33.400398 44.028259 -143.446723
v -33.160837 44.621095 -143.690338
v -35.723211 38.333654 -144.075691
v -36.496012 38.381203 -143.100414
v -36.089356 38.241597 -142.862625
v -33.805904 26.046661 -139.791594
v -35.989082 28.516156 -140.917569
v -34.427547 28.473473 -141.176667
v -33.805753 28.875960 -140.413542
v -34.427547 28.473473 -141.176667
v -33.994407 29.869720 -141.298314
v -17.691274 29.025427 -149.819952
v -16.611376 32.051944 -147.431414
v -17.469533 26.701910 -148.031121
v -23.654583 21.246068 -150.801984
v -24.338731 20.957851 -150.292763
v -23.544763 21.083199 -149.605387
v -39.819019 32.652038 -138.795803
v -40.494699 36.984430 -138.607845
v -37.907405 36.306078 -139.358532
v -33.326902 46.498320 -139.656352
v -31.953054 46.790478 -137.458891
v -29.851750 47.014002 -138.425996
v -37.267848 30.227948 -133.557997
v -36.630268 27.733197 -136.301392
v -36.104438 30.756146 -133.300122
v -39.119748 7.039015 -146.633248
v -39.422831 4.463402 -150.013861
v -40.294803 5.633591 -144.689469
v -19.317235 30.310804 -142.775428
v -19.448759 27.778232 -142.817973
v -22.043425 26.533749 -145.454673
v -21.369523 25.025208 -154.085421
v -23.117336 26.885049 -152.748981
v -19.761312 26.183698 -154.131793
v -28.825781 8.576218 -159.576637
v -27.109839 10.389945 -162.042326
v -25.723438 9.837555 -158.960530
v -26.475546 21.778227 -148.038896
v -26.157814 21.620479 -148.250473
v -26.337229 21.713808 -147.977840
v -42.117917 32.669410 -153.790164
v -42.092044 32.720697 -153.914425
v -42.115741 32.922656 -153.876080
v -35.248996 49.190358 -144.553459
v -36.513314 50.183421 -146.507437
v -36.599838 48.393238 -146.017261
v -36.196326 12.986449 -139.393689
v -37.365180 13.521406 -141.269215
v -35.933551 14.268382 -142.162615
v -35.933551 14.268382 -142.162615
v -37.365180 13.521406 -141.269215
v -36.508075 13.602827 -142.854595
v -35.853288 45.607775 -138.635384
v -34.114610 46.625362 -137.249183
v -33.326902 46.498320 -139.656352
v -19.382532 28.306257 -152.135256
v -17.997743 33.773099 -150.014567
v -17.691274 29.025427 -149.819952
v -25.261609 32.893734 -128.058316
v -26.492834 29.991681 -126.970640
v -25.429698 24.011564 -126.493292
v -16.725226 26.109533 -134.527792
v -16.694843 36.089658 -140.870272
v -17.371995 37.719346 -137.962122
v -39.045095 0.430197 -141.283493
v -38.480446 1.738896 -138.453915
v -40.389178 1.343881 -141.604664
v -30.390325 1.427612 -139.468795
v -30.101936 2.020583 -141.339872
v -30.207640 0.466356 -140.951520
v -25.450954 4.552932 -141.567548
v -25.666748 3.171907 -140.890642
v -25.981804 5.548598 -141.513273
v -37.646510 13.049532 -142.294987
v -38.954083 15.416960 -141.090619
v -40.331855 15.478157 -143.724237
v -31.902343 42.818969 -153.046513
v -30.700923 43.829635 -153.052301
v -31.111846 42.088764 -150.735408
v -35.933551 14.268382 -142.162615
v -36.508075 13.602827 -142.854595
v -36.964127 21.760011 -149.539228
v -24.137923 21.160716 -149.868874
v -23.654583 21.246068 -150.801984
v -23.544763 21.083199 -149.605387
v -35.140088 1.714732 -139.288909
v -34.137221 6.896070 -142.741811
v -35.967608 5.973794 -139.383165
v -22.509168 25.598537 -148.364351
v -22.902964 27.533753 -148.747888
v -24.008779 25.251191 -149.627667
v -41.301443 21.543707 -140.017417
v -40.414959 20.939333 -139.601104
v -38.018188 23.927848 -138.330206
v -35.772832 21.834473 -130.504944
v -35.298954 24.254494 -134.169801
v -36.310810 22.891906 -135.329741
v -37.204212 1.355800 -154.819697
v -36.982728 2.522114 -154.066446
v -36.058247 0.884114 -153.006154
v -33.160837 44.621095 -143.690338
v -33.177316 46.483140 -142.852899
v -33.721091 47.368434 -144.618008
v -34.155869 27.787478 -139.175531
v -33.220641 28.136591 -138.757670
v -33.805904 26.046661 -139.791594
v -35.675000 35.046385 -142.538432
v -35.317568 31.441771 -141.613171
v -34.598067 31.645448 -142.828261
v -19.317235 30.310804 -142.775428
v -19.671359 30.118130 -144.033262
v -17.548061 32.664008 -142.549365
v -17.270132 40.856939 -147.037154
v -16.694843 36.089658 -140.870272
v -16.895855 36.067962 -148.445312
v -32.797768 25.852422 -139.937470
v -31.662638 23.825781 -140.853726
v -33.427381 24.589649 -139.784881
v -36.724445 26.597468 -142.300015
v -37.225057 25.271425 -138.695458
v -35.489337 26.659479 -140.253279
v -24.008779 25.251191 -149.627667
v -22.902964 27.533753 -148.747888
v -22.928039 28.321734 -151.678944
v -35.989082 28.516156 -140.917569
v -35.489337 26.659479 -140.253279
v -35.662278 27.979838 -140.013913
v -36.346837 27.990966 -140.385086
v -35.662278 27.979838 -140.013913
v -35.489337 26.659479 -140.253279
v -40.864260 19.421328 -152.688426
v -35.955249 10.813405 -144.905100
v -39.347509 15.781975 -150.548444
v -31.662638 23.825781 -140.853726
v -31.104399 26.080390 -142.031208
v -30.642062 25.027647 -141.523741
v -46.896529 27.666920 -150.688651
v -44.365970 29.004052 -155.770841
v -45.165153 26.954754 -155.060212
v -27.658179 23.372963 -144.323567
v -21.521897 21.385411 -146.082390
v -28.207174 22.630460 -144.220197
v -16.511781 26.808860 -137.183211
v -19.448759 27.778232 -142.817973
v -17.369832 33.351955 -140.697385
v -27.024768 27.243888 -147.437276
v -24.986651 28.559938 -148.280757
v -25.383099 25.382407 -147.612581
v -28.200207 47.063367 -143.997053
v -26.677641 50.333772 -147.016107
v -27.390498 52.151178 -143.726903
v -34.155869 27.787478 -139.175531
v -33.805753 28.875960 -140.413542
v -33.220641 28.136591 -138.757670
v -34.155869 27.787478 -139.175531
v -34.427547 28.473473 -141.176667
v -33.805753 28.875960 -140.413542
v -43.204715 32.832449 -153.862123
v -42.298968 32.220730 -154.579989
v -43.371447 31.478648 -155.079652
v -45.446125 31.405416 -152.186089
v -44.694179 32.354136 -152.089584
v -44.582584 31.814669 -152.248185
v -35.317568 31.441771 -141.613171
v -35.953169 31.402202 -140.486016
v -35.024045 31.476739 -141.088946
v -35.179254 45.086536 -142.248152
v -34.304863 43.506933 -143.142044
v -36.343448 40.646675 -144.205490
v -37.035554 34.417114 -139.890222
v -36.653874 30.710965 -140.059520
v -36.661664 28.559537 -139.659174
v -30.527570 57.139528 -149.193331
v -29.544033 57.490954 -149.385364
v -30.718187 56.961282 -149.692302
v -30.527570 57.139528 -149.193331
v -29.824160 57.243766 -148.994656
v -29.544033 57.490954 -149.385364
v -30.527570 57.139528 -149.193331
v -30.094917 57.096887 -149.541028
v -29.824160 57.243766 -148.994656
v -29.544033 57.490954 -149.385364
v -30.094917 57.096887 -149.541028
v -30.718187 56.961282 -149.692302
v -43.690084 29.693690 -156.600039
v -44.365970 29.004052 -155.770841
v -43.402616 30.025504 -155.732572
v -35.658852 50.516636 -151.143246
v -36.160822 49.481302 -148.437878
v -36.706210 51.193649 -148.010524
v -38.088053 30.653714 -132.586901
v -38.594640 27.642702 -133.878226
v -36.630268 27.733197 -136.301392
v -32.504144 10.605177 -133.293173
v -34.109854 11.135180 -136.269272
v -30.292337 8.963025 -139.569130
v -26.794219 39.901764 -146.853861
v -25.885829 40.304590 -146.983225
v -26.171959 39.814849 -147.276417
v -36.122130 31.695365 -138.405536
v -36.538606 30.688640 -137.062635
v -37.253911 32.480574 -138.398876
v -17.371995 37.719346 -137.962122
v -19.578089 38.856343 -135.446716
v -18.396602 30.076203 -132.498610
v -36.599838 48.393238 -146.017261
v -35.785072 47.444393 -147.496035
v -35.248996 49.190358 -144.553459
v -25.882764 16.385703 -161.309847
v -24.228791 14.091075 -159.404561
v -26.527044 12.700096 -164.039450
v -38.098190 25.238656 -139.398052
v -37.225057 25.271425 -138.695458
v -40.538317 28.598560 -145.307409
v -42.449500 28.536602 -156.905724
v -44.365970 29.004052 -155.770841
v -43.690084 29.693690 -156.600039
v -39.819019 32.652038 -138.795803
v -37.907405 36.306078 -139.358532
v -37.253911 32.480574 -138.398876
v -35.916064 29.903994 -140.127534
v -35.966473 29.326521 -139.131394
v -35.953169 31.402202 -140.486016
v -25.261609 32.893734 -128.058316
v -19.250121 24.162458 -130.297088
v -21.443871 33.177664 -130.622539
v -38.292747 30.362342 -138.728784
v -36.538606 30.688640 -137.062635
v -36.392662 28.636728 -137.029231
v -32.640926 13.744894 -152.851164
v -31.607957 10.411018 -152.775836
v -31.008371 11.546192 -142.729821
v -31.294033 40.064460 -145.284551
v -32.563794 41.421996 -144.115036
v -32.417203 42.577466 -147.362352
v -34.175345 28.961518 -143.361136
v -34.044065 28.937564 -141.733708
v -34.395933 28.282453 -142.490374
v -34.395933 28.282453 -142.490374
v -35.989082 28.516156 -140.917569
v -36.830133 30.226012 -141.662724
v -33.177316 46.483140 -142.852899
v -33.892859 48.663372 -142.620122
v -33.721091 47.368434 -144.618008
v -35.908506 42.279574 -141.275774
v -37.627073 38.522500 -141.349544
v -36.337646 44.109309 -139.587703
v -40.601350 31.092510 -155.448887
v -42.232469 30.370882 -156.641169
v -42.298968 32.220730 -154.579989
v -19.363980 20.598208 -153.322260
v -23.145469 18.103679 -157.496043
v -19.636265 22.171218 -155.196054
v -40.622812 2.218521 -153.470572
v -40.489400 0.389286 -153.187907
v -41.778284 1.095278 -151.276144
v -41.284866 28.670675 -155.428341
v -41.163526 29.885308 -156.865950
v -41.147828 30.091626 -155.921886
v -36.122130 31.695365 -138.405536
v -37.253911 32.480574 -138.398876
v -37.907405 36.306078 -139.358532
v -32.563794 41.421996 -144.115036
v -33.340988 38.285826 -143.006248
v -33.400398 44.028259 -143.446723
v -35.910121 27.683185 -139.519751
v -36.430899 28.833925 -139.794457
v -35.966473 29.326521 -139.131394
v -35.610691 45.538710 -148.675505
v -35.785072 47.444393 -147.496035
v -36.160822 49.481302 -148.437878
v -41.036925 30.130522 -155.767008
v -41.284866 28.670675 -155.428341
v -41.147828 30.091626 -155.921886
v -40.981122 30.218464 -155.889168
v -40.601350 31.092510 -155.448887
v -41.015245 29.310610 -154.598943
v -36.661664 28.559537 -139.659174
v -35.966473 29.326521 -139.131394
v -37.035554 34.417114 -139.890222
v -26.415679 21.519990 -148.100255
v -25.419200 21.564928 -147.938895
v -26.157814 21.620479 -148.250473
v -28.499618 8.701122 -155.600159
v -25.150378 8.181659 -149.763534
v -24.628579 6.001962 -145.021844
v -35.137647 39.650734 -144.586075
v -35.692620 39.063859 -145.018414
v -36.062476 39.030748 -144.307642
v -36.062476 39.030748 -144.307642
v -35.692620 39.063859 -145.018414
v -35.781389 39.462626 -145.014143
v -36.062476 39.030748 -144.307642
v -35.781389 39.462626 -145.014143
v -35.723211 38.333654 -144.075691
v -35.723211 38.333654 -144.075691
v -35.781389 39.462626 -145.014143
v -35.862094 39.544746 -144.708524
v -39.422831 4.463402 -150.013861
v -36.250549 4.037511 -149.411280
v -39.021459 2.942495 -154.248797
v -34.760623 39.909191 -141.921345
v -35.908506 42.279574 -141.275774
v -34.956049 38.426284 -142.913329
v -37.267848 30.227948 -133.557997
v -36.104438 30.756146 -133.300122
v -36.992269 34.917637 -132.522203
v -36.381170 29.300238 -140.508943
v -35.989082 28.516156 -140.917569
v -36.346837 27.990966 -140.385086
v -34.512691 38.072339 -143.545529
v -34.204401 37.304395 -142.820183
v -34.956049 38.426284 -142.913329
v -41.955449 32.854263 -153.353300
v -42.253509 32.780627 -153.865500
v -42.115741 32.922656 -153.876080
v -41.955449 32.854263 -153.353300
v -43.204715 32.832449 -153.862123
v -42.253509 32.780627 -153.865500
v -41.559922 31.976279 -150.970817
v -41.700977 31.071690 -151.161257
v -39.995872 30.769059 -153.308190
v -28.333085 6.967725 -144.199759
v -31.607957 10.411018 -152.775836
v -30.410675 9.048209 -156.448980
v -26.292845 46.147381 -139.028299
v -25.951058 46.198064 -142.015097
v -28.836466 47.489722 -140.451316
v -38.330190 34.793799 -141.210988
v -37.627073 38.522500 -141.349544
v -36.975480 33.543290 -143.045196
v -27.449713 46.112244 -142.897335
v -27.631528 44.231008 -145.332781
v -28.200207 47.063367 -143.997053
v -35.162525 36.377699 -141.607362
v -35.908506 42.279574 -141.275774
v -34.760623 39.909191 -141.921345
v -35.862094 39.544746 -144.708524
v -35.137647 39.650734 -144.586075
v -36.062476 39.030748 -144.307642
v -35.137647 39.650734 -144.586075
v -35.862094 39.544746 -144.708524
v -35.781389 39.462626 -145.014143
v -33.069191 18.438636 -126.612940
v -33.912948 12.469170 -131.696615
v -28.831645 12.411317 -129.334745
v -41.015245 29.310610 -154.598943
v -41.036925 30.130522 -155.767008
v -41.147828 30.091626 -155.921886
v -19.957778 22.227126 -149.775484
v -18.774606 21.989009 -152.078313
v -17.825015 22.766696 -151.054149
v -37.745687 26.958296 -137.895693
v -39.203043 28.251580 -139.528826
v -38.292747 30.362342 -138.728784
v -39.972958 42.576482 -138.637816
v -38.124006 44.054177 -139.020264
v -38.674616 38.822608 -139.912989
v -18.023441 42.329729 -146.376058
v -20.386939 42.437697 -139.820773
v -17.371995 37.719346 -137.962122
v -42.209095 33.260209 -150.163932
v -43.974661 33.229922 -150.770020
v -42.554681 31.161631 -145.768317
v -33.400398 44.028259 -143.446723
v -33.970699 45.133305 -142.880774
v -33.177316 46.483140 -142.852899
v -36.623254 17.713137 -131.557610
v -35.387770 18.822686 -130.243280
v -36.310810 22.891906 -135.329741
v -43.751636 32.915804 -153.072503
v -43.639437 32.651472 -152.996713
v -43.847632 32.646157 -153.030579
v -27.666876 19.236369 -164.079589
v -28.698311 17.775448 -165.816825
v -29.291131 19.703039 -165.608521
v -35.610691 45.538710 -148.675505
v -35.360918 48.131457 -151.689031
v -33.563171 43.284628 -152.824865
v -41.375392 5.658230 -142.822837
v -40.844180 3.860987 -143.871111
v -39.685089 4.048279 -140.955761
v -37.365180 13.521406 -141.269215
v -37.284501 13.994507 -136.675931
v -38.954083 15.416960 -141.090619
v -35.796676 44.135009 -141.326117
v -33.921618 45.518787 -141.123030
v -35.179254 45.086536 -142.248152
v -35.862094 39.544746 -144.708524
v -36.343448 40.646675 -144.205490
v -35.692620 39.063859 -145.018414
v -28.526976 47.320685 -141.844241
v -27.449713 46.112244 -142.897335
v -28.200207 47.063367 -143.997053
v -37.530985 37.765777 -143.477163
v -36.924457 38.825683 -143.926452
v -36.449879 38.018612 -143.267486
v -29.531274 45.727990 -135.410562
v -27.520317 44.834098 -137.012854
v -31.953054 46.790478 -137.458891
v -45.165153 26.954754 -155.060212
v -41.566700 21.886991 -153.585523
v -40.769976 16.615869 -151.122786
v -42.232469 30.370882 -156.641169
v -41.163526 29.885308 -156.865950
v -42.169360 29.542881 -157.136217
v -32.184517 48.676225 -140.434125
v -32.324398 48.415504 -141.432373
v -34.019338 47.747848 -141.068708
v -40.843639 30.508773 -155.590401
v -41.147828 30.091626 -155.921886
v -40.981122 30.218464 -155.889168
v -43.419466 30.507837 -155.855777
v -43.402616 30.025504 -155.732572
v -42.638182 29.990294 -156.447106
v -34.512691 38.072339 -143.545529
v -33.340988 38.285826 -143.006248
v -34.204401 37.304395 -142.820183
v -32.421240 26.405902 -128.793893
v -32.008706 24.171718 -127.250334
v -29.889812 27.316973 -126.699838
v -43.371447 31.478648 -155.079652
v -42.232469 30.370882 -156.641169
v -42.638182 29.990294 -156.447106
v -26.085484 21.688834 -148.222739
v -25.238943 21.129722 -149.663535
v -26.475546 21.778227 -148.038896
v -27.509848 27.394865 -143.403661
v -26.013756 26.073654 -143.887944
v -30.093915 28.391790 -143.784201
v -21.443871 33.177664 -130.622539
v -18.396602 30.076203 -132.498610
v -19.578089 38.856343 -135.446716
v -16.490307 21.688484 -141.044864
v -16.591795 23.629905 -141.476072
v -14.961417 22.988782 -138.391517
v -23.396307 11.737044 -150.375129
v -22.123981 12.231963 -149.281592
v -23.401308 10.580675 -148.006126
v -16.490307 21.688484 -141.044864
v -15.408049 20.951861 -137.522487
v -16.141133 19.040329 -140.795901
v -41.163526 29.885308 -156.865950
v -40.981122 30.218464 -155.889168
v -41.147828 30.091626 -155.921886
v -27.949830 32.424507 -147.051470
v -28.355058 34.454840 -147.575158
v -26.047333 38.314736 -147.162016
v -43.751636 32.915804 -153.072503
v -43.847632 32.646157 -153.030579
v -43.959939 32.430613 -153.469509
v -35.692620 39.063859 -145.018414
v -35.723211 38.333654 -144.075691
v -35.862094 39.544746 -144.708524
v -43.847632 32.646157 -153.030579
v -43.645872 32.085769 -153.287329
v -43.959939 32.430613 -153.469509
v -28.825781 8.576218 -159.576637
v -24.446361 9.673130 -152.174138
v -28.499618 8.701122 -155.600159
v -43.204715 32.832449 -153.862123
v -42.972144 33.086277 -153.300072
v -42.253509 32.780627 -153.865500
v -18.939872 23.460274 -153.958240
v -17.825015 22.766696 -151.054149
v -18.774606 21.989009 -152.078313
v -36.830133 30.226012 -141.662724
v -34.175345 28.961518 -143.361136
v -34.395933 28.282453 -142.490374
v -42.407410 32.699874 -154.067694
v -42.262971 32.618182 -153.894198
v -42.204650 32.688052 -154.008556
v -42.262971 32.618182 -153.894198
v -40.436768 31.498550 -154.289977
v -42.204650 32.688052 -154.008556
v -44.748217 32.482259 -151.730801
v -44.058411 32.652156 -152.484554
v -45.446125 31.405416 -152.186089
v -43.847632 32.646157 -153.030579
v -43.639437 32.651472 -152.996713
v -44.058411 32.652156 -152.484554
v -43.748475 32.965165 -152.269723
v -43.639437 32.651472 -152.996713
v -43.974661 33.229922 -150.770020
v -43.765431 32.853800 -152.200858
v -43.900486 32.500628 -152.372785
v -44.058411 32.652156 -152.484554
v -43.765431 32.853800 -152.200858
v -43.974661 33.229922 -150.770020
v -43.900486 32.500628 -152.372785
v -21.847442 19.431698 -153.529386
v -20.186473 19.896796 -152.393543
v -21.804114 20.410432 -152.207717
v -28.831645 12.411317 -129.334745
v -28.956046 9.763967 -132.471770
v -25.098075 10.042453 -132.870793
v -44.582584 31.814669 -152.248185
v -44.256131 32.738994 -151.971135
v -43.900486 32.500628 -152.372785
v -37.129145 1.073878 -137.834551
v -36.173050 0.559151 -138.579842
v -35.140088 1.714732 -139.288909
v -31.662638 23.825781 -140.853726
v -32.677092 21.845299 -142.893771
v -33.427381 24.589649 -139.784881
v -20.990496 28.109148 -146.489130
v -22.389888 27.478316 -146.818541
v -22.902964 27.533753 -148.747888
v -22.389888 27.478316 -146.818541
v -23.732062 27.842685 -148.367643
v -22.902964 27.533753 -148.747888
v -19.663068 12.592364 -133.171091
v -18.677976 11.170999 -136.310424
v -17.293531 13.578574 -135.795416
v -25.120863 3.309846 -142.167778
v -24.990197 3.399753 -141.675079
v -25.666748 3.171907 -140.890642
v -19.363980 20.598208 -153.322260
v -21.847442 19.431698 -153.529386
v -23.145469 18.103679 -157.496043
v -21.149429 25.037899 -145.629558
v -22.043425 26.533749 -145.454673
v -19.448759 27.778232 -142.817973
v -22.928039 28.321734 -151.678944
v -23.117336 26.885049 -152.748981
v -24.008779 25.251191 -149.627667
v -35.782459 7.177059 -145.860731
v -38.353374 8.252725 -146.909555
v -34.693385 9.709644 -145.480157
v -34.598067 31.645448 -142.828261
v -35.607101 33.967992 -143.728843
v -35.675000 35.046385 -142.538432
v -30.093915 28.391790 -143.784201
v -31.755201 30.375110 -143.781209
v -29.053924 29.633301 -144.349772
v -23.544763 21.083199 -149.605387
v -24.338731 20.957851 -150.292763
v -25.419200 21.564928 -147.938895
v -32.442259 43.179037 -149.498998
v -32.417203 42.577466 -147.362352
v -34.275809 45.489431 -147.047062
v -25.238943 21.129722 -149.663535
v -24.137923 21.160716 -149.868874
v -24.338731 20.957851 -150.292763
v -23.654583 21.246068 -150.801984
v -24.077173 21.489428 -151.657639
v -24.338731 20.957851 -150.292763
v -21.804114 20.410432 -152.207717
v -23.239977 21.682164 -150.991219
v -21.866171 19.764349 -151.729973
v -23.239977 21.682164 -150.991219
v -23.654583 21.246068 -150.801984
v -21.866171 19.764349 -151.729973
v -27.220003 38.385307 -147.574519
v -27.560750 36.420640 -147.970827
v -28.355058 34.454840 -147.575158
v -39.119748 7.039015 -146.633248
v -36.896531 6.692785 -146.816708
v -39.422831 4.463402 -150.013861
v -41.776849 37.973133 -135.075357
v -40.921131 40.593141 -134.093006
v -41.497475 40.700285 -136.810051
v -43.639437 32.651472 -152.996713
v -43.645872 32.085769 -153.287329
v -43.900486 32.500628 -152.372785
v -25.232779 24.365584 -146.045488
v -25.383099 25.382407 -147.612581
v -23.949587 24.515496 -146.613878
v -26.415679 21.519990 -148.100255
v -26.940536 21.803508 -147.519994
v -26.475546 21.778227 -148.038896
v -25.238943 21.129722 -149.663535
v -26.415679 21.519990 -148.100255
v -26.157814 21.620479 -148.250473
v -43.412344 30.566766 -155.607988
v -44.058411 32.652156 -152.484554
v -43.959939 32.430613 -153.469509
v -26.085484 21.688834 -148.222739
v -26.337229 21.713808 -147.977840
v -26.157814 21.620479 -148.250473
v -29.272487 27.664359 -146.410529
v -28.054550 25.836959 -147.240036
v -27.612475 25.536553 -146.605411
v -29.272487 27.664359 -146.410529
v -30.132317 27.982812 -147.551540
v -28.054550 25.836959 -147.240036
v -22.655520 41.783893 -135.785159
v -25.023965 42.236908 -131.907619
v -25.056859 39.272203 -131.511320
v -24.137923 21.160716 -149.868874
v -23.347156 21.342191 -150.076811
v -25.419200 21.564928 -147.938895
v -24.077173 21.489428 -151.657639
v -23.654583 21.246068 -150.801984
v -23.239977 21.682164 -150.991219
v -31.746657 56.123591 -144.249841
v -28.562326 56.146027 -145.509680
v -31.999744 57.571707 -146.484145
v -23.551467 28.950371 -149.572438
v -22.902964 27.533753 -148.747888
v -23.732062 27.842685 -148.367643
v -30.746318 42.844645 -148.776658
v -31.111846 42.088764 -150.735408
v -28.515123 44.962172 -147.833268
v -16.694843 36.089658 -140.870272
v -16.611376 32.051944 -147.431414
v -16.895855 36.067962 -148.445312
v -29.531274 45.727990 -135.410562
v -31.037162 45.377379 -133.830346
v -27.563869 45.661005 -135.892884
v -21.303411 21.231933 -157.675913
v -22.595135 21.959709 -158.905370
v -19.636265 22.171218 -155.196054
v -17.368690 26.090288 -150.591518
v -18.086714 26.099938 -153.163665
v -19.382532 28.306257 -152.135256
v -18.086714 26.099938 -153.163665
v -19.761312 26.183698 -154.131793
v -19.382532 28.306257 -152.135256
v -31.376319 10.384141 -164.586124
v -32.462646 12.477392 -167.119003
v -29.887270 13.249416 -166.975456
v -42.117917 32.669410 -153.790164
v -42.253509 32.780627 -153.865500
v -42.262971 32.618182 -153.894198
v -41.317948 7.673491 -144.005489
v -41.165322 6.764446 -144.777728
v -41.375392 5.658230 -142.822837
v -19.390637 42.481132 -147.527282
v -21.104027 40.104164 -149.848367
v -23.145644 43.392258 -145.635727
v -25.234259 26.436416 -145.583508
v -25.232779 24.365584 -146.045488
v -24.305582 26.595605 -144.325336
v -17.548061 32.664008 -142.549365
v -17.369832 33.351955 -140.697385
v -19.317235 30.310804 -142.775428
v -28.843565 38.939247 -145.544491
v -28.078562 31.734099 -146.128220
v -31.294033 40.064460 -145.284551
v -26.894578 24.574156 -145.328330
v -27.658179 23.372963 -144.323567
v -28.637155 25.068280 -144.853641
v -26.940536 21.803508 -147.519994
v -27.258077 20.956574 -149.665794
v -28.854431 22.042443 -145.423777
v -25.232779 24.365584 -146.045488
v -25.510358 25.172536 -146.378705
v -25.383099 25.382407 -147.612581
v -28.078562 31.734099 -146.128220
v -28.129946 35.519368 -146.575577
v -28.517028 33.468066 -147.126110
v -38.643419 12.852636 -150.132145
v -39.347509 15.781975 -150.548444
v -36.936429 11.901446 -148.635513
v -41.317142 11.442369 -144.243718
v -40.331855 15.478157 -143.724237
v -44.382468 21.302746 -146.680283
v -27.949830 32.424507 -147.051470
v -28.517028 33.468066 -147.126110
v -27.640107 36.386017 -147.506737
v -27.949830 32.424507 -147.051470
v -27.640107 36.386017 -147.506737
v -28.355058 34.454840 -147.575158
v -35.387770 18.822686 -130.243280
v -35.772832 21.834473 -130.504944
v -36.310810 22.891906 -135.329741
v -43.201212 30.250926 -156.489929
v -42.232469 30.370882 -156.641169
v -42.169360 29.542881 -157.136217
v -31.902343 42.818969 -153.046513
v -33.563171 43.284628 -152.824865
v -32.417834 47.540416 -154.772104
v -42.231462 29.763291 -156.567048
v -42.232469 30.370882 -156.641169
v -43.201212 30.250926 -156.489929
v -42.231462 29.763291 -156.567048
v -42.169360 29.542881 -157.136217
v -42.449500 28.536602 -156.905724
v -42.638182 29.990294 -156.447106
v -42.231462 29.763291 -156.567048
v -42.449500 28.536602 -156.905724
v -41.163526 29.885308 -156.865950
v -40.168521 27.438418 -156.755998
v -42.169360 29.542881 -157.136217
v -29.461389 26.156074 -143.368806
v -28.637155 25.068280 -144.853641
v -29.382301 24.732603 -142.271798
v -24.305582 26.595605 -144.325336
v -26.013756 26.073654 -143.887944
v -27.509848 27.394865 -143.403661
v -35.318607 0.622598 -141.963699
v -37.306025 0.368290 -143.045720
v -36.347132 0.921091 -146.944978
v -30.556541 17.271222 -143.878187
v -29.406672 19.698584 -148.695992
v -32.736447 17.303530 -154.732873
v -28.515031 16.540568 -164.163400
v -28.698311 17.775448 -165.816825
v -25.882764 16.385703 -161.309847
v -27.220003 38.385307 -147.574519
v -27.640107 36.386017 -147.506737
v -26.539091 36.884048 -147.630056
v -23.044900 0.613227 -138.075019
v -28.773631 0.537727 -136.719068
v -24.466246 -0.000000 -139.585666
v -42.554681 31.161631 -145.768317
v -40.610010 29.214846 -142.338370
v -41.716395 31.372736 -147.930419
v -25.885829 40.304590 -146.983225
v -26.047333 38.314736 -147.162016
v -26.171959 39.814849 -147.276417
v -41.284866 28.670675 -155.428341
v -41.015245 29.310610 -154.598943
v -39.975723 27.467148 -155.138474
v -28.054755 45.280760 -149.759992
v -28.275350 47.199897 -147.798022
v -28.515123 44.962172 -147.833268
v -44.058411 32.652156 -152.484554
v -44.748217 32.482259 -151.730801
v -44.256131 32.738994 -151.971135
v -27.032924 36.977676 -147.530058
v -26.539091 36.884048 -147.630056
v -27.385146 35.553014 -147.644605
v -27.868751 48.498901 -148.146935
v -27.323094 48.254098 -147.608366
v -28.275350 47.199897 -147.798022
v -25.327544 40.687459 -147.123324
v -25.960224 41.810488 -146.832769
v -26.171959 39.814849 -147.276417
v -25.327544 40.687459 -147.123324
v -22.874100 41.940050 -146.529914
v -25.885829 40.304590 -146.983225
v -31.072467 34.081300 -128.192809
v -37.810332 40.340969 -132.698217
v -33.548589 32.017452 -129.748340
v -44.582584 31.814669 -152.248185
v -43.402616 30.025504 -155.732572
v -44.365970 29.004052 -155.770841
v -34.073531 21.315650 -145.901292
v -32.677092 21.845299 -142.893771
v -31.975459 17.284813 -143.689720
v -29.824160 57.243766 -148.994656
v -29.185582 57.510269 -147.320263
v -29.544033 57.490954 -149.385364
v -27.449713 46.112244 -142.897335
v -28.836466 47.489722 -140.451316
v -25.951058 46.198064 -142.015097
v -27.612475 25.536553 -146.605411
v -25.234259 26.436416 -145.583508
v -29.272487 27.664359 -146.410529
v -35.989082 28.516156 -140.917569
v -36.315602 28.240789 -140.321027
v -36.346837 27.990966 -140.385086
v -35.933551 14.268382 -142.162615
v -34.058261 12.035435 -139.105595
v -36.196326 12.986449 -139.393689
v -43.201212 30.250926 -156.489929
v -43.419466 30.507837 -155.855777
v -43.371447 31.478648 -155.079652
v -20.583814 10.258134 -147.621485
v -20.988192 13.037079 -151.863676
v -19.268885 10.959773 -147.941971
v -35.723211 38.333654 -144.075691
v -34.512691 38.072339 -143.545529
v -36.449879 38.018612 -143.267486
v -25.440474 8.813111 -133.636143
v -25.098075 10.042453 -132.870793
v -30.292337 8.963025 -139.569130
v -23.032675 3.751716 -136.432609
v -22.362080 3.886580 -137.479612
v -21.677916 7.058432 -134.617585
v -19.636265 22.171218 -155.196054
v -22.595135 21.959709 -158.905370
v -22.408380 23.573914 -156.185754
v -25.440474 8.813111 -133.636143
v -26.605861 4.997295 -136.172174
v -25.058482 4.328680 -135.314969
v -36.346837 27.990966 -140.385086
v -36.315602 28.240789 -140.321027
v -35.662278 27.979838 -140.013913
v -31.235384 20.121449 -164.806855
v -30.520205 18.013125 -167.010919
v -33.790312 15.907261 -167.088306
v -25.666748 3.171907 -140.890642
v -24.998619 1.227804 -141.770446
v -28.602262 1.897372 -142.628913
v -26.879503 38.840915 -148.031386
v -27.220003 38.385307 -147.574519
v -26.171959 39.814849 -147.276417
v -32.176453 13.065516 -142.258312
v -30.556541 17.271222 -143.878187
v -31.298192 13.445131 -143.619878
v -25.098075 10.042453 -132.870793
v -28.956046 9.763967 -132.471770
v -30.292337 8.963025 -139.569130
v -23.732062 27.842685 -148.367643
v -23.154714 31.563087 -149.512679
v -23.551467 28.950371 -149.572438
v -36.042888 54.183610 -146.260907
v -34.299519 54.023184 -143.435376
v -34.554187 56.316869 -146.307926
v -19.789399 15.052309 -150.745562
v -20.988192 13.037079 -151.863676
v -22.753300 13.857890 -155.704164
v -20.990496 28.109148 -146.489130
v -18.087369 28.670277 -145.029778
v -19.671359 30.118130 -144.033262
v -39.021459 2.942495 -154.248797
v -40.622812 2.218521 -153.470572
v -39.422831 4.463402 -150.013861
v -42.117917 32.669410 -153.790164
v -43.204715 32.832449 -153.862123
v -41.955449 32.854263 -153.353300
v -41.375392 5.658230 -142.822837
v -40.294803 5.633591 -144.689469
v -40.844180 3.860987 -143.871111
v -31.716052 53.665152 -142.150605
v -29.064385 51.921962 -141.932026
v -29.544403 54.598085 -142.947651
v -43.419466 30.507837 -155.855777
v -43.412344 30.566766 -155.607988
v -43.690084 29.693690 -156.600039
v -41.672130 33.604272 -133.667597
v -39.621346 30.914705 -132.333390
v -39.956324 34.969083 -132.578013
v -40.924579 26.645587 -134.257706
v -38.594640 27.642702 -133.878226
v -39.621346 30.914705 -132.333390
v -36.702089 25.788795 -136.815905
v -37.225057 25.271425 -138.695458
v -36.310810 22.891906 -135.329741
v -28.486816 6.029109 -141.410899
v -25.701890 6.193036 -142.293997
v -25.981804 5.548598 -141.513273
v -35.723211 38.333654 -144.075691
v -36.541938 39.844923 -143.306806
v -36.062476 39.030748 -144.307642
v -27.390498 52.151178 -143.726903
v -29.064385 51.921962 -141.932026
v -29.048844 48.274127 -142.538449
v -36.650860 0.252845 -150.616920
v -36.058247 0.884114 -153.006154
v -35.577642 1.016375 -150.107082
v -34.956049 38.426284 -142.913329
v -36.449879 38.018612 -143.267486
v -34.512691 38.072339 -143.545529
v -23.401308 10.580675 -148.006126
v -25.150378 8.181659 -149.763534
v -24.446361 9.673130 -152.174138
v -30.681671 48.210421 -140.120761
v -30.477775 47.565336 -141.860814
v -30.293656 49.424810 -141.966563
v -40.622812 2.218521 -153.470572
v -39.021459 2.942495 -154.248797
v -39.080941 1.824879 -155.081989
v -42.204650 32.688052 -154.008556
v -40.436768 31.498550 -154.289977
v -42.298968 32.220730 -154.579989
v -16.694843 36.089658 -140.870272
v -17.369832 33.351955 -140.697385
v -17.548061 32.664008 -142.549365
v -28.275350 47.199897 -147.798022
v -28.200207 47.063367 -143.997053
v -28.515123 44.962172 -147.833268
v -39.251656 9.675649 -147.698286
v -40.721151 13.776370 -148.194516
v -40.769976 16.615869 -151.122786
v -16.591795 23.629905 -141.476072
v -16.498787 25.070216 -138.557218
v -14.961417 22.988782 -138.391517
v -41.015245 29.310610 -154.598943
v -40.843639 30.508773 -155.590401
v -40.085675 30.001578 -154.962260
v -40.168521 27.438418 -156.755998
v -40.214222 27.166190 -155.804779
v -41.566700 21.886991 -153.585523
v -31.662638 23.825781 -140.853726
v -29.382301 24.732603 -142.271798
v -28.207174 22.630460 -144.220197
v -23.544763 21.083199 -149.605387
v -23.347156 21.342191 -150.076811
v -24.137923 21.160716 -149.868874
v -32.496025 45.651389 -135.748353
v -31.037162 45.377379 -133.830346
v -29.531274 45.727990 -135.410562
v -44.582584 31.814669 -152.248185
v -43.900486 32.500628 -152.372785
v -43.645872 32.085769 -153.287329
v -24.538314 36.813391 -147.401609
v -24.986651 28.559938 -148.280757
v -27.024768 27.243888 -147.437276
v -27.560071 46.557051 -135.015251
v -27.563869 45.661005 -135.892884
v -31.037162 45.377379 -133.830346
v -31.387279 42.363365 -148.143563
v -32.417203 42.577466 -147.362352
v -32.442259 43.179037 -149.498998
v -34.175345 28.961518 -143.361136
v -35.607101 33.967992 -143.728843
v -34.598067 31.645448 -142.828261
v -19.679500 10.462408 -138.575378
v -21.000190 10.519352 -141.010568
v -18.816941 9.628038 -142.612705
v -27.520317 44.834098 -137.012854
v -29.851750 47.014002 -138.425996
v -31.953054 46.790478 -137.458891
v -28.486816 6.029109 -141.410899
v -28.645505 4.754894 -140.350557
v -28.295208 6.224012 -139.143069
v -45.637855 23.180089 -145.331103
v -41.605991 21.000502 -143.007722
v -41.301443 21.543707 -140.017417
v -31.256677 56.588098 -152.116762
v -32.412614 57.713394 -148.274313
v -30.718187 56.961282 -149.692302
v -18.046629 23.977026 -149.927757
v -17.825015 22.766696 -151.054149
v -17.368690 26.090288 -150.591518
v -32.417834 47.540416 -154.772104
v -33.138986 48.381579 -153.785687
v -32.646324 48.218019 -155.423329
v -28.517028 33.468066 -147.126110
v -30.132317 27.982812 -147.551540
v -29.272487 27.664359 -146.410529
v -25.981804 5.548598 -141.513273
v -24.723653 3.117963 -141.914505
v -25.120863 3.309846 -142.167778
v -42.972144 33.086277 -153.300072
v -43.748475 32.965165 -152.269723
v -43.974661 33.229922 -150.770020
v -20.164121 36.902124 -150.283322
v -22.780395 36.085320 -150.048826
v -21.104027 40.104164 -149.848367
v -37.365180 13.521406 -141.269215
v -38.954083 15.416960 -141.090619
v -37.646510 13.049532 -142.294987
v -40.489400 0.389286 -153.187907
v -40.622812 2.218521 -153.470572
v -39.080941 1.824879 -155.081989
v -42.117917 32.669410 -153.790164
v -40.436768 31.498550 -154.289977
v -42.092044 32.720697 -153.914425
v -25.450954 4.552932 -141.567548
v -25.120863 3.309846 -142.167778
v -25.493263 4.977640 -141.579708
v -23.544763 21.083199 -149.605387
v -23.919071 21.000450 -147.502732
v -21.521897 21.385411 -146.082390
v -25.419200 21.564928 -147.938895
v -24.338731 20.957851 -150.292763
v -24.137923 21.160716 -149.868874
v -36.058247 0.884114 -153.006154
v -36.650860 0.252845 -150.616920
v -37.869374 0.277921 -154.407479
v -24.723653 3.117963 -141.914505
v -24.998619 1.227804 -141.770446
v -25.120863 3.309846 -142.167778
v -34.275809 45.489431 -147.047062
v -34.339256 43.292598 -149.987864
v -32.442259 43.179037 -149.498998
v -41.829314 1.407587 -147.459490
v -40.489400 0.389286 -153.187907
v -39.045095 0.430197 -141.283493
v -33.326902 46.498320 -139.656352
v -32.184517 48.676225 -140.434125
v -34.019338 47.747848 -141.068708
v -17.469533 26.701910 -148.031121
v -18.939993 25.892823 -146.551792
v -18.046629 23.977026 -149.927757
v -37.627073 38.522500 -141.349544
v -38.330190 34.793799 -141.210988
v -38.326114 40.463093 -140.971445
v -45.328657 24.494106 -138.770944
v -44.228871 25.114271 -136.886599
v -45.794688 26.697069 -138.314587
v -27.124891 40.252492 -145.859252
v -28.843565 38.939247 -145.544491
v -28.053612 41.794027 -145.833288
v -43.371447 31.478648 -155.079652
v -43.690084 29.693690 -156.600039
v -43.402616 30.025504 -155.732572
v -28.129946 35.519368 -146.575577
v -27.032924 36.977676 -147.530058
v -27.640107 36.386017 -147.506737
v -41.776849 37.973133 -135.075357
v -41.056226 33.944828 -138.155281
v -42.057191 31.848249 -138.158362
v -17.293531 13.578574 -135.795416
v -18.662138 16.160331 -132.132529
v -19.663068 12.592364 -133.171091
v -19.578089 38.856343 -135.446716
v -22.655520 41.783893 -135.785159
v -25.056859 39.272203 -131.511320
v -26.085484 21.688834 -148.222739
v -26.157814 21.620479 -148.250473
v -25.419200 21.564928 -147.938895
v -36.042888 54.183610 -146.260907
v -36.706210 51.193649 -148.010524
v -36.513314 50.183421 -146.507437
v -43.204715 32.832449 -153.862123
v -43.645872 32.085769 -153.287329
v -43.639437 32.651472 -152.996713
v -19.382532 28.306257 -152.135256
v -17.691274 29.025427 -149.819952
v -17.368690 26.090288 -150.591518
v -31.999744 57.571707 -146.484145
v -32.412614 57.713394 -148.274313
v -34.554187 56.316869 -146.307926
v -28.121407 0.682576 -142.346727
v -30.207640 0.466356 -140.951520
v -28.602262 1.897372 -142.628913
v -25.238943 21.129722 -149.663535
v -24.338731 20.957851 -150.292763
v -27.258077 20.956574 -149.665794
v -25.023965 42.236908 -131.907619
v -26.741769 43.050458 -130.383422
v -25.056859 39.272203 -131.511320
v -16.544725 23.911639 -133.359501
v -15.429930 21.807694 -137.730446
v -14.961417 22.988782 -138.391517
v -25.450954 4.552932 -141.567548
v -24.646768 3.161946 -140.953806
v -24.990197 3.399753 -141.675079
v -36.042888 54.183610 -146.260907
v -34.554187 56.316869 -146.307926
v -35.225580 55.720648 -149.271649
v -35.298954 24.254494 -134.169801
v -33.998717 25.030001 -132.930504
v -34.956448 27.643375 -134.864682
v -26.119457 38.255815 -148.257677
v -26.879503 38.840915 -148.031386
v -25.820347 41.017492 -147.840428
v -46.896529 27.666920 -150.688651
v -44.866991 28.584502 -141.337204
v -45.372882 31.856744 -149.845257
v -22.595135 21.959709 -158.905370
v -21.303411 21.231933 -157.675913
v -28.698311 17.775448 -165.816825
v -36.982728 2.522114 -154.066446
v -39.021459 2.942495 -154.248797
v -36.250549 4.037511 -149.411280
v -36.430899 28.833925 -139.794457
v -35.662278 27.979838 -140.013913
v -36.315602 28.240789 -140.321027
v -31.975459 17.284813 -143.689720
v -30.556541 17.271222 -143.878187
v -32.176453 13.065516 -142.258312
v -35.248996 49.190358 -144.553459
v -33.892859 48.663372 -142.620122
v -34.534550 51.852347 -142.625034
v -24.723653 3.117963 -141.914505
v -24.990197 3.399753 -141.675079
v -24.858194 2.450763 -141.474189
v -25.419200 21.564928 -147.938895
v -26.337229 21.713808 -147.977840
v -26.940536 21.803508 -147.519994
v -29.064385 51.921962 -141.932026
v -31.253027 49.764886 -141.555798
v -30.293656 49.424810 -141.966563
v -26.741769 43.050458 -130.383422
v -25.937258 43.383387 -133.249954
v -28.671512 43.484280 -131.218778
v -25.694153 18.286497 -127.087394
v -30.139452 19.456467 -126.144434
v -28.497484 15.599325 -127.401598
v -28.054550 25.836959 -147.240036
v -25.510358 25.172536 -146.378705
v -27.612475 25.536553 -146.605411
v -35.796676 44.135009 -141.326117
v -35.908506 42.279574 -141.275774
v -36.337646 44.109309 -139.587703
v -24.466246 -0.000000 -139.585666
v -24.998619 1.227804 -141.770446
v -23.473746 1.219900 -140.051700
v -33.548589 32.017452 -129.748340
v -36.992269 34.917637 -132.522203
v -36.104438 30.756146 -133.300122
v -36.346837 27.990966 -140.385086
v -35.910121 27.683185 -139.519751
v -36.661664 28.559537 -139.659174
v -40.801402 29.494327 -139.488730
v -40.610010 29.214846 -142.338370
v -43.117428 29.455966 -139.594274
v -44.694179 32.354136 -152.089584
v -44.058411 32.652156 -152.484554
v -43.900486 32.500628 -152.372785
v -36.924457 38.825683 -143.926452
v -36.496012 38.381203 -143.100414
v -36.449879 38.018612 -143.267486
v -21.866171 19.764349 -151.729973
v -19.704654 21.187550 -144.785334
v -18.366087 18.253397 -145.378662
v -35.967608 5.973794 -139.383165
v -38.739837 7.458982 -141.026606
v -38.480446 1.738896 -138.453915
v -28.738756 27.486021 -147.764424
v -28.054550 25.836959 -147.240036
v -30.132317 27.982812 -147.551540
v -41.036925 30.130522 -155.767008
v -40.601350 31.092510 -155.448887
v -40.843639 30.508773 -155.590401
v -36.630268 27.733197 -136.301392
v -35.298954 24.254494 -134.169801
v -34.956448 27.643375 -134.864682
v -16.490307 21.688484 -141.044864
v -16.141133 19.040329 -140.795901
v -18.366087 18.253397 -145.378662
v -45.637855 23.180089 -145.331103
v -43.984196 22.205405 -140.243784
v -45.328657 24.494106 -138.770944
v -34.114610 46.625362 -137.249183
v -35.131933 45.805802 -134.730619
v -32.496025 45.651389 -135.748353
v -34.014884 8.112390 -144.907819
v -35.782459 7.177059 -145.860731
v -34.693385 9.709644 -145.480157
v -21.866171 19.764349 -151.729973
v -21.847442 19.431698 -153.529386
v -21.804114 20.410432 -152.207717
v -42.231462 29.763291 -156.567048
v -43.201212 30.250926 -156.489929
v -42.490940 29.590233 -156.817812
v -23.005930 43.373989 -136.764113
v -22.655520 41.783893 -135.785159
v -20.386939 42.437697 -139.820773
v -28.188599 21.349126 -159.866308
v -26.336661 20.975964 -154.423921
v -26.489120 22.436327 -155.970355
v -20.295418 24.057686 -144.672030
v -22.783926 23.087887 -145.738974
v -21.149429 25.037899 -145.629558
v -42.488473 13.442332 -146.607623
v -41.317142 11.442369 -144.243718
v -46.153593 23.730039 -151.181570
v -42.449500 28.536602 -156.905724
v -43.690084 29.693690 -156.600039
v -42.490940 29.590233 -156.817812
v -43.690084 29.693690 -156.600039
v -43.371447 31.478648 -155.079652
v -43.419466 30.507837 -155.855777
v -25.232779 24.365584 -146.045488
v -22.783926 23.087887 -145.738974
v -27.658179 23.372963 -144.323567
v -29.435494 57.121973 -149.694330
v -28.056893 55.043974 -150.042375
v -29.682747 56.528537 -149.722864
v -30.069005 41.049419 -146.173768
v -31.387279 42.363365 -148.143563
v -28.053612 41.794027 -145.833288
v -27.560750 36.420640 -147.970827
v -26.879503 38.840915 -148.031386
v -26.539091 36.884048 -147.630056
v -28.355058 34.454840 -147.575158
v -28.577116 32.327442 -148.128013
v -30.132317 27.982812 -147.551540
v -42.308988 28.106942 -134.633867
v -39.621346 30.914705 -132.333390
v -41.672130 33.604272 -133.667597
v -39.077955 45.192012 -137.431217
v -35.853288 45.607775 -138.635384
v -38.124006 44.054177 -139.020264
v -40.864260 19.421328 -152.688426
v -40.769976 16.615869 -151.122786
v -41.566700 21.886991 -153.585523
v -33.805904 26.046661 -139.791594
v -34.427547 28.473473 -141.176667
v -34.155869 27.787478 -139.175531
v -28.056893 55.043974 -150.042375
v -29.544033 57.490954 -149.385364
v -27.602220 55.475841 -146.863299
v -24.245905 43.296483 -133.650343
v -22.655520 41.783893 -135.785159
v -23.005930 43.373989 -136.764113
v -27.563869 45.661005 -135.892884
v -27.560071 46.557051 -135.015251
v -26.292845 46.147381 -139.028299
v -27.769806 52.318196 -151.055916
v -26.677641 50.333772 -147.016107
v -27.617594 49.380205 -149.431445
v -18.087369 28.670277 -145.029778
v -17.469533 26.701910 -148.031121
v -17.548061 32.664008 -142.549365
v -36.541938 39.844923 -143.306806
v -37.046193 39.197770 -144.076902
v -36.496012 38.381203 -143.100414
v -23.502360 6.830689 -140.998582
v -25.493263 4.977640 -141.579708
v -25.701890 6.193036 -142.293997
v -29.048844 48.274127 -142.538449
v -29.064385 51.921962 -141.932026
v -30.293656 49.424810 -141.966563
v -19.957778 22.227126 -149.775484
v -20.186473 19.896796 -152.393543
v -18.774606 21.989009 -152.078313
v -41.605991 21.000502 -143.007722
v -40.331855 15.478157 -143.724237
v -38.954083 15.416960 -141.090619
v -43.402616 30.025504 -155.732572
v -43.412344 30.566766 -155.607988
v -43.371447 31.478648 -155.079652
v -29.824160 57.243766 -148.994656
v -30.064797 57.145834 -147.517395
v -29.185582 57.510269 -147.320263
v -25.937258 43.383387 -133.249954
v -26.805119 44.731752 -133.178252
v -28.671512 43.484280 -131.218778
v -32.563794 41.421996 -144.115036
v -33.160837 44.621095 -143.690338
v -34.275809 45.489431 -147.047062
v -28.854431 22.042443 -145.423777
v -27.258077 20.956574 -149.665794
v -29.406672 19.698584 -148.695992
v -22.689441 44.441378 -144.259098
v -20.386939 42.437697 -139.820773
v -18.023441 42.329729 -146.376058
v -36.550588 12.476804 -142.782638
v -34.989065 10.193722 -143.537228
v -35.955249 10.813405 -144.905100
v -16.544725 23.911639 -133.359501
v -19.250121 24.162458 -130.297088
v -16.324031 19.839261 -134.118504
v -36.789109 33.935561 -140.501932
v -35.162525 36.377699 -141.607362
v -35.693442 32.789079 -140.207508
v -30.410675 9.048209 -156.448980
v -31.607957 10.411018 -152.775836
v -33.328990 10.596261 -158.775084
v -35.387770 18.822686 -130.243280
v -36.623254 17.713137 -131.557610
v -33.069191 18.438636 -126.612940
v -17.878521 10.366470 -144.261800
v -17.967860 10.321603 -142.225958
v -18.816941 9.628038 -142.612705
v -26.527044 12.700096 -164.039450
v -25.723438 9.837555 -158.960530
v -27.109839 10.389945 -162.042326
v -22.671679 24.859511 -153.672873
v -23.557915 24.268464 -151.853007
v -23.117336 26.885049 -152.748981
v -34.275809 45.489431 -147.047062
v -35.610691 45.538710 -148.675505
v -34.339256 43.292598 -149.987864
v -32.797768 25.852422 -139.937470
v -33.805904 26.046661 -139.791594
v -33.220641 28.136591 -138.757670
v -23.991892 7.678726 -133.586531
v -25.440474 8.813111 -133.636143
v -25.058482 4.328680 -135.314969
v -38.018188 23.927848 -138.330206
v -39.749886 20.275909 -137.355986
v -38.180070 21.001730 -136.407587
v -18.620925 40.414937 -149.099052
v -20.164121 36.902124 -150.283322
v -21.104027 40.104164 -149.848367
v -43.690084 29.693690 -156.600039
v -43.201212 30.250926 -156.489929
v -42.169360 29.542881 -157.136217
v -19.390637 42.481132 -147.527282
v -18.023441 42.329729 -146.376058
v -18.620925 40.414937 -149.099052
v -35.916064 29.903994 -140.127534
v -35.662278 27.979838 -140.013913
v -35.966473 29.326521 -139.131394
v -44.256131 32.738994 -151.971135
v -44.582584 31.814669 -152.248185
v -43.974661 33.229922 -150.770020
v -29.048844 48.274127 -142.538449
v -28.526976 47.320685 -141.844241
v -28.200207 47.063367 -143.997053
v -36.496012 38.381203 -143.100414
v -37.175126 38.621360 -143.022299
v -36.089356 38.241597 -142.862625
v -33.974167 45.887160 -142.058522
v -34.019338 47.747848 -141.068708
v -33.177316 46.483140 -142.852899
v -30.094917 57.096887 -149.541028
v -29.435494 57.121973 -149.694330
v -29.824160 57.243766 -148.994656
v -28.645505 4.754894 -140.350557
v -25.666748 3.171907 -140.890642
v -27.836452 3.476947 -140.520290
v -26.527044 12.700096 -164.039450
v -28.605678 14.471770 -164.825327
v -25.882764 16.385703 -161.309847
v -24.646768 3.161946 -140.953806
v -23.473746 1.219900 -140.051700
v -24.858194 2.450763 -141.474189
v -35.953169 31.402202 -140.486016
v -36.700097 31.693518 -141.088999
v -35.916064 29.903994 -140.127534
v -43.959939 32.430613 -153.469509
v -43.371447 31.478648 -155.079652
v -43.412344 30.566766 -155.607988
v -42.638182 29.990294 -156.447106
v -42.449500 28.536602 -156.905724
v -42.490940 29.590233 -156.817812
v -35.910121 27.683185 -139.519751
v -35.489337 26.659479 -140.253279
v -36.702089 25.788795 -136.815905
v -28.053612 41.794027 -145.833288
v -28.515123 44.962172 -147.833268
v -27.631528 44.231008 -145.332781
v -33.912948 12.469170 -131.696615
v -34.109854 11.135180 -136.269272
v -32.504144 10.605177 -133.293173
v -21.353116 9.670875 -140.390668
v -21.000190 10.519352 -141.010568
v -19.679500 10.462408 -138.575378
v -18.939993 25.892823 -146.551792
v -20.990496 28.109148 -146.489130
v -22.509168 25.598537 -148.364351
v -31.253027 49.764886 -141.555798
v -31.716052 53.665152 -142.150605
v -34.534550 51.852347 -142.625034
v -41.605991 21.000502 -143.007722
v -44.382468 21.302746 -146.680283
v -40.331855 15.478157 -143.724237
v -33.858505 17.243952 -165.711845
v -32.749547 18.639672 -164.078595
v -31.235384 20.121449 -164.806855
v -37.745687 26.958296 -137.895693
v -38.020201 26.193261 -136.348496
v -38.693252 24.421337 -138.275048
v -33.921618 45.518787 -141.123030
v -34.019338 47.747848 -141.068708
v -33.974167 45.887160 -142.058522
v -43.751636 32.915804 -153.072503
v -44.058411 32.652156 -152.484554
v -43.748475 32.965165 -152.269723
v -25.820347 41.017492 -147.840428
v -25.293274 45.131003 -144.513418
v -23.145644 43.392258 -145.635727
v -38.353374 8.252725 -146.909555
v -35.646249 9.357457 -147.581792
v -34.693385 9.709644 -145.480157
v -33.441987 23.113970 -129.091986
v -30.139452 19.456467 -126.144434
v -32.008706 24.171718 -127.250334
v -16.490307 21.688484 -141.044864
v -14.961417 22.988782 -138.391517
v -15.429930 21.807694 -137.730446
v -43.419466 30.507837 -155.855777
v -43.201212 30.250926 -156.489929
v -43.402616 30.025504 -155.732572
v -41.056226 33.944828 -138.155281
v -41.497475 40.700285 -136.810051
v -40.494699 36.984430 -138.607845
v -37.869374 0.277921 -154.407479
v -37.204212 1.355800 -154.819697
v -36.058247 0.884114 -153.006154
v -30.681671 48.210421 -140.120761
v -28.836466 47.489722 -140.451316
v -30.477775 47.565336 -141.860814
v -32.255121 52.338333 -154.402802
v -32.546534 50.125839 -154.600269
v -34.722379 52.027767 -153.393398
v -28.914372 25.789609 -143.609098
v -29.461389 26.156074 -143.368806
v -26.013756 26.073654 -143.887944
v -17.469533 26.701910 -148.031121
v -18.087369 28.670277 -145.029778
v -18.939993 25.892823 -146.551792
v -33.994407 29.869720 -141.298314
v -34.427547 28.473473 -141.176667
v -34.044065 28.937564 -141.733708
v -26.337229 21.713808 -147.977840
v -26.085484 21.688834 -148.222739
v -26.940536 21.803508 -147.519994
v -35.489337 26.659479 -140.253279
v -37.225057 25.271425 -138.695458
v -36.702089 25.788795 -136.815905
v -18.939993 25.892823 -146.551792
v -22.509168 25.598537 -148.364351
v -20.543587 24.367641 -148.323671
v -36.430899 28.833925 -139.794457
v -36.381170 29.300238 -140.508943
v -36.346837 27.990966 -140.385086
v -31.256677 56.588098 -152.116762
v -30.718187 56.961282 -149.692302
v -29.682747 56.528537 -149.722864
v -18.620925 40.414937 -149.099052
v -17.270132 40.856939 -147.037154
v -16.895855 36.067962 -148.445312
v -38.565509 43.249321 -133.630210
v -30.282942 42.206455 -129.980338
v -31.475569 44.001343 -131.036948
v -38.353374 8.252725 -146.909555
v -36.896531 6.692785 -146.816708
v -39.119748 7.039015 -146.633248
v -39.577659 6.775931 -145.890779
v -38.353374 8.252725 -146.909555
v -39.119748 7.039015 -146.633248
v -28.526976 47.320685 -141.844241
v -28.836466 47.489722 -140.451316
v -27.449713 46.112244 -142.897335
v -36.700097 31.693518 -141.088999
v -36.653874 30.710965 -140.059520
v -36.381170 29.300238 -140.508943
v -32.462646 12.477392 -167.119003
v -33.439038 10.730541 -164.629553
v -34.236731 13.947283 -167.417079
v -43.029826 30.053723 -137.850035
v -43.110277 32.301385 -135.365128
v -42.057191 31.848249 -138.158362
v -31.104399 26.080390 -142.031208
v -32.797768 25.852422 -139.937470
v -33.220641 28.136591 -138.757670
v -25.023965 42.236908 -131.907619
v -25.937258 43.383387 -133.249954
v -26.741769 43.050458 -130.383422
v -30.642062 25.027647 -141.523741
v -31.104399 26.080390 -142.031208
v -29.461389 26.156074 -143.368806
v -41.165322 6.764446 -144.777728
v -39.577659 6.775931 -145.890779
v -40.294803 5.633591 -144.689469
v -19.679500 10.462408 -138.575378
v -21.871848 9.695195 -139.773267
v -21.353116 9.670875 -140.390668
v -31.008371 11.546192 -142.729821
v -30.292337 8.963025 -139.569130
v -34.058261 12.035435 -139.105595
v -32.255121 52.338333 -154.402802
v -34.722379 52.027767 -153.393398
v -33.724019 55.784081 -152.834261
v -28.602262 1.897372 -142.628913
v -28.832159 3.555375 -139.452766
v -27.836452 3.476947 -140.520290
v -45.372882 31.856744 -149.845257
v -43.974661 33.229922 -150.770020
v -44.748217 32.482259 -151.730801
v -37.530985 37.765777 -143.477163
v -36.089356 38.241597 -142.862625
v -37.175126 38.621360 -143.022299
v -36.630268 27.733197 -136.301392
v -38.020201 26.193261 -136.348496
v -37.745687 26.958296 -137.895693
v -23.473746 1.219900 -140.051700
v -23.044900 0.613227 -138.075019
v -24.466246 -0.000000 -139.585666
v -33.921618 45.518787 -141.123030
v -33.974167 45.887160 -142.058522
v -35.179254 45.086536 -142.248152
v -28.645505 4.754894 -140.350557
v -28.832159 3.555375 -139.452766
v -28.295208 6.224012 -139.143069
v -29.544403 54.598085 -142.947651
v -31.746657 56.123591 -144.249841
v -31.716052 53.665152 -142.150605
v -38.326114 40.463093 -140.971445
v -38.826934 34.378108 -140.528266
v -38.674616 38.822608 -139.912989
v -27.323094 48.254098 -147.608366
v -26.677641 50.333772 -147.016107
v -28.275350 47.199897 -147.798022
v -22.509168 25.598537 -148.364351
v -24.008779 25.251191 -149.627667
v -23.451577 23.854164 -150.288609
v -35.558868 28.219415 -137.470790
v -36.392662 28.636728 -137.029231
v -36.538606 30.688640 -137.062635
v -28.671512 43.484280 -131.218778
v -30.282942 42.206455 -129.980338
v -26.741769 43.050458 -130.383422
v -19.704654 21.187550 -144.785334
v -21.866171 19.764349 -151.729973
v -23.347156 21.342191 -150.076811
v -29.887270 13.249416 -166.975456
v -32.123621 15.046214 -167.747478
v -30.520205 18.013125 -167.010919
v -30.282942 42.206455 -129.980338
v -34.198933 40.556920 -131.062434
v -29.342358 39.289833 -129.894745
v -23.145644 43.392258 -145.635727
v -21.104027 40.104164 -149.848367
v -22.874100 41.940050 -146.529914
v -37.810332 40.340969 -132.698217
v -39.956324 34.969083 -132.578013
v -38.429513 35.262280 -132.403456
v -42.253509 32.780627 -153.865500
v -42.972144 33.086277 -153.300072
v -42.407410 32.699874 -154.067694
v -28.056893 55.043974 -150.042375
v -31.256677 56.588098 -152.116762
v -29.682747 56.528537 -149.722864
v -42.490940 29.590233 -156.817812
v -43.201212 30.250926 -156.489929
v -42.638182 29.990294 -156.447106
v -34.554187 56.316869 -146.307926
v -32.412614 57.713394 -148.274313
v -35.225580 55.720648 -149.271649
v -45.165153 26.954754 -155.060212
v -42.449500 28.536602 -156.905724
v -41.566700 21.886991 -153.585523
v -35.250236 14.318454 -159.266927
v -32.640926 13.744894 -152.851164
v -32.736447 17.303530 -154.732873
v -23.451577 23.854164 -150.288609
v -23.239977 21.682164 -150.991219
v -22.509168 25.598537 -148.364351
v -26.119457 38.255815 -148.257677
v -26.539091 36.884048 -147.630056
v -26.879503 38.840915 -148.031386
v -35.675000 35.046385 -142.538432
v -36.789109 33.935561 -140.501932
v -37.170876 33.582434 -141.207383
v -30.520205 18.013125 -167.010919
v -28.698311 17.775448 -165.816825
v -29.887270 13.249416 -166.975456
v -33.721091 47.368434 -144.618008
v -35.785072 47.444393 -147.496035
v -34.275809 45.489431 -147.047062
v -30.094917 57.096887 -149.541028
v -29.682747 56.528537 -149.722864
v -30.718187 56.961282 -149.692302
v -40.601350 31.092510 -155.448887
v -42.298968 32.220730 -154.579989
v -40.436768 31.498550 -154.289977
v -22.073193 7.132177 -142.482404
v -25.701890 6.193036 -142.293997
v -24.628579 6.001962 -145.021844
v -29.851750 47.014002 -138.425996
v -27.520317 44.834098 -137.012854
v -26.292845 46.147381 -139.028299
v -37.869374 0.277921 -154.407479
v -39.080941 1.824879 -155.081989
v -37.204212 1.355800 -154.819697
v -28.854431 22.042443 -145.423777
v -28.207174 22.630460 -144.220197
v -23.919071 21.000450 -147.502732
v -33.892859 48.663372 -142.620122
v -35.248996 49.190358 -144.553459
v -33.721091 47.368434 -144.618008
v -19.636265 22.171218 -155.196054
v -22.408380 23.573914 -156.185754
v -19.676764 24.348806 -153.975629
v -32.712502 17.794368 -160.372499
v -32.749547 18.639672 -164.078595
v -34.480383 17.498219 -163.270304
v -34.137221 6.896070 -142.741811
v -35.140088 1.714732 -139.288909
v -35.318607 0.622598 -141.963699
v -30.094917 57.096887 -149.541028
v -29.544033 57.490954 -149.385364
v -29.435494 57.121973 -149.694330
v -31.327204 21.463030 -143.026173
v -31.662638 23.825781 -140.853726
v -28.854431 22.042443 -145.423777
v -36.653874 30.710965 -140.059520
v -36.430899 28.833925 -139.794457
v -36.661664 28.559537 -139.659174
v -39.995872 30.769059 -153.308190
v -41.700977 31.071690 -151.161257
v -38.671615 28.718900 -150.956137
v -32.646324 48.218019 -155.423329
v -33.138986 48.381579 -153.785687
v -32.546534 50.125839 -154.600269
v -19.957778 22.227126 -149.775484
v -21.804114 20.410432 -152.207717
v -20.186473 19.896796 -152.393543
v -22.783926 23.087887 -145.738974
v -25.232779 24.365584 -146.045488
v -23.949587 24.515496 -146.613878
v -19.671359 30.118130 -144.033262
v -18.087369 28.670277 -145.029778
v -17.548061 32.664008 -142.549365
v -21.521897 21.385411 -146.082390
v -27.658179 23.372963 -144.323567
v -22.783926 23.087887 -145.738974
v -43.204715 32.832449 -153.862123
v -42.117917 32.669410 -153.790164
v -42.262971 32.618182 -153.894198
v -21.149051 10.496307 -134.053483
v -23.991892 7.678726 -133.586531
v -21.677916 7.058432 -134.617585
v -43.201212 30.250926 -156.489929
v -43.690084 29.693690 -156.600039
v -43.412344 30.566766 -155.607988
v -28.914372 25.789609 -143.609098
v -26.894578 24.574156 -145.328330
v -28.637155 25.068280 -144.853641
v -19.704654 21.187550 -144.785334
v -16.490307 21.688484 -141.044864
v -18.366087 18.253397 -145.378662
v -39.203043 28.251580 -139.528826
v -39.819019 32.652038 -138.795803
v -38.292747 30.362342 -138.728784
v -35.967608 5.973794 -139.383165
v -38.480446 1.738896 -138.453915
v -37.129145 1.073878 -137.834551
v -28.645505 4.754894 -140.350557
v -28.486816 6.029109 -141.410899
v -25.981804 5.548598 -141.513273
v -40.214222 27.166190 -155.804779
v -39.975723 27.467148 -155.138474
v -41.566700 21.886991 -153.585523
v -23.919071 21.000450 -147.502732
v -25.419200 21.564928 -147.938895
v -26.940536 21.803508 -147.519994
v -39.203043 28.251580 -139.528826
v -40.610010 29.214846 -142.338370
v -40.801402 29.494327 -139.488730
v -26.415679 21.519990 -148.100255
v -26.337229 21.713808 -147.977840
v -25.419200 21.564928 -147.938895
v -22.167502 7.943483 -140.542535
v -21.871848 9.695195 -139.773267
v -23.502360 6.830689 -140.998582
v -25.120863 3.309846 -142.167778
v -24.858194 2.450763 -141.474189
v -24.990197 3.399753 -141.675079
v -28.584706 4.046298 -138.285028
v -28.295208 6.224012 -139.143069
v -28.832159 3.555375 -139.452766
v -35.360918 48.131457 -151.689031
v -36.160822 49.481302 -148.437878
v -35.658852 50.516636 -151.143246
v -44.058411 32.652156 -152.484554
v -44.256131 32.738994 -151.971135
v -43.748475 32.965165 -152.269723
v -40.168521 27.438418 -156.755998
v -41.163526 29.885308 -156.865950
v -39.688728 27.398654 -156.253209
v -34.014884 8.112390 -144.907819
v -34.693385 9.709644 -145.480157
v -34.354488 9.369651 -143.294049
v -18.620925 40.414937 -149.099052
v -17.997743 33.773099 -150.014567
v -20.164121 36.902124 -150.283322
v -35.989082 28.516156 -140.917569
v -35.916064 29.903994 -140.127534
v -36.315602 28.240789 -140.321027
v -36.089356 38.241597 -142.862625
v -36.541938 39.844923 -143.306806
v -35.723211 38.333654 -144.075691
v -22.509168 25.598537 -148.364351
v -23.239977 21.682164 -150.991219
v -20.543587 24.367641 -148.323671
v -39.972958 42.576482 -138.637816
v -38.674616 38.822608 -139.912989
v -40.494699 36.984430 -138.607845
v -41.375392 5.658230 -142.822837
v -41.165322 6.764446 -144.777728
v -40.294803 5.633591 -144.689469
v -35.024045 31.476739 -141.088946
v -35.953169 31.402202 -140.486016
v -35.693442 32.789079 -140.207508
v -32.442259 43.179037 -149.498998
v -30.746318 42.844645 -148.776658
v -31.387279 42.363365 -148.143563
v -24.305582 26.595605 -144.325336
v -27.454542 29.013008 -145.274693
v -25.234259 26.436416 -145.583508
v -36.653874 30.710965 -140.059520
v -35.953169 31.402202 -140.486016
v -35.966473 29.326521 -139.131394
v -24.446361 9.673130 -152.174138
v -23.396307 11.737044 -150.375129
v -23.401308 10.580675 -148.006126
v -30.139452 19.456467 -126.144434
v -33.441987 23.113970 -129.091986
v -34.279976 19.995971 -127.535117
v -35.114685 12.291686 -163.917136
v -34.236731 13.947283 -167.417079
v -33.439038 10.730541 -164.629553
v -46.896529 27.666920 -150.688651
v -46.186239 22.488814 -148.435532
v -45.986698 25.171238 -143.979816
v -45.986698 25.171238 -143.979816
v -45.328657 24.494106 -138.770944
v -44.866991 28.584502 -141.337204
v -32.417203 42.577466 -147.362352
v -31.387279 42.363365 -148.143563
v -30.069005 41.049419 -146.173768
v -37.306025 0.368290 -143.045720
v -35.318607 0.622598 -141.963699
v -39.045095 0.430197 -141.283493
v -34.534550 51.852347 -142.625034
v -33.892859 48.663372 -142.620122
v -31.253027 49.764886 -141.555798
v -37.365180 13.521406 -141.269215
v -37.646510 13.049532 -142.294987
v -36.508075 13.602827 -142.854595
v -43.645872 32.085769 -153.287329
v -43.847632 32.646157 -153.030579
v -44.058411 32.652156 -152.484554
v -32.442259 43.179037 -149.498998
v -34.339256 43.292598 -149.987864
v -32.712939 42.458759 -151.323352
v -36.924457 38.825683 -143.926452
v -36.062476 39.030748 -144.307642
v -36.541938 39.844923 -143.306806
v -40.294803 5.633591 -144.689469
v -41.829314 1.407587 -147.459490
v -40.844180 3.860987 -143.871111
v -36.964127 21.760011 -149.539228
v -39.237169 28.181954 -154.801172
v -34.073531 21.315650 -145.901292
v -29.461389 26.156074 -143.368806
v -30.093915 28.391790 -143.784201
v -26.013756 26.073654 -143.887944
v -41.672130 33.604272 -133.667597
v -41.776849 37.973133 -135.075357
v -43.110277 32.301385 -135.365128
v -26.047333 38.314736 -147.162016
v -22.874100 41.940050 -146.529914
v -24.538314 36.813391 -147.401609
v -35.862094 39.544746 -144.708524
v -36.541938 39.844923 -143.306806
v -36.343448 40.646675 -144.205490
v -36.449879 38.018612 -143.267486
v -36.496012 38.381203 -143.100414
v -35.723211 38.333654 -144.075691
v -18.046629 23.977026 -149.927757
v -20.543587 24.367641 -148.323671
v -19.957778 22.227126 -149.775484
v -41.776849 37.973133 -135.075357
v -41.672130 33.604272 -133.667597
v -39.956324 34.969083 -132.578013
v -37.779183 16.732471 -135.692552
v -37.284501 13.994507 -136.675931
v -33.912948 12.469170 -131.696615
v -24.174920 23.450171 -153.123080
v -26.336661 20.975964 -154.423921
v -24.077173 21.489428 -151.657639
v -24.723653 3.117963 -141.914505
v -25.206702 3.861699 -141.690708
v -24.990197 3.399753 -141.675079
v -35.916064 29.903994 -140.127534
v -36.700097 31.693518 -141.088999
v -36.381170 29.300238 -140.508943
v -22.362080 3.886580 -137.479612
v -24.646768 3.161946 -140.953806
v -23.335103 5.154863 -139.615623
v -41.205733 8.818564 -143.012670
v -41.317948 7.673491 -144.005489
v -38.739837 7.458982 -141.026606
v -35.610691 45.538710 -148.675505
v -33.563171 43.284628 -152.824865
v -34.339256 43.292598 -149.987864
v -34.950117 12.619327 -158.776522
v -33.328990 10.596261 -158.775084
v -31.607957 10.411018 -152.775836
v -43.900486 32.500628 -152.372785
v -43.974661 33.229922 -150.770020
v -43.639437 32.651472 -152.996713
v -44.866991 28.584502 -141.337204
v -45.328657 24.494106 -138.770944
v -45.794688 26.697069 -138.314587
v -28.053612 41.794027 -145.833288
v -28.843565 38.939247 -145.544491
v -30.069005 41.049419 -146.173768
v -32.299274 56.043805 -152.986558
v -31.256677 56.588098 -152.116762
v -29.649253 51.978216 -153.737649
v -29.163114 7.969127 -140.215779
v -28.295208 6.224012 -139.143069
v -25.440474 8.813111 -133.636143
v -37.046193 39.197770 -144.076902
v -36.924457 38.825683 -143.926452
v -37.530985 37.765777 -143.477163
v -22.976748 45.075384 -142.088321
v -26.292845 46.147381 -139.028299
v -24.888763 44.773233 -137.043445
v -16.324031 19.839261 -134.118504
v -18.662138 16.160331 -132.132529
v -17.293531 13.578574 -135.795416
v -23.732062 27.842685 -148.367643
v -24.986651 28.559938 -148.280757
v -23.154714 31.563087 -149.512679
v -38.429513 35.262280 -132.403456
v -36.992269 34.917637 -132.522203
v -37.810332 40.340969 -132.698217
v -40.601350 31.092510 -155.448887
v -40.436768 31.498550 -154.289977
v -40.843639 30.508773 -155.590401
v -26.336661 20.975964 -154.423921
v -27.258077 20.956574 -149.665794
v -24.338731 20.957851 -150.292763
v -41.205733 8.818564 -143.012670
v -39.852607 11.206847 -142.653472
v -41.317142 11.442369 -144.243718
v -36.623254 17.713137 -131.557610
v -36.310810 22.891906 -135.329741
v -38.180070 21.001730 -136.407587
v -29.406672 19.698584 -148.695992
v -27.258077 20.956574 -149.665794
v -30.612013 18.652528 -160.978767
v -32.736447 17.303530 -154.732873
v -30.612013 18.652528 -160.978767
v -32.712502 17.794368 -160.372499
v -24.137923 21.160716 -149.868874
v -25.238943 21.129722 -149.663535
v -23.654583 21.246068 -150.801984
v -38.124006 44.054177 -139.020264
v -36.337646 44.109309 -139.587703
v -38.326114 40.463093 -140.971445
v -38.020201 26.193261 -136.348496
v -36.630268 27.733197 -136.301392
v -38.594640 27.642702 -133.878226
v -35.967608 5.973794 -139.383165
v -34.354488 9.369651 -143.294049
v -36.823392 8.446740 -140.961548
v -37.907405 36.306078 -139.358532
v -38.826934 34.378108 -140.528266
v -37.035554 34.417114 -139.890222
v -36.122130 31.695365 -138.405536
v -35.558868 28.219415 -137.470790
v -36.538606 30.688640 -137.062635
v -33.998717 25.030001 -132.930504
v -35.298954 24.254494 -134.169801
v -33.441987 23.113970 -129.091986
v -38.693252 24.421337 -138.275048
v -38.098190 25.238656 -139.398052
v -37.745687 26.958296 -137.895693
v -29.963531 20.244435 -145.552165
v -28.854431 22.042443 -145.423777
v -29.406672 19.698584 -148.695992
v -23.949587 24.515496 -146.613878
v -23.732062 27.842685 -148.367643
v -22.389888 27.478316 -146.818541
v -41.056226 33.944828 -138.155281
v -40.494699 36.984430 -138.607845
v -39.819019 32.652038 -138.795803
v -30.390325 1.427612 -139.468795
v -28.832159 3.555375 -139.452766
v -30.101936 2.020583 -141.339872
v -34.019338 47.747848 -141.068708
v -33.921618 45.518787 -141.123030
v -33.326902 46.498320 -139.656352
v -33.177316 46.483140 -142.852899
v -34.019338 47.747848 -141.068708
v -33.892859 48.663372 -142.620122
v -30.094917 57.096887 -149.541028
v -30.064797 57.145834 -147.517395
v -29.682747 56.528537 -149.722864
v -41.163526 29.885308 -156.865950
v -42.232469 30.370882 -156.641169
v -40.601350 31.092510 -155.448887
v -36.541938 39.844923 -143.306806
v -35.862094 39.544746 -144.708524
v -37.046193 39.197770 -144.076902
v -36.538606 30.688640 -137.062635
v -38.292747 30.362342 -138.728784
v -37.253911 32.480574 -138.398876
v -41.317142 11.442369 -144.243718
v -42.488473 13.442332 -146.607623
v -40.949021 10.570428 -144.770438
v -40.981122 30.218464 -155.889168
v -41.036925 30.130522 -155.767008
v -40.843639 30.508773 -155.590401
v -33.326902 46.498320 -139.656352
v -30.681671 48.210421 -140.120761
v -32.184517 48.676225 -140.434125
v -29.649253 51.978216 -153.737649
v -27.769806 52.318196 -151.055916
v -28.651298 47.101348 -151.961077
v -25.206702 3.861699 -141.690708
v -25.450954 4.552932 -141.567548
v -24.990197 3.399753 -141.675079
v -25.120863 3.309846 -142.167778
v -25.666748 3.171907 -140.890642
v -25.206702 3.861699 -141.690708
v -36.089356 38.241597 -142.862625
v -34.956049 38.426284 -142.913329
v -36.541938 39.844923 -143.306806
v -26.677641 50.333772 -147.016107
v -28.056893 55.043974 -150.042375
v -27.602220 55.475841 -146.863299
v -40.769976 16.615869 -151.122786
v -38.643419 12.852636 -150.132145
v -39.251656 9.675649 -147.698286
v -36.936429 11.901446 -148.635513
v -39.347509 15.781975 -150.548444
v -35.955249 10.813405 -144.905100
v -26.292845 46.147381 -139.028299
v -27.520317 44.834098 -137.012854
v -27.563869 45.661005 -135.892884
v -36.196326 12.986449 -139.393689
v -34.109854 11.135180 -136.269272
v -37.284501 13.994507 -136.675931
v -39.749886 20.275909 -137.355986
v -39.699733 17.628486 -138.829444
v -37.779183 16.732471 -135.692552
v -28.054755 45.280760 -149.759992
v -30.700923 43.829635 -153.052301
v -28.651298 47.101348 -151.961077
v -34.175345 28.961518 -143.361136
v -36.975480 33.543290 -143.045196
v -35.607101 33.967992 -143.728843
v -22.689441 44.441378 -144.259098
v -26.292845 46.147381 -139.028299
v -22.976748 45.075384 -142.088321
v -39.621346 30.914705 -132.333390
v -38.088053 30.653714 -132.586901
v -38.429513 35.262280 -132.403456
v -34.058261 12.035435 -139.105595
v -30.292337 8.963025 -139.569130
v -34.109854 11.135180 -136.269272
v -28.053612 41.794027 -145.833288
v -30.746318 42.844645 -148.776658
v -28.515123 44.962172 -147.833268
v -28.207174 22.630460 -144.220197
v -28.854431 22.042443 -145.423777
v -31.662638 23.825781 -140.853726
v -36.315602 28.240789 -140.321027
v -36.381170 29.300238 -140.508943
v -36.430899 28.833925 -139.794457
v -37.253911 32.480574 -138.398876
v -38.292747 30.362342 -138.728784
v -39.819019 32.652038 -138.795803
v -26.337229 21.713808 -147.977840
v -26.415679 21.519990 -148.100255
v -26.475546 21.778227 -148.038896
v -39.975723 27.467148 -155.138474
v -40.214222 27.166190 -155.804779
v -41.284866 28.670675 -155.428341
v -22.976748 45.075384 -142.088321
v -23.005930 43.373989 -136.764113
v -20.386939 42.437697 -139.820773
v -19.676764 24.348806 -153.975629
v -18.086714 26.099938 -153.163665
v -18.939872 23.460274 -153.958240
v -21.847442 19.431698 -153.529386
v -19.363980 20.598208 -153.322260
v -20.186473 19.896796 -152.393543
v -33.912948 12.469170 -131.696615
v -28.956046 9.763967 -132.471770
v -28.831645 12.411317 -129.334745
v -31.256677 56.588098 -152.116762
v -33.724019 55.784081 -152.834261
v -32.412614 57.713394 -148.274313
v -24.646768 3.161946 -140.953806
v -24.858194 2.450763 -141.474189
v -25.666748 3.171907 -140.890642
v -27.385146 35.553014 -147.644605
v -28.517028 33.468066 -147.126110
v -28.577116 32.327442 -148.128013
v -29.048844 48.274127 -142.538449
v -30.293656 49.424810 -141.966563
v -30.477775 47.565336 -141.860814
v -46.186239 22.488814 -148.435532
v -41.317142 11.442369 -144.243718
v -44.382468 21.302746 -146.680283
v -37.779183 16.732471 -135.692552
v -33.912948 12.469170 -131.696615
v -36.623254 17.713137 -131.557610
v -40.601350 31.092510 -155.448887
v -40.981122 30.218464 -155.889168
v -41.163526 29.885308 -156.865950
v -33.069191 18.438636 -126.612940
v -30.139452 19.456467 -126.144434
v -34.279976 19.995971 -127.535117
v -35.953169 31.402202 -140.486016
v -36.653874 30.710965 -140.059520
v -35.693442 32.789079 -140.207508
v -42.490940 29.590233 -156.817812
v -42.169360 29.542881 -157.136217
v -42.231462 29.763291 -156.567048
v -41.672130 33.604272 -133.667597
v -43.273303 29.856148 -136.445404
v -42.308988 28.106942 -134.633867
v -34.950117 12.619327 -158.776522
v -32.640926 13.744894 -152.851164
v -35.250236 14.318454 -159.266927
v -34.058261 12.035435 -139.105595
v -34.109854 11.135180 -136.269272
v -36.196326 12.986449 -139.393689
v -35.250850 20.180601 -147.139279
v -35.933551 14.268382 -142.162615
v -36.964127 21.760011 -149.539228
v -36.599838 48.393238 -146.017261
v -35.705320 49.150051 -147.096741
v -35.785072 47.444393 -147.496035
v -25.056859 39.272203 -131.511320
v -21.443871 33.177664 -130.622539
v -19.578089 38.856343 -135.446716
v -25.666748 3.171907 -140.890642
v -24.990197 3.399753 -141.675079
v -24.646768 3.161946 -140.953806
v -18.046629 23.977026 -149.927757
v -18.939993 25.892823 -146.551792
v -20.543587 24.367641 -148.323671
v -33.138986 48.381579 -153.785687
v -35.360918 48.131457 -151.689031
v -34.722379 52.027767 -153.393398
v -24.888763 44.773233 -137.043445
v -23.005930 43.373989 -136.764113
v -22.976748 45.075384 -142.088321
v -34.989065 10.193722 -143.537228
v -35.708050 10.769060 -141.749953
v -34.354488 9.369651 -143.294049
v -35.910121 27.683185 -139.519751
v -36.702089 25.788795 -136.815905
v -35.558868 28.219415 -137.470790
v -34.279976 19.995971 -127.535117
v -35.772832 21.834473 -130.504944
v -35.387770 18.822686 -130.243280
v -27.949830 32.424507 -147.051470
v -28.738756 27.486021 -147.764424
v -28.577116 32.327442 -148.128013
v -27.560750 36.420640 -147.970827
v -27.640107 36.386017 -147.506737
v -27.032924 36.977676 -147.530058
v -34.950117 12.619327 -158.776522
v -35.114685 12.291686 -163.917136
v -33.328990 10.596261 -158.775084
v -23.347156 21.342191 -150.076811
v -25.238943 21.129722 -149.663535
v -25.419200 21.564928 -147.938895
v -40.389178 1.343881 -141.604664
v -41.829314 1.407587 -147.459490
v -39.045095 0.430197 -141.283493
v -19.382532 28.306257 -152.135256
v -20.422879 31.324753 -151.517250
v -17.997743 33.773099 -150.014567
v -28.825781 8.576218 -159.576637
v -31.376319 10.384141 -164.586124
v -27.109839 10.389945 -162.042326
v -30.139452 19.456467 -126.144434
v -29.889812 27.316973 -126.699838
v -32.008706 24.171718 -127.250334
v -27.385146 35.553014 -147.644605
v -27.560750 36.420640 -147.970827
v -27.032924 36.977676 -147.530058
v -16.544725 23.911639 -133.359501
v -16.324031 19.839261 -134.118504
v -15.429930 21.807694 -137.730446
v -27.385146 35.553014 -147.644605
v -26.539091 36.884048 -147.630056
v -28.355058 34.454840 -147.575158
v -41.776849 37.973133 -135.075357
v -42.057191 31.848249 -138.158362
v -43.110277 32.301385 -135.365128
v -28.562326 56.146027 -145.509680
v -30.064797 57.145834 -147.517395
v -31.999744 57.571707 -146.484145
v -43.974661 33.229922 -150.770020
v -43.117428 29.455966 -139.594274
v -42.554681 31.161631 -145.768317
v -20.617954 8.934625 -135.282112
v -20.809427 10.608673 -136.138368
v -21.149051 10.496307 -134.053483
v -25.234259 26.436416 -145.583508
v -25.510358 25.172536 -146.378705
v -25.232779 24.365584 -146.045488
v -31.253027 49.764886 -141.555798
v -30.681671 48.210421 -140.120761
v -30.293656 49.424810 -141.966563
v -24.986651 28.559938 -148.280757
v -22.780395 36.085320 -150.048826
v -23.154714 31.563087 -149.512679
v -42.115741 32.922656 -153.876080
v -42.092044 32.720697 -153.914425
v -42.204650 32.688052 -154.008556
v -44.748217 32.482259 -151.730801
v -44.582584 31.814669 -152.248185
v -44.694179 32.354136 -152.089584
v -35.681406 37.220283 -141.796475
v -35.607101 33.967992 -143.728843
v -37.627073 38.522500 -141.349544
v -34.058261 12.035435 -139.105595
v -33.615756 14.459749 -142.505970
v -32.176453 13.065516 -142.258312
v -21.677916 7.058432 -134.617585
v -22.362080 3.886580 -137.479612
v -20.617954 8.934625 -135.282112
v -23.457656 9.188653 -144.791565
v -23.703256 8.098683 -147.010256
v -21.863689 10.138374 -146.049263
v -17.825015 22.766696 -151.054149
v -18.086714 26.099938 -153.163665
v -17.368690 26.090288 -150.591518
v -36.381170 29.300238 -140.508943
v -36.315602 28.240789 -140.321027
v -35.916064 29.903994 -140.127534
v -39.972958 42.576482 -138.637816
v -40.494699 36.984430 -138.607845
v -41.497475 40.700285 -136.810051
v -26.894578 24.574156 -145.328330
v -28.914372 25.789609 -143.609098
v -26.013756 26.073654 -143.887944
v -26.794219 39.901764 -146.853861
v -26.171959 39.814849 -147.276417
v -27.220003 38.385307 -147.574519
v -23.145644 43.392258 -145.635727
v -22.689441 44.441378 -144.259098
v -19.390637 42.481132 -147.527282
v -34.512691 38.072339 -143.545529
v -34.304863 43.506933 -143.142044
v -33.340988 38.285826 -143.006248
v -43.201212 30.250926 -156.489929
v -43.371447 31.478648 -155.079652
v -42.638182 29.990294 -156.447106
v -30.520205 18.013125 -167.010919
v -31.235384 20.121449 -164.806855
v -29.291131 19.703039 -165.608521
v -46.186239 22.488814 -148.435532
v -44.382468 21.302746 -146.680283
v -45.637855 23.180089 -145.331103
v -36.513314 50.183421 -146.507437
v -35.705320 49.150051 -147.096741
v -36.599838 48.393238 -146.017261
v -43.984196 22.205405 -140.243784
v -41.301443 21.543707 -140.017417
v -41.978454 21.556261 -138.916428
v -27.666876 19.236369 -164.079589
v -22.595135 21.959709 -158.905370
v -28.698311 17.775448 -165.816825
v -36.630268 27.733197 -136.301392
v -37.267848 30.227948 -133.557997
v -38.088053 30.653714 -132.586901
v -38.826934 34.378108 -140.528266
v -37.323865 32.382183 -140.858364
v -37.035554 34.417114 -139.890222
v -32.712502 17.794368 -160.372499
v -34.480383 17.498219 -163.270304
v -35.250236 14.318454 -159.266927
v -25.023965 42.236908 -131.907619
v -24.245905 43.296483 -133.650343
v -25.937258 43.383387 -133.249954
v -21.149051 10.496307 -134.053483
v -18.677976 11.170999 -136.310424
v -19.663068 12.592364 -133.171091
v -31.298192 13.445131 -143.619878
v -32.640926 13.744894 -152.851164
v -31.008371 11.546192 -142.729821
v -35.908506 42.279574 -141.275774
v -36.343448 40.646675 -144.205490
v -36.541938 39.844923 -143.306806
v -17.293531 13.578574 -135.795416
v -16.710131 13.175316 -138.524987
v -15.408049 20.951861 -137.522487
v -32.496025 45.651389 -135.748353
v -31.953054 46.790478 -137.458891
v -34.114610 46.625362 -137.249183
v -21.863689 10.138374 -146.049263
v -23.401308 10.580675 -148.006126
v -22.123981 12.231963 -149.281592
v -36.650860 0.252845 -150.616920
v -36.347132 0.921091 -146.944978
v -37.306025 0.368290 -143.045720
v -22.073193 7.132177 -142.482404
v -23.494829 7.164993 -144.758200
v -21.353116 9.670875 -140.390668
v -28.671512 43.484280 -131.218778
v -29.142138 45.840004 -133.322981
v -31.037162 45.377379 -133.830346
v -28.602262 1.897372 -142.628913
v -27.836452 3.476947 -140.520290
v -25.666748 3.171907 -140.890642
v -32.184517 48.676225 -140.434125
v -31.253027 49.764886 -141.555798
v -32.324398 48.415504 -141.432373
v -36.496012 38.381203 -143.100414
v -37.046193 39.197770 -144.076902
v -37.175126 38.621360 -143.022299
v -38.594640 27.642702 -133.878226
v -38.088053 30.653714 -132.586901
v -39.621346 30.914705 -132.333390
v -43.505027 23.092201 -137.184969
v -43.984196 22.205405 -140.243784
v -41.978454 21.556261 -138.916428
v -35.908506 42.279574 -141.275774
v -36.541938 39.844923 -143.306806
v -34.956049 38.426284 -142.913329
v -33.805904 26.046661 -139.791594
v -33.427381 24.589649 -139.784881
v -35.489337 26.659479 -140.253279
v -40.294803 5.633591 -144.689469
v -39.577659 6.775931 -145.890779
v -39.119748 7.039015 -146.633248
v -37.907405 36.306078 -139.358532
v -37.035554 34.417114 -139.890222
v -36.122130 31.695365 -138.405536
v -17.371995 37.719346 -137.962122
v -20.386939 42.437697 -139.820773
v -19.578089 38.856343 -135.446716
v -35.225580 55.720648 -149.271649
v -32.412614 57.713394 -148.274313
v -33.724019 55.784081 -152.834261
v -27.836452 3.476947 -140.520290
v -28.832159 3.555375 -139.452766
v -28.645505 4.754894 -140.350557
v -40.001591 23.701428 -136.737363
v -43.505027 23.092201 -137.184969
v -41.978454 21.556261 -138.916428
v -44.365970 29.004052 -155.770841
v -45.446125 31.405416 -152.186089
v -44.582584 31.814669 -152.248185
v -36.992269 34.917637 -132.522203
v -38.429513 35.262280 -132.403456
v -37.267848 30.227948 -133.557997
v -46.153593 23.730039 -151.181570
v -46.186239 22.488814 -148.435532
v -46.896529 27.666920 -150.688651
v -23.473746 1.219900 -140.051700
v -22.362080 3.886580 -137.479612
v -23.044900 0.613227 -138.075019
v -34.175345 28.961518 -143.361136
v -34.598067 31.645448 -142.828261
v -34.044065 28.937564 -141.733708
v -31.746657 56.123591 -144.249841
v -34.299519 54.023184 -143.435376
v -31.716052 53.665152 -142.150605
v -34.760623 39.909191 -141.921345
v -34.956049 38.426284 -142.913329
v -34.204401 37.304395 -142.820183
v -31.111846 42.088764 -150.735408
v -32.442259 43.179037 -149.498998
v -32.712939 42.458759 -151.323352
v -42.972144 33.086277 -153.300072
v -42.298968 32.220730 -154.579989
v -42.407410 32.699874 -154.067694
v -35.638058 15.148301 -164.605973
v -34.236731 13.947283 -167.417079
v -35.114685 12.291686 -163.917136
v -19.676764 24.348806 -153.975629
v -18.939872 23.460274 -153.958240
v -19.636265 22.171218 -155.196054
v -40.981122 30.218464 -155.889168
v -41.284866 28.670675 -155.428341
v -41.036925 30.130522 -155.767008
v -39.203043 28.251580 -139.528826
v -37.745687 26.958296 -137.895693
v -38.098190 25.238656 -139.398052
v -36.513314 50.183421 -146.507437
v -34.534550 51.852347 -142.625034
v -36.042888 54.183610 -146.260907
v -21.521897 21.385411 -146.082390
v -22.783926 23.087887 -145.738974
v -19.704654 21.187550 -144.785334
v -31.111846 42.088764 -150.735408
v -32.712939 42.458759 -151.323352
v -31.902343 42.818969 -153.046513
v -41.716395 31.372736 -147.930419
v -40.538317 28.598560 -145.307409
v -41.666138 30.009461 -149.006840
v -34.137221 6.896070 -142.741811
v -34.489584 6.296613 -144.294230
v -34.014884 8.112390 -144.907819
v -41.015245 29.310610 -154.598943
v -41.147828 30.091626 -155.921886
v -40.843639 30.508773 -155.590401
v -27.385146 35.553014 -147.644605
v -28.355058 34.454840 -147.575158
v -28.517028 33.468066 -147.126110
v -33.790312 15.907261 -167.088306
v -33.858505 17.243952 -165.711845
v -31.235384 20.121449 -164.806855
v -35.967608 5.973794 -139.383165
v -37.129145 1.073878 -137.834551
v -35.140088 1.714732 -139.288909
v -36.173050 0.559151 -138.579842
v -37.129145 1.073878 -137.834551
v -39.045095 0.430197 -141.283493
v -43.765431 32.853800 -152.200858
v -43.639437 32.651472 -152.996713
v -43.748475 32.965165 -152.269723
v -19.679500 10.462408 -138.575378
v -20.809427 10.608673 -136.138368
v -21.871848 9.695195 -139.773267
v -24.174920 23.450171 -153.123080
v -23.557915 24.268464 -151.853007
v -22.671679 24.859511 -153.672873
v -37.779183 16.732471 -135.692552
v -36.623254 17.713137 -131.557610
v -38.180070 21.001730 -136.407587
v -22.389888 27.478316 -146.818541
v -22.043425 26.533749 -145.454673
v -23.949587 24.515496 -146.613878
v -29.963531 20.244435 -145.552165
v -31.327204 21.463030 -143.026173
v -28.854431 22.042443 -145.423777
v -28.054550 25.836959 -147.240036
v -28.738756 27.486021 -147.764424
v -27.024768 27.243888 -147.437276
v -42.209095 33.260209 -150.163932
v -41.955449 32.854263 -153.353300
v -42.972144 33.086277 -153.300072
v -41.955449 32.854263 -153.353300
v -42.115741 32.922656 -153.876080
v -42.972144 33.086277 -153.300072
v -37.907405 36.306078 -139.358532
v -40.494699 36.984430 -138.607845
v -38.674616 38.822608 -139.912989
v -42.231462 29.763291 -156.567048
v -42.638182 29.990294 -156.447106
v -43.402616 30.025504 -155.732572
v -38.292747 30.362342 -138.728784
v -36.392662 28.636728 -137.029231
v -37.745687 26.958296 -137.895693
v -25.058482 4.328680 -135.314969
v -23.044900 0.613227 -138.075019
v -23.032675 3.751716 -136.432609
v -43.645872 32.085769 -153.287329
v -44.058411 32.652156 -152.484554
v -43.412344 30.566766 -155.607988
v -35.250850 20.180601 -147.139279
v -31.975459 17.284813 -143.689720
v -33.615756 14.459749 -142.505970
v -26.794219 39.901764 -146.853861
v -25.960224 41.810488 -146.832769
v -25.885829 40.304590 -146.983225
v -41.978454 21.556261 -138.916428
v -41.301443 21.543707 -140.017417
v -38.693252 24.421337 -138.275048
v -31.662638 23.825781 -140.853726
v -30.642062 25.027647 -141.523741
v -29.382301 24.732603 -142.271798
v -28.497484 15.599325 -127.401598
v -33.069191 18.438636 -126.612940
v -28.831645 12.411317 -129.334745
v -31.999744 57.571707 -146.484145
v -30.064797 57.145834 -147.517395
v -32.412614 57.713394 -148.274313
v -43.751636 32.915804 -153.072503
v -43.204715 32.832449 -153.862123
v -43.639437 32.651472 -152.996713
v -32.421240 26.405902 -128.793893
v -33.441987 23.113970 -129.091986
v -32.008706 24.171718 -127.250334
v -40.436768 31.498550 -154.289977
v -41.559922 31.976279 -150.970817
v -39.995872 30.769059 -153.308190
v -42.449500 28.536602 -156.905724
v -42.169360 29.542881 -157.136217
v -40.168521 27.438418 -156.755998
v -35.705320 49.150051 -147.096741
v -36.513314 50.183421 -146.507437
v -36.160822 49.481302 -148.437878
v -36.513314 50.183421 -146.507437
v -36.706210 51.193649 -148.010524
v -36.160822 49.481302 -148.437878
v -27.032924 36.977676 -147.530058
v -27.124891 40.252492 -145.859252
v -26.794219 39.901764 -146.853861
v -16.498787 25.070216 -138.557218
v -19.448759 27.778232 -142.817973
v -16.511781 26.808860 -137.183211
v -19.789399 15.052309 -150.745562
v -19.268885 10.959773 -147.941971
v -20.988192 13.037079 -151.863676
v -35.692620 39.063859 -145.018414
v -35.137647 39.650734 -144.586075
v -34.512691 38.072339 -143.545529
v -32.712939 42.458759 -151.323352
v -34.339256 43.292598 -149.987864
v -33.563171 43.284628 -152.824865
v -31.298192 13.445131 -143.619878
v -31.008371 11.546192 -142.729821
v -32.176453 13.065516 -142.258312
v -26.702446 43.986923 -145.039983
v -28.053612 41.794027 -145.833288
v -27.631528 44.231008 -145.332781
v -16.725226 26.109533 -134.527792
v -16.498787 25.070216 -138.557218
v -16.511781 26.808860 -137.183211
v -37.530985 37.765777 -143.477163
v -36.449879 38.018612 -143.267486
v -36.089356 38.241597 -142.862625
v -39.077955 45.192012 -137.431217
v -38.124006 44.054177 -139.020264
v -39.972958 42.576482 -138.637816
v -28.605678 14.471770 -164.825327
v -26.527044 12.700096 -164.039450
v -29.385291 12.079991 -165.251308
v -33.790312 15.907261 -167.088306
v -30.520205 18.013125 -167.010919
v -32.123621 15.046214 -167.747478
v -40.414959 20.939333 -139.601104
v -39.699733 17.628486 -138.829444
v -39.749886 20.275909 -137.355986
v -24.888763 44.773233 -137.043445
v -26.292845 46.147381 -139.028299
v -27.560071 46.557051 -135.015251
v -36.042888 54.183610 -146.260907
v -35.225580 55.720648 -149.271649
v -36.706210 51.193649 -148.010524
v -43.204715 32.832449 -153.862123
v -43.959939 32.430613 -153.469509
v -43.645872 32.085769 -153.287329
v -26.605861 4.997295 -136.172174
v -26.686513 1.723316 -135.708408
v -25.058482 4.328680 -135.314969
v -35.298954 24.254494 -134.169801
v -35.772832 21.834473 -130.504944
v -33.441987 23.113970 -129.091986
v -28.054550 25.836959 -147.240036
v -25.383099 25.382407 -147.612581
v -25.510358 25.172536 -146.378705
v -28.515031 16.540568 -164.163400
v -25.882764 16.385703 -161.309847
v -28.605678 14.471770 -164.825327
v -39.819019 32.652038 -138.795803
v -40.801402 29.494327 -139.488730
v -42.057191 31.848249 -138.158362
v -23.457656 9.188653 -144.791565
v -21.353116 9.670875 -140.390668
v -23.494829 7.164993 -144.758200
v -23.005930 43.373989 -136.764113
v -24.888763 44.773233 -137.043445
v -25.937258 43.383387 -133.249954
v -36.924457 38.825683 -143.926452
v -36.541938 39.844923 -143.306806
v -36.496012 38.381203 -143.100414
v -16.498787 25.070216 -138.557218
v -20.295418 24.057686 -144.672030
v -19.448759 27.778232 -142.817973
v -41.559922 31.976279 -150.970817
v -41.666138 30.009461 -149.006840
v -41.700977 31.071690 -151.161257
v -42.972144 33.086277 -153.300072
v -43.204715 32.832449 -153.862123
v -43.751636 32.915804 -153.072503
v -21.521897 21.385411 -146.082390
v -23.347156 21.342191 -150.076811
v -23.544763 21.083199 -149.605387
v -35.658852 50.516636 -151.143246
v -34.722379 52.027767 -153.393398
v -35.360918 48.131457 -151.689031
v -46.153593 23.730039 -151.181570
v -46.896529 27.666920 -150.688651
v -45.165153 26.954754 -155.060212
v -40.389178 1.343881 -141.604664
v -40.844180 3.860987 -143.871111
v -41.829314 1.407587 -147.459490
v -39.347509 15.781975 -150.548444
v -38.643419 12.852636 -150.132145
v -40.769976 16.615869 -151.122786
v -45.794688 26.697069 -138.314587
v -43.273303 29.856148 -136.445404
v -44.866991 28.584502 -141.337204
v -26.171959 39.814849 -147.276417
v -26.119457 38.255815 -148.257677
v -25.327544 40.687459 -147.123324
v -35.225580 55.720648 -149.271649
v -34.722379 52.027767 -153.393398
v -36.706210 51.193649 -148.010524
v -35.916064 29.903994 -140.127534
v -35.989082 28.516156 -140.917569
v -35.662278 27.979838 -140.013913
v -35.137647 39.650734 -144.586075
v -34.304863 43.506933 -143.142044
v -34.512691 38.072339 -143.545529
v -32.546534 50.125839 -154.600269
v -29.649253 51.978216 -153.737649
v -32.417834 47.540416 -154.772104
v -34.073531 21.315650 -145.901292
v -35.250850 20.180601 -147.139279
v -36.964127 21.760011 -149.539228
v -20.809427 10.608673 -136.138368
v -18.677976 11.170999 -136.310424
v -21.149051 10.496307 -134.053483
v -31.746657 56.123591 -144.249841
v -34.554187 56.316869 -146.307926
v -34.299519 54.023184 -143.435376
v -23.949587 24.515496 -146.613878
v -22.043425 26.533749 -145.454673
v -21.149429 25.037899 -145.629558
v -33.994407 29.869720 -141.298314
v -30.093915 28.391790 -143.784201
v -33.805753 28.875960 -140.413542
v -39.764096 44.436369 -135.652630
v -39.077955 45.192012 -137.431217
v -41.497475 40.700285 -136.810051
v -28.355058 34.454840 -147.575158
v -30.132317 27.982812 -147.551540
v -28.517028 33.468066 -147.126110
v -25.058482 4.328680 -135.314969
v -21.677916 7.058432 -134.617585
v -23.991892 7.678726 -133.586531
v -35.782459 7.177059 -145.860731
v -34.489584 6.296613 -144.294230
v -35.455015 3.662350 -146.503325
v -37.175126 38.621360 -143.022299
v -37.046193 39.197770 -144.076902
v -37.530985 37.765777 -143.477163
v -19.761312 26.183698 -154.131793
v -19.676764 24.348806 -153.975629
v -21.369523 25.025208 -154.085421
v -23.145644 43.392258 -145.635727
v -25.293274 45.131003 -144.513418
v -22.689441 44.441378 -144.259098
v -23.457656 9.188653 -144.791565
v -21.863689 10.138374 -146.049263
v -21.000190 10.519352 -141.010568
v -39.203043 28.251580 -139.528826
v -38.098190 25.238656 -139.398052
v -40.610010 29.214846 -142.338370
v -35.692620 39.063859 -145.018414
v -34.512691 38.072339 -143.545529
v -35.723211 38.333654 -144.075691
v -20.422879 31.324753 -151.517250
v -23.117336 26.885049 -152.748981
v -22.928039 28.321734 -151.678944
v -43.204715 32.832449 -153.862123
v -42.262971 32.618182 -153.894198
v -42.407410 32.699874 -154.067694
v -21.303411 21.231933 -157.675913
v -23.145469 18.103679 -157.496043
v -25.882764 16.385703 -161.309847
v -36.653874 30.710965 -140.059520
v -37.323865 32.382183 -140.858364
v -36.830133 30.226012 -141.662724
v -38.739837 7.458982 -141.026606
v -41.375392 5.658230 -142.822837
v -39.685089 4.048279 -140.955761
v -25.450954 4.552932 -141.567548
v -25.206702 3.861699 -141.690708
v -25.666748 3.171907 -140.890642
v -27.032924 36.977676 -147.530058
v -26.794219 39.901764 -146.853861
v -27.220003 38.385307 -147.574519
v -27.220003 38.385307 -147.574519
v -26.539091 36.884048 -147.630056
v -27.032924 36.977676 -147.530058
v -38.565509 43.249321 -133.630210
v -39.764096 44.436369 -135.652630
v -40.921131 40.593141 -134.093006
v -37.627073 38.522500 -141.349544
v -35.908506 42.279574 -141.275774
v -35.681406 37.220283 -141.796475
v -25.150378 8.181659 -149.763534
v -23.401308 10.580675 -148.006126
v -23.703256 8.098683 -147.010256
v -32.184517 48.676225 -140.434125
v -30.681671 48.210421 -140.120761
v -31.253027 49.764886 -141.555798
v -29.963531 20.244435 -145.552165
v -29.406672 19.698584 -148.695992
v -30.556541 17.271222 -143.878187
v -16.141133 19.040329 -140.795901
v -17.878521 10.366470 -144.261800
v -19.789399 15.052309 -150.745562
v -18.509227 10.947603 -141.789748
v -16.710131 13.175316 -138.524987
v -18.677976 11.170999 -136.310424
v -33.069191 18.438636 -126.612940
v -36.623254 17.713137 -131.557610
v -33.912948 12.469170 -131.696615
v -33.921618 45.518787 -141.123030
v -35.796676 44.135009 -141.326117
v -36.337646 44.109309 -139.587703
v -28.486816 6.029109 -141.410899
v -29.163114 7.969127 -140.215779
v -28.333085 6.967725 -144.199759
v -42.298968 32.220730 -154.579989
v -42.232469 30.370882 -156.641169
v -43.371447 31.478648 -155.079652
v -17.997743 33.773099 -150.014567
v -20.987616 33.526136 -150.480517
v -20.164121 36.902124 -150.283322
v -26.805119 44.731752 -133.178252
v -29.142138 45.840004 -133.322981
v -28.671512 43.484280 -131.218778
v -39.077955 45.192012 -137.431217
v -39.764096 44.436369 -135.652630
v -35.131933 45.805802 -134.730619
v -34.956448 27.643375 -134.864682
v -32.421240 26.405902 -128.793893
v -36.104438 30.756146 -133.300122
v -21.369523 25.025208 -154.085421
v -22.671679 24.859511 -153.672873
v -23.117336 26.885049 -152.748981
v -26.475546 21.778227 -148.038896
v -26.940536 21.803508 -147.519994
v -26.085484 21.688834 -148.222739
v -17.548061 32.664008 -142.549365
v -17.469533 26.701910 -148.031121
v -16.694843 36.089658 -140.870272
v -32.412614 57.713394 -148.274313
v -30.527570 57.139528 -149.193331
v -30.718187 56.961282 -149.692302
v -28.054755 45.280760 -149.759992
v -27.868751 48.498901 -148.146935
v -28.275350 47.199897 -147.798022
v -26.741769 43.050458 -130.383422
v -30.282942 42.206455 -129.980338
v -29.342358 39.289833 -129.894745
v -25.261609 32.893734 -128.058316
v -25.056859 39.272203 -131.511320
v -29.342358 39.289833 -129.894745
v -22.874100 41.940050 -146.529914
v -25.327544 40.687459 -147.123324
v -23.145644 43.392258 -145.635727
v -39.972958 42.576482 -138.637816
v -41.497475 40.700285 -136.810051
v -39.077955 45.192012 -137.431217
v -27.449713 46.112244 -142.897335
v -26.702446 43.986923 -145.039983
v -27.631528 44.231008 -145.332781
v -22.928039 28.321734 -151.678944
v -22.902964 27.533753 -148.747888
v -23.551467 28.950371 -149.572438
v -27.390498 52.151178 -143.726903
v -26.677641 50.333772 -147.016107
v -27.602220 55.475841 -146.863299
v -17.878521 10.366470 -144.261800
v -19.268885 10.959773 -147.941971
v -19.789399 15.052309 -150.745562
v -38.739837 7.458982 -141.026606
v -36.823392 8.446740 -140.961548
v -37.646510 13.049532 -142.294987
v -31.327204 21.463030 -143.026173
v -31.975459 17.284813 -143.689720
v -32.677092 21.845299 -142.893771
v -27.631528 44.231008 -145.332781
v -28.515123 44.962172 -147.833268
v -28.200207 47.063367 -143.997053
v -17.997743 33.773099 -150.014567
v -20.422879 31.324753 -151.517250
v -20.987616 33.526136 -150.480517
v -42.298968 32.220730 -154.579989
v -42.972144 33.086277 -153.300072
v -42.204650 32.688052 -154.008556
v -42.972144 33.086277 -153.300072
v -42.115741 32.922656 -153.876080
v -42.204650 32.688052 -154.008556
v -35.455015 3.662350 -146.503325
v -35.318607 0.622598 -141.963699
v -36.347132 0.921091 -146.944978
v -18.046629 23.977026 -149.927757
v -17.368690 26.090288 -150.591518
v -17.469533 26.701910 -148.031121
v -36.104438 30.756146 -133.300122
v -36.630268 27.733197 -136.301392
v -34.956448 27.643375 -134.864682
v -17.270132 40.856939 -147.037154
v -18.620925 40.414937 -149.099052
v -18.023441 42.329729 -146.376058
v -26.940536 21.803508 -147.519994
v -26.415679 21.519990 -148.100255
v -27.258077 20.956574 -149.665794
v -45.637855 23.180089 -145.331103
v -45.328657 24.494106 -138.770944
v -45.986698 25.171238 -143.979816
v -42.308988 28.106942 -134.633867
v -40.924579 26.645587 -134.257706
v -39.621346 30.914705 -132.333390
v -39.077955 45.192012 -137.431217
v -34.114610 46.625362 -137.249183
v -35.853288 45.607775 -138.635384
v -39.749886 20.275909 -137.355986
v -37.779183 16.732471 -135.692552
v -38.180070 21.001730 -136.407587
v -41.605991 21.000502 -143.007722
v -40.414959 20.939333 -139.601104
v -41.301443 21.543707 -140.017417
v -28.645505 4.754894 -140.350557
v -25.981804 5.548598 -141.513273
v -25.666748 3.171907 -140.890642
v -29.053924 29.633301 -144.349772
v -28.078562 31.734099 -146.128220
v -27.454542 29.013008 -145.274693
v -20.295418 24.057686 -144.672030
v -16.498787 25.070216 -138.557218
v -16.591795 23.629905 -141.476072
v -20.617954 8.934625 -135.282112
v -21.149051 10.496307 -134.053483
v -21.677916 7.058432 -134.617585
v -29.824160 57.243766 -148.994656
v -29.682747 56.528537 -149.722864
v -30.064797 57.145834 -147.517395
v -26.805119 44.731752 -133.178252
v -27.560071 46.557051 -135.015251
v -29.142138 45.840004 -133.322981
v -33.805753 28.875960 -140.413542
v -31.104399 26.080390 -142.031208
v -33.220641 28.136591 -138.757670
v -35.781389 39.462626 -145.014143
v -35.692620 39.063859 -145.018414
v -36.343448 40.646675 -144.205490
v -39.995872 30.769059 -153.308190
v -38.671615 28.718900 -150.956137
v -39.237169 28.181954 -154.801172
v -40.389178 1.343881 -141.604664
v -39.685089 4.048279 -140.955761
v -40.844180 3.860987 -143.871111
v -41.566700 21.886991 -153.585523
v -39.975723 27.467148 -155.138474
v -38.265653 21.450013 -151.867443
v -30.093915 28.391790 -143.784201
v -29.461389 26.156074 -143.368806
v -31.104399 26.080390 -142.031208
v -40.949021 10.570428 -144.770438
v -41.317948 7.673491 -144.005489
v -41.205733 8.818564 -143.012670
v -45.794688 26.697069 -138.314587
v -42.308988 28.106942 -134.633867
v -43.273303 29.856148 -136.445404
v -29.649253 51.978216 -153.737649
v -31.256677 56.588098 -152.116762
v -28.056893 55.043974 -150.042375
v -36.700097 31.693518 -141.088999
v -37.170876 33.582434 -141.207383
v -36.789109 33.935561 -140.501932
v -35.558868 28.219415 -137.470790
v -35.966473 29.326521 -139.131394
v -35.662278 27.979838 -140.013913
v -45.165153 26.954754 -155.060212
v -44.365970 29.004052 -155.770841
v -42.449500 28.536602 -156.905724
v -32.417203 42.577466 -147.362352
v -32.563794 41.421996 -144.115036
v -34.275809 45.489431 -147.047062
v -42.554681 31.161631 -145.768317
v -43.117428 29.455966 -139.594274
v -40.610010 29.214846 -142.338370
v -16.710131 13.175316 -138.524987
v -17.861520 11.450235 -142.754955
v -17.878521 10.366470 -144.261800
v -28.562326 56.146027 -145.509680
v -29.185582 57.510269 -147.320263
v -30.064797 57.145834 -147.517395
v -30.094917 57.096887 -149.541028
v -30.527570 57.139528 -149.193331
v -30.064797 57.145834 -147.517395
v -38.020201 26.193261 -136.348496
v -40.924579 26.645587 -134.257706
v -40.001591 23.701428 -136.737363
v -29.163114 7.969127 -140.215779
v -28.486816 6.029109 -141.410899
v -28.295208 6.224012 -139.143069
v -34.395933 28.282453 -142.490374
v -34.044065 28.937564 -141.733708
v -34.427547 28.473473 -141.176667
v -18.620925 40.414937 -149.099052
v -21.104027 40.104164 -149.848367
v -19.390637 42.481132 -147.527282
v -28.577116 32.327442 -148.128013
v -28.517028 33.468066 -147.126110
v -27.949830 32.424507 -147.051470
v -38.326114 40.463093 -140.971445
v -38.674616 38.822608 -139.912989
v -38.124006 44.054177 -139.020264
v -33.615756 14.459749 -142.505970
v -31.975459 17.284813 -143.689720
v -32.176453 13.065516 -142.258312
v -27.640107 36.386017 -147.506737
v -27.560750 36.420640 -147.970827
v -26.539091 36.884048 -147.630056
v -40.085675 30.001578 -154.962260
v -40.843639 30.508773 -155.590401
v -40.436768 31.498550 -154.289977
v -38.826934 34.378108 -140.528266
v -38.330190 34.793799 -141.210988
v -37.323865 32.382183 -140.858364
v -37.627073 38.522500 -141.349544
v -35.607101 33.967992 -143.728843
v -36.975480 33.543290 -143.045196
v -40.414959 20.939333 -139.601104
v -41.605991 21.000502 -143.007722
v -39.699733 17.628486 -138.829444
v -28.054755 45.280760 -149.759992
v -31.111846 42.088764 -150.735408
v -30.700923 43.829635 -153.052301
v -23.451577 23.854164 -150.288609
v -23.557915 24.268464 -151.853007
v -24.077173 21.489428 -151.657639
v -30.292337 8.963025 -139.569130
v -28.956046 9.763967 -132.471770
v -32.504144 10.605177 -133.293173
v -28.054550 25.836959 -147.240036
v -27.024768 27.243888 -147.437276
v -25.383099 25.382407 -147.612581
v -23.154714 31.563087 -149.512679
v -22.780395 36.085320 -150.048826
v -20.164121 36.902124 -150.283322
v -18.816941 9.628038 -142.612705
v -17.967860 10.321603 -142.225958
v -18.509227 10.947603 -141.789748
v -25.694153 18.286497 -127.087394
v -28.497484 15.599325 -127.401598
v -24.054493 13.836044 -129.285113
v -20.809427 10.608673 -136.138368
v -23.502360 6.830689 -140.998582
v -21.871848 9.695195 -139.773267
v -16.544725 23.911639 -133.359501
v -14.961417 22.988782 -138.391517
v -16.725226 26.109533 -134.527792
v -32.496025 45.651389 -135.748353
v -29.531274 45.727990 -135.410562
v -31.953054 46.790478 -137.458891
v -21.000190 10.519352 -141.010568
v -21.353116 9.670875 -140.390668
v -23.457656 9.188653 -144.791565
v -41.497475 40.700285 -136.810051
v -41.056226 33.944828 -138.155281
v -41.776849 37.973133 -135.075357
v -40.610010 29.214846 -142.338370
v -38.098190 25.238656 -139.398052
v -40.538317 28.598560 -145.307409
v -42.232469 30.370882 -156.641169
v -43.645872 32.085769 -153.287329
v -43.412344 30.566766 -155.607988
v -16.141133 19.040329 -140.795901
v -15.408049 20.951861 -137.522487
v -16.710131 13.175316 -138.524987
v -25.960224 41.810488 -146.832769
v -26.794219 39.901764 -146.853861
v -27.124891 40.252492 -145.859252
v -43.273303 29.856148 -136.445404
v -43.029826 30.053723 -137.850035
v -43.117428 29.455966 -139.594274
v -41.015245 29.310610 -154.598943
v -41.284866 28.670675 -155.428341
v -40.981122 30.218464 -155.889168
v -36.550588 12.476804 -142.782638
v -37.646510 13.049532 -142.294987
v -35.708050 10.769060 -141.749953
v -26.475546 21.778227 -148.038896
v -25.238943 21.129722 -149.663535
v -26.157814 21.620479 -148.250473
v -23.502360 6.830689 -140.998582
v -20.809427 10.608673 -136.138368
v -20.617954 8.934625 -135.282112
v -31.037162 45.377379 -133.830346
v -35.131933 45.805802 -134.730619
v -31.475569 44.001343 -131.036948
v -36.661664 28.559537 -139.659174
v -35.910121 27.683185 -139.519751
v -35.966473 29.326521 -139.131394
v -25.293274 45.131003 -144.513418
v -25.960224 41.810488 -146.832769
v -26.702446 43.986923 -145.039983
v -38.018188 23.927848 -138.330206
v -37.225057 25.271425 -138.695458
v -38.098190 25.238656 -139.398052
v -29.053924 29.633301 -144.349772
v -24.305582 26.595605 -144.325336
v -27.509848 27.394865 -143.403661
v -27.509848 27.394865 -143.403661
v -30.093915 28.391790 -143.784201
v -29.053924 29.633301 -144.349772
v -42.117917 32.669410 -153.790164
v -42.115741 32.922656 -153.876080
v -42.253509 32.780627 -153.865500
v -35.162525 36.377699 -141.607362
v -34.760623 39.909191 -141.921345
v -34.204401 37.304395 -142.820183
v -22.073193 7.132177 -142.482404
v -24.628579 6.001962 -145.021844
v -23.494829 7.164993 -144.758200
v -24.628579 6.001962 -145.021844
v -25.150378 8.181659 -149.763534
v -23.703256 8.098683 -147.010256
v -26.894578 24.574156 -145.328330
v -25.232779 24.365584 -146.045488
v -27.658179 23.372963 -144.323567
v -36.702089 25.788795 -136.815905
v -36.630268 27.733197 -136.301392
v -35.558868 28.219415 -137.470790
v -36.630268 27.733197 -136.301392
v -36.392662 28.636728 -137.029231
v -35.558868 28.219415 -137.470790
v -29.385291 12.079991 -165.251308
v -29.887270 13.249416 -166.975456
v -28.605678 14.471770 -164.825327
v -31.294033 40.064460 -145.284551
v -29.053924 29.633301 -144.349772
v -32.563794 41.421996 -144.115036
v -28.515123 44.962172 -147.833268
v -31.111846 42.088764 -150.735408
v -28.054755 45.280760 -149.759992
v -34.693385 9.709644 -145.480157
v -35.646249 9.357457 -147.581792
v -36.936429 11.901446 -148.635513
v -44.694179 32.354136 -152.089584
v -44.256131 32.738994 -151.971135
v -44.748217 32.482259 -151.730801
v -36.508075 13.602827 -142.854595
v -36.550588 12.476804 -142.782638
v -35.955249 10.813405 -144.905100
v -19.679500 10.462408 -138.575378
v -18.509227 10.947603 -141.789748
v -18.677976 11.170999 -136.310424
v -36.430899 28.833925 -139.794457
v -35.910121 27.683185 -139.519751
v -35.662278 27.979838 -140.013913
v -16.324031 19.839261 -134.118504
v -15.408049 20.951861 -137.522487
v -15.429930 21.807694 -137.730446
v -40.949021 10.570428 -144.770438
v -41.205733 8.818564 -143.012670
v -41.317142 11.442369 -144.243718
v -38.018188 23.927848 -138.330206
v -38.098190 25.238656 -139.398052
v -38.693252 24.421337 -138.275048
v -31.104399 26.080390 -142.031208
v -33.805753 28.875960 -140.413542
v -30.093915 28.391790 -143.784201
v -28.207174 22.630460 -144.220197
v -29.382301 24.732603 -142.271798
v -27.658179 23.372963 -144.323567
v -28.056893 55.043974 -150.042375
v -29.435494 57.121973 -149.694330
v -29.544033 57.490954 -149.385364
v -32.417834 47.540416 -154.772104
v -29.649253 51.978216 -153.737649
v -30.700923 43.829635 -153.052301
v -27.124891 40.252492 -145.859252
v -28.129946 35.519368 -146.575577
v -28.843565 38.939247 -145.544491
v -21.866171 19.764349 -151.729973
v -23.654583 21.246068 -150.801984
v -23.347156 21.342191 -150.076811
v -17.878521 10.366470 -144.261800
v -20.583814 10.258134 -147.621485
v -19.268885 10.959773 -147.941971
v -31.253027 49.764886 -141.555798
v -29.064385 51.921962 -141.932026
v -31.716052 53.665152 -142.150605
v -29.053924 29.633301 -144.349772
v -27.454542 29.013008 -145.274693
v -24.305582 26.595605 -144.325336
v -40.949021 10.570428 -144.770438
v -40.721151 13.776370 -148.194516
v -39.251656 9.675649 -147.698286
v -41.778284 1.095278 -151.276144
v -39.422831 4.463402 -150.013861
v -40.622812 2.218521 -153.470572
v -35.967608 5.973794 -139.383165
v -36.823392 8.446740 -140.961548
v -38.739837 7.458982 -141.026606
v -21.521897 21.385411 -146.082390
v -19.704654 21.187550 -144.785334
v -23.347156 21.342191 -150.076811
v -30.612013 18.652528 -160.978767
v -26.336661 20.975964 -154.423921
v -28.188599 21.349126 -159.866308
v -35.298954 24.254494 -134.169801
v -36.702089 25.788795 -136.815905
v -36.310810 22.891906 -135.329741
v -23.544763 21.083199 -149.605387
v -25.419200 21.564928 -147.938895
v -23.919071 21.000450 -147.502732
v -37.170876 33.582434 -141.207383
v -36.700097 31.693518 -141.088999
v -35.317568 31.441771 -141.613171
v -40.085675 30.001578 -154.962260
v -39.995872 30.769059 -153.308190
v -39.237169 28.181954 -154.801172
v -32.176453 13.065516 -142.258312
v -31.008371 11.546192 -142.729821
v -34.058261 12.035435 -139.105595
v -17.293531 13.578574 -135.795416
v -15.408049 20.951861 -137.522487
v -16.324031 19.839261 -134.118504
v -32.712502 17.794368 -160.372499
v -30.612013 18.652528 -160.978767
v -32.749547 18.639672 -164.078595
v -34.489584 6.296613 -144.294230
v -35.782459 7.177059 -145.860731
v -34.014884 8.112390 -144.907819
v -40.949021 10.570428 -144.770438
v -41.165322 6.764446 -144.777728
v -41.317948 7.673491 -144.005489
v -43.505027 23.092201 -137.184969
v -45.328657 24.494106 -138.770944
v -43.984196 22.205405 -140.243784
v -43.029826 30.053723 -137.850035
v -40.801402 29.494327 -139.488730
v -43.117428 29.455966 -139.594274
v -37.907405 36.306078 -139.358532
v -38.674616 38.822608 -139.912989
v -38.826934 34.378108 -140.528266
v -33.994407 29.869720 -141.298314
v -35.024045 31.476739 -141.088946
v -31.755201 30.375110 -143.781209
v -27.520317 44.834098 -137.012854
v -29.531274 45.727990 -135.410562
v -27.563869 45.661005 -135.892884
v -43.117428 29.455966 -139.594274
v -45.372882 31.856744 -149.845257
v -44.866991 28.584502 -141.337204
v -28.836466 47.489722 -140.451316
v -30.681671 48.210421 -140.120761
v -29.851750 47.014002 -138.425996
v -34.014884 8.112390 -144.907819
v -34.354488 9.369651 -143.294049
v -34.137221 6.896070 -142.741811
v -35.317568 31.441771 -141.613171
v -36.700097 31.693518 -141.088999
v -35.953169 31.402202 -140.486016
v -19.363980 20.598208 -153.322260
v -18.774606 21.989009 -152.078313
v -20.186473 19.896796 -152.393543
v -44.748217 32.482259 -151.730801
v -43.974661 33.229922 -150.770020
v -44.582584 31.814669 -152.248185
v -41.955449 32.854263 -153.353300
v -42.209095 33.260209 -150.163932
v -41.559922 31.976279 -150.970817
v -25.723438 9.837555 -158.960530
v -24.446361 9.673130 -152.174138
v -28.825781 8.576218 -159.576637
v -43.984196 22.205405 -140.243784
v -45.637855 23.180089 -145.331103
v -41.301443 21.543707 -140.017417
v -25.885829 40.304590 -146.983225
v -25.960224 41.810488 -146.832769
v -25.327544 40.687459 -147.123324
v -45.328657 24.494106 -138.770944
v -43.505027 23.092201 -137.184969
v -44.228871 25.114271 -136.886599
v -35.131933 45.805802 -134.730619
v -38.565509 43.249321 -133.630210
v -31.475569 44.001343 -131.036948
v -33.721091 47.368434 -144.618008
v -35.248996 49.190358 -144.553459
v -35.785072 47.444393 -147.496035
v -42.232469 30.370882 -156.641169
v -42.231462 29.763291 -156.567048
v -43.402616 30.025504 -155.732572
v -36.104438 30.756146 -133.300122
v -32.421240 26.405902 -128.793893
v -33.548589 32.017452 -129.748340
v -42.209095 33.260209 -150.163932
v -41.716395 31.372736 -147.930419
v -41.559922 31.976279 -150.970817
v -18.939993 25.892823 -146.551792
v -18.087369 28.670277 -145.029778
v -20.990496 28.109148 -146.489130
v -41.375392 5.658230 -142.822837
v -38.739837 7.458982 -141.026606
v -41.317948 7.673491 -144.005489
v -41.559922 31.976279 -150.970817
v -41.716395 31.372736 -147.930419
v -41.666138 30.009461 -149.006840
v -20.809427 10.608673 -136.138368
v -19.679500 10.462408 -138.575378
v -18.677976 11.170999 -136.310424
v -39.975723 27.467148 -155.138474
v -39.237169 28.181954 -154.801172
v -38.265653 21.450013 -151.867443
v -35.250236 14.318454 -159.266927
v -34.480383 17.498219 -163.270304
v -35.638058 15.148301 -164.605973
v -22.976748 45.075384 -142.088321
v -20.386939 42.437697 -139.820773
v -22.689441 44.441378 -144.259098
v -33.326902 46.498320 -139.656352
v -33.921618 45.518787 -141.123030
v -36.337646 44.109309 -139.587703
v -28.054755 45.280760 -149.759992
v -27.617594 49.380205 -149.431445
v -27.868751 48.498901 -148.146935
v -42.449500 28.536602 -156.905724
v -40.168521 27.438418 -156.755998
v -41.566700 21.886991 -153.585523
v -26.879503 38.840915 -148.031386
v -26.171959 39.814849 -147.276417
v -25.960224 41.810488 -146.832769
v -32.462646 12.477392 -167.119003
v -34.236731 13.947283 -167.417079
v -32.123621 15.046214 -167.747478
v -28.698311 17.775448 -165.816825
v -21.303411 21.231933 -157.675913
v -25.882764 16.385703 -161.309847
v -38.671615 28.718900 -150.956137
v -32.677092 21.845299 -142.893771
v -34.073531 21.315650 -145.901292
v -29.824160 57.243766 -148.994656
v -29.435494 57.121973 -149.694330
v -29.682747 56.528537 -149.722864
v -25.429698 24.011564 -126.493292
v -29.889812 27.316973 -126.699838
v -30.139452 19.456467 -126.144434
v -35.908506 42.279574 -141.275774
v -35.162525 36.377699 -141.607362
v -35.681406 37.220283 -141.796475
v -36.513314 50.183421 -146.507437
v -35.248996 49.190358 -144.553459
v -34.534550 51.852347 -142.625034
v -36.789109 33.935561 -140.501932
v -36.653874 30.710965 -140.059520
v -36.700097 31.693518 -141.088999
v -39.749886 20.275909 -137.355986
v -38.018188 23.927848 -138.330206
v -40.414959 20.939333 -139.601104
v -33.177316 46.483140 -142.852899
v -33.970699 45.133305 -142.880774
v -33.974167 45.887160 -142.058522
v -40.949021 10.570428 -144.770438
v -42.488473 13.442332 -146.607623
v -40.721151 13.776370 -148.194516
v -39.237169 28.181954 -154.801172
v -39.975723 27.467148 -155.138474
v -40.085675 30.001578 -154.962260
v -33.858505 17.243952 -165.711845
v -35.638058 15.148301 -164.605973
v -34.480383 17.498219 -163.270304
v -35.360918 48.131457 -151.689031
v -32.417834 47.540416 -154.772104
v -33.563171 43.284628 -152.824865
v -34.722379 52.027767 -153.393398
v -35.658852 50.516636 -151.143246
v -36.706210 51.193649 -148.010524
v -35.705320 49.150051 -147.096741
v -36.160822 49.481302 -148.437878
v -35.785072 47.444393 -147.496035
v -23.335103 5.154863 -139.615623
v -24.646768 3.161946 -140.953806
v -25.450954 4.552932 -141.567548
v -24.054493 13.836044 -129.285113
v -28.497484 15.599325 -127.401598
v -28.831645 12.411317 -129.334745
v -19.789399 15.052309 -150.745562
v -24.228791 14.091075 -159.404561
v -23.145469 18.103679 -157.496043
v -36.975480 33.543290 -143.045196
v -36.830133 30.226012 -141.662724
v -38.330190 34.793799 -141.210988
v -23.154714 31.563087 -149.512679
v -20.987616 33.526136 -150.480517
v -22.928039 28.321734 -151.678944
v -33.340988 38.285826 -143.006248
v -31.755201 30.375110 -143.781209
v -34.204401 37.304395 -142.820183
v -29.291131 19.703039 -165.608521
v -22.595135 21.959709 -158.905370
v -27.666876 19.236369 -164.079589
v -45.446125 31.405416 -152.186089
v -44.058411 32.652156 -152.484554
v -44.694179 32.354136 -152.089584
v -34.044065 28.937564 -141.733708
v -35.317568 31.441771 -141.613171
v -33.994407 29.869720 -141.298314
v -35.317568 31.441771 -141.613171
v -35.024045 31.476739 -141.088946
v -33.994407 29.869720 -141.298314
v -25.882764 16.385703 -161.309847
v -23.145469 18.103679 -157.496043
v -24.228791 14.091075 -159.404561
v -29.889812 27.316973 -126.699838
v -26.492834 29.991681 -126.970640
v -31.072467 34.081300 -128.192809
v -43.110277 32.301385 -135.365128
v -43.273303 29.856148 -136.445404
v -41.672130 33.604272 -133.667597
v -19.676764 24.348806 -153.975629
v -22.408380 23.573914 -156.185754
v -21.369523 25.025208 -154.085421
v -32.299274 56.043805 -152.986558
v -29.649253 51.978216 -153.737649
v -32.255121 52.338333 -154.402802
v -41.015245 29.310610 -154.598943
v -40.601350 31.092510 -155.448887
v -41.036925 30.130522 -155.767008
v -24.998619 1.227804 -141.770446
v -25.666748 3.171907 -140.890642
v -24.858194 2.450763 -141.474189
v -31.975459 17.284813 -143.689720
v -35.250850 20.180601 -147.139279
v -34.073531 21.315650 -145.901292
v -34.950117 12.619327 -158.776522
v -35.638058 15.148301 -164.605973
v -35.114685 12.291686 -163.917136
v -37.779183 16.732471 -135.692552
v -39.699733 17.628486 -138.829444
v -37.284501 13.994507 -136.675931
v -35.646249 9.357457 -147.581792
v -38.643419 12.852636 -150.132145
v -36.936429 11.901446 -148.635513
v -29.272487 27.664359 -146.410529
v -27.454542 29.013008 -145.274693
v -28.078562 31.734099 -146.128220
v -22.655520 41.783893 -135.785159
v -24.245905 43.296483 -133.650343
v -25.023965 42.236908 -131.907619
v -19.636265 22.171218 -155.196054
v -18.774606 21.989009 -152.078313
v -19.363980 20.598208 -153.322260
v -32.299274 56.043805 -152.986558
v -32.255121 52.338333 -154.402802
v -33.724019 55.784081 -152.834261
v -44.228871 25.114271 -136.886599
v -42.308988 28.106942 -134.633867
v -45.794688 26.697069 -138.314587
v -38.671615 28.718900 -150.956137
v -34.073531 21.315650 -145.901292
v -39.237169 28.181954 -154.801172
v -21.863689 10.138374 -146.049263
v -20.583814 10.258134 -147.621485
v -18.816941 9.628038 -142.612705
v -28.053612 41.794027 -145.833288
v -31.387279 42.363365 -148.143563
v -30.746318 42.844645 -148.776658
v -35.137647 39.650734 -144.586075
v -35.781389 39.462626 -145.014143
v -36.343448 40.646675 -144.205490
v -36.830133 30.226012 -141.662724
v -36.975480 33.543290 -143.045196
v -34.175345 28.961518 -143.361136
v -14.961417 22.988782 -138.391517
v -16.498787 25.070216 -138.557218
v -16.725226 26.109533 -134.527792
v -42.972144 33.086277 -153.300072
v -43.751636 32.915804 -153.072503
v -43.748475 32.965165 -152.269723
v -29.887270 13.249416 -166.975456
v -28.515031 16.540568 -164.163400
v -28.605678 14.471770 -164.825327
v -24.723653 3.117963 -141.914505
v -23.473746 1.219900 -140.051700
v -24.998619 1.227804 -141.770446
v -23.117336 26.885049 -152.748981
v -20.422879 31.324753 -151.517250
v -19.761312 26.183698 -154.131793
v -31.072467 34.081300 -128.192809
v -29.342358 39.289833 -129.894745
v -34.198933 40.556920 -131.062434
v -29.544403 54.598085 -142.947651
v -29.064385 51.921962 -141.932026
v -27.390498 52.151178 -143.726903
v -25.694153 18.286497 -127.087394
v -25.429698 24.011564 -126.493292
v -30.139452 19.456467 -126.144434
v -35.853288 45.607775 -138.635384
v -33.326902 46.498320 -139.656352
v -36.337646 44.109309 -139.587703
v -19.671359 30.118130 -144.033262
v -22.389888 27.478316 -146.818541
v -20.990496 28.109148 -146.489130
v -24.628579 6.001962 -145.021844
v -23.703256 8.098683 -147.010256
v -23.494829 7.164993 -144.758200
v -28.577116 32.327442 -148.128013
v -28.738756 27.486021 -147.764424
v -30.132317 27.982812 -147.551540
v -27.640107 36.386017 -147.506737
v -28.517028 33.468066 -147.126110
v -28.129946 35.519368 -146.575577
v -31.253027 49.764886 -141.555798
v -33.892859 48.663372 -142.620122
v -32.324398 48.415504 -141.432373
v -36.550588 12.476804 -142.782638
v -35.708050 10.769060 -141.749953
v -34.989065 10.193722 -143.537228
v -43.273303 29.856148 -136.445404
v -43.110277 32.301385 -135.365128
v -43.029826 30.053723 -137.850035
v -38.018188 23.927848 -138.330206
v -38.693252 24.421337 -138.275048
v -41.301443 21.543707 -140.017417
v -23.919071 21.000450 -147.502732
v -28.207174 22.630460 -144.220197
v -21.521897 21.385411 -146.082390
v -19.704654 21.187550 -144.785334
v -20.295418 24.057686 -144.672030
v -16.490307 21.688484 -141.044864
v -26.539091 36.884048 -147.630056
v -26.119457 38.255815 -148.257677
v -26.047333 38.314736 -147.162016
v -26.119457 38.255815 -148.257677
v -26.171959 39.814849 -147.276417
v -26.047333 38.314736 -147.162016
v -26.702446 43.986923 -145.039983
v -27.449713 46.112244 -142.897335
v -25.293274 45.131003 -144.513418
v -41.165322 6.764446 -144.777728
v -39.251656 9.675649 -147.698286
v -39.577659 6.775931 -145.890779
v -24.628579 6.001962 -145.021844
v -28.333085 6.967725 -144.199759
v -30.410675 9.048209 -156.448980
v -29.851750 47.014002 -138.425996
v -26.292845 46.147381 -139.028299
v -28.836466 47.489722 -140.451316
v -34.114610 46.625362 -137.249183
v -31.953054 46.790478 -137.458891
v -33.326902 46.498320 -139.656352
v -35.681406 37.220283 -141.796475
v -35.162525 36.377699 -141.607362
v -35.675000 35.046385 -142.538432
v -22.123981 12.231963 -149.281592
v -20.583814 10.258134 -147.621485
v -21.863689 10.138374 -146.049263
v -35.558868 28.219415 -137.470790
v -36.122130 31.695365 -138.405536
v -35.966473 29.326521 -139.131394
v -36.122130 31.695365 -138.405536
v -37.035554 34.417114 -139.890222
v -35.966473 29.326521 -139.131394
v -33.721091 47.368434 -144.618008
v -34.275809 45.489431 -147.047062
v -33.160837 44.621095 -143.690338
v -26.940536 21.803508 -147.519994
v -28.854431 22.042443 -145.423777
v -23.919071 21.000450 -147.502732
v -35.577642 1.016375 -150.107082
v -35.455015 3.662350 -146.503325
v -36.347132 0.921091 -146.944978
v -29.272487 27.664359 -146.410529
v -25.234259 26.436416 -145.583508
v -27.454542 29.013008 -145.274693
v -41.955449 32.854263 -153.353300
v -41.559922 31.976279 -150.970817
v -40.436768 31.498550 -154.289977
v -42.057191 31.848249 -138.158362
v -40.801402 29.494327 -139.488730
v -43.029826 30.053723 -137.850035
v -19.317235 30.310804 -142.775428
v -17.369832 33.351955 -140.697385
v -19.448759 27.778232 -142.817973
v -40.924579 26.645587 -134.257706
v -44.228871 25.114271 -136.886599
v -43.505027 23.092201 -137.184969
v -23.732062 27.842685 -148.367643
v -25.383099 25.382407 -147.612581
v -24.986651 28.559938 -148.280757
v -34.279976 19.995971 -127.535117
v -35.387770 18.822686 -130.243280
v -33.069191 18.438636 -126.612940
v -17.825015 22.766696 -151.054149
v -18.046629 23.977026 -149.927757
v -19.957778 22.227126 -149.775484
v -26.677641 50.333772 -147.016107
v -27.868751 48.498901 -148.146935
v -27.617594 49.380205 -149.431445
v -32.324398 48.415504 -141.432373
v -33.892859 48.663372 -142.620122
v -34.019338 47.747848 -141.068708
v -24.245905 43.296483 -133.650343
v -23.005930 43.373989 -136.764113
v -25.937258 43.383387 -133.249954
v -26.677641 50.333772 -147.016107
v -27.769806 52.318196 -151.055916
v -28.056893 55.043974 -150.042375
v -42.209095 33.260209 -150.163932
v -42.972144 33.086277 -153.300072
v -43.974661 33.229922 -150.770020
v -33.998717 25.030001 -132.930504
v -32.421240 26.405902 -128.793893
v -34.956448 27.643375 -134.864682
v -31.256677 56.588098 -152.116762
v -32.299274 56.043805 -152.986558
v -33.724019 55.784081 -152.834261
v -42.490940 29.590233 -156.817812
v -43.690084 29.693690 -156.600039
v -42.169360 29.542881 -157.136217
v -28.738756 27.486021 -147.764424
v -27.949830 32.424507 -147.051470
v -27.024768 27.243888 -147.437276
v -28.497484 15.599325 -127.401598
v -30.139452 19.456467 -126.144434
v -33.069191 18.438636 -126.612940
v -31.662638 23.825781 -140.853726
v -32.797768 25.852422 -139.937470
v -31.104399 26.080390 -142.031208
v -33.805904 26.046661 -139.791594
v -32.797768 25.852422 -139.937470
v -33.427381 24.589649 -139.784881
v -25.383099 25.382407 -147.612581
v -23.732062 27.842685 -148.367643
v -23.949587 24.515496 -146.613878
v -25.723438 9.837555 -158.960530
v -26.527044 12.700096 -164.039450
v -24.228791 14.091075 -159.404561
v -31.111846 42.088764 -150.735408
v -30.746318 42.844645 -148.776658
v -32.442259 43.179037 -149.498998
v -27.032924 36.977676 -147.530058
v -28.129946 35.519368 -146.575577
v -27.124891 40.252492 -145.859252
v -26.605861 4.997295 -136.172174
v -28.773631 0.537727 -136.719068
v -26.686513 1.723316 -135.708408
v -39.819019 32.652038 -138.795803
v -39.203043 28.251580 -139.528826
v -40.801402 29.494327 -139.488730
v -40.214222 27.166190 -155.804779
v -41.163526 29.885308 -156.865950
v -41.284866 28.670675 -155.428341
v -33.177316 46.483140 -142.852899
v -33.160837 44.621095 -143.690338
v -33.400398 44.028259 -143.446723
v -21.866171 19.764349 -151.729973
v -18.366087 18.253397 -145.378662
v -19.789399 15.052309 -150.745562
v -19.390637 42.481132 -147.527282
v -22.689441 44.441378 -144.259098
v -18.023441 42.329729 -146.376058
v -41.317142 11.442369 -144.243718
v -39.852607 11.206847 -142.653472
v -40.331855 15.478157 -143.724237
v -23.239977 21.682164 -150.991219
v -19.957778 22.227126 -149.775484
v -20.543587 24.367641 -148.323671
v -38.353374 8.252725 -146.909555
v -39.577659 6.775931 -145.890779
v -39.251656 9.675649 -147.698286
v -36.724445 26.597468 -142.300015
v -38.671615 28.718900 -150.956137
v -41.700977 31.071690 -151.161257
v -43.117428 29.455966 -139.594274
v -44.866991 28.584502 -141.337204
v -43.273303 29.856148 -136.445404
v -38.018188 23.927848 -138.330206
v -36.310810 22.891906 -135.329741
v -37.225057 25.271425 -138.695458
v -20.988192 13.037079 -151.863676
v -23.396307 11.737044 -150.375129
v -22.753300 13.857890 -155.704164
v -44.694179 32.354136 -152.089584
v -43.900486 32.500628 -152.372785
v -44.256131 32.738994 -151.971135
v -28.333085 6.967725 -144.199759
v -25.701890 6.193036 -142.293997
v -28.486816 6.029109 -141.410899
v -28.200207 47.063367 -143.997053
v -28.275350 47.199897 -147.798022
v -26.677641 50.333772 -147.016107
v -30.064797 57.145834 -147.517395
v -30.527570 57.139528 -149.193331
v -32.412614 57.713394 -148.274313
v -19.671359 30.118130 -144.033262
v -22.043425 26.533749 -145.454673
v -22.389888 27.478316 -146.818541
v -24.077173 21.489428 -151.657639
v -26.336661 20.975964 -154.423921
v -24.338731 20.957851 -150.292763
v -22.408380 23.573914 -156.185754
v -22.595135 21.959709 -158.905370
v -29.291131 19.703039 -165.608521
v -34.534550 51.852347 -142.625034
v -34.299519 54.023184 -143.435376
v -36.042888 54.183610 -146.260907
v -40.610010 29.214846 -142.338370
v -40.538317 28.598560 -145.307409
v -41.716395 31.372736 -147.930419
v -30.642062 25.027647 -141.523741
v -29.461389 26.156074 -143.368806
v -29.382301 24.732603 -142.271798
v -42.262971 32.618182 -153.894198
v -42.253509 32.780627 -153.865500
v -42.092044 32.720697 -153.914425
v -27.602220 55.475841 -146.863299
v -29.544033 57.490954 -149.385364
v -29.185582 57.510269 -147.320263
v -27.949830 32.424507 -147.051470
v -26.047333 38.314736 -147.162016
v -24.538314 36.813391 -147.401609
v -38.954083 15.416960 -141.090619
v -37.284501 13.994507 -136.675931
v -39.699733 17.628486 -138.829444
v -16.694843 36.089658 -140.870272
v -16.725226 26.109533 -134.527792
v -17.369832 33.351955 -140.697385
v -22.753300 13.857890 -155.704164
v -23.396307 11.737044 -150.375129
v -24.446361 9.673130 -152.174138
v -38.480446 1.738896 -138.453915
v -38.739837 7.458982 -141.026606
v -39.685089 4.048279 -140.955761
v -37.225057 25.271425 -138.695458
v -36.724445 26.597468 -142.300015
v -40.538317 28.598560 -145.307409
v -36.724445 26.597468 -142.300015
v -41.700977 31.071690 -151.161257
v -40.538317 28.598560 -145.307409
v -35.607101 33.967992 -143.728843
v -35.681406 37.220283 -141.796475
v -35.675000 35.046385 -142.538432
v -21.104027 40.104164 -149.848367
v -22.780395 36.085320 -150.048826
v -24.538314 36.813391 -147.401609
v -31.008371 11.546192 -142.729821
v -31.607957 10.411018 -152.775836
v -28.333085 6.967725 -144.199759
v -19.250121 24.162458 -130.297088
v -16.544725 23.911639 -133.359501
v -18.396602 30.076203 -132.498610
v -22.362080 3.886580 -137.479612
v -23.335103 5.154863 -139.615623
v -23.502360 6.830689 -140.998582
v -35.610691 45.538710 -148.675505
v -34.275809 45.489431 -147.047062
v -35.785072 47.444393 -147.496035
v -28.773631 0.537727 -136.719068
v -30.207640 0.466356 -140.951520
v -24.466246 -0.000000 -139.585666
v -34.204401 37.304395 -142.820183
v -35.024045 31.476739 -141.088946
v -35.693442 32.789079 -140.207508
v -19.250121 24.162458 -130.297088
v -25.429698 24.011564 -126.493292
v -25.694153 18.286497 -127.087394
v -23.654583 21.246068 -150.801984
v -25.238943 21.129722 -149.663535
v -23.347156 21.342191 -150.076811
v -21.000190 10.519352 -141.010568
v -21.863689 10.138374 -146.049263
v -18.816941 9.628038 -142.612705
v -34.304863 43.506933 -143.142044
v -33.974167 45.887160 -142.058522
v -33.970699 45.133305 -142.880774
v -30.282942 42.206455 -129.980338
v -38.565509 43.249321 -133.630210
v -34.198933 40.556920 -131.062434
v -34.198933 40.556920 -131.062434
v -38.565509 43.249321 -133.630210
v -37.810332 40.340969 -132.698217
v -38.565509 43.249321 -133.630210
v -40.921131 40.593141 -134.093006
v -37.810332 40.340969 -132.698217
v -37.810332 40.340969 -132.698217
v -31.072467 34.081300 -128.192809
v -34.198933 40.556920 -131.062434
v -17.691274 29.025427 -149.819952
v -17.997743 33.773099 -150.014567
v -16.611376 32.051944 -147.431414
v -44.382468 21.302746 -146.680283
v -41.605991 21.000502 -143.007722
v -45.637855 23.180089 -145.331103
v -39.045095 0.430197 -141.283493
v -37.129145 1.073878 -137.834551
v -38.480446 1.738896 -138.453915
v -34.354488 9.369651 -143.294049
v -35.967608 5.973794 -139.383165
v -34.137221 6.896070 -142.741811
v -28.651298 47.101348 -151.961077
v -30.700923 43.829635 -153.052301
v -29.649253 51.978216 -153.737649
v -35.675000 35.046385 -142.538432
v -37.170876 33.582434 -141.207383
v -35.317568 31.441771 -141.613171
v -18.662138 16.160331 -132.132529
v -16.324031 19.839261 -134.118504
v -19.250121 24.162458 -130.297088
v -17.270132 40.856939 -147.037154
v -17.371995 37.719346 -137.962122
v -16.694843 36.089658 -140.870272
v -23.949587 24.515496 -146.613878
v -21.149429 25.037899 -145.629558
v -22.783926 23.087887 -145.738974
v -18.366087 18.253397 -145.378662
v -16.141133 19.040329 -140.795901
v -19.789399 15.052309 -150.745562
v -29.142138 45.840004 -133.322981
v -27.560071 46.557051 -135.015251
v -31.037162 45.377379 -133.830346
v -43.204715 32.832449 -153.862123
v -42.407410 32.699874 -154.067694
v -42.298968 32.220730 -154.579989
v -35.179254 45.086536 -142.248152
v -33.974167 45.887160 -142.058522
v -34.304863 43.506933 -143.142044
v -33.400398 44.028259 -143.446723
v -33.340988 38.285826 -143.006248
v -34.304863 43.506933 -143.142044
v -30.477775 47.565336 -141.860814
v -28.836466 47.489722 -140.451316
v -29.048844 48.274127 -142.538449
v -30.069005 41.049419 -146.173768
v -28.843565 38.939247 -145.544491
v -31.294033 40.064460 -145.284551
v -32.749547 18.639672 -164.078595
v -28.188599 21.349126 -159.866308
v -31.235384 20.121449 -164.806855
v -28.562326 56.146027 -145.509680
v -27.390498 52.151178 -143.726903
v -27.602220 55.475841 -146.863299
v -25.261609 32.893734 -128.058316
v -25.429698 24.011564 -126.493292
v -19.250121 24.162458 -130.297088
v -24.008779 25.251191 -149.627667
v -23.117336 26.885049 -152.748981
v -23.557915 24.268464 -151.853007
v -30.612013 18.652528 -160.978767
v -28.188599 21.349126 -159.866308
v -32.749547 18.639672 -164.078595
v -26.805119 44.731752 -133.178252
v -24.888763 44.773233 -137.043445
v -27.560071 46.557051 -135.015251
v -25.206702 3.861699 -141.690708
v -25.493263 4.977640 -141.579708
v -25.120863 3.309846 -142.167778
v -40.001591 23.701428 -136.737363
v -41.978454 21.556261 -138.916428
v -38.693252 24.421337 -138.275048
v -25.440474 8.813111 -133.636143
v -28.295208 6.224012 -139.143069
v -26.605861 4.997295 -136.172174
v -29.342358 39.289833 -129.894745
v -25.056859 39.272203 -131.511320
v -26.741769 43.050458 -130.383422
v -26.085484 21.688834 -148.222739
v -25.419200 21.564928 -147.938895
v -25.238943 21.129722 -149.663535
v -32.462646 12.477392 -167.119003
v -32.123621 15.046214 -167.747478
v -29.887270 13.249416 -166.975456
v -18.939872 23.460274 -153.958240
v -18.086714 26.099938 -153.163665
v -17.825015 22.766696 -151.054149
v -31.475569 44.001343 -131.036948
v -28.671512 43.484280 -131.218778
v -31.037162 45.377379 -133.830346
v -21.149051 10.496307 -134.053483
v -24.054493 13.836044 -129.285113
v -25.098075 10.042453 -132.870793
v -24.054493 13.836044 -129.285113
v -28.831645 12.411317 -129.334745
v -25.098075 10.042453 -132.870793
v -31.662638 23.825781 -140.853726
v -31.327204 21.463030 -143.026173
v -32.677092 21.845299 -142.893771
v -33.439038 10.730541 -164.629553
v -32.462646 12.477392 -167.119003
v -31.376319 10.384141 -164.586124
v -38.671615 28.718900 -150.956137
v -33.427381 24.589649 -139.784881
v -32.677092 21.845299 -142.893771
v -46.153593 23.730039 -151.181570
v -41.317142 11.442369 -144.243718
v -46.186239 22.488814 -148.435532
v -23.991892 7.678726 -133.586531
v -25.098075 10.042453 -132.870793
v -25.440474 8.813111 -133.636143
v -35.782459 7.177059 -145.860731
v -36.896531 6.692785 -146.816708
v -38.353374 8.252725 -146.909555
v -39.852607 11.206847 -142.653472
v -41.205733 8.818564 -143.012670
v -38.739837 7.458982 -141.026606
v -27.220003 38.385307 -147.574519
v -26.879503 38.840915 -148.031386
v -27.560750 36.420640 -147.970827
v -40.921131 40.593141 -134.093006
v -39.764096 44.436369 -135.652630
v -41.497475 40.700285 -136.810051
v -45.986698 25.171238 -143.979816
v -46.186239 22.488814 -148.435532
v -45.637855 23.180089 -145.331103
v -31.746657 56.123591 -144.249841
v -29.544403 54.598085 -142.947651
v -28.562326 56.146027 -145.509680
v -20.422879 31.324753 -151.517250
v -22.928039 28.321734 -151.678944
v -20.987616 33.526136 -150.480517
v -24.077173 21.489428 -151.657639
v -23.557915 24.268464 -151.853007
v -24.174920 23.450171 -153.123080
v -34.304863 43.506933 -143.142044
v -35.137647 39.650734 -144.586075
v -36.343448 40.646675 -144.205490
v -37.323865 32.382183 -140.858364
v -36.653874 30.710965 -140.059520
v -37.035554 34.417114 -139.890222
v -26.047333 38.314736 -147.162016
v -28.355058 34.454840 -147.575158
v -26.539091 36.884048 -147.630056
v -27.220003 38.385307 -147.574519
v -28.355058 34.454840 -147.575158
v -27.640107 36.386017 -147.506737
v -24.008779 25.251191 -149.627667
v -23.557915 24.268464 -151.853007
v -23.451577 23.854164 -150.288609
v -32.421240 26.405902 -128.793893
v -29.889812 27.316973 -126.699838
v -33.548589 32.017452 -129.748340
v -29.889812 27.316973 -126.699838
v -31.072467 34.081300 -128.192809
v -33.548589 32.017452 -129.748340
v -22.689441 44.441378 -144.259098
v -25.293274 45.131003 -144.513418
v -25.951058 46.198064 -142.015097
v -25.293274 45.131003 -144.513418
v -27.449713 46.112244 -142.897335
v -25.951058 46.198064 -142.015097
v -27.612475 25.536553 -146.605411
v -25.510358 25.172536 -146.378705
v -25.234259 26.436416 -145.583508
v -26.527044 12.700096 -164.039450
v -27.109839 10.389945 -162.042326
v -29.385291 12.079991 -165.251308
v -30.292337 8.963025 -139.569130
v -29.163114 7.969127 -140.215779
v -25.440474 8.813111 -133.636143
v -39.422831 4.463402 -150.013861
v -36.896531 6.692785 -146.816708
v -36.250549 4.037511 -149.411280
v -22.753300 13.857890 -155.704164
v -24.228791 14.091075 -159.404561
v -19.789399 15.052309 -150.745562
v -28.200207 47.063367 -143.997053
v -27.390498 52.151178 -143.726903
v -29.048844 48.274127 -142.538449
v -34.956049 38.426284 -142.913329
v -36.089356 38.241597 -142.862625
v -36.449879 38.018612 -143.267486
v -26.605861 4.997295 -136.172174
v -28.295208 6.224012 -139.143069
v -28.584706 4.046298 -138.285028
v -28.584706 4.046298 -138.285028
v -30.390325 1.427612 -139.468795
v -28.773631 0.537727 -136.719068
v -26.605861 4.997295 -136.172174
v -28.584706 4.046298 -138.285028
v -28.773631 0.537727 -136.719068
v -32.496025 45.651389 -135.748353
v -35.131933 45.805802 -134.730619
v -31.037162 45.377379 -133.830346
v -43.645872 32.085769 -153.287329
v -42.232469 30.370882 -156.641169
v -43.402616 30.025504 -155.732572
v -43.402616 30.025504 -155.732572
v -44.582584 31.814669 -152.248185
v -43.645872 32.085769 -153.287329
v -23.396307 11.737044 -150.375129
v -20.988192 13.037079 -151.863676
v -22.123981 12.231963 -149.281592
v -36.550588 12.476804 -142.782638
v -36.508075 13.602827 -142.854595
v -37.646510 13.049532 -142.294987
v -30.101936 2.020583 -141.339872
v -28.602262 1.897372 -142.628913
v -30.207640 0.466356 -140.951520
v -41.829314 1.407587 -147.459490
v -41.778284 1.095278 -151.276144
v -40.489400 0.389286 -153.187907
v -29.163114 7.969127 -140.215779
v -30.292337 8.963025 -139.569130
v -31.008371 11.546192 -142.729821
v -31.376319 10.384141 -164.586124
v -28.825781 8.576218 -159.576637
v -33.439038 10.730541 -164.629553
v -34.236731 13.947283 -167.417079
v -35.638058 15.148301 -164.605973
v -33.858505 17.243952 -165.711845
v -33.858505 17.243952 -165.711845
v -33.790312 15.907261 -167.088306
v -34.236731 13.947283 -167.417079
v -35.796676 44.135009 -141.326117
v -35.179254 45.086536 -142.248152
v -36.343448 40.646675 -144.205490
v -30.612013 18.652528 -160.978767
v -27.258077 20.956574 -149.665794
v -26.336661 20.975964 -154.423921
v -36.196326 12.986449 -139.393689
v -37.284501 13.994507 -136.675931
v -37.365180 13.521406 -141.269215
v -26.686513 1.723316 -135.708408
v -28.773631 0.537727 -136.719068
v -23.044900 0.613227 -138.075019
v -36.346837 27.990966 -140.385086
v -35.489337 26.659479 -140.253279
v -35.910121 27.683185 -139.519751
v -29.291131 19.703039 -165.608521
v -28.188599 21.349126 -159.866308
v -22.408380 23.573914 -156.185754
v -28.188599 21.349126 -159.866308
v -22.671679 24.859511 -153.672873
v -22.408380 23.573914 -156.185754
v -26.492834 29.991681 -126.970640
v -25.261609 32.893734 -128.058316
v -31.072467 34.081300 -128.192809
v -25.261609 32.893734 -128.058316
v -29.342358 39.289833 -129.894745
v -31.072467 34.081300 -128.192809
v -38.265653 21.450013 -151.867443
v -39.237169 28.181954 -154.801172
v -36.964127 21.760011 -149.539228
v -36.964127 21.760011 -149.539228
v -35.955249 10.813405 -144.905100
v -38.265653 21.450013 -151.867443
v -28.355058 34.454840 -147.575158
v -27.560750 36.420640 -147.970827
v -28.577116 32.327442 -148.128013
v -27.617594 49.380205 -149.431445
v -28.054755 45.280760 -149.759992
v -28.651298 47.101348 -151.961077
v -28.651298 47.101348 -151.961077
v -27.769806 52.318196 -151.055916
v -27.617594 49.380205 -149.431445
v -23.502360 6.830689 -140.998582
v -23.335103 5.154863 -139.615623
v -25.493263 4.977640 -141.579708
v -16.611376 32.051944 -147.431414
v -16.694843 36.089658 -140.870272
v -17.469533 26.701910 -148.031121
v -33.439038 10.730541 -164.629553
v -28.825781 8.576218 -159.576637
v -33.328990 10.596261 -158.775084
v -28.825781 8.576218 -159.576637
v -30.410675 9.048209 -156.448980
v -33.328990 10.596261 -158.775084
v -32.417203 42.577466 -147.362352
v -30.069005 41.049419 -146.173768
v -31.294033 40.064460 -145.284551
v -29.889812 27.316973 -126.699838
v -25.429698 24.011564 -126.493292
v -26.492834 29.991681 -126.970640
v -33.912948 12.469170 -131.696615
v -37.284501 13.994507 -136.675931
v -34.109854 11.135180 -136.269272
v -34.137221 6.896070 -142.741811
v -35.318607 0.622598 -141.963699
v -35.455015 3.662350 -146.503325
v -35.455015 3.662350 -146.503325
v -34.489584 6.296613 -144.294230
v -34.137221 6.896070 -142.741811
v -33.858505 17.243952 -165.711845
v -34.480383 17.498219 -163.270304
v -32.749547 18.639672 -164.078595
v -43.751636 32.915804 -153.072503
v -43.959939 32.430613 -153.469509
v -44.058411 32.652156 -152.484554
v -24.446361 9.673130 -152.174138
v -25.150378 8.181659 -149.763534
v -28.499618 8.701122 -155.600159
v -22.509168 25.598537 -148.364351
v -20.990496 28.109148 -146.489130
v -22.902964 27.533753 -148.747888
v -40.436768 31.498550 -154.289977
v -42.117917 32.669410 -153.790164
v -41.955449 32.854263 -153.353300
v -35.772832 21.834473 -130.504944
v -34.279976 19.995971 -127.535117
v -33.441987 23.113970 -129.091986
v -28.602262 1.897372 -142.628913
v -30.101936 2.020583 -141.339872
v -28.832159 3.555375 -139.452766
v -37.810332 40.340969 -132.698217
v -40.921131 40.593141 -134.093006
v -39.956324 34.969083 -132.578013
v -42.407410 32.699874 -154.067694
v -42.204650 32.688052 -154.008556
v -42.253509 32.780627 -153.865500
v -42.204650 32.688052 -154.008556
v -42.092044 32.720697 -153.914425
v -42.253509 32.780627 -153.865500
v -23.451577 23.854164 -150.288609
v -24.077173 21.489428 -151.657639
v -23.239977 21.682164 -150.991219
v -35.675000 35.046385 -142.538432
v -35.162525 36.377699 -141.607362
v -36.789109 33.935561 -140.501932
v -30.520205 18.013125 -167.010919
v -29.291131 19.703039 -165.608521
v -28.698311 17.775448 -165.816825
v -39.956324 34.969083 -132.578013
v -39.621346 30.914705 -132.333390
v -38.429513 35.262280 -132.403456
v -22.073193 7.132177 -142.482404
v -23.502360 6.830689 -140.998582
v -25.701890 6.193036 -142.293997
v -19.957778 22.227126 -149.775484
v -23.239977 21.682164 -150.991219
v -21.804114 20.410432 -152.207717
v -46.153593 23.730039 -151.181570
v -45.165153 26.954754 -155.060212
v -40.769976 16.615869 -151.122786
v -40.769976 16.615869 -151.122786
v -42.488473 13.442332 -146.607623
v -46.153593 23.730039 -151.181570
v -21.149051 10.496307 -134.053483
v -25.098075 10.042453 -132.870793
v -23.991892 7.678726 -133.586531
v -17.368690 26.090288 -150.591518
v -17.691274 29.025427 -149.819952
v -17.469533 26.701910 -148.031121
v -35.610691 45.538710 -148.675505
v -36.160822 49.481302 -148.437878
v -35.360918 48.131457 -151.689031
v -29.649253 51.978216 -153.737649
v -28.056893 55.043974 -150.042375
v -27.769806 52.318196 -151.055916
v -18.620925 40.414937 -149.099052
v -16.895855 36.067962 -148.445312
v -17.997743 33.773099 -150.014567
v -24.646768 3.161946 -140.953806
v -22.362080 3.886580 -137.479612
v -23.473746 1.219900 -140.051700
v -37.869374 0.277921 -154.407479
v -36.650860 0.252845 -150.616920
v -40.489400 0.389286 -153.187907
v -36.650860 0.252845 -150.616920
v -37.306025 0.368290 -143.045720
v -39.045095 0.430197 -141.283493
v -40.489400 0.389286 -153.187907
v -36.650860 0.252845 -150.616920
v -39.045095 0.430197 -141.283493
v -35.318607 0.622598 -141.963699
v -36.173050 0.559151 -138.579842
v -39.045095 0.430197 -141.283493
v -40.294803 5.633591 -144.689469
v -41.778284 1.095278 -151.276144
v -41.829314 1.407587 -147.459490
v -26.047333 38.314736 -147.162016
v -25.885829 40.304590 -146.983225
v -22.874100 41.940050 -146.529914
v -24.174920 23.450171 -153.123080
v -26.489120 22.436327 -155.970355
v -26.336661 20.975964 -154.423921
v -24.723653 3.117963 -141.914505
v -25.493263 4.977640 -141.579708
v -25.206702 3.861699 -141.690708
v -23.401308 10.580675 -148.006126
v -21.863689 10.138374 -146.049263
v -23.703256 8.098683 -147.010256
v -35.933551 14.268382 -142.162615
v -35.250850 20.180601 -147.139279
v -33.615756 14.459749 -142.505970
v -34.534550 51.852347 -142.625034
v -31.716052 53.665152 -142.150605
v -34.299519 54.023184 -143.435376
v -37.046193 39.197770 -144.076902
v -36.062476 39.030748 -144.307642
v -36.924457 38.825683 -143.926452
v -28.825781 8.576218 -159.576637
v -28.499618 8.701122 -155.600159
v -30.410675 9.048209 -156.448980
v -32.736447 17.303530 -154.732873
v -29.406672 19.698584 -148.695992
v -30.612013 18.652528 -160.978767
v -31.376319 10.384141 -164.586124
v -29.887270 13.249416 -166.975456
v -29.385291 12.079991 -165.251308
v -29.385291 12.079991 -165.251308
v -27.109839 10.389945 -162.042326
v -31.376319 10.384141 -164.586124
v -38.124006 44.054177 -139.020264
v -35.853288 45.607775 -138.635384
v -36.337646 44.109309 -139.587703
v -19.382532 28.306257 -152.135256
v -19.761312 26.183698 -154.131793
v -20.422879 31.324753 -151.517250
v -30.390325 1.427612 -139.468795
v -28.584706 4.046298 -138.285028
v -28.832159 3.555375 -139.452766
v -33.439038 10.730541 -164.629553
v -33.328990 10.596261 -158.775084
v -35.114685 12.291686 -163.917136
v -45.372882 31.856744 -149.845257
v -45.446125 31.405416 -152.186089
v -46.896529 27.666920 -150.688651
v -31.235384 20.121449 -164.806855
v -28.188599 21.349126 -159.866308
v -29.291131 19.703039 -165.608521
v -43.412344 30.566766 -155.607988
v -43.419466 30.507837 -155.855777
v -42.232469 30.370882 -156.641169
v -43.419466 30.507837 -155.855777
v -42.638182 29.990294 -156.447106
v -42.232469 30.370882 -156.641169
v -35.140088 1.714732 -139.288909
v -36.173050 0.559151 -138.579842
v -35.318607 0.622598 -141.963699
v -19.676764 24.348806 -153.975629
v -19.761312 26.183698 -154.131793
v -18.086714 26.099938 -153.163665
v -33.912948 12.469170 -131.696615
v -32.504144 10.605177 -133.293173
v -28.956046 9.763967 -132.471770
v -40.168521 27.438418 -156.755998
v -39.688728 27.398654 -156.253209
v -40.214222 27.166190 -155.804779
v -22.671679 24.859511 -153.672873
v -21.369523 25.025208 -154.085421
v -22.408380 23.573914 -156.185754
v -34.950117 12.619327 -158.776522
v -31.607957 10.411018 -152.775836
v -32.640926 13.744894 -152.851164
v -25.056859 39.272203 -131.511320
v -25.261609 32.893734 -128.058316
v -21.443871 33.177664 -130.622539
v -37.646510 13.049532 -142.294987
v -40.331855 15.478157 -143.724237
v -39.852607 11.206847 -142.653472
v -35.558868 28.219415 -137.470790
v -35.662278 27.979838 -140.013913
v -35.910121 27.683185 -139.519751
v -27.385146 35.553014 -147.644605
v -28.577116 32.327442 -148.128013
v -27.560750 36.420640 -147.970827
v -23.154714 31.563087 -149.512679
v -20.164121 36.902124 -150.283322
v -20.987616 33.526136 -150.480517
v -42.209095 33.260209 -150.163932
v -42.554681 31.161631 -145.768317
v -41.716395 31.372736 -147.930419
v -24.305582 26.595605 -144.325336
v -25.232779 24.365584 -146.045488
v -26.013756 26.073654 -143.887944
v -25.232779 24.365584 -146.045488
v -26.894578 24.574156 -145.328330
v -26.013756 26.073654 -143.887944
v -44.866991 28.584502 -141.337204
v -46.896529 27.666920 -150.688651
v -45.986698 25.171238 -143.979816
v -31.298192 13.445131 -143.619878
v -32.736447 17.303530 -154.732873
v -32.640926 13.744894 -152.851164
v -35.908506 42.279574 -141.275774
v -35.796676 44.135009 -141.326117
v -36.343448 40.646675 -144.205490
v -32.563794 41.421996 -144.115036
v -29.053924 29.633301 -144.349772
v -33.340988 38.285826 -143.006248
v -22.780395 36.085320 -150.048826
v -24.986651 28.559938 -148.280757
v -24.538314 36.813391 -147.401609
v -40.001591 23.701428 -136.737363
v -40.924579 26.645587 -134.257706
v -43.505027 23.092201 -137.184969
v -17.371995 37.719346 -137.962122
v -18.396602 30.076203 -132.498610
v -16.725226 26.109533 -134.527792
v -18.396602 30.076203 -132.498610
v -16.544725 23.911639 -133.359501
v -16.725226 26.109533 -134.527792
v -30.700923 43.829635 -153.052301
v -31.902343 42.818969 -153.046513
v -32.417834 47.540416 -154.772104
v -36.724445 26.597468 -142.300015
v -35.489337 26.659479 -140.253279
v -33.427381 24.589649 -139.784881
v -25.058482 4.328680 -135.314969
v -26.686513 1.723316 -135.708408
v -23.044900 0.613227 -138.075019
v -18.677976 11.170999 -136.310424
v -16.710131 13.175316 -138.524987
v -17.293531 13.578574 -135.795416
v -34.722379 52.027767 -153.393398
v -35.225580 55.720648 -149.271649
v -33.724019 55.784081 -152.834261
v -26.702446 43.986923 -145.039983
v -27.124891 40.252492 -145.859252
v -28.053612 41.794027 -145.833288
v -17.369832 33.351955 -140.697385
v -16.725226 26.109533 -134.527792
v -16.511781 26.808860 -137.183211
v -38.265653 21.450013 -151.867443
v -35.955249 10.813405 -144.905100
v -40.864260 19.421328 -152.688426
v -19.663068 12.592364 -133.171091
v -24.054493 13.836044 -129.285113
v -21.149051 10.496307 -134.053483
v -28.078562 31.734099 -146.128220
v -28.843565 38.939247 -145.544491
v -28.129946 35.519368 -146.575577
v -31.746657 56.123591 -144.249841
v -31.999744 57.571707 -146.484145
v -34.554187 56.316869 -146.307926
v -33.994407 29.869720 -141.298314
v -31.755201 30.375110 -143.781209
v -30.093915 28.391790 -143.784201
v -25.058482 4.328680 -135.314969
v -23.032675 3.751716 -136.432609
v -21.677916 7.058432 -134.617585
v -21.303411 21.231933 -157.675913
v -19.636265 22.171218 -155.196054
v -23.145469 18.103679 -157.496043
v -38.330190 34.793799 -141.210988
v -36.830133 30.226012 -141.662724
v -37.323865 32.382183 -140.858364
v -36.830133 30.226012 -141.662724
v -35.989082 28.516156 -140.917569
v -36.381170 29.300238 -140.508943
v -36.381170 29.300238 -140.508943
v -36.653874 30.710965 -140.059520
v -36.830133 30.226012 -141.662724
v -20.295418 24.057686 -144.672030
v -21.149429 25.037899 -145.629558
v -19.448759 27.778232 -142.817973
v -18.509227 10.947603 -141.789748
v -17.861520 11.450235 -142.754955
v -16.710131 13.175316 -138.524987
v -34.114610 46.625362 -137.249183
v -39.077955 45.192012 -137.431217
v -35.131933 45.805802 -134.730619
v -36.823392 8.446740 -140.961548
v -35.708050 10.769060 -141.749953
v -37.646510 13.049532 -142.294987
v -37.646510 13.049532 -142.294987
v -39.852607 11.206847 -142.653472
v -38.739837 7.458982 -141.026606
v -31.327204 21.463030 -143.026173
v -30.556541 17.271222 -143.878187
v -31.975459 17.284813 -143.689720
v -29.053924 29.633301 -144.349772
v -31.294033 40.064460 -145.284551
v -28.078562 31.734099 -146.128220
v -40.389178 1.343881 -141.604664
v -38.480446 1.738896 -138.453915
v -39.685089 4.048279 -140.955761
v -40.864260 19.421328 -152.688426
v -41.566700 21.886991 -153.585523
v -38.265653 21.450013 -151.867443
v -38.594640 27.642702 -133.878226
v -40.924579 26.645587 -134.257706
v -38.020201 26.193261 -136.348496
v -35.782459 7.177059 -145.860731
v -36.250549 4.037511 -149.411280
v -36.896531 6.692785 -146.816708
v -22.362080 3.886580 -137.479612
v -23.032675 3.751716 -136.432609
v -23.044900 0.613227 -138.075019
v -22.655520 41.783893 -135.785159
v -19.578089 38.856343 -135.446716
v -20.386939 42.437697 -139.820773
v -25.293274 45.131003 -144.513418
v -25.820347 41.017492 -147.840428
v -25.960224 41.810488 -146.832769
v -35.693442 32.789079 -140.207508
v -36.653874 30.710965 -140.059520
v -36.789109 33.935561 -140.501932
v -29.963531 20.244435 -145.552165
v -30.556541 17.271222 -143.878187
v -31.327204 21.463030 -143.026173
v -32.546534 50.125839 -154.600269
v -33.138986 48.381579 -153.785687
v -34.722379 52.027767 -153.393398
v -38.326114 40.463093 -140.971445
v -36.337646 44.109309 -139.587703
v -37.627073 38.522500 -141.349544
v -17.371995 37.719346 -137.962122
v -17.270132 40.856939 -147.037154
v -18.023441 42.329729 -146.376058
v -25.820347 41.017492 -147.840428
v -23.145644 43.392258 -145.635727
v -25.327544 40.687459 -147.123324
v -17.878521 10.366470 -144.261800
v -18.816941 9.628038 -142.612705
v -20.583814 10.258134 -147.621485
v -41.778284 1.095278 -151.276144
v -40.294803 5.633591 -144.689469
v -39.422831 4.463402 -150.013861
v -32.421240 26.405902 -128.793893
v -33.998717 25.030001 -132.930504
v -33.441987 23.113970 -129.091986
v -35.298954 24.254494 -134.169801
v -36.630268 27.733197 -136.301392
v -36.702089 25.788795 -136.815905
v -40.085675 30.001578 -154.962260
v -40.436768 31.498550 -154.289977
v -39.995872 30.769059 -153.308190
v -40.949021 10.570428 -144.770438
v -39.251656 9.675649 -147.698286
v -41.165322 6.764446 -144.777728
v -36.310810 22.891906 -135.329741
v -38.018188 23.927848 -138.330206
v -38.180070 21.001730 -136.407587
v -43.117428 29.455966 -139.594274
v -43.974661 33.229922 -150.770020
v -45.372882 31.856744 -149.845257
v -33.548589 32.017452 -129.748340
v -37.810332 40.340969 -132.698217
v -36.992269 34.917637 -132.522203
v -29.851750 47.014002 -138.425996
v -30.681671 48.210421 -140.120761
v -33.326902 46.498320 -139.656352
v -35.131933 45.805802 -134.730619
v -39.764096 44.436369 -135.652630
v -38.565509 43.249321 -133.630210
v -36.964127 21.760011 -149.539228
v -36.508075 13.602827 -142.854595
v -35.955249 10.813405 -144.905100
v -32.255121 52.338333 -154.402802
v -29.649253 51.978216 -153.737649
v -32.546534 50.125839 -154.600269
v -30.207640 0.466356 -140.951520
v -28.773631 0.537727 -136.719068
v -30.390325 1.427612 -139.468795
v -24.054493 13.836044 -129.285113
v -18.662138 16.160331 -132.132529
v -25.694153 18.286497 -127.087394
v -33.340988 38.285826 -143.006248
v -29.053924 29.633301 -144.349772
v -31.755201 30.375110 -143.781209
v -33.615756 14.459749 -142.505970
v -34.058261 12.035435 -139.105595
v -35.933551 14.268382 -142.162615
v -34.950117 12.619327 -158.776522
v -35.250236 14.318454 -159.266927
v -35.638058 15.148301 -164.605973
v -28.517028 33.468066 -147.126110
v -29.272487 27.664359 -146.410529
v -28.078562 31.734099 -146.128220
v -19.636265 22.171218 -155.196054
v -18.939872 23.460274 -153.958240
v -18.774606 21.989009 -152.078313
v -35.489337 26.659479 -140.253279
v -35.989082 28.516156 -140.917569
v -33.805904 26.046661 -139.791594
v -27.390498 52.151178 -143.726903
v -28.562326 56.146027 -145.509680
v -29.544403 54.598085 -142.947651
v -34.354488 9.369651 -143.294049
v -34.693385 9.709644 -145.480157
v -34.989065 10.193722 -143.537228
v -34.693385 9.709644 -145.480157
v -36.936429 11.901446 -148.635513
v -35.955249 10.813405 -144.905100
v -34.989065 10.193722 -143.537228
v -34.693385 9.709644 -145.480157
v -35.955249 10.813405 -144.905100
v -26.292845 46.147381 -139.028299
v -22.689441 44.441378 -144.259098
v -25.951058 46.198064 -142.015097
v -35.455015 3.662350 -146.503325
v -35.577642 1.016375 -150.107082
v -36.250549 4.037511 -149.411280
v -35.577642 1.016375 -150.107082
v -36.058247 0.884114 -153.006154
v -36.982728 2.522114 -154.066446
v -36.250549 4.037511 -149.411280
v -35.577642 1.016375 -150.107082
v -36.982728 2.522114 -154.066446
v -36.250549 4.037511 -149.411280
v -35.782459 7.177059 -145.860731
v -35.455015 3.662350 -146.503325
v -24.628579 6.001962 -145.021844
v -25.701890 6.193036 -142.293997
v -28.333085 6.967725 -144.199759
v -23.551467 28.950371 -149.572438
v -23.154714 31.563087 -149.512679
v -22.928039 28.321734 -151.678944
v -22.123981 12.231963 -149.281592
v -20.988192 13.037079 -151.863676
v -20.583814 10.258134 -147.621485
v -24.888763 44.773233 -137.043445
v -26.805119 44.731752 -133.178252
v -25.937258 43.383387 -133.249954
v -40.924579 26.645587 -134.257706
v -42.308988 28.106942 -134.633867
v -44.228871 25.114271 -136.886599
v -35.646249 9.357457 -147.581792
v -38.353374 8.252725 -146.909555
v -39.251656 9.675649 -147.698286
v -39.251656 9.675649 -147.698286
v -38.643419 12.852636 -150.132145
v -35.646249 9.357457 -147.581792
v -15.429930 21.807694 -137.730446
v -15.408049 20.951861 -137.522487
v -16.490307 21.688484 -141.044864
v -35.250236 14.318454 -159.266927
v -32.736447 17.303530 -154.732873
v -32.712502 17.794368 -160.372499
v -17.997743 33.773099 -150.014567
v -16.895855 36.067962 -148.445312
v -16.611376 32.051944 -147.431414
v -45.446125 31.405416 -152.186089
v -45.372882 31.856744 -149.845257
v -44.748217 32.482259 -151.730801
v -40.214222 27.166190 -155.804779
v -39.688728 27.398654 -156.253209
v -41.163526 29.885308 -156.865950
v -23.145469 18.103679 -157.496043
v -21.847442 19.431698 -153.529386
v -19.789399 15.052309 -150.745562
v -21.847442 19.431698 -153.529386
v -21.866171 19.764349 -151.729973
v -19.789399 15.052309 -150.745562
v -36.724445 26.597468 -142.300015
v -33.427381 24.589649 -139.784881
v -38.671615 28.718900 -150.956137
v -38.429513 35.262280 -132.403456
v -38.088053 30.653714 -132.586901
v -37.267848 30.227948 -133.557997
v -19.671359 30.118130 -144.033262
v -19.317235 30.310804 -142.775428
v -22.043425 26.533749 -145.454673
v -24.054493 13.836044 -129.285113
v -19.663068 12.592364 -133.171091
v -18.662138 16.160331 -132.132529
v -28.188599 21.349126 -159.866308
v -26.489120 22.436327 -155.970355
v -22.671679 24.859511 -153.672873
v -26.489120 22.436327 -155.970355
v -24.174920 23.450171 -153.123080
v -22.671679 24.859511 -153.672873
vn -15.055578 12.568811 -54.485509
vn -15.055578 12.568811 -54.485509
vn -15.055578 12.568811 -54.485509
vn -20.834745 -34.461707 -41.612738
vn -20.834745 -34.461707 -41.612738
vn -20.834745 -34.461707 -41.612738
vn -0.184446 -57.305528 8.328123
vn -0.184446 -57.305528 8.328123
vn -0.184446 -57.305528 8.328123
vn -18.627674 8.972885 -54.090789
vn -18.627674 8.972885 -54.090789
vn -18.627674 8.972885 -54.090789
vn 16.219690 27.429198 48.351595
vn 16.219690 27.429198 48.351595
vn 16.219690 27.429198 48.351595
vn -25.264417 -37.616968 -36.055354
vn -25.264417 -37.616968 -36.055354
vn -25.264417 -37.616968 -36.055354
vn -9.507933 4.618400 -56.934929
vn -9.507933 4.618400 -56.934929
vn -9.507933 4.618400 -56.934929
vn 55.084505 -10.835563 -14.198730
vn 55.084505 -10.835563 -14.198730
vn 55.084505 -10.835563 -14.198730
vn 43.198760 36.449643 12.593898
vn 43.198760 36.449643 12.593898
vn 43.198760 36.449643 12.593898
vn -45.763287 24.519273 -25.648449
vn -45.763287 24.519273 -25.648449
vn -45.763287 24.519273 -25.648449
vn 30.490177 -44.873354 20.249616
vn 30.490177 -44.873354 20.249616
vn 30.490177 -44.873354 20.249616
vn 40.523236 -22.175004 34.920661
vn 40.523236 -22.175004 34.920661
vn 40.523236 -22.175004 34.920661
vn 13.844902 -47.510220 -30.073469
vn 13.844902 -47.510220 -30.073469
vn 13.844902 -47.510220 -30.073469
vn 11.805985 -8.352039 -56.072979
vn 11.805985 -8.352039 -56.072979
vn 11.805985 -8.352039 -56.072979
vn -53.745730 0.954285 21.536066
vn -53.745730 0.954285 21.536066
vn -53.745730 0.954285 21.536066
vn -4.591906 -56.313666 -12.688620
vn -4.591906 -56.313666 -12.688620
vn -4.591906 -56.313666 -12.688620
vn -9.215938 2.607442 -57.110285
vn -9.215938 2.607442 -57.110285
vn -9.215938 2.607442 -57.110285
vn -52.773340 -23.236768 5.323898
vn -52.773340 -23.236768 5.323898
vn -52.773340 -23.236768 5.323898
vn -36.658632 -27.223043 -35.614137
vn -36.658632 -27.223043 -35.614137
vn -36.658632 -27.223043 -35.614137
vn 41.503708 -35.890489 18.510289
vn 41.503708 -35.890489 18.510289
vn 41.503708 -35.890489 18.510289
vn -16.084869 -30.177195 -46.732542
vn -16.084869 -30.177195 -46.732542
vn -16.084869 -30.177195 -46.732542
vn 50.612856 -24.997077 12.915147
vn 50.612856 -24.997077 12.915147
vn 50.612856 -24.997077 12.915147
vn 47.127547 0.848003 -33.639137
vn 47.127547 0.848003 -33.639137
vn 47.127547 0.848003 -33.639137
vn 51.439675 -21.638184 15.461732
vn 51.439675 -21.638184 15.461732
vn 51.439675 -21.638184 15.461732
vn 57.696957 -4.293881 2.437276
vn 57.696957 -4.293881 2.437276
vn 57.696957 -4.293881 2.437276
vn 43.625127 12.714200 35.895872
vn 43.625127 12.714200 35.895872
vn 43.625127 12.714200 35.895872
vn 50.099410 -19.820207 -21.225572
vn 50.099410 -19.820207 -21.225572
vn 50.099410 -19.820207 -21.225572
vn 40.496542 -0.782711 -41.385193
vn 40.496542 -0.782711 -41.385193
vn 40.496542 -0.782711 -41.385193
vn -16.695683 32.847868 44.672002
vn -16.695683 32.847868 44.672002
vn -16.695683 32.847868 44.672002
vn -39.460469 13.342402 -40.226468
vn -39.460469 13.342402 -40.226468
vn -39.460469 13.342402 -40.226468
vn 49.445907 -28.434890 -9.993777
vn 49.445907 -28.434890 -9.993777
vn 49.445907 -28.434890 -9.993777
vn -44.256266 -25.102947 27.650339
vn -44.256266 -25.102947 27.650339
vn -44.256266 -25.102947 27.650339
vn 8.037301 13.366043 -55.767977
vn 8.037301 13.366043 -55.767977
vn 8.037301 13.366043 -55.767977
vn 57.604109 -1.153925 -5.809615
vn 57.604109 -1.153925 -5.809615
vn 57.604109 -1.153925 -5.809615
vn -45.383117 -31.586202 -17.204677
vn -45.383117 -31.586202 -17.204677
vn -45.383117 -31.586202 -17.204677
vn 46.943449 -27.884042 -19.290118
vn 46.943449 -27.884042 -19.290118
vn 46.943449 -27.884042 -19.290118
vn 36.965816 -7.814569 -43.883685
vn 36.965816 -7.814569 -43.883685
vn 36.965816 -7.814569 -43.883685
vn -18.937399 48.960078 24.445878
vn -18.937399 48.960078 24.445878
vn -18.937399 48.960078 24.445878
vn -45.792777 1.681536 35.404949
vn -45.792777 1.681536 35.404949
vn -45.792777 1.681536 35.404949
vn 47.681624 -0.199704 -32.859385
vn 47.681624 -0.199704 -32.859385
vn 47.681624 -0.199704 -32.859385
vn -51.998598 10.957651 -23.008516
vn -51.998598 10.957651 -23.008516
vn -51.998598 10.957651 -23.008516
vn 22.219813 48.264592 -23.024431
vn 22.219813 48.264592 -23.024431
vn 22.219813 48.264592 -23.024431
vn 3.946788 -28.052787 -50.505252
vn 3.946788 -28.052787 -50.505252
vn 3.946788 -28.052787 -50.505252
vn -42.811631 19.626520 -33.693926
vn -42.811631 19.626520 -33.693926
vn -42.811631 19.626520 -33.693926
vn 40.684066 -5.683220 40.814512
vn 40.684066 -5.683220 40.814512
vn 40.684066 -5.683220 40.814512
vn -50.378005 -28.355351 -3.368530
vn -50.378005 -28.355351 -3.368530
vn -50.378005 -28.355351 -3.368530
vn 31.397129 -48.262489 6.186095
vn 31.397129 -48.262489 6.186095
vn 31.397129 -48.262489 6.186095
vn -42.855654 19.390706 -33.774395
vn -42.855654 19.390706 -33.774395
vn -42.855654 19.390706 -33.774395
vn -4.702966 55.066758 -17.287256
vn -4.702966 55.066758 -17.287256
vn -4.702966 55.066758 -17.287256
vn 37.293715 10.627547 43.006401
vn 37.293715 10.627547 43.006401
vn 37.293715 10.627547 43.006401
vn 20.570892 6.356258 -53.756426
vn 20.570892 6.356258 -53.756426
vn 20.570892 6.356258 -53.756426
vn 52.332185 -7.842731 -23.519158
vn 52.332185 -7.842731 -23.519158
vn 52.332185 -7.842731 -23.519158
vn 44.699461 21.285965 30.036349
vn 44.699461 21.285965 30.036349
vn 44.699461 21.285965 30.036349
vn -34.562477 33.350179 -32.349907
vn -34.562477 33.350179 -32.349907
vn -34.562477 33.350179 -32.349907
vn -1.855595 -56.711194 -11.563401
vn -1.855595 -56.711194 -11.563401
vn -1.855595 -56.711194 -11.563401
vn -41.130916 -9.388054 -39.666472
vn -41.130916 -9.388054 -39.666472
vn -41.130916 -9.388054 -39.666472
vn -19.862256 51.823358 -16.527115
vn -19.862256 51.823358 -16.527115
vn -19.862256 51.823358 -16.527115
vn 55.646689 3.804584 -15.565599
vn 55.646689 3.804584 -15.565599
vn 55.646689 3.804584 -15.565599
vn 56.808093 -8.398837 -7.457636
vn 56.808093 -8.398837 -7.457636
vn 56.808093 -8.398837 -7.457636
vn 31.636382 -8.623072 47.729430
vn 31.636382 -8.623072 47.729430
vn 31.636382 -8.623072 47.729430
vn 19.884623 -51.875322 16.336113
vn 19.884623 -51.875322 16.336113
vn 19.884623 -51.875322 16.336113
vn 56.084050 -2.269557 14.238852
vn 56.084050 -2.269557 14.238852
vn 56.084050 -2.269557 14.238852
vn -45.191068 12.562283 -33.959863
vn -45.191068 12.562283 -33.959863
vn -45.191068 12.562283 -33.959863
vn 48.172743 31.387433 6.894370
vn 48.172743 31.387433 6.894370
vn 48.172743 31.387433 6.894370
vn 9.169473 33.408269 46.401771
vn 9.169473 33.408269 46.401771
vn 9.169473 33.408269 46.401771
vn -37.984143 -7.452404 -43.069515
vn -37.984143 -7.452404 -43.069515
vn -37.984143 -7.452404 -43.069515
vn -22.791882 2.707668 -53.164978
vn -22.791882 2.707668 -53.164978
vn -22.791882 2.707668 -53.164978
vn -47.226400 1.448561 -33.479632
vn -47.226400 1.448561 -33.479632
vn -47.226400 1.448561 -33.479632
vn 11.029557 33.598997 -45.855999
vn 11.029557 33.598997 -45.855999
vn 11.029557 33.598997 -45.855999
vn -24.691165 13.215620 -50.685402
vn -24.691165 13.215620 -50.685402
vn -24.691165 13.215620 -50.685402
vn -17.101595 -51.991776 -18.913116
vn -17.101595 -51.991776 -18.913116
vn -17.101595 -51.991776 -18.913116
vn 13.913065 28.608191 -48.387130
vn 13.913065 28.608191 -48.387130
vn 13.913065 28.608191 -48.387130
vn -55.628912 11.539677 11.206087
vn -55.628912 11.539677 11.206087
vn -55.628912 11.539677 11.206087
vn 38.816880 2.638998 -42.890584
vn 38.816880 2.638998 -42.890584
vn 38.816880 2.638998 -42.890584
vn -39.199357 -1.661584 -42.590686
vn -39.199357 -1.661584 -42.590686
vn -39.199357 -1.661584 -42.590686
vn 14.106689 55.520753 8.471271
vn 14.106689 55.520753 8.471271
vn 14.106689 55.520753 8.471271
vn -8.899789 -30.065688 -48.684332
vn -8.899789 -30.065688 -48.684332
vn -8.899789 -30.065688 -48.684332
vn 46.962732 -17.116047 -29.237976
vn 46.962732 -17.116047 -29.237976
vn 46.962732 -17.116047 -29.237976
vn 55.200496 -7.059426 -16.012060
vn 55.200496 -7.059426 -16.012060
vn 55.200496 -7.059426 -16.012060
vn -16.414444 54.804144 8.965877
vn -16.414444 54.804144 8.965877
vn -16.414444 54.804144 8.965877
vn -16.162271 -0.108208 -55.606529
vn -16.162271 -0.108208 -55.606529
vn -16.162271 -0.108208 -55.606529
vn -7.462285 57.348697 -2.959204
vn -7.462285 57.348697 -2.959204
vn -7.462285 57.348697 -2.959204
vn 9.857061 -41.058305 39.627892
vn 9.857061 -41.058305 39.627892
vn 9.857061 -41.058305 39.627892
vn -50.993486 23.838662 -13.590407
vn -50.993486 23.838662 -13.590407
vn -50.993486 23.838662 -13.590407
vn 41.610008 -1.484844 -40.245728
vn 41.610008 -1.484844 -40.245728
vn 41.610008 -1.484844 -40.245728
vn -16.703914 21.136386 -51.259624
vn -16.703914 21.136386 -51.259624
vn -16.703914 21.136386 -51.259624
vn 23.815300 -49.047869 -19.505215
vn 23.815300 -49.047869 -19.505215
vn 23.815300 -49.047869 -19.505215
vn -24.965716 -52.229549 1.450182
vn -24.965716 -52.229549 1.450182
vn -24.965716 -52.229549 1.450182
vn 56.196274 4.054572 13.373708
vn 56.196274 4.054572 13.373708
vn 56.196274 4.054572 13.373708
vn -44.712695 11.712800 34.884119
vn -44.712695 11.712800 34.884119
vn -44.712695 11.712800 34.884119
vn 12.797107 -51.703290 -22.722672
vn 12.797107 -51.703290 -22.722672
vn 12.797107 -51.703290 -22.722672
vn 33.142848 -44.844633 15.614932
vn 33.142848 -44.844633 15.614932
vn 33.142848 -44.844633 15.614932
vn -22.556501 52.360340 -10.144673
vn -22.556501 52.360340 -10.144673
vn -22.556501 52.360340 -10.144673
vn 46.507091 1.589291 -34.465651
vn 46.507091 1.589291 -34.465651
vn 46.507091 1.589291 -34.465651
vn 25.196949 8.584525 51.427001
vn 25.196949 8.584525 51.427001
vn 25.196949 8.584525 51.427001
vn 56.746878 6.064631 9.814705
vn 56.746878 6.064631 9.814705
vn 56.746878 6.064631 9.814705
vn -33.295173 -40.120947 25.200341
vn -33.295173 -40.120947 25.200341
vn -33.295173 -40.120947 25.200341
vn -57.288004 1.835221 -8.248186
vn -57.288004 1.835221 -8.248186
vn -57.288004 1.835221 -8.248186
vn -34.497987 -16.012657 -43.666924
vn -34.497987 -16.012657 -43.666924
vn -34.497987 -16.012657 -43.666924
vn -41.915105 -33.904888 21.139979
vn -41.915105 -33.904888 21.139979
vn -41.915105 -33.904888 21.139979
vn 33.773883 -40.287351 -24.281069
vn 33.773883 -40.287351 -24.281069
vn 33.773883 -40.287351 -24.281069
vn 49.539785 -17.300378 -24.491295
vn 49.539785 -17.300378 -24.491295
vn 49.539785 -17.300378 -24.491295
vn -4.193167 -57.278309 -7.411330
vn -4.193167 -57.278309 -7.411330
vn -4.193167 -57.278309 -7.411330
vn 48.845258 10.141177 29.404312
vn 48.845258 10.141177 29.404312
vn 48.845258 10.141177 29.404312
vn -37.454504 1.128356 44.149781
vn -37.454504 1.128356 44.149781
vn -37.454504 1.128356 44.149781
vn -25.514413 -1.633473 51.958278
vn -25.514413 -1.633473 51.958278
vn -25.514413 -1.633473 51.958278
vn -49.813924 27.190519 11.513674
vn -49.813924 27.190519 11.513674
vn -49.813924 27.190519 11.513674
vn 49.381379 9.225383 -28.804307
vn 49.381379 9.225383 -28.804307
vn 49.381379 9.225383 -28.804307
vn -55.829368 -6.714714 13.831525
vn -55.829368 -6.714714 13.831525
vn -55.829368 -6.714714 13.831525
vn 15.125030 21.326154 -51.669576
vn 15.125030 21.326154 -51.669576
vn 15.125030 21.326154 -51.669576
vn 47.704130 12.519789 30.346128
vn 47.704130 12.519789 30.346128
vn 47.704130 12.519789 30.346128
vn 46.221291 -33.999915 -7.804736
vn 46.221291 -33.999915 -7.804736
vn 46.221291 -33.999915 -7.804736
vn 57.674193 4.961657 -1.544667
vn 57.674193 4.961657 -1.544667
vn 57.674193 4.961657 -1.544667
vn -27.327650 7.523559 -50.496657
vn -27.327650 7.523559 -50.496657
vn -27.327650 7.523559 -50.496657
vn -26.500525 49.405812 14.494942
vn -26.500525 49.405812 14.494942
vn -26.500525 49.405812 14.494942
vn -52.732837 22.990897 6.631968
vn -52.732837 22.990897 6.631968
vn -52.732837 22.990897 6.631968
vn -55.283518 -9.810078 14.170806
vn -55.283518 -9.810078 14.170806
vn -55.283518 -9.810078 14.170806
vn 27.103846 12.544165 -49.611912
vn 27.103846 12.544165 -49.611912
vn 27.103846 12.544165 -49.611912
vn 51.732621 6.790325 -25.118592
vn 51.732621 6.790325 -25.118592
vn 51.732621 6.790325 -25.118592
vn -3.019303 -26.181452 -51.562891
vn -3.019303 -26.181452 -51.562891
vn -3.019303 -26.181452 -51.562891
vn -51.868689 12.403455 -22.563457
vn -51.868689 12.403455 -22.563457
vn -51.868689 12.403455 -22.563457
vn -14.946758 3.276190 -55.849599
vn -14.946758 3.276190 -55.849599
vn -14.946758 3.276190 -55.849599
vn 50.236028 -8.236199 -27.601148
vn 50.236028 -8.236199 -27.601148
vn 50.236028 -8.236199 -27.601148
vn -16.539440 -9.436206 -54.687485
vn -16.539440 -9.436206 -54.687485
vn -16.539440 -9.436206 -54.687485
vn 54.488990 -9.579846 17.102425
vn 54.488990 -9.579846 17.102425
vn 54.488990 -9.579846 17.102425
vn 28.319600 -41.635260 -28.597571
vn 28.319600 -41.635260 -28.597571
vn 28.319600 -41.635260 -28.597571
vn 43.507898 -33.949408 -17.544707
vn 43.507898 -33.949408 -17.544707
vn 43.507898 -33.949408 -17.544707
vn -7.227187 38.909393 -42.274609
vn -7.227187 38.909393 -42.274609
vn -7.227187 38.909393 -42.274609
vn -10.613930 14.024784 -55.172155
vn -10.613930 14.024784 -55.172155
vn -10.613930 14.024784 -55.172155
vn -5.223570 57.664378 -0.921408
vn -5.223570 57.664378 -0.921408
vn -5.223570 57.664378 -0.921408
vn -7.923652 24.866837 -51.693062
vn -7.923652 24.866837 -51.693062
vn -7.923652 24.866837 -51.693062
vn -52.463886 -4.300663 -24.132162
vn -52.463886 -4.300663 -24.132162
vn -52.463886 -4.300663 -24.132162
vn -21.006923 52.859562 -10.857760
vn -21.006923 52.859562 -10.857760
vn -21.006923 52.859562 -10.857760
vn -13.993147 51.475341 22.534339
vn -13.993147 51.475341 22.534339
vn -13.993147 51.475341 22.534339
vn 4.728883 -56.280242 12.786219
vn 4.728883 -56.280242 12.786219
vn 4.728883 -56.280242 12.786219
vn 12.688109 4.510782 -56.320345
vn 12.688109 4.510782 -56.320345
vn 12.688109 4.510782 -56.320345
vn -42.094151 39.747026 -1.253940
vn -42.094151 39.747026 -1.253940
vn -42.094151 39.747026 -1.253940
vn -54.223999 -13.472773 -15.217043
vn -54.223999 -13.472773 -15.217043
vn -54.223999 -13.472773 -15.217043
vn 42.181756 -21.418977 33.395265
vn 42.181756 -21.418977 33.395265
vn 42.181756 -21.418977 33.395265
vn -25.527021 -51.778063 4.551751
vn -25.527021 -51.778063 4.551751
vn -25.527021 -51.778063 4.551751
vn -21.741519 36.345207 -39.492382
vn -21.741519 36.345207 -39.492382
vn -21.741519 36.345207 -39.492382
vn -26.018207 -37.197291 -35.954560
vn -26.018207 -37.197291 -35.954560
vn -26.018207 -37.197291 -35.954560
vn 45.205291 16.839353 32.034890
vn 45.205291 16.839353 32.034890
vn 45.205291 16.839353 32.034890
vn -3.258405 -49.459824 29.940339
vn -3.258405 -49.459824 29.940339
vn -3.258405 -49.459824 29.940339
vn 49.183218 12.169066 -28.039992
vn 49.183218 12.169066 -28.039992
vn 49.183218 12.169066 -28.039992
vn -28.218403 38.061034 33.292575
vn -28.218403 38.061034 33.292575
vn -28.218403 38.061034 33.292575
vn -31.169091 -21.895461 -43.616431
vn -31.169091 -21.895461 -43.616431
vn -31.169091 -21.895461 -43.616431
vn 7.809466 -12.702694 -55.955074
vn 7.809466 -12.702694 -55.955074
vn 7.809466 -12.702694 -55.955074
vn -57.691266 -2.469937 -4.351302
vn -57.691266 -2.469937 -4.351302
vn -57.691266 -2.469937 -4.351302
vn 31.381507 9.360431 47.758764
vn 31.381507 9.360431 47.758764
vn 31.381507 9.360431 47.758764
vn 39.644216 2.133437 -42.155674
vn 39.644216 2.133437 -42.155674
vn 39.644216 2.133437 -42.155674
vn -55.122701 -16.961601 5.206562
vn -55.122701 -16.961601 5.206562
vn -55.122701 -16.961601 5.206562
vn -46.446006 -31.867830 -13.435983
vn -46.446006 -31.867830 -13.435983
vn -46.446006 -31.867830 -13.435983
vn 52.903503 -23.093421 -4.607544
vn 52.903503 -23.093421 -4.607544
vn 52.903503 -23.093421 -4.607544
vn -36.281169 -31.802528 -32.024865
vn -36.281169 -31.802528 -32.024865
vn -36.281169 -31.802528 -32.024865
vn -54.330836 -18.621034 7.398215
vn -54.330836 -18.621034 7.398215
vn -54.330836 -18.621034 7.398215
vn -43.036598 20.333450 -32.980576
vn -43.036598 20.333450 -32.980576
vn -43.036598 20.333450 -32.980576
vn 8.916018 42.725474 -38.057247
vn 8.916018 42.725474 -38.057247
vn 8.916018 42.725474 -38.057247
vn 45.386599 -24.023649 -26.762605
vn 45.386599 -24.023649 -26.762605
vn 45.386599 -24.023649 -26.762605
vn -48.888719 -8.191374 -29.935120
vn -48.888719 -8.191374 -29.935120
vn -48.888719 -8.191374 -29.935120
vn 57.647757 -5.476816 0.238440
vn 57.647757 -5.476816 0.238440
vn 57.647757 -5.476816 0.238440
vn -11.152291 -15.611247 -54.637274
vn -11.152291 -15.611247 -54.637274
vn -11.152291 -15.611247 -54.637274
vn -42.275223 -3.461298 -39.422595
vn -42.275223 -3.461298 -39.422595
vn -42.275223 -3.461298 -39.422595
vn 42.760017 10.363713 -37.649578
vn 42.760017 10.363713 -37.649578
vn 42.760017 10.363713 -37.649578
vn -57.104453 -8.264004 4.909567
vn -57.104453 -8.264004 4.909567
vn -57.104453 -8.264004 4.909567
vn 47.191455 -14.981722 -30.030503
vn 47.191455 -14.981722 -30.030503
vn 47.191455 -14.981722 -30.030503
vn 53.956335 -17.839580 -11.125633
vn 53.956335 -17.839580 -11.125633
vn 53.956335 -17.839580 -11.125633
vn -34.740843 -0.390161 46.327505
vn -34.740843 -0.390161 46.327505
vn -34.740843 -0.390161 46.327505
vn -6.271567 52.242029 24.181677
vn -6.271567 52.242029 24.181677
vn -6.271567 52.242029 24.181677
vn 33.240497 -41.588985 -22.775902
vn 33.240497 -41.588985 -22.775902
vn 33.240497 -41.588985 -22.775902
vn -34.223353 43.973814 -15.760136
vn -34.223353 43.973814 -15.760136
vn -34.223353 43.973814 -15.760136
vn 50.241724 10.898841 26.651466
vn 50.241724 10.898841 26.651466
vn 50.241724 10.898841 26.651466
vn -37.647721 -29.257151 -32.863113
vn -37.647721 -29.257151 -32.863113
vn -37.647721 -29.257151 -32.863113
vn 55.442165 12.283426 11.340203
vn 55.442165 12.283426 11.340203
vn 55.442165 12.283426 11.340203
vn 10.715102 53.874136 -18.332468
vn 10.715102 53.874136 -18.332468
vn 10.715102 53.874136 -18.332468
vn -28.135648 -25.527710 43.703977
vn -28.135648 -25.527710 43.703977
vn -28.135648 -25.527710 43.703977
vn -7.010198 -12.003949 56.214579
vn -7.010198 -12.003949 56.214579
vn -7.010198 -12.003949 56.214579
vn -45.751974 -4.530326 -35.207244
vn -45.751974 -4.530326 -35.207244
vn -45.751974 -4.530326 -35.207244
vn -46.048839 -32.043594 -14.353694
vn -46.048839 -32.043594 -14.353694
vn -46.048839 -32.043594 -14.353694
vn 39.069194 -39.171116 -17.103727
vn 39.069194 -39.171116 -17.103727
vn 39.069194 -39.171116 -17.103727
vn -3.067602 -56.959850 9.974013
vn -3.067602 -56.959850 9.974013
vn -3.067602 -56.959850 9.974013
vn 42.942686 -14.300626 36.121112
vn 42.942686 -14.300626 36.121112
vn 42.942686 -14.300626 36.121112
vn -42.693711 -39.117849 0.597259
vn -42.693711 -39.117849 0.597259
vn -42.693711 -39.117849 0.597259
vn 25.302748 51.950172 3.777006
vn 25.302748 51.950172 3.777006
vn 25.302748 51.950172 3.777006
vn -43.900684 6.898675 -37.127554
vn -43.900684 6.898675 -37.127554
vn -43.900684 6.898675 -37.127554
vn 51.417257 19.086602 -18.581805
vn 51.417257 19.086602 -18.581805
vn 51.417257 19.086602 -18.581805
vn -29.936139 -0.999418 -49.559511
vn -29.936139 -0.999418 -49.559511
vn -29.936139 -0.999418 -49.559511
vn 12.631263 -37.735256 -42.069200
vn 12.631263 -37.735256 -42.069200
vn 12.631263 -37.735256 -42.069200
vn 5.342828 -55.316507 16.274331
vn 5.342828 -55.316507 16.274331
vn 5.342828 -55.316507 16.274331
vn -20.223844 -33.495857 42.688869
vn -20.223844 -33.495857 42.688869
vn -20.223844 -33.495857 42.688869
vn -42.936302 31.423794 22.854658
vn -42.936302 31.423794 22.854658
vn -42.936302 31.423794 22.854658
vn 22.934911 -50.383796 16.993489
vn 22.934911 -50.383796 16.993489
vn 22.934911 -50.383796 16.993489
vn 41.946989 -3.001429 -39.809012
vn 41.946989 -3.001429 -39.809012
vn 41.946989 -3.001429 -39.809012
vn -19.938483 11.177573 -53.205593
vn -19.938483 11.177573 -53.205593
vn -19.938483 11.177573 -53.205593
vn 44.114881 34.231937 15.341699
vn 44.114881 34.231937 15.341699
vn 44.114881 34.231937 15.341699
vn -9.145210 51.878033 24.048916
vn -9.145210 51.878033 24.048916
vn -9.145210 51.878033 24.048916
vn -22.808077 14.463520 -51.224163
vn -22.808077 14.463520 -51.224163
vn -22.808077 14.463520 -51.224163
vn -47.032290 21.697993 25.893579
vn -47.032290 21.697993 25.893579
vn -47.032290 21.697993 25.893579
vn 9.393756 -12.029310 -55.860269
vn 9.393756 -12.029310 -55.860269
vn 9.393756 -12.029310 -55.860269
vn 40.482439 16.551652 -37.954334
vn 40.482439 16.551652 -37.954334
vn 40.482439 16.551652 -37.954334
vn -52.917799 -15.479031 -17.703744
vn -52.917799 -15.479031 -17.703744
vn -52.917799 -15.479031 -17.703744
vn -47.478028 -26.018025 20.547896
vn -47.478028 -26.018025 20.547896
vn -47.478028 -26.018025 20.547896
vn -44.022690 -37.336112 4.618810
vn -44.022690 -37.336112 4.618810
vn -44.022690 -37.336112 4.618810
vn -33.469121 42.242800 21.182056
vn -33.469121 42.242800 21.182056
vn -33.469121 42.242800 21.182056
vn -45.583561 -29.260208 20.476699
vn -45.583561 -29.260208 20.476699
vn -45.583561 -29.260208 20.476699
vn 44.145336 37.410376 2.229148
vn 44.145336 37.410376 2.229148
vn 44.145336 37.410376 2.229148
vn 16.020756 -29.238163 -47.347454
vn 16.020756 -29.238163 -47.347454
vn 16.020756 -29.238163 -47.347454
vn 23.397107 52.970330 -0.186675
vn 23.397107 52.970330 -0.186675
vn 23.397107 52.970330 -0.186675
vn -15.629850 -25.523896 -49.573729
vn -15.629850 -25.523896 -49.573729
vn -15.629850 -25.523896 -49.573729
vn 3.144921 29.848454 -49.522672
vn 3.144921 29.848454 -49.522672
vn 3.144921 29.848454 -49.522672
vn -22.800406 52.196832 -10.437792
vn -22.800406 52.196832 -10.437792
vn -22.800406 52.196832 -10.437792
vn 26.613485 -42.463955 29.014660
vn 26.613485 -42.463955 29.014660
vn 26.613485 -42.463955 29.014660
vn 38.994160 11.868898 41.132732
vn 38.994160 11.868898 41.132732
vn 38.994160 11.868898 41.132732
vn 25.097679 -30.154546 -42.592562
vn 25.097679 -30.154546 -42.592562
vn 25.097679 -30.154546 -42.592562
vn -38.754060 19.384231 38.414724
vn -38.754060 19.384231 38.414724
vn -38.754060 19.384231 38.414724
vn -36.994944 18.857110 -40.362107
vn -36.994944 18.857110 -40.362107
vn -36.994944 18.857110 -40.362107
vn 3.490243 54.549626 -19.117320
vn 3.490243 54.549626 -19.117320
vn 3.490243 54.549626 -19.117320
vn 20.199641 37.316981 -39.404735
vn 20.199641 37.316981 -39.404735
vn 20.199641 37.316981 -39.404735
vn 40.908261 17.886828 36.876708
vn 40.908261 17.886828 36.876708
vn 40.908261 17.886828 36.876708
vn 50.803311 -3.468578 -27.573701
vn 50.803311 -3.468578 -27.573701
vn 50.803311 -3.468578 -27.573701
vn 34.013163 -42.144627 -20.500030
vn 34.013163 -42.144627 -20.500030
vn 34.013163 -42.144627 -20.500030
vn 55.404161 5.819356 -15.806020
vn 55.404161 5.819356 -15.806020
vn 55.404161 5.819356 -15.806020
vn 33.379303 -46.341191 9.572455
vn 33.379303 -46.341191 9.572455
vn 33.379303 -46.341191 9.572455
vn 23.826526 -8.672843 -52.061450
vn 23.826526 -8.672843 -52.061450
vn 23.826526 -8.672843 -52.061450
vn 54.214662 -19.935404 -4.082437
vn 54.214662 -19.935404 -4.082437
vn 54.214662 -19.935404 -4.082437
vn -55.455277 -12.263025 -11.298112
vn -55.455277 -12.263025 -11.298112
vn -55.455277 -12.263025 -11.298112
vn 44.532939 27.423792 -24.860996
vn 44.532939 27.423792 -24.860996
vn 44.532939 27.423792 -24.860996
vn 12.933136 -56.440608 0.712018
vn 12.933136 -56.440608 0.712018
vn 12.933136 -56.440608 0.712018
vn 2.760339 52.278532 -24.751783
vn 2.760339 52.278532 -24.751783
vn 2.760339 52.278532 -24.751783
vn 46.358384 -25.232597 -23.822947
vn 46.358384 -25.232597 -23.822947
vn 46.358384 -25.232597 -23.822947
vn -35.975767 -30.911242 -33.219808
vn -35.975767 -30.911242 -33.219808
vn -35.975767 -30.911242 -33.219808
vn -5.257859 50.364479 28.090740
vn -5.257859 50.364479 28.090740
vn -5.257859 50.364479 28.090740
vn 29.105292 34.725936 36.059773
vn 29.105292 34.725936 36.059773
vn 29.105292 34.725936 36.059773
vn -37.488811 35.425938 -26.323144
vn -37.488811 35.425938 -26.323144
vn -37.488811 35.425938 -26.323144
vn 1.293422 -57.882238 1.135127
vn 1.293422 -57.882238 1.135127
vn 1.293422 -57.882238 1.135127
vn -57.255048 0.187571 -8.668381
vn -57.255048 0.187571 -8.668381
vn -57.255048 0.187571 -8.668381
vn 37.476420 6.895440 -43.603755
vn 37.476420 6.895440 -43.603755
vn 37.476420 6.895440 -43.603755
vn 49.827888 -25.917441 14.099095
vn 49.827888 -25.917441 14.099095
vn 49.827888 -25.917441 14.099095
vn -10.557964 -45.590857 34.107460
vn -10.557964 -45.590857 34.107460
vn -10.557964 -45.590857 34.107460
vn 6.998602 -44.067170 36.910977
vn 6.998602 -44.067170 36.910977
vn 6.998602 -44.067170 36.910977
vn -31.683973 23.839892 -42.203103
vn -31.683973 23.839892 -42.203103
vn -31.683973 23.839892 -42.203103
vn 34.688222 -2.600342 46.295594
vn 34.688222 -2.600342 46.295594
vn 34.688222 -2.600342 46.295594
vn -5.082798 42.631429 -38.859258
vn -5.082798 42.631429 -38.859258
vn -5.082798 42.631429 -38.859258
vn 25.147151 -51.519166 -8.167723
vn 25.147151 -51.519166 -8.167723
vn 25.147151 -51.519166 -8.167723
vn -18.796777 -54.664856 3.427891
vn -18.796777 -54.664856 3.427891
vn -18.796777 -54.664856 3.427891
vn 41.904096 -29.794760 26.638984
vn 41.904096 -29.794760 26.638984
vn 41.904096 -29.794760 26.638984
vn 22.347923 -53.286673 3.796845
vn 22.347923 -53.286673 3.796845
vn 22.347923 -53.286673 3.796845
vn 23.609890 -51.982976 9.677725
vn 23.609890 -51.982976 9.677725
vn 23.609890 -51.982976 9.677725
vn 31.568594 23.812956 -42.304651
vn 31.568594 23.812956 -42.304651
vn 31.568594 23.812956 -42.304651
vn -55.574840 13.774002 -8.662026
vn -55.574840 13.774002 -8.662026
vn -55.574840 13.774002 -8.662026
vn 21.457493 -1.146656 -53.773390
vn 21.457493 -1.146656 -53.773390
vn 21.457493 -1.146656 -53.773390
vn 53.394736 18.041144 -13.297960
vn 53.394736 18.041144 -13.297960
vn 53.394736 18.041144 -13.297960
vn -14.888538 -12.388728 -54.572591
vn -14.888538 -12.388728 -54.572591
vn -14.888538 -12.388728 -54.572591
vn 2.635114 56.295898 -13.309522
vn 2.635114 56.295898 -13.309522
vn 2.635114 56.295898 -13.309522
vn -48.737208 -30.247070 -7.944524
vn -48.737208 -30.247070 -7.944524
vn -48.737208 -30.247070 -7.944524
vn -5.715710 52.986750 -22.650615
vn -5.715710 52.986750 -22.650615
vn -5.715710 52.986750 -22.650615
vn -8.264099 53.925300 19.418602
vn -8.264099 53.925300 19.418602
vn -8.264099 53.925300 19.418602
vn 44.235261 19.378856 31.953377
vn 44.235261 19.378856 31.953377
vn 44.235261 19.378856 31.953377
vn 25.526233 -1.725902 51.949487
vn 25.526233 -1.725902 51.949487
vn 25.526233 -1.725902 51.949487
vn -48.750703 14.082910 -27.899043
vn -48.750703 14.082910 -27.899043
vn -48.750703 14.082910 -27.899043
vn 4.217963 45.757037 -35.239437
vn 4.217963 45.757037 -35.239437
vn 4.217963 45.757037 -35.239437
vn -55.002309 13.391719 12.195273
vn -55.002309 13.391719 12.195273
vn -55.002309 13.391719 12.195273
vn -53.371295 10.744349 -19.732725
vn -53.371295 10.744349 -19.732725
vn -53.371295 10.744349 -19.732725
vn -7.930314 -48.464422 -30.685914
vn -7.930314 -48.464422 -30.685914
vn -7.930314 -48.464422 -30.685914
vn -43.141921 -0.825099 -38.618786
vn -43.141921 -0.825099 -38.618786
vn -43.141921 -0.825099 -38.618786
vn -32.728638 34.341164 -33.208989
vn -32.728638 34.341164 -33.208989
vn -32.728638 34.341164 -33.208989
vn -56.235734 -13.574174 -2.569168
vn -56.235734 -13.574174 -2.569168
vn -56.235734 -13.574174 -2.569168
vn 26.508169 -40.793324 31.409194
vn 26.508169 -40.793324 31.409194
vn 26.508169 -40.793324 31.409194
vn -43.740482 -35.380909 13.721414
vn -43.740482 -35.380909 13.721414
vn -43.740482 -35.380909 13.721414
vn -40.394986 -36.159412 20.348409
vn -40.394986 -36.159412 20.348409
vn -40.394986 -36.159412 20.348409
vn 49.508910 3.439329 29.838826
vn 49.508910 3.439329 29.838826
vn 49.508910 3.439329 29.838826
vn 17.436121 -50.575535 22.167826
vn 17.436121 -50.575535 22.167826
vn 17.436121 -50.575535 22.167826
vn -30.836340 40.983037 26.885438
vn -30.836340 40.983037 26.885438
vn -30.836340 40.983037 26.885438
vn 11.506993 48.210945 29.943427
vn 11.506993 48.210945 29.943427
vn 11.506993 48.210945 29.943427
vn -29.389587 -34.458118 -36.086090
vn -29.389587 -34.458118 -36.086090
vn -29.389587 -34.458118 -36.086090
vn 37.039251 -43.411677 9.840526
vn 37.039251 -43.411677 9.840526
vn 37.039251 -43.411677 9.840526
vn 57.768726 3.702420 -1.543569
vn 57.768726 3.702420 -1.543569
vn 57.768726 3.702420 -1.543569
vn 6.304245 54.633950 18.130179
vn 6.304245 54.633950 18.130179
vn 6.304245 54.633950 18.130179
vn 42.874845 16.712043 -35.153542
vn 42.874845 16.712043 -35.153542
vn 42.874845 16.712043 -35.153542
vn 45.933155 32.896759 -12.699013
vn 45.933155 32.896759 -12.699013
vn 45.933155 32.896759 -12.699013
vn 24.922142 33.384726 -40.220181
vn 24.922142 33.384726 -40.220181
vn 24.922142 33.384726 -40.220181
vn 14.216519 -40.125044 -39.257958
vn 14.216519 -40.125044 -39.257958
vn 14.216519 -40.125044 -39.257958
vn -31.976182 -6.587217 47.827282
vn -31.976182 -6.587217 47.827282
vn -31.976182 -6.587217 47.827282
vn -57.298713 -2.964573 -7.834903
vn -57.298713 -2.964573 -7.834903
vn -57.298713 -2.964573 -7.834903
vn -8.575210 43.055724 -37.762233
vn -8.575210 43.055724 -37.762233
vn -8.575210 43.055724 -37.762233
vn -45.694158 -7.776420 34.711493
vn -45.694158 -7.776420 34.711493
vn -45.694158 -7.776420 34.711493
vn 45.370732 -34.937802 8.611792
vn 45.370732 -34.937802 8.611792
vn 45.370732 -34.937802 8.611792
vn -4.170838 4.223876 -57.602773
vn -4.170838 4.223876 -57.602773
vn -4.170838 4.223876 -57.602773
vn -20.399119 -26.552046 -47.245958
vn -20.399119 -26.552046 -47.245958
vn -20.399119 -26.552046 -47.245958
vn -14.006901 52.941634 -18.822996
vn -14.006901 52.941634 -18.822996
vn -14.006901 52.941634 -18.822996
vn -52.794325 -21.950562 -9.178675
vn -52.794325 -21.950562 -9.178675
vn -52.794325 -21.950562 -9.178675
vn -51.261260 2.474193 26.823084
vn -51.261260 2.474193 26.823084
vn -51.261260 2.474193 26.823084
vn 39.161613 3.369514 -42.524474
vn 39.161613 3.369514 -42.524474
vn 39.161613 3.369514 -42.524474
vn -32.453731 1.754072 47.926981
vn -32.453731 1.754072 47.926981
vn -32.453731 1.754072 47.926981
vn -4.008716 -6.286105 -57.425881
vn -4.008716 -6.286105 -57.425881
vn -4.008716 -6.286105 -57.425881
vn -26.258197 7.914204 51.001852
vn -26.258197 7.914204 51.001852
vn -26.258197 7.914204 51.001852
vn -57.288103 -6.900773 4.875342
vn -57.288103 -6.900773 4.875342
vn -57.288103 -6.900773 4.875342
vn -11.202633 28.523028 -49.135058
vn -11.202633 28.523028 -49.135058
vn -11.202633 28.523028 -49.135058
vn -12.796771 -20.613939 -52.579698
vn -12.796771 -20.613939 -52.579698
vn -12.796771 -20.613939 -52.579698
vn 8.025619 6.957794 56.925345
vn 8.025619 6.957794 56.925345
vn 8.025619 6.957794 56.925345
vn -55.367353 12.886950 -11.031745
vn -55.367353 12.886950 -11.031745
vn -55.367353 12.886950 -11.031745
vn -7.054282 16.458030 -55.069838
vn -7.054282 16.458030 -55.069838
vn -7.054282 16.458030 -55.069838
vn 13.995299 3.170109 -56.101681
vn 13.995299 3.170109 -56.101681
vn 13.995299 3.170109 -56.101681
vn -52.784686 -16.307023 -17.354383
vn -52.784686 -16.307023 -17.354383
vn -52.784686 -16.307023 -17.354383
vn -15.250948 3.173731 -55.773227
vn -15.250948 3.173731 -55.773227
vn -15.250948 3.173731 -55.773227
vn 10.262493 -56.723437 -5.518011
vn 10.262493 -56.723437 -5.518011
vn 10.262493 -56.723437 -5.518011
vn -43.026123 37.755142 8.753150
vn -43.026123 37.755142 8.753150
vn -43.026123 37.755142 8.753150
vn 31.659641 -37.100115 -31.218011
vn 31.659641 -37.100115 -31.218011
vn 31.659641 -37.100115 -31.218011
vn 6.150469 0.659674 57.576502
vn 6.150469 0.659674 57.576502
vn 6.150469 0.659674 57.576502
vn 4.908114 -54.924629 17.677977
vn 4.908114 -54.924629 17.677977
vn 4.908114 -54.924629 17.677977
vn 24.758757 50.296808 14.510348
vn 24.758757 50.296808 14.510348
vn 24.758757 50.296808 14.510348
vn 41.177823 0.316049 -40.713679
vn 41.177823 0.316049 -40.713679
vn 41.177823 0.316049 -40.713679
vn 35.315017 30.062644 -34.675686
vn 35.315017 30.062644 -34.675686
vn 35.315017 30.062644 -34.675686
vn 56.220588 -6.219454 12.404840
vn 56.220588 -6.219454 12.404840
vn 56.220588 -6.219454 12.404840
vn -32.472823 43.628250 -19.884847
vn -32.472823 43.628250 -19.884847
vn -32.472823 43.628250 -19.884847
vn -10.120038 7.051134 -56.578995
vn -10.120038 7.051134 -56.578995
vn -10.120038 7.051134 -56.578995
vn 32.491164 -21.656132 -42.762746
vn 32.491164 -21.656132 -42.762746
vn 32.491164 -21.656132 -42.762746
vn 3.066784 -12.858865 56.378727
vn 3.066784 -12.858865 56.378727
vn 3.066784 -12.858865 56.378727
vn 28.373562 -47.562357 -16.913867
vn 28.373562 -47.562357 -16.913867
vn 28.373562 -47.562357 -16.913867
vn -31.462463 1.115627 48.602314
vn -31.462463 1.115627 48.602314
vn -31.462463 1.115627 48.602314
vn -35.547264 34.642611 -29.826119
vn -35.547264 34.642611 -29.826119
vn -35.547264 34.642611 -29.826119
vn 50.483247 12.233950 -25.594700
vn 50.483247 12.233950 -25.594700
vn 50.483247 12.233950 -25.594700
vn -33.716436 46.767480 5.414809
vn -33.716436 46.767480 5.414809
vn -33.716436 46.767480 5.414809
vn 10.685838 51.966941 -23.207021
vn 10.685838 51.966941 -23.207021
vn 10.685838 51.966941 -23.207021
vn -16.112339 -17.408356 52.826681
vn -16.112339 -17.408356 52.826681
vn -16.112339 -17.408356 52.826681
vn 51.835893 -12.300325 22.694896
vn 51.835893 -12.300325 22.694896
vn 51.835893 -12.300325 22.694896
vn -18.536757 -49.092419 -24.487528
vn -18.536757 -49.092419 -24.487528
vn -18.536757 -49.092419 -24.487528
vn -46.959444 22.545276 -25.295017
vn -46.959444 22.545276 -25.295017
vn -46.959444 22.545276 -25.295017
vn 16.680550 -45.644485 -31.490568
vn 16.680550 -45.644485 -31.490568
vn 16.680550 -45.644485 -31.490568
vn -1.729497 -53.386495 -22.365295
vn -1.729497 -53.386495 -22.365295
vn -1.729497 -53.386495 -22.365295
vn -44.270893 -10.050759 35.949783
vn -44.270893 -10.050759 35.949783
vn -44.270893 -10.050759 35.949783
vn 43.080533 -30.629834 23.647355
vn 43.080533 -30.629834 23.647355
vn 43.080533 -30.629834 23.647355
vn 30.468483 41.400107 -26.664926
vn 30.468483 41.400107 -26.664926
vn 30.468483 41.400107 -26.664926
vn -32.586408 -19.192839 43.852904
vn -32.586408 -19.192839 43.852904
vn -32.586408 -19.192839 43.852904
vn 27.351095 9.442354 -50.160497
vn 27.351095 9.442354 -50.160497
vn 27.351095 9.442354 -50.160497
vn -21.657896 35.124655 -40.626473
vn -21.657896 35.124655 -40.626473
vn -21.657896 35.124655 -40.626473
vn 16.588807 27.506013 -48.182428
vn 16.588807 27.506013 -48.182428
vn 16.588807 27.506013 -48.182428
vn -46.645072 34.311123 -0.547608
vn -46.645072 34.311123 -0.547608
vn -46.645072 34.311123 -0.547608
vn -49.182908 7.533619 -29.624368
vn -49.182908 7.533619 -29.624368
vn -49.182908 7.533619 -29.624368
vn 4.724940 -57.443101 5.592884
vn 4.724940 -57.443101 5.592884
vn 4.724940 -57.443101 5.592884
vn -57.246688 8.706367 -0.576456
vn -57.246688 8.706367 -0.576456
vn -57.246688 8.706367 -0.576456
vn -41.578923 29.618406 27.336046
vn -41.578923 29.618406 27.336046
vn -41.578923 29.618406 27.336046
vn 49.519934 -15.045818 -25.975298
vn 49.519934 -15.045818 -25.975298
vn 49.519934 -15.045818 -25.975298
vn -12.084844 -40.480494 39.605581
vn -12.084844 -40.480494 39.605581
vn -12.084844 -40.480494 39.605581
vn -29.987600 45.650883 -19.236861
vn -29.987600 45.650883 -19.236861
vn -29.987600 45.650883 -19.236861
vn 9.363108 51.295761 -25.187147
vn 9.363108 51.295761 -25.187147
vn 9.363108 51.295761 -25.187147
vn -50.070155 2.123385 -29.013572
vn -50.070155 2.123385 -29.013572
vn -50.070155 2.123385 -29.013572
vn 9.983273 21.795786 52.712378
vn 9.983273 21.795786 52.712378
vn 9.983273 21.795786 52.712378
vn 53.832608 -21.056797 3.460961
vn 53.832608 -21.056797 3.460961
vn 53.832608 -21.056797 3.460961
vn -31.246019 0.359939 48.753193
vn -31.246019 0.359939 48.753193
vn -31.246019 0.359939 48.753193
vn 1.815588 -24.244408 52.556910
vn 1.815588 -24.244408 52.556910
vn 1.815588 -24.244408 52.556910
vn -55.813997 0.375321 15.426398
vn -55.813997 0.375321 15.426398
vn -55.813997 0.375321 15.426398
vn -9.677979 -42.278961 -38.368500
vn -9.677979 -42.278961 -38.368500
vn -9.677979 -42.278961 -38.368500
vn -51.530904 -26.201378 -3.371903
vn -51.530904 -26.201378 -3.371903
vn -51.530904 -26.201378 -3.371903
vn 42.497649 -6.274390 38.831666
vn 42.497649 -6.274390 38.831666
vn 42.497649 -6.274390 38.831666
vn 34.638760 -46.263188 -3.631769
vn 34.638760 -46.263188 -3.631769
vn 34.638760 -46.263188 -3.631769
vn 5.821447 -48.435528 31.199770
vn 5.821447 -48.435528 31.199770
vn 5.821447 -48.435528 31.199770
vn 48.373252 -31.389800 -5.293866
vn 48.373252 -31.389800 -5.293866
vn 48.373252 -31.389800 -5.293866
vn 57.033537 -5.158466 8.595480
vn 57.033537 -5.158466 8.595480
vn 57.033537 -5.158466 8.595480
vn -31.952205 29.946902 -37.888726
vn -31.952205 29.946902 -37.888726
vn -31.952205 29.946902 -37.888726
vn 21.135805 39.971880 -36.177922
vn 21.135805 39.971880 -36.177922
vn 21.135805 39.971880 -36.177922
vn 56.219864 -13.877242 -0.255462
vn 56.219864 -13.877242 -0.255462
vn 56.219864 -13.877242 -0.255462
vn 57.564647 -6.146684 -1.358805
vn 57.564647 -6.146684 -1.358805
vn 57.564647 -6.146684 -1.358805
vn -50.721359 -20.476387 -19.009938
vn -50.721359 -20.476387 -19.009938
vn -50.721359 -20.476387 -19.009938
vn 45.121560 31.957372 -17.207193
vn 45.121560 31.957372 -17.207193
vn 45.121560 31.957372 -17.207193
vn 10.806627 -37.179567 -43.060569
vn 10.806627 -37.179567 -43.060569
vn 10.806627 -37.179567 -43.060569
vn 55.908694 -14.998479 -1.606236
vn 55.908694 -14.998479 -1.606236
vn 55.908694 -14.998479 -1.606236
vn -34.211955 20.007522 -42.220345
vn -34.211955 20.007522 -42.220345
vn -34.211955 20.007522 -42.220345
vn -4.913503 51.414324 26.186652
vn -4.913503 51.414324 26.186652
vn -4.913503 51.414324 26.186652
vn -2.626243 56.953667 10.133997
vn -2.626243 56.953667 10.133997
vn -2.626243 56.953667 10.133997
vn -38.913332 33.930671 -26.225522
vn -38.913332 33.930671 -26.225522
vn -38.913332 33.930671 -26.225522
vn -25.721384 6.874875 -51.424345
vn -25.721384 6.874875 -51.424345
vn -25.721384 6.874875 -51.424345
vn -25.094397 36.571710 -37.230322
vn -25.094397 36.571710 -37.230322
vn -25.094397 36.571710 -37.230322
vn -21.626527 -51.773147 -14.323050
vn -21.626527 -51.773147 -14.323050
vn -21.626527 -51.773147 -14.323050
vn 51.058658 12.830376 -24.118678
vn 51.058658 12.830376 -24.118678
vn 51.058658 12.830376 -24.118678
vn -16.705574 -54.897800 7.776308
vn -16.705574 -54.897800 7.776308
vn -16.705574 -54.897800 7.776308
vn 13.803954 40.235191 39.292442
vn 13.803954 40.235191 39.292442
vn 13.803954 40.235191 39.292442
vn -56.843226 10.336479 3.914308
vn -56.843226 10.336479 3.914308
vn -56.843226 10.336479 3.914308
vn -32.059290 -46.767554 11.760668
vn -32.059290 -46.767554 11.760668
vn -32.059290 -46.767554 11.760668
vn 14.563885 54.817523 -11.672511
vn 14.563885 54.817523 -11.672511
vn 14.563885 54.817523 -11.672511
vn 52.831881 -10.230833 21.387819
vn 52.831881 -10.230833 21.387819
vn 52.831881 -10.230833 21.387819
vn -49.187542 -28.109460 -11.989977
vn -49.187542 -28.109460 -11.989977
vn -49.187542 -28.109460 -11.989977
vn -44.121248 10.193386 36.093308
vn -44.121248 10.193386 36.093308
vn -44.121248 10.193386 36.093308
vn 36.127208 24.934671 -37.767752
vn 36.127208 24.934671 -37.767752
vn 36.127208 24.934671 -37.767752
vn -24.777061 50.775046 -12.700699
vn -24.777061 50.775046 -12.700699
vn -24.777061 50.775046 -12.700699
vn -6.919255 5.739608 -57.205743
vn -6.919255 5.739608 -57.205743
vn -6.919255 5.739608 -57.205743
vn -38.253591 -34.551110 26.385593
vn -38.253591 -34.551110 26.385593
vn -38.253591 -34.551110 26.385593
vn -42.413882 -9.023940 -38.378995
vn -42.413882 -9.023940 -38.378995
vn -42.413882 -9.023940 -38.378995
vn 34.761572 39.808870 23.668605
vn 34.761572 39.808870 23.668605
vn 34.761572 39.808870 23.668605
vn 54.788977 5.966961 17.773002
vn 54.788977 5.966961 17.773002
vn 54.788977 5.966961 17.773002
vn -9.502471 57.120130 0.556320
vn -9.502471 57.120130 0.556320
vn -9.502471 57.120130 0.556320
vn 12.556967 -53.077467 19.453028
vn 12.556967 -53.077467 19.453028
vn 12.556967 -53.077467 19.453028
vn 23.639741 -52.262373 -7.944969
vn 23.639741 -52.262373 -7.944969
vn 23.639741 -52.262373 -7.944969
vn 28.081368 -7.897659 -50.023801
vn 28.081368 -7.897659 -50.023801
vn 28.081368 -7.897659 -50.023801
vn -11.508465 -45.347818 34.123982
vn -11.508465 -45.347818 34.123982
vn -11.508465 -45.347818 34.123982
vn -25.470676 -51.902564 3.268604
vn -25.470676 -51.902564 3.268604
vn -25.470676 -51.902564 3.268604
vn -28.981446 29.641069 40.432650
vn -28.981446 29.641069 40.432650
vn -28.981446 29.641069 40.432650
vn 42.772630 -27.994622 27.205137
vn 42.772630 -27.994622 27.205137
vn 42.772630 -27.994622 27.205137
vn -22.530773 2.268129 -53.296682
vn -22.530773 2.268129 -53.296682
vn -22.530773 2.268129 -53.296682
vn -45.513791 -16.238278 31.908145
vn -45.513791 -16.238278 31.908145
vn -45.513791 -16.238278 31.908145
vn -7.687970 -3.667012 -57.277963
vn -7.687970 -3.667012 -57.277963
vn -7.687970 -3.667012 -57.277963
vn -53.399478 -8.218006 20.839308
vn -53.399478 -8.218006 20.839308
vn -53.399478 -8.218006 20.839308
vn -38.283767 39.960805 17.052958
vn -38.283767 39.960805 17.052958
vn -38.283767 39.960805 17.052958
vn -41.269611 19.755369 -35.494520
vn -41.269611 19.755369 -35.494520
vn -41.269611 19.755369 -35.494520
vn 43.691439 -21.399039 31.407900
vn 43.691439 -21.399039 31.407900
vn 43.691439 -21.399039 31.407900
vn 28.824961 34.518244 36.481892
vn 28.824961 34.518244 36.481892
vn 28.824961 34.518244 36.481892
vn -22.365440 2.009691 53.376628
vn -22.365440 2.009691 53.376628
vn -22.365440 2.009691 53.376628
vn -56.492216 5.950275 11.249017
vn -56.492216 5.950275 11.249017
vn -56.492216 5.950275 11.249017
vn -51.527028 12.536397 -23.261992
vn -51.527028 12.536397 -23.261992
vn -51.527028 12.536397 -23.261992
vn 43.146454 14.185201 -35.923247
vn 43.146454 14.185201 -35.923247
vn 43.146454 14.185201 -35.923247
vn -24.623769 51.495920 9.754795
vn -24.623769 51.495920 9.754795
vn -24.623769 51.495920 9.754795
vn -28.250167 -21.778758 -45.617212
vn -28.250167 -21.778758 -45.617212
vn -28.250167 -21.778758 -45.617212
vn -4.580152 53.686056 -21.216625
vn -4.580152 53.686056 -21.216625
vn -4.580152 53.686056 -21.216625
vn 39.628839 5.162115 41.907325
vn 39.628839 5.162115 41.907325
vn 39.628839 5.162115 41.907325
vn 53.686335 -10.739096 18.861755
vn 53.686335 -10.739096 18.861755
vn 53.686335 -10.739096 18.861755
vn 50.844124 21.899109 -16.988821
vn 50.844124 21.899109 -16.988821
vn 50.844124 21.899109 -16.988821
vn -47.328999 33.118035 4.059265
vn -47.328999 33.118035 4.059265
vn -47.328999 33.118035 4.059265
vn -42.666183 11.956768 37.282020
vn -42.666183 11.956768 37.282020
vn -42.666183 11.956768 37.282020
vn -9.433772 9.532896 -56.333335
vn -9.433772 9.532896 -56.333335
vn -9.433772 9.532896 -56.333335
vn -54.217303 17.697305 10.030253
vn -54.217303 17.697305 10.030253
vn -54.217303 17.697305 10.030253
vn 41.402833 5.795006 -40.069194
vn 41.402833 5.795006 -40.069194
vn 41.402833 5.795006 -40.069194
vn 12.676130 53.111165 -19.283029
vn 12.676130 53.111165 -19.283029
vn 12.676130 53.111165 -19.283029
vn 30.266276 35.935512 -33.851251
vn 30.266276 35.935512 -33.851251
vn 30.266276 35.935512 -33.851251
vn -7.411815 -18.133977 -54.493489
vn -7.411815 -18.133977 -54.493489
vn -7.411815 -18.133977 -54.493489
vn -47.948948 -9.600584 31.016825
vn -47.948948 -9.600584 31.016825
vn -47.948948 -9.600584 31.016825
vn 44.839291 13.452440 34.084992
vn 44.839291 13.452440 34.084992
vn 44.839291 13.452440 34.084992
vn 9.228936 57.159564 0.962554
vn 9.228936 57.159564 0.962554
vn 9.228936 57.159564 0.962554
vn 19.322390 -10.253335 53.617446
vn 19.322390 -10.253335 53.617446
vn 19.322390 -10.253335 53.617446
vn 8.795557 56.518683 9.032826
vn 8.795557 56.518683 9.032826
vn 8.795557 56.518683 9.032826
vn 7.889477 -14.714003 55.448813
vn 7.889477 -14.714003 55.448813
vn 7.889477 -14.714003 55.448813
vn -7.090208 -53.699253 -20.480094
vn -7.090208 -53.699253 -20.480094
vn -7.090208 -53.699253 -20.480094
vn -55.236846 2.863955 -17.146568
vn -55.236846 2.863955 -17.146568
vn -55.236846 2.863955 -17.146568
vn 32.733713 -37.792757 -29.215193
vn 32.733713 -37.792757 -29.215193
vn 32.733713 -37.792757 -29.215193
vn -42.407922 -15.800957 36.127747
vn -42.407922 -15.800957 36.127747
vn -42.407922 -15.800957 36.127747
vn -44.107992 -36.340978 9.334561
vn -44.107992 -36.340978 9.334561
vn -44.107992 -36.340978 9.334561
vn -0.694679 57.622611 -5.698043
vn -0.694679 57.622611 -5.698043
vn -0.694679 57.622611 -5.698043
vn -7.775221 -39.090152 -42.009783
vn -7.775221 -39.090152 -42.009783
vn -7.775221 -39.090152 -42.009783
vn 52.507497 15.408995 -18.943138
vn 52.507497 15.408995 -18.943138
vn 52.507497 15.408995 -18.943138
vn 47.735584 25.852884 -20.155870
vn 47.735584 25.852884 -20.155870
vn 47.735584 25.852884 -20.155870
vn -18.190994 21.862315 50.442478
vn -18.190994 21.862315 50.442478
vn -18.190994 21.862315 50.442478
vn -15.875196 -22.750317 -50.830287
vn -15.875196 -22.750317 -50.830287
vn -15.875196 -22.750317 -50.830287
vn 51.191130 -15.943656 -21.876579
vn 51.191130 -15.943656 -21.876579
vn 51.191130 -15.943656 -21.876579
vn -36.431311 12.545849 43.228204
vn -36.431311 12.545849 43.228204
vn -36.431311 12.545849 43.228204
vn 51.644345 4.381590 -25.825960
vn 51.644345 4.381590 -25.825960
vn 51.644345 4.381590 -25.825960
vn -46.682815 -33.106404 8.831586
vn -46.682815 -33.106404 8.831586
vn -46.682815 -33.106404 8.831586
vn 11.449190 52.455671 21.694093
vn 11.449190 52.455671 21.694093
vn 11.449190 52.455671 21.694093
vn 29.488222 -5.232940 -49.561858
vn 29.488222 -5.232940 -49.561858
vn 29.488222 -5.232940 -49.561858
vn 57.716070 -4.486265 1.430030
vn 57.716070 -4.486265 1.430030
vn 57.716070 -4.486265 1.430030
vn -15.400295 -37.208005 41.613832
vn -15.400295 -37.208005 41.613832
vn -15.400295 -37.208005 41.613832
vn 42.726088 26.883900 28.373476
vn 42.726088 26.883900 28.373476
vn 42.726088 26.883900 28.373476
vn -52.748450 14.557252 18.947389
vn -52.748450 14.557252 18.947389
vn -52.748450 14.557252 18.947389
vn 27.944478 -20.828192 -46.245095
vn 27.944478 -20.828192 -46.245095
vn 27.944478 -20.828192 -46.245095
vn -54.133787 -11.797635 16.842363
vn -54.133787 -11.797635 16.842363
vn -54.133787 -11.797635 16.842363
vn -9.954080 4.354390 -56.879450
vn -9.954080 4.354390 -56.879450
vn -9.954080 4.354390 -56.879450
vn 17.637151 33.907129 -43.503486
vn 17.637151 33.907129 -43.503486
vn 17.637151 33.907129 -43.503486
vn -14.319993 -37.465858 -41.767966
vn -14.319993 -37.465858 -41.767966
vn -14.319993 -37.465858 -41.767966
vn -6.335728 5.395161 -57.306784
vn -6.335728 5.395161 -57.306784
vn -6.335728 5.395161 -57.306784
vn 20.499336 -37.709294 -38.872900
vn 20.499336 -37.709294 -38.872900
vn 20.499336 -37.709294 -38.872900
vn 21.122498 -7.282219 -53.424020
vn 21.122498 -7.282219 -53.424020
vn 21.122498 -7.282219 -53.424020
vn -47.417831 12.909444 -30.630243
vn -47.417831 12.909444 -30.630243
vn -47.417831 12.909444 -30.630243
vn -35.097486 -3.999315 45.885601
vn -35.097486 -3.999315 45.885601
vn -35.097486 -3.999315 45.885601
vn -19.476271 38.126044 -38.992255
vn -19.476271 38.126044 -38.992255
vn -19.476271 38.126044 -38.992255
vn -32.148225 -24.290776 -41.590459
vn -32.148225 -24.290776 -41.590459
vn -32.148225 -24.290776 -41.590459
vn 56.434472 12.535884 -3.364302
vn 56.434472 12.535884 -3.364302
vn 56.434472 12.535884 -3.364302
vn 47.210381 31.659580 -11.052915
vn 47.210381 31.659580 -11.052915
vn 47.210381 31.659580 -11.052915
vn 49.088219 23.208124 20.125762
vn 49.088219 23.208124 20.125762
vn 49.088219 23.208124 20.125762
vn -51.902548 18.080721 -18.235399
vn -51.902548 18.080721 -18.235399
vn -51.902548 18.080721 -18.235399
vn 54.450450 -7.301450 -18.307216
vn 54.450450 -7.301450 -18.307216
vn 54.450450 -7.301450 -18.307216
vn 48.197789 -21.378709 23.942437
vn 48.197789 -21.378709 23.942437
vn 48.197789 -21.378709 23.942437
vn -49.404633 2.692302 30.087386
vn -49.404633 2.692302 30.087386
vn -49.404633 2.692302 30.087386
vn 31.771698 -20.360492 -43.924099
vn 31.771698 -20.360492 -43.924099
vn 31.771698 -20.360492 -43.924099
vn 16.785143 -9.019094 54.683012
vn 16.785143 -9.019094 54.683012
vn 16.785143 -9.019094 54.683012
vn 41.625608 -31.807677 24.675839
vn 41.625608 -31.807677 24.675839
vn 41.625608 -31.807677 24.675839
vn -49.744862 -14.809217 25.679799
vn -49.744862 -14.809217 25.679799
vn -49.744862 -14.809217 25.679799
vn 56.895860 3.378405 -10.235420
vn 56.895860 3.378405 -10.235420
vn 56.895860 3.378405 -10.235420
vn -22.161089 53.499508 -0.063290
vn -22.161089 53.499508 -0.063290
vn -22.161089 53.499508 -0.063290
vn 33.075595 18.971290 43.582242
vn 33.075595 18.971290 43.582242
vn 33.075595 18.971290 43.582242
vn -54.593973 -12.177947 14.983712
vn -54.593973 -12.177947 14.983712
vn -54.593973 -12.177947 14.983712
vn -34.218308 40.520238 -23.249377
vn -34.218308 40.520238 -23.249377
vn -34.218308 40.520238 -23.249377
vn 26.882623 50.518634 8.860461
vn 26.882623 50.518634 8.860461
vn 26.882623 50.518634 8.860461
vn 43.704048 34.872903 -15.071582
vn 43.704048 34.872903 -15.071582
vn 43.704048 34.872903 -15.071582
vn 43.050535 -4.828933 38.427194
vn 43.050535 -4.828933 38.427194
vn 43.050535 -4.828933 38.427194
vn -6.512083 -20.072099 -53.926060
vn -6.512083 -20.072099 -53.926060
vn -6.512083 -20.072099 -53.926060
vn -31.485406 -48.010241 7.549922
vn -31.485406 -48.010241 7.549922
vn -31.485406 -48.010241 7.549922
vn -46.475173 14.742318 31.241621
vn -46.475173 14.742318 31.241621
vn -46.475173 14.742318 31.241621
vn 36.464815 -44.980683 0.608897
vn 36.464815 -44.980683 0.608897
vn 36.464815 -44.980683 0.608897
vn 41.802697 -31.718193 -24.490948
vn 41.802697 -31.718193 -24.490948
vn 41.802697 -31.718193 -24.490948
vn -52.074767 0.095365 -25.328358
vn -52.074767 0.095365 -25.328358
vn -52.074767 0.095365 -25.328358
vn -35.396640 -36.347095 27.915629
vn -35.396640 -36.347095 27.915629
vn -35.396640 -36.347095 27.915629
vn -2.416826 26.197521 -51.586474
vn -2.416826 26.197521 -51.586474
vn -2.416826 26.197521 -51.586474
vn -17.910802 -20.638859 51.054449
vn -17.910802 -20.638859 51.054449
vn -17.910802 -20.638859 51.054449
vn -35.046555 26.652397 37.612567
vn -35.046555 26.652397 37.612567
vn -35.046555 26.652397 37.612567
vn 15.014113 11.832198 -54.661612
vn 15.014113 11.832198 -54.661612
vn 15.014113 11.832198 -54.661612
vn -15.491001 23.582836 -50.568715
vn -15.491001 23.582836 -50.568715
vn -15.491001 23.582836 -50.568715
vn 31.327846 36.337476 -32.426375
vn 31.327846 36.337476 -32.426375
vn 31.327846 36.337476 -32.426375
vn -56.870400 -7.942749 -7.482409
vn -56.870400 -7.942749 -7.482409
vn -56.870400 -7.942749 -7.482409
vn -54.852881 17.687130 5.625284
vn -54.852881 17.687130 5.625284
vn -54.852881 17.687130 5.625284
vn 49.427374 29.913707 3.926979
vn 49.427374 29.913707 3.926979
vn 49.427374 29.913707 3.926979
vn 19.221868 54.618536 -0.806423
vn 19.221868 54.618536 -0.806423
vn 19.221868 54.618536 -0.806423
vn -44.872131 16.335569 -32.756029
vn -44.872131 16.335569 -32.756029
vn -44.872131 16.335569 -32.756029
vn 5.074432 -56.288336 12.616980
vn 5.074432 -56.288336 12.616980
vn 5.074432 -56.288336 12.616980
vn -9.527982 1.551535 -57.097519
vn -9.527982 1.551535 -57.097519
vn -9.527982 1.551535 -57.097519
vn 34.967118 23.368402 -39.806213
vn 34.967118 23.368402 -39.806213
vn 34.967118 23.368402 -39.806213
vn 45.326050 11.513916 -34.151065
vn 45.326050 11.513916 -34.151065
vn 45.326050 11.513916 -34.151065
vn -33.331178 10.236986 46.233685
vn -33.331178 10.236986 46.233685
vn -33.331178 10.236986 46.233685
vn -47.157722 18.406709 -28.118654
vn -47.157722 18.406709 -28.118654
vn -47.157722 18.406709 -28.118654
vn 53.951777 0.367026 21.033004
vn 53.951777 0.367026 21.033004
vn 53.951777 0.367026 21.033004
vn -53.593045 -7.177554 -20.726421
vn -53.593045 -7.177554 -20.726421
vn -53.593045 -7.177554 -20.726421
vn 53.899408 -5.116347 -20.542466
vn 53.899408 -5.116347 -20.542466
vn 53.899408 -5.116347 -20.542466
vn -38.690157 -40.885225 13.593594
vn -38.690157 -40.885225 13.593594
vn -38.690157 -40.885225 13.593594
vn 40.965094 -33.849523 -23.008414
vn 40.965094 -33.849523 -23.008414
vn 40.965094 -33.849523 -23.008414
vn -22.706093 -22.374077 48.344082
vn -22.706093 -22.374077 48.344082
vn -22.706093 -22.374077 48.344082
vn -13.814912 6.871852 55.814358
vn -13.814912 6.871852 55.814358
vn -13.814912 6.871852 55.814358
vn -45.251215 -14.722033 32.998569
vn -45.251215 -14.722033 32.998569
vn -45.251215 -14.722033 32.998569
vn -41.682779 39.791285 -5.702191
vn -41.682779 39.791285 -5.702191
vn -41.682779 39.791285 -5.702191
vn 54.264292 -20.213070 -0.366751
vn 54.264292 -20.213070 -0.366751
vn 54.264292 -20.213070 -0.366751
vn -57.807031 -2.588500 2.227876
vn -57.807031 -2.588500 2.227876
vn -57.807031 -2.588500 2.227876
vn -40.282301 41.532108 -2.394924
vn -40.282301 41.532108 -2.394924
vn -40.282301 41.532108 -2.394924
vn 5.411022 35.835786 -45.164518
vn 5.411022 35.835786 -45.164518
vn 5.411022 35.835786 -45.164518
vn 21.697907 -53.682476 -0.841677
vn 21.697907 -53.682476 -0.841677
vn 21.697907 -53.682476 -0.841677
vn -42.906929 -8.088129 38.038061
vn -42.906929 -8.088129 38.038061
vn -42.906929 -8.088129 38.038061
vn 48.796486 -27.540005 -14.620781
vn 48.796486 -27.540005 -14.620781
vn 48.796486 -27.540005 -14.620781
vn -55.166955 -6.141509 -16.498641
vn -55.166955 -6.141509 -16.498641
vn -55.166955 -6.141509 -16.498641
vn -46.934044 3.649579 -33.722286
vn -46.934044 3.649579 -33.722286
vn -46.934044 3.649579 -33.722286
vn 35.348843 -33.709171 -31.104127
vn 35.348843 -33.709171 -31.104127
vn 35.348843 -33.709171 -31.104127
vn 17.361046 52.431215 -17.403368
vn 17.361046 52.431215 -17.403368
vn 17.361046 52.431215 -17.403368
vn -22.559069 7.681698 -52.776855
vn -22.559069 7.681698 -52.776855
vn -22.559069 7.681698 -52.776855
vn -7.336553 23.435892 -52.442828
vn -7.336553 23.435892 -52.442828
vn -7.336553 23.435892 -52.442828
vn 42.766978 -28.024632 27.183122
vn 42.766978 -28.024632 27.183122
vn 42.766978 -28.024632 27.183122
vn 51.029436 -13.768985 23.658580
vn 51.029436 -13.768985 23.658580
vn 51.029436 -13.768985 23.658580
vn 17.439814 53.799000 12.443292
vn 17.439814 53.799000 12.443292
vn 17.439814 53.799000 12.443292
vn -37.163470 44.369854 -1.872952
vn -37.163470 44.369854 -1.872952
vn -37.163470 44.369854 -1.872952
vn -20.180068 -30.746761 44.729387
vn -20.180068 -30.746761 44.729387
vn -20.180068 -30.746761 44.729387
vn -57.627168 -2.014994 -5.325969
vn -57.627168 -2.014994 -5.325969
vn -57.627168 -2.014994 -5.325969
vn 21.455124 52.239780 -12.806199
vn 21.455124 52.239780 -12.806199
vn 21.455124 52.239780 -12.806199
vn 45.812853 13.240062 -32.851177
vn 45.812853 13.240062 -32.851177
vn 45.812853 13.240062 -32.851177
vn -20.601275 16.628839 51.501320
vn -20.601275 16.628839 51.501320
vn -20.601275 16.628839 51.501320
vn -6.107741 -9.088541 -56.863085
vn -6.107741 -9.088541 -56.863085
vn -6.107741 -9.088541 -56.863085
vn -47.793790 25.527196 -20.431144
vn -47.793790 25.527196 -20.431144
vn -47.793790 25.527196 -20.431144
vn 45.423886 35.446454 5.791004
vn 45.423886 35.446454 5.791004
vn 45.423886 35.446454 5.791004
vn 56.870711 9.054067 6.087896
vn 56.870711 9.054067 6.087896
vn 56.870711 9.054067 6.087896
vn -25.066341 -37.597508 -36.213557
vn -25.066341 -37.597508 -36.213557
vn -25.066341 -37.597508 -36.213557
vn -48.592326 22.560691 -21.979927
vn -48.592326 22.560691 -21.979927
vn -48.592326 22.560691 -21.979927
vn -44.885644 9.884950 -35.226163
vn -44.885644 9.884950 -35.226163
vn -44.885644 9.884950 -35.226163
vn 34.107699 44.418104 14.731355
vn 34.107699 44.418104 14.731355
vn 34.107699 44.418104 14.731355
vn -29.769693 -31.561763 -38.352793
vn -29.769693 -31.561763 -38.352793
vn -29.769693 -31.561763 -38.352793
vn -29.557579 -26.064549 -42.430005
vn -29.557579 -26.064549 -42.430005
vn -29.557579 -26.064549 -42.430005
vn 12.411796 -55.140697 12.600246
vn 12.411796 -55.140697 12.600246
vn 12.411796 -55.140697 12.600246
vn -35.020074 -39.278674 -24.168083
vn -35.020074 -39.278674 -24.168083
vn -35.020074 -39.278674 -24.168083
vn -22.773419 13.710658 -51.446140
vn -22.773419 13.710658 -51.446140
vn -22.773419 13.710658 -51.446140
vn -23.979625 45.994184 -25.745455
vn -23.979625 45.994184 -25.745455
vn -23.979625 45.994184 -25.745455
vn -40.460479 41.426451 0.338673
vn -40.460479 41.426451 0.338673
vn -40.460479 41.426451 0.338673
vn -15.038301 -21.245911 51.727908
vn -15.038301 -21.245911 51.727908
vn -15.038301 -21.245911 51.727908
vn 42.343355 -37.875726 -11.215405
vn 42.343355 -37.875726 -11.215405
vn 42.343355 -37.875726 -11.215405
vn 38.094066 -38.686166 -20.137990
vn 38.094066 -38.686166 -20.137990
vn 38.094066 -38.686166 -20.137990
vn -32.298578 44.075241 19.170065
vn -32.298578 44.075241 19.170065
vn -32.298578 44.075241 19.170065
vn -56.760349 11.073172 2.993927
vn -56.760349 11.073172 2.993927
vn -56.760349 11.073172 2.993927
vn 0.008679 37.603296 44.037574
vn 0.008679 37.603296 44.037574
vn 0.008679 37.603296 44.037574
vn -56.351121 3.704836 -12.811787
vn -56.351121 3.704836 -12.811787
vn -56.351121 3.704836 -12.811787
vn 9.565399 -18.369221 54.077637
vn 9.565399 -18.369221 54.077637
vn 9.565399 -18.369221 54.077637
vn -27.479190 -30.338726 40.960617
vn -27.479190 -30.338726 40.960617
vn -27.479190 -30.338726 40.960617
vn -28.166982 -2.825775 -50.516859
vn -28.166982 -2.825775 -50.516859
vn -28.166982 -2.825775 -50.516859
vn -6.233854 43.927551 37.213237
vn -6.233854 43.927551 37.213237
vn -6.233854 43.927551 37.213237
vn 28.935534 46.601588 -18.556477
vn 28.935534 46.601588 -18.556477
vn 28.935534 46.601588 -18.556477
vn 20.542659 2.326718 -54.091607
vn 20.542659 2.326718 -54.091607
vn 20.542659 2.326718 -54.091607
vn -14.245990 -2.949344 56.050601
vn -14.245990 -2.949344 56.050601
vn -14.245990 -2.949344 56.050601
vn -47.741384 10.242056 -31.131617
vn -47.741384 10.242056 -31.131617
vn -47.741384 10.242056 -31.131617
vn -7.359761 4.221938 57.282859
vn -7.359761 4.221938 57.282859
vn -7.359761 4.221938 57.282859
vn -3.658245 -52.657135 23.815099
vn -3.658245 -52.657135 23.815099
vn -3.658245 -52.657135 23.815099
vn 33.969047 41.784902 -21.294170
vn 33.969047 41.784902 -21.294170
vn 33.969047 41.784902 -21.294170
vn 21.473399 40.591945 -35.277514
vn 21.473399 40.591945 -35.277514
vn 21.473399 40.591945 -35.277514
vn -32.953368 47.570593 -2.104733
vn -32.953368 47.570593 -2.104733
vn -32.953368 47.570593 -2.104733
vn -17.475634 -26.502022 -48.430991
vn -17.475634 -26.502022 -48.430991
vn -17.475634 -26.502022 -48.430991
vn -52.446412 10.360784 22.256342
vn -52.446412 10.360784 22.256342
vn -52.446412 10.360784 22.256342
vn -43.161467 -15.624744 35.302574
vn -43.161467 -15.624744 35.302574
vn -43.161467 -15.624744 35.302574
vn -26.076928 -14.702407 -49.569641
vn -26.076928 -14.702407 -49.569641
vn -26.076928 -14.702407 -49.569641
vn 40.125272 -41.744562 -0.818475
vn 40.125272 -41.744562 -0.818475
vn 40.125272 -41.744562 -0.818475
vn 32.025993 3.897145 -48.088090
vn 32.025993 3.897145 -48.088090
vn 32.025993 3.897145 -48.088090
vn -42.405554 -25.910717 29.727429
vn -42.405554 -25.910717 29.727429
vn -42.405554 -25.910717 29.727429
vn 7.884141 22.589164 -52.734112
vn 7.884141 22.589164 -52.734112
vn 7.884141 22.589164 -52.734112
vn 22.327770 49.356197 -20.463424
vn 22.327770 49.356197 -20.463424
vn 22.327770 49.356197 -20.463424
vn 14.775408 -55.148594 9.676503
vn 14.775408 -55.148594 9.676503
vn 14.775408 -55.148594 9.676503
vn 16.352926 41.458477 36.974208
vn 16.352926 41.458477 36.974208
vn 16.352926 41.458477 36.974208
vn 2.051996 -21.772343 -53.619687
vn 2.051996 -21.772343 -53.619687
vn 2.051996 -21.772343 -53.619687
vn 0.225943 51.981889 -25.517594
vn 0.225943 51.981889 -25.517594
vn 0.225943 51.981889 -25.517594
vn -41.460938 -35.457914 19.417593
vn -41.460938 -35.457914 19.417593
vn -41.460938 -35.457914 19.417593
vn 28.341421 25.088730 -43.825058
vn 28.341421 25.088730 -43.825058
vn 28.341421 25.088730 -43.825058
vn -27.355463 49.701232 11.609544
vn -27.355463 49.701232 11.609544
vn -27.355463 49.701232 11.609544
vn 56.917378 -10.650170 0.549799
vn 56.917378 -10.650170 0.549799
vn 56.917378 -10.650170 0.549799
vn -11.796512 34.317369 -45.127337
vn -11.796512 34.317369 -45.127337
vn -11.796512 34.317369 -45.127337
vn -39.081553 25.783142 -34.076065
vn -39.081553 25.783142 -34.076065
vn -39.081553 25.783142 -34.076065
vn -19.636504 -9.897418 -53.570193
vn -19.636504 -9.897418 -53.570193
vn -19.636504 -9.897418 -53.570193
vn 32.561067 43.642576 19.708312
vn 32.561067 43.642576 19.708312
vn 32.561067 43.642576 19.708312
vn -54.271151 10.327228 -17.358194
vn -54.271151 10.327228 -17.358194
vn -54.271151 10.327228 -17.358194
vn -9.022473 -42.332878 38.468666
vn -9.022473 -42.332878 38.468666
vn -9.022473 -42.332878 38.468666
vn -14.218220 -37.312118 -41.940003
vn -14.218220 -37.312118 -41.940003
vn -14.218220 -37.312118 -41.940003
vn 2.677693 -30.779979 48.976925
vn 2.677693 -30.779979 48.976925
vn 2.677693 -30.779979 48.976925
vn -16.189424 -0.787068 -55.593164
vn -16.189424 -0.787068 -55.593164
vn -16.189424 -0.787068 -55.593164
vn 9.103713 45.247188 -34.973279
vn 9.103713 45.247188 -34.973279
vn 9.103713 45.247188 -34.973279
vn 20.399630 -11.816865 52.891716
vn 20.399630 -11.816865 52.891716
vn 20.399630 -11.816865 52.891716
vn -37.815223 37.627387 -22.527865
vn -37.815223 37.627387 -22.527865
vn -37.815223 37.627387 -22.527865
vn 6.743130 50.398984 -27.708987
vn 6.743130 50.398984 -27.708987
vn 6.743130 50.398984 -27.708987
vn 38.065160 24.647557 -36.011916
vn 38.065160 24.647557 -36.011916
vn 38.065160 24.647557 -36.011916
vn 19.774695 11.625201 -53.170787
vn 19.774695 11.625201 -53.170787
vn 19.774695 11.625201 -53.170787
vn -14.227461 19.954578 52.466276
vn -14.227461 19.954578 52.466276
vn -14.227461 19.954578 52.466276
vn -8.720279 -35.972720 -44.533542
vn -8.720279 -35.972720 -44.533542
vn -8.720279 -35.972720 -44.533542
vn 53.806720 -18.389361 -10.953748
vn 53.806720 -18.389361 -10.953748
vn 53.806720 -18.389361 -10.953748
vn 13.819621 52.432397 20.326772
vn 13.819621 52.432397 20.326772
vn 13.819621 52.432397 20.326772
vn 35.488223 45.710978 -2.099622
vn 35.488223 45.710978 -2.099622
vn 35.488223 45.710978 -2.099622
vn 6.772251 28.726368 -49.822167
vn 6.772251 28.726368 -49.822167
vn 6.772251 28.726368 -49.822167
vn 1.505546 -23.488967 52.908579
vn 1.505546 -23.488967 52.908579
vn 1.505546 -23.488967 52.908579
vn -55.602094 -4.441058 15.556367
vn -55.602094 -4.441058 15.556367
vn -55.602094 -4.441058 15.556367
vn -56.448024 10.480959 7.555592
vn -56.448024 10.480959 7.555592
vn -56.448024 10.480959 7.555592
vn -56.464317 -4.280785 -12.114976
vn -56.464317 -4.280785 -12.114976
vn -56.464317 -4.280785 -12.114976
vn -31.382044 44.537754 -19.618139
vn -31.382044 44.537754 -19.618139
vn -31.382044 44.537754 -19.618139
vn 41.053789 14.986951 -37.990706
vn 41.053789 14.986951 -37.990706
vn 41.053789 14.986951 -37.990706
vn 53.724788 21.008265 -5.061308
vn 53.724788 21.008265 -5.061308
vn 53.724788 21.008265 -5.061308
vn 20.015179 9.258532 -53.544269
vn 20.015179 9.258532 -53.544269
vn 20.015179 9.258532 -53.544269
vn 51.695980 -14.909673 21.413632
vn 51.695980 -14.909673 21.413632
vn 51.695980 -14.909673 21.413632
vn -51.820829 -19.368236 -17.111096
vn -51.820829 -19.368236 -17.111096
vn -51.820829 -19.368236 -17.111096
vn -18.582352 -28.117334 47.089569
vn -18.582352 -28.117334 47.089569
vn -18.582352 -28.117334 47.089569
vn -35.725443 3.089500 -45.469378
vn -35.725443 3.089500 -45.469378
vn -35.725443 3.089500 -45.469378
vn -41.095198 -33.456813 -23.348297
vn -41.095198 -33.456813 -23.348297
vn -41.095198 -33.456813 -23.348297
vn -31.274017 15.158408 -46.319271
vn -31.274017 15.158408 -46.319271
vn -31.274017 15.158408 -46.319271
vn 4.243102 -47.964620 -32.166865
vn 4.243102 -47.964620 -32.166865
vn 4.243102 -47.964620 -32.166865
vn -35.433794 -34.186917 30.479783
vn -35.433794 -34.186917 30.479783
vn -35.433794 -34.186917 30.479783
vn 1.713436 -31.642036 -48.468152
vn 1.713436 -31.642036 -48.468152
vn 1.713436 -31.642036 -48.468152
vn 53.809052 -19.274574 -9.294798
vn 53.809052 -19.274574 -9.294798
vn 53.809052 -19.274574 -9.294798
vn -12.837718 27.949146 49.064798
vn -12.837718 27.949146 49.064798
vn -12.837718 27.949146 49.064798
vn -40.832914 -32.202180 -25.475650
vn -40.832914 -32.202180 -25.475650
vn -40.832914 -32.202180 -25.475650
vn -57.368718 -5.350016 5.790022
vn -57.368718 -5.350016 5.790022
vn -57.368718 -5.350016 5.790022
vn -56.051641 11.725139 8.605277
vn -56.051641 11.725139 8.605277
vn -56.051641 11.725139 8.605277
vn -23.626080 -49.898175 -17.472730
vn -23.626080 -49.898175 -17.472730
vn -23.626080 -49.898175 -17.472730
vn 4.067154 -57.449017 6.031904
vn 4.067154 -57.449017 6.031904
vn 4.067154 -57.449017 6.031904
vn -20.168124 -3.974865 54.136526
vn -20.168124 -3.974865 54.136526
vn -20.168124 -3.974865 54.136526
vn 29.904167 -47.653172 13.719758
vn 29.904167 -47.653172 13.719758
vn 29.904167 -47.653172 13.719758
vn 53.278000 9.808607 20.458799
vn 53.278000 9.808607 20.458799
vn 53.278000 9.808607 20.458799
vn -8.866600 -52.765245 22.147856
vn -8.866600 -52.765245 22.147856
vn -8.866600 -52.765245 22.147856
vn 25.523957 -33.659395 39.609204
vn 25.523957 -33.659395 39.609204
vn 25.523957 -33.659395 39.609204
vn -54.903670 18.222828 2.613864
vn -54.903670 18.222828 2.613864
vn -54.903670 18.222828 2.613864
vn 43.089683 -14.225561 -35.975396
vn 43.089683 -14.225561 -35.975396
vn 43.089683 -14.225561 -35.975396
vn -8.707954 -12.829978 -55.793186
vn -8.707954 -12.829978 -55.793186
vn -8.707954 -12.829978 -55.793186
vn -46.947061 9.372758 32.579772
vn -46.947061 9.372758 32.579772
vn -46.947061 9.372758 32.579772
vn 0.448641 9.564994 -57.110649
vn 0.448641 9.564994 -57.110649
vn 0.448641 9.564994 -57.110649
vn -51.892870 -12.390082 -22.515166
vn -51.892870 -12.390082 -22.515166
vn -51.892870 -12.390082 -22.515166
vn -44.334628 10.788751 -35.656137
vn -44.334628 10.788751 -35.656137
vn -44.334628 10.788751 -35.656137
vn 25.735480 -24.110043 45.931547
vn 25.735480 -24.110043 45.931547
vn 25.735480 -24.110043 45.931547
vn -37.180286 12.806028 42.508215
vn -37.180286 12.806028 42.508215
vn -37.180286 12.806028 42.508215
vn -47.931965 -18.303127 26.848431
vn -47.931965 -18.303127 26.848431
vn -47.931965 -18.303127 26.848431
vn -43.543406 21.437106 31.587000
vn -43.543406 21.437106 31.587000
vn -43.543406 21.437106 31.587000
vn 46.833040 22.805563 25.296035
vn 46.833040 22.805563 25.296035
vn 46.833040 22.805563 25.296035
vn -40.128418 4.706807 41.483402
vn -40.128418 4.706807 41.483402
vn -40.128418 4.706807 41.483402
vn 48.432374 -12.198595 -29.305565
vn 48.432374 -12.198595 -29.305565
vn 48.432374 -12.198595 -29.305565
vn -40.429793 -24.825934 33.202728
vn -40.429793 -24.825934 33.202728
vn -40.429793 -24.825934 33.202728
vn -52.007538 -21.161519 -14.167664
vn -52.007538 -21.161519 -14.167664
vn -52.007538 -21.161519 -14.167664
vn -44.276300 -35.471319 11.606491
vn -44.276300 -35.471319 11.606491
vn -44.276300 -35.471319 11.606491
vn -49.493868 26.432447 -14.317785
vn -49.493868 26.432447 -14.317785
vn -49.493868 26.432447 -14.317785
vn -53.575225 -7.019387 -20.826419
vn -53.575225 -7.019387 -20.826419
vn -53.575225 -7.019387 -20.826419
vn 12.805659 -9.180554 -55.722964
vn 12.805659 -9.180554 -55.722964
vn 12.805659 -9.180554 -55.722964
vn 25.213371 24.896058 -45.801625
vn 25.213371 24.896058 -45.801625
vn 25.213371 24.896058 -45.801625
vn -49.659888 -6.883938 28.979709
vn -49.659888 -6.883938 28.979709
vn -49.659888 -6.883938 28.979709
vn -1.163123 -22.029768 -53.541136
vn -1.163123 -22.029768 -53.541136
vn -1.163123 -22.029768 -53.541136
vn 28.312786 48.636946 13.643638
vn 28.312786 48.636946 13.643638
vn 28.312786 48.636946 13.643638
vn 48.040755 -15.097499 28.591389
vn 48.040755 -15.097499 28.591389
vn 48.040755 -15.097499 28.591389
vn -12.295528 -14.893867 -54.592212
vn -12.295528 -14.893867 -54.592212
vn -12.295528 -14.893867 -54.592212
vn 5.401986 2.684022 57.592803
vn 5.401986 2.684022 57.592803
vn 5.401986 2.684022 57.592803
vn 53.466428 -22.240000 0.199383
vn 53.466428 -22.240000 0.199383
vn 53.466428 -22.240000 0.199383
vn 0.026422 57.907310 0.241091
vn 0.026422 57.907310 0.241091
vn 0.026422 57.907310 0.241091
vn -39.570603 16.569427 38.896498
vn -39.570603 16.569427 38.896498
vn -39.570603 16.569427 38.896498
vn -42.585125 24.749510 30.451357
vn -42.585125 24.749510 30.451357
vn -42.585125 24.749510 30.451357
vn -29.693192 49.697995 -1.318655
vn -29.693192 49.697995 -1.318655
vn -29.693192 49.697995 -1.318655
vn -20.688352 53.889932 4.602428
vn -20.688352 53.889932 4.602428
vn -20.688352 53.889932 4.602428
vn 0.708478 -57.694890 -4.910499
vn 0.708478 -57.694890 -4.910499
vn 0.708478 -57.694890 -4.910499
vn -16.232132 27.240546 -48.453964
vn -16.232132 27.240546 -48.453964
vn -16.232132 27.240546 -48.453964
vn 36.917899 -34.198179 28.650817
vn 36.917899 -34.198179 28.650817
vn 36.917899 -34.198179 28.650817
vn 24.859858 33.979105 39.758321
vn 24.859858 33.979105 39.758321
vn 24.859858 33.979105 39.758321
vn -17.500994 -22.291506 50.498719
vn -17.500994 -22.291506 50.498719
vn -17.500994 -22.291506 50.498719
vn -49.174324 -15.117175 -26.583322
vn -49.174324 -15.117175 -26.583322
vn -49.174324 -15.117175 -26.583322
vn -41.528905 33.378027 22.684206
vn -41.528905 33.378027 22.684206
vn -41.528905 33.378027 22.684206
vn 52.408544 -21.398633 12.196685
vn 52.408544 -21.398633 12.196685
vn 52.408544 -21.398633 12.196685
vn -47.454222 30.247237 -13.657164
vn -47.454222 30.247237 -13.657164
vn -47.454222 30.247237 -13.657164
vn 37.627888 -22.424565 -37.876074
vn 37.627888 -22.424565 -37.876074
vn 37.627888 -22.424565 -37.876074
vn -28.439527 -2.249147 -50.392971
vn -28.439527 -2.249147 -50.392971
vn -28.439527 -2.249147 -50.392971
vn -46.641413 34.128297 3.626894
vn -46.641413 34.128297 3.626894
vn -46.641413 34.128297 3.626894
vn -52.899734 -2.888828 23.379242
vn -52.899734 -2.888828 23.379242
vn -52.899734 -2.888828 23.379242
vn -53.827432 -16.178081 -13.935331
vn -53.827432 -16.178081 -13.935331
vn -53.827432 -16.178081 -13.935331
vn 46.629148 34.303303 -1.523789
vn 46.629148 34.303303 -1.523789
vn 46.629148 34.303303 -1.523789
vn 10.471208 41.236631 -39.283709
vn 10.471208 41.236631 -39.283709
vn 10.471208 41.236631 -39.283709
vn -25.696986 46.772396 -22.479405
vn -25.696986 46.772396 -22.479405
vn -25.696986 46.772396 -22.479405
vn 40.081652 -13.496490 -39.555305
vn 40.081652 -13.496490 -39.555305
vn 40.081652 -13.496490 -39.555305
vn -52.079092 -24.866798 4.767282
vn -52.079092 -24.866798 4.767282
vn -52.079092 -24.866798 4.767282
vn -50.822185 27.549546 -3.383010
vn -50.822185 27.549546 -3.383010
vn -50.822185 27.549546 -3.383010
vn -4.508415 21.499182 53.579622
vn -4.508415 21.499182 53.579622
vn -4.508415 21.499182 53.579622
vn 47.520628 -2.301714 -33.012249
vn 47.520628 -2.301714 -33.012249
vn 47.520628 -2.301714 -33.012249
vn 47.302904 21.299260 -25.731161
vn 47.302904 21.299260 -25.731161
vn 47.302904 21.299260 -25.731161
vn -52.788351 10.330062 -21.447516
vn -52.788351 10.330062 -21.447516
vn -52.788351 10.330062 -21.447516
vn -0.021660 15.454613 55.807448
vn -0.021660 15.454613 55.807448
vn -0.021660 15.454613 55.807448
vn 56.181000 10.382429 -9.445463
vn 56.181000 10.382429 -9.445463
vn 56.181000 10.382429 -9.445463
vn -28.298860 -27.199066 -42.575832
vn -28.298860 -27.199066 -42.575832
vn -28.298860 -27.199066 -42.575832
vn 50.045860 28.737915 -4.781222
vn 50.045860 28.737915 -4.781222
vn 50.045860 28.737915 -4.781222
vn -51.083140 20.953931 -17.457432
vn -51.083140 20.953931 -17.457432
vn -51.083140 20.953931 -17.457432
vn -38.783111 -43.000104 0.420891
vn -38.783111 -43.000104 0.420891
vn -38.783111 -43.000104 0.420891
vn -49.465409 -15.351983 25.899924
vn -49.465409 -15.351983 25.899924
vn -49.465409 -15.351983 25.899924
vn 46.376117 -19.485458 -28.686042
vn 46.376117 -19.485458 -28.686042
vn 46.376117 -19.485458 -28.686042
vn -22.854527 -10.368894 -52.186903
vn -22.854527 -10.368894 -52.186903
vn -22.854527 -10.368894 -52.186903
vn 3.405398 55.609101 -15.790705
vn 3.405398 55.609101 -15.790705
vn 3.405398 55.609101 -15.790705
vn 9.178169 -1.594961 57.153600
vn 9.178169 -1.594961 57.153600
vn 9.178169 -1.594961 57.153600
vn -36.528339 -42.631821 -14.195911
vn -36.528339 -42.631821 -14.195911
vn -36.528339 -42.631821 -14.195911
vn 36.253674 -20.209867 -40.380052
vn 36.253674 -20.209867 -40.380052
vn 36.253674 -20.209867 -40.380052
vn -4.505145 52.791290 -23.368748
vn -4.505145 52.791290 -23.368748
vn -4.505145 52.791290 -23.368748
vn 57.266554 4.807661 7.123554
vn 57.266554 4.807661 7.123554
vn 57.266554 4.807661 7.123554
vn 9.117302 4.408578 -57.015401
vn 9.117302 4.408578 -57.015401
vn 9.117302 4.408578 -57.015401
vn 28.990993 17.851006 -46.842075
vn 28.990993 17.851006 -46.842075
vn 28.990993 17.851006 -46.842075
vn 37.359254 33.745957 -28.614905
vn 37.359254 33.745957 -28.614905
vn 37.359254 33.745957 -28.614905
vn 33.190823 45.147090 14.609075
vn 33.190823 45.147090 14.609075
vn 33.190823 45.147090 14.609075
vn 15.206811 11.541631 -54.670468
vn 15.206811 11.541631 -54.670468
vn 15.206811 11.541631 -54.670468
vn 24.761017 -49.915226 -15.769532
vn 24.761017 -49.915226 -15.769532
vn 24.761017 -49.915226 -15.769532
vn -17.234812 -41.910816 36.052189
vn -17.234812 -41.910816 36.052189
vn -17.234812 -41.910816 36.052189
vn -11.808117 53.349399 -19.176163
vn -11.808117 53.349399 -19.176163
vn -11.808117 53.349399 -19.176163
vn -2.530512 34.650806 -46.327470
vn -2.530512 34.650806 -46.327470
vn -2.530512 34.650806 -46.327470
vn 49.327484 -21.443602 21.454308
vn 49.327484 -21.443602 21.454308
vn 49.327484 -21.443602 21.454308
vn 24.590027 0.546593 52.424692
vn 24.590027 0.546593 52.424692
vn 24.590027 0.546593 52.424692
vn -41.279249 -2.821348 40.513953
vn -41.279249 -2.821348 40.513953
vn -41.279249 -2.821348 40.513953
vn -48.221555 -25.440198 19.513941
vn -48.221555 -25.440198 19.513941
vn -48.221555 -25.440198 19.513941
vn 53.509943 -21.995460 -2.490359
vn 53.509943 -21.995460 -2.490359
vn 53.509943 -21.995460 -2.490359
vn -15.101649 19.322201 52.458638
vn -15.101649 19.322201 52.458638
vn -15.101649 19.322201 52.458638
vn -39.279451 15.327045 -39.692855
vn -39.279451 15.327045 -39.692855
vn -39.279451 15.327045 -39.692855
vn 13.751924 -51.933833 21.611955
vn 13.751924 -51.933833 21.611955
vn 13.751924 -51.933833 21.611955
vn -50.717406 0.966149 27.930772
vn -50.717406 0.966149 27.930772
vn -50.717406 0.966149 27.930772
vn -53.657174 -3.263267 21.530804
vn -53.657174 -3.263267 21.530804
vn -53.657174 -3.263267 21.530804
vn -20.638257 -51.460503 -16.709110
vn -20.638257 -51.460503 -16.709110
vn -20.638257 -51.460503 -16.709110
vn 22.345794 -35.889910 -39.571397
vn 22.345794 -35.889910 -39.571397
vn 22.345794 -35.889910 -39.571397
vn -47.122101 9.745003 -32.215815
vn -47.122101 9.745003 -32.215815
vn -47.122101 9.745003 -32.215815
vn 31.739467 24.876429 41.558217
vn 31.739467 24.876429 41.558217
vn 31.739467 24.876429 41.558217
vn -1.618413 -55.199045 -17.428752
vn -1.618413 -55.199045 -17.428752
vn -1.618413 -55.199045 -17.428752
vn 11.998161 -47.849150 30.328515
vn 11.998161 -47.849150 30.328515
vn 11.998161 -47.849150 30.328515
vn -38.146703 -12.061399 -41.864877
vn -38.146703 -12.061399 -41.864877
vn -38.146703 -12.061399 -41.864877
vn 31.947169 45.955007 14.860404
vn 31.947169 45.955007 14.860404
vn 31.947169 45.955007 14.860404
vn 44.694502 36.276768 6.301892
vn 44.694502 36.276768 6.301892
vn 44.694502 36.276768 6.301892
vn -52.111053 25.143934 2.353001
vn -52.111053 25.143934 2.353001
vn -52.111053 25.143934 2.353001
vn -52.681345 -4.686768 23.580207
vn -52.681345 -4.686768 23.580207
vn -52.681345 -4.686768 23.580207
vn 50.073512 -3.837007 -28.831192
vn 50.073512 -3.837007 -28.831192
vn 50.073512 -3.837007 -28.831192
vn -40.400063 41.309923 -3.826333
vn -40.400063 41.309923 -3.826333
vn -40.400063 41.309923 -3.826333
vn -45.095892 -36.133628 3.746676
vn -45.095892 -36.133628 3.746676
vn -45.095892 -36.133628 3.746676
vn -9.450582 55.152813 -14.905339
vn -9.450582 55.152813 -14.905339
vn -9.450582 55.152813 -14.905339
vn -33.516164 -46.584523 7.737232
vn -33.516164 -46.584523 7.737232
vn -33.516164 -46.584523 7.737232
vn 16.260594 16.472132 -53.080865
vn 16.260594 16.472132 -53.080865
vn 16.260594 16.472132 -53.080865
vn 15.403802 -49.541879 -25.722370
vn 15.403802 -49.541879 -25.722370
vn 15.403802 -49.541879 -25.722370
vn -20.637156 4.465354 53.921098
vn -20.637156 4.465354 53.921098
vn -20.637156 4.465354 53.921098
vn 40.959374 -6.882044 -40.352005
vn 40.959374 -6.882044 -40.352005
vn 40.959374 -6.882044 -40.352005
vn 56.157215 0.410737 14.124993
vn 56.157215 0.410737 14.124993
vn 56.157215 0.410737 14.124993
vn 16.317776 -10.967866 54.467907
vn 16.317776 -10.967866 54.467907
vn 16.317776 -10.967866 54.467907
vn -51.981172 13.332516 -21.760473
vn -51.981172 13.332516 -21.760473
vn -51.981172 13.332516 -21.760473
vn 18.532761 53.369918 12.708409
vn 18.532761 53.369918 12.708409
vn 18.532761 53.369918 12.708409
vn 19.109549 52.218231 16.167776
vn 19.109549 52.218231 16.167776
vn 19.109549 52.218231 16.167776
vn 55.940915 11.372894 9.725634
vn 55.940915 11.372894 9.725634
vn 55.940915 11.372894 9.725634
vn -50.672525 -6.137388 27.348564
vn -50.672525 -6.137388 27.348564
vn -50.672525 -6.137388 27.348564
vn 27.695918 39.616766 31.886739
vn 27.695918 39.616766 31.886739
vn 27.695918 39.616766 31.886739
vn -27.973717 -3.679920 -50.569215
vn -27.973717 -3.679920 -50.569215
vn -27.973717 -3.679920 -50.569215
vn 34.067450 12.562325 -45.110008
vn 34.067450 12.562325 -45.110008
vn 34.067450 12.562325 -45.110008
vn 56.773722 10.313228 4.868083
vn 56.773722 10.313228 4.868083
vn 56.773722 10.313228 4.868083
vn 8.387566 29.408689 -49.174116
vn 8.387566 29.408689 -49.174116
vn 8.387566 29.408689 -49.174116
vn -31.203771 -37.709401 -30.945783
vn -31.203771 -37.709401 -30.945783
vn -31.203771 -37.709401 -30.945783
vn 50.888730 -23.739808 14.144796
vn 50.888730 -23.739808 14.144796
vn 50.888730 -23.739808 14.144796
vn 37.305802 -41.246812 16.133612
vn 37.305802 -41.246812 16.133612
vn 37.305802 -41.246812 16.133612
vn 55.521339 -5.462769 -15.519525
vn 55.521339 -5.462769 -15.519525
vn 55.521339 -5.462769 -15.519525
vn -40.223705 4.849288 41.374565
vn -40.223705 4.849288 41.374565
vn -40.223705 4.849288 41.374565
vn -46.376194 4.142388 -34.429714
vn -46.376194 4.142388 -34.429714
vn -46.376194 4.142388 -34.429714
vn -7.869478 42.080489 -38.995119
vn -7.869478 42.080489 -38.995119
vn -7.869478 42.080489 -38.995119
vn -25.747970 27.983543 -43.672414
vn -25.747970 27.983543 -43.672414
vn -25.747970 27.983543 -43.672414
vn -5.656250 46.725569 -33.734897
vn -5.656250 46.725569 -33.734897
vn -5.656250 46.725569 -33.734897
vn 23.725204 3.008244 -52.738803
vn 23.725204 3.008244 -52.738803
vn 23.725204 3.008244 -52.738803
vn 21.874206 41.719968 -33.679063
vn 21.874206 41.719968 -33.679063
vn 21.874206 41.719968 -33.679063
vn -8.285760 40.048416 -40.997396
vn -8.285760 40.048416 -40.997396
vn -8.285760 40.048416 -40.997396
vn -40.469550 -38.334283 15.684835
vn -40.469550 -38.334283 15.684835
vn -40.469550 -38.334283 15.684835
vn -40.781309 -9.012179 -40.112119
vn -40.781309 -9.012179 -40.112119
vn -40.781309 -9.012179 -40.112119
vn -13.158326 -55.898248 -7.453840
vn -13.158326 -55.898248 -7.453840
vn -13.158326 -55.898248 -7.453840
vn 25.504277 31.329386 -41.488757
vn 25.504277 31.329386 -41.488757
vn 25.504277 31.329386 -41.488757
vn 26.736104 -34.757403 37.820885
vn 26.736104 -34.757403 37.820885
vn 26.736104 -34.757403 37.820885
vn -17.602026 -21.647770 50.743069
vn -17.602026 -21.647770 50.743069
vn -17.602026 -21.647770 50.743069
vn -40.248249 36.023825 20.872908
vn -40.248249 36.023825 20.872908
vn -40.248249 36.023825 20.872908
vn 10.173253 46.581339 32.863345
vn 10.173253 46.581339 32.863345
vn 10.173253 46.581339 32.863345
vn 35.275802 -36.654872 27.665033
vn 35.275802 -36.654872 27.665033
vn 35.275802 -36.654872 27.665033
vn -57.121868 -4.898281 8.149571
vn -57.121868 -4.898281 8.149571
vn -57.121868 -4.898281 8.149571
vn -56.113853 14.297584 0.361743
vn -56.113853 14.297584 0.361743
vn -56.113853 14.297584 0.361743
vn 55.247889 -10.981935 13.430735
vn 55.247889 -10.981935 13.430735
vn 55.247889 -10.981935 13.430735
vn -0.586969 48.282044 31.965841
vn -0.586969 48.282044 31.965841
vn -0.586969 48.282044 31.965841
vn 25.513767 -42.670149 -29.692115
vn 25.513767 -42.670149 -29.692115
vn 25.513767 -42.670149 -29.692115
vn 40.536153 -41.146522 4.135150
vn 40.536153 -41.146522 4.135150
vn 40.536153 -41.146522 4.135150
vn 48.285730 11.025689 -30.003989
vn 48.285730 11.025689 -30.003989
vn 48.285730 11.025689 -30.003989
vn -19.690620 34.037091 42.509667
vn -19.690620 34.037091 42.509667
vn -19.690620 34.037091 42.509667
vn 0.554123 46.247326 -34.845284
vn 0.554123 46.247326 -34.845284
vn 0.554123 46.247326 -34.845284
vn -45.423861 35.792305 -2.983154
vn -45.423861 35.792305 -2.983154
vn -45.423861 35.792305 -2.983154
vn 19.736408 46.719302 27.948112
vn 19.736408 46.719302 27.948112
vn 19.736408 46.719302 27.948112
vn 4.735171 -23.418923 52.748920
vn 4.735171 -23.418923 52.748920
vn 4.735171 -23.418923 52.748920
vn -27.420595 -47.677720 18.117993
vn -27.420595 -47.677720 18.117993
vn -27.420595 -47.677720 18.117993
vn -32.699675 -25.310793 40.539007
vn -32.699675 -25.310793 40.539007
vn -32.699675 -25.310793 40.539007
vn 16.651559 4.071131 -55.312455
vn 16.651559 4.071131 -55.312455
vn 16.651559 4.071131 -55.312455
vn -49.009477 -1.624356 -30.801772
vn -49.009477 -1.624356 -30.801772
vn -49.009477 -1.624356 -30.801772
vn -52.895665 -22.146408 -8.056134
vn -52.895665 -22.146408 -8.056134
vn -52.895665 -22.146408 -8.056134
vn 41.493768 34.674950 20.717887
vn 41.493768 34.674950 20.717887
vn 41.493768 34.674950 20.717887
vn -29.940828 48.150989 -11.762000
vn -29.940828 48.150989 -11.762000
vn -29.940828 48.150989 -11.762000
vn -40.293955 -20.720071 -36.060953
vn -40.293955 -20.720071 -36.060953
vn -40.293955 -20.720071 -36.060953
vn 2.300340 -42.263854 39.519501
vn 2.300340 -42.263854 39.519501
vn 2.300340 -42.263854 39.519501
vn -21.990318 41.207171 -34.230263
vn -21.990318 41.207171 -34.230263
vn -21.990318 41.207171 -34.230263
vn 1.652419 -12.576386 56.501509
vn 1.652419 -12.576386 56.501509
vn 1.652419 -12.576386 56.501509
vn -56.787138 -10.062398 -5.223520
vn -56.787138 -10.062398 -5.223520
vn -56.787138 -10.062398 -5.223520
vn 55.301462 -8.858965 -14.716777
vn 55.301462 -8.858965 -14.716777
vn 55.301462 -8.858965 -14.716777
vn 56.891829 9.842910 -4.444431
vn 56.891829 9.842910 -4.444431
vn 56.891829 9.842910 -4.444431
vn -16.096416 36.005317 42.400927
vn -16.096416 36.005317 42.400927
vn -16.096416 36.005317 42.400927
vn -36.808999 -21.403113 39.246918
vn -36.808999 -21.403113 39.246918
vn -36.808999 -21.403113 39.246918
vn -19.719730 -49.579918 22.500655
vn -19.719730 -49.579918 22.500655
vn -19.719730 -49.579918 22.500655
vn 27.974119 -33.941185 37.666442
vn 27.974119 -33.941185 37.666442
vn 27.974119 -33.941185 37.666442
vn -52.409920 -14.416953 -19.966669
vn -52.409920 -14.416953 -19.966669
vn -52.409920 -14.416953 -19.966669
vn 30.532890 24.486840 -42.678498
vn 30.532890 24.486840 -42.678498
vn 30.532890 24.486840 -42.678498
vn -53.600788 4.109666 -21.526327
vn -53.600788 4.109666 -21.526327
vn -53.600788 4.109666 -21.526327
vn 47.218827 16.037654 -29.436239
vn 47.218827 16.037654 -29.436239
vn 47.218827 16.037654 -29.436239
vn -52.208198 4.622278 24.622246
vn -52.208198 4.622278 24.622246
vn -52.208198 4.622278 24.622246
vn 30.742836 30.538037 -38.413831
vn 30.742836 30.538037 -38.413831
vn 30.742836 30.538037 -38.413831
vn -7.296593 -55.447110 -15.023076
vn -7.296593 -55.447110 -15.023076
vn -7.296593 -55.447110 -15.023076
vn 55.327090 11.803351 -12.365710
vn 55.327090 11.803351 -12.365710
vn 55.327090 11.803351 -12.365710
vn 55.165579 -16.500131 -6.149880
vn 55.165579 -16.500131 -6.149880
vn 55.165579 -16.500131 -6.149880
vn 50.288138 -22.234981 -18.166586
vn 50.288138 -22.234981 -18.166586
vn 50.288138 -22.234981 -18.166586
vn -24.997815 24.979127 45.874493
vn -24.997815 24.979127 45.874493
vn -24.997815 24.979127 45.874493
vn -27.019678 36.067728 -36.364436
vn -27.019678 36.067728 -36.364436
vn -27.019678 36.067728 -36.364436
vn 32.345099 7.335061 47.469023
vn 32.345099 7.335061 47.469023
vn 32.345099 7.335061 47.469023
vn -14.553285 -53.083145 17.991589
vn -14.553285 -53.083145 17.991589
vn -14.553285 -53.083145 17.991589
vn 57.025259 -2.678911 9.708757
vn 57.025259 -2.678911 9.708757
vn 57.025259 -2.678911 9.708757
vn 14.000389 -55.326582 9.811938
vn 14.000389 -55.326582 9.811938
vn 14.000389 -55.326582 9.811938
vn -40.607422 40.763132 -6.536056
vn -40.607422 40.763132 -6.536056
vn -40.607422 40.763132 -6.536056
vn -55.559536 -2.515830 16.128405
vn -55.559536 -2.515830 16.128405
vn -55.559536 -2.515830 16.128405
vn 43.793116 -25.019136 -28.452096
vn 43.793116 -25.019136 -28.452096
vn 43.793116 -25.019136 -28.452096
vn -38.926765 26.422743 -33.761839
vn -38.926765 26.422743 -33.761839
vn -38.926765 26.422743 -33.761839
vn 8.605446 -14.080242 -55.506838
vn 8.605446 -14.080242 -55.506838
vn 8.605446 -14.080242 -55.506838
vn 12.503854 56.205249 -6.159462
vn 12.503854 56.205249 -6.159462
vn 12.503854 56.205249 -6.159462
vn 13.029741 56.321950 3.373306
vn 13.029741 56.321950 3.373306
vn 13.029741 56.321950 3.373306
vn -19.541362 -17.343633 -51.678326
vn -19.541362 -17.343633 -51.678326
vn -19.541362 -17.343633 -51.678326
vn 30.514611 38.424706 30.752504
vn 30.514611 38.424706 30.752504
vn 30.514611 38.424706 30.752504
vn 35.661299 -5.357557 -45.308770
vn 35.661299 -5.357557 -45.308770
vn 35.661299 -5.357557 -45.308770
vn 19.427755 -25.352848 48.302301
vn 19.427755 -25.352848 48.302301
vn 19.427755 -25.352848 48.302301
vn -5.977878 -48.466167 31.122514
vn -5.977878 -48.466167 31.122514
vn -5.977878 -48.466167 31.122514
vn 20.232492 -30.539331 -44.847654
vn 20.232492 -30.539331 -44.847654
vn 20.232492 -30.539331 -44.847654
vn -10.366837 5.156677 -56.738469
vn -10.366837 5.156677 -56.738469
vn -10.366837 5.156677 -56.738469
vn 33.134885 -42.663700 20.861531
vn 33.134885 -42.663700 20.861531
vn 33.134885 -42.663700 20.861531
vn -29.924989 -2.199430 -49.527508
vn -29.924989 -2.199430 -49.527508
vn -29.924989 -2.199430 -49.527508
vn -9.444081 -28.896304 49.286202
vn -9.444081 -28.896304 49.286202
vn -9.444081 -28.896304 49.286202
vn 13.168090 56.372750 1.424745
vn 13.168090 56.372750 1.424745
vn 13.168090 56.372750 1.424745
vn -43.635811 -26.388963 -27.438208
vn -43.635811 -26.388963 -27.438208
vn -43.635811 -26.388963 -27.438208
vn -47.848083 12.093469 30.292331
vn -47.848083 12.093469 30.292331
vn -47.848083 12.093469 30.292331
vn 42.776673 37.977821 9.008722
vn 42.776673 37.977821 9.008722
vn 42.776673 37.977821 9.008722
vn -2.225391 -12.330306 -56.536069
vn -2.225391 -12.330306 -56.536069
vn -2.225391 -12.330306 -56.536069
vn -43.802324 -37.457014 5.625312
vn -43.802324 -37.457014 5.625312
vn -43.802324 -37.457014 5.625312
vn -55.326272 -16.607854 -4.061958
vn -55.326272 -16.607854 -4.061958
vn -55.326272 -16.607854 -4.061958
vn -53.207284 9.183095 -20.927775
vn -53.207284 9.183095 -20.927775
vn -53.207284 9.183095 -20.927775
vn 49.916781 18.428875 -22.847502
vn 49.916781 18.428875 -22.847502
vn 49.916781 18.428875 -22.847502
vn 48.715558 -13.238791 -28.369797
vn 48.715558 -13.238791 -28.369797
vn 48.715558 -13.238791 -28.369797
vn 41.151922 -9.779208 -39.550009
vn 41.151922 -9.779208 -39.550009
vn 41.151922 -9.779208 -39.550009
vn -31.496983 -47.846774 -8.481839
vn -31.496983 -47.846774 -8.481839
vn -31.496983 -47.846774 -8.481839
vn -42.016279 -21.989272 -33.232817
vn -42.016279 -21.989272 -33.232817
vn -42.016279 -21.989272 -33.232817
vn 19.101699 7.803990 -54.106740
vn 19.101699 7.803990 -54.106740
vn 19.101699 7.803990 -54.106740
vn 57.711973 -2.677458 3.933922
vn 57.711973 -2.677458 3.933922
vn 57.711973 -2.677458 3.933922
vn 8.135262 -52.972912 21.931792
vn 8.135262 -52.972912 21.931792
vn 8.135262 -52.972912 21.931792
vn -31.184486 28.830910 -39.365250
vn -31.184486 28.830910 -39.365250
vn -31.184486 28.830910 -39.365250
vn 22.163816 2.294987 -53.449184
vn 22.163816 2.294987 -53.449184
vn 22.163816 2.294987 -53.449184
vn -11.164916 19.301486 -53.442620
vn -11.164916 19.301486 -53.442620
vn -11.164916 19.301486 -53.442620
vn -55.536747 -8.766697 13.861159
vn -55.536747 -8.766697 13.861159
vn -55.536747 -8.766697 13.861159
vn 35.288371 45.450553 6.503398
vn 35.288371 45.450553 6.503398
vn 35.288371 45.450553 6.503398
vn -55.193758 16.179027 -6.723415
vn -55.193758 16.179027 -6.723415
vn -55.193758 16.179027 -6.723415
vn 7.652806 32.106311 47.580832
vn 7.652806 32.106311 47.580832
vn 7.652806 32.106311 47.580832
vn -25.139838 7.922981 51.560950
vn -25.139838 7.922981 51.560950
vn -25.139838 7.922981 51.560950
vn -35.398619 40.214724 21.977938
vn -35.398619 40.214724 21.977938
vn -35.398619 40.214724 21.977938
vn -10.986350 -55.852932 -10.633194
vn -10.986350 -55.852932 -10.633194
vn -10.986350 -55.852932 -10.633194
vn 42.150863 10.412791 -38.317036
vn 42.150863 10.412791 -38.317036
vn 42.150863 10.412791 -38.317036
vn -20.888130 17.695922 -51.028000
vn -20.888130 17.695922 -51.028000
vn -20.888130 17.695922 -51.028000
vn 52.285386 -1.370209 -24.853131
vn 52.285386 -1.370209 -24.853131
vn 52.285386 -1.370209 -24.853131
vn 29.051546 43.906155 24.115822
vn 29.051546 43.906155 24.115822
vn 29.051546 43.906155 24.115822
vn 50.849585 -2.297774 -27.610803
vn 50.849585 -2.297774 -27.610803
vn 50.849585 -2.297774 -27.610803
vn 48.732228 4.347206 -30.977227
vn 48.732228 4.347206 -30.977227
vn 48.732228 4.347206 -30.977227
vn 57.163786 -7.899126 -4.818929
vn 57.163786 -7.899126 -4.818929
vn 57.163786 -7.899126 -4.818929
vn -16.521887 52.826579 -17.020443
vn -16.521887 52.826579 -17.020443
vn -16.521887 52.826579 -17.020443
vn -30.354031 47.471566 13.356593
vn -30.354031 47.471566 13.356593
vn -30.354031 47.471566 13.356593
vn -53.116461 -1.366410 -23.023708
vn -53.116461 -1.366410 -23.023708
vn -53.116461 -1.366410 -23.023708
vn -53.783758 -7.638389 -20.056886
vn -53.783758 -7.638389 -20.056886
vn -53.783758 -7.638389 -20.056886
vn -56.181112 2.310086 13.844236
vn -56.181112 2.310086 13.844236
vn -56.181112 2.310086 13.844236
vn 20.213863 -2.842670 -54.190730
vn 20.213863 -2.842670 -54.190730
vn 20.213863 -2.842670 -54.190730
vn -46.794892 33.477609 6.542473
vn -46.794892 33.477609 6.542473
vn -46.794892 33.477609 6.542473
vn 20.867209 -28.268640 46.029988
vn 20.867209 -28.268640 46.029988
vn 20.867209 -28.268640 46.029988
vn -53.642302 12.580226 -17.820142
vn -53.642302 12.580226 -17.820142
vn -53.642302 12.580226 -17.820142
vn -55.229061 -6.326705 16.218511
vn -55.229061 -6.326705 16.218511
vn -55.229061 -6.326705 16.218511
vn 49.831124 0.284379 -29.497363
vn 49.831124 0.284379 -29.497363
vn 49.831124 0.284379 -29.497363
vn 13.864957 4.415423 -56.049829
vn 13.864957 4.415423 -56.049829
vn 13.864957 4.415423 -56.049829
vn 44.629496 -6.719087 -36.281925
vn 44.629496 -6.719087 -36.281925
vn 44.629496 -6.719087 -36.281925
vn 14.724339 -56.001119 -0.619653
vn 14.724339 -56.001119 -0.619653
vn 14.724339 -56.001119 -0.619653
vn -22.488062 40.710345 34.500296
vn -22.488062 40.710345 34.500296
vn -22.488062 40.710345 34.500296
vn 15.849885 15.719649 -53.432110
vn 15.849885 15.719649 -53.432110
vn 15.849885 15.719649 -53.432110
vn -33.527007 -34.787084 -31.923573
vn -33.527007 -34.787084 -31.923573
vn -33.527007 -34.787084 -31.923573
vn -50.913112 26.251095 -8.488314
vn -50.913112 26.251095 -8.488314
vn -50.913112 26.251095 -8.488314
vn -54.336253 14.969596 13.296581
vn -54.336253 14.969596 13.296581
vn -54.336253 14.969596 13.296581
vn 13.626443 -29.171579 48.131644
vn 13.626443 -29.171579 48.131644
vn 13.626443 -29.171579 48.131644
vn 46.659029 10.326381 -32.705002
vn 46.659029 10.326381 -32.705002
vn 46.659029 10.326381 -32.705002
vn -54.105563 20.161864 4.404995
vn -54.105563 20.161864 4.404995
vn -54.105563 20.161864 4.404995
vn 1.812855 -4.825398 -57.677947
vn 1.812855 -4.825398 -57.677947
vn 1.812855 -4.825398 -57.677947
vn 14.752387 42.073472 -36.952747
vn 14.752387 42.073472 -36.952747
vn 14.752387 42.073472 -36.952747
vn 28.950076 -50.138198 -1.170295
vn 28.950076 -50.138198 -1.170295
vn 28.950076 -50.138198 -1.170295
vn 51.434029 18.011160 -19.582019
vn 51.434029 18.011160 -19.582019
vn 51.434029 18.011160 -19.582019
vn 5.553250 -45.656814 -35.184263
vn 5.553250 -45.656814 -35.184263
vn 5.553250 -45.656814 -35.184263
vn -34.460317 30.633648 -35.034016
vn -34.460317 30.633648 -35.034016
vn -34.460317 30.633648 -35.034016
vn 12.896290 54.451110 14.902279
vn 12.896290 54.451110 14.902279
vn 12.896290 54.451110 14.902279
vn 46.189325 -28.369713 -20.372084
vn 46.189325 -28.369713 -20.372084
vn 46.189325 -28.369713 -20.372084
vn -54.392629 -16.553986 10.987441
vn -54.392629 -16.553986 10.987441
vn -54.392629 -16.553986 10.987441
vn -37.007883 11.152135 43.120333
vn -37.007883 11.152135 43.120333
vn -37.007883 11.152135 43.120333
vn -45.374280 -9.868605 -34.599158
vn -45.374280 -9.868605 -34.599158
vn -45.374280 -9.868605 -34.599158
vn -44.707283 -4.789102 36.491637
vn -44.707283 -4.789102 36.491637
vn -44.707283 -4.789102 36.491637
vn -12.090175 -3.392376 -56.529955
vn -12.090175 -3.392376 -56.529955
vn -12.090175 -3.392376 -56.529955
vn -36.440518 25.905069 36.801253
vn -36.440518 25.905069 36.801253
vn -36.440518 25.905069 36.801253
vn -9.430299 5.430381 -56.876152
vn -9.430299 5.430381 -56.876152
vn -9.430299 5.430381 -56.876152
vn 48.935231 -16.472397 -26.216783
vn 48.935231 -16.472397 -26.216783
vn 48.935231 -16.472397 -26.216783
vn 3.660756 39.921960 41.786982
vn 3.660756 39.921960 41.786982
vn 3.660756 39.921960 41.786982
vn -56.634735 5.144945 -10.924872
vn -56.634735 5.144945 -10.924872
vn -56.634735 5.144945 -10.924872
vn 54.708379 -3.503739 -18.655655
vn 54.708379 -3.503739 -18.655655
vn 54.708379 -3.503739 -18.655655
vn 42.840684 -38.853078 2.903440
vn 42.840684 -38.853078 2.903440
vn 42.840684 -38.853078 2.903440
vn -41.728822 -22.449603 33.287190
vn -41.728822 -22.449603 33.287190
vn -41.728822 -22.449603 33.287190
vn -33.224050 46.436088 -9.652340
vn -33.224050 46.436088 -9.652340
vn -33.224050 46.436088 -9.652340
vn -55.508412 -14.466194 -7.928542
vn -55.508412 -14.466194 -7.928542
vn -55.508412 -14.466194 -7.928542
vn -11.350881 42.078118 -38.130106
vn -11.350881 42.078118 -38.130106
vn -11.350881 42.078118 -38.130106
vn 8.818926 1.191111 -57.219962
vn 8.818926 1.191111 -57.219962
vn 8.818926 1.191111 -57.219962
vn 15.939809 38.823732 39.899330
vn 15.939809 38.823732 39.899330
vn 15.939809 38.823732 39.899330
vn -18.603345 52.687334 15.207765
vn -18.603345 52.687334 15.207765
vn -18.603345 52.687334 15.207765
vn -49.437611 -25.950745 15.355695
vn -49.437611 -25.950745 15.355695
vn -49.437611 -25.950745 15.355695
vn -18.706109 19.282819 -51.298835
vn -18.706109 19.282819 -51.298835
vn -18.706109 19.282819 -51.298835
vn 18.864761 52.840415 14.329238
vn 18.864761 52.840415 14.329238
vn 18.864761 52.840415 14.329238
vn 44.756688 -24.548565 27.340876
vn 44.756688 -24.548565 27.340876
vn 44.756688 -24.548565 27.340876
vn 5.875620 53.503675 -21.357651
vn 5.875620 53.503675 -21.357651
vn 5.875620 53.503675 -21.357651
vn 53.764706 -12.041359 17.823543
vn 53.764706 -12.041359 17.823543
vn 53.764706 -12.041359 17.823543
vn 5.706249 3.528186 57.517884
vn 5.706249 3.528186 57.517884
vn 5.706249 3.528186 57.517884
vn 18.411150 25.679474 48.527423
vn 18.411150 25.679474 48.527423
vn 18.411150 25.679474 48.527423
vn -3.275931 29.868114 -49.502322
vn -3.275931 29.868114 -49.502322
vn -3.275931 29.868114 -49.502322
vn -49.825142 24.581140 -16.326037
vn -49.825142 24.581140 -16.326037
vn -49.825142 24.581140 -16.326037
vn 21.625264 41.719413 -33.840127
vn 21.625264 41.719413 -33.840127
vn 21.625264 41.719413 -33.840127
vn -50.660352 -27.194560 -6.877557
vn -50.660352 -27.194560 -6.877557
vn -50.660352 -27.194560 -6.877557
vn 56.638921 9.983202 6.759060
vn 56.638921 9.983202 6.759060
vn 56.638921 9.983202 6.759060
vn 53.235906 -7.877140 -21.382359
vn 53.235906 -7.877140 -21.382359
vn 53.235906 -7.877140 -21.382359
vn -9.283146 14.367301 55.323775
vn -9.283146 14.367301 55.323775
vn -9.283146 14.367301 55.323775
vn -2.902324 9.510113 -57.047792
vn -2.902324 9.510113 -57.047792
vn -2.902324 9.510113 -57.047792
vn 53.505643 17.276930 -13.855325
vn 53.505643 17.276930 -13.855325
vn 53.505643 17.276930 -13.855325
vn 5.899673 25.775710 -51.518179
vn 5.899673 25.775710 -51.518179
vn 5.899673 25.775710 -51.518179
vn -9.215980 44.991150 -35.272899
vn -9.215980 44.991150 -35.272899
vn -9.215980 44.991150 -35.272899
vn -22.351317 32.437738 -42.444406
vn -22.351317 32.437738 -42.444406
vn -22.351317 32.437738 -42.444406
vn 54.382879 -15.737323 -12.171903
vn 54.382879 -15.737323 -12.171903
vn 54.382879 -15.737323 -12.171903
vn 55.365130 -15.884519 5.974981
vn 55.365130 -15.884519 5.974981
vn 55.365130 -15.884519 5.974981
vn -32.985024 -30.521134 36.520740
vn -32.985024 -30.521134 36.520740
vn -32.985024 -30.521134 36.520740
vn 36.547775 32.575352 -30.926082
vn 36.547775 32.575352 -30.926082
vn 36.547775 32.575352 -30.926082
vn 4.768245 53.436725 -21.796683
vn 4.768245 53.436725 -21.796683
vn 4.768245 53.436725 -21.796683
vn -56.072105 -13.444837 5.335886
vn -56.072105 -13.444837 5.335886
vn -56.072105 -13.444837 5.335886
vn -27.698314 -13.628587 48.993686
vn -27.698314 -13.628587 48.993686
vn -27.698314 -13.628587 48.993686
vn -14.348109 52.271397 -20.375181
vn -14.348109 52.271397 -20.375181
vn -14.348109 52.271397 -20.375181
vn -31.544607 5.125863 48.290573
vn -31.544607 5.125863 48.290573
vn -31.544607 5.125863 48.290573
vn -35.586119 -44.173019 11.648548
vn -35.586119 -44.173019 11.648548
vn -35.586119 -44.173019 11.648548
vn -18.125970 -16.173695 -52.565930
vn -18.125970 -16.173695 -52.565930
vn -18.125970 -16.173695 -52.565930
vn -32.885560 -20.968021 -42.804187
vn -32.885560 -20.968021 -42.804187
vn -32.885560 -20.968021 -42.804187
vn 25.715219 46.198679 -23.616190
vn 25.715219 46.198679 -23.616190
vn 25.715219 46.198679 -23.616190
vn 44.284665 -12.576594 35.128537
vn 44.284665 -12.576594 35.128537
vn 44.284665 -12.576594 35.128537
vn -57.111702 -1.704850 -9.416124
vn -57.111702 -1.704850 -9.416124
vn -57.111702 -1.704850 -9.416124
vn 18.023379 42.562446 34.884260
vn 18.023379 42.562446 34.884260
vn 18.023379 42.562446 34.884260
vn -42.352508 -39.403933 -2.628859
vn -42.352508 -39.403933 -2.628859
vn -42.352508 -39.403933 -2.628859
vn -53.119878 -11.611558 -19.919008
vn -53.119878 -11.611558 -19.919008
vn -53.119878 -11.611558 -19.919008
vn 52.621981 21.642910 -10.762339
vn 52.621981 21.642910 -10.762339
vn 52.621981 21.642910 -10.762339
vn -53.360586 8.939752 20.640869
vn -53.360586 8.939752 20.640869
vn -53.360586 8.939752 20.640869
vn 22.921112 -20.222720 -49.183129
vn 22.921112 -20.222720 -49.183129
vn 22.921112 -20.222720 -49.183129
vn -34.311877 -17.724554 -43.149176
vn -34.311877 -17.724554 -43.149176
vn -34.311877 -17.724554 -43.149176
vn -57.472876 6.925374 -1.491496
vn -57.472876 6.925374 -1.491496
vn -57.472876 6.925374 -1.491496
vn -43.377210 13.338211 35.969793
vn -43.377210 13.338211 35.969793
vn -43.377210 13.338211 35.969793
vn 36.387042 25.697210 -36.999359
vn 36.387042 25.697210 -36.999359
vn 36.387042 25.697210 -36.999359
vn 47.917047 10.003496 -30.938697
vn 47.917047 10.003496 -30.938697
vn 47.917047 10.003496 -30.938697
vn -55.804593 -15.019688 3.684113
vn -55.804593 -15.019688 3.684113
vn -55.804593 -15.019688 3.684113
vn -30.319339 -5.189309 -49.062462
vn -30.319339 -5.189309 -49.062462
vn -30.319339 -5.189309 -49.062462
vn -48.245160 -29.423801 -12.647558
vn -48.245160 -29.423801 -12.647558
vn -48.245160 -29.423801 -12.647558
vn 22.515025 50.863105 16.103836
vn 22.515025 50.863105 16.103836
vn 22.515025 50.863105 16.103836
vn -40.162520 -33.650922 24.655698
vn -40.162520 -33.650922 24.655698
vn -40.162520 -33.650922 24.655698
vn -23.919323 37.832985 36.740265
vn -23.919323 37.832985 36.740265
vn -23.919323 37.832985 36.740265
vn 4.513048 57.713145 -1.462993
vn 4.513048 57.713145 -1.462993
vn 4.513048 57.713145 -1.462993
vn 26.690062 -27.952391 43.123321
vn 26.690062 -27.952391 43.123321
vn 26.690062 -27.952391 43.123321
vn -53.004446 -22.423537 6.405451
vn -53.004446 -22.423537 6.405451
vn -53.004446 -22.423537 6.405451
vn 47.664017 -32.360566 5.852426
vn 47.664017 -32.360566 5.852426
vn 47.664017 -32.360566 5.852426
vn 8.676716 36.676393 -43.964445
vn 8.676716 36.676393 -43.964445
vn 8.676716 36.676393 -43.964445
vn 45.182928 22.529686 -28.358991
vn 45.182928 22.529686 -28.358991
vn 45.182928 22.529686 -28.358991
vn -56.959906 7.271910 -7.483651
vn -56.959906 7.271910 -7.483651
vn -56.959906 7.271910 -7.483651
vn -8.142697 -18.070871 -54.410077
vn -8.142697 -18.070871 -54.410077
vn -8.142697 -18.070871 -54.410077
vn 23.879427 -52.754782 0.147539
vn 23.879427 -52.754782 0.147539
vn 23.879427 -52.754782 0.147539
vn 42.210244 24.052329 -31.513445
vn 42.210244 24.052329 -31.513445
vn 42.210244 24.052329 -31.513445
vn -36.685261 -21.088438 -39.532089
vn -36.685261 -21.088438 -39.532089
vn -36.685261 -21.088438 -39.532089
vn -28.384117 12.903279 -48.797164
vn -28.384117 12.903279 -48.797164
vn -28.384117 12.903279 -48.797164
vn -54.264234 -7.331303 18.840431
vn -54.264234 -7.331303 18.840431
vn -54.264234 -7.331303 18.840431
vn 42.326346 -34.833439 -18.666226
vn 42.326346 -34.833439 -18.666226
vn 42.326346 -34.833439 -18.666226
vn -56.446403 11.021821 6.755736
vn -56.446403 11.021821 6.755736
vn -56.446403 11.021821 6.755736
vn -15.175410 -55.141419 9.079983
vn -15.175410 -55.141419 9.079983
vn -15.175410 -55.141419 9.079983
vn -8.317556 -1.941534 -57.274474
vn -8.317556 -1.941534 -57.274474
vn -8.317556 -1.941534 -57.274474
vn -3.103048 -6.554519 -57.451945
vn -3.103048 -6.554519 -57.451945
vn -3.103048 -6.554519 -57.451945
vn 3.246089 -31.138635 48.715141
vn 3.246089 -31.138635 48.715141
vn 3.246089 -31.138635 48.715141
vn 13.953573 -20.667793 52.263336
vn 13.953573 -20.667793 52.263336
vn 13.953573 -20.667793 52.263336
vn 51.270936 -25.516851 -8.573083
vn 51.270936 -25.516851 -8.573083
vn 51.270936 -25.516851 -8.573083
vn 54.568234 12.399240 14.895755
vn 54.568234 12.399240 14.895755
vn 54.568234 12.399240 14.895755
vn -4.782506 48.722914 30.927672
vn -4.782506 48.722914 30.927672
vn -4.782506 48.722914 30.927672
vn 44.910454 -31.823694 -17.989433
vn 44.910454 -31.823694 -17.989433
vn 44.910454 -31.823694 -17.989433
vn -56.756431 -1.437081 -11.399948
vn -56.756431 -1.437081 -11.399948
vn -56.756431 -1.437081 -11.399948
vn 50.293424 28.321929 -4.664369
vn 50.293424 28.321929 -4.664369
vn 50.293424 28.321929 -4.664369
vn 19.896942 -44.562360 31.170872
vn 19.896942 -44.562360 31.170872
vn 19.896942 -44.562360 31.170872
vn 56.754062 -8.504440 -7.743891
vn 56.754062 -8.504440 -7.743891
vn 56.754062 -8.504440 -7.743891
vn -48.353336 21.388394 -23.617951
vn -48.353336 21.388394 -23.617951
vn -48.353336 21.388394 -23.617951
vn -52.306376 24.192565 -5.663855
vn -52.306376 24.192565 -5.663855
vn -52.306376 24.192565 -5.663855
vn 55.806469 -13.298171 -7.881214
vn 55.806469 -13.298171 -7.881214
vn 55.806469 -13.298171 -7.881214
vn 32.761330 35.484275 31.951168
vn 32.761330 35.484275 31.951168
vn 32.761330 35.484275 31.951168
vn -24.515651 -52.413611 2.260987
vn -24.515651 -52.413611 2.260987
vn -24.515651 -52.413611 2.260987
vn 52.292711 -6.324351 -24.058083
vn 52.292711 -6.324351 -24.058083
vn 52.292711 -6.324351 -24.058083
vn -0.184565 51.958330 25.565857
vn -0.184565 51.958330 25.565857
vn -0.184565 51.958330 25.565857
vn -24.444175 -12.865766 50.894699
vn -24.444175 -12.865766 50.894699
vn -24.444175 -12.865766 50.894699
vn -10.552867 34.013986 -45.661822
vn -10.552867 34.013986 -45.661822
vn -10.552867 34.013986 -45.661822
vn -31.974333 29.305407 38.368627
vn -31.974333 29.305407 38.368627
vn -31.974333 29.305407 38.368627
vn -20.559315 -32.485387 -43.305086
vn -20.559315 -32.485387 -43.305086
vn -20.559315 -32.485387 -43.305086
vn -1.141950 -23.206764 -53.042042
vn -1.141950 -23.206764 -53.042042
vn -1.141950 -23.206764 -53.042042
vn -14.603636 18.115558 53.027130
vn -14.603636 18.115558 53.027130
vn -14.603636 18.115558 53.027130
vn -46.198960 2.159448 -34.846939
vn -46.198960 2.159448 -34.846939
vn -46.198960 2.159448 -34.846939
vn 40.007270 -33.226141 -25.470723
vn 40.007270 -33.226141 -25.470723
vn 40.007270 -33.226141 -25.470723
vn 38.659828 -37.400154 -21.446727
vn 38.659828 -37.400154 -21.446727
vn 38.659828 -37.400154 -21.446727
vn -23.354838 -24.468729 -47.001583
vn -23.354838 -24.468729 -47.001583
vn -23.354838 -24.468729 -47.001583
vn -44.129201 11.106610 -35.813035
vn -44.129201 11.106610 -35.813035
vn -44.129201 11.106610 -35.813035
vn -33.533157 -23.953452 -40.682617
vn -33.533157 -23.953452 -40.682617
vn -33.533157 -23.953452 -40.682617
vn 51.411666 -12.573222 -23.496205
vn 51.411666 -12.573222 -23.496205
vn 51.411666 -12.573222 -23.496205
vn -45.028127 -12.727014 -34.114630
vn -45.028127 -12.727014 -34.114630
vn -45.028127 -12.727014 -34.114630
vn 41.272453 -40.495424 3.165571
vn 41.272453 -40.495424 3.165571
vn 41.272453 -40.495424 3.165571
vn 49.975839 14.924082 -25.159567
vn 49.975839 14.924082 -25.159567
vn 49.975839 14.924082 -25.159567
vn 32.561612 -43.333240 20.378598
vn 32.561612 -43.333240 20.378598
vn 32.561612 -43.333240 20.378598
vn 55.527955 -1.048587 16.397048
vn 55.527955 -1.048587 16.397048
vn 55.527955 -1.048587 16.397048
vn 28.837543 -50.130974 2.932008
vn 28.837543 -50.130974 2.932008
vn 28.837543 -50.130974 2.932008
vn 38.512325 25.726915 34.759783
vn 38.512325 25.726915 34.759783
vn 38.512325 25.726915 34.759783
vn 55.198026 5.453575 16.635883
vn 55.198026 5.453575 16.635883
vn 55.198026 5.453575 16.635883
vn -53.567044 -11.166612 -18.952443
vn -53.567044 -11.166612 -18.952443
vn -53.567044 -11.166612 -18.952443
vn 27.436002 33.204810 38.704295
vn 27.436002 33.204810 38.704295
vn 27.436002 33.204810 38.704295
vn -38.772591 -13.915703 -40.698358
vn -38.772591 -13.915703 -40.698358
vn -38.772591 -13.915703 -40.698358
vn -34.557036 19.691573 -42.087639
vn -34.557036 19.691573 -42.087639
vn -34.557036 19.691573 -42.087639
vn 42.289408 31.960302 -23.312251
vn 42.289408 31.960302 -23.312251
vn 42.289408 31.960302 -23.312251
vn 30.948965 -8.054667 -48.276293
vn 30.948965 -8.054667 -48.276293
vn 30.948965 -8.054667 -48.276293
vn -19.022531 12.111421 -53.336415
vn -19.022531 12.111421 -53.336415
vn -19.022531 12.111421 -53.336415
vn 29.011705 46.586878 -18.474287
vn 29.011705 46.586878 -18.474287
vn 29.011705 46.586878 -18.474287
vn 22.854561 -50.493472 -16.774798
vn 22.854561 -50.493472 -16.774798
vn 22.854561 -50.493472 -16.774798
vn 1.106156 8.856970 57.215792
vn 1.106156 8.856970 57.215792
vn 1.106156 8.856970 57.215792
vn -29.251174 -45.882907 -19.810185
vn -29.251174 -45.882907 -19.810185
vn -29.251174 -45.882907 -19.810185
vn -49.359458 -20.396403 -22.381848
vn -49.359458 -20.396403 -22.381848
vn -49.359458 -20.396403 -22.381848
vn -45.981234 34.593915 -6.504095
vn -45.981234 34.593915 -6.504095
vn -45.981234 34.593915 -6.504095
vn -15.195326 26.232279 49.338484
vn -15.195326 26.232279 49.338484
vn -15.195326 26.232279 49.338484
vn 9.835039 56.837339 -5.109186
vn 9.835039 56.837339 -5.109186
vn 9.835039 56.837339 -5.109186
vn -44.457787 32.785561 17.376083
vn -44.457787 32.785561 17.376083
vn -44.457787 32.785561 17.376083
vn -48.059036 9.369731 30.916878
vn -48.059036 9.369731 30.916878
vn -48.059036 9.369731 30.916878
vn 18.892201 54.461727 5.506420
vn 18.892201 54.461727 5.506420
vn 18.892201 54.461727 5.506420
vn 21.676876 8.723288 52.984277
vn 21.676876 8.723288 52.984277
vn 21.676876 8.723288 52.984277
vn 51.504717 22.831653 -13.390160
vn 51.504717 22.831653 -13.390160
vn 51.504717 22.831653 -13.390160
vn -42.305164 -22.415498 -32.575059
vn -42.305164 -22.415498 -32.575059
vn -42.305164 -22.415498 -32.575059
vn 55.621581 -11.606169 11.173784
vn 55.621581 -11.606169 11.173784
vn 55.621581 -11.606169 11.173784
vn -18.292069 53.527227 12.391601
vn -18.292069 53.527227 12.391601
vn -18.292069 53.527227 12.391601
vn 34.090454 -22.738625 -40.915919
vn 34.090454 -22.738625 -40.915919
vn 34.090454 -22.738625 -40.915919
vn -55.888017 3.204601 -14.818115
vn -55.888017 3.204601 -14.818115
vn -55.888017 3.204601 -14.818115
vn -42.262369 -35.758097 16.987247
vn -42.262369 -35.758097 16.987247
vn -42.262369 -35.758097 16.987247
vn -0.052030 54.781020 -18.771062
vn -0.052030 54.781020 -18.771062
vn -0.052030 54.781020 -18.771062
vn -41.978329 -4.054808 39.682430
vn -41.978329 -4.054808 39.682430
vn -41.978329 -4.054808 39.682430
vn -38.425949 -19.585824 -38.641409
vn -38.425949 -19.585824 -38.641409
vn -38.425949 -19.585824 -38.641409
vn -6.845073 46.131761 -34.326684
vn -6.845073 46.131761 -34.326684
vn -6.845073 46.131761 -34.326684
vn -37.690323 40.235585 17.715893
vn -37.690323 40.235585 17.715893
vn -37.690323 40.235585 17.715893
vn 22.860426 48.092367 22.756107
vn 22.860426 48.092367 22.756107
vn 22.860426 48.092367 22.756107
vn 57.118696 6.559615 6.909631
vn 57.118696 6.559615 6.909631
vn 57.118696 6.559615 6.909631
vn 13.769925 55.402419 9.709611
vn 13.769925 55.402419 9.709611
vn 13.769925 55.402419 9.709611
vn 45.210810 -32.808491 15.261132
vn 45.210810 -32.808491 15.261132
vn 45.210810 -32.808491 15.261132
vn 16.611085 36.498237 -41.776385
vn 16.611085 36.498237 -41.776385
vn 16.611085 36.498237 -41.776385
vn 51.886940 25.696889 0.855750
vn 51.886940 25.696889 0.855750
vn 51.886940 25.696889 0.855750
vn 22.651790 -53.004186 -5.546882
vn 22.651790 -53.004186 -5.546882
vn 22.651790 -53.004186 -5.546882
vn -13.271125 -56.000322 -6.415318
vn -13.271125 -56.000322 -6.415318
vn -13.271125 -56.000322 -6.415318
vn -17.040125 4.667946 -55.146721
vn -17.040125 4.667946 -55.146721
vn -17.040125 4.667946 -55.146721
vn -43.632098 -20.365682 32.168231
vn -43.632098 -20.365682 32.168231
vn -43.632098 -20.365682 32.168231
vn -17.988291 40.298524 37.493543
vn -17.988291 40.298524 37.493543
vn -17.988291 40.298524 37.493543
vn -38.801480 -33.494244 26.942472
vn -38.801480 -33.494244 26.942472
vn -38.801480 -33.494244 26.942472
vn -34.281323 -5.707457 -46.319892
vn -34.281323 -5.707457 -46.319892
vn -34.281323 -5.707457 -46.319892
vn -46.336204 -3.430419 34.561607
vn -46.336204 -3.430419 34.561607
vn -46.336204 -3.430419 34.561607
vn 52.966707 22.287225 7.150099
vn 52.966707 22.287225 7.150099
vn 52.966707 22.287225 7.150099
vn -20.997982 -20.834458 49.782792
vn -20.997982 -20.834458 49.782792
vn -20.997982 -20.834458 49.782792
vn -39.639328 22.200680 35.905012
vn -39.639328 22.200680 35.905012
vn -39.639328 22.200680 35.905012
vn 57.832891 -0.188521 2.938945
vn 57.832891 -0.188521 2.938945
vn 57.832891 -0.188521 2.938945
vn 15.315012 -54.870111 10.394058
vn 15.315012 -54.870111 10.394058
vn 15.315012 -54.870111 10.394058
vn 34.239830 -14.416510 -44.419753
vn 34.239830 -14.416510 -44.419753
vn 34.239830 -14.416510 -44.419753
vn -53.066434 22.007706 7.275352
vn -53.066434 22.007706 7.275352
vn -53.066434 22.007706 7.275352
vn 43.377436 37.987524 -5.353690
vn 43.377436 37.987524 -5.353690
vn 43.377436 37.987524 -5.353690
vn -34.979921 43.653301 -14.970314
vn -34.979921 43.653301 -14.970314
vn -34.979921 43.653301 -14.970314
vn 57.144524 -6.625024 6.627904
vn 57.144524 -6.625024 6.627904
vn 57.144524 -6.625024 6.627904
vn -9.446892 -26.520869 -50.603520
vn -9.446892 -26.520869 -50.603520
vn -9.446892 -26.520869 -50.603520
vn -38.352720 -5.498229 43.036674
vn -38.352720 -5.498229 43.036674
vn -38.352720 -5.498229 43.036674
vn -1.759713 -13.536024 -56.276066
vn -1.759713 -13.536024 -56.276066
vn -1.759713 -13.536024 -56.276066
vn 44.369196 -17.171286 -33.012691
vn 44.369196 -17.171286 -33.012691
vn 44.369196 -17.171286 -33.012691
vn 50.100830 13.598545 -25.657417
vn 50.100830 13.598545 -25.657417
vn 50.100830 13.598545 -25.657417
vn -45.765793 20.462013 -28.984729
vn -45.765793 20.462013 -28.984729
vn -45.765793 20.462013 -28.984729
vn 0.341706 4.070591 57.763571
vn 0.341706 4.070591 57.763571
vn 0.341706 4.070591 57.763571
vn 28.626602 6.423312 -49.925703
vn 28.626602 6.423312 -49.925703
vn 28.626602 6.423312 -49.925703
vn -49.851262 -7.300122 28.546046
vn -49.851262 -7.300122 28.546046
vn -49.851262 -7.300122 28.546046
vn 57.857907 2.381973 -0.324324
vn 57.857907 2.381973 -0.324324
vn 57.857907 2.381973 -0.324324
vn -45.995620 27.622727 21.787705
vn -45.995620 27.622727 21.787705
vn -45.995620 27.622727 21.787705
vn -44.871171 26.886744 -24.839438
vn -44.871171 26.886744 -24.839438
vn -44.871171 26.886744 -24.839438
vn -25.665711 -37.029541 -36.378570
vn -25.665711 -37.029541 -36.378570
vn -25.665711 -37.029541 -36.378570
vn 20.206897 4.636000 -54.069447
vn 20.206897 4.636000 -54.069447
vn 20.206897 4.636000 -54.069447
vn -46.291701 31.363638 -15.057105
vn -46.291701 31.363638 -15.057105
vn -46.291701 31.363638 -15.057105
vn -42.239604 -6.510454 -39.073606
vn -42.239604 -6.510454 -39.073606
vn -42.239604 -6.510454 -39.073606
vn -54.378890 5.014365 -19.264188
vn -54.378890 5.014365 -19.264188
vn -54.378890 5.014365 -19.264188
vn -54.934553 -1.700890 18.237817
vn -54.934553 -1.700890 18.237817
vn -54.934553 -1.700890 18.237817
vn 38.671948 3.399197 -42.967930
vn 38.671948 3.399197 -42.967930
vn 38.671948 3.399197 -42.967930
vn 8.546544 -30.348790 48.571837
vn 8.546544 -30.348790 48.571837
vn 8.546544 -30.348790 48.571837
vn 51.578505 -1.422789 -26.285926
vn 51.578505 -1.422789 -26.285926
vn 51.578505 -1.422789 -26.285926
vn -49.302119 -13.499833 -27.209777
vn -49.302119 -13.499833 -27.209777
vn -49.302119 -13.499833 -27.209777
vn -37.469685 22.691549 -37.873902
vn -37.469685 22.691549 -37.873902
vn -37.469685 22.691549 -37.873902
vn -14.882305 2.493545 -55.907210
vn -14.882305 2.493545 -55.907210
vn -14.882305 2.493545 -55.907210
vn 40.198468 3.971295 -41.492517
vn 40.198468 3.971295 -41.492517
vn 40.198468 3.971295 -41.492517
vn 35.429208 -31.466465 33.285865
vn 35.429208 -31.466465 33.285865
vn 35.429208 -31.466465 33.285865
vn 32.748434 18.767881 -43.916096
vn 32.748434 18.767881 -43.916096
vn 32.748434 18.767881 -43.916096
vn 42.145431 30.341283 -25.621965
vn 42.145431 30.341283 -25.621965
vn 42.145431 30.341283 -25.621965
vn 46.013291 4.180977 -34.908640
vn 46.013291 4.180977 -34.908640
vn 46.013291 4.180977 -34.908640
vn -4.674005 11.659428 56.528999
vn -4.674005 11.659428 56.528999
vn -4.674005 11.659428 56.528999
vn -35.457174 -16.502871 42.705514
vn -35.457174 -16.502871 42.705514
vn -35.457174 -16.502871 42.705514
vn 18.552762 40.408460 -37.098075
vn 18.552762 40.408460 -37.098075
vn 18.552762 40.408460 -37.098075
vn 16.020273 20.033511 -51.916525
vn 16.020273 20.033511 -51.916525
vn 16.020273 20.033511 -51.916525
vn -52.731998 19.115299 14.396460
vn -52.731998 19.115299 14.396460
vn -52.731998 19.115299 14.396460
vn -23.319593 14.993451 -50.840035
vn -23.319593 14.993451 -50.840035
vn -23.319593 14.993451 -50.840035
vn 41.978545 -0.035474 -39.888804
vn 41.978545 -0.035474 -39.888804
vn 41.978545 -0.035474 -39.888804
vn -57.010569 -9.853594 2.453123
vn -57.010569 -9.853594 2.453123
vn -57.010569 -9.853594 2.453123
vn -49.107345 -17.840749 24.969827
vn -49.107345 -17.840749 24.969827
vn -49.107345 -17.840749 24.969827
vn 38.728984 1.825683 -43.012194
vn 38.728984 1.825683 -43.012194
vn 38.728984 1.825683 -43.012194
vn -33.995199 6.755101 46.389780
vn -33.995199 6.755101 46.389780
vn -33.995199 6.755101 46.389780
vn 49.066679 11.125395 28.670604
vn 49.066679 11.125395 28.670604
vn 49.066679 11.125395 28.670604
vn 54.962271 -9.222881 -15.729069
vn 54.962271 -9.222881 -15.729069
vn 54.962271 -9.222881 -15.729069
vn -9.410010 20.301322 -53.409963
vn -9.410010 20.301322 -53.409963
vn -9.410010 20.301322 -53.409963
vn -41.142069 -4.124022 40.541818
vn -41.142069 -4.124022 40.541818
vn -41.142069 -4.124022 40.541818
vn 51.354299 24.410622 -10.962388
vn 51.354299 24.410622 -10.962388
vn 51.354299 24.410622 -10.962388
vn -2.445761 -57.504269 -6.371190
vn -2.445761 -57.504269 -6.371190
vn -2.445761 -57.504269 -6.371190
vn 10.449726 -49.941233 -27.385979
vn 10.449726 -49.941233 -27.385979
vn 10.449726 -49.941233 -27.385979
vn 17.009304 36.496821 -41.617082
vn 17.009304 36.496821 -41.617082
vn 17.009304 36.496821 -41.617082
vn -35.600064 -18.889452 -41.582935
vn -35.600064 -18.889452 -41.582935
vn -35.600064 -18.889452 -41.582935
vn 46.550243 33.894775 -6.126633
vn 46.550243 33.894775 -6.126633
vn 46.550243 33.894775 -6.126633
vn -13.298725 56.257023 -3.406850
vn -13.298725 56.257023 -3.406850
vn -13.298725 56.257023 -3.406850
vn 46.975188 8.434736 -32.794865
vn 46.975188 8.434736 -32.794865
vn 46.975188 8.434736 -32.794865
vn 42.756436 -9.114218 -37.975451
vn 42.756436 -9.114218 -37.975451
vn 42.756436 -9.114218 -37.975451
vn -15.849604 23.613802 -50.442982
vn -15.849604 23.613802 -50.442982
vn -15.849604 23.613802 -50.442982
vn -7.676779 20.115407 53.756434
vn -7.676779 20.115407 53.756434
vn -7.676779 20.115407 53.756434
vn 37.998217 21.296575 38.156359
vn 37.998217 21.296575 38.156359
vn 37.998217 21.296575 38.156359
vn 10.338793 -6.353359 56.622085
vn 10.338793 -6.353359 56.622085
vn 10.338793 -6.353359 56.622085
vn -27.366579 33.379290 -38.603232
vn -27.366579 33.379290 -38.603232
vn -27.366579 33.379290 -38.603232
vn 13.875143 -46.938683 30.944403
vn 13.875143 -46.938683 30.944403
vn 13.875143 -46.938683 30.944403
vn 41.295824 -36.005808 -18.749735
vn 41.295824 -36.005808 -18.749735
vn 41.295824 -36.005808 -18.749735
vn -10.092788 -3.935116 -56.885561
vn -10.092788 -3.935116 -56.885561
vn -10.092788 -3.935116 -56.885561
vn -54.039577 14.263826 -15.152025
vn -54.039577 14.263826 -15.152025
vn -54.039577 14.263826 -15.152025
vn -28.373371 26.459925 42.990009
vn -28.373371 26.459925 42.990009
vn -28.373371 26.459925 42.990009
vn 48.565697 29.945496 9.897323
vn 48.565697 29.945496 9.897323
vn 48.565697 29.945496 9.897323
vn -56.728249 7.650835 -8.757107
vn -56.728249 7.650835 -8.757107
vn -56.728249 7.650835 -8.757107
vn -11.408404 -21.479811 52.552660
vn -11.408404 -21.479811 52.552660
vn -11.408404 -21.479811 52.552660
vn 4.042704 53.668726 -21.369140
vn 4.042704 53.668726 -21.369140
vn 4.042704 53.668726 -21.369140
vn 42.539205 10.253204 -37.928935
vn 42.539205 10.253204 -37.928935
vn 42.539205 10.253204 -37.928935
vn 54.966706 -18.026682 -2.648877
vn 54.966706 -18.026682 -2.648877
vn 54.966706 -18.026682 -2.648877
vn 57.593525 4.477257 -4.031931
vn 57.593525 4.477257 -4.031931
vn 57.593525 4.477257 -4.031931
vn -14.516453 37.186977 -41.948985
vn -14.516453 37.186977 -41.948985
vn -14.516453 37.186977 -41.948985
vn -30.232449 -23.633836 -43.367695
vn -30.232449 -23.633836 -43.367695
vn -30.232449 -23.633836 -43.367695
vn -15.896552 -55.279481 -6.692797
vn -15.896552 -55.279481 -6.692797
vn -15.896552 -55.279481 -6.692797
vn 16.044508 51.837101 20.218905
vn 16.044508 51.837101 20.218905
vn 16.044508 51.837101 20.218905
vn -4.842049 57.519771 -4.620181
vn -4.842049 57.519771 -4.620181
vn -4.842049 57.519771 -4.620181
vn 38.080516 14.191861 -41.252660
vn 38.080516 14.191861 -41.252660
vn 38.080516 14.191861 -41.252660
vn -27.857741 -43.603973 -25.999139
vn -27.857741 -43.603973 -25.999139
vn -27.857741 -43.603973 -25.999139
vn -56.736131 -6.639103 9.500000
vn -56.736131 -6.639103 9.500000
vn -56.736131 -6.639103 9.500000
vn -54.550772 -8.880087 17.282193
vn -54.550772 -8.880087 17.282193
vn -54.550772 -8.880087 17.282193
vn -55.116882 -5.542066 16.873973
vn -55.116882 -5.542066 16.873973
vn -55.116882 -5.542066 16.873973
vn 14.723937 55.551313 7.111416
vn 14.723937 55.551313 7.111416
vn 14.723937 55.551313 7.111416
vn 53.180163 -19.298281 12.359721
vn 53.180163 -19.298281 12.359721
vn 53.180163 -19.298281 12.359721
vn -16.810342 -20.648937 51.423246
vn -16.810342 -20.648937 51.423246
vn -16.810342 -20.648937 51.423246
vn 40.870030 40.228334 8.039742
vn 40.870030 40.228334 8.039742
vn 40.870030 40.228334 8.039742
vn -32.298711 9.407717 -47.133900
vn -32.298711 9.407717 -47.133900
vn -32.298711 9.407717 -47.133900
vn 43.394257 -1.610033 -38.310085
vn 43.394257 -1.610033 -38.310085
vn 43.394257 -1.610033 -38.310085
vn -29.233599 -17.380550 46.868213
vn -29.233599 -17.380550 46.868213
vn -29.233599 -17.380550 46.868213
vn -9.916110 -10.552883 -56.068027
vn -9.916110 -10.552883 -56.068027
vn -9.916110 -10.552883 -56.068027
vn -46.757486 -19.917166 27.755366
vn -46.757486 -19.917166 27.755366
vn -46.757486 -19.917166 27.755366
vn 30.791609 -30.271413 38.585414
vn 30.791609 -30.271413 38.585414
vn 30.791609 -30.271413 38.585414
vn 50.336797 -27.228478 -8.839283
vn 50.336797 -27.228478 -8.839283
vn 50.336797 -27.228478 -8.839283
vn -13.331199 49.001024 27.829740
vn -13.331199 49.001024 27.829740
vn -13.331199 49.001024 27.829740
vn 3.649452 57.720390 2.890156
vn 3.649452 57.720390 2.890156
vn 3.649452 57.720390 2.890156
vn 56.126939 9.769304 -10.375159
vn 56.126939 9.769304 -10.375159
vn 56.126939 9.769304 -10.375159
vn 0.118774 57.817238 -3.235498
vn 0.118774 57.817238 -3.235498
vn 0.118774 57.817238 -3.235498
vn -53.589729 -3.622494 21.641060
vn -53.589729 -3.622494 21.641060
vn -53.589729 -3.622494 21.641060
vn -11.779497 53.328504 -19.251735
vn -11.779497 53.328504 -19.251735
vn -11.779497 53.328504 -19.251735
vn -4.180744 -57.593172 4.343214
vn -4.180744 -57.593172 4.343214
vn -4.180744 -57.593172 4.343214
vn 11.647367 6.278136 -56.375883
vn 11.647367 6.278136 -56.375883
vn 11.647367 6.278136 -56.375883
vn -2.225707 -18.785909 54.730726
vn -2.225707 -18.785909 54.730726
vn -2.225707 -18.785909 54.730726
vn -44.134854 -8.179447 -36.585898
vn -44.134854 -8.179447 -36.585898
vn -44.134854 -8.179447 -36.585898
vn -8.763917 -2.540283 -57.184414
vn -8.763917 -2.540283 -57.184414
vn -8.763917 -2.540283 -57.184414
vn 17.570161 -26.623497 -48.330060
vn 17.570161 -26.623497 -48.330060
vn 17.570161 -26.623497 -48.330060
vn 50.864804 -19.883425 -19.254555
vn 50.864804 -19.883425 -19.254555
vn 50.864804 -19.883425 -19.254555
vn -19.465773 -49.562484 22.758717
vn -19.465773 -49.562484 22.758717
vn -19.465773 -49.562484 22.758717
vn -46.553035 14.605641 -31.189857
vn -46.553035 14.605641 -31.189857
vn -46.553035 14.605641 -31.189857
vn -28.519799 7.756463 49.797342
vn -28.519799 7.756463 49.797342
vn -28.519799 7.756463 49.797342
vn 6.631196 10.354494 -56.587346
vn 6.631196 10.354494 -56.587346
vn 6.631196 10.354494 -56.587346
vn 45.145773 25.733741 25.552890
vn 45.145773 25.733741 25.552890
vn 45.145773 25.733741 25.552890
vn -51.323819 10.620606 -24.624879
vn -51.323819 10.620606 -24.624879
vn -51.323819 10.620606 -24.624879
vn 50.064076 17.153856 -23.508504
vn 50.064076 17.153856 -23.508504
vn 50.064076 17.153856 -23.508504
vn 17.742034 53.299462 -14.060689
vn 17.742034 53.299462 -14.060689
vn 17.742034 53.299462 -14.060689
vn -42.040744 5.181295 39.484766
vn -42.040744 5.181295 39.484766
vn -42.040744 5.181295 39.484766
vn -11.229362 -33.960815 45.539877
vn -11.229362 -33.960815 45.539877
vn -11.229362 -33.960815 45.539877
vn -4.568740 -30.166115 -49.218372
vn -4.568740 -30.166115 -49.218372
vn -4.568740 -30.166115 -49.218372
vn 35.325201 45.768433 3.270582
vn 35.325201 45.768433 3.270582
vn 35.325201 45.768433 3.270582
vn -19.148739 54.087539 -7.821692
vn -19.148739 54.087539 -7.821692
vn -19.148739 54.087539 -7.821692
vn -37.352841 30.710484 31.858241
vn -37.352841 30.710484 31.858241
vn -37.352841 30.710484 31.858241
vn 16.578357 -52.209750 -18.778062
vn 16.578357 -52.209750 -18.778062
vn 16.578357 -52.209750 -18.778062
vn 20.969074 -36.192523 40.046414
vn 20.969074 -36.192523 40.046414
vn 20.969074 -36.192523 40.046414
vn -2.668429 -54.779907 -18.583781
vn -2.668429 -54.779907 -18.583781
vn -2.668429 -54.779907 -18.583781
vn 51.756553 -25.899021 -1.953470
vn 51.756553 -25.899021 -1.953470
vn 51.756553 -25.899021 -1.953470
vn 14.880497 55.796355 -4.318886
vn 14.880497 55.796355 -4.318886
vn 14.880497 55.796355 -4.318886
vn 47.186239 -20.769247 -26.370698
vn 47.186239 -20.769247 -26.370698
vn 47.186239 -20.769247 -26.370698
vn -27.872897 48.876192 13.694334
vn -27.872897 48.876192 13.694334
vn -27.872897 48.876192 13.694334
vn 13.273020 48.066392 -29.440871
vn 13.273020 48.066392 -29.440871
vn 13.273020 48.066392 -29.440871
vn -46.892805 16.221014 29.853981
vn -46.892805 16.221014 29.853981
vn -46.892805 16.221014 29.853981
vn 54.169309 20.263365 -2.898055
vn 54.169309 20.263365 -2.898055
vn 54.169309 20.263365 -2.898055
vn -30.096504 -31.237198 -38.363449
vn -30.096504 -31.237198 -38.363449
vn -30.096504 -31.237198 -38.363449
vn -12.889001 10.548528 -55.460969
vn -12.889001 10.548528 -55.460969
vn -12.889001 10.548528 -55.460969
vn 46.115065 34.021306 -8.322714
vn 46.115065 34.021306 -8.322714
vn 46.115065 34.021306 -8.322714
vn -7.705080 1.411874 -57.375561
vn -7.705080 1.411874 -57.375561
vn -7.705080 1.411874 -57.375561
vn -50.070367 -27.261910 10.152004
vn -50.070367 -27.261910 10.152004
vn -50.070367 -27.261910 10.152004
vn 51.675377 -14.129102 -21.985015
vn 51.675377 -14.129102 -21.985015
vn 51.675377 -14.129102 -21.985015
vn 52.611720 -23.981444 -3.195926
vn 52.611720 -23.981444 -3.195926
vn 52.611720 -23.981444 -3.195926
vn -45.070026 13.194580 33.880858
vn -45.070026 13.194580 33.880858
vn -45.070026 13.194580 33.880858
vn 11.165733 52.807111 20.977389
vn 11.165733 52.807111 20.977389
vn 11.165733 52.807111 20.977389
vn 12.035923 52.995263 19.998857
vn 12.035923 52.995263 19.998857
vn 12.035923 52.995263 19.998857
vn 57.712922 -1.380154 4.542115
vn 57.712922 -1.380154 4.542115
vn 57.712922 -1.380154 4.542115
vn -42.784467 19.531655 -33.783425
vn -42.784467 19.531655 -33.783425
vn -42.784467 19.531655 -33.783425
vn -48.782081 -30.547241 6.363268
vn -48.782081 -30.547241 6.363268
vn -48.782081 -30.547241 6.363268
vn 43.321083 7.758107 37.635255
vn 43.321083 7.758107 37.635255
vn 43.321083 7.758107 37.635255
vn 42.045668 -22.763701 -32.669438
vn 42.045668 -22.763701 -32.669438
vn 42.045668 -22.763701 -32.669438
vn -41.063532 -24.138914 32.930464
vn -41.063532 -24.138914 32.930464
vn -41.063532 -24.138914 32.930464
vn -5.339622 -57.594038 2.780335
vn -5.339622 -57.594038 2.780335
vn -5.339622 -57.594038 2.780335
vn -48.012137 -2.828232 -32.251400
vn -48.012137 -2.828232 -32.251400
vn -48.012137 -2.828232 -32.251400
vn 30.279156 -6.476676 48.934053
vn 30.279156 -6.476676 48.934053
vn 30.279156 -6.476676 48.934053
vn -7.403466 57.259840 -4.451352
vn -7.403466 57.259840 -4.451352
vn -7.403466 57.259840 -4.451352
vn -17.185319 -54.842385 7.091767
vn -17.185319 -54.842385 7.091767
vn -17.185319 -54.842385 7.091767
vn -54.977194 13.290674 -12.417041
vn -54.977194 13.290674 -12.417041
vn -54.977194 13.290674 -12.417041
vn -20.844458 15.541639 51.742466
vn -20.844458 15.541639 51.742466
vn -20.844458 15.541639 51.742466
vn -24.021059 10.320598 51.670014
vn -24.021059 10.320598 51.670014
vn -24.021059 10.320598 51.670014
vn -22.532475 10.884037 52.222049
vn -22.532475 10.884037 52.222049
vn -22.532475 10.884037 52.222049
vn -23.994782 11.233264 51.491561
vn -23.994782 11.233264 51.491561
vn -23.994782 11.233264 51.491561
vn 51.598256 2.257229 -26.188567
vn 51.598256 2.257229 -26.188567
vn 51.598256 2.257229 -26.188567
vn -34.935475 -39.977927 23.121278
vn -34.935475 -39.977927 23.121278
vn -34.935475 -39.977927 23.121278
vn -31.881794 -41.137494 25.388452
vn -31.881794 -41.137494 25.388452
vn -31.881794 -41.137494 25.388452
vn 48.640281 10.855822 29.488831
vn 48.640281 10.855822 29.488831
vn 48.640281 10.855822 29.488831
vn 36.838292 -8.444514 -43.874217
vn 36.838292 -8.444514 -43.874217
vn 36.838292 -8.444514 -43.874217
vn 28.113151 15.184398 48.294939
vn 28.113151 15.184398 48.294939
vn 28.113151 15.184398 48.294939
vn 42.361255 -5.843618 39.047311
vn 42.361255 -5.843618 39.047311
vn 42.361255 -5.843618 39.047311
vn 56.007919 13.698493 5.364797
vn 56.007919 13.698493 5.364797
vn 56.007919 13.698493 5.364797
vn 20.994700 -14.683802 -51.931927
vn 20.994700 -14.683802 -51.931927
vn 20.994700 -14.683802 -51.931927
vn 45.792046 23.751661 -26.310896
vn 45.792046 23.751661 -26.310896
vn 45.792046 23.751661 -26.310896
vn -15.745731 55.057075 8.608458
vn -15.745731 55.057075 8.608458
vn -15.745731 55.057075 8.608458
vn -3.315363 41.871368 -39.863673
vn -3.315363 41.871368 -39.863673
vn -3.315363 41.871368 -39.863673
vn -8.266570 24.693527 -51.722434
vn -8.266570 24.693527 -51.722434
vn -8.266570 24.693527 -51.722434
vn -16.128420 -4.419457 -55.440587
vn -16.128420 -4.419457 -55.440587
vn -16.128420 -4.419457 -55.440587
vn -15.656948 51.643733 21.002387
vn -15.656948 51.643733 21.002387
vn -15.656948 51.643733 21.002387
vn -16.512188 -24.448646 -49.828984
vn -16.512188 -24.448646 -49.828984
vn -16.512188 -24.448646 -49.828984
vn -36.633855 43.255220 11.843252
vn -36.633855 43.255220 11.843252
vn -36.633855 43.255220 11.843252
vn 47.876825 23.914635 22.118234
vn 47.876825 23.914635 22.118234
vn 47.876825 23.914635 22.118234
vn 29.917231 8.053916 48.922496
vn 29.917231 8.053916 48.922496
vn 29.917231 8.053916 48.922496
vn -56.105599 4.825017 -13.498058
vn -56.105599 4.825017 -13.498058
vn -56.105599 4.825017 -13.498058
vn -42.568381 26.191174 29.245024
vn -42.568381 26.191174 29.245024
vn -42.568381 26.191174 29.245024
vn 39.895444 36.805355 20.175111
vn 39.895444 36.805355 20.175111
vn 39.895444 36.805355 20.175111
vn -55.455772 -14.970419 7.338948
vn -55.455772 -14.970419 7.338948
vn -55.455772 -14.970419 7.338948
vn 36.295108 -43.926728 10.316196
vn 36.295108 -43.926728 10.316196
vn 36.295108 -43.926728 10.316196
vn -50.780443 -2.889169 27.682407
vn -50.780443 -2.889169 27.682407
vn -50.780443 -2.889169 27.682407
vn 20.262095 -7.021987 53.790848
vn 20.262095 -7.021987 53.790848
vn 20.262095 -7.021987 53.790848
vn 15.314594 54.507399 -12.154078
vn 15.314594 54.507399 -12.154078
vn 15.314594 54.507399 -12.154078
vn 7.464934 -14.574434 -55.544367
vn 7.464934 -14.574434 -55.544367
vn 7.464934 -14.574434 -55.544367
vn 52.372259 -10.145743 -22.528344
vn 52.372259 -10.145743 -22.528344
vn 52.372259 -10.145743 -22.528344
vn 10.993638 50.299517 26.503087
vn 10.993638 50.299517 26.503087
vn 10.993638 50.299517 26.503087
vn 16.079468 -40.485623 38.153386
vn 16.079468 -40.485623 38.153386
vn 16.079468 -40.485623 38.153386
vn 11.704439 -40.623921 39.572960
vn 11.704439 -40.623921 39.572960
vn 11.704439 -40.623921 39.572960
vn 7.068898 39.441791 -41.805402
vn 7.068898 39.441791 -41.805402
vn 7.068898 39.441791 -41.805402
vn -6.948596 -45.742658 -34.823003
vn -6.948596 -45.742658 -34.823003
vn -6.948596 -45.742658 -34.823003
vn 49.125123 27.880622 -12.755745
vn 49.125123 27.880622 -12.755745
vn 49.125123 27.880622 -12.755745
vn -49.768511 -26.749926 -12.682768
vn -49.768511 -26.749926 -12.682768
vn -49.768511 -26.749926 -12.682768
vn -20.694165 -24.313012 48.310920
vn -20.694165 -24.313012 48.310920
vn -20.694165 -24.313012 48.310920
vn 28.142229 23.618130 -44.760649
vn 28.142229 23.618130 -44.760649
vn 28.142229 23.618130 -44.760649
vn -31.871666 10.975840 47.085497
vn -31.871666 10.975840 47.085497
vn -31.871666 10.975840 47.085497
vn -50.794458 13.691817 -24.202771
vn -50.794458 13.691817 -24.202771
vn -50.794458 13.691817 -24.202771
vn -52.717397 20.740862 12.000389
vn -52.717397 20.740862 12.000389
vn -52.717397 20.740862 12.000389
vn -53.187597 -18.488299 13.512162
vn -53.187597 -18.488299 13.512162
vn -53.187597 -18.488299 13.512162
vn 12.608216 46.105802 32.689503
vn 12.608216 46.105802 32.689503
vn 12.608216 46.105802 32.689503
vn -19.532718 19.044733 -51.079229
vn -19.532718 19.044733 -51.079229
vn -19.532718 19.044733 -51.079229
vn -53.606626 11.333740 18.740123
vn -53.606626 11.333740 18.740123
vn -53.606626 11.333740 18.740123
vn -0.291386 20.362469 -54.208870
vn -0.291386 20.362469 -54.208870
vn -0.291386 20.362469 -54.208870
vn -50.019814 -6.451191 28.455524
vn -50.019814 -6.451191 28.455524
vn -50.019814 -6.451191 28.455524
vn 34.279130 -24.731031 39.580725
vn 34.279130 -24.731031 39.580725
vn 34.279130 -24.731031 39.580725
vn -22.864245 6.594227 52.792604
vn -22.864245 6.594227 52.792604
vn -22.864245 6.594227 52.792604
vn -54.050505 -20.702383 -1.808553
vn -54.050505 -20.702383 -1.808553
vn -54.050505 -20.702383 -1.808553
vn -36.945014 0.162146 44.590981
vn -36.945014 0.162146 44.590981
vn -36.945014 0.162146 44.590981
vn -33.384866 4.557667 47.095593
vn -33.384866 4.557667 47.095593
vn -33.384866 4.557667 47.095593
vn 15.729352 52.627696 -18.336533
vn 15.729352 52.627696 -18.336533
vn 15.729352 52.627696 -18.336533
vn 8.981680 53.425507 -20.453864
vn 8.981680 53.425507 -20.453864
vn 8.981680 53.425507 -20.453864
vn -10.281926 -28.721951 49.220396
vn -10.281926 -28.721951 49.220396
vn -10.281926 -28.721951 49.220396
vn 23.814656 -37.830606 -36.810641
vn 23.814656 -37.830606 -36.810641
vn 23.814656 -37.830606 -36.810641
vn -27.937621 -45.852245 21.688180
vn -27.937621 -45.852245 21.688180
vn -27.937621 -45.852245 21.688180
vn 12.875309 41.029115 -38.783423
vn 12.875309 41.029115 -38.783423
vn 12.875309 41.029115 -38.783423
vn 45.463627 -29.769430 -20.003886
vn 45.463627 -29.769430 -20.003886
vn 45.463627 -29.769430 -20.003886
vn 45.819059 -9.108895 34.219267
vn 45.819059 -9.108895 34.219267
vn 45.819059 -9.108895 34.219267
vn 9.598602 -53.201755 20.754643
vn 9.598602 -53.201755 20.754643
vn 9.598602 -53.201755 20.754643
vn -43.946412 18.736349 32.725807
vn -43.946412 18.736349 32.725807
vn -43.946412 18.736349 32.725807
vn -45.255526 16.728966 32.021797
vn -45.255526 16.728966 32.021797
vn -45.255526 16.728966 32.021797
vn -44.006643 17.291393 33.432610
vn -44.006643 17.291393 33.432610
vn -44.006643 17.291393 33.432610
vn 5.057274 57.520730 4.370929
vn 5.057274 57.520730 4.370929
vn 5.057274 57.520730 4.370929
vn -34.679947 33.707151 -31.850359
vn -34.679947 33.707151 -31.850359
vn -34.679947 33.707151 -31.850359
vn -40.594563 29.502670 -28.896195
vn -40.594563 29.502670 -28.896195
vn -40.594563 29.502670 -28.896195
vn 24.814919 -52.050850 -5.314495
vn 24.814919 -52.050850 -5.314495
vn 24.814919 -52.050850 -5.314495
vn 24.571957 2.419638 52.380157
vn 24.571957 2.419638 52.380157
vn 24.571957 2.419638 52.380157
vn -37.751847 -8.210732 -43.135812
vn -37.751847 -8.210732 -43.135812
vn -37.751847 -8.210732 -43.135812
vn -23.043540 -52.972618 4.026525
vn -23.043540 -52.972618 4.026525
vn -23.043540 -52.972618 4.026525
vn -41.876077 -35.090837 -19.192275
vn -41.876077 -35.090837 -19.192275
vn -41.876077 -35.090837 -19.192275
vn -8.933217 -55.118717 -15.344048
vn -8.933217 -55.118717 -15.344048
vn -8.933217 -55.118717 -15.344048
vn -44.119320 21.101301 -31.008656
vn -44.119320 21.101301 -31.008656
vn -44.119320 21.101301 -31.008656
vn -53.215465 15.007666 -17.210488
vn -53.215465 15.007666 -17.210488
vn -53.215465 15.007666 -17.210488
vn -52.384415 20.069587 -14.366682
vn -52.384415 20.069587 -14.366682
vn -52.384415 20.069587 -14.366682
vn -22.540299 53.179343 -4.148244
vn -22.540299 53.179343 -4.148244
vn -22.540299 53.179343 -4.148244
vn -31.106809 -48.527708 5.544674
vn -31.106809 -48.527708 5.544674
vn -31.106809 -48.527708 5.544674
vn 8.859116 -45.349399 34.903644
vn 8.859116 -45.349399 34.903644
vn 8.859116 -45.349399 34.903644
vn -47.912708 -29.501614 13.687358
vn -47.912708 -29.501614 13.687358
vn -47.912708 -29.501614 13.687358
vn -12.660992 54.916442 -13.311610
vn -12.660992 54.916442 -13.311610
vn -12.660992 54.916442 -13.311610
vn -2.847623 51.368942 -26.578905
vn -2.847623 51.368942 -26.578905
vn -2.847623 51.368942 -26.578905
vn 2.682210 19.300009 54.531019
vn 2.682210 19.300009 54.531019
vn 2.682210 19.300009 54.531019
vn 2.256297 17.293847 55.219098
vn 2.256297 17.293847 55.219098
vn 2.256297 17.293847 55.219098
vn 50.642637 -4.753209 -27.677555
vn 50.642637 -4.753209 -27.677555
vn 50.642637 -4.753209 -27.677555
vn 50.571408 -6.917308 -27.349591
vn 50.571408 -6.917308 -27.349591
vn 50.571408 -6.917308 -27.349591
vn -47.328996 12.933209 -30.757350
vn -47.328996 12.933209 -30.757350
vn -47.328996 12.933209 -30.757350
vn 54.721658 -4.357973 -18.435432
vn 54.721658 -4.357973 -18.435432
vn 54.721658 -4.357973 -18.435432
vn 55.065947 -6.400708 -16.735868
vn 55.065947 -6.400708 -16.735868
vn 55.065947 -6.400708 -16.735868
vn 35.726997 -26.832838 -36.836080
vn 35.726997 -26.832838 -36.836080
vn 35.726997 -26.832838 -36.836080
vn 56.659798 -9.848539 6.781580
vn 56.659798 -9.848539 6.781580
vn 56.659798 -9.848539 6.781580
vn -23.811803 -52.780027 -0.762989
vn -23.811803 -52.780027 -0.762989
vn -23.811803 -52.780027 -0.762989
vn -24.282423 -52.386316 -4.399212
vn -24.282423 -52.386316 -4.399212
vn -24.282423 -52.386316 -4.399212
vn -1.984608 -37.402442 -44.163726
vn -1.984608 -37.402442 -44.163726
vn -1.984608 -37.402442 -44.163726
vn 0.853851 4.758029 57.705705
vn 0.853851 4.758029 57.705705
vn 0.853851 4.758029 57.705705
vn -38.621520 -40.945237 13.608141
vn -38.621520 -40.945237 13.608141
vn -38.621520 -40.945237 13.608141
vn 55.906913 -11.708897 -9.520241
vn 55.906913 -11.708897 -9.520241
vn 55.906913 -11.708897 -9.520241
vn 55.623155 -14.490031 -7.029944
vn 55.623155 -14.490031 -7.029944
vn 55.623155 -14.490031 -7.029944
vn -35.269222 43.882838 -13.553375
vn -35.269222 43.882838 -13.553375
vn -35.269222 43.882838 -13.553375
vn -48.083018 30.119787 -11.581812
vn -48.083018 30.119787 -11.581812
vn -48.083018 30.119787 -11.581812
vn 28.291802 -46.246509 -20.350683
vn 28.291802 -46.246509 -20.350683
vn 28.291802 -46.246509 -20.350683
vn -43.991366 -1.494404 37.627688
vn -43.991366 -1.494404 37.627688
vn -43.991366 -1.494404 37.627688
vn 23.225916 45.200229 -27.763500
vn 23.225916 45.200229 -27.763500
vn 23.225916 45.200229 -27.763500
vn -36.596921 27.531567 35.440010
vn -36.596921 27.531567 35.440010
vn -36.596921 27.531567 35.440010
vn -18.760047 47.997067 -26.413220
vn -18.760047 47.997067 -26.413220
vn -18.760047 47.997067 -26.413220
vn -22.629244 10.210699 52.316108
vn -22.629244 10.210699 52.316108
vn -22.629244 10.210699 52.316108
vn -11.091185 -49.369458 28.159500
vn -11.091185 -49.369458 28.159500
vn -11.091185 -49.369458 28.159500
vn -9.645282 -49.383344 28.663025
vn -9.645282 -49.383344 28.663025
vn -9.645282 -49.383344 28.663025
vn -31.796210 -17.672417 45.055553
vn -31.796210 -17.672417 45.055553
vn -31.796210 -17.672417 45.055553
vn 49.505982 -27.505283 12.080279
vn 49.505982 -27.505283 12.080279
vn 49.505982 -27.505283 12.080279
vn 32.026136 14.811458 -45.915830
vn 32.026136 14.811458 -45.915830
vn 32.026136 14.811458 -45.915830
vn -7.114241 2.875283 57.397182
vn -7.114241 2.875283 57.397182
vn -7.114241 2.875283 57.397182
vn 14.625171 -55.964691 2.715392
vn 14.625171 -55.964691 2.715392
vn 14.625171 -55.964691 2.715392
vn -6.699168 -43.529211 37.598468
vn -6.699168 -43.529211 37.598468
vn -6.699168 -43.529211 37.598468
vn -37.566413 -28.704497 -33.438489
vn -37.566413 -28.704497 -33.438489
vn -37.566413 -28.704497 -33.438489
vn -37.173887 -28.413094 -34.119117
vn -37.173887 -28.413094 -34.119117
vn -37.173887 -28.413094 -34.119117
vn 17.323575 -8.428614 54.609238
vn 17.323575 -8.428614 54.609238
vn 17.323575 -8.428614 54.609238
vn 57.578297 6.116003 0.806754
vn 57.578297 6.116003 0.806754
vn 57.578297 6.116003 0.806754
vn -56.416083 -7.216015 -10.884438
vn -56.416083 -7.216015 -10.884438
vn -56.416083 -7.216015 -10.884438
vn 44.293021 17.009372 -33.198277
vn 44.293021 17.009372 -33.198277
vn 44.293021 17.009372 -33.198277
vn 39.380939 9.401762 -41.401269
vn 39.380939 9.401762 -41.401269
vn 39.380939 9.401762 -41.401269
vn 46.004641 12.521171 -32.865024
vn 46.004641 12.521171 -32.865024
vn 46.004641 12.521171 -32.865024
vn -2.294283 -57.861259 0.354747
vn -2.294283 -57.861259 0.354747
vn -2.294283 -57.861259 0.354747
vn -1.278382 -57.888554 0.772053
vn -1.278382 -57.888554 0.772053
vn -1.278382 -57.888554 0.772053
vn -2.383366 -57.856689 0.487994
vn -2.383366 -57.856689 0.487994
vn -2.383366 -57.856689 0.487994
vn 2.922736 -57.832974 -0.346356
vn 2.922736 -57.832974 -0.346356
vn 2.922736 -57.832974 -0.346356
vn -53.847753 21.159549 -2.451402
vn -53.847753 21.159549 -2.451402
vn -53.847753 21.159549 -2.451402
vn 6.107691 4.661357 -57.395856
vn 6.107691 4.661357 -57.395856
vn 6.107691 4.661357 -57.395856
vn -44.642586 24.517681 27.554287
vn -44.642586 24.517681 27.554287
vn -44.642586 24.517681 27.554287
vn 26.419206 1.661298 51.503228
vn 26.419206 1.661298 51.503228
vn 26.419206 1.661298 51.503228
vn 40.635567 -19.525744 -36.342987
vn 40.635567 -19.525744 -36.342987
vn 40.635567 -19.525744 -36.342987
vn -3.526817 -36.983390 -44.419662
vn -3.526817 -36.983390 -44.419662
vn -3.526817 -36.983390 -44.419662
vn -21.720051 20.820909 49.477731
vn -21.720051 20.820909 49.477731
vn -21.720051 20.820909 49.477731
vn -15.926575 -25.269898 -49.609397
vn -15.926575 -25.269898 -49.609397
vn -15.926575 -25.269898 -49.609397
vn -11.505740 -56.687841 2.724332
vn -11.505740 -56.687841 2.724332
vn -11.505740 -56.687841 2.724332
vn -32.791023 47.721575 -0.846314
vn -32.791023 47.721575 -0.846314
vn -32.791023 47.721575 -0.846314
vn 23.114968 -40.571868 -34.248179
vn 23.114968 -40.571868 -34.248179
vn 23.114968 -40.571868 -34.248179
vn 21.657803 -39.640088 -36.234221
vn 21.657803 -39.640088 -36.234221
vn 21.657803 -39.640088 -36.234221
vn -15.255887 33.392234 -44.783172
vn -15.255887 33.392234 -44.783172
vn -15.255887 33.392234 -44.783172
vn 43.829186 21.484955 -31.156311
vn 43.829186 21.484955 -31.156311
vn 43.829186 21.484955 -31.156311
vn -46.563859 34.132567 -4.482225
vn -46.563859 34.132567 -4.482225
vn -46.563859 34.132567 -4.482225
vn -39.525304 -42.320372 -0.227715
vn -39.525304 -42.320372 -0.227715
vn -39.525304 -42.320372 -0.227715
vn -54.239083 20.165276 -2.190849
vn -54.239083 20.165276 -2.190849
vn -54.239083 20.165276 -2.190849
vn 4.961891 55.201677 -16.777075
vn 4.961891 55.201677 -16.777075
vn 4.961891 55.201677 -16.777075
vn 2.318869 -56.306401 13.323931
vn 2.318869 -56.306401 13.323931
vn 2.318869 -56.306401 13.323931
vn 30.939905 -8.392977 48.224440
vn 30.939905 -8.392977 48.224440
vn 30.939905 -8.392977 48.224440
vn 45.557036 -34.056242 10.864861
vn 45.557036 -34.056242 10.864861
vn 45.557036 -34.056242 10.864861
vn 28.835509 -2.937922 -50.131810
vn 28.835509 -2.937922 -50.131810
vn 28.835509 -2.937922 -50.131810
vn -18.130560 -43.034062 34.244237
vn -18.130560 -43.034062 34.244237
vn -18.130560 -43.034062 34.244237
vn 11.310915 -54.741887 -15.122985
vn 11.310915 -54.741887 -15.122985
vn 11.310915 -54.741887 -15.122985
vn -14.729032 49.216567 -26.722657
vn -14.729032 49.216567 -26.722657
vn -14.729032 49.216567 -26.722657
vn -50.997893 -15.286527 22.778356
vn -50.997893 -15.286527 22.778356
vn -50.997893 -15.286527 22.778356
vn 28.343579 23.333511 44.782865
vn 28.343579 23.333511 44.782865
vn 28.343579 23.333511 44.782865
vn -18.275480 11.423374 53.747831
vn -18.275480 11.423374 53.747831
vn -18.275480 11.423374 53.747831
vn -45.629914 35.622684 -1.500463
vn -45.629914 35.622684 -1.500463
vn -45.629914 35.622684 -1.500463
vn 38.816537 -8.017162 -42.217506
vn 38.816537 -8.017162 -42.217506
vn 38.816537 -8.017162 -42.217506
vn -30.757918 10.304632 -47.969588
vn -30.757918 10.304632 -47.969588
vn -30.757918 10.304632 -47.969588
vn 42.226432 34.366738 19.727444
vn 42.226432 34.366738 19.727444
vn 42.226432 34.366738 19.727444
vn -21.377324 38.160466 -37.948712
vn -21.377324 38.160466 -37.948712
vn -21.377324 38.160466 -37.948712
vn -10.912485 42.600303 -37.675556
vn -10.912485 42.600303 -37.675556
vn -10.912485 42.600303 -37.675556
vn -55.981515 9.694501 11.198372
vn -55.981515 9.694501 11.198372
vn -55.981515 9.694501 11.198372
vn -57.218590 2.915017 8.417378
vn -57.218590 2.915017 8.417378
vn -57.218590 2.915017 8.417378
vn -57.426989 3.637494 6.498142
vn -57.426989 3.637494 6.498142
vn -57.426989 3.637494 6.498142
vn -32.340722 -8.688154 -47.243093
vn -32.340722 -8.688154 -47.243093
vn -32.340722 -8.688154 -47.243093
vn -47.188942 6.079385 -33.008504
vn -47.188942 6.079385 -33.008504
vn -47.188942 6.079385 -33.008504
vn 0.787366 -37.155662 44.408930
vn 0.787366 -37.155662 44.408930
vn 0.787366 -37.155662 44.408930
vn 51.980075 9.859469 23.541015
vn 51.980075 9.859469 23.541015
vn 51.980075 9.859469 23.541015
vn 53.517876 13.646543 17.404737
vn 53.517876 13.646543 17.404737
vn 53.517876 13.646543 17.404737
vn 14.718619 -17.800673 -53.101925
vn 14.718619 -17.800673 -53.101925
vn 14.718619 -17.800673 -53.101925
vn 39.724541 33.916120 -24.999475
vn 39.724541 33.916120 -24.999475
vn 39.724541 33.916120 -24.999475
vn 24.174490 -22.303244 47.660001
vn 24.174490 -22.303244 47.660001
vn 24.174490 -22.303244 47.660001
vn 47.186748 -30.247402 14.554083
vn 47.186748 -30.247402 14.554083
vn 47.186748 -30.247402 14.554083
vn -51.181416 16.769764 -21.273328
vn -51.181416 16.769764 -21.273328
vn -51.181416 16.769764 -21.273328
vn 15.520531 10.274122 -54.834955
vn 15.520531 10.274122 -54.834955
vn 15.520531 10.274122 -54.834955
vn 56.268026 11.423864 7.531365
vn 56.268026 11.423864 7.531365
vn 56.268026 11.423864 7.531365
vn 30.942324 -21.924633 -43.762989
vn 30.942324 -21.924633 -43.762989
vn 30.942324 -21.924633 -43.762989
vn 25.073314 -34.328949 39.321341
vn 25.073314 -34.328949 39.321341
vn 25.073314 -34.328949 39.321341
vn -52.410336 -3.590823 -24.363479
vn -52.410336 -3.590823 -24.363479
vn -52.410336 -3.590823 -24.363479
vn -19.771475 44.624417 31.161930
vn -19.771475 44.624417 31.161930
vn -19.771475 44.624417 31.161930
vn -34.312846 -28.685846 -36.784057
vn -34.312846 -28.685846 -36.784057
vn -34.312846 -28.685846 -36.784057
vn 16.173989 -31.700555 45.681428
vn 16.173989 -31.700555 45.681428
vn 16.173989 -31.700555 45.681428
vn 46.208780 -28.377995 -20.316359
vn 46.208780 -28.377995 -20.316359
vn 46.208780 -28.377995 -20.316359
vn -51.503088 -18.760535 18.675938
vn -51.503088 -18.760535 18.675938
vn -51.503088 -18.760535 18.675938
vn -51.883639 -25.713964 -0.443260
vn -51.883639 -25.713964 -0.443260
vn -51.883639 -25.713964 -0.443260
vn -55.248537 -13.960244 10.296943
vn -55.248537 -13.960244 10.296943
vn -55.248537 -13.960244 10.296943
vn 46.135477 6.626178 -34.364633
vn 46.135477 6.626178 -34.364633
vn 46.135477 6.626178 -34.364633
vn 40.424326 -41.063432 5.743192
vn 40.424326 -41.063432 5.743192
vn 40.424326 -41.063432 5.743192
vn -16.141820 54.471968 11.205439
vn -16.141820 54.471968 11.205439
vn -16.141820 54.471968 11.205439
vn 4.175205 16.759129 55.272199
vn 4.175205 16.759129 55.272199
vn 4.175205 16.759129 55.272199
vn -21.597121 15.869960 51.332499
vn -21.597121 15.869960 51.332499
vn -21.597121 15.869960 51.332499
vn -7.411792 10.127755 -56.531501
vn -7.411792 10.127755 -56.531501
vn -7.411792 10.127755 -56.531501
vn -42.101200 -12.425814 -37.767774
vn -42.101200 -12.425814 -37.767774
vn -42.101200 -12.425814 -37.767774
vn -49.596059 5.879982 29.308242
vn -49.596059 5.879982 29.308242
vn -49.596059 5.879982 29.308242
vn 25.013617 -11.416345 -50.963741
vn 25.013617 -11.416345 -50.963741
vn 25.013617 -11.416345 -50.963741
vn 14.945601 -46.666623 30.857267
vn 14.945601 -46.666623 30.857267
vn 14.945601 -46.666623 30.857267
vn 14.951577 40.917070 -38.151795
vn 14.951577 40.917070 -38.151795
vn 14.951577 40.917070 -38.151795
vn 47.918390 -15.221715 28.730534
vn 47.918390 -15.221715 28.730534
vn 47.918390 -15.221715 28.730534
vn 34.295474 39.010663 25.598913
vn 34.295474 39.010663 25.598913
vn 34.295474 39.010663 25.598913
vn -42.323225 27.990800 -27.902983
vn -42.323225 27.990800 -27.902983
vn -42.323225 27.990800 -27.902983
vn 7.452594 -7.498807 -56.934553
vn 7.452594 -7.498807 -56.934553
vn 7.452594 -7.498807 -56.934553
vn -51.650633 -4.244556 -25.836263
vn -51.650633 -4.244556 -25.836263
vn -51.650633 -4.244556 -25.836263
vn -34.017310 -9.842888 -45.817645
vn -34.017310 -9.842888 -45.817645
vn -34.017310 -9.842888 -45.817645
vn 11.190287 14.722767 -54.875620
vn 11.190287 14.722767 -54.875620
vn 11.190287 14.722767 -54.875620
vn 52.455093 22.996808 8.539684
vn 52.455093 22.996808 8.539684
vn 52.455093 22.996808 8.539684
vn 42.800666 -14.643067 -36.152454
vn 42.800666 -14.643067 -36.152454
vn 42.800666 -14.643067 -36.152454
vn 18.588717 -53.218031 -13.252025
vn 18.588717 -53.218031 -13.252025
vn 18.588717 -53.218031 -13.252025
vn -43.079176 35.712412 -14.903849
vn -43.079176 35.712412 -14.903849
vn -43.079176 35.712412 -14.903849
vn -53.696779 15.255284 15.402882
vn -53.696779 15.255284 15.402882
vn -53.696779 15.255284 15.402882
vn -52.069997 -4.666814 24.904879
vn -52.069997 -4.666814 24.904879
vn -52.069997 -4.666814 24.904879
vn 54.012652 17.665988 -11.129361
vn 54.012652 17.665988 -11.129361
vn 54.012652 17.665988 -11.129361
vn -49.649967 2.878517 -29.663304
vn -49.649967 2.878517 -29.663304
vn -49.649967 2.878517 -29.663304
vn -42.156618 23.403311 32.069004
vn -42.156618 23.403311 32.069004
vn -42.156618 23.403311 32.069004
vn -32.300460 44.730747 17.582841
vn -32.300460 44.730747 17.582841
vn -32.300460 44.730747 17.582841
vn -38.421267 -4.396621 43.102121
vn -38.421267 -4.396621 43.102121
vn -38.421267 -4.396621 43.102121
vn -19.167325 39.776711 37.466558
vn -19.167325 39.776711 37.466558
vn -19.167325 39.776711 37.466558
vn -19.316180 41.306756 35.692475
vn -19.316180 41.306756 35.692475
vn -19.316180 41.306756 35.692475
vn 57.182957 7.485730 5.233524
vn 57.182957 7.485730 5.233524
vn 57.182957 7.485730 5.233524
vn 14.698027 3.055789 -55.928047
vn 14.698027 3.055789 -55.928047
vn 14.698027 3.055789 -55.928047
vn -44.963025 -32.899175 15.788824
vn -44.963025 -32.899175 15.788824
vn -44.963025 -32.899175 15.788824
vn 30.480273 -12.311982 47.672682
vn 30.480273 -12.311982 47.672682
vn 30.480273 -12.311982 47.672682
vn -11.024926 3.349357 -56.749884
vn -11.024926 3.349357 -56.749884
vn -11.024926 3.349357 -56.749884
vn -1.106499 -47.074417 -33.705939
vn -1.106499 -47.074417 -33.705939
vn -1.106499 -47.074417 -33.705939
vn -57.091554 -9.304626 2.700838
vn -57.091554 -9.304626 2.700838
vn -57.091554 -9.304626 2.700838
vn -43.494931 10.204260 36.842644
vn -43.494931 10.204260 36.842644
vn -43.494931 10.204260 36.842644
vn 53.934939 -14.036212 -15.726526
vn 53.934939 -14.036212 -15.726526
vn 53.934939 -14.036212 -15.726526
vn 8.717889 -17.190538 -54.605866
vn 8.717889 -17.190538 -54.605866
vn 8.717889 -17.190538 -54.605866
vn 41.015521 26.079260 31.478804
vn 41.015521 26.079260 31.478804
vn 41.015521 26.079260 31.478804
vn 46.103027 34.998909 -1.703859
vn 46.103027 34.998909 -1.703859
vn 46.103027 34.998909 -1.703859
vn 38.700609 43.011405 2.365933
vn 38.700609 43.011405 2.365933
vn 38.700609 43.011405 2.365933
vn 36.491989 44.617309 -5.562905
vn 36.491989 44.617309 -5.562905
vn 36.491989 44.617309 -5.562905
vn 29.614968 49.581988 4.230283
vn 29.614968 49.581988 4.230283
vn 29.614968 49.581988 4.230283
vn 54.390015 15.092929 -12.932385
vn 54.390015 15.092929 -12.932385
vn 54.390015 15.092929 -12.932385
vn 52.177212 23.165374 -9.706716
vn 52.177212 23.165374 -9.706716
vn 52.177212 23.165374 -9.706716
vn 54.233768 15.182501 -13.472422
vn 54.233768 15.182501 -13.472422
vn 54.233768 15.182501 -13.472422
vn 55.596876 7.776971 -14.206418
vn 55.596876 7.776971 -14.206418
vn 55.596876 7.776971 -14.206418
vn -15.013199 -55.892312 -1.992139
vn -15.013199 -55.892312 -1.992139
vn -15.013199 -55.892312 -1.992139
vn -54.150669 8.648619 -18.607062
vn -54.150669 8.648619 -18.607062
vn -54.150669 8.648619 -18.607062
vn -27.963292 -43.598544 -25.894722
vn -27.963292 -43.598544 -25.894722
vn -27.963292 -43.598544 -25.894722
vn 45.314971 27.955835 22.767115
vn 45.314971 27.955835 22.767115
vn 45.314971 27.955835 22.767115
vn -29.830764 -16.182360 46.920924
vn -29.830764 -16.182360 46.920924
vn -29.830764 -16.182360 46.920924
vn -0.886496 -28.497847 -50.402412
vn -0.886496 -28.497847 -50.402412
vn -0.886496 -28.497847 -50.402412
vn -1.600215 -35.009430 -46.098750
vn -1.600215 -35.009430 -46.098750
vn -1.600215 -35.009430 -46.098750
vn 55.116750 -2.850665 -17.530960
vn 55.116750 -2.850665 -17.530960
vn 55.116750 -2.850665 -17.530960
vn -46.282562 34.688239 2.822553
vn -46.282562 34.688239 2.822553
vn -46.282562 34.688239 2.822553
vn 49.795532 -3.870924 -29.304225
vn 49.795532 -3.870924 -29.304225
vn 49.795532 -3.870924 -29.304225
vn -47.468756 32.811553 -4.840992
vn -47.468756 32.811553 -4.840992
vn -47.468756 32.811553 -4.840992
vn 26.164686 26.452043 44.373582
vn 26.164686 26.452043 44.373582
vn 26.164686 26.452043 44.373582
vn 52.724760 11.386735 -21.065581
vn 52.724760 11.386735 -21.065581
vn 52.724760 11.386735 -21.065581
vn 53.161457 22.670312 -3.637644
vn 53.161457 22.670312 -3.637644
vn 53.161457 22.670312 -3.637644
vn 26.110004 51.252891 6.687634
vn 26.110004 51.252891 6.687634
vn 26.110004 51.252891 6.687634
vn 44.611905 1.837607 36.874355
vn 44.611905 1.837607 36.874355
vn 44.611905 1.837607 36.874355
vn 49.296992 -28.873997 -9.455939
vn 49.296992 -28.873997 -9.455939
vn 49.296992 -28.873997 -9.455939
vn 32.066472 -21.551277 43.134674
vn 32.066472 -21.551277 43.134674
vn 32.066472 -21.551277 43.134674
vn -30.972003 48.928825 -0.143541
vn -30.972003 48.928825 -0.143541
vn -30.972003 48.928825 -0.143541
vn -35.771493 43.460053 13.599247
vn -35.771493 43.460053 13.599247
vn -35.771493 43.460053 13.599247
f 1//1 2//2 3//3
f 4//4 5//5 6//6
f 7//7 8//8 9//9
f 10//10 11//11 12//12
f 13//13 14//14 15//15
f 16//16 17//17 18//18
f 19//19 20//20 21//21
f 22//22 23//23 24//24
f 25//25 26//26 27//27
f 28//28 29//29 30//30
f 31//31 32//32 33//33
f 34//34 35//35 36//36
f 37//37 38//38 39//39
f 40//40 41//41 42//42
f 43//43 44//44 45//45
f 46//46 47//47 48//48
f 49//49 50//50 51//51
f 52//52 53//53 54//54
f 55//55 56//56 57//57
f 58//58 59//59 60//60
f 61//61 62//62 63//63
f 64//64 65//65 66//66
f 67//67 68//68 69//69
f 70//70 71//71 72//72
f 73//73 74//74 75//75
f 76//76 77//77 78//78
f 79//79 80//80 81//81
f 82//82 83//83 84//84
f 85//85 86//86 87//87
f 88//88 89//89 90//90
f 91//91 92//92 93//93
f 94//94 95//95 96//96
f 97//97 98//98 99//99
f 100//100 101//101 102//102
f 103//103 104//104 105//105
f 106//106 107//107 108//108
f 109//109 110//110 111//111
f 112//112 113//113 114//114
f 115//115 116//116 117//117
f 118//118 119//119 120//120
f 121//121 122//122 123//123
f 124//124 125//125 126//126
f 127//127 128//128 129//129
f 130//130 131//131 132//132
f 133//133 134//134 135//135
f 136//136 137//137 138//138
f 139//139 140//140 141//141
f 142//142 143//143 144//144
f 145//145 146//146 147//147
f 148//148 149//149 150//150
f 151//151 152//152 153//153
f 154//154 155//155 156//156
f 157//157 158//158 159//159
f 160//160 161//161 162//162
f 163//163 164//164 165//165
f 166//166 167//167 168//168
f 169//169 170//170 171//171
f 172//172 173//173 174//174
f 175//175 176//176 177//177
f 178//178 179//179 180//180
f 181//181 182//182 183//183
f 184//184 185//185 186//186
f 187//187 188//188 189//189
f 190//190 191//191 192//192
f 193//193 194//194 195//195
f 196//196 197//197 198//198
f 199//199 200//200 201//201
f 202//202 203//203 204//204
f 205//205 206//206 207//207
f 208//208 209//209 210//210
f 211//211 212//212 213//213
f 214//214 215//215 216//216
f 217//217 218//218 219//219
f 220//220 221//221 222//222
f 223//223 224//224 225//225
f 226//226 227//227 228//228
f 229//229 230//230 231//231
f 232//232 233//233 234//234
f 235//235 236//236 237//237
f 238//238 239//239 240//240
f 241//241 242//242 243//243
f 244//244 245//245 246//246
f 247//247 248//248 249//249
f 250//250 251//251 252//252
f 253//253 254//254 255//255
f 256//256 257//257 258//258
f 259//259 260//260 261//261
f 262//262 263//263 264//264
f 265//265 266//266 267//267
f 268//268 269//269 270//270
f 271//271 272//272 273//273
f 274//274 275//275 276//276
f 277//277 278//278 279//279
f 280//280 281//281 282//282
f 283//283 284//284 285//285
f 286//286 287//287 288//288
f 289//289 290//290 291//291
f 292//292 293//293 294//294
f 295//295 296//296 297//297
f 298//298 299//299 300//300
f 301//301 302//302 303//303
f 304//304 305//305 306//306
f 307//307 308//308 309//309
f 310//310 311//311 312//312
f 313//313 314//314 315//315
f 316//316 317//317 318//318
f 319//319 320//320 321//321
f 322//322 323//323 324//324
f 325//325 326//326 327//327
f 328//328 329//329 330//330
f 331//331 332//332 333//333
f 334//334 335//335 336//336
f 337//337 338//338 339//339
f 340//340 341//341 342//342
f 343//343 344//344 345//345
f 346//346 347//347 348//348
f 349//349 350//350 351//351
f 352//352 353//353 354//354
f 355//355 356//356 357//357
f 358//358 359//359 360//360
f 361//361 362//362 363//363
f 364//364 365//365 366//366
f 367//367 368//368 369//369
f 370//370 371//371 372//372
f 373//373 374//374 375//375
f 376//376 377//377 378//378
f 379//379 380//380 381//381
f 382//382 383//383 384//384
f 385//385 386//386 387//387
f 388//388 389//389 390//390
f 391//391 392//392 393//393
f 394//394 395//395 396//396
f 397//397 398//398 399//399
f 400//400 401//401 402//402
f 403//403 404//404 405//405
f 406//406 407//407 408//408
f 409//409 410//410 411//411
f 412//412 413//413 414//414
f 415//415 416//416 417//417
f 418//418 419//419 420//420
f 421//421 422//422 423//423
f 424//424 425//425 426//426
f 427//427 428//428 429//429
f 430//430 431//431 432//432
f 433//433 434//434 435//435
f 436//436 437//437 438//438
f 439//439 440//440 441//441
f 442//442 443//443 444//444
f 445//445 446//446 447//447
f 448//448 449//449 450//450
f 451//451 452//452 453//453
f 454//454 455//455 456//456
f 457//457 458//458 459//459
f 460//460 461//461 462//462
f 463//463 464//464 465//465
f 466//466 467//467 468//468
f 469//469 470//470 471//471
f 472//472 473//473 474//474
f 475//475 476//476 477//477
f 478//478 479//479 480//480
f 481//481 482//482 483//483
f 484//484 485//485 486//486
f 487//487 488//488 489//489
f 490//490 491//491 492//492
f 493//493 494//494 495//495
f 496//496 497//497 498//498
f 499//499 500//500 501//501
f 502//502 503//503 504//504
f 505//505 506//506 507//507
f 508//508 509//509 510//510
f 511//511 512//512 513//513
f 514//514 515//515 516//516
f 517//517 518//518 519//519
f 520//520 521//521 522//522
f 523//523 524//524 525//525
f 526//526 527//527 528//528
f 529//529 530//530 531//531
f 532//532 533//533 534//534
f 535//535 536//536 537//537
f 538//538 539//539 540//540
f 541//541 542//542 543//543
f 544//544 545//545 546//546
f 547//547 548//548 549//549
f 550//550 551//551 552//552
f 553//553 554//554 555//555
f 556//556 557//557 558//558
f 559//559 560//560 561//561
f 562//562 563//563 564//564
f 565//565 566//566 567//567
f 568//568 569//569 570//570
f 571//571 572//572 573//573
f 574//574 575//575 576//576
f 577//577 578//578 579//579
f 580//580 581//581 582//582
f 583//583 584//584 585//585
f 586//586 587//587 588//588
f 589//589 590//590 591//591
f 592//592 593//593 594//594
f 595//595 596//596 597//597
f 598//598 599//599 600//600
f 601//601 602//602 603//603
f 604//604 605//605 606//606
f 607//607 608//608 609//609
f 610//610 611//611 612//612
f 613//613 614//614 615//615
f 616//616 617//617 618//618
f 619//619 620//620 621//621
f 622//622 623//623 624//624
f 625//625 626//626 627//627
f 628//628 629//629 630//630
f 631//631 632//632 633//633
f 634//634 635//635 636//636
f 637//637 638//638 639//639
f 640//640 641//641 642//642
f 643//643 644//644 645//645
f 646//646 647//647 648//648
f 649//649 650//650 651//651
f 652//652 653//653 654//654
f 655//655 656//656 657//657
f 658//658 659//659 660//660
f 661//661 662//662 663//663
f 664//664 665//665 666//666
f 667//667 668//668 669//669
f 670//670 671//671 672//672
f 673//673 674//674 675//675
f 676//676 677//677 678//678
f 679//679 680//680 681//681
f 682//682 683//683 684//684
f 685//685 686//686 687//687
f 688//688 689//689 690//690
f 691//691 692//692 693//693
f 694//694 695//695 696//696
f 697//697 698//698 699//699
f 700//700 701//701 702//702
f 703//703 704//704 705//705
f 706//706 707//707 708//708
f 709//709 710//710 711//711
f 712//712 713//713 714//714
f 715//715 716//716 717//717
f 718//718 719//719 720//720
f 721//721 722//722 723//723
f 724//724 725//725 726//726
f 727//727 728//728 729//729
f 730//730 731//731 732//732
f 733//733 734//734 735//735
f 736//736 737//737 738//738
f 739//739 740//740 741//741
f 742//742 743//743 744//744
f 745//745 746//746 747//747
f 748//748 749//749 750//750
f 751//751 752//752 753//753
f 754//754 755//755 756//756
f 757//757 758//758 759//759
f 760//760 761//761 762//762
f 763//763 764//764 765//765
f 766//766 767//767 768//768
f 769//769 770//770 771//771
f 772//772 773//773 774//774
f 775//775 776//776 777//777
f 778//778 779//779 780//780
f 781//781 782//782 783//783
f 784//784 785//785 786//786
f 787//787 788//788 789//789
f 790//790 791//791 792//792
f 793//793 794//794 795//795
f 796//796 797//797 798//798
f 799//799 800//800 801//801
f 802//802 803//803 804//804
f 805//805 806//806 807//807
f 808//808 809//809 810//810
f 811//811 812//812 813//813
f 814//814 815//815 816//816
f 817//817 818//818 819//819
f 820//820 821//821 822//822
f 823//823 824//824 825//825
f 826//826 827//827 828//828
f 829//829 830//830 831//831
f 832//832 833//833 834//834
f 835//835 836//836 837//837
f 838//838 839//839 840//840
f 841//841 842//842 843//843
f 844//844 845//845 846//846
f 847//847 848//848 849//849
f 850//850 851//851 852//852
f 853//853 854//854 855//855
f 856//856 857//857 858//858
f 859//859 860//860 861//861
f 862//862 863//863 864//864
f 865//865 866//866 867//867
f 868//868 869//869 870//870
f 871//871 872//872 873//873
f 874//874 875//875 876//876
f 877//877 878//878 879//879
f 880//880 881//881 882//882
f 883//883 884//884 885//885
f 886//886 887//887 888//888
f 889//889 890//890 891//891
f 892//892 893//893 894//894
f 895//895 896//896 897//897
f 898//898 899//899 900//900
f 901//901 902//902 903//903
f 904//904 905//905 906//906
f 907//907 908//908 909//909
f 910//910 911//911 912//912
f 913//913 914//914 915//915
f 916//916 917//917 918//918
f 919//919 920//920 921//921
f 922//922 923//923 924//924
f 925//925 926//926 927//927
f 928//928 929//929 930//930
f 931//931 932//932 933//933
f 934//934 935//935 936//936
f 937//937 938//938 939//939
f 940//940 941//941 942//942
f 943//943 944//944 945//945
f 946//946 947//947 948//948
f 949//949 950//950 951//951
f 952//952 953//953 954//954
f 955//955 956//956 957//957
f 958//958 959//959 960//960
f 961//961 962//962 963//963
f 964//964 965//965 966//966
f 967//967 968//968 969//969
f 970//970 971//971 972//972
f 973//973 974//974 975//975
f 976//976 977//977 978//978
f 979//979 980//980 981//981
f 982//982 983//983 984//984
f 985//985 986//986 987//987
f 988//988 989//989 990//990
f 991//991 992//992 993//993
f 994//994 995//995 996//996
f 997//997 998//998 999//999
f 1000//1000 1001//1001 1002//1002
f 1003//1003 1004//1004 1005//1005
f 1006//1006 1007//1007 1008//1008
f 1009//1009 1010//1010 1011//1011
f 1012//1012 1013//1013 1014//1014
f 1015//1015 1016//1016 1017//1017
f 1018//1018 1019//1019 1020//1020
f 1021//1021 1022//1022 1023//1023
f 1024//1024 1025//1025 1026//1026
f 1027//1027 1028//1028 1029//1029
f 1030//1030 1031//1031 1032//1032
f 1033//1033 1034//1034 1035//1035
f 1036//1036 1037//1037 1038//1038
f 1039//1039 1040//1040 1041//1041
f 1042//1042 1043//1043 1044//1044
f 1045//1045 1046//1046 1047//1047
f 1048//1048 1049//1049 1050//1050
f 1051//1051 1052//1052 1053//1053
f 1054//1054 1055//1055 1056//1056
f 1057//1057 1058//1058 1059//1059
f 1060//1060 1061//1061 1062//1062
f 1063//1063 1064//1064 1065//1065
f 1066//1066 1067//1067 1068//1068
f 1069//1069 1070//1070 1071//1071
f 1072//1072 1073//1073 1074//1074
f 1075//1075 1076//1076 1077//1077
f 1078//1078 1079//1079 1080//1080
f 1081//1081 1082//1082 1083//1083
f 1084//1084 1085//1085 1086//1086
f 1087//1087 1088//1088 1089//1089
f 1090//1090 1091//1091 1092//1092
f 1093//1093 1094//1094 1095//1095
f 1096//1096 1097//1097 1098//1098
f 1099//1099 1100//1100 1101//1101
f 1102//1102 1103//1103 1104//1104
f 1105//1105 1106//1106 1107//1107
f 1108//1108 1109//1109 1110//1110
f 1111//1111 1112//1112 1113//1113
f 1114//1114 1115//1115 1116//1116
f 1117//1117 1118//1118 1119//1119
f 1120//1120 1121//1121 1122//1122
f 1123//1123 1124//1124 1125//1125
f 1126//1126 1127//1127 1128//1128
f 1129//1129 1130//1130 1131//1131
f 1132//1132 1133//1133 1134//1134
f 1135//1135 1136//1136 1137//1137
f 1138//1138 1139//1139 1140//1140
f 1141//1141 1142//1142 1143//1143
f 1144//1144 1145//1145 1146//1146
f 1147//1147 1148//1148 1149//1149
f 1150//1150 1151//1151 1152//1152
f 1153//1153 1154//1154 1155//1155
f 1156//1156 1157//1157 1158//1158
f 1159//1159 1160//1160 1161//1161
f 1162//1162 1163//1163 1164//1164
f 1165//1165 1166//1166 1167//1167
f 1168//1168 1169//1169 1170//1170
f 1171//1171 1172//1172 1173//1173
f 1174//1174 1175//1175 1176//1176
f 1177//1177 1178//1178 1179//1179
f 1180//1180 1181//1181 1182//1182
f 1183//1183 1184//1184 1185//1185
f 1186//1186 1187//1187 1188//1188
f 1189//1189 1190//1190 1191//1191
f 1192//1192 1193//1193 1194//1194
f 1195//1195 1196//1196 1197//1197
f 1198//1198 1199//1199 1200//1200
f 1201//1201 1202//1202 1203//1203
f 1204//1204 1205//1205 1206//1206
f 1207//1207 1208//1208 1209//1209
f 1210//1210 1211//1211 1212//1212
f 1213//1213 1214//1214 1215//1215
f 1216//1216 1217//1217 1218//1218
f 1219//1219 1220//1220 1221//1221
f 1222//1222 1223//1223 1224//1224
f 1225//1225 1226//1226 1227//1227
f 1228//1228 1229//1229 1230//1230
f 1231//1231 1232//1232 1233//1233
f 1234//1234 1235//1235 1236//1236
f 1237//1237 1238//1238 1239//1239
f 1240//1240 1241//1241 1242//1242
f 1243//1243 1244//1244 1245//1245
f 1246//1246 1247//1247 1248//1248
f 1249//1249 1250//1250 1251//1251
f 1252//1252 1253//1253 1254//1254
f 1255//1255 1256//1256 1257//1257
f 1258//1258 1259//1259 1260//1260
f 1261//1261 1262//1262 1263//1263
f 1264//1264 1265//1265 1266//1266
f 1267//1267 1268//1268 1269//1269
f 1270//1270 1271//1271 1272//1272
f 1273//1273 1274//1274 1275//1275
f 1276//1276 1277//1277 1278//1278
f 1279//1279 1280//1280 1281//1281
f 1282//1282 1283//1283 1284//1284
f 1285//1285 1286//1286 1287//1287
f 1288//1288 1289//1289 1290//1290
f 1291//1291 1292//1292 1293//1293
f 1294//1294 1295//1295 1296//1296
f 1297//1297 1298//1298 1299//1299
f 1300//1300 1301//1301 1302//1302
f 1303//1303 1304//1304 1305//1305
f 1306//1306 1307//1307 1308//1308
f 1309//1309 1310//1310 1311//1311
f 1312//1312 1313//1313 1314//1314
f 1315//1315 1316//1316 1317//1317
f 1318//1318 1319//1319 1320//1320
f 1321//1321 1322//1322 1323//1323
f 1324//1324 1325//1325 1326//1326
f 1327//1327 1328//1328 1329//1329
f 1330//1330 1331//1331 1332//1332
f 1333//1333 1334//1334 1335//1335
f 1336//1336 1337//1337 1338//1338
f 1339//1339 1340//1340 1341//1341
f 1342//1342 1343//1343 1344//1344
f 1345//1345 1346//1346 1347//1347
f 1348//1348 1349//1349 1350//1350
f 1351//1351 1352//1352 1353//1353
f 1354//1354 1355//1355 1356//1356
f 1357//1357 1358//1358 1359//1359
f 1360//1360 1361//1361 1362//1362
f 1363//1363 1364//1364 1365//1365
f 1366//1366 1367//1367 1368//1368
f 1369//1369 1370//1370 1371//1371
f 1372//1372 1373//1373 1374//1374
f 1375//1375 1376//1376 1377//1377
f 1378//1378 1379//1379 1380//1380
f 1381//1381 1382//1382 1383//1383
f 1384//1384 1385//1385 1386//1386
f 1387//1387 1388//1388 1389//1389
f 1390//1390 1391//1391 1392//1392
f 1393//1393 1394//1394 1395//1395
f 1396//1396 1397//1397 1398//1398
f 1399//1399 1400//1400 1401//1401
f 1402//1402 1403//1403 1404//1404
f 1405//1405 1406//1406 1407//1407
f 1408//1408 1409//1409 1410//1410
f 1411//1411 1412//1412 1413//1413
f 1414//1414 1415//1415 1416//1416
f 1417//1417 1418//1418 1419//1419
f 1420//1420 1421//1421 1422//1422
f 1423//1423 1424//1424 1425//1425
f 1426//1426 1427//1427 1428//1428
f 1429//1429 1430//1430 1431//1431
f 1432//1432 1433//1433 1434//1434
f 1435//1435 1436//1436 1437//1437
f 1438//1438 1439//1439 1440//1440
f 1441//1441 1442//1442 1443//1443
f 1444//1444 1445//1445 1446//1446
f 1447//1447 1448//1448 1449//1449
f 1450//1450 1451//1451 1452//1452
f 1453//1453 1454//1454 1455//1455
f 1456//1456 1457//1457 1458//1458
f 1459//1459 1460//1460 1461//1461
f 1462//1462 1463//1463 1464//1464
f 1465//1465 1466//1466 1467//1467
f 1468//1468 1469//1469 1470//1470
f 1471//1471 1472//1472 1473//1473
f 1474//1474 1475//1475 1476//1476
f 1477//1477 1478//1478 1479//1479
f 1480//1480 1481//1481 1482//1482
f 1483//1483 1484//1484 1485//1485
f 1486//1486 1487//1487 1488//1488
f 1489//1489 1490//1490 1491//1491
f 1492//1492 1493//1493 1494//1494
f 1495//1495 1496//1496 1497//1497
f 1498//1498 1499//1499 1500//1500
f 1501//1501 1502//1502 1503//1503
f 1504//1504 1505//1505 1506//1506
f 1507//1507 1508//1508 1509//1509
f 1510//1510 1511//1511 1512//1512
f 1513//1513 1514//1514 1515//1515
f 1516//1516 1517//1517 1518//1518
f 1519//1519 1520//1520 1521//1521
f 1522//1522 1523//1523 1524//1524
f 1525//1525 1526//1526 1527//1527
f 1528//1528 1529//1529 1530//1530
f 1531//1531 1532//1532 1533//1533
f 1534//1534 1535//1535 1536//1536
f 1537//1537 1538//1538 1539//1539
f 1540//1540 1541//1541 1542//1542
f 1543//1543 1544//1544 1545//1545
f 1546//1546 1547//1547 1548//1548
f 1549//1549 1550//1550 1551//1551
f 1552//1552 1553//1553 1554//1554
f 1555//1555 1556//1556 1557//1557
f 1558//1558 1559//1559 1560//1560
f 1561//1561 1562//1562 1563//1563
f 1564//1564 1565//1565 1566//1566
f 1567//1567 1568//1568 1569//1569
f 1570//1570 1571//1571 1572//1572
f 1573//1573 1574//1574 1575//1575
f 1576//1576 1577//1577 1578//1578
f 1579//1579 1580//1580 1581//1581
f 1582//1582 1583//1583 1584//1584
f 1585//1585 1586//1586 1587//1587
f 1588//1588 1589//1589 1590//1590
f 1591//1591 1592//1592 1593//1593
f 1594//1594 1595//1595 1596//1596
f 1597//1597 1598//1598 1599//1599
f 1600//1600 1601//1601 1602//1602
f 1603//1603 1604//1604 1605//1605
f 1606//1606 1607//1607 1608//1608
f 1609//1609 1610//1610 1611//1611
f 1612//1612 1613//1613 1614//1614
f 1615//1615 1616//1616 1617//1617
f 1618//1618 1619//1619 1620//1620
f 1621//1621 1622//1622 1623//1623
f 1624//1624 1625//1625 1626//1626
f 1627//1627 1628//1628 1629//1629
f 1630//1630 1631//1631 1632//1632
f 1633//1633 1634//1634 1635//1635
f 1636//1636 1637//1637 1638//1638
f 1639//1639 1640//1640 1641//1641
f 1642//1642 1643//1643 1644//1644
f 1645//1645 1646//1646 1647//1647
f 1648//1648 1649//1649 1650//1650
f 1651//1651 1652//1652 1653//1653
f 1654//1654 1655//1655 1656//1656
f 1657//1657 1658//1658 1659//1659
f 1660//1660 1661//1661 1662//1662
f 1663//1663 1664//1664 1665//1665
f 1666//1666 1667//1667 1668//1668
f 1669//1669 1670//1670 1671//1671
f 1672//1672 1673//1673 1674//1674
f 1675//1675 1676//1676 1677//1677
f 1678//1678 1679//1679 1680//1680
f 1681//1681 1682//1682 1683//1683
f 1684//1684 1685//1685 1686//1686
f 1687//1687 1688//1688 1689//1689
f 1690//1690 1691//1691 1692//1692
f 1693//1693 1694//1694 1695//1695
f 1696//1696 1697//1697 1698//1698
f 1699//1699 1700//1700 1701//1701
f 1702//1702 1703//1703 1704//1704
f 1705//1705 1706//1706 1707//1707
f 1708//1708 1709//1709 1710//1710
f 1711//1711 1712//1712 1713//1713
f 1714//1714 1715//1715 1716//1716
f 1717//1717 1718//1718 1719//1719
f 1720//1720 1721//1721 1722//1722
f 1723//1723 1724//1724 1725//1725
f 1726//1726 1727//1727 1728//1728
f 1729//1729 1730//1730 1731//1731
f 1732//1732 1733//1733 1734//1734
f 1735//1735 1736//1736 1737//1737
f 1738//1738 1739//1739 1740//1740
f 1741//1741 1742//1742 1743//1743
f 1744//1744 1745//1745 1746//1746
f 1747//1747 1748//1748 1749//1749
f 1750//1750 1751//1751 1752//1752
f 1753//1753 1754//1754 1755//1755
f 1756//1756 1757//1757 1758//1758
f 1759//1759 1760//1760 1761//1761
f 1762//1762 1763//1763 1764//1764
f 1765//1765 1766//1766 1767//1767
f 1768//1768 1769//1769 1770//1770
f 1771//1771 1772//1772 1773//1773
f 1774//1774 1775//1775 1776//1776
f 1777//1777 1778//1778 1779//1779
f 1780//1780 1781//1781 1782//1782
f 1783//1783 1784//1784 1785//1785
f 1786//1786 1787//1787 1788//1788
f 1789//1789 1790//1790 1791//1791
f 1792//1792 1793//1793 1794//1794
f 1795//1795 1796//1796 1797//1797
f 1798//1798 1799//1799 1800//1800
f 1801//1801 1802//1802 1803//1803
f 1804//1804 1805//1805 1806//1806
f 1807//1807 1808//1808 1809//1809
f 1810//1810 1811//1811 1812//1812
f 1813//1813 1814//1814 1815//1815
f 1816//1816 1817//1817 1818//1818
f 1819//1819 1820//1820 1821//1821
f 1822//1822 1823//1823 1824//1824
f 1825//1825 1826//1826 1827//1827
f 1828//1828 1829//1829 1830//1830
f 1831//1831 1832//1832 1833//1833
f 1834//1834 1835//1835 1836//1836
f 1837//1837 1838//1838 1839//1839
f 1840//1840 1841//1841 1842//1842
f 1843//1843 1844//1844 1845//1845
f 1846//1846 1847//1847 1848//1848
f 1849//1849 1850//1850 1851//1851
f 1852//1852 1853//1853 1854//1854
f 1855//1855 1856//1856 1857//1857
f 1858//1858 1859//1859 1860//1860
f 1861//1861 1862//1862 1863//1863
f 1864//1864 1865//1865 1866//1866
f 1867//1867 1868//1868 1869//1869
f 1870//1870 1871//1871 1872//1872
f 1873//1873 1874//1874 1875//1875
f 1876//1876 1877//1877 1878//1878
f 1879//1879 1880//1880 1881//1881
f 1882//1882 1883//1883 1884//1884
f 1885//1885 1886//1886 1887//1887
f 1888//1888 1889//1889 1890//1890
f 1891//1891 1892//1892 1893//1893
f 1894//1894 1895//1895 1896//1896
f 1897//1897 1898//1898 1899//1899
f 1900//1900 1901//1901 1902//1902
f 1903//1903 1904//1904 1905//1905
f 1906//1906 1907//1907 1908//1908
f 1909//1909 1910//1910 1911//1911
f 1912//1912 1913//1913 1914//1914
f 1915//1915 1916//1916 1917//1917
f 1918//1918 1919//1919 1920//1920
f 1921//1921 1922//1922 1923//1923
f 1924//1924 1925//1925 1926//1926
f 1927//1927 1928//1928 1929//1929
f 1930//1930 1931//1931 1932//1932
f 1933//1933 1934//1934 1935//1935
f 1936//1936 1937//1937 1938//1938
f 1939//1939 1940//1940 1941//1941
f 1942//1942 1943//1943 1944//1944
f 1945//1945 1946//1946 1947//1947
f 1948//1948 1949//1949 1950//1950
f 1951//1951 1952//1952 1953//1953
f 1954//1954 1955//1955 1956//1956
f 1957//1957 1958//1958 1959//1959
f 1960//1960 1961//1961 1962//1962
f 1963//1963 1964//1964 1965//1965
f 1966//1966 1967//1967 1968//1968
f 1969//1969 1970//1970 1971//1971
f 1972//1972 1973//1973 1974//1974
f 1975//1975 1976//1976 1977//1977
f 1978//1978 1979//1979 1980//1980
f 1981//1981 1982//1982 1983//1983
f 1984//1984 1985//1985 1986//1986
f 1987//1987 1988//1988 1989//1989
f 1990//1990 1991//1991 1992//1992
f 1993//1993 1994//1994 1995//1995
f 1996//1996 1997//1997 1998//1998
f 1999//1999 2000//2000 2001//2001
f 2002//2002 2003//2003 2004//2004
f 2005//2005 2006//2006 2007//2007
f 2008//2008 2009//2009 2010//2010
f 2011//2011 2012//2012 2013//2013
f 2014//2014 2015//2015 2016//2016
f 2017//2017 2018//2018 2019//2019
f 2020//2020 2021//2021 2022//2022
f 2023//2023 2024//2024 2025//2025
f 2026//2026 2027//2027 2028//2028
f 2029//2029 2030//2030 2031//2031
f 2032//2032 2033//2033 2034//2034
f 2035//2035 2036//2036 2037//2037
f 2038//2038 2039//2039 2040//2040
f 2041//2041 2042//2042 2043//2043
f 2044//2044 2045//2045 2046//2046
f 2047//2047 2048//2048 2049//2049
f 2050//2050 2051//2051 2052//2052
f 2053//2053 2054//2054 2055//2055
f 2056//2056 2057//2057 2058//2058
f 2059//2059 2060//2060 2061//2061
f 2062//2062 2063//2063 2064//2064
f 2065//2065 2066//2066 2067//2067
f 2068//2068 2069//2069 2070//2070
f 2071//2071 2072//2072 2073//2073
f 2074//2074 2075//2075 2076//2076
f 2077//2077 2078//2078 2079//2079
f 2080//2080 2081//2081 2082//2082
f 2083//2083 2084//2084 2085//2085
f 2086//2086 2087//2087 2088//2088
f 2089//2089 2090//2090 2091//2091
f 2092//2092 2093//2093 2094//2094
f 2095//2095 2096//2096 2097//2097
f 2098//2098 2099//2099 2100//2100
f 2101//2101 2102//2102 2103//2103
f 2104//2104 2105//2105 2106//2106
f 2107//2107 2108//2108 2109//2109
f 2110//2110 2111//2111 2112//2112
f 2113//2113 2114//2114 2115//2115
f 2116//2116 2117//2117 2118//2118
f 2119//2119 2120//2120 2121//2121
f 2122//2122 2123//2123 2124//2124
f 2125//2125 2126//2126 2127//2127
f 2128//2128 2129//2129 2130//2130
f 2131//2131 2132//2132 2133//2133
f 2134//2134 2135//2135 2136//2136
f 2137//2137 2138//2138 2139//2139
f 2140//2140 2141//2141 2142//2142
f 2143//2143 2144//2144 2145//2145
f 2146//2146 2147//2147 2148//2148
f 2149//2149 2150//2150 2151//2151
f 2152//2152 2153//2153 2154//2154
f 2155//2155 2156//2156 2157//2157
f 2158//2158 2159//2159 2160//2160
f 2161//2161 2162//2162 2163//2163
f 2164//2164 2165//2165 2166//2166
f 2167//2167 2168//2168 2169//2169
f 2170//2170 2171//2171 2172//2172
f 2173//2173 2174//2174 2175//2175
f 2176//2176 2177//2177 2178//2178
f 2179//2179 2180//2180 2181//2181
f 2182//2182 2183//2183 2184//2184
f 2185//2185 2186//2186 2187//2187
f 2188//2188 2189//2189 2190//2190
f 2191//2191 2192//2192 2193//2193
f 2194//2194 2195//2195 2196//2196
f 2197//2197 2198//2198 2199//2199
f 2200//2200 2201//2201 2202//2202
f 2203//2203 2204//2204 2205//2205
f 2206//2206 2207//2207 2208//2208
f 2209//2209 2210//2210 2211//2211
f 2212//2212 2213//2213 2214//2214
f 2215//2215 2216//2216 2217//2217
f 2218//2218 2219//2219 2220//2220
f 2221//2221 2222//2222 2223//2223
f 2224//2224 2225//2225 2226//2226
f 2227//2227 2228//2228 2229//2229
f 2230//2230 2231//2231 2232//2232
f 2233//2233 2234//2234 2235//2235
f 2236//2236 2237//2237 2238//2238
f 2239//2239 2240//2240 2241//2241
f 2242//2242 2243//2243 2244//2244
f 2245//2245 2246//2246 2247//2247
f 2248//2248 2249//2249 2250//2250
f 2251//2251 2252//2252 2253//2253
f 2254//2254 2255//2255 2256//2256
f 2257//2257 2258//2258 2259//2259
f 2260//2260 2261//2261 2262//2262
f 2263//2263 2264//2264 2265//2265
f 2266//2266 2267//2267 2268//2268
f 2269//2269 2270//2270 2271//2271
f 2272//2272 2273//2273 2274//2274
f 2275//2275 2276//2276 2277//2277
f 2278//2278 2279//2279 2280//2280
f 2281//2281 2282//2282 2283//2283
f 2284//2284 2285//2285 2286//2286
f 2287//2287 2288//2288 2289//2289
f 2290//2290 2291//2291 2292//2292
f 2293//2293 2294//2294 2295//2295
f 2296//2296 2297//2297 2298//2298
f 2299//2299 2300//2300 2301//2301
f 2302//2302 2303//2303 2304//2304
f 2305//2305 2306//2306 2307//2307
f 2308//2308 2309//2309 2310//2310
f 2311//2311 2312//2312 2313//2313
f 2314//2314 2315//2315 2316//2316
f 2317//2317 2318//2318 2319//2319
f 2320//2320 2321//2321 2322//2322
f 2323//2323 2324//2324 2325//2325
f 2326//2326 2327//2327 2328//2328
f 2329//2329 2330//2330 2331//2331
f 2332//2332 2333//2333 2334//2334
f 2335//2335 2336//2336 2337//2337
f 2338//2338 2339//2339 2340//2340
f 2341//2341 2342//2342 2343//2343
f 2344//2344 2345//2345 2346//2346
f 2347//2347 2348//2348 2349//2349
f 2350//2350 2351//2351 2352//2352
f 2353//2353 2354//2354 2355//2355
f 2356//2356 2357//2357 2358//2358
f 2359//2359 2360//2360 2361//2361
f 2362//2362 2363//2363 2364//2364
f 2365//2365 2366//2366 2367//2367
f 2368//2368 2369//2369 2370//2370
f 2371//2371 2372//2372 2373//2373
f 2374//2374 2375//2375 2376//2376
f 2377//2377 2378//2378 2379//2379
f 2380//2380 2381//2381 2382//2382
f 2383//2383 2384//2384 2385//2385
f 2386//2386 2387//2387 2388//2388
f 2389//2389 2390//2390 2391//2391
f 2392//2392 2393//2393 2394//2394
f 2395//2395 2396//2396 2397//2397
f 2398//2398 2399//2399 2400//2400
f 2401//2401 2402//2402 2403//2403
f 2404//2404 2405//2405 2406//2406
f 2407//2407 2408//2408 2409//2409
f 2410//2410 2411//2411 2412//2412
f 2413//2413 2414//2414 2415//2415
f 2416//2416 2417//2417 2418//2418
f 2419//2419 2420//2420 2421//2421
f 2422//2422 2423//2423 2424//2424
f 2425//2425 2426//2426 2427//2427
f 2428//2428 2429//2429 2430//2430
f 2431//2431 2432//2432 2433//2433
f 2434//2434 2435//2435 2436//2436
f 2437//2437 2438//2438 2439//2439
f 2440//2440 2441//2441 2442//2442
f 2443//2443 2444//2444 2445//2445
f 2446//2446 2447//2447 2448//2448
f 2449//2449 2450//2450 2451//2451
f 2452//2452 2453//2453 2454//2454
f 2455//2455 2456//2456 2457//2457
f 2458//2458 2459//2459 2460//2460
f 2461//2461 2462//2462 2463//2463
f 2464//2464 2465//2465 2466//2466
f 2467//2467 2468//2468 2469//2469
f 2470//2470 2471//2471 2472//2472
f 2473//2473 2474//2474 2475//2475
f 2476//2476 2477//2477 2478//2478
f 2479//2479 2480//2480 2481//2481
f 2482//2482 2483//2483 2484//2484
f 2485//2485 2486//2486 2487//2487
f 2488//2488 2489//2489 2490//2490
f 2491//2491 2492//2492 2493//2493
f 2494//2494 2495//2495 2496//2496
f 2497//2497 2498//2498 2499//2499
f 2500//2500 2501//2501 2502//2502
f 2503//2503 2504//2504 2505//2505
f 2506//2506 2507//2507 2508//2508
f 2509//2509 2510//2510 2511//2511
f 2512//2512 2513//2513 2514//2514
f 2515//2515 2516//2516 2517//2517
f 2518//2518 2519//2519 2520//2520
f 2521//2521 2522//2522 2523//2523
f 2524//2524 2525//2525 2526//2526
f 2527//2527 2528//2528 2529//2529
f 2530//2530 2531//2531 2532//2532
f 2533//2533 2534//2534 2535//2535
f 2536//2536 2537//2537 2538//2538
f 2539//2539 2540//2540 2541//2541
f 2542//2542 2543//2543 2544//2544
f 2545//2545 2546//2546 2547//2547
f 2548//2548 2549//2549 2550//2550
f 2551//2551 2552//2552 2553//2553
f 2554//2554 2555//2555 2556//2556
f 2557//2557 2558//2558 2559//2559
f 2560//2560 2561//2561 2562//2562
f 2563//2563 2564//2564 2565//2565
f 2566//2566 2567//2567 2568//2568
f 2569//2569 2570//2570 2571//2571
f 2572//2572 2573//2573 2574//2574
f 2575//2575 2576//2576 2577//2577
f 2578//2578 2579//2579 2580//2580
f 2581//2581 2582//2582 2583//2583
f 2584//2584 2585//2585 2586//2586
f 2587//2587 2588//2588 2589//2589
f 2590//2590 2591//2591 2592//2592
f 2593//2593 2594//2594 2595//2595
f 2596//2596 2597//2597 2598//2598
f 2599//2599 2600//2600 2601//2601
f 2602//2602 2603//2603 2604//2604
f 2605//2605 2606//2606 2607//2607
f 2608//2608 2609//2609 2610//2610
f 2611//2611 2612//2612 2613//2613
f 2614//2614 2615//2615 2616//2616
f 2617//2617 2618//2618 2619//2619
f 2620//2620 2621//2621 2622//2622
f 2623//2623 2624//2624 2625//2625
f 2626//2626 2627//2627 2628//2628
f 2629//2629 2630//2630 2631//2631
f 2632//2632 2633//2633 2634//2634
f 2635//2635 2636//2636 2637//2637
f 2638//2638 2639//2639 2640//2640
f 2641//2641 2642//2642 2643//2643
f 2644//2644 2645//2645 2646//2646
f 2647//2647 2648//2648 2649//2649
f 2650//2650 2651//2651 2652//2652
f 2653//2653 2654//2654 2655//2655
f 2656//2656 2657//2657 2658//2658
f 2659//2659 2660//2660 2661//2661
f 2662//2662 2663//2663 2664//2664
f 2665//2665 2666//2666 2667//2667
f 2668//2668 2669//2669 2670//2670
f 2671//2671 2672//2672 2673//2673
f 2674//2674 2675//2675 2676//2676
f 2677//2677 2678//2678 2679//2679
f 2680//2680 2681//2681 2682//2682
f 2683//2683 2684//2684 2685//2685
f 2686//2686 2687//2687 2688//2688
f 2689//2689 2690//2690 2691//2691
f 2692//2692 2693//2693 2694//2694
f 2695//2695 2696//2696 2697//2697
f 2698//2698 2699//2699 2700//2700
f 2701//2701 2702//2702 2703//2703
f 2704//2704 2705//2705 2706//2706
f 2707//2707 2708//2708 2709//2709
f 2710//2710 2711//2711 2712//2712
f 2713//2713 2714//2714 2715//2715
f 2716//2716 2717//2717 2718//2718
f 2719//2719 2720//2720 2721//2721
f 2722//2722 2723//2723 2724//2724
f 2725//2725 2726//2726 2727//2727
f 2728//2728 2729//2729 2730//2730
f 2731//2731 2732//2732 2733//2733
f 2734//2734 2735//2735 2736//2736
f 2737//2737 2738//2738 2739//2739
f 2740//2740 2741//2741 2742//2742
f 2743//2743 2744//2744 2745//2745
f 2746//2746 2747//2747 2748//2748
f 2749//2749 2750//2750 2751//2751
f 2752//2752 2753//2753 2754//2754
f 2755//2755 2756//2756 2757//2757
f 2758//2758 2759//2759 2760//2760
f 2761//2761 2762//2762 2763//2763
f 2764//2764 2765//2765 2766//2766
f 2767//2767 2768//2768 2769//2769
f 2770//2770 2771//2771 2772//2772
f 2773//2773 2774//2774 2775//2775
f 2776//2776 2777//2777 2778//2778
f 2779//2779 2780//2780 2781//2781
f 2782//2782 2783//2783 2784//2784
f 2785//2785 2786//2786 2787//2787
f 2788//2788 2789//2789 2790//2790
f 2791//2791 2792//2792 2793//2793
f 2794//2794 2795//2795 2796//2796
f 2797//2797 2798//2798 2799//2799
f 2800//2800 2801//2801 2802//2802
f 2803//2803 2804//2804 2805//2805
f 2806//2806 2807//2807 2808//2808
f 2809//2809 2810//2810 2811//2811
f 2812//2812 2813//2813 2814//2814
f 2815//2815 2816//2816 2817//2817
f 2818//2818 2819//2819 2820//2820
f 2821//2821 2822//2822 2823//2823
f 2824//2824 2825//2825 2826//2826
f 2827//2827 2828//2828 2829//2829
f 2830//2830 2831//2831 2832//2832
f 2833//2833 2834//2834 2835//2835
f 2836//2836 2837//2837 2838//2838
f 2839//2839 2840//2840 2841//2841
f 2842//2842 2843//2843 2844//2844
f 2845//2845 2846//2846 2847//2847
f 2848//2848 2849//2849 2850//2850
f 2851//2851 2852//2852 2853//2853
f 2854//2854 2855//2855 2856//2856
f 2857//2857 2858//2858 2859//2859
f 2860//2860 2861//2861 2862//2862
f 2863//2863 2864//2864 2865//2865
f 2866//2866 2867//2867 2868//2868
f 2869//2869 2870//2870 2871//2871
f 2872//2872 2873//2873 2874//2874
f 2875//2875 2876//2876 2877//2877
f 2878//2878 2879//2879 2880//2880
f 2881//2881 2882//2882 2883//2883
f 2884//2884 2885//2885 2886//2886
f 2887//2887 2888//2888 2889//2889
f 2890//2890 2891//2891 2892//2892
f 2893//2893 2894//2894 2895//2895
f 2896//2896 2897//2897 2898//2898
f 2899//2899 2900//2900 2901//2901
f 2902//2902 2903//2903 2904//2904
f 2905//2905 2906//2906 2907//2907
f 2908//2908 2909//2909 2910//2910
f 2911//2911 2912//2912 2913//2913
f 2914//2914 2915//2915 2916//2916
f 2917//2917 2918//2918 2919//2919
f 2920//2920 2921//2921 2922//2922
f 2923//2923 2924//2924 2925//2925
f 2926//2926 2927//2927 2928//2928
f 2929//2929 2930//2930 2931//2931
f 2932//2932 2933//2933 2934//2934
f 2935//2935 2936//2936 2937//2937
f 2938//2938 2939//2939 2940//2940
f 2941//2941 2942//2942 2943//2943
f 2944//2944 2945//2945 2946//2946
f 2947//2947 2948//2948 2949//2949
f 2950//2950 2951//2951 2952//2952
f 2953//2953 2954//2954 2955//2955
f 2956//2956 2957//2957 2958//2958
f 2959//2959 2960//2960 2961//2961
f 2962//2962 2963//2963 2964//2964
f 2965//2965 2966//2966 2967//2967
f 2968//2968 2969//2969 2970//2970
f 2971//2971 2972//2972 2973//2973
f 2974//2974 2975//2975 2976//2976
f 2977//2977 2978//2978 2979//2979
f 2980//2980 2981//2981 2982//2982
f 2983//2983 2984//2984 2985//2985
f 2986//2986 2987//2987 2988//2988
f 2989//2989 2990//2990 2991//2991
f 2992//2992 2993//2993 2994//2994
f 2995//2995 2996//2996 2997//2997
f 2998//2998 2999//2999 3000//3000
f 3001//3001 3002//3002 3003//3003
f 3004//3004 3005//3005 3006//3006
f 3007//3007 3008//3008 3009//3009
f 3010//3010 3011//3011 3012//3012
f 3013//3013 3014//3014 3015//3015
f 3016//3016 3017//3017 3018//3018
f 3019//3019 3020//3020 3021//3021
f 3022//3022 3023//3023 3024//3024
f 3025//3025 3026//3026 3027//3027
f 3028//3028 3029//3029 3030//3030
f 3031//3031 3032//3032 3033//3033
f 3034//3034 3035//3035 3036//3036
f 3037//3037 3038//3038 3039//3039
f 3040//3040 3041//3041 3042//3042
f 3043//3043 3044//3044 3045//3045
f 3046//3046 3047//3047 3048//3048
f 3049//3049 3050//3050 3051//3051
f 3052//3052 3053//3053 3054//3054
f 3055//3055 3056//3056 3057//3057
f 3058//3058 3059//3059 3060//3060
f 3061//3061 3062//3062 3063//3063
f 3064//3064 3065//3065 3066//3066
f 3067//3067 3068//3068 3069//3069
f 3070//3070 3071//3071 3072//3072
f 3073//3073 3074//3074 3075//3075
f 3076//3076 3077//3077 3078//3078
f 3079//3079 3080//3080 3081//3081
f 3082//3082 3083//3083 3084//3084
f 3085//3085 3086//3086 3087//3087
f 3088//3088 3089//3089 3090//3090
f 3091//3091 3092//3092 3093//3093
f 3094//3094 3095//3095 3096//3096
f 3097//3097 3098//3098 3099//3099
f 3100//3100 3101//3101 3102//3102
f 3103//3103 3104//3104 3105//3105
f 3106//3106 3107//3107 3108//3108
f 3109//3109 3110//3110 3111//3111
f 3112//3112 3113//3113 3114//3114
f 3115//3115 3116//3116 3117//3117
f 3118//3118 3119//3119 3120//3120
f 3121//3121 3122//3122 3123//3123
f 3124//3124 3125//3125 3126//3126
f 3127//3127 3128//3128 3129//3129
f 3130//3130 3131//3131 3132//3132
f 3133//3133 3134//3134 3135//3135
f 3136//3136 3137//3137 3138//3138
f 3139//3139 3140//3140 3141//3141
f 3142//3142 3143//3143 3144//3144
f 3145//3145 3146//3146 3147//3147
f 3148//3148 3149//3149 3150//3150
f 3151//3151 3152//3152 3153//3153
f 3154//3154 3155//3155 3156//3156
f 3157//3157 3158//3158 3159//3159
f 3160//3160 3161//3161 3162//3162
f 3163//3163 3164//3164 3165//3165
f 3166//3166 3167//3167 3168//3168
f 3169//3169 3170//3170 3171//3171
f 3172//3172 3173//3173 3174//3174
f 3175//3175 3176//3176 3177//3177
f 3178//3178 3179//3179 3180//3180
f 3181//3181 3182//3182 3183//3183
f 3184//3184 3185//3185 3186//3186
f 3187//3187 3188//3188 3189//3189
f 3190//3190 3191//3191 3192//3192
f 3193//3193 3194//3194 3195//3195
f 3196//3196 3197//3197 3198//3198
f 3199//3199 3200//3200 3201//3201
f 3202//3202 3203//3203 3204//3204
f 3205//3205 3206//3206 3207//3207
f 3208//3208 3209//3209 3210//3210
f 3211//3211 3212//3212 3213//3213
f 3214//3214 3215//3215 3216//3216
f 3217//3217 3218//3218 3219//3219
f 3220//3220 3221//3221 3222//3222
f 3223//3223 3224//3224 3225//3225
f 3226//3226 3227//3227 3228//3228
f 3229//3229 3230//3230 3231//3231
f 3232//3232 3233//3233 3234//3234
f 3235//3235 3236//3236 3237//3237
f 3238//3238 3239//3239 3240//3240
f 3241//3241 3242//3242 3243//3243
f 3244//3244 3245//3245 3246//3246
f 3247//3247 3248//3248 3249//3249
f 3250//3250 3251//3251 3252//3252
f 3253//3253 3254//3254 3255//3255
f 3256//3256 3257//3257 3258//3258
f 3259//3259 3260//3260 3261//3261
f 3262//3262 3263//3263 3264//3264
f 3265//3265 3266//3266 3267//3267
f 3268//3268 3269//3269 3270//3270
f 3271//3271 3272//3272 3273//3273
f 3274//3274 3275//3275 3276//3276
f 3277//3277 3278//3278 3279//3279
f 3280//3280 3281//3281 3282//3282
f 3283//3283 3284//3284 3285//3285
f 3286//3286 3287//3287 3288//3288
f 3289//3289 3290//3290 3291//3291
f 3292//3292 3293//3293 3294//3294
f 3295//3295 3296//3296 3297//3297
f 3298//3298 3299//3299 3300//3300
f 3301//3301 3302//3302 3303//3303
f 3304//3304 3305//3305 3306//3306
f 3307//3307 3308//3308 3309//3309
f 3310//3310 3311//3311 3312//3312
f 3313//3313 3314//3314 3315//3315
f 3316//3316 3317//3317 3318//3318
f 3319//3319 3320//3320 3321//3321
f 3322//3322 3323//3323 3324//3324
f 3325//3325 3326//3326 3327//3327
f 3328//3328 3329//3329 3330//3330
f 3331//3331 3332//3332 3333//3333
f 3334//3334 3335//3335 3336//3336
f 3337//3337 3338//3338 3339//3339
f 3340//3340 3341//3341 3342//3342
f 3343//3343 3344//3344 3345//3345
f 3346//3346 3347//3347 3348//3348
f 3349//3349 3350//3350 3351//3351
f 3352//3352 3353//3353 3354//3354
f 3355//3355 3356//3356 3357//3357
f 3358//3358 3359//3359 3360//3360
f 3361//3361 3362//3362 3363//3363
f 3364//3364 3365//3365 3366//3366
f 3367//3367 3368//3368 3369//3369
f 3370//3370 3371//3371 3372//3372
f 3373//3373 3374//3374 3375//3375
f 3376//3376 3377//3377 3378//3378
f 3379//3379 3380//3380 3381//3381
f 3382//3382 3383//3383 3384//3384
f 3385//3385 3386//3386 3387//3387
f 3388//3388 3389//3389 3390//3390
f 3391//3391 3392//3392 3393//3393
f 3394//3394 3395//3395 3396//3396
f 3397//3397 3398//3398 3399//3399
f 3400//3400 3401//3401 3402//3402
f 3403//3403 3404//3404 3405//3405
f 3406//3406 3407//3407 3408//3408
f 3409//3409 3410//3410 3411//3411
f 3412//3412 3413//3413 3414//3414
f 3415//3415 3416//3416 3417//3417
f 3418//3418 3419//3419 3420//3420
f 3421//3421 3422//3422 3423//3423
f 3424//3424 3425//3425 3426//3426
f 3427//3427 3428//3428 3429//3429
f 3430//3430 3431//3431 3432//3432
f 3433//3433 3434//3434 3435//3435
f 3436//3436 3437//3437 3438//3438
f 3439//3439 3440//3440 3441//3441
f 3442//3442 3443//3443 3444//3444
f 3445//3445 3446//3446 3447//3447
f 3448//3448 3449//3449 3450//3450
f 3451//3451 3452//3452 3453//3453
f 3454//3454 3455//3455 3456//3456
f 3457//3457 3458//3458 3459//3459
f 3460//3460 3461//3461 3462//3462
f 3463//3463 3464//3464 3465//3465
f 3466//3466 3467//3467 3468//3468
f 3469//3469 3470//3470 3471//3471
f 3472//3472 3473//3473 3474//3474
f 3475//3475 3476//3476 3477//3477
f 3478//3478 3479//3479 3480//3480
f 3481//3481 3482//3482 3483//3483
f 3484//3484 3485//3485 3486//3486
f 3487//3487 3488//3488 3489//3489
f 3490//3490 3491//3491 3492//3492
f 3493//3493 3494//3494 3495//3495
f 3496//3496 3497//3497 3498//3498
f 3499//3499 3500//3500 3501//3501
f 3502//3502 3503//3503 3504//3504
f 3505//3505 3506//3506 3507//3507
f 3508//3508 3509//3509 3510//3510
f 3511//3511 3512//3512 3513//3513
f 3514//3514 3515//3515 3516//3516
f 3517//3517 3518//3518 3519//3519
f 3520//3520 3521//3521 3522//3522
f 3523//3523 3524//3524 3525//3525
f 3526//3526 3527//3527 3528//3528
f 3529//3529 3530//3530 3531//3531
f 3532//3532 3533//3533 3534//3534
f 3535//3535 3536//3536 3537//3537
f 3538//3538 3539//3539 3540//3540
f 3541//3541 3542//3542 3543//3543
f 3544//3544 3545//3545 3546//3546
f 3547//3547 3548//3548 3549//3549
f 3550//3550 3551//3551 3552//3552
f 3553//3553 3554//3554 3555//3555
f 3556//3556 3557//3557 3558//3558
f 3559//3559 3560//3560 3561//3561
f 3562//3562 3563//3563 3564//3564
f 3565//3565 3566//3566 3567//3567
f 3568//3568 3569//3569 3570//3570
f 3571//3571 3572//3572 3573//3573
f 3574//3574 3575//3575 3576//3576
f 3577//3577 3578//3578 3579//3579
f 3580//3580 3581//3581 3582//3582
f 3583//3583 3584//3584 3585//3585
f 3586//3586 3587//3587 3588//3588
f 3589//3589 3590//3590 3591//3591
f 3592//3592 3593//3593 3594//3594
f 3595//3595 3596//3596 3597//3597
f 3598//3598 3599//3599 3600//3600
f 3601//3601 3602//3602 3603//3603
f 3604//3604 3605//3605 3606//3606
f 3607//3607 3608//3608 3609//3609
f 3610//3610 3611//3611 3612//3612
f 3613//3613 3614//3614 3615//3615
f 3616//3616 3617//3617 3618//3618
f 3619//3619 3620//3620 3621//3621
f 3622//3622 3623//3623 3624//3624
f 3625//3625 3626//3626 3627//3627
f 3628//3628 3629//3629 3630//3630
f 3631//3631 3632//3632 3633//3633
f 3634//3634 3635//3635 3636//3636
f 3637//3637 3638//3638 3639//3639
f 3640//3640 3641//3641 3642//3642
f 3643//3643 3644//3644 3645//3645
f 3646//3646 3647//3647 3648//3648
f 3649//3649 3650//3650 3651//3651
f 3652//3652 3653//3653 3654//3654
f 3655//3655 3656//3656 3657//3657
f 3658//3658 3659//3659 3660//3660
f 3661//3661 3662//3662 3663//3663
f 3664//3664 3665//3665 3666//3666
f 3667//3667 3668//3668 3669//3669
f 3670//3670 3671//3671 3672//3672
f 3673//3673 3674//3674 3675//3675
f 3676//3676 3677//3677 3678//3678
f 3679//3679 3680//3680 3681//3681
f 3682//3682 3683//3683 3684//3684
f 3685//3685 3686//3686 3687//3687
f 3688//3688 3689//3689 3690//3690
f 3691//3691 3692//3692 3693//3693
f 3694//3694 3695//3695 3696//3696
f 3697//3697 3698//3698 3699//3699
f 3700//3700 3701//3701 3702//3702
f 3703//3703 3704//3704 3705//3705
f 3706//3706 3707//3707 3708//3708
f 3709//3709 3710//3710 3711//3711
f 3712//3712 3713//3713 3714//3714
f 3715//3715 3716//3716 3717//3717
f 3718//3718 3719//3719 3720//3720
f 3721//3721 3722//3722 3723//3723
f 3724//3724 3725//3725 3726//3726
f 3727//3727 3728//3728 3729//3729
f 3730//3730 3731//3731 3732//3732
f 3733//3733 3734//3734 3735//3735
f 3736//3736 3737//3737 3738//3738
f 3739//3739 3740//3740 3741//3741
f 3742//3742 3743//3743 3744//3744
f 3745//3745 3746//3746 3747//3747
f 3748//3748 3749//3749 3750//3750
f 3751//3751 3752//3752 3753//3753
f 3754//3754 3755//3755 3756//3756
f 3757//3757 3758//3758 3759//3759
f 3760//3760 3761//3761 3762//3762
f 3763//3763 3764//3764 3765//3765
f 3766//3766 3767//3767 3768//3768
f 3769//3769 3770//3770 3771//3771
f 3772//3772 3773//3773 3774//3774
f 3775//3775 3776//3776 3777//3777
f 3778//3778 3779//3779 3780//3780
f 3781//3781 3782//3782 3783//3783
f 3784//3784 3785//3785 3786//3786
f 3787//3787 3788//3788 3789//3789
f 3790//3790 3791//3791 3792//3792
f 3793//3793 3794//3794 3795//3795
f 3796//3796 3797//3797 3798//3798
f 3799//3799 3800//3800 3801//3801
f 3802//3802 3803//3803 3804//3804
f 3805//3805 3806//3806 3807//3807
f 3808//3808 3809//3809 3810//3810
f 3811//3811 3812//3812 3813//3813
f 3814//3814 3815//3815 3816//3816
f 3817//3817 3818//3818 3819//3819
f 3820//3820 3821//3821 3822//3822
f 3823//3823 3824//3824 3825//3825
f 3826//3826 3827//3827 3828//3828
f 3829//3829 3830//3830 3831//3831
f 3832//3832 3833//3833 3834//3834
f 3835//3835 3836//3836 3837//3837
f 3838//3838 3839//3839 3840//3840
f 3841//3841 3842//3842 3843//3843
f 3844//3844 3845//3845 3846//3846
f 3847//3847 3848//3848 3849//3849
f 3850//3850 3851//3851 3852//3852
f 3853//3853 3854//3854 3855//3855
f 3856//3856 3857//3857 3858//3858
f 3859//3859 3860//3860 3861//3861
f 3862//3862 3863//3863 3864//3864
f 3865//3865 3866//3866 3867//3867
f 3868//3868 3869//3869 3870//3870
f 3871//3871 3872//3872 3873//3873
f 3874//3874 3875//3875 3876//3876
f 3877//3877 3878//3878 3879//3879
f 3880//3880 3881//3881 3882//3882
f 3883//3883 3884//3884 3885//3885
f 3886//3886 3887//3887 3888//3888
f 3889//3889 3890//3890 3891//3891
f 3892//3892 3893//3893 3894//3894
f 3895//3895 3896//3896 3897//3897
f 3898//3898 3899//3899 3900//3900
f 3901//3901 3902//3902 3903//3903
f 3904//3904 3905//3905 3906//3906
f 3907//3907 3908//3908 3909//3909
f 3910//3910 3911//3911 3912//3912
f 3913//3913 3914//3914 3915//3915
f 3916//3916 3917//3917 3918//3918
f 3919//3919 3920//3920 3921//3921
f 3922//3922 3923//3923 3924//3924
f 3925//3925 3926//3926 3927//3927
f 3928//3928 3929//3929 3930//3930
f 3931//3931 3932//3932 3933//3933
f 3934//3934 3935//3935 3936//3936
f 3937//3937 3938//3938 3939//3939
f 3940//3940 3941//3941 3942//3942
f 3943//3943 3944//3944 3945//3945
f 3946//3946 3947//3947 3948//3948
f 3949//3949 3950//3950 3951//3951
f 3952//3952 3953//3953 3954//3954
f 3955//3955 3956//3956 3957//3957
f 3958//3958 3959//3959 3960//3960
f 3961//3961 3962//3962 3963//3963
f 3964//3964 3965//3965 3966//3966
f 3967//3967 3968//3968 3969//3969
f 3970//3970 3971//3971 3972//3972
f 3973//3973 3974//3974 3975//3975
f 3976//3976 3977//3977 3978//3978
f 3979//3979 3980//3980 3981//3981
f 3982//3982 3983//3983 3984//3984
f 3985//3985 3986//3986 3987//3987
f 3988//3988 3989//3989 3990//3990
f 3991//3991 3992//3992 3993//3993
f 3994//3994 3995//3995 3996//3996
f 3997//3997 3998//3998 3999//3999
f 4000//4000 4001//4001 4002//4002
f 4003//4003 4004//4004 4005//4005
f 4006//4006 4007//4007 4008//4008
f 4009//4009 4010//4010 4011//4011
f 4012//4012 4013//4013 4014//4014
f 4015//4015 4016//4016 4017//4017
f 4018//4018 4019//4019 4020//4020
f 4021//4021 4022//4022 4023//4023
f 4024//4024 4025//4025 4026//4026
f 4027//4027 4028//4028 4029//4029
f 4030//4030 4031//4031 4032//4032
f 4033//4033 4034//4034 4035//4035
f 4036//4036 4037//4037 4038//4038
f 4039//4039 4040//4040 4041//4041
f 4042//4042 4043//4043 4044//4044
f 4045//4045 4046//4046 4047//4047
f 4048//4048 4049//4049 4050//4050
f 4051//4051 4052//4052 4053//4053
f 4054//4054 4055//4055 4056//4056
f 4057//4057 4058//4058 4059//4059
f 4060//4060 4061//4061 4062//4062
f 4063//4063 4064//4064 4065//4065
f 4066//4066 4067//4067 4068//4068
f 4069//4069 4070//4070 4071//4071
f 4072//4072 4073//4073 4074//4074
f 4075//4075 4076//4076 4077//4077
f 4078//4078 4079//4079 4080//4080
f 4081//4081 4082//4082 4083//4083
f 4084//4084 4085//4085 4086//4086
f 4087//4087 4088//4088 4089//4089
f 4090//4090 4091//4091 4092//4092
f 4093//4093 4094//4094 4095//4095
f 4096//4096 4097//4097 4098//4098
f 4099//4099 4100//4100 4101//4101
f 4102//4102 4103//4103 4104//4104
f 4105//4105 4106//4106 4107//4107
f 4108//4108 4109//4109 4110//4110
f 4111//4111 4112//4112 4113//4113
f 4114//4114 4115//4115 4116//4116
f 4117//4117 4118//4118 4119//4119
f 4120//4120 4121//4121 4122//4122
f 4123//4123 4124//4124 4125//4125
f 4126//4126 4127//4127 4128//4128
f 4129//4129 4130//4130 4131//4131
f 4132//4132 4133//4133 4134//4134
f 4135//4135 4136//4136 4137//4137
f 4138//4138 4139//4139 4140//4140
f 4141//4141 4142//4142 4143//4143
f 4144//4144 4145//4145 4146//4146
f 4147//4147 4148//4148 4149//4149
f 4150//4150 4151//4151 4152//4152
f 4153//4153 4154//4154 4155//4155
f 4156//4156 4157//4157 4158//4158
f 4159//4159 4160//4160 4161//4161
f 4162//4162 4163//4163 4164//4164
f 4165//4165 4166//4166 4167//4167
f 4168//4168 4169//4169 4170//4170
f 4171//4171 4172//4172 4173//4173
f 4174//4174 4175//4175 4176//4176
f 4177//4177 4178//4178 4179//4179
f 4180//4180 4181//4181 4182//4182
f 4183//4183 4184//4184 4185//4185
f 4186//4186 4187//4187 4188//4188
f 4189//4189 4190//4190 4191//4191
f 4192//4192 4193//4193 4194//4194
f 4195//4195 4196//4196 4197//4197
f 4198//4198 4199//4199 4200//4200
f 4201//4201 4202//4202 4203//4203
f 4204//4204 4205//4205 4206//4206
f 4207//4207 4208//4208 4209//4209
f 4210//4210 4211//4211 4212//4212
f 4213//4213 4214//4214 4215//4215
f 4216//4216 4217//4217 4218//4218
f 4219//4219 4220//4220 4221//4221
f 4222//4222 4223//4223 4224//4224
f 4225//4225 4226//4226 4227//4227
f 4228//4228 4229//4229 4230//4230
f 4231//4231 4232//4232 4233//4233
f 4234//4234 4235//4235 4236//4236
f 4237//4237 4238//4238 4239//4239
f 4240//4240 4241//4241 4242//4242
f 4243//4243 4244//4244 4245//4245
f 4246//4246 4247//4247 4248//4248
f 4249//4249 4250//4250 4251//4251
f 4252//4252 4253//4253 4254//4254
f 4255//4255 4256//4256 4257//4257
f 4258//4258 4259//4259 4260//4260
f 4261//4261 4262//4262 4263//4263
f 4264//4264 4265//4265 4266//4266
f 4267//4267 4268//4268 4269//4269
f 4270//4270 4271//4271 4272//4272
f 4273//4273 4274//4274 4275//4275
f 4276//4276 4277//4277 4278//4278
f 4279//4279 4280//4280 4281//4281
f 4282//4282 4283//4283 4284//4284
f 4285//4285 4286//4286 4287//4287
f 4288//4288 4289//4289 4290//4290
f 4291//4291 4292//4292 4293//4293
f 4294//4294 4295//4295 4296//4296
f 4297//4297 4298//4298 4299//4299
f 4300//4300 4301//4301 4302//4302
f 4303//4303 4304//4304 4305//4305
f 4306//4306 4307//4307 4308//4308
f 4309//4309 4310//4310 4311//4311
f 4312//4312 4313//4313 4314//4314
f 4315//4315 4316//4316 4317//4317
f 4318//4318 4319//4319 4320//4320
f 4321//4321 4322//4322 4323//4323
f 4324//4324 4325//4325 4326//4326
f 4327//4327 4328//4328 4329//4329
f 4330//4330 4331//4331 4332//4332
f 4333//4333 4334//4334 4335//4335
f 4336//4336 4337//4337 4338//4338
f 4339//4339 4340//4340 4341//4341
f 4342//4342 4343//4343 4344//4344
f 4345//4345 4346//4346 4347//4347
f 4348//4348 4349//4349 4350//4350
f 4351//4351 4352//4352 4353//4353
f 4354//4354 4355//4355 4356//4356
f 4357//4357 4358//4358 4359//4359
f 4360//4360 4361//4361 4362//4362
f 4363//4363 4364//4364 4365//4365
f 4366//4366 4367//4367 4368//4368
f 4369//4369 4370//4370 4371//4371
f 4372//4372 4373//4373 4374//4374
f 4375//4375 4376//4376 4377//4377
f 4378//4378 4379//4379 4380//4380
f 4381//4381 4382//4382 4383//4383
f 4384//4384 4385//4385 4386//4386
f 4387//4387 4388//4388 4389//4389
f 4390//4390 4391//4391 4392//4392
f 4393//4393 4394//4394 4395//4395
f 4396//4396 4397//4397 4398//4398
f 4399//4399 4400//4400 4401//4401
f 4402//4402 4403//4403 4404//4404
f 4405//4405 4406//4406 4407//4407
f 4408//4408 4409//4409 4410//4410
f 4411//4411 4412//4412 4413//4413
f 4414//4414 4415//4415 4416//4416
f 4417//4417 4418//4418 4419//4419
f 4420//4420 4421//4421 4422//4422
f 4423//4423 4424//4424 4425//4425
f 4426//4426 4427//4427 4428//4428
f 4429//4429 4430//4430 4431//4431
f 4432//4432 4433//4433 4434//4434
f 4435//4435 4436//4436 4437//4437
f 4438//4438 4439//4439 4440//4440
f 4441//4441 4442//4442 4443//4443
f 4444//4444 4445//4445 4446//4446
f 4447//4447 4448//4448 4449//4449
f 4450//4450 4451//4451 4452//4452
f 4453//4453 4454//4454 4455//4455
f 4456//4456 4457//4457 4458//4458
f 4459//4459 4460//4460 4461//4461
f 4462//4462 4463//4463 4464//4464
f 4465//4465 4466//4466 4467//4467
f 4468//4468 4469//4469 4470//4470
f 4471//4471 4472//4472 4473//4473
f 4474//4474 4475//4475 4476//4476
f 4477//4477 4478//4478 4479//4479
f 4480//4480 4481//4481 4482//4482
f 4483//4483 4484//4484 4485//4485
f 4486//4486 4487//4487 4488//4488
f 4489//4489 4490//4490 4491//4491
f 4492//4492 4493//4493 4494//4494
f 4495//4495 4496//4496 4497//4497
f 4498//4498 4499//4499 4500//4500
