# 13_person — split from wip_-_lowpoly_people_-_1.glb
# WIP - Lowpoly People - 1 by Loic Norgeot, CC-BY-4.0
# https://sketchfab.com/3d-models/wip-lowpoly-people-1-8cfd467af4334ea384d854109865f939
v 164.662244 50.882083 54.385060
v 166.038131 50.613170 55.501308
v 166.389153 49.420154 53.797822
v 164.003205 42.108149 45.003345
v 163.962310 41.718023 44.619951
v 163.828049 41.442552 46.139621
v 161.071343 52.013071 51.772652
v 160.591085 51.044201 50.102164
v 157.735831 52.002205 52.493122
v 158.965781 20.101823 54.524909
v 159.267162 20.257980 53.984277
v 158.905206 20.015320 54.325658
v 164.913392 24.325260 50.265649
v 164.990460 24.953236 50.151319
v 163.650040 25.420627 50.508387
v 160.590304 11.961418 60.424983
v 160.996514 15.459880 58.872035
v 160.323744 12.553952 61.675313
v 163.158378 13.169584 48.208361
v 166.905783 12.913388 50.015866
v 164.109863 15.886807 47.715456
v 157.707417 52.012521 49.832273
v 157.251299 51.525800 49.997501
v 157.829194 51.984831 49.788920
v 149.083803 19.624318 56.068773
v 149.113987 22.824107 55.310578
v 147.059305 19.834115 54.519478
v 163.272598 48.819134 45.469157
v 165.394915 46.256215 45.704813
v 163.842481 43.647289 44.371057
v 157.433183 28.598589 60.919444
v 154.221332 33.573380 61.556398
v 158.510106 22.372231 62.198549
v 153.356895 41.925602 55.833315
v 153.866460 42.136389 56.232706
v 153.209330 45.666185 55.208668
v 163.255720 35.221786 48.572397
v 163.100157 29.908196 50.863573
v 164.425869 33.186240 48.202536
v 164.666978 38.690733 51.340027
v 162.989643 38.108025 50.499882
v 164.805385 37.407741 51.693992
v 160.760126 28.927726 54.011140
v 160.075023 32.904035 55.387656
v 160.979266 26.893779 55.721787
v 160.351972 24.660987 42.118783
v 159.097806 24.395046 43.928743
v 158.086148 30.009052 42.424842
v 156.624973 39.364693 57.374032
v 155.690420 40.757369 57.650098
v 155.032109 39.951830 56.920510
v 153.866460 42.136389 56.232706
v 153.356895 41.925602 55.833315
v 155.032109 39.951830 56.920510
v 147.508115 0.722234 54.080475
v 150.667327 0.476255 55.308498
v 149.788777 1.368111 59.256053
v 163.064291 0.408962 44.164540
v 163.766014 2.749713 43.429505
v 167.003257 1.102395 46.234644
v 166.440456 44.500091 53.920053
v 165.885253 46.296647 53.001256
v 166.712506 47.789022 53.302274
v 162.767241 15.334479 43.790304
v 160.847196 16.054212 41.652071
v 162.411063 15.888462 43.586871
v 167.168900 44.865542 48.103264
v 166.834665 42.952805 48.563689
v 166.711287 39.413037 46.641143
v 154.774014 49.585911 51.407510
v 155.789246 52.607016 53.087187
v 155.609581 50.470053 51.082831
v 180.671942 1.563717 59.269855
v 181.226351 3.597590 58.678145
v 178.677233 3.127065 59.780497
v 166.197300 49.023897 54.204162
v 166.661066 49.069258 54.131409
v 166.038131 50.613170 55.501308
v 161.838843 3.493606 40.688433
v 159.132233 4.298189 40.720440
v 160.123262 4.055922 37.523703
v 164.913392 24.325260 50.265649
v 165.007225 24.672149 50.131656
v 164.926936 26.837422 49.649238
v 164.926936 26.837422 49.649238
v 165.007225 24.672149 50.131656
v 165.172172 24.724911 49.946182
v 166.469263 48.753369 54.131508
v 166.661066 49.069258 54.131409
v 165.902843 49.628695 53.836524
v 142.875216 22.478712 50.549318
v 143.322732 17.800264 51.807845
v 144.142967 21.456602 52.631374
v 165.007225 24.672149 50.131656
v 164.905338 24.927009 50.222641
v 163.650040 25.420627 50.508387
v 164.913392 24.325260 50.265649
v 164.905338 24.927009 50.222641
v 165.007225 24.672149 50.131656
v 164.903163 37.547023 51.535521
v 164.847950 37.791713 51.857547
v 164.805385 37.407741 51.693992
v 164.905338 24.927009 50.222641
v 165.172172 24.724911 49.946182
v 164.990460 24.953236 50.151319
v 166.469263 48.753369 54.131508
v 166.197300 49.023897 54.204162
v 166.302063 47.592789 54.892672
v 151.808183 19.202800 39.265797
v 151.653109 20.319791 39.749146
v 151.190581 17.119301 39.210939
v 164.990460 24.953236 50.151319
v 165.007225 24.672149 50.131656
v 163.650040 25.420627 50.508387
v 165.172172 24.724911 49.946182
v 165.007225 24.672149 50.131656
v 164.990460 24.953236 50.151319
v 144.124606 28.213979 50.445125
v 142.890965 29.440811 47.447760
v 141.705140 23.105352 45.400354
v 166.117382 42.551742 47.949191
v 166.336710 42.126564 47.448863
v 166.834665 42.952805 48.563689
v 153.425644 43.592404 55.347088
v 153.356895 41.925602 55.833315
v 153.209330 45.666185 55.208668
v 144.692730 16.895116 39.501090
v 144.737520 16.854696 39.567111
v 144.801084 16.918669 39.258962
v 144.801084 16.918669 39.258962
v 145.711234 18.164681 39.774311
v 144.692730 16.895116 39.501090
v 145.711234 18.164681 39.774311
v 146.380597 16.985305 39.812023
v 144.737520 16.854696 39.567111
v 155.609581 50.470053 51.082831
v 155.789246 52.607016 53.087187
v 157.735831 52.002205 52.493122
v 164.989635 43.022898 52.490929
v 165.951691 43.716995 53.363928
v 165.972519 43.650470 52.959917
v 145.062394 17.514523 40.789263
v 142.872105 17.416003 46.308530
v 143.343912 19.206187 43.839439
v 158.965781 20.101823 54.524909
v 158.680334 20.791298 54.677871
v 158.846471 19.868177 54.931489
v 147.507515 6.281034 44.244046
v 148.983514 6.190245 43.099241
v 150.307516 4.739910 41.745050
v 160.789532 42.261478 50.008493
v 159.566456 41.731949 50.146307
v 158.887018 42.347580 50.106715
v 166.440456 44.500091 53.920053
v 166.306766 44.324330 53.079846
v 165.819525 44.229177 53.416452
v 162.514869 38.924397 54.616602
v 164.333384 41.225368 53.176623
v 164.936949 39.920757 54.959896
v 180.995223 0.112851 56.277689
v 180.671942 1.563717 59.269855
v 179.331982 0.176166 58.636839
v 162.278620 35.985786 47.351284
v 162.984100 35.703888 47.922714
v 163.040376 35.078886 47.688586
v 151.202444 1.394738 44.404807
v 151.151373 2.864473 44.632207
v 153.670366 3.535913 41.724215
v 146.116379 33.485171 47.786712
v 144.370538 31.482104 46.899674
v 145.405774 32.870675 49.470801
v 162.907350 17.179616 48.732171
v 164.109863 15.886807 47.715456
v 163.770239 18.931986 47.777676
v 178.009635 6.191202 57.796793
v 174.343026 3.761555 59.420958
v 178.677233 3.127065 59.780497
v 148.708345 14.313891 48.475739
v 151.549083 13.692888 43.042697
v 150.240457 13.460113 46.722114
v 159.566456 41.731949 50.146307
v 160.789532 42.261478 50.008493
v 162.554577 39.613301 50.612386
v 159.557980 30.757491 57.159754
v 156.941993 36.913154 58.223694
v 158.416594 28.240264 57.964392
v 164.425869 33.186240 48.202536
v 165.487449 30.766605 47.172464
v 165.182196 34.961023 47.578653
v 153.668370 21.806878 41.692750
v 154.319388 22.751791 43.227765
v 156.168917 19.890819 42.847546
v 161.809350 0.715635 31.809155
v 161.891058 2.885861 30.701895
v 164.205205 2.163640 27.666597
v 153.423146 17.184119 40.874390
v 151.653109 20.319791 39.749146
v 153.668370 21.806878 41.692750
v 159.566456 41.731949 50.146307
v 157.850548 43.983828 50.658561
v 158.887018 42.347580 50.106715
v 151.713169 34.140038 44.356982
v 151.330252 32.548089 45.698784
v 152.964169 34.976104 45.055465
v 147.334415 14.074328 42.978373
v 142.872105 17.416003 46.308530
v 145.816316 16.463716 41.732109
v 160.591085 51.044201 50.102164
v 157.773724 51.903668 49.670502
v 157.829194 51.984831 49.788920
v 160.323744 12.553952 61.675313
v 161.990048 10.833241 62.576286
v 160.590304 11.961418 60.424983
v 174.355652 10.615718 56.315596
v 175.315910 9.288568 59.196531
v 178.009635 6.191202 57.796793
v 160.641194 28.055651 57.697633
v 161.360885 26.583534 56.794657
v 159.557980 30.757491 57.159754
v 163.040376 35.078886 47.688586
v 163.876473 37.537234 47.318193
v 164.002583 30.072378 46.392491
v 144.950339 29.150603 46.808305
v 144.722390 29.231459 45.866969
v 144.220539 26.471410 44.863595
v 164.002583 30.072378 46.392491
v 165.487449 30.766605 47.172464
v 164.787828 29.281626 46.735596
v 143.218919 27.938316 46.208704
v 143.525647 28.552901 46.282820
v 144.722390 29.231459 45.866969
v 158.510106 22.372231 62.198549
v 166.193575 12.769856 62.436803
v 170.110333 11.113996 62.619253
v 161.662966 48.302678 47.737371
v 161.119388 45.554953 47.025794
v 159.386619 44.522341 46.620345
v 153.840906 0.365267 61.367814
v 153.519323 1.538006 63.388205
v 149.788777 1.368111 59.256053
v 164.605277 29.269408 46.823685
v 164.664954 29.099767 46.534477
v 164.002583 30.072378 46.392491
v 155.907350 34.480930 41.412717
v 153.286200 29.498480 43.416724
v 153.253509 33.324507 42.110951
v 166.302063 47.592789 54.892672
v 166.506734 47.073946 53.710181
v 166.469263 48.753369 54.131508
v 163.344758 51.073576 47.085034
v 161.662966 48.302678 47.737371
v 160.338778 49.733249 48.742517
v 154.824511 47.947923 51.289050
v 154.596463 47.729704 51.443454
v 155.081077 47.537860 51.535964
v 155.071368 51.010401 54.489418
v 154.461620 50.039789 55.324741
v 154.418482 49.655760 54.466744
v 144.220539 26.471410 44.863595
v 144.167000 25.456864 41.436796
v 143.657136 24.752734 42.709409
v 159.267162 20.257980 53.984277
v 158.858018 20.212205 54.433318
v 158.905206 20.015320 54.325658
v 169.025426 2.589526 39.575779
v 166.461010 4.656958 37.538822
v 177.656435 4.158903 48.121517
v 154.824511 47.947923 51.289050
v 155.081077 47.537860 51.535964
v 154.926400 47.833184 50.756738
v 161.889339 25.979527 55.697563
v 160.979266 26.893779 55.721787
v 160.075023 32.904035 55.387656
v 174.355652 10.615718 56.315596
v 172.911769 9.663750 58.400036
v 175.315910 9.288568 59.196531
v 156.632469 49.097147 51.959132
v 159.185082 48.902720 48.949477
v 155.766867 44.292508 51.320198
v 157.013551 49.894203 56.041323
v 155.878790 49.949783 56.198002
v 155.674624 46.607102 56.601617
v 162.518112 40.960687 47.581693
v 162.272011 40.246453 48.982012
v 160.789532 42.261478 50.008493
v 162.703166 19.640482 48.209542
v 164.159842 23.667356 48.309081
v 162.480815 23.467869 49.631516
v 155.330446 51.541168 53.303653
v 155.218700 51.239760 54.054762
v 153.282665 51.332650 54.179234
v 160.664649 18.601037 55.409900
v 160.388540 17.996421 57.415753
v 162.676103 16.869592 51.352572
v 150.045082 25.283193 37.990826
v 150.847846 28.868452 41.804696
v 149.344989 24.477949 37.781416
v 151.151373 2.864473 44.632207
v 151.146643 4.028050 43.275730
v 153.670366 3.535913 41.724215
v 148.171580 30.247622 39.437621
v 146.866897 31.241748 42.628075
v 149.083899 32.442504 41.371525
v 164.205205 2.163640 27.666597
v 165.100446 0.706875 28.314258
v 161.809350 0.715635 31.809155
v 161.809350 0.715635 31.809155
v 163.996321 0.400518 35.941562
v 160.998887 4.467296 35.862722
v 166.077308 44.050595 53.098327
v 165.972519 43.650470 52.959917
v 166.306766 44.324330 53.079846
v 164.205205 2.163640 27.666597
v 163.314762 6.661656 31.945529
v 165.528515 4.939096 29.396830
v 157.786124 52.030732 49.893296
v 157.735831 52.002205 52.493122
v 160.591085 51.044201 50.102164
v 174.343026 3.761555 59.420958
v 176.714754 3.137191 62.304437
v 172.649818 1.095547 58.729606
v 161.144369 24.950504 56.472105
v 161.889339 25.979527 55.697563
v 161.413806 25.634721 56.763340
v 169.025426 2.589526 39.575779
v 166.593323 2.502713 36.082188
v 166.461010 4.656958 37.538822
v 159.132233 4.298189 40.720440
v 158.586059 6.308370 40.148601
v 160.123262 4.055922 37.523703
v 159.132233 4.298189 40.720440
v 159.023043 0.562207 42.867358
v 155.476645 5.170920 41.617305
v 168.918985 9.306454 47.253182
v 171.867250 9.860992 50.772022
v 169.386082 9.341969 47.565939
v 151.984246 39.412079 54.333340
v 155.178664 40.056684 49.748714
v 149.264843 36.687292 52.995914
v 152.180254 22.385738 57.623208
v 149.083803 19.624318 56.068773
v 151.975781 17.959439 58.922424
v 182.183122 1.300971 55.973095
v 180.132809 0.710277 51.810001
v 181.773948 3.446177 54.300320
v 163.941614 6.711203 38.886799
v 163.482138 6.968366 34.187465
v 162.090378 7.970209 37.171203
v 162.870314 15.415681 44.310691
v 163.324847 15.776120 44.929843
v 164.404704 13.762729 46.639175
v 149.642710 33.159612 48.540815
v 147.237137 33.379840 50.162912
v 151.085883 36.426539 50.421903
v 165.983379 40.592353 46.951369
v 165.062647 42.082472 46.326044
v 166.336710 42.126564 47.448863
v 163.616478 33.454105 49.829327
v 163.410775 30.226000 50.521519
v 163.100157 29.908196 50.863573
v 155.689427 38.418991 58.408318
v 155.668851 38.346305 58.669872
v 155.676302 37.692235 58.440325
v 172.181626 6.464272 48.497411
v 166.885398 6.013612 45.961695
v 169.877705 8.637803 48.400441
v 166.117382 42.551742 47.949191
v 165.981100 42.821676 47.878382
v 166.009993 41.779079 48.266581
v 163.770239 18.931986 47.777676
v 164.440253 18.967867 46.647312
v 163.707297 26.148838 46.124933
v 168.892498 9.190995 47.265458
v 168.697205 8.723944 47.222137
v 166.918288 8.543626 44.609315
v 168.697205 8.723944 47.222137
v 168.386257 9.235398 47.601104
v 169.178343 9.171784 47.566510
v 169.178343 9.171784 47.566510
v 169.386082 9.341969 47.565939
v 168.697205 8.723944 47.222137
v 162.907059 42.286828 46.725629
v 162.097958 43.935077 46.665695
v 164.094146 42.606934 45.313142
v 165.910334 41.963124 50.483530
v 166.405669 46.443284 51.560579
v 166.306766 44.324330 53.079846
v 166.038131 50.613170 55.501308
v 159.600270 52.518708 54.477943
v 163.166643 49.160389 59.997646
v 163.314762 6.661656 31.945529
v 161.710772 6.846048 35.402294
v 163.482138 6.968366 34.187465
v 162.090378 7.970209 37.171203
v 163.482138 6.968366 34.187465
v 161.710772 6.846048 35.402294
v 145.256128 23.829176 53.536558
v 144.124606 28.213979 50.445125
v 142.875216 22.478712 50.549318
v 163.969217 41.711959 44.646951
v 163.828049 41.442552 46.139621
v 163.962310 41.718023 44.619951
v 163.682527 42.711465 44.597394
v 164.094146 42.606934 45.313142
v 161.695007 44.100110 45.482887
v 169.184341 11.601555 60.017577
v 167.083382 11.615658 56.562568
v 165.779552 12.403945 60.873170
v 162.595693 16.109282 43.252065
v 162.238286 16.023806 43.786307
v 162.715877 16.613599 43.788027
v 162.707127 15.745327 43.860071
v 162.238286 16.023806 43.786307
v 162.870314 15.415681 44.310691
v 162.238286 16.023806 43.786307
v 162.411063 15.888462 43.586871
v 162.715877 16.613599 43.788027
v 153.152272 46.668168 54.322788
v 153.209330 45.666185 55.208668
v 152.833781 46.083828 54.993385
v 177.656435 4.158903 48.121517
v 167.776268 5.607385 40.226685
v 177.526856 6.225294 49.734597
v 181.226351 3.597590 58.678145
v 182.183122 1.300971 55.973095
v 181.773948 3.446177 54.300320
v 160.772104 17.596684 42.722659
v 159.824286 20.966524 43.311608
v 162.238286 16.023806 43.786307
v 155.609581 50.470053 51.082831
v 157.251299 51.525800 49.997501
v 157.519574 50.006316 50.922276
v 143.821123 28.683636 46.332089
v 144.722390 29.231459 45.866969
v 144.111751 30.736656 44.876576
v 165.858307 37.841455 49.831792
v 165.727578 38.215169 48.368210
v 166.709303 36.839269 49.548095
v 147.551296 15.382999 53.520312
v 147.987477 13.315956 59.109866
v 149.083803 19.624318 56.068773
v 155.356923 0.833813 64.500609
v 158.397219 1.543302 65.675195
v 158.081470 2.300314 66.240560
v 166.568117 40.360335 47.058355
v 166.711287 39.413037 46.641143
v 166.834665 42.952805 48.563689
v 165.997273 44.818940 53.106642
v 165.951691 43.716995 53.363928
v 166.306766 44.324330 53.079846
v 176.508750 8.463167 60.823378
v 175.985898 7.479513 59.768874
v 175.315910 9.288568 59.196531
v 164.989635 43.022898 52.490929
v 166.077308 44.050595 53.098327
v 165.819525 44.229177 53.416452
v 165.972519 43.650470 52.959917
v 166.077308 44.050595 53.098327
v 164.989635 43.022898 52.490929
v 148.752732 26.737541 38.271321
v 147.187796 29.066193 39.083588
v 148.171580 30.247622 39.437621
v 155.683553 50.820870 54.478247
v 154.461620 50.039789 55.324741
v 155.878790 49.949783 56.198002
v 162.715877 16.613599 43.788027
v 162.707127 15.745327 43.860071
v 163.307431 15.933070 44.031809
v 157.715121 20.092697 57.457506
v 159.140852 23.655826 54.635179
v 159.886916 23.783858 55.660060
v 177.860485 6.592568 52.997358
v 181.773948 3.446177 54.300320
v 177.526856 6.225294 49.734597
v 166.032783 42.710504 47.594369
v 166.117382 42.551742 47.949191
v 166.834665 42.952805 48.563689
v 158.965781 20.101823 54.524909
v 158.793599 20.193563 54.602345
v 158.858018 20.212205 54.433318
v 158.905206 20.015320 54.325658
v 158.793599 20.193563 54.602345
v 158.965781 20.101823 54.524909
v 158.641320 19.993197 54.457447
v 159.167977 19.677414 54.017173
v 159.373823 19.786704 53.933370
v 159.373823 19.786704 53.933370
v 159.302441 19.627712 54.185471
v 158.905206 20.015320 54.325658
v 169.184341 11.601555 60.017577
v 170.972323 9.542960 60.164647
v 168.796659 9.470305 57.002253
v 147.507515 6.281034 44.244046
v 148.888344 4.146768 43.442059
v 146.237785 4.577502 45.386009
v 157.609388 42.470990 49.943952
v 158.236929 42.496880 49.874708
v 158.528540 42.602566 49.736432
v 160.107476 15.468347 59.708890
v 160.996514 15.459880 58.872035
v 161.178136 15.700406 59.806480
v 160.996514 15.459880 58.872035
v 161.361041 17.606253 59.206941
v 161.178136 15.700406 59.806480
v 154.789921 38.727660 57.644486
v 156.624973 39.364693 57.374032
v 155.032109 39.951830 56.920510
v 157.519574 50.006316 50.922276
v 156.632469 49.097147 51.959132
v 155.609581 50.470053 51.082831
v 158.714790 11.807790 40.202639
v 156.998756 7.527258 39.630525
v 154.607518 12.465734 40.528167
v 160.664649 18.601037 55.409900
v 157.715121 20.092697 57.457506
v 159.608220 19.966641 57.386571
v 160.796167 25.557019 56.147552
v 161.413806 25.634721 56.763340
v 161.384671 26.147967 56.319856
v 165.482743 40.607355 56.305031
v 165.951691 43.716995 53.363928
v 166.440456 44.500091 53.920053
v 161.710772 6.846048 35.402294
v 160.998887 4.467296 35.862722
v 158.586059 6.308370 40.148601
v 144.220539 26.471410 44.863595
v 143.083204 26.328197 44.156462
v 143.218919 27.938316 46.208704
v 169.831718 5.511757 66.911892
v 159.347722 4.367461 65.024810
v 165.551470 2.761084 65.148793
v 155.515361 37.322722 43.462344
v 155.907350 34.480930 41.412717
v 153.253509 33.324507 42.110951
v 164.316143 34.732445 49.680717
v 163.616478 33.454105 49.829327
v 163.255720 35.221786 48.572397
v 163.909299 1.094179 62.690515
v 165.551470 2.761084 65.148793
v 159.511929 0.280146 62.035850
v 167.128765 11.044902 62.485339
v 165.779552 12.403945 60.873170
v 162.022876 12.581750 59.563948
v 164.094146 42.606934 45.313142
v 164.003205 42.108149 45.003345
v 163.828049 41.442552 46.139621
v 165.062647 42.082472 46.326044
v 163.828049 41.442552 46.139621
v 163.969217 41.711959 44.646951
v 153.862301 44.121385 55.657551
v 155.674624 46.607102 56.601617
v 153.752756 47.637572 55.675789
v 161.360885 26.583534 56.794657
v 161.413806 25.634721 56.763340
v 160.796167 25.557019 56.147552
v 152.967428 43.399108 53.676739
v 153.609201 43.456042 53.681114
v 153.425644 43.592404 55.347088
v 161.041942 21.701459 47.695807
v 162.480815 23.467869 49.631516
v 160.761535 24.634718 53.785260
v 164.913392 24.325260 50.265649
v 164.159842 23.667356 48.309081
v 165.172172 24.724911 49.946182
v 157.735043 37.943366 57.900595
v 158.596686 38.815358 56.479808
v 159.143334 35.791646 57.890564
v 158.437299 42.095474 49.266167
v 158.887018 42.347580 50.106715
v 158.647356 41.666879 49.919986
v 156.403240 17.211965 59.949014
v 161.178136 15.700406 59.806480
v 157.222362 18.892249 60.004390
v 147.504218 13.536188 43.388612
v 149.129558 14.580996 40.282233
v 151.549083 13.692888 43.042697
v 165.162859 38.118294 51.799978
v 164.847950 37.791713 51.857547
v 165.133515 37.950074 52.049711
v 149.005373 32.529300 47.116935
v 149.642710 33.159612 48.540815
v 151.330252 32.548089 45.698784
v 160.338778 49.733249 48.742517
v 159.185082 48.902720 48.949477
v 158.196444 49.927276 48.999580
v 170.315697 0.438814 43.014432
v 169.025426 2.589526 39.575779
v 180.132809 0.710277 51.810001
v 160.044239 42.792681 47.882828
v 162.097958 43.935077 46.665695
v 161.680640 40.861112 46.937532
v 147.457969 15.705064 51.820017
v 147.059305 19.834115 54.519478
v 146.168154 17.260799 50.685115
v 160.641194 28.055651 57.697633
v 158.416594 28.240264 57.964392
v 160.441628 26.179995 56.681131
v 164.207703 37.591078 49.734426
v 163.945524 36.549185 50.384829
v 163.433460 37.586015 50.342702
v 149.344989 24.477949 37.781416
v 152.022942 21.022009 39.619960
v 151.653109 20.319791 39.749146
v 175.171294 6.613380 66.537901
v 175.994722 7.663525 65.129592
v 169.469718 8.861348 66.061156
v 161.356173 37.442982 48.570585
v 162.547605 35.286419 48.755821
v 162.278620 35.985786 47.351284
v 160.078990 37.633198 56.366613
v 159.704690 37.293318 56.320826
v 158.596686 38.815358 56.479808
v 169.831718 5.511757 66.911892
v 175.415961 3.254709 66.110308
v 175.171294 6.613380 66.537901
v 170.346453 12.032833 50.716316
v 171.867250 9.860992 50.772022
v 168.321889 11.108376 49.348318
v 148.125947 33.470267 55.483288
v 148.195978 33.609796 55.424563
v 148.860518 31.571570 55.912900
v 164.805385 37.407741 51.693992
v 164.640157 36.428155 51.608967
v 165.133515 37.950074 52.049711
v 147.565219 32.550165 55.937862
v 147.745818 32.521167 56.189133
v 147.575820 32.563127 55.933330
v 147.565219 32.550165 55.937862
v 147.575820 32.563127 55.933330
v 147.745818 32.521167 56.189133
v 148.125947 33.470267 55.483288
v 148.208250 33.736046 55.819418
v 148.356659 35.228858 55.784813
v 148.125947 33.470267 55.483288
v 148.358457 33.462011 55.224509
v 148.467433 31.937188 55.154157
v 148.208250 33.736046 55.819418
v 148.467433 31.937188 55.154157
v 148.195978 33.609796 55.424563
v 178.677233 3.127065 59.780497
v 172.684288 0.000001 57.730866
v 179.331982 0.176166 58.636839
v 148.125947 33.470267 55.483288
v 148.860518 31.571570 55.912900
v 148.358457 33.462011 55.224509
v 148.356659 35.228858 55.784813
v 148.195978 33.609796 55.424563
v 148.125947 33.470267 55.483288
v 144.801084 16.918669 39.258962
v 144.975406 16.662238 39.684766
v 144.706290 16.925951 39.413761
v 149.264843 36.687292 52.995914
v 147.237137 33.379840 50.162912
v 148.042176 31.347821 50.481384
v 166.604654 39.190503 46.784113
v 166.383997 40.341586 46.677382
v 166.266943 39.331073 47.045144
v 166.604654 39.190503 46.784113
v 166.266943 39.331073 47.045144
v 165.259370 36.771065 47.463607
v 148.208250 33.736046 55.819418
v 148.125947 33.470267 55.483288
v 148.467433 31.937188 55.154157
v 166.568117 40.360335 47.058355
v 166.383997 40.341586 46.677382
v 165.983379 40.592353 46.951369
v 162.703166 19.640482 48.209542
v 162.255392 20.808515 47.221705
v 161.554469 18.757969 47.832685
v 164.496676 0.388561 32.240737
v 165.865820 2.098393 32.541489
v 167.103475 0.320300 37.256878
v 154.789921 38.727660 57.644486
v 155.689427 38.418991 58.408318
v 155.676302 37.692235 58.440325
v 150.142261 37.721203 57.291966
v 152.780865 37.014544 59.692961
v 154.789921 38.727660 57.644486
v 155.564872 38.973345 58.141801
v 154.789921 38.727660 57.644486
v 153.866460 42.136389 56.232706
v 144.706290 16.925951 39.413761
v 144.692730 16.895116 39.501090
v 145.062394 17.514523 40.789263
v 169.530411 9.315441 48.011046
v 169.877705 8.637803 48.400441
v 170.011280 9.697626 49.276561
v 164.903163 37.547023 51.535521
v 165.004961 37.591365 51.869276
v 164.847950 37.791713 51.857547
v 158.086148 30.009052 42.424842
v 155.526810 29.550308 42.255914
v 159.654162 36.126176 40.787107
v 165.169592 37.294696 51.793078
v 164.805385 37.407741 51.693992
v 165.004961 37.591365 51.869276
v 167.003257 1.102395 46.234644
v 163.996321 0.400518 35.941562
v 170.315697 0.438814 43.014432
v 155.723945 38.442245 58.635334
v 155.676302 37.692235 58.440325
v 155.668851 38.346305 58.669872
v 155.676302 37.692235 58.440325
v 155.723945 38.442245 58.635334
v 155.564872 38.973345 58.141801
v 155.723945 38.442245 58.635334
v 155.668851 38.346305 58.669872
v 155.621633 35.609907 59.261504
v 155.690420 40.757369 57.650098
v 155.723945 38.442245 58.635334
v 155.621633 35.609907 59.261504
v 163.375016 37.561313 49.745330
v 164.672925 37.687389 49.671101
v 164.676137 38.802252 48.540023
v 144.918162 19.179483 52.815288
v 144.142967 21.456602 52.631374
v 143.322732 17.800264 51.807845
v 153.840955 42.743844 55.138319
v 153.356895 41.925602 55.833315
v 153.846989 42.472835 55.777167
v 157.402449 21.479639 43.242984
v 159.824286 20.966524 43.311608
v 157.225792 16.407910 40.801012
v 154.689186 41.465380 54.943240
v 154.209958 43.745986 51.228161
v 155.664926 42.831080 51.838688
v 160.979266 26.893779 55.721787
v 160.796167 25.557019 56.147552
v 161.384671 26.147967 56.319856
v 154.209958 43.745986 51.228161
v 154.689186 41.465380 54.943240
v 153.609201 43.456042 53.681114
v 163.040376 35.078886 47.688586
v 162.547605 35.286419 48.755821
v 163.255720 35.221786 48.572397
v 163.040376 35.078886 47.688586
v 163.255720 35.221786 48.572397
v 163.876473 37.537234 47.318193
v 160.520167 37.967495 46.156252
v 162.278620 35.985786 47.351284
v 161.738393 36.275870 41.846997
v 158.437299 42.095474 49.266167
v 157.609388 42.470990 49.943952
v 157.976636 42.577206 49.222704
v 158.528540 42.602566 49.736432
v 157.850548 43.983828 50.658561
v 158.145932 43.763644 49.401964
v 154.858149 48.111094 51.477279
v 155.609581 50.470053 51.082831
v 156.632469 49.097147 51.959132
v 165.727578 38.215169 48.368210
v 166.524122 39.292881 48.764194
v 166.709303 36.839269 49.548095
v 152.978192 45.379428 53.640276
v 154.010762 45.956136 54.011635
v 153.152272 46.668168 54.322788
v 153.840955 42.743844 55.138319
v 153.862301 44.121385 55.657551
v 153.425644 43.592404 55.347088
v 153.197811 47.183196 54.851313
v 152.132060 48.044635 54.745711
v 152.124242 48.697470 53.728195
v 166.142675 43.905823 53.336923
v 165.972519 43.650470 52.959917
v 165.951691 43.716995 53.363928
v 170.011280 9.697626 49.276561
v 171.867250 9.860992 50.772022
v 169.530411 9.315441 48.011046
v 143.864244 21.865834 40.855430
v 142.732299 20.599866 41.967353
v 143.657136 24.752734 42.709409
v 158.596168 42.659757 49.962474
v 158.236929 42.496880 49.874708
v 158.647356 41.666879 49.919986
v 158.647356 41.666879 49.919986
v 158.887018 42.347580 50.106715
v 158.596168 42.659757 49.962474
v 159.566456 41.731949 50.146307
v 158.647356 41.666879 49.919986
v 157.008378 42.636900 51.016528
v 157.850548 43.983828 50.658561
v 159.566456 41.731949 50.146307
v 157.008378 42.636900 51.016528
v 166.217420 39.424050 46.721461
v 165.983379 40.592353 46.951369
v 166.383997 40.341586 46.677382
v 154.418482 49.655760 54.466744
v 153.771353 47.462664 54.710195
v 153.199601 47.705879 54.853975
v 155.683553 50.820870 54.478247
v 155.071368 51.010401 54.489418
v 155.218700 51.239760 54.054762
v 155.616608 51.022139 54.105248
v 155.218700 51.239760 54.054762
v 155.445957 52.319966 54.703534
v 155.616608 51.022139 54.105248
v 155.683553 50.820870 54.478247
v 155.218700 51.239760 54.054762
v 155.616608 51.022139 54.105248
v 155.071368 51.010401 54.489418
v 155.908114 51.371036 54.297383
v 165.727578 38.215169 48.368210
v 164.316143 34.732445 49.680717
v 165.182196 34.961023 47.578653
v 162.595693 16.109282 43.252065
v 160.847196 16.054212 41.652071
v 162.533164 15.770490 41.879782
v 165.037182 41.955074 49.383991
v 164.676137 38.802252 48.540023
v 165.727578 38.215169 48.368210
v 154.016670 45.371669 52.967515
v 152.978192 45.379428 53.640276
v 152.073808 46.135309 53.882060
v 181.226351 3.597590 58.678145
v 178.009635 6.191202 57.796793
v 178.677233 3.127065 59.780497
v 153.197811 47.183196 54.851313
v 153.771353 47.462664 54.710195
v 153.152272 46.668168 54.322788
v 153.862301 44.121385 55.657551
v 154.388964 43.377773 57.036071
v 155.674624 46.607102 56.601617
v 150.142261 37.721203 57.291966
v 151.984246 39.412079 54.333340
v 149.264843 36.687292 52.995914
v 152.132060 48.044635 54.745711
v 153.626967 52.254051 55.103761
v 153.363196 51.979755 55.153639
v 153.407037 51.992303 55.126021
v 153.389540 51.838294 55.292301
v 153.363196 51.979755 55.153639
v 152.132060 48.044635 54.745711
v 153.363196 51.979755 55.153639
v 153.454612 51.870629 55.199723
v 153.363196 51.979755 55.153639
v 153.626967 52.254051 55.103761
v 153.282665 51.332650 54.179234
v 153.282665 51.332650 54.179234
v 153.407037 51.992303 55.126021
v 153.363196 51.979755 55.153639
v 153.454612 51.870629 55.199723
v 153.363196 51.979755 55.153639
v 153.389540 51.838294 55.292301
v 153.389540 51.838294 55.292301
v 153.626967 52.254051 55.103761
v 153.454612 51.870629 55.199723
v 164.903163 37.547023 51.535521
v 164.805385 37.407741 51.693992
v 165.169592 37.294696 51.793078
v 164.119052 36.867599 49.054503
v 164.672925 37.687389 49.671101
v 164.762348 37.118517 49.796118
v 163.375016 37.561313 49.745330
v 164.119052 36.867599 49.054503
v 164.207703 37.591078 49.734426
v 164.440253 18.967867 46.647312
v 164.109863 15.886807 47.715456
v 169.728368 11.122044 53.294860
v 158.196444 49.927276 48.999580
v 157.726277 51.923245 49.642331
v 157.773724 51.903668 49.670502
v 157.786124 52.030732 49.893296
v 157.726277 51.923245 49.642331
v 157.671045 51.957569 50.048407
v 157.723474 51.935526 49.645506
v 157.671045 51.957569 50.048407
v 157.726277 51.923245 49.642331
v 155.683553 50.820870 54.478247
v 154.418482 49.655760 54.466744
v 154.461620 50.039789 55.324741
v 165.182196 34.961023 47.578653
v 164.002583 30.072378 46.392491
v 163.876473 37.537234 47.318193
v 164.989635 43.022898 52.490929
v 165.946755 43.310183 52.767326
v 165.951691 43.716995 53.363928
v 157.671045 51.957569 50.048407
v 157.735831 52.002205 52.493122
v 157.786124 52.030732 49.893296
v 157.251299 51.525800 49.997501
v 157.707417 52.012521 49.832273
v 157.773724 51.903668 49.670502
v 157.786124 52.030732 49.893296
v 157.723474 51.935526 49.645506
v 157.251299 51.525800 49.997501
v 157.726277 51.923245 49.642331
v 157.786124 52.030732 49.893296
v 157.251299 51.525800 49.997501
v 157.773724 51.903668 49.670502
v 157.707417 52.012521 49.832273
v 157.723474 51.935526 49.645506
v 163.281441 36.630969 50.335648
v 164.640157 36.428155 51.608967
v 163.433460 37.586015 50.342702
v 163.461052 36.249035 49.976550
v 163.945524 36.549185 50.384829
v 163.121341 35.990565 49.998196
v 157.707417 52.012521 49.832273
v 157.829194 51.984831 49.788920
v 157.786124 52.030732 49.893296
v 160.591085 51.044201 50.102164
v 157.707417 52.012521 49.832273
v 157.786124 52.030732 49.893296
v 160.591085 51.044201 50.102164
v 157.671045 51.957569 50.048407
v 157.707417 52.012521 49.832273
v 163.375016 37.561313 49.745330
v 163.121341 35.990565 49.998196
v 163.281441 36.630969 50.335648
v 166.711287 39.413037 46.641143
v 165.259370 36.771065 47.463607
v 166.217420 39.424050 46.721461
v 143.657136 24.752734 42.709409
v 142.732299 20.599866 41.967353
v 144.220539 26.471410 44.863595
v 164.094146 42.606934 45.313142
v 163.682527 42.711465 44.597394
v 163.969217 41.711959 44.646951
v 168.099024 14.327897 60.795404
v 163.045346 18.368176 61.326971
v 171.897247 11.763878 61.957552
v 162.909085 6.581491 41.624342
v 164.006506 10.666906 42.513979
v 165.345829 9.068571 43.813625
v 177.313026 7.334880 64.071502
v 177.188797 4.079396 64.981840
v 177.736505 6.879607 62.381126
v 166.389153 49.420154 53.797822
v 166.038131 50.613170 55.501308
v 166.661066 49.069258 54.131409
v 155.356923 0.833813 64.500609
v 158.081470 2.300314 66.240560
v 153.519323 1.538006 63.388205
v 159.102126 37.805917 58.318049
v 158.218209 44.915842 58.405627
v 157.735043 37.943366 57.900595
v 159.600270 52.518708 54.477943
v 164.662244 50.882083 54.385060
v 161.071343 52.013071 51.772652
v 156.820550 43.793279 56.655987
v 158.218209 44.915842 58.405627
v 159.059854 49.413760 57.872116
v 162.968224 31.913236 47.005565
v 164.002583 30.072378 46.392491
v 163.692665 28.918488 46.745395
v 146.380597 16.985305 39.812023
v 145.816316 16.463716 41.732109
v 145.062394 17.514523 40.789263
v 165.885253 46.296647 53.001256
v 166.506734 47.073946 53.710181
v 166.302063 47.592789 54.892672
v 162.278620 35.985786 47.351284
v 162.547605 35.286419 48.755821
v 162.905291 35.700344 48.007127
v 163.375016 37.561313 49.745330
v 162.989643 38.108025 50.499882
v 163.121341 35.990565 49.998196
v 158.641320 19.993197 54.457447
v 158.905206 20.015320 54.325658
v 158.858018 20.212205 54.433318
v 151.748828 16.620865 60.409174
v 153.877070 16.537391 59.111105
v 151.975781 17.959439 58.922424
v 157.251299 51.525800 49.997501
v 157.726277 51.923245 49.642331
v 158.196444 49.927276 48.999580
v 155.908114 51.371036 54.297383
v 155.878790 49.949783 56.198002
v 159.600270 52.518708 54.477943
v 165.372183 29.422416 48.798617
v 163.692665 28.918488 46.745395
v 164.605277 29.269408 46.823685
v 156.941993 36.913154 58.223694
v 155.676302 37.692235 58.440325
v 155.621633 35.609907 59.261504
v 164.787828 29.281626 46.735596
v 164.664954 29.099767 46.534477
v 164.667700 29.050535 46.549705
v 164.605277 29.269408 46.823685
v 164.787828 29.281626 46.735596
v 164.724892 29.157502 46.900444
v 172.684288 0.000001 57.730866
v 172.649818 1.095547 58.729606
v 170.470393 0.206285 58.643913
v 163.945524 36.549185 50.384829
v 164.640157 36.428155 51.608967
v 163.281441 36.630969 50.335648
v 163.692665 28.918488 46.745395
v 164.002583 30.072378 46.392491
v 164.664954 29.099767 46.534477
v 153.668370 21.806878 41.692750
v 149.344989 24.477949 37.781416
v 150.847846 28.868452 41.804696
v 144.801084 16.918669 39.258962
v 144.706290 16.925951 39.413761
v 145.711234 18.164681 39.774311
v 161.144369 24.950504 56.472105
v 160.823643 22.453564 56.105775
v 161.889339 25.979527 55.697563
v 166.193575 12.769856 62.436803
v 165.779552 12.403945 60.873170
v 167.128765 11.044902 62.485339
v 168.796659 9.470305 57.002253
v 170.972323 9.542960 60.164647
v 170.628085 8.914998 56.466031
v 175.315910 9.288568 59.196531
v 175.985898 7.479513 59.768874
v 176.559537 7.368943 58.526102
v 165.345829 9.068571 43.813625
v 164.006506 10.666906 42.513979
v 164.404704 13.762729 46.639175
v 170.972323 9.542960 60.164647
v 173.745404 10.283717 59.987711
v 172.911769 9.663750 58.400036
v 162.548096 32.091891 46.176296
v 163.692665 28.918488 46.745395
v 163.707297 26.148838 46.124933
v 151.547548 34.948979 60.064919
v 154.221332 33.573380 61.556398
v 152.780865 37.014544 59.692961
v 166.661066 49.069258 54.131409
v 166.469263 48.753369 54.131508
v 166.712506 47.789022 53.302274
v 159.140852 23.655826 54.635179
v 160.774745 19.563989 50.332877
v 161.041942 21.701459 47.695807
v 146.116379 33.485171 47.786712
v 147.742731 32.844945 47.913686
v 145.779044 31.780168 45.629000
v 163.433460 37.586015 50.342702
v 163.461052 36.249035 49.976550
v 163.281441 36.630969 50.335648
v 152.371517 25.939087 56.851343
v 149.113987 22.824107 55.310578
v 152.180254 22.385738 57.623208
v 153.877070 16.537391 59.111105
v 151.748828 16.620865 60.409174
v 155.182751 16.033446 60.724268
v 166.068707 45.590509 54.141516
v 166.606887 46.086454 56.449586
v 166.440456 44.500091 53.920053
v 162.907350 17.179616 48.732171
v 162.703166 19.640482 48.209542
v 161.554469 18.757969 47.832685
v 160.388540 17.996421 57.415753
v 161.361041 17.606253 59.206941
v 160.996514 15.459880 58.872035
v 166.197300 49.023897 54.204162
v 166.038131 50.613170 55.501308
v 166.285882 49.915302 56.492030
v 163.344758 51.073576 47.085034
v 163.272598 48.819134 45.469157
v 161.662966 48.302678 47.737371
v 148.888344 4.146768 43.442059
v 151.146643 4.028050 43.275730
v 151.151373 2.864473 44.632207
v 145.062394 17.514523 40.789263
v 144.975406 16.662238 39.684766
v 146.380597 16.985305 39.812023
v 143.719064 16.578217 49.188603
v 142.872105 17.416003 46.308530
v 144.199532 14.552144 48.276148
v 151.923635 10.975705 61.812302
v 151.748828 16.620865 60.409174
v 147.987477 13.315956 59.109866
v 157.251299 51.525800 49.997501
v 157.773724 51.903668 49.670502
v 157.726277 51.923245 49.642331
v 165.656906 44.536144 47.324508
v 166.515583 47.660485 46.528720
v 167.168900 44.865542 48.103264
v 164.594762 49.582456 45.581990
v 165.437762 47.828578 45.511472
v 163.272598 48.819134 45.469157
v 160.078990 37.633198 56.366613
v 161.205192 39.405962 56.581845
v 160.127884 36.221176 57.528720
v 176.848646 9.866416 61.474694
v 175.768263 10.572008 62.977933
v 177.313026 7.334880 64.071502
v 166.004084 2.700084 28.112451
v 165.865820 2.098393 32.541489
v 165.100446 0.706875 28.314258
v 163.766014 2.749713 43.429505
v 159.132233 4.298189 40.720440
v 161.838843 3.493606 40.688433
v 153.646672 8.539353 39.348970
v 150.307516 4.739910 41.745050
v 148.983514 6.190245 43.099241
v 163.707297 26.148838 46.124933
v 164.440253 18.967867 46.647312
v 165.415216 19.687252 45.555716
v 163.144269 16.202356 42.725728
v 162.533164 15.770490 41.879782
v 160.847196 16.054212 41.652071
v 161.356173 37.442982 48.570585
v 161.174829 39.035285 49.518812
v 160.993257 37.264747 53.244660
v 155.690420 40.757369 57.650098
v 156.820550 43.793279 56.655987
v 155.674624 46.607102 56.601617
v 151.653109 20.319791 39.749146
v 152.022942 21.022009 39.619960
v 153.668370 21.806878 41.692750
v 181.773948 3.446177 54.300320
v 180.797155 4.927152 56.722972
v 181.226351 3.597590 58.678145
v 163.876473 37.537234 47.318193
v 163.828049 41.442552 46.139621
v 165.259370 36.771065 47.463607
v 176.714754 3.137191 62.304437
v 176.881294 6.810200 60.545520
v 177.736505 6.879607 62.381126
v 166.568117 40.360335 47.058355
v 166.266943 39.331073 47.045144
v 166.217420 39.424050 46.721461
v 160.047733 38.501525 55.440105
v 162.514869 38.924397 54.616602
v 161.205192 39.405962 56.581845
v 166.568117 40.360335 47.058355
v 166.604654 39.190503 46.784113
v 166.711287 39.413037 46.641143
v 181.773948 3.446177 54.300320
v 180.132809 0.710277 51.810001
v 177.656435 4.158903 48.121517
v 166.142675 43.905823 53.336923
v 166.306766 44.324330 53.079846
v 166.440456 44.500091 53.920053
v 162.676103 16.869592 51.352572
v 162.907350 17.179616 48.732171
v 161.554469 18.757969 47.832685
v 164.979276 6.177530 41.308134
v 165.345829 9.068571 43.813625
v 167.206637 12.759954 47.879841
v 163.969217 41.711959 44.646951
v 164.003205 42.108149 45.003345
v 165.062647 42.082472 46.326044
v 146.047940 8.177340 49.467576
v 147.551296 15.382999 53.520312
v 147.507515 6.281034 44.244046
v 162.554577 39.613301 50.612386
v 162.989643 38.108025 50.499882
v 164.666978 38.690733 51.340027
v 162.310666 31.775873 41.399892
v 159.654162 36.126176 40.787107
v 161.738393 36.275870 41.846997
v 164.667700 29.050535 46.549705
v 164.605277 29.269408 46.823685
v 163.692665 28.918488 46.745395
v 154.774014 49.585911 51.407510
v 154.926400 47.833184 50.756738
v 154.596463 47.729704 51.443454
v 164.119052 36.867599 49.054503
v 165.727578 38.215169 48.368210
v 164.676137 38.802252 48.540023
v 160.379534 35.602495 53.338439
v 160.993257 37.264747 53.244660
v 160.047733 38.501525 55.440105
v 148.534850 2.963983 60.008389
v 146.440870 3.119250 55.779445
v 149.788777 1.368111 59.256053
v 147.987477 13.315956 59.109866
v 147.551296 15.382999 53.520312
v 145.234150 4.578165 53.103618
v 155.609581 50.470053 51.082831
v 157.735831 52.002205 52.493122
v 157.671045 51.957569 50.048407
v 156.941993 36.913154 58.223694
v 155.621633 35.609907 59.261504
v 158.416594 28.240264 57.964392
v 142.872105 17.416003 46.308530
v 142.331094 17.937105 46.092263
v 143.343912 19.206187 43.839439
v 165.528515 4.939096 29.396830
v 165.865820 2.098393 32.541489
v 166.004084 2.700084 28.112451
v 153.626967 52.254051 55.103761
v 155.789246 52.607016 53.087187
v 153.282665 51.332650 54.179234
v 147.237137 33.379840 50.162912
v 147.742731 32.844945 47.913686
v 145.405774 32.870675 49.470801
v 166.440456 44.500091 53.920053
v 166.325434 45.194212 53.729329
v 165.885253 46.296647 53.001256
v 163.461052 36.249035 49.976550
v 163.433460 37.586015 50.342702
v 163.945524 36.549185 50.384829
v 154.774014 49.585911 51.407510
v 154.596463 47.729704 51.443454
v 154.824511 47.947923 51.289050
v 155.689427 38.418991 58.408318
v 155.564872 38.973345 58.141801
v 155.723945 38.442245 58.635334
v 159.886916 23.783858 55.660060
v 159.140852 23.655826 54.635179
v 160.761535 24.634718 53.785260
v 160.123262 4.055922 37.523703
v 158.586059 6.308370 40.148601
v 160.998887 4.467296 35.862722
v 164.002583 30.072378 46.392491
v 162.968224 31.913236 47.005565
v 163.040376 35.078886 47.688586
v 151.361043 15.040774 40.265001
v 151.163465 16.310861 38.489273
v 151.190581 17.119301 39.210939
v 164.666978 38.690733 51.340027
v 164.672925 37.687389 49.671101
v 164.130572 39.249179 49.899574
v 180.671942 1.563717 59.269855
v 178.677233 3.127065 59.780497
v 179.331982 0.176166 58.636839
v 165.983379 40.592353 46.951369
v 166.009993 41.779079 48.266581
v 166.266943 39.331073 47.045144
v 153.866460 42.136389 56.232706
v 155.032109 39.951830 56.920510
v 155.564872 38.973345 58.141801
v 166.448875 48.439804 50.169375
v 166.515583 47.660485 46.528720
v 165.419893 50.765771 45.784944
v 147.281917 3.285733 45.433068
v 148.888344 4.146768 43.442059
v 151.151373 2.864473 44.632207
v 151.549083 13.692888 43.042697
v 151.361043 15.040774 40.265001
v 153.315107 14.416164 42.048804
v 165.415216 19.687252 45.555716
v 164.440253 18.967867 46.647312
v 168.954384 14.572075 50.671797
v 158.528540 42.602566 49.736432
v 160.789532 42.261478 50.008493
v 158.887018 42.347580 50.106715
v 143.756766 28.965397 43.802068
v 143.525647 28.552901 46.282820
v 144.111751 30.736656 44.876576
v 142.872105 17.416003 46.308530
v 143.719064 16.578217 49.188603
v 143.322732 17.800264 51.807845
v 162.767241 15.334479 43.790304
v 163.193246 15.866548 43.238539
v 162.533164 15.770490 41.879782
v 158.596686 38.815358 56.479808
v 160.047733 38.501525 55.440105
v 160.078990 37.633198 56.366613
v 153.176786 9.116369 40.792426
v 154.607518 12.465734 40.528167
v 155.498257 8.935520 40.315290
v 166.661066 49.069258 54.131409
v 166.197300 49.023897 54.204162
v 165.902843 49.628695 53.836524
v 155.182751 16.033446 60.724268
v 156.403240 17.211965 59.949014
v 153.877070 16.537391 59.111105
v 166.506734 47.073946 53.710181
v 166.440456 44.500091 53.920053
v 166.712506 47.789022 53.302274
v 160.633787 21.385470 60.989259
v 159.278861 20.244524 58.737677
v 158.299419 25.943354 58.907382
v 166.448875 48.439804 50.169375
v 166.834665 42.952805 48.563689
v 167.168900 44.865542 48.103264
v 150.142261 37.721203 57.291966
v 149.130051 35.468629 55.533627
v 152.780865 37.014544 59.692961
v 163.064291 0.408962 44.164540
v 167.003257 1.102395 46.234644
v 172.684288 0.000001 57.730866
v 165.162859 38.118294 51.799978
v 165.133515 37.950074 52.049711
v 164.665260 39.613548 51.464922
v 166.383997 40.341586 46.677382
v 166.711287 39.413037 46.641143
v 166.266943 39.331073 47.045144
v 162.411063 15.888462 43.586871
v 162.595693 16.109282 43.252065
v 162.707127 15.745327 43.860071
v 160.044239 42.792681 47.882828
v 159.386619 44.522341 46.620345
v 161.119388 45.554953 47.025794
v 155.907350 34.480930 41.412717
v 159.654162 36.126176 40.787107
v 157.751264 34.902123 39.924598
v 153.846989 42.472835 55.777167
v 153.862301 44.121385 55.657551
v 153.840955 42.743844 55.138319
v 160.847196 16.054212 41.652071
v 159.824286 20.966524 43.311608
v 160.772104 17.596684 42.722659
v 145.487023 14.715953 48.354476
v 148.708345 14.313891 48.475739
v 147.457969 15.705064 51.820017
v 150.657019 33.005749 45.091177
v 151.713169 34.140038 44.356982
v 151.317372 30.891326 41.525941
v 164.990460 24.953236 50.151319
v 164.926936 26.837422 49.649238
v 164.905338 24.927009 50.222641
v 144.737520 16.854696 39.567111
v 144.692730 16.895116 39.501090
v 145.711234 18.164681 39.774311
v 154.388964 43.377773 57.036071
v 153.846989 42.472835 55.777167
v 153.866460 42.136389 56.232706
v 169.530411 9.315441 48.011046
v 171.867250 9.860992 50.772022
v 168.918985 9.306454 47.253182
v 163.941614 6.711203 38.886799
v 167.776268 5.607385 40.226685
v 166.461010 4.656958 37.538822
v 156.941993 36.913154 58.223694
v 154.789921 38.727660 57.644486
v 155.676302 37.692235 58.440325
v 171.897247 11.763878 61.957552
v 175.994722 7.663525 65.129592
v 175.768263 10.572008 62.977933
v 176.508750 8.463167 60.823378
v 177.736505 6.879607 62.381126
v 176.881294 6.810200 60.545520
v 167.802313 11.036302 53.973820
v 169.728368 11.122044 53.294860
v 165.842059 12.313428 50.750210
v 153.668370 21.806878 41.692750
v 153.049976 26.410309 42.486173
v 154.319388 22.751791 43.227765
v 143.343912 19.206187 43.839439
v 142.732299 20.599866 41.967353
v 145.062394 17.514523 40.789263
v 149.130051 35.468629 55.533627
v 148.356659 35.228858 55.784813
v 148.208250 33.736046 55.819418
v 166.325434 45.194212 53.729329
v 166.440456 44.500091 53.920053
v 165.819525 44.229177 53.416452
v 158.654058 39.797860 46.702133
v 160.091176 40.256378 47.985575
v 160.520167 37.967495 46.156252
v 149.129558 14.580996 40.282233
v 151.190581 17.119301 39.210939
v 151.163465 16.310861 38.489273
v 160.139527 8.216268 40.233965
v 162.909085 6.581491 41.624342
v 163.941614 6.711203 38.886799
v 161.738393 36.275870 41.846997
v 159.654162 36.126176 40.787107
v 158.654058 39.797860 46.702133
v 160.139527 8.216268 40.233965
v 162.090378 7.970209 37.171203
v 161.710772 6.846048 35.402294
v 155.071368 51.010401 54.489418
v 155.683553 50.820870 54.478247
v 155.908114 51.371036 54.297383
v 170.051950 1.791006 65.483436
v 167.628612 0.456986 64.551157
v 175.188471 1.129825 64.342636
v 163.217735 16.266707 43.527049
v 162.707127 15.745327 43.860071
v 162.595693 16.109282 43.252065
v 164.926936 26.837422 49.649238
v 163.410775 30.226000 50.521519
v 163.468507 29.713722 50.976962
v 164.119052 36.867599 49.054503
v 163.375016 37.561313 49.745330
v 163.461052 36.249035 49.976550
v 148.356659 35.228858 55.784813
v 149.130051 35.468629 55.533627
v 150.142261 37.721203 57.291966
v 165.482743 40.607355 56.305031
v 163.094176 38.985043 56.473888
v 164.936949 39.920757 54.959896
v 144.737520 16.854696 39.567111
v 145.062394 17.514523 40.789263
v 144.692730 16.895116 39.501090
v 157.433183 28.598589 60.919444
v 160.633787 21.385470 60.989259
v 158.299419 25.943354 58.907382
v 169.728368 11.122044 53.294860
v 166.905783 12.913388 50.015866
v 165.842059 12.313428 50.750210
v 144.370538 31.482104 46.899674
v 144.950339 29.150603 46.808305
v 142.890965 29.440811 47.447760
v 144.737520 16.854696 39.567111
v 146.380597 16.985305 39.812023
v 144.801084 16.918669 39.258962
v 158.846471 19.868177 54.931489
v 158.641320 19.993197 54.457447
v 157.431018 20.230492 56.494861
v 163.272598 48.819134 45.469157
v 163.842481 43.647289 44.371057
v 161.695007 44.100110 45.482887
v 144.801084 16.918669 39.258962
v 146.380597 16.985305 39.812023
v 144.975406 16.662238 39.684766
v 160.664649 18.601037 55.409900
v 159.302441 19.627712 54.185471
v 158.846471 19.868177 54.931489
v 175.985898 7.479513 59.768874
v 176.881294 6.810200 60.545520
v 176.714754 3.137191 62.304437
v 150.657019 33.005749 45.091177
v 149.005373 32.529300 47.116935
v 151.330252 32.548089 45.698784
v 158.425970 37.599892 56.209997
v 158.596686 38.815358 56.479808
v 157.735043 37.943366 57.900595
v 165.952807 16.273859 44.860747
v 163.307431 15.933070 44.031809
v 163.217735 16.266707 43.527049
v 153.454612 51.870629 55.199723
v 153.407037 51.992303 55.126021
v 153.282665 51.332650 54.179234
v 146.866897 31.241748 42.628075
v 148.171580 30.247622 39.437621
v 147.000444 29.642364 41.377786
v 166.709303 36.839269 49.548095
v 166.524122 39.292881 48.764194
v 165.910334 41.963124 50.483530
v 160.998887 4.467296 35.862722
v 163.996321 0.400518 35.941562
v 160.123262 4.055922 37.523703
v 165.182196 34.961023 47.578653
v 163.255720 35.221786 48.572397
v 164.425869 33.186240 48.202536
v 163.040376 35.078886 47.688586
v 162.905291 35.700344 48.007127
v 162.547605 35.286419 48.755821
v 155.277804 4.589533 40.776957
v 155.476645 5.170920 41.617305
v 156.053944 2.137623 41.639597
v 166.217420 39.424050 46.721461
v 166.266943 39.331073 47.045144
v 166.711287 39.413037 46.641143
v 167.128765 11.044902 62.485339
v 169.469718 8.861348 66.061156
v 170.110333 11.113996 62.619253
v 155.445957 52.319966 54.703534
v 153.626967 52.254051 55.103761
v 153.389540 51.838294 55.292301
v 144.706290 16.925951 39.413761
v 144.975406 16.662238 39.684766
v 144.737520 16.854696 39.567111
v 158.196444 49.927276 48.999580
v 160.591085 51.044201 50.102164
v 160.338778 49.733249 48.742517
v 164.119052 36.867599 49.054503
v 164.316143 34.732445 49.680717
v 165.727578 38.215169 48.368210
v 166.918288 8.543626 44.609315
v 168.697205 8.723944 47.222137
v 166.885398 6.013612 45.961695
v 158.641320 19.993197 54.457447
v 158.680334 20.791298 54.677871
v 157.431018 20.230492 56.494861
v 177.188797 4.079396 64.981840
v 177.313026 7.334880 64.071502
v 175.994722 7.663525 65.129592
v 161.178136 15.700406 59.806480
v 159.467338 17.337544 61.972890
v 157.222362 18.892249 60.004390
v 144.876763 20.124744 39.727191
v 143.864244 21.865834 40.855430
v 144.002220 22.769216 39.089526
v 158.299419 25.943354 58.907382
v 160.441628 26.179995 56.681131
v 158.416594 28.240264 57.964392
v 154.789921 38.727660 57.644486
v 155.564872 38.973345 58.141801
v 155.689427 38.418991 58.408318
v 166.448875 48.439804 50.169375
v 166.405669 46.443284 51.560579
v 165.910334 41.963124 50.483530
v 154.649440 17.917365 41.864527
v 153.423146 17.184119 40.874390
v 153.668370 21.806878 41.692750
v 144.167000 25.456864 41.436796
v 143.756766 28.965397 43.802068
v 144.068970 27.879995 40.248101
v 166.918288 8.543626 44.609315
v 168.918985 9.306454 47.253182
v 169.386082 9.341969 47.565939
v 165.250813 50.585264 51.418516
v 163.741217 52.102704 51.320196
v 164.662244 50.882083 54.385060
v 146.168154 17.260799 50.685115
v 144.918162 19.179483 52.815288
v 143.719064 16.578217 49.188603
v 156.820550 43.793279 56.655987
v 155.690420 40.757369 57.650098
v 156.624973 39.364693 57.374032
v 154.607518 12.465734 40.528167
v 153.315107 14.416164 42.048804
v 154.899037 15.658350 42.292806
v 164.114504 40.419765 52.034852
v 164.666978 38.690733 51.340027
v 164.665260 39.613548 51.464922
v 166.834665 42.952805 48.563689
v 166.336710 42.126564 47.448863
v 166.568117 40.360335 47.058355
v 149.788777 1.368111 59.256053
v 150.667327 0.476255 55.308498
v 153.840906 0.365267 61.367814
v 148.356659 35.228858 55.784813
v 148.358457 33.462011 55.224509
v 148.195978 33.609796 55.424563
v 152.545846 0.386972 45.100243
v 151.202444 1.394738 44.404807
v 156.053944 2.137623 41.639597
v 153.771353 47.462664 54.710195
v 154.596463 47.729704 51.443454
v 154.010762 45.956136 54.011635
v 166.515583 47.660485 46.528720
v 166.448875 48.439804 50.169375
v 167.168900 44.865542 48.103264
v 165.952807 16.273859 44.860747
v 163.324847 15.776120 44.929843
v 163.307431 15.933070 44.031809
v 165.004961 37.591365 51.869276
v 165.133515 37.950074 52.049711
v 164.847950 37.791713 51.857547
v 168.954384 14.572075 50.671797
v 171.682451 11.294045 55.193087
v 173.673674 9.538231 54.099242
v 151.085883 36.426539 50.421903
v 150.788128 33.849934 48.690072
v 149.642710 33.159612 48.540815
v 150.657019 33.005749 45.091177
v 151.330252 32.548089 45.698784
v 151.713169 34.140038 44.356982
v 162.097958 43.935077 46.665695
v 161.119388 45.554953 47.025794
v 161.695007 44.100110 45.482887
v 166.405669 46.443284 51.560579
v 166.448875 48.439804 50.169375
v 165.902843 49.628695 53.836524
v 165.162859 38.118294 51.799978
v 164.903163 37.547023 51.535521
v 164.666978 38.690733 51.340027
v 160.107476 15.468347 59.708890
v 160.323744 12.553952 61.675313
v 160.996514 15.459880 58.872035
v 143.719064 16.578217 49.188603
v 144.918162 19.179483 52.815288
v 143.322732 17.800264 51.807845
v 163.468507 29.713722 50.976962
v 163.616478 33.454105 49.829327
v 163.100157 29.908196 50.863573
v 168.892498 9.190995 47.265458
v 169.386082 9.341969 47.565939
v 169.178343 9.171784 47.566510
v 162.022876 12.581750 59.563948
v 161.990048 10.833241 62.576286
v 167.128765 11.044902 62.485339
v 166.461010 4.656958 37.538822
v 166.593323 2.502713 36.082188
v 164.973237 5.703647 31.343020
v 153.286200 29.498480 43.416724
v 155.526810 29.550308 42.255914
v 156.168917 19.890819 42.847546
v 164.973237 5.703647 31.343020
v 166.593323 2.502713 36.082188
v 165.865820 2.098393 32.541489
v 166.068707 45.590509 54.141516
v 166.506734 47.073946 53.710181
v 166.325434 45.194212 53.729329
v 154.596463 47.729704 51.443454
v 154.926400 47.833184 50.756738
v 154.209958 43.745986 51.228161
v 143.525647 28.552901 46.282820
v 143.218919 27.938316 46.208704
v 142.890965 29.440811 47.447760
v 158.236929 42.496880 49.874708
v 157.976636 42.577206 49.222704
v 158.528540 42.602566 49.736432
v 151.202444 1.394738 44.404807
v 153.670366 3.535913 41.724215
v 156.053944 2.137623 41.639597
v 153.454612 51.870629 55.199723
v 153.626967 52.254051 55.103761
v 153.407037 51.992303 55.126021
v 154.221332 33.573380 61.556398
v 151.547548 34.948979 60.064919
v 153.175033 29.723317 60.983880
v 168.796659 9.470305 57.002253
v 167.083382 11.615658 56.562568
v 169.184341 11.601555 60.017577
v 165.910334 41.963124 50.483530
v 166.524122 39.292881 48.764194
v 166.834665 42.952805 48.563689
v 164.207703 37.591078 49.734426
v 164.119052 36.867599 49.054503
v 164.762348 37.118517 49.796118
v 161.384671 26.147967 56.319856
v 160.804457 26.411904 57.049300
v 160.979266 26.893779 55.721787
v 159.167977 19.677414 54.017173
v 158.846471 19.868177 54.931489
v 158.905206 20.015320 54.325658
v 161.361041 17.606253 59.206941
v 168.099024 14.327897 60.795404
v 166.646686 13.192915 60.341542
v 165.727578 38.215169 48.368210
v 165.259370 36.771065 47.463607
v 166.266943 39.331073 47.045144
v 162.548096 32.091891 46.176296
v 163.805098 28.316087 44.644718
v 163.360757 32.646850 42.792268
v 157.251299 51.525800 49.997501
v 157.671045 51.957569 50.048407
v 157.829194 51.984831 49.788920
v 165.415216 19.687252 45.555716
v 165.965933 18.784437 44.882856
v 162.310666 31.775873 41.399892
v 176.848646 9.866416 61.474694
v 177.313026 7.334880 64.071502
v 177.736505 6.879607 62.381126
v 157.609388 42.470990 49.943952
v 158.654058 39.797860 46.702133
v 155.178664 40.056684 49.748714
v 147.195188 2.450395 54.530861
v 149.788777 1.368111 59.256053
v 146.440870 3.119250 55.779445
v 154.774014 49.585911 51.407510
v 154.858149 48.111094 51.477279
v 155.330446 51.541168 53.303653
v 148.752732 26.737541 38.271321
v 150.045082 25.283193 37.990826
v 149.344989 24.477949 37.781416
v 149.506604 0.816042 50.508477
v 148.516700 3.104458 49.890803
v 149.768189 2.484108 47.767128
v 148.208250 33.736046 55.819418
v 148.358457 33.462011 55.224509
v 149.130051 35.468629 55.533627
v 155.515361 37.322722 43.462344
v 155.178664 40.056684 49.748714
v 158.654058 39.797860 46.702133
v 171.897247 11.763878 61.957552
v 163.045346 18.368176 61.326971
v 170.110333 11.113996 62.619253
v 153.646672 8.539353 39.348970
v 155.498257 8.935520 40.315290
v 156.998756 7.527258 39.630525
v 151.361043 15.040774 40.265001
v 153.423146 17.184119 40.874390
v 153.315107 14.416164 42.048804
v 166.918288 8.543626 44.609315
v 164.979276 6.177530 41.308134
v 167.206637 12.759954 47.879841
v 160.796167 25.557019 56.147552
v 160.441628 26.179995 56.681131
v 158.299419 25.943354 58.907382
v 151.317372 30.891326 41.525941
v 150.432545 30.008692 39.543877
v 149.083899 32.442504 41.371525
v 166.336710 42.126564 47.448863
v 166.009993 41.779079 48.266581
v 165.983379 40.592353 46.951369
v 166.389153 49.420154 53.797822
v 166.197300 49.023897 54.204162
v 166.469263 48.753369 54.131508
v 165.172172 24.724911 49.946182
v 164.905338 24.927009 50.222641
v 164.913392 24.325260 50.265649
v 166.009993 41.779079 48.266581
v 165.981100 42.821676 47.878382
v 166.834665 42.952805 48.563689
v 159.167977 19.677414 54.017173
v 159.302441 19.627712 54.185471
v 160.774745 19.563989 50.332877
v 169.728368 11.122044 53.294860
v 171.682451 11.294045 55.193087
v 168.954384 14.572075 50.671797
v 160.993257 37.264747 53.244660
v 162.514869 38.924397 54.616602
v 160.047733 38.501525 55.440105
v 164.207703 37.591078 49.734426
v 164.130572 39.249179 49.899574
v 164.672925 37.687389 49.671101
v 142.331094 17.937105 46.092263
v 142.875216 22.478712 50.549318
v 143.318432 27.370200 50.442628
v 165.981100 42.821676 47.878382
v 166.146848 43.179874 46.795628
v 166.834665 42.952805 48.563689
v 168.954384 14.572075 50.671797
v 173.673674 9.538231 54.099242
v 170.346453 12.032833 50.716316
v 162.518112 40.960687 47.581693
v 162.907059 42.286828 46.725629
v 163.828049 41.442552 46.139621
v 148.752732 26.737541 38.271321
v 146.948989 26.431216 37.833661
v 147.187796 29.066193 39.083588
v 163.144269 16.202356 42.725728
v 162.767241 15.334479 43.790304
v 162.533164 15.770490 41.879782
v 158.510106 22.372231 62.198549
v 159.467338 17.337544 61.972890
v 166.193575 12.769856 62.436803
v 162.272011 40.246453 48.982012
v 162.905291 35.700344 48.007127
v 163.255720 35.221786 48.572397
v 161.554469 18.757969 47.832685
v 160.774745 19.563989 50.332877
v 162.676103 16.869592 51.352572
v 159.102126 37.805917 58.318049
v 159.143334 35.791646 57.890564
v 160.127884 36.221176 57.528720
v 161.041942 21.701459 47.695807
v 160.774745 19.563989 50.332877
v 161.554469 18.757969 47.832685
v 162.767241 15.334479 43.790304
v 163.307431 15.933070 44.031809
v 162.870314 15.415681 44.310691
v 165.403654 47.941770 59.286182
v 166.285882 49.915302 56.492030
v 163.166643 49.160389 59.997646
v 152.180254 22.385738 57.623208
v 153.877070 16.537391 59.111105
v 154.427078 24.446277 58.202421
v 167.083382 11.615658 56.562568
v 168.796659 9.470305 57.002253
v 167.802313 11.036302 53.973820
v 167.802313 11.036302 53.973820
v 170.628085 8.914998 56.466031
v 169.728368 11.122044 53.294860
v 162.097958 43.935077 46.665695
v 161.695007 44.100110 45.482887
v 164.094146 42.606934 45.313142
v 154.926400 47.833184 50.756738
v 155.609581 50.470053 51.082831
v 154.858149 48.111094 51.477279
v 169.386082 9.341969 47.565939
v 171.867250 9.860992 50.772022
v 169.877705 8.637803 48.400441
v 145.256128 23.829176 53.536558
v 142.875216 22.478712 50.549318
v 144.142967 21.456602 52.631374
v 147.507515 6.281034 44.244046
v 150.307516 4.739910 41.745050
v 148.888344 4.146768 43.442059
v 174.523458 0.665290 62.306029
v 175.188471 1.129825 64.342636
v 167.628612 0.456986 64.551157
v 163.344758 51.073576 47.085034
v 164.594762 49.582456 45.581990
v 163.272598 48.819134 45.469157
v 163.307431 15.933070 44.031809
v 162.767241 15.334479 43.790304
v 163.144269 16.202356 42.725728
v 153.425644 43.592404 55.347088
v 153.846989 42.472835 55.777167
v 153.356895 41.925602 55.833315
v 157.225792 16.407910 40.801012
v 159.824286 20.966524 43.311608
v 160.847196 16.054212 41.652071
v 167.206637 12.759954 47.879841
v 170.011280 9.697626 49.276561
v 168.386257 9.235398 47.601104
v 144.722390 29.231459 45.866969
v 143.756766 28.965397 43.802068
v 144.167000 25.456864 41.436796
v 166.306766 44.324330 53.079846
v 165.946755 43.310183 52.767326
v 165.910334 41.963124 50.483530
v 166.217420 39.424050 46.721461
v 163.828049 41.442552 46.139621
v 165.983379 40.592353 46.951369
v 170.011280 9.697626 49.276561
v 167.206637 12.759954 47.879841
v 168.321889 11.108376 49.348318
v 158.186245 44.260800 47.396331
v 158.145932 43.763644 49.401964
v 159.413333 46.284129 48.706173
v 163.040376 35.078886 47.688586
v 162.968224 31.913236 47.005565
v 162.548096 32.091891 46.176296
v 163.193246 15.866548 43.238539
v 163.144269 16.202356 42.725728
v 162.595693 16.109282 43.252065
v 160.823643 22.453564 56.105775
v 159.608220 19.966641 57.386571
v 159.886916 23.783858 55.660060
v 158.965781 20.101823 54.524909
v 158.858018 20.212205 54.433318
v 158.680334 20.791298 54.677871
v 154.858149 48.111094 51.477279
v 155.081077 47.537860 51.535964
v 154.596463 47.729704 51.443454
v 160.075023 32.904035 55.387656
v 160.760126 28.927726 54.011140
v 160.379534 35.602495 53.338439
v 176.508750 8.463167 60.823378
v 176.881294 6.810200 60.545520
v 175.985898 7.479513 59.768874
v 161.889339 25.979527 55.697563
v 159.886916 23.783858 55.660060
v 160.979266 26.893779 55.721787
v 164.989635 43.022898 52.490929
v 165.819525 44.229177 53.416452
v 164.333384 41.225368 53.176623
v 166.515583 47.660485 46.528720
v 165.394915 46.256215 45.704813
v 165.437762 47.828578 45.511472
v 168.892498 9.190995 47.265458
v 166.918288 8.543626 44.609315
v 169.386082 9.341969 47.565939
v 175.994722 7.663525 65.129592
v 171.897247 11.763878 61.957552
v 170.110333 11.113996 62.619253
v 156.403240 17.211965 59.949014
v 157.222362 18.892249 60.004390
v 154.427078 24.446277 58.202421
v 163.314762 6.661656 31.945529
v 164.973237 5.703647 31.343020
v 165.528515 4.939096 29.396830
v 153.866460 42.136389 56.232706
v 153.425644 43.592404 55.347088
v 153.862301 44.121385 55.657551
v 147.187796 29.066193 39.083588
v 144.068970 27.879995 40.248101
v 147.000444 29.642364 41.377786
v 165.122489 44.785654 58.237293
v 165.403654 47.941770 59.286182
v 163.243840 44.797521 59.176340
v 153.209330 45.666185 55.208668
v 153.152272 46.668168 54.322788
v 153.771353 47.462664 54.710195
v 166.918288 8.543626 44.609315
v 166.885398 6.013612 45.961695
v 164.979276 6.177530 41.308134
v 164.724892 29.157502 46.900444
v 164.787828 29.281626 46.735596
v 164.667700 29.050535 46.549705
v 152.833781 46.083828 54.993385
v 152.132060 48.044635 54.745711
v 152.073808 46.135309 53.882060
v 151.527568 10.407068 40.641960
v 148.983514 6.190245 43.099241
v 149.305442 11.355855 43.573403
v 147.307590 30.775802 45.619628
v 149.005373 32.529300 47.116935
v 146.866897 31.241748 42.628075
v 160.520167 37.967495 46.156252
v 161.738393 36.275870 41.846997
v 158.654058 39.797860 46.702133
v 166.524122 39.292881 48.764194
v 166.009993 41.779079 48.266581
v 166.834665 42.952805 48.563689
v 166.506734 47.073946 53.710181
v 166.712506 47.789022 53.302274
v 166.469263 48.753369 54.131508
v 155.907350 34.480930 41.412717
v 155.515361 37.322722 43.462344
v 159.654162 36.126176 40.787107
v 152.298146 4.870770 41.270786
v 154.583766 6.512797 40.008401
v 155.476645 5.170920 41.617305
v 155.674624 46.607102 56.601617
v 156.820550 43.793279 56.655987
v 157.712488 48.549214 57.524050
v 158.596686 38.815358 56.479808
v 158.425970 37.599892 56.209997
v 160.047733 38.501525 55.440105
v 160.847196 16.054212 41.652071
v 162.595693 16.109282 43.252065
v 162.411063 15.888462 43.586871
v 160.823643 22.453564 56.105775
v 159.886916 23.783858 55.660060
v 161.889339 25.979527 55.697563
v 169.728368 11.122044 53.294860
v 164.109863 15.886807 47.715456
v 166.905783 12.913388 50.015866
v 153.286200 29.498480 43.416724
v 154.319388 22.751791 43.227765
v 153.049976 26.410309 42.486173
v 151.361043 15.040774 40.265001
v 149.129558 14.580996 40.282233
v 151.163465 16.310861 38.489273
v 163.375016 37.561313 49.745330
v 164.207703 37.591078 49.734426
v 164.672925 37.687389 49.671101
v 149.305442 11.355855 43.573403
v 147.551296 15.382999 53.520312
v 148.708345 14.313891 48.475739
v 166.142675 43.905823 53.336923
v 165.946755 43.310183 52.767326
v 165.972519 43.650470 52.959917
v 147.195188 2.450395 54.530861
v 147.508115 0.722234 54.080475
v 149.788777 1.368111 59.256053
v 164.990460 24.953236 50.151319
v 164.913392 24.325260 50.265649
v 164.926936 26.837422 49.649238
v 159.704690 37.293318 56.320826
v 160.127884 36.221176 57.528720
v 160.835465 34.353729 55.633368
v 165.133515 37.950074 52.049711
v 165.004961 37.591365 51.869276
v 164.805385 37.407741 51.693992
v 177.188797 4.079396 64.981840
v 175.994722 7.663525 65.129592
v 175.171294 6.613380 66.537901
v 158.680334 20.791298 54.677871
v 158.641320 19.993197 54.457447
v 158.793599 20.193563 54.602345
v 153.866460 42.136389 56.232706
v 153.862301 44.121385 55.657551
v 153.209330 45.666185 55.208668
v 154.461620 50.039789 55.324741
v 155.674624 46.607102 56.601617
v 155.878790 49.949783 56.198002
v 160.441628 26.179995 56.681131
v 160.761535 24.634718 53.785260
v 160.760126 28.927726 54.011140
v 164.114504 40.419765 52.034852
v 162.554577 39.613301 50.612386
v 164.666978 38.690733 51.340027
v 162.715877 16.613599 43.788027
v 163.324847 15.776120 44.929843
v 159.824286 20.966524 43.311608
v 165.952807 16.273859 44.860747
v 165.965933 18.784437 44.882856
v 170.346453 12.032833 50.716316
v 164.664954 29.099767 46.534477
v 164.724892 29.157502 46.900444
v 163.692665 28.918488 46.745395
v 164.724892 29.157502 46.900444
v 164.667700 29.050535 46.549705
v 163.692665 28.918488 46.745395
v 153.176786 9.116369 40.792426
v 155.498257 8.935520 40.315290
v 153.646672 8.539353 39.348970
v 145.779044 31.780168 45.629000
v 144.111751 30.736656 44.876576
v 146.116379 33.485171 47.786712
v 165.965933 18.784437 44.882856
v 165.952807 16.273859 44.860747
v 163.217735 16.266707 43.527049
v 166.593323 2.502713 36.082188
v 167.103475 0.320300 37.256878
v 165.865820 2.098393 32.541489
v 166.389153 49.420154 53.797822
v 166.661066 49.069258 54.131409
v 166.712506 47.789022 53.302274
v 175.768263 10.572008 62.977933
v 176.848646 9.866416 61.474694
v 171.897247 11.763878 61.957552
v 157.667705 1.926373 63.509179
v 158.397219 1.543302 65.675195
v 155.356923 0.833813 64.500609
v 164.316143 34.732445 49.680717
v 163.410775 30.226000 50.521519
v 163.616478 33.454105 49.829327
v 155.801195 0.437085 47.706153
v 156.053944 2.137623 41.639597
v 159.023043 0.562207 42.867358
v 160.979266 26.893779 55.721787
v 160.441628 26.179995 56.681131
v 160.760126 28.927726 54.011140
v 149.305442 11.355855 43.573403
v 148.983514 6.190245 43.099241
v 147.551296 15.382999 53.520312
v 149.113987 22.824107 55.310578
v 148.312931 29.602597 53.353120
v 147.725419 23.692671 53.576829
v 155.266548 35.671480 60.319270
v 155.621633 35.609907 59.261504
v 154.789921 38.727660 57.644486
v 169.178343 9.171784 47.566510
v 168.386257 9.235398 47.601104
v 169.265831 9.124885 47.795745
v 153.840955 42.743844 55.138319
v 154.689186 41.465380 54.943240
v 153.356895 41.925602 55.833315
v 152.132060 48.044635 54.745711
v 153.199601 47.705879 54.853975
v 154.461620 50.039789 55.324741
v 163.468507 29.713722 50.976962
v 163.121341 35.990565 49.998196
v 163.616478 33.454105 49.829327
v 160.847196 16.054212 41.652071
v 158.714790 11.807790 40.202639
v 157.225792 16.407910 40.801012
v 165.951691 43.716995 53.363928
v 165.997273 44.818940 53.106642
v 166.077308 44.050595 53.098327
v 166.068707 45.590509 54.141516
v 165.885253 46.296647 53.001256
v 166.302063 47.592789 54.892672
v 143.218919 27.938316 46.208704
v 144.950339 29.150603 46.808305
v 144.220539 26.471410 44.863595
v 163.741217 52.102704 51.320196
v 166.448875 48.439804 50.169375
v 165.419893 50.765771 45.784944
v 169.184341 11.601555 60.017577
v 168.099024 14.327897 60.795404
v 171.897247 11.763878 61.957552
v 154.899037 15.658350 42.292806
v 157.225792 16.407910 40.801012
v 154.607518 12.465734 40.528167
v 157.707417 52.012521 49.832273
v 157.671045 51.957569 50.048407
v 157.723474 51.935526 49.645506
v 158.887018 42.347580 50.106715
v 158.437299 42.095474 49.266167
v 158.528540 42.602566 49.736432
v 151.923635 10.975705 61.812302
v 148.534850 2.963983 60.008389
v 153.519323 1.538006 63.388205
v 164.159842 23.667356 48.309081
v 163.650040 25.420627 50.508387
v 162.480815 23.467869 49.631516
v 166.077308 44.050595 53.098327
v 166.142675 43.905823 53.336923
v 165.951691 43.716995 53.363928
v 153.866460 42.136389 56.232706
v 155.668851 38.346305 58.669872
v 155.690420 40.757369 57.650098
v 163.945524 36.549185 50.384829
v 164.762348 37.118517 49.796118
v 164.640157 36.428155 51.608967
v 159.140852 23.655826 54.635179
v 158.680334 20.791298 54.677871
v 160.774745 19.563989 50.332877
v 164.979276 6.177530 41.308134
v 166.407546 5.256765 42.920254
v 167.776268 5.607385 40.226685
v 160.804457 26.411904 57.049300
v 160.796167 25.557019 56.147552
v 161.144369 24.950504 56.472105
v 159.704690 37.293318 56.320826
v 160.078990 37.633198 56.366613
v 160.127884 36.221176 57.528720
v 154.418482 49.655760 54.466744
v 153.199601 47.705879 54.853975
v 152.124242 48.697470 53.728195
v 154.010762 45.956136 54.011635
v 152.978192 45.379428 53.640276
v 152.967428 43.399108 53.676739
v 157.735043 37.943366 57.900595
v 156.820550 43.793279 56.655987
v 156.624973 39.364693 57.374032
v 157.715121 20.092697 57.457506
v 157.431018 20.230492 56.494861
v 159.140852 23.655826 54.635179
v 159.373823 19.786704 53.933370
v 159.267162 20.257980 53.984277
v 159.302441 19.627712 54.185471
v 164.179201 11.517510 56.351376
v 165.842059 12.313428 50.750210
v 164.294008 11.844915 50.527313
v 154.583766 6.512797 40.008401
v 156.998756 7.527258 39.630525
v 159.132233 4.298189 40.720440
v 164.605277 29.269408 46.823685
v 164.667700 29.050535 46.549705
v 164.664954 29.099767 46.534477
v 160.772104 17.596684 42.722659
v 162.238286 16.023806 43.786307
v 162.595693 16.109282 43.252065
v 146.168154 17.260799 50.685115
v 145.487023 14.715953 48.354476
v 147.457969 15.705064 51.820017
v 164.179201 11.517510 56.351376
v 164.294008 11.844915 50.527313
v 163.287289 12.195222 52.520162
v 159.704690 37.293318 56.320826
v 159.143334 35.791646 57.890564
v 158.596686 38.815358 56.479808
v 166.197300 49.023897 54.204162
v 165.885253 46.296647 53.001256
v 165.902843 49.628695 53.836524
v 159.608220 19.966641 57.386571
v 158.299419 25.943354 58.907382
v 159.278861 20.244524 58.737677
v 150.307516 4.739910 41.745050
v 151.146643 4.028050 43.275730
v 148.888344 4.146768 43.442059
v 172.181626 6.464272 48.497411
v 177.860485 6.592568 52.997358
v 167.776268 5.607385 40.226685
v 158.196444 49.927276 48.999580
v 159.185082 48.902720 48.949477
v 157.519574 50.006316 50.922276
v 158.145932 43.763644 49.401964
v 157.976636 42.577206 49.222704
v 157.609388 42.470990 49.943952
v 152.298146 4.870770 41.270786
v 155.476645 5.170920 41.617305
v 155.277804 4.589533 40.776957
v 163.375016 37.561313 49.745330
v 163.281441 36.630969 50.335648
v 163.461052 36.249035 49.976550
v 164.923006 40.810956 52.261390
v 164.114504 40.419765 52.034852
v 165.133515 37.950074 52.049711
v 160.641194 28.055651 57.697633
v 160.804457 26.411904 57.049300
v 161.413806 25.634721 56.763340
v 150.432545 30.008692 39.543877
v 150.045082 25.283193 37.990826
v 148.752732 26.737541 38.271321
v 163.121341 35.990565 49.998196
v 163.945524 36.549185 50.384829
v 163.281441 36.630969 50.335648
v 147.742731 32.844945 47.913686
v 146.116379 33.485171 47.786712
v 145.405774 32.870675 49.470801
v 158.793599 20.193563 54.602345
v 158.641320 19.993197 54.457447
v 158.858018 20.212205 54.433318
v 161.205192 39.405962 56.581845
v 162.514869 38.924397 54.616602
v 163.094176 38.985043 56.473888
v 155.953775 42.164065 53.645980
v 154.689186 41.465380 54.943240
v 155.664926 42.831080 51.838688
v 166.568117 40.360335 47.058355
v 165.983379 40.592353 46.951369
v 166.266943 39.331073 47.045144
v 164.129098 41.457443 49.542947
v 164.130572 39.249179 49.899574
v 164.676137 38.802252 48.540023
v 156.168917 19.890819 42.847546
v 154.899037 15.658350 42.292806
v 154.649440 17.917365 41.864527
v 157.751264 34.902123 39.924598
v 159.654162 36.126176 40.787107
v 155.526810 29.550308 42.255914
v 153.389540 51.838294 55.292301
v 155.071368 51.010401 54.489418
v 155.445957 52.319966 54.703534
v 153.282665 51.332650 54.179234
v 152.124242 48.697470 53.728195
v 152.132060 48.044635 54.745711
v 166.217420 39.424050 46.721461
v 165.259370 36.771065 47.463607
v 163.828049 41.442552 46.139621
v 168.918985 9.306454 47.253182
v 169.178343 9.171784 47.566510
v 169.530411 9.315441 48.011046
v 166.606887 46.086454 56.449586
v 166.285882 49.915302 56.492030
v 165.403654 47.941770 59.286182
v 160.789532 42.261478 50.008493
v 162.272011 40.246453 48.982012
v 162.554577 39.613301 50.612386
v 154.789921 38.727660 57.644486
v 155.668851 38.346305 58.669872
v 153.866460 42.136389 56.232706
v 161.361041 17.606253 59.206941
v 160.388540 17.996421 57.415753
v 159.278861 20.244524 58.737677
v 147.334415 14.074328 42.978373
v 145.816316 16.463716 41.732109
v 146.380597 16.985305 39.812023
v 158.793599 20.193563 54.602345
v 158.846471 19.868177 54.931489
v 158.680334 20.791298 54.677871
v 165.182196 34.961023 47.578653
v 164.316143 34.732445 49.680717
v 163.255720 35.221786 48.572397
v 182.183122 1.300971 55.973095
v 181.226351 3.597590 58.678145
v 180.671942 1.563717 59.269855
v 144.111751 30.736656 44.876576
v 145.779044 31.780168 45.629000
v 144.269626 30.253739 42.634723
v 153.646672 8.539353 39.348970
v 148.983514 6.190245 43.099241
v 151.527568 10.407068 40.641960
v 147.196027 5.570204 58.158739
v 146.440870 3.119250 55.779445
v 148.534850 2.963983 60.008389
v 165.162859 38.118294 51.799978
v 165.004961 37.591365 51.869276
v 164.903163 37.547023 51.535521
v 158.647356 41.666879 49.919986
v 160.091176 40.256378 47.985575
v 158.437299 42.095474 49.266167
v 146.047940 8.177340 49.467576
v 147.507515 6.281034 44.244046
v 146.237785 4.577502 45.386009
v 154.673165 23.960004 60.600337
v 154.427078 24.446277 58.202421
v 157.222362 18.892249 60.004390
v 148.534850 2.963983 60.008389
v 149.788777 1.368111 59.256053
v 153.519323 1.538006 63.388205
v 154.899037 15.658350 42.292806
v 153.315107 14.416164 42.048804
v 153.423146 17.184119 40.874390
v 153.862301 44.121385 55.657551
v 153.752756 47.637572 55.675789
v 153.209330 45.666185 55.208668
v 174.355652 10.615718 56.315596
v 178.009635 6.191202 57.796793
v 173.673674 9.538231 54.099242
v 171.867250 9.860992 50.772022
v 173.673674 9.538231 54.099242
v 177.860485 6.592568 52.997358
v 165.885253 46.296647 53.001256
v 166.306766 44.324330 53.079846
v 166.405669 46.443284 51.560579
v 163.876473 37.537234 47.318193
v 165.259370 36.771065 47.463607
v 165.182196 34.961023 47.578653
v 166.325434 45.194212 53.729329
v 165.819525 44.229177 53.416452
v 165.997273 44.818940 53.106642
v 155.330446 51.541168 53.303653
v 155.908114 51.371036 54.297383
v 155.218700 51.239760 54.054762
v 165.858307 37.841455 49.831792
v 165.910334 41.963124 50.483530
v 165.037182 41.955074 49.383991
v 152.371517 25.939087 56.851343
v 154.427078 24.446277 58.202421
v 152.136026 29.059402 57.840650
v 165.122489 44.785654 58.237293
v 165.482743 40.607355 56.305031
v 166.606887 46.086454 56.449586
v 164.664954 29.099767 46.534477
v 165.487449 30.766605 47.172464
v 164.724892 29.157502 46.900444
v 157.402449 21.479639 43.242984
v 157.225792 16.407910 40.801012
v 156.168917 19.890819 42.847546
v 164.496676 0.388561 32.240737
v 165.100446 0.706875 28.314258
v 165.865820 2.098393 32.541489
v 144.722390 29.231459 45.866969
v 143.821123 28.683636 46.332089
v 143.218919 27.938316 46.208704
v 162.715877 16.613599 43.788027
v 163.307431 15.933070 44.031809
v 163.324847 15.776120 44.929843
v 149.305442 11.355855 43.573403
v 150.240457 13.460113 46.722114
v 151.549083 13.692888 43.042697
v 172.649818 1.095547 58.729606
v 174.523458 0.665290 62.306029
v 170.470393 0.206285 58.643913
v 159.824286 20.966524 43.311608
v 159.097806 24.395046 43.928743
v 162.715877 16.613599 43.788027
v 155.071368 51.010401 54.489418
v 153.282665 51.332650 54.179234
v 155.218700 51.239760 54.054762
v 153.175033 29.723317 60.983880
v 148.358457 33.462011 55.224509
v 152.136026 29.059402 57.840650
v 161.615317 32.238415 52.115490
v 160.379534 35.602495 53.338439
v 160.760126 28.927726 54.011140
v 161.144369 24.950504 56.472105
v 161.413806 25.634721 56.763340
v 160.804457 26.411904 57.049300
v 180.995223 0.112851 56.277689
v 182.183122 1.300971 55.973095
v 180.671942 1.563717 59.269855
v 152.180254 22.385738 57.623208
v 154.427078 24.446277 58.202421
v 152.371517 25.939087 56.851343
v 160.591085 51.044201 50.102164
v 158.196444 49.927276 48.999580
v 157.773724 51.903668 49.670502
v 162.870314 15.415681 44.310691
v 164.006506 10.666906 42.513979
v 162.767241 15.334479 43.790304
v 159.557980 30.757491 57.159754
v 160.835465 34.353729 55.633368
v 159.272953 34.739050 56.707324
v 163.650040 25.420627 50.508387
v 164.926936 26.837422 49.649238
v 163.468507 29.713722 50.976962
v 165.169592 37.294696 51.793078
v 165.004961 37.591365 51.869276
v 165.162859 38.118294 51.799978
v 153.609201 43.456042 53.681114
v 152.978192 45.379428 53.640276
v 154.016670 45.371669 52.967515
v 163.158378 13.169584 48.208361
v 164.294008 11.844915 50.527313
v 165.842059 12.313428 50.750210
v 145.711234 18.164681 39.774311
v 144.706290 16.925951 39.413761
v 145.062394 17.514523 40.789263
v 144.269626 30.253739 42.634723
v 144.724249 28.971277 41.865232
v 143.756766 28.965397 43.802068
v 163.909299 1.094179 62.690515
v 159.511929 0.280146 62.035850
v 161.805229 0.249723 58.810867
v 158.186245 44.260800 47.396331
v 159.386619 44.522341 46.620345
v 157.976636 42.577206 49.222704
v 165.997273 44.818940 53.106642
v 165.819525 44.229177 53.416452
v 166.077308 44.050595 53.098327
v 147.196027 5.570204 58.158739
v 147.987477 13.315956 59.109866
v 145.234150 4.578165 53.103618
v 152.964169 34.976104 45.055465
v 155.515361 37.322722 43.462344
v 151.713169 34.140038 44.356982
v 168.954384 14.572075 50.671797
v 164.440253 18.967867 46.647312
v 169.728368 11.122044 53.294860
v 147.307590 30.775802 45.619628
v 144.269626 30.253739 42.634723
v 145.779044 31.780168 45.629000
v 173.673674 9.538231 54.099242
v 171.682451 11.294045 55.193087
v 174.355652 10.615718 56.315596
v 143.756766 28.965397 43.802068
v 144.111751 30.736656 44.876576
v 144.269626 30.253739 42.634723
v 163.217735 16.266707 43.527049
v 162.767241 15.334479 43.790304
v 162.707127 15.745327 43.860071
v 160.047733 38.501525 55.440105
v 161.205192 39.405962 56.581845
v 160.078990 37.633198 56.366613
v 160.323744 12.553952 61.675313
v 156.403240 17.211965 59.949014
v 155.182751 16.033446 60.724268
v 152.298146 4.870770 41.270786
v 153.646672 8.539353 39.348970
v 154.583766 6.512797 40.008401
v 144.706290 16.925951 39.413761
v 144.737520 16.854696 39.567111
v 144.692730 16.895116 39.501090
v 176.714754 3.137191 62.304437
v 175.188471 1.129825 64.342636
v 174.523458 0.665290 62.306029
v 165.902843 49.628695 53.836524
v 166.389153 49.420154 53.797822
v 166.469263 48.753369 54.131508
v 165.528515 4.939096 29.396830
v 166.004084 2.700084 28.112451
v 164.205205 2.163640 27.666597
v 147.334415 14.074328 42.978373
v 145.487023 14.715953 48.354476
v 144.199532 14.552144 48.276148
v 169.877705 8.637803 48.400441
v 169.265831 9.124885 47.795745
v 170.011280 9.697626 49.276561
v 151.549083 13.692888 43.042697
v 153.315107 14.416164 42.048804
v 151.527568 10.407068 40.641960
v 164.676137 38.802252 48.540023
v 165.037182 41.955074 49.383991
v 164.129098 41.457443 49.542947
v 162.984100 35.703888 47.922714
v 163.255720 35.221786 48.572397
v 162.905291 35.700344 48.007127
v 163.121341 35.990565 49.998196
v 162.272011 40.246453 48.982012
v 163.255720 35.221786 48.572397
v 144.142967 21.456602 52.631374
v 147.059305 19.834115 54.519478
v 145.256128 23.829176 53.536558
v 160.044239 42.792681 47.882828
v 162.518112 40.960687 47.581693
v 160.789532 42.261478 50.008493
v 164.207703 37.591078 49.734426
v 164.762348 37.118517 49.796118
v 163.945524 36.549185 50.384829
v 166.383997 40.341586 46.677382
v 166.336710 42.126564 47.448863
v 166.146848 43.179874 46.795628
v 153.282665 51.332650 54.179234
v 154.418482 49.655760 54.466744
v 152.124242 48.697470 53.728195
v 165.119751 43.098932 58.621019
v 165.482743 40.607355 56.305031
v 165.122489 44.785654 58.237293
v 153.199601 47.705879 54.853975
v 153.771353 47.462664 54.710195
v 153.752756 47.637572 55.675789
v 162.272011 40.246453 48.982012
v 162.278620 35.985786 47.351284
v 162.905291 35.700344 48.007127
v 167.628612 0.456986 64.551157
v 170.051950 1.791006 65.483436
v 163.909299 1.094179 62.690515
v 155.178664 40.056684 49.748714
v 157.008378 42.636900 51.016528
v 157.609388 42.470990 49.943952
v 153.771353 47.462664 54.710195
v 154.010762 45.956136 54.011635
v 153.209330 45.666185 55.208668
v 142.872105 17.416003 46.308530
v 143.322732 17.800264 51.807845
v 142.331094 17.937105 46.092263
v 152.780865 37.014544 59.692961
v 149.130051 35.468629 55.533627
v 151.547548 34.948979 60.064919
v 159.608220 19.966641 57.386571
v 159.278861 20.244524 58.737677
v 160.388540 17.996421 57.415753
v 161.695007 44.100110 45.482887
v 163.842481 43.647289 44.371057
v 163.682527 42.711465 44.597394
v 147.000444 29.642364 41.377786
v 144.724249 28.971277 41.865232
v 146.866897 31.241748 42.628075
v 152.073808 46.135309 53.882060
v 154.010762 45.956136 54.011635
v 154.016670 45.371669 52.967515
v 163.741217 52.102704 51.320196
v 161.071343 52.013071 51.772652
v 164.662244 50.882083 54.385060
v 164.979276 6.177530 41.308134
v 163.941614 6.711203 38.886799
v 162.909085 6.581491 41.624342
v 160.804457 26.411904 57.049300
v 161.360885 26.583534 56.794657
v 160.796167 25.557019 56.147552
v 166.325434 45.194212 53.729329
v 165.997273 44.818940 53.106642
v 166.068707 45.590509 54.141516
v 160.641194 28.055651 57.697633
v 160.441628 26.179995 56.681131
v 160.804457 26.411904 57.049300
v 165.122489 44.785654 58.237293
v 166.606887 46.086454 56.449586
v 165.403654 47.941770 59.286182
v 157.850548 43.983828 50.658561
v 155.766867 44.292508 51.320198
v 159.185082 48.902720 48.949477
v 158.437299 42.095474 49.266167
v 157.976636 42.577206 49.222704
v 158.236929 42.496880 49.874708
v 162.676103 16.869592 51.352572
v 163.287289 12.195222 52.520162
v 162.907350 17.179616 48.732171
v 154.789921 38.727660 57.644486
v 155.621633 35.609907 59.261504
v 155.668851 38.346305 58.669872
v 158.647356 41.666879 49.919986
v 161.174829 39.035285 49.518812
v 160.091176 40.256378 47.985575
v 144.002220 22.769216 39.089526
v 143.864244 21.865834 40.855430
v 144.167000 25.456864 41.436796
v 159.143334 35.791646 57.890564
v 159.102126 37.805917 58.318049
v 157.735043 37.943366 57.900595
v 167.628612 0.456986 64.551157
v 163.909299 1.094179 62.690515
v 161.805229 0.249723 58.810867
v 162.310666 31.775873 41.399892
v 161.579160 26.281330 41.322421
v 159.654162 36.126176 40.787107
v 165.885253 46.296647 53.001256
v 166.325434 45.194212 53.729329
v 166.506734 47.073946 53.710181
v 167.168900 44.865542 48.103264
v 166.711287 39.413037 46.641143
v 166.146848 43.179874 46.795628
v 151.317372 30.891326 41.525941
v 149.083899 32.442504 41.371525
v 150.657019 33.005749 45.091177
v 161.662966 48.302678 47.737371
v 159.386619 44.522341 46.620345
v 159.185082 48.902720 48.949477
v 152.833781 46.083828 54.993385
v 153.197811 47.183196 54.851313
v 153.199601 47.705879 54.853975
v 152.967428 43.399108 53.676739
v 153.425644 43.592404 55.347088
v 153.209330 45.666185 55.208668
v 157.850548 43.983828 50.658561
v 157.008378 42.636900 51.016528
v 155.766867 44.292508 51.320198
v 161.384671 26.147967 56.319856
v 161.413806 25.634721 56.763340
v 161.889339 25.979527 55.697563
v 169.178343 9.171784 47.566510
v 169.265831 9.124885 47.795745
v 169.530411 9.315441 48.011046
v 163.650040 25.420627 50.508387
v 160.761535 24.634718 53.785260
v 162.480815 23.467869 49.631516
v 165.972519 43.650470 52.959917
v 165.946755 43.310183 52.767326
v 166.306766 44.324330 53.079846
v 155.664926 42.831080 51.838688
v 154.209958 43.745986 51.228161
v 155.766867 44.292508 51.320198
v 155.689427 38.418991 58.408318
v 155.690420 40.757369 57.650098
v 155.668851 38.346305 58.669872
v 147.187796 29.066193 39.083588
v 147.000444 29.642364 41.377786
v 148.171580 30.247622 39.437621
v 155.564872 38.973345 58.141801
v 155.032109 39.951830 56.920510
v 155.690420 40.757369 57.650098
v 165.482743 40.607355 56.305031
v 164.936949 39.920757 54.959896
v 165.951691 43.716995 53.363928
v 153.176786 9.116369 40.792426
v 153.646672 8.539353 39.348970
v 151.527568 10.407068 40.641960
v 146.866897 31.241748 42.628075
v 144.269626 30.253739 42.634723
v 147.307590 30.775802 45.619628
v 171.897247 11.763878 61.957552
v 173.745404 10.283717 59.987711
v 169.184341 11.601555 60.017577
v 168.386257 9.235398 47.601104
v 168.892498 9.190995 47.265458
v 168.918985 9.306454 47.253182
v 165.819525 44.229177 53.416452
v 165.951691 43.716995 53.363928
v 164.333384 41.225368 53.176623
v 160.774745 19.563989 50.332877
v 160.664649 18.601037 55.409900
v 162.676103 16.869592 51.352572
v 159.608220 19.966641 57.386571
v 160.823643 22.453564 56.105775
v 161.144369 24.950504 56.472105
v 166.568117 40.360335 47.058355
v 166.336710 42.126564 47.448863
v 166.383997 40.341586 46.677382
v 157.222362 18.892249 60.004390
v 159.467338 17.337544 61.972890
v 154.673165 23.960004 60.600337
v 159.347722 4.367461 65.024810
v 158.397219 1.543302 65.675195
v 157.667705 1.926373 63.509179
v 159.143334 35.791646 57.890564
v 159.704690 37.293318 56.320826
v 159.272953 34.739050 56.707324
v 161.662966 48.302678 47.737371
v 163.272598 48.819134 45.469157
v 161.119388 45.554953 47.025794
v 149.113987 22.824107 55.310578
v 149.083803 19.624318 56.068773
v 152.180254 22.385738 57.623208
v 163.650040 25.420627 50.508387
v 163.468507 29.713722 50.976962
v 163.100157 29.908196 50.863573
v 164.926936 26.837422 49.649238
v 163.692665 28.918488 46.745395
v 165.372183 29.422416 48.798617
v 147.059305 19.834115 54.519478
v 147.725419 23.692671 53.576829
v 145.256128 23.829176 53.536558
v 144.068970 27.879995 40.248101
v 144.002220 22.769216 39.089526
v 144.167000 25.456864 41.436796
v 164.913392 24.325260 50.265649
v 163.650040 25.420627 50.508387
v 164.159842 23.667356 48.309081
v 162.411063 15.888462 43.586871
v 162.238286 16.023806 43.786307
v 162.767241 15.334479 43.790304
v 155.907350 34.480930 41.412717
v 157.751264 34.902123 39.924598
v 155.526810 29.550308 42.255914
v 154.418482 49.655760 54.466744
v 155.330446 51.541168 53.303653
v 154.858149 48.111094 51.477279
v 160.075023 32.904035 55.387656
v 160.835465 34.353729 55.633368
v 161.889339 25.979527 55.697563
v 165.946755 43.310183 52.767326
v 166.440456 44.500091 53.920053
v 165.951691 43.716995 53.363928
v 160.075023 32.904035 55.387656
v 160.379534 35.602495 53.338439
v 160.835465 34.353729 55.633368
v 166.193575 12.769856 62.436803
v 167.128765 11.044902 62.485339
v 170.110333 11.113996 62.619253
v 160.139527 8.216268 40.233965
v 156.998756 7.527258 39.630525
v 158.714790 11.807790 40.202639
v 167.206637 12.759954 47.879841
v 165.345829 9.068571 43.813625
v 164.404704 13.762729 46.639175
v 153.752756 47.637572 55.675789
v 155.674624 46.607102 56.601617
v 154.461620 50.039789 55.324741
v 165.169592 37.294696 51.793078
v 164.640157 36.428155 51.608967
v 164.762348 37.118517 49.796118
v 152.545846 0.386972 45.100243
v 156.053944 2.137623 41.639597
v 155.801195 0.437085 47.706153
v 161.384671 26.147967 56.319856
v 161.360885 26.583534 56.794657
v 160.804457 26.411904 57.049300
v 161.889339 25.979527 55.697563
v 161.360885 26.583534 56.794657
v 161.384671 26.147967 56.319856
v 149.083803 19.624318 56.068773
v 147.987477 13.315956 59.109866
v 151.748828 16.620865 60.409174
v 151.151373 2.864473 44.632207
v 149.768189 2.484108 47.767128
v 147.281917 3.285733 45.433068
v 158.397219 1.543302 65.675195
v 159.347722 4.367461 65.024810
v 158.081470 2.300314 66.240560
v 160.993257 37.264747 53.244660
v 160.379534 35.602495 53.338439
v 161.356173 37.442982 48.570585
v 161.738393 36.275870 41.846997
v 163.360757 32.646850 42.792268
v 162.310666 31.775873 41.399892
v 168.386257 9.235398 47.601104
v 166.918288 8.543626 44.609315
v 167.206637 12.759954 47.879841
v 165.169592 37.294696 51.793078
v 164.762348 37.118517 49.796118
v 164.903163 37.547023 51.535521
v 160.044239 42.792681 47.882828
v 157.976636 42.577206 49.222704
v 159.386619 44.522341 46.620345
v 148.407800 19.457621 37.586148
v 146.948989 26.431216 37.833661
v 149.344989 24.477949 37.781416
v 150.142261 37.721203 57.291966
v 154.140988 39.876010 55.841712
v 151.984246 39.412079 54.333340
v 157.519574 50.006316 50.922276
v 157.251299 51.525800 49.997501
v 158.196444 49.927276 48.999580
v 144.220539 26.471410 44.863595
v 142.732299 20.599866 41.967353
v 143.083204 26.328197 44.156462
v 153.152272 46.668168 54.322788
v 152.073808 46.135309 53.882060
v 152.132060 48.044635 54.745711
v 158.145932 43.763644 49.401964
v 157.609388 42.470990 49.943952
v 158.528540 42.602566 49.736432
v 163.996321 0.400518 35.941562
v 161.838843 3.493606 40.688433
v 160.123262 4.055922 37.523703
v 158.510106 22.372231 62.198549
v 163.045346 18.368176 61.326971
v 160.633787 21.385470 60.989259
v 153.049976 26.410309 42.486173
v 150.847846 28.868452 41.804696
v 151.746640 29.903390 43.203569
v 172.181626 6.464272 48.497411
v 166.407546 5.256765 42.920254
v 166.885398 6.013612 45.961695
v 158.793599 20.193563 54.602345
v 158.905206 20.015320 54.325658
v 158.846471 19.868177 54.931489
v 151.317372 30.891326 41.525941
v 150.045082 25.283193 37.990826
v 150.432545 30.008692 39.543877
v 166.440456 44.500091 53.920053
v 165.946755 43.310183 52.767326
v 166.142675 43.905823 53.336923
v 175.315910 9.288568 59.196531
v 172.911769 9.663750 58.400036
v 173.745404 10.283717 59.987711
v 160.441628 26.179995 56.681131
v 160.796167 25.557019 56.147552
v 159.886916 23.783858 55.660060
v 158.236929 42.496880 49.874708
v 157.008378 42.636900 51.016528
v 158.647356 41.666879 49.919986
v 162.870314 15.415681 44.310691
v 164.404704 13.762729 46.639175
v 164.006506 10.666906 42.513979
v 169.831718 5.511757 66.911892
v 175.171294 6.613380 66.537901
v 169.469718 8.861348 66.061156
v 163.217735 16.266707 43.527049
v 163.193246 15.866548 43.238539
v 162.767241 15.334479 43.790304
v 163.324847 15.776120 44.929843
v 162.870314 15.415681 44.310691
v 162.238286 16.023806 43.786307
v 176.714754 3.137191 62.304437
v 177.188797 4.079396 64.981840
v 175.188471 1.129825 64.342636
v 159.167977 19.677414 54.017173
v 160.774745 19.563989 50.332877
v 159.373823 19.786704 53.933370
v 157.667705 1.926373 63.509179
v 155.356923 0.833813 64.500609
v 153.840906 0.365267 61.367814
v 163.121341 35.990565 49.998196
v 163.468507 29.713722 50.976962
v 163.410775 30.226000 50.521519
v 154.858149 48.111094 51.477279
v 156.632469 49.097147 51.959132
v 155.081077 47.537860 51.535964
v 168.697205 8.723944 47.222137
v 169.877705 8.637803 48.400441
v 166.885398 6.013612 45.961695
v 161.205192 39.405962 56.581845
v 159.102126 37.805917 58.318049
v 160.127884 36.221176 57.528720
v 160.641194 28.055651 57.697633
v 159.557980 30.757491 57.159754
v 158.416594 28.240264 57.964392
v 165.037182 41.955074 49.383991
v 164.989635 43.022898 52.490929
v 164.129098 41.457443 49.542947
v 160.127884 36.221176 57.528720
v 159.272953 34.739050 56.707324
v 160.835465 34.353729 55.633368
v 157.735831 52.002205 52.493122
v 155.789246 52.607016 53.087187
v 155.445957 52.319966 54.703534
v 164.003205 42.108149 45.003345
v 163.682527 42.711465 44.597394
v 163.962310 41.718023 44.619951
v 178.009635 6.191202 57.796793
v 176.559537 7.368943 58.526102
v 174.343026 3.761555 59.420958
v 162.707127 15.745327 43.860071
v 162.870314 15.415681 44.310691
v 163.307431 15.933070 44.031809
v 164.605277 29.269408 46.823685
v 164.002583 30.072378 46.392491
v 164.787828 29.281626 46.735596
v 164.923006 40.810956 52.261390
v 164.989635 43.022898 52.490929
v 164.333384 41.225368 53.176623
v 153.840906 0.365267 61.367814
v 155.356923 0.833813 64.500609
v 153.519323 1.538006 63.388205
v 164.805385 37.407741 51.693992
v 164.847950 37.791713 51.857547
v 164.666978 38.690733 51.340027
v 154.926400 47.833184 50.756738
v 154.858149 48.111094 51.477279
v 154.824511 47.947923 51.289050
v 160.379534 35.602495 53.338439
v 161.615317 32.238415 52.115490
v 161.356173 37.442982 48.570585
v 166.515583 47.660485 46.528720
v 165.437762 47.828578 45.511472
v 165.419893 50.765771 45.784944
v 163.217735 16.266707 43.527049
v 163.144269 16.202356 42.725728
v 163.193246 15.866548 43.238539
v 164.094146 42.606934 45.313142
v 163.842481 43.647289 44.371057
v 165.394915 46.256215 45.704813
v 144.199532 14.552144 48.276148
v 145.487023 14.715953 48.354476
v 143.719064 16.578217 49.188603
v 165.656906 44.536144 47.324508
v 167.168900 44.865542 48.103264
v 166.146848 43.179874 46.795628
v 165.819525 44.229177 53.416452
v 166.306766 44.324330 53.079846
v 165.951691 43.716995 53.363928
v 165.487449 30.766605 47.172464
v 164.664954 29.099767 46.534477
v 164.787828 29.281626 46.735596
v 169.184341 11.601555 60.017577
v 173.745404 10.283717 59.987711
v 170.972323 9.542960 60.164647
v 160.338778 49.733249 48.742517
v 160.591085 51.044201 50.102164
v 163.344758 51.073576 47.085034
v 177.656435 4.158903 48.121517
v 177.526856 6.225294 49.734597
v 181.773948 3.446177 54.300320
v 142.732299 20.599866 41.967353
v 141.705140 23.105352 45.400354
v 143.083204 26.328197 44.156462
v 156.941993 36.913154 58.223694
v 157.735043 37.943366 57.900595
v 156.624973 39.364693 57.374032
v 170.346453 12.032833 50.716316
v 173.673674 9.538231 54.099242
v 171.867250 9.860992 50.772022
v 165.981100 42.821676 47.878382
v 165.062647 42.082472 46.326044
v 166.146848 43.179874 46.795628
v 155.690420 40.757369 57.650098
v 155.689427 38.418991 58.408318
v 155.723945 38.442245 58.635334
v 157.008378 42.636900 51.016528
v 155.953775 42.164065 53.645980
v 155.664926 42.831080 51.838688
v 166.336710 42.126564 47.448863
v 165.062647 42.082472 46.326044
v 166.032783 42.710504 47.594369
v 154.673165 23.960004 60.600337
v 159.467338 17.337544 61.972890
v 153.175033 29.723317 60.983880
v 147.195188 2.450395 54.530861
v 147.281917 3.285733 45.433068
v 148.516700 3.104458 49.890803
v 153.670366 3.535913 41.724215
v 150.307516 4.739910 41.745050
v 152.298146 4.870770 41.270786
v 163.375016 37.561313 49.745330
v 163.433460 37.586015 50.342702
v 162.989643 38.108025 50.499882
v 160.772104 17.596684 42.722659
v 163.144269 16.202356 42.725728
v 160.847196 16.054212 41.652071
v 163.482138 6.968366 34.187465
v 166.461010 4.656958 37.538822
v 164.973237 5.703647 31.343020
v 163.842481 43.647289 44.371057
v 163.962310 41.718023 44.619951
v 163.682527 42.711465 44.597394
v 170.628085 8.914998 56.466031
v 167.802313 11.036302 53.973820
v 168.796659 9.470305 57.002253
v 163.969217 41.711959 44.646951
v 163.682527 42.711465 44.597394
v 164.003205 42.108149 45.003345
v 158.654058 39.797860 46.702133
v 158.437299 42.095474 49.266167
v 160.091176 40.256378 47.985575
v 170.011280 9.697626 49.276561
v 169.265831 9.124885 47.795745
v 168.386257 9.235398 47.601104
v 148.312931 29.602597 53.353120
v 148.042176 31.347821 50.481384
v 147.725419 23.692671 53.576829
v 149.005373 32.529300 47.116935
v 147.307590 30.775802 45.619628
v 147.742731 32.844945 47.913686
v 159.167977 19.677414 54.017173
v 158.905206 20.015320 54.325658
v 159.302441 19.627712 54.185471
v 160.591085 51.044201 50.102164
v 163.741217 52.102704 51.320196
v 163.344758 51.073576 47.085034
v 151.330252 32.548089 45.698784
v 149.642710 33.159612 48.540815
v 150.788128 33.849934 48.690072
v 161.680640 40.861112 46.937532
v 162.097958 43.935077 46.665695
v 162.907059 42.286828 46.725629
v 159.413333 46.284129 48.706173
v 159.185082 48.902720 48.949477
v 159.386619 44.522341 46.620345
v 163.040376 35.078886 47.688586
v 162.984100 35.703888 47.922714
v 162.905291 35.700344 48.007127
v 162.518112 40.960687 47.581693
v 160.044239 42.792681 47.882828
v 161.680640 40.861112 46.937532
v 165.062647 42.082472 46.326044
v 165.656906 44.536144 47.324508
v 166.146848 43.179874 46.795628
v 143.821123 28.683636 46.332089
v 142.890965 29.440811 47.447760
v 144.950339 29.150603 46.808305
v 154.596463 47.729704 51.443454
v 154.016670 45.371669 52.967515
v 154.010762 45.956136 54.011635
v 170.051950 1.791006 65.483436
v 165.551470 2.761084 65.148793
v 163.909299 1.094179 62.690515
v 166.604654 39.190503 46.784113
v 166.217420 39.424050 46.721461
v 166.383997 40.341586 46.677382
v 164.805385 37.407741 51.693992
v 162.989643 38.108025 50.499882
v 164.640157 36.428155 51.608967
v 166.266943 39.331073 47.045144
v 166.009993 41.779079 48.266581
v 165.727578 38.215169 48.368210
v 151.202444 1.394738 44.404807
v 149.768189 2.484108 47.767128
v 151.151373 2.864473 44.632207
v 160.107476 15.468347 59.708890
v 156.403240 17.211965 59.949014
v 160.323744 12.553952 61.675313
v 144.370538 31.482104 46.899674
v 144.111751 30.736656 44.876576
v 144.722390 29.231459 45.866969
v 170.628085 8.914998 56.466031
v 172.911769 9.663750 58.400036
v 171.682451 11.294045 55.193087
v 163.344758 51.073576 47.085034
v 165.419893 50.765771 45.784944
v 164.594762 49.582456 45.581990
v 153.866460 42.136389 56.232706
v 153.846989 42.472835 55.777167
v 153.425644 43.592404 55.347088
v 157.008378 42.636900 51.016528
v 155.178664 40.056684 49.748714
v 154.140988 39.876010 55.841712
v 162.097958 43.935077 46.665695
v 160.044239 42.792681 47.882828
v 161.119388 45.554953 47.025794
v 173.673674 9.538231 54.099242
v 178.009635 6.191202 57.796793
v 177.860485 6.592568 52.997358
v 165.910334 41.963124 50.483530
v 166.834665 42.952805 48.563689
v 166.448875 48.439804 50.169375
v 177.736505 6.879607 62.381126
v 177.188797 4.079396 64.981840
v 176.714754 3.137191 62.304437
v 147.307590 30.775802 45.619628
v 145.779044 31.780168 45.629000
v 147.742731 32.844945 47.913686
v 162.767241 15.334479 43.790304
v 162.238286 16.023806 43.786307
v 162.707127 15.745327 43.860071
v 161.579160 26.281330 41.322421
v 162.715877 16.613599 43.788027
v 160.351972 24.660987 42.118783
v 151.808183 19.202800 39.265797
v 151.190581 17.119301 39.210939
v 148.407800 19.457621 37.586148
v 165.779552 12.403945 60.873170
v 166.646686 13.192915 60.341542
v 169.184341 11.601555 60.017577
v 149.305442 11.355855 43.573403
v 151.549083 13.692888 43.042697
v 151.527568 10.407068 40.641960
v 149.305442 11.355855 43.573403
v 148.708345 14.313891 48.475739
v 150.240457 13.460113 46.722114
v 157.008378 42.636900 51.016528
v 158.236929 42.496880 49.874708
v 157.609388 42.470990 49.943952
v 147.000444 29.642364 41.377786
v 144.068970 27.879995 40.248101
v 144.724249 28.971277 41.865232
v 167.003257 1.102395 46.234644
v 170.315697 0.438814 43.014432
v 172.684288 0.000001 57.730866
v 162.715877 16.613599 43.788027
v 161.579160 26.281330 41.322421
v 163.217735 16.266707 43.527049
v 144.142967 21.456602 52.631374
v 144.918162 19.179483 52.815288
v 147.059305 19.834115 54.519478
v 165.415216 19.687252 45.555716
v 163.360757 32.646850 42.792268
v 163.805098 28.316087 44.644718
v 164.665260 39.613548 51.464922
v 165.133515 37.950074 52.049711
v 164.114504 40.419765 52.034852
v 152.780865 37.014544 59.692961
v 155.266548 35.671480 60.319270
v 154.789921 38.727660 57.644486
v 177.188797 4.079396 64.981840
v 175.171294 6.613380 66.537901
v 175.415961 3.254709 66.110308
v 158.714790 11.807790 40.202639
v 162.767241 15.334479 43.790304
v 164.006506 10.666906 42.513979
v 152.833781 46.083828 54.993385
v 153.752756 47.637572 55.675789
v 153.197811 47.183196 54.851313
v 160.760126 28.927726 54.011140
v 160.761535 24.634718 53.785260
v 163.650040 25.420627 50.508387
v 151.085883 36.426539 50.421903
v 155.178664 40.056684 49.748714
v 152.964169 34.976104 45.055465
v 166.440456 44.500091 53.920053
v 166.606887 46.086454 56.449586
v 165.482743 40.607355 56.305031
v 153.670366 3.535913 41.724215
v 155.277804 4.589533 40.776957
v 156.053944 2.137623 41.639597
v 164.094146 42.606934 45.313142
v 163.969217 41.711959 44.646951
v 163.962310 41.718023 44.619951
v 153.175033 29.723317 60.983880
v 152.136026 29.059402 57.840650
v 154.673165 23.960004 60.600337
v 165.727578 38.215169 48.368210
v 165.182196 34.961023 47.578653
v 165.259370 36.771065 47.463607
v 166.117382 42.551742 47.949191
v 166.032783 42.710504 47.594369
v 165.981100 42.821676 47.878382
v 166.004084 2.700084 28.112451
v 165.100446 0.706875 28.314258
v 164.205205 2.163640 27.666597
v 150.142261 37.721203 57.291966
v 154.789921 38.727660 57.644486
v 154.140988 39.876010 55.841712
v 147.281917 3.285733 45.433068
v 146.237785 4.577502 45.386009
v 148.888344 4.146768 43.442059
v 162.989643 38.108025 50.499882
v 162.272011 40.246453 48.982012
v 163.121341 35.990565 49.998196
v 155.664926 42.831080 51.838688
v 155.766867 44.292508 51.320198
v 157.008378 42.636900 51.016528
v 155.266548 35.671480 60.319270
v 152.780865 37.014544 59.692961
v 154.221332 33.573380 61.556398
v 153.609201 43.456042 53.681114
v 154.689186 41.465380 54.943240
v 153.840955 42.743844 55.138319
v 144.724249 28.971277 41.865232
v 144.269626 30.253739 42.634723
v 146.866897 31.241748 42.628075
v 160.127884 36.221176 57.528720
v 159.143334 35.791646 57.890564
v 159.272953 34.739050 56.707324
v 153.152272 46.668168 54.322788
v 152.132060 48.044635 54.745711
v 153.197811 47.183196 54.851313
v 155.032109 39.951830 56.920510
v 154.140988 39.876010 55.841712
v 154.789921 38.727660 57.644486
v 160.044239 42.792681 47.882828
v 158.528540 42.602566 49.736432
v 157.976636 42.577206 49.222704
v 164.425869 33.186240 48.202536
v 165.372183 29.422416 48.798617
v 165.487449 30.766605 47.172464
v 160.641194 28.055651 57.697633
v 161.413806 25.634721 56.763340
v 161.360885 26.583534 56.794657
v 148.407800 19.457621 37.586148
v 149.344989 24.477949 37.781416
v 151.653109 20.319791 39.749146
v 148.534850 2.963983 60.008389
v 147.987477 13.315956 59.109866
v 147.196027 5.570204 58.158739
v 147.457969 15.705064 51.820017
v 148.708345 14.313891 48.475739
v 147.551296 15.382999 53.520312
v 176.559537 7.368943 58.526102
v 178.009635 6.191202 57.796793
v 175.315910 9.288568 59.196531
v 144.722390 29.231459 45.866969
v 143.525647 28.552901 46.282820
v 143.756766 28.965397 43.802068
v 163.941614 6.711203 38.886799
v 162.090378 7.970209 37.171203
v 160.139527 8.216268 40.233965
v 155.789246 52.607016 53.087187
v 155.330446 51.541168 53.303653
v 153.282665 51.332650 54.179234
v 164.094146 42.606934 45.313142
v 165.062647 42.082472 46.326044
v 164.003205 42.108149 45.003345
v 165.062647 42.082472 46.326044
v 165.981100 42.821676 47.878382
v 166.032783 42.710504 47.594369
v 162.715877 16.613599 43.788027
v 162.411063 15.888462 43.586871
v 162.707127 15.745327 43.860071
v 144.002220 22.769216 39.089526
v 146.948989 26.431216 37.833661
v 148.407800 19.457621 37.586148
v 161.041942 21.701459 47.695807
v 161.554469 18.757969 47.832685
v 162.255392 20.808515 47.221705
v 157.829194 51.984831 49.788920
v 157.671045 51.957569 50.048407
v 160.591085 51.044201 50.102164
v 159.600270 52.518708 54.477943
v 157.735831 52.002205 52.493122
v 155.908114 51.371036 54.297383
v 145.062394 17.514523 40.789263
v 142.732299 20.599866 41.967353
v 144.876763 20.124744 39.727191
v 164.179201 11.517510 56.351376
v 165.779552 12.403945 60.873170
v 167.083382 11.615658 56.562568
v 164.903163 37.547023 51.535521
v 164.672925 37.687389 49.671101
v 164.666978 38.690733 51.340027
v 164.665260 39.613548 51.464922
v 164.923006 40.810956 52.261390
v 165.162859 38.118294 51.799978
v 151.808183 19.202800 39.265797
v 148.407800 19.457621 37.586148
v 151.653109 20.319791 39.749146
v 162.533164 15.770490 41.879782
v 163.193246 15.866548 43.238539
v 162.595693 16.109282 43.252065
v 146.866897 31.241748 42.628075
v 149.005373 32.529300 47.116935
v 150.657019 33.005749 45.091177
v 165.394915 46.256215 45.704813
v 165.062647 42.082472 46.326044
v 164.094146 42.606934 45.313142
v 151.923635 10.975705 61.812302
v 153.519323 1.538006 63.388205
v 159.347722 4.367461 65.024810
v 143.218919 27.938316 46.208704
v 143.821123 28.683636 46.332089
v 144.950339 29.150603 46.808305
v 158.641320 19.993197 54.457447
v 159.373823 19.786704 53.933370
v 158.905206 20.015320 54.325658
v 159.511929 0.280146 62.035850
v 157.667705 1.926373 63.509179
v 153.840906 0.365267 61.367814
v 154.461620 50.039789 55.324741
v 155.071368 51.010401 54.489418
v 153.389540 51.838294 55.292301
v 164.333384 41.225368 53.176623
v 165.951691 43.716995 53.363928
v 164.936949 39.920757 54.959896
v 151.190581 17.119301 39.210939
v 149.129558 14.580996 40.282233
v 148.407800 19.457621 37.586148
v 151.330252 32.548089 45.698784
v 150.788128 33.849934 48.690072
v 152.964169 34.976104 45.055465
v 163.433460 37.586015 50.342702
v 164.130572 39.249179 49.899574
v 164.207703 37.591078 49.734426
v 166.834665 42.952805 48.563689
v 166.146848 43.179874 46.795628
v 166.032783 42.710504 47.594369
v 162.518112 40.960687 47.581693
v 161.680640 40.861112 46.937532
v 162.907059 42.286828 46.725629
v 169.469718 8.861348 66.061156
v 175.994722 7.663525 65.129592
v 170.110333 11.113996 62.619253
v 176.508750 8.463167 60.823378
v 176.848646 9.866416 61.474694
v 177.736505 6.879607 62.381126
v 162.595693 16.109282 43.252065
v 163.144269 16.202356 42.725728
v 160.772104 17.596684 42.722659
v 142.331094 17.937105 46.092263
v 143.318432 27.370200 50.442628
v 141.705140 23.105352 45.400354
v 155.476645 5.170920 41.617305
v 159.023043 0.562207 42.867358
v 156.053944 2.137623 41.639597
v 161.891058 2.885861 30.701895
v 161.809350 0.715635 31.809155
v 160.998887 4.467296 35.862722
v 163.094176 38.985043 56.473888
v 162.514869 38.924397 54.616602
v 164.936949 39.920757 54.959896
v 153.253509 33.324507 42.110951
v 151.713169 34.140038 44.356982
v 155.515361 37.322722 43.462344
v 172.181626 6.464272 48.497411
v 171.867250 9.860992 50.772022
v 177.860485 6.592568 52.997358
v 163.158378 13.169584 48.208361
v 165.842059 12.313428 50.750210
v 166.905783 12.913388 50.015866
v 161.889339 25.979527 55.697563
v 160.835465 34.353729 55.633368
v 161.360885 26.583534 56.794657
v 160.979266 26.893779 55.721787
v 160.804457 26.411904 57.049300
v 160.441628 26.179995 56.681131
v 165.902843 49.628695 53.836524
v 166.448875 48.439804 50.169375
v 165.250813 50.585264 51.418516
v 158.086148 30.009052 42.424842
v 157.402449 21.479639 43.242984
v 155.526810 29.550308 42.255914
v 151.547548 34.948979 60.064919
v 149.130051 35.468629 55.533627
v 148.358457 33.462011 55.224509
v 151.085883 36.426539 50.421903
v 149.264843 36.687292 52.995914
v 155.178664 40.056684 49.748714
v 154.899037 15.658350 42.292806
v 156.168917 19.890819 42.847546
v 157.225792 16.407910 40.801012
v 163.828049 41.442552 46.139621
v 162.907059 42.286828 46.725629
v 164.094146 42.606934 45.313142
v 161.361041 17.606253 59.206941
v 160.633787 21.385470 60.989259
v 163.045346 18.368176 61.326971
v 148.312931 29.602597 53.353120
v 148.860518 31.571570 55.912900
v 148.467433 31.937188 55.154157
v 161.657448 7.746141 64.707848
v 169.469718 8.861348 66.061156
v 161.990048 10.833241 62.576286
v 165.037182 41.955074 49.383991
v 165.727578 38.215169 48.368210
v 165.858307 37.841455 49.831792
v 159.097806 24.395046 43.928743
v 157.402449 21.479639 43.242984
v 158.086148 30.009052 42.424842
v 166.709303 36.839269 49.548095
v 165.910334 41.963124 50.483530
v 165.858307 37.841455 49.831792
v 161.205192 39.405962 56.581845
v 163.094176 38.985043 56.473888
v 165.119751 43.098932 58.621019
v 162.984100 35.703888 47.922714
v 163.876473 37.537234 47.318193
v 163.255720 35.221786 48.572397
v 159.557980 30.757491 57.159754
v 161.360885 26.583534 56.794657
v 160.835465 34.353729 55.633368
v 165.419893 50.765771 45.784944
v 165.437762 47.828578 45.511472
v 164.594762 49.582456 45.581990
v 149.642710 33.159612 48.540815
v 147.742731 32.844945 47.913686
v 147.237137 33.379840 50.162912
v 155.690420 40.757369 57.650098
v 155.674624 46.607102 56.601617
v 154.388964 43.377773 57.036071
v 159.566456 41.731949 50.146307
v 161.174829 39.035285 49.518812
v 158.647356 41.666879 49.919986
v 168.386257 9.235398 47.601104
v 168.697205 8.723944 47.222137
v 168.892498 9.190995 47.265458
v 154.461620 50.039789 55.324741
v 153.199601 47.705879 54.853975
v 153.752756 47.637572 55.675789
v 164.130572 39.249179 49.899574
v 163.433460 37.586015 50.342702
v 163.375016 37.561313 49.745330
v 159.886916 23.783858 55.660060
v 160.761535 24.634718 53.785260
v 160.441628 26.179995 56.681131
v 159.097806 24.395046 43.928743
v 159.824286 20.966524 43.311608
v 157.402449 21.479639 43.242984
v 161.738393 36.275870 41.846997
v 162.278620 35.985786 47.351284
v 163.360757 32.646850 42.792268
v 166.336710 42.126564 47.448863
v 166.032783 42.710504 47.594369
v 166.146848 43.179874 46.795628
v 170.972323 9.542960 60.164647
v 172.911769 9.663750 58.400036
v 170.628085 8.914998 56.466031
v 163.766014 2.749713 43.429505
v 163.064291 0.408962 44.164540
v 159.132233 4.298189 40.720440
v 153.197811 47.183196 54.851313
v 152.124242 48.697470 53.728195
v 153.199601 47.705879 54.853975
v 157.735831 52.002205 52.493122
v 155.445957 52.319966 54.703534
v 155.908114 51.371036 54.297383
v 157.013551 49.894203 56.041323
v 155.674624 46.607102 56.601617
v 157.712488 48.549214 57.524050
v 158.714790 11.807790 40.202639
v 154.607518 12.465734 40.528167
v 157.225792 16.407910 40.801012
v 169.265831 9.124885 47.795745
v 169.386082 9.341969 47.565939
v 169.530411 9.315441 48.011046
v 166.604654 39.190503 46.784113
v 166.568117 40.360335 47.058355
v 166.217420 39.424050 46.721461
v 152.833781 46.083828 54.993385
v 152.073808 46.135309 53.882060
v 152.978192 45.379428 53.640276
v 163.094176 38.985043 56.473888
v 165.482743 40.607355 56.305031
v 165.119751 43.098932 58.621019
v 158.654058 39.797860 46.702133
v 159.654162 36.126176 40.787107
v 155.515361 37.322722 43.462344
v 162.989643 38.108025 50.499882
v 162.554577 39.613301 50.612386
v 162.272011 40.246453 48.982012
v 153.840955 42.743844 55.138319
v 153.425644 43.592404 55.347088
v 153.609201 43.456042 53.681114
v 143.821123 28.683636 46.332089
v 144.111751 30.736656 44.876576
v 143.525647 28.552901 46.282820
v 163.255720 35.221786 48.572397
v 162.547605 35.286419 48.755821
v 163.100157 29.908196 50.863573
v 154.140988 39.876010 55.841712
v 154.689186 41.465380 54.943240
v 155.953775 42.164065 53.645980
v 161.174829 39.035285 49.518812
v 159.566456 41.731949 50.146307
v 162.554577 39.613301 50.612386
v 175.994722 7.663525 65.129592
v 177.313026 7.334880 64.071502
v 175.768263 10.572008 62.977933
v 164.665260 39.613548 51.464922
v 164.129098 41.457443 49.542947
v 164.989635 43.022898 52.490929
v 157.402449 21.479639 43.242984
v 156.168917 19.890819 42.847546
v 155.526810 29.550308 42.255914
v 165.169592 37.294696 51.793078
v 165.133515 37.950074 52.049711
v 164.640157 36.428155 51.608967
v 150.142261 37.721203 57.291966
v 149.264843 36.687292 52.995914
v 148.356659 35.228858 55.784813
v 164.923006 40.810956 52.261390
v 165.169592 37.294696 51.793078
v 165.162859 38.118294 51.799978
v 157.773724 51.903668 49.670502
v 157.786124 52.030732 49.893296
v 157.829194 51.984831 49.788920
v 159.102126 37.805917 58.318049
v 161.205192 39.405962 56.581845
v 159.504865 46.007718 58.312613
v 167.103475 0.320300 37.256878
v 170.315697 0.438814 43.014432
v 163.996321 0.400518 35.941562
v 151.984246 39.412079 54.333340
v 154.140988 39.876010 55.841712
v 155.178664 40.056684 49.748714
v 152.371517 25.939087 56.851343
v 152.136026 29.059402 57.840650
v 149.113987 22.824107 55.310578
v 144.111751 30.736656 44.876576
v 144.370538 31.482104 46.899674
v 146.116379 33.485171 47.786712
v 165.162859 38.118294 51.799978
v 164.666978 38.690733 51.340027
v 164.847950 37.791713 51.857547
v 161.356173 37.442982 48.570585
v 161.615317 32.238415 52.115490
v 162.547605 35.286419 48.755821
v 158.086148 30.009052 42.424842
v 161.579160 26.281330 41.322421
v 160.351972 24.660987 42.118783
v 163.121341 35.990565 49.998196
v 164.316143 34.732445 49.680717
v 163.461052 36.249035 49.976550
v 164.130572 39.249179 49.899574
v 163.375016 37.561313 49.745330
v 164.676137 38.802252 48.540023
v 164.979276 6.177530 41.308134
v 166.885398 6.013612 45.961695
v 166.407546 5.256765 42.920254
v 160.047733 38.501525 55.440105
v 158.425970 37.599892 56.209997
v 159.704690 37.293318 56.320826
v 167.103475 0.320300 37.256878
v 166.593323 2.502713 36.082188
v 169.025426 2.589526 39.575779
v 141.705140 23.105352 45.400354
v 143.318432 27.370200 50.442628
v 144.124606 28.213979 50.445125
v 166.711287 39.413037 46.641143
v 166.604654 39.190503 46.784113
v 165.259370 36.771065 47.463607
v 162.909085 6.581491 41.624342
v 160.139527 8.216268 40.233965
v 164.006506 10.666906 42.513979
v 166.193575 12.769856 62.436803
v 159.467338 17.337544 61.972890
v 165.779552 12.403945 60.873170
v 155.178664 40.056684 49.748714
v 155.515361 37.322722 43.462344
v 152.964169 34.976104 45.055465
v 145.062394 17.514523 40.789263
v 144.737520 16.854696 39.567111
v 144.975406 16.662238 39.684766
v 166.142675 43.905823 53.336923
v 166.077308 44.050595 53.098327
v 166.306766 44.324330 53.079846
v 163.243840 44.797521 59.176340
v 163.166643 49.160389 59.997646
v 160.915035 49.124911 59.027167
v 155.683553 50.820870 54.478247
v 155.616608 51.022139 54.105248
v 154.418482 49.655760 54.466744
v 155.616608 51.022139 54.105248
v 155.330446 51.541168 53.303653
v 154.418482 49.655760 54.466744
v 142.890965 29.440811 47.447760
v 145.405774 32.870675 49.470801
v 144.370538 31.482104 46.899674
v 147.504218 13.536188 43.388612
v 148.708345 14.313891 48.475739
v 145.487023 14.715953 48.354476
v 161.178136 15.700406 59.806480
v 165.779552 12.403945 60.873170
v 159.467338 17.337544 61.972890
v 165.952807 16.273859 44.860747
v 167.206637 12.759954 47.879841
v 163.324847 15.776120 44.929843
v 162.022876 12.581750 59.563948
v 160.590304 11.961418 60.424983
v 161.990048 10.833241 62.576286
v 153.423146 17.184119 40.874390
v 154.649440 17.917365 41.864527
v 154.899037 15.658350 42.292806
v 154.774014 49.585911 51.407510
v 154.824511 47.947923 51.289050
v 154.858149 48.111094 51.477279
v 155.621633 35.609907 59.261504
v 155.564872 38.973345 58.141801
v 155.690420 40.757369 57.650098
v 166.389153 49.420154 53.797822
v 166.712506 47.789022 53.302274
v 166.197300 49.023897 54.204162
v 160.590304 11.961418 60.424983
v 162.022876 12.581750 59.563948
v 160.996514 15.459880 58.872035
v 174.343026 3.761555 59.420958
v 176.559537 7.368943 58.526102
v 175.985898 7.479513 59.768874
v 161.356173 37.442982 48.570585
v 160.520167 37.967495 46.156252
v 160.091176 40.256378 47.985575
v 164.114504 40.419765 52.034852
v 164.923006 40.810956 52.261390
v 164.333384 41.225368 53.176623
v 155.032109 39.951830 56.920510
v 153.356895 41.925602 55.833315
v 154.689186 41.465380 54.943240
v 163.243840 44.797521 59.176340
v 165.119751 43.098932 58.621019
v 165.122489 44.785654 58.237293
v 151.975781 17.959439 58.922424
v 149.083803 19.624318 56.068773
v 151.748828 16.620865 60.409174
v 163.158378 13.169584 48.208361
v 162.907350 17.179616 48.732171
v 163.287289 12.195222 52.520162
v 147.551296 15.382999 53.520312
v 149.083803 19.624318 56.068773
v 147.059305 19.834115 54.519478
v 142.875216 22.478712 50.549318
v 144.124606 28.213979 50.445125
v 143.318432 27.370200 50.442628
v 170.346453 12.032833 50.716316
v 167.206637 12.759954 47.879841
v 165.952807 16.273859 44.860747
v 165.902843 49.628695 53.836524
v 164.662244 50.882083 54.385060
v 166.389153 49.420154 53.797822
v 147.334415 14.074328 42.978373
v 147.504218 13.536188 43.388612
v 145.487023 14.715953 48.354476
v 156.998756 7.527258 39.630525
v 158.586059 6.308370 40.148601
v 159.132233 4.298189 40.720440
v 152.073808 46.135309 53.882060
v 153.152272 46.668168 54.322788
v 154.010762 45.956136 54.011635
v 164.979276 6.177530 41.308134
v 167.776268 5.607385 40.226685
v 163.941614 6.711203 38.886799
v 152.132060 48.044635 54.745711
v 152.833781 46.083828 54.993385
v 153.199601 47.705879 54.853975
v 151.746640 29.903390 43.203569
v 151.317372 30.891326 41.525941
v 153.253509 33.324507 42.110951
v 147.237137 33.379840 50.162912
v 145.256128 23.829176 53.536558
v 148.042176 31.347821 50.481384
v 154.926400 47.833184 50.756738
v 155.766867 44.292508 51.320198
v 154.209958 43.745986 51.228161
v 167.103475 0.320300 37.256878
v 169.025426 2.589526 39.575779
v 170.315697 0.438814 43.014432
v 145.234150 4.578165 53.103618
v 146.440870 3.119250 55.779445
v 147.196027 5.570204 58.158739
v 142.890965 29.440811 47.447760
v 144.124606 28.213979 50.445125
v 145.405774 32.870675 49.470801
v 159.386619 44.522341 46.620345
v 158.186245 44.260800 47.396331
v 159.413333 46.284129 48.706173
v 163.217735 16.266707 43.527049
v 163.307431 15.933070 44.031809
v 163.144269 16.202356 42.725728
v 160.761535 24.634718 53.785260
v 159.140852 23.655826 54.635179
v 161.041942 21.701459 47.695807
v 164.094146 42.606934 45.313142
v 163.962310 41.718023 44.619951
v 163.842481 43.647289 44.371057
v 162.310666 31.775873 41.399892
v 163.360757 32.646850 42.792268
v 165.415216 19.687252 45.555716
v 149.642710 33.159612 48.540815
v 149.005373 32.529300 47.116935
v 147.742731 32.844945 47.913686
v 159.059854 49.413760 57.872116
v 158.218209 44.915842 58.405627
v 160.915035 49.124911 59.027167
v 143.218919 27.938316 46.208704
v 141.705140 23.105352 45.400354
v 142.890965 29.440811 47.447760
v 158.145932 43.763644 49.401964
v 157.850548 43.983828 50.658561
v 159.413333 46.284129 48.706173
v 175.415961 3.254709 66.110308
v 175.188471 1.129825 64.342636
v 177.188797 4.079396 64.981840
v 158.596168 42.659757 49.962474
v 158.437299 42.095474 49.266167
v 158.236929 42.496880 49.874708
v 170.051950 1.791006 65.483436
v 175.415961 3.254709 66.110308
v 169.831718 5.511757 66.911892
v 168.954384 14.572075 50.671797
v 170.346453 12.032833 50.716316
v 165.965933 18.784437 44.882856
v 153.407037 51.992303 55.126021
v 153.626967 52.254051 55.103761
v 152.132060 48.044635 54.745711
v 161.178136 15.700406 59.806480
v 161.361041 17.606253 59.206941
v 166.646686 13.192915 60.341542
v 158.596168 42.659757 49.962474
v 157.850548 43.983828 50.658561
v 158.528540 42.602566 49.736432
v 153.877070 16.537391 59.111105
v 156.403240 17.211965 59.949014
v 154.427078 24.446277 58.202421
v 163.766014 2.749713 43.429505
v 161.838843 3.493606 40.688433
v 163.996321 0.400518 35.941562
v 168.321889 11.108376 49.348318
v 171.867250 9.860992 50.772022
v 170.011280 9.697626 49.276561
v 164.905338 24.927009 50.222641
v 164.926936 26.837422 49.649238
v 163.650040 25.420627 50.508387
v 164.640157 36.428155 51.608967
v 162.989643 38.108025 50.499882
v 163.433460 37.586015 50.342702
v 164.989635 43.022898 52.490929
v 164.923006 40.810956 52.261390
v 164.665260 39.613548 51.464922
v 159.132233 4.298189 40.720440
v 163.064291 0.408962 44.164540
v 159.023043 0.562207 42.867358
v 163.314762 6.661656 31.945529
v 163.482138 6.968366 34.187465
v 164.973237 5.703647 31.343020
v 169.265831 9.124885 47.795745
v 168.697205 8.723944 47.222137
v 169.386082 9.341969 47.565939
v 165.885253 46.296647 53.001256
v 166.405669 46.443284 51.560579
v 165.902843 49.628695 53.836524
v 161.579160 26.281330 41.322421
v 165.965933 18.784437 44.882856
v 163.217735 16.266707 43.527049
v 163.166643 49.160389 59.997646
v 159.059854 49.413760 57.872116
v 160.915035 49.124911 59.027167
v 163.045346 18.368176 61.326971
v 168.099024 14.327897 60.795404
v 161.361041 17.606253 59.206941
v 172.684288 0.000001 57.730866
v 170.315697 0.438814 43.014432
v 179.331982 0.176166 58.636839
v 151.085883 36.426539 50.421903
v 152.964169 34.976104 45.055465
v 150.788128 33.849934 48.690072
v 161.662966 48.302678 47.737371
v 159.185082 48.902720 48.949477
v 160.338778 49.733249 48.742517
v 164.114504 40.419765 52.034852
v 164.333384 41.225368 53.176623
v 162.554577 39.613301 50.612386
v 141.705140 23.105352 45.400354
v 142.732299 20.599866 41.967353
v 143.343912 19.206187 43.839439
v 148.358457 33.462011 55.224509
v 148.208250 33.736046 55.819418
v 148.195978 33.609796 55.424563
v 163.770239 18.931986 47.777676
v 164.109863 15.886807 47.715456
v 164.440253 18.967867 46.647312
v 154.461620 50.039789 55.324741
v 153.389540 51.838294 55.292301
v 152.132060 48.044635 54.745711
v 153.877070 16.537391 59.111105
v 152.180254 22.385738 57.623208
v 151.975781 17.959439 58.922424
v 151.527568 10.407068 40.641960
v 154.607518 12.465734 40.528167
v 153.176786 9.116369 40.792426
v 163.217735 16.266707 43.527049
v 162.595693 16.109282 43.252065
v 162.715877 16.613599 43.788027
v 165.997273 44.818940 53.106642
v 165.885253 46.296647 53.001256
v 166.068707 45.590509 54.141516
v 143.525647 28.552901 46.282820
v 142.890965 29.440811 47.447760
v 143.821123 28.683636 46.332089
v 161.657448 7.746141 64.707848
v 169.831718 5.511757 66.911892
v 169.469718 8.861348 66.061156
v 155.621633 35.609907 59.261504
v 157.433183 28.598589 60.919444
v 158.299419 25.943354 58.907382
v 153.175033 29.723317 60.983880
v 158.510106 22.372231 62.198549
v 154.221332 33.573380 61.556398
v 161.174829 39.035285 49.518812
v 161.356173 37.442982 48.570585
v 160.091176 40.256378 47.985575
v 147.457969 15.705064 51.820017
v 147.551296 15.382999 53.520312
v 147.059305 19.834115 54.519478
v 163.255720 35.221786 48.572397
v 163.616478 33.454105 49.829327
v 163.121341 35.990565 49.998196
v 169.530411 9.315441 48.011046
v 169.386082 9.341969 47.565939
v 169.877705 8.637803 48.400441
v 160.979266 26.893779 55.721787
v 159.886916 23.783858 55.660060
v 160.796167 25.557019 56.147552
v 162.548096 32.091891 46.176296
v 162.968224 31.913236 47.005565
v 163.692665 28.918488 46.745395
v 146.168154 17.260799 50.685115
v 143.719064 16.578217 49.188603
v 145.487023 14.715953 48.354476
v 149.768189 2.484108 47.767128
v 151.202444 1.394738 44.404807
v 149.506604 0.816042 50.508477
v 165.885253 46.296647 53.001256
v 166.197300 49.023897 54.204162
v 166.712506 47.789022 53.302274
v 149.129558 14.580996 40.282233
v 147.504218 13.536188 43.388612
v 147.334415 14.074328 42.978373
v 164.979276 6.177530 41.308134
v 162.909085 6.581491 41.624342
v 165.345829 9.068571 43.813625
v 156.632469 49.097147 51.959132
v 155.766867 44.292508 51.320198
v 155.081077 47.537860 51.535964
v 159.272953 34.739050 56.707324
v 159.704690 37.293318 56.320826
v 158.425970 37.599892 56.209997
v 163.707297 26.148838 46.124933
v 163.692665 28.918488 46.745395
v 164.926936 26.837422 49.649238
v 164.926936 26.837422 49.649238
v 165.172172 24.724911 49.946182
v 164.159842 23.667356 48.309081
v 162.703166 19.640482 48.209542
v 163.770239 18.931986 47.777676
v 164.159842 23.667356 48.309081
v 154.388964 43.377773 57.036071
v 153.862301 44.121385 55.657551
v 153.846989 42.472835 55.777167
v 175.315910 9.288568 59.196531
v 173.745404 10.283717 59.987711
v 176.508750 8.463167 60.823378
v 152.833781 46.083828 54.993385
v 152.978192 45.379428 53.640276
v 153.152272 46.668168 54.322788
v 167.003257 1.102395 46.234644
v 163.766014 2.749713 43.429505
v 163.996321 0.400518 35.941562
v 174.343026 3.761555 59.420958
v 175.985898 7.479513 59.768874
v 176.714754 3.137191 62.304437
v 166.448875 48.439804 50.169375
v 163.741217 52.102704 51.320196
v 165.250813 50.585264 51.418516
v 154.583766 6.512797 40.008401
v 159.132233 4.298189 40.720440
v 155.476645 5.170920 41.617305
v 158.510106 22.372231 62.198549
v 160.633787 21.385470 60.989259
v 157.433183 28.598589 60.919444
v 148.356659 35.228858 55.784813
v 149.264843 36.687292 52.995914
v 148.358457 33.462011 55.224509
v 144.722390 29.231459 45.866969
v 144.167000 25.456864 41.436796
v 144.220539 26.471410 44.863595
v 147.507515 6.281034 44.244046
v 147.551296 15.382999 53.520312
v 148.983514 6.190245 43.099241
v 149.506604 0.816042 50.508477
v 147.508115 0.722234 54.080475
v 148.516700 3.104458 49.890803
v 166.336710 42.126564 47.448863
v 166.117382 42.551742 47.949191
v 166.009993 41.779079 48.266581
v 158.218209 44.915842 58.405627
v 159.504865 46.007718 58.312613
v 160.915035 49.124911 59.027167
v 147.334415 14.074328 42.978373
v 144.199532 14.552144 48.276148
v 142.872105 17.416003 46.308530
v 162.547605 35.286419 48.755821
v 161.615317 32.238415 52.115490
v 163.100157 29.908196 50.863573
v 162.548096 32.091891 46.176296
v 162.278620 35.985786 47.351284
v 163.040376 35.078886 47.688586
v 164.926936 26.837422 49.649238
v 165.372183 29.422416 48.798617
v 163.410775 30.226000 50.521519
v 166.524122 39.292881 48.764194
v 165.727578 38.215169 48.368210
v 166.009993 41.779079 48.266581
v 157.712488 48.549214 57.524050
v 159.059854 49.413760 57.872116
v 159.600270 52.518708 54.477943
v 148.467433 31.937188 55.154157
v 148.358457 33.462011 55.224509
v 148.312931 29.602597 53.353120
v 160.351972 24.660987 42.118783
v 162.715877 16.613599 43.788027
v 159.097806 24.395046 43.928743
v 152.132060 48.044635 54.745711
v 153.389540 51.838294 55.292301
v 153.407037 51.992303 55.126021
v 182.183122 1.300971 55.973095
v 180.995223 0.112851 56.277689
v 180.132809 0.710277 51.810001
v 153.609201 43.456042 53.681114
v 152.967428 43.399108 53.676739
v 152.978192 45.379428 53.640276
v 156.941993 36.913154 58.223694
v 158.425970 37.599892 56.209997
v 157.735043 37.943366 57.900595
v 153.175033 29.723317 60.983880
v 151.547548 34.948979 60.064919
v 148.358457 33.462011 55.224509
v 152.136026 29.059402 57.840650
v 148.358457 33.462011 55.224509
v 148.860518 31.571570 55.912900
v 163.707297 26.148838 46.124933
v 164.926936 26.837422 49.649238
v 164.159842 23.667356 48.309081
v 147.059305 19.834115 54.519478
v 149.113987 22.824107 55.310578
v 147.725419 23.692671 53.576829
v 164.662244 50.882083 54.385060
v 165.902843 49.628695 53.836524
v 165.250813 50.585264 51.418516
v 167.776268 5.607385 40.226685
v 177.860485 6.592568 52.997358
v 177.526856 6.225294 49.734597
v 175.188471 1.129825 64.342636
v 175.415961 3.254709 66.110308
v 170.051950 1.791006 65.483436
v 158.186245 44.260800 47.396331
v 157.976636 42.577206 49.222704
v 158.145932 43.763644 49.401964
v 148.860518 31.571570 55.912900
v 148.195978 33.609796 55.424563
v 148.467433 31.937188 55.154157
v 165.037182 41.955074 49.383991
v 165.946755 43.310183 52.767326
v 164.989635 43.022898 52.490929
v 149.506604 0.816042 50.508477
v 151.202444 1.394738 44.404807
v 152.545846 0.386972 45.100243
v 164.294008 11.844915 50.527313
v 163.158378 13.169584 48.208361
v 163.287289 12.195222 52.520162
v 164.109863 15.886807 47.715456
v 162.907350 17.179616 48.732171
v 163.158378 13.169584 48.208361
v 155.032109 39.951830 56.920510
v 154.689186 41.465380 54.943240
v 154.140988 39.876010 55.841712
v 145.234150 4.578165 53.103618
v 147.281917 3.285733 45.433068
v 147.195188 2.450395 54.530861
v 164.179201 11.517510 56.351376
v 162.022876 12.581750 59.563948
v 165.779552 12.403945 60.873170
v 164.903163 37.547023 51.535521
v 164.762348 37.118517 49.796118
v 164.672925 37.687389 49.671101
v 148.407800 19.457621 37.586148
v 145.711234 18.164681 39.774311
v 144.876763 20.124744 39.727191
v 141.705140 23.105352 45.400354
v 143.343912 19.206187 43.839439
v 142.331094 17.937105 46.092263
v 166.302063 47.592789 54.892672
v 166.197300 49.023897 54.204162
v 166.285882 49.915302 56.492030
v 165.372183 29.422416 48.798617
v 164.605277 29.269408 46.823685
v 164.724892 29.157502 46.900444
v 150.847846 28.868452 41.804696
v 151.317372 30.891326 41.525941
v 151.746640 29.903390 43.203569
v 161.361041 17.606253 59.206941
v 159.278861 20.244524 58.737677
v 160.633787 21.385470 60.989259
v 164.923006 40.810956 52.261390
v 165.133515 37.950074 52.049711
v 165.169592 37.294696 51.793078
v 162.676103 16.869592 51.352572
v 160.388540 17.996421 57.415753
v 163.287289 12.195222 52.520162
v 180.132809 0.710277 51.810001
v 169.025426 2.589526 39.575779
v 177.656435 4.158903 48.121517
v 157.773724 51.903668 49.670502
v 157.723474 51.935526 49.645506
v 157.786124 52.030732 49.893296
v 160.139527 8.216268 40.233965
v 158.714790 11.807790 40.202639
v 164.006506 10.666906 42.513979
v 143.864244 21.865834 40.855430
v 144.876763 20.124744 39.727191
v 142.732299 20.599866 41.967353
v 163.121341 35.990565 49.998196
v 163.410775 30.226000 50.521519
v 164.316143 34.732445 49.680717
v 163.344758 51.073576 47.085034
v 163.741217 52.102704 51.320196
v 165.419893 50.765771 45.784944
v 166.407546 5.256765 42.920254
v 172.181626 6.464272 48.497411
v 167.776268 5.607385 40.226685
v 159.140852 23.655826 54.635179
v 157.431018 20.230492 56.494861
v 158.680334 20.791298 54.677871
v 155.621633 35.609907 59.261504
v 155.676302 37.692235 58.440325
v 155.564872 38.973345 58.141801
v 144.068970 27.879995 40.248101
v 143.756766 28.965397 43.802068
v 144.724249 28.971277 41.865232
v 148.312931 29.602597 53.353120
v 149.264843 36.687292 52.995914
v 148.042176 31.347821 50.481384
v 155.445957 52.319966 54.703534
v 155.789246 52.607016 53.087187
v 153.626967 52.254051 55.103761
v 171.682451 11.294045 55.193087
v 169.728368 11.122044 53.294860
v 170.628085 8.914998 56.466031
v 163.287289 12.195222 52.520162
v 160.996514 15.459880 58.872035
v 162.022876 12.581750 59.563948
v 157.008378 42.636900 51.016528
v 154.140988 39.876010 55.841712
v 155.953775 42.164065 53.645980
v 158.596168 42.659757 49.962474
v 158.528540 42.602566 49.736432
v 158.437299 42.095474 49.266167
v 158.596168 42.659757 49.962474
v 158.887018 42.347580 50.106715
v 157.850548 43.983828 50.658561
v 148.171580 30.247622 39.437621
v 149.083899 32.442504 41.371525
v 150.432545 30.008692 39.543877
v 145.256128 23.829176 53.536558
v 147.237137 33.379840 50.162912
v 145.405774 32.870675 49.470801
v 164.130572 39.249179 49.899574
v 164.665260 39.613548 51.464922
v 164.666978 38.690733 51.340027
v 163.272598 48.819134 45.469157
v 165.437762 47.828578 45.511472
v 165.394915 46.256215 45.704813
v 157.433183 28.598589 60.919444
v 155.266548 35.671480 60.319270
v 154.221332 33.573380 61.556398
v 157.715121 20.092697 57.457506
v 159.886916 23.783858 55.660060
v 159.608220 19.966641 57.386571
v 162.767241 15.334479 43.790304
v 158.714790 11.807790 40.202639
v 160.847196 16.054212 41.652071
v 154.774014 49.585911 51.407510
v 155.330446 51.541168 53.303653
v 155.789246 52.607016 53.087187
v 150.045082 25.283193 37.990826
v 151.317372 30.891326 41.525941
v 150.847846 28.868452 41.804696
v 151.085883 36.426539 50.421903
v 147.237137 33.379840 50.162912
v 149.264843 36.687292 52.995914
v 158.846471 19.868177 54.931489
v 159.302441 19.627712 54.185471
v 158.965781 20.101823 54.524909
v 159.302441 19.627712 54.185471
v 159.267162 20.257980 53.984277
v 158.965781 20.101823 54.524909
v 145.234150 4.578165 53.103618
v 147.551296 15.382999 53.520312
v 146.047940 8.177340 49.467576
v 162.278620 35.985786 47.351284
v 162.272011 40.246453 48.982012
v 162.984100 35.703888 47.922714
v 142.331094 17.937105 46.092263
v 143.322732 17.800264 51.807845
v 142.875216 22.478712 50.549318
v 147.725419 23.692671 53.576829
v 148.042176 31.347821 50.481384
v 145.256128 23.829176 53.536558
v 142.872105 17.416003 46.308530
v 145.062394 17.514523 40.789263
v 145.816316 16.463716 41.732109
v 163.243840 44.797521 59.176340
v 165.403654 47.941770 59.286182
v 163.166643 49.160389 59.997646
v 159.267162 20.257980 53.984277
v 158.680334 20.791298 54.677871
v 158.858018 20.212205 54.433318
v 161.805229 0.249723 58.810867
v 159.511929 0.280146 62.035850
v 153.840906 0.365267 61.367814
v 150.667327 0.476255 55.308498
v 147.508115 0.722234 54.080475
v 149.506604 0.816042 50.508477
v 161.805229 0.249723 58.810867
v 153.840906 0.365267 61.367814
v 150.667327 0.476255 55.308498
v 174.523458 0.665290 62.306029
v 167.628612 0.456986 64.551157
v 170.470393 0.206285 58.643913
v 167.628612 0.456986 64.551157
v 161.805229 0.249723 58.810867
v 170.470393 0.206285 58.643913
v 163.064291 0.408962 44.164540
v 172.684288 0.000001 57.730866
v 161.805229 0.249723 58.810867
v 172.684288 0.000001 57.730866
v 170.470393 0.206285 58.643913
v 161.805229 0.249723 58.810867
v 161.805229 0.249723 58.810867
v 150.667327 0.476255 55.308498
v 155.801195 0.437085 47.706153
v 150.667327 0.476255 55.308498
v 149.506604 0.816042 50.508477
v 155.801195 0.437085 47.706153
v 149.506604 0.816042 50.508477
v 152.545846 0.386972 45.100243
v 155.801195 0.437085 47.706153
v 163.064291 0.408962 44.164540
v 161.805229 0.249723 58.810867
v 155.801195 0.437085 47.706153
v 155.801195 0.437085 47.706153
v 159.023043 0.562207 42.867358
v 163.064291 0.408962 44.164540
v 174.355652 10.615718 56.315596
v 171.682451 11.294045 55.193087
v 172.911769 9.663750 58.400036
v 156.632469 49.097147 51.959132
v 157.519574 50.006316 50.922276
v 159.185082 48.902720 48.949477
v 160.664649 18.601037 55.409900
v 159.608220 19.966641 57.386571
v 160.388540 17.996421 57.415753
v 159.600270 52.518708 54.477943
v 157.013551 49.894203 56.041323
v 157.712488 48.549214 57.524050
v 160.139527 8.216268 40.233965
v 161.710772 6.846048 35.402294
v 158.586059 6.308370 40.148601
v 153.282665 51.332650 54.179234
v 155.071368 51.010401 54.489418
v 154.418482 49.655760 54.466744
v 177.656435 4.158903 48.121517
v 166.461010 4.656958 37.538822
v 167.776268 5.607385 40.226685
v 159.824286 20.966524 43.311608
v 163.324847 15.776120 44.929843
v 162.238286 16.023806 43.786307
v 161.990048 10.833241 62.576286
v 169.469718 8.861348 66.061156
v 167.128765 11.044902 62.485339
v 177.860485 6.592568 52.997358
v 180.797155 4.927152 56.722972
v 181.773948 3.446177 54.300320
v 154.789921 38.727660 57.644486
v 156.941993 36.913154 58.223694
v 156.624973 39.364693 57.374032
v 157.667705 1.926373 63.509179
v 165.551470 2.761084 65.148793
v 159.347722 4.367461 65.024810
v 165.551470 2.761084 65.148793
v 170.051950 1.791006 65.483436
v 169.831718 5.511757 66.911892
v 151.748828 16.620865 60.409174
v 151.923635 10.975705 61.812302
v 155.182751 16.033446 60.724268
v 157.712488 48.549214 57.524050
v 156.820550 43.793279 56.655987
v 159.059854 49.413760 57.872116
v 158.680334 20.791298 54.677871
v 159.267162 20.257980 53.984277
v 160.774745 19.563989 50.332877
v 178.677233 3.127065 59.780497
v 172.649818 1.095547 58.729606
v 172.684288 0.000001 57.730866
v 180.132809 0.710277 51.810001
v 180.995223 0.112851 56.277689
v 170.315697 0.438814 43.014432
v 144.002220 22.769216 39.089526
v 144.068970 27.879995 40.248101
v 146.948989 26.431216 37.833661
v 153.197811 47.183196 54.851313
v 153.752756 47.637572 55.675789
v 153.771353 47.462664 54.710195
v 157.735831 52.002205 52.493122
v 159.600270 52.518708 54.477943
v 161.071343 52.013071 51.772652
v 164.119052 36.867599 49.054503
v 164.676137 38.802252 48.540023
v 164.672925 37.687389 49.671101
v 165.182196 34.961023 47.578653
v 165.487449 30.766605 47.172464
v 164.002583 30.072378 46.392491
v 148.407800 19.457621 37.586148
v 149.129558 14.580996 40.282233
v 146.380597 16.985305 39.812023
v 149.129558 14.580996 40.282233
v 147.334415 14.074328 42.978373
v 146.380597 16.985305 39.812023
v 159.600270 52.518708 54.477943
v 166.038131 50.613170 55.501308
v 164.662244 50.882083 54.385060
v 155.908114 51.371036 54.297383
v 155.683553 50.820870 54.478247
v 155.878790 49.949783 56.198002
v 163.876473 37.537234 47.318193
v 162.984100 35.703888 47.922714
v 162.272011 40.246453 48.982012
v 165.415216 19.687252 45.555716
v 168.954384 14.572075 50.671797
v 165.965933 18.784437 44.882856
v 154.774014 49.585911 51.407510
v 155.609581 50.470053 51.082831
v 154.926400 47.833184 50.756738
v 165.528515 4.939096 29.396830
v 164.973237 5.703647 31.343020
v 165.865820 2.098393 32.541489
v 152.136026 29.059402 57.840650
v 154.427078 24.446277 58.202421
v 154.673165 23.960004 60.600337
v 151.549083 13.692888 43.042697
v 149.129558 14.580996 40.282233
v 151.361043 15.040774 40.265001
v 167.083382 11.615658 56.562568
v 167.802313 11.036302 53.973820
v 165.842059 12.313428 50.750210
v 166.506734 47.073946 53.710181
v 166.068707 45.590509 54.141516
v 166.440456 44.500091 53.920053
v 149.344989 24.477949 37.781416
v 153.668370 21.806878 41.692750
v 152.022942 21.022009 39.619960
v 156.820550 43.793279 56.655987
v 157.735043 37.943366 57.900595
v 158.218209 44.915842 58.405627
v 160.796167 25.557019 56.147552
v 159.608220 19.966641 57.386571
v 161.144369 24.950504 56.472105
v 166.383997 40.341586 46.677382
v 166.146848 43.179874 46.795628
v 166.711287 39.413037 46.641143
v 161.891058 2.885861 30.701895
v 163.314762 6.661656 31.945529
v 164.205205 2.163640 27.666597
v 158.846471 19.868177 54.931489
v 159.167977 19.677414 54.017173
v 158.641320 19.993197 54.457447
v 157.431018 20.230492 56.494861
v 157.715121 20.092697 57.457506
v 158.846471 19.868177 54.931489
v 157.715121 20.092697 57.457506
v 160.664649 18.601037 55.409900
v 158.846471 19.868177 54.931489
v 174.523458 0.665290 62.306029
v 172.649818 1.095547 58.729606
v 176.714754 3.137191 62.304437
v 143.657136 24.752734 42.709409
v 144.167000 25.456864 41.436796
v 143.864244 21.865834 40.855430
v 145.256128 23.829176 53.536558
v 145.405774 32.870675 49.470801
v 144.124606 28.213979 50.445125
v 147.195188 2.450395 54.530861
v 148.516700 3.104458 49.890803
v 147.508115 0.722234 54.080475
v 166.918288 8.543626 44.609315
v 168.386257 9.235398 47.601104
v 168.918985 9.306454 47.253182
v 146.168154 17.260799 50.685115
v 147.059305 19.834115 54.519478
v 144.918162 19.179483 52.815288
v 154.607518 12.465734 40.528167
v 151.527568 10.407068 40.641960
v 153.315107 14.416164 42.048804
v 161.119388 45.554953 47.025794
v 163.272598 48.819134 45.469157
v 161.695007 44.100110 45.482887
v 154.319388 22.751791 43.227765
v 153.286200 29.498480 43.416724
v 156.168917 19.890819 42.847546
v 153.609201 43.456042 53.681114
v 154.016670 45.371669 52.967515
v 154.209958 43.745986 51.228161
v 154.016670 45.371669 52.967515
v 154.596463 47.729704 51.443454
v 154.209958 43.745986 51.228161
v 163.360757 32.646850 42.792268
v 162.278620 35.985786 47.351284
v 162.548096 32.091891 46.176296
v 157.251299 51.525800 49.997501
v 155.609581 50.470053 51.082831
v 157.671045 51.957569 50.048407
v 157.609388 42.470990 49.943952
v 158.437299 42.095474 49.266167
v 158.654058 39.797860 46.702133
v 149.344989 24.477949 37.781416
v 146.948989 26.431216 37.833661
v 148.752732 26.737541 38.271321
v 151.361043 15.040774 40.265001
v 151.190581 17.119301 39.210939
v 153.423146 17.184119 40.874390
v 159.608220 19.966641 57.386571
v 160.796167 25.557019 56.147552
v 158.299419 25.943354 58.907382
v 151.746640 29.903390 43.203569
v 153.253509 33.324507 42.110951
v 153.286200 29.498480 43.416724
v 163.876473 37.537234 47.318193
v 162.272011 40.246453 48.982012
v 163.828049 41.442552 46.139621
v 162.272011 40.246453 48.982012
v 162.518112 40.960687 47.581693
v 163.828049 41.442552 46.139621
v 153.454612 51.870629 55.199723
v 153.282665 51.332650 54.179234
v 152.132060 48.044635 54.745711
v 163.100157 29.908196 50.863573
v 161.615317 32.238415 52.115490
v 160.760126 28.927726 54.011140
v 160.760126 28.927726 54.011140
v 163.650040 25.420627 50.508387
v 163.100157 29.908196 50.863573
v 166.285882 49.915302 56.492030
v 166.606887 46.086454 56.449586
v 166.302063 47.592789 54.892672
v 166.606887 46.086454 56.449586
v 166.068707 45.590509 54.141516
v 166.302063 47.592789 54.892672
v 151.923635 10.975705 61.812302
v 147.987477 13.315956 59.109866
v 148.534850 2.963983 60.008389
v 153.286200 29.498480 43.416724
v 153.049976 26.410309 42.486173
v 151.746640 29.903390 43.203569
v 159.373823 19.786704 53.933370
v 160.774745 19.563989 50.332877
v 159.267162 20.257980 53.984277
v 163.707297 26.148838 46.124933
v 165.415216 19.687252 45.555716
v 163.805098 28.316087 44.644718
v 163.805098 28.316087 44.644718
v 162.548096 32.091891 46.176296
v 163.707297 26.148838 46.124933
v 164.179201 11.517510 56.351376
v 167.083382 11.615658 56.562568
v 165.842059 12.313428 50.750210
v 154.583766 6.512797 40.008401
v 153.646672 8.539353 39.348970
v 156.998756 7.527258 39.630525
v 150.307516 4.739910 41.745050
v 153.670366 3.535913 41.724215
v 151.146643 4.028050 43.275730
v 154.649440 17.917365 41.864527
v 153.668370 21.806878 41.692750
v 156.168917 19.890819 42.847546
v 168.918985 9.306454 47.253182
v 168.892498 9.190995 47.265458
v 169.178343 9.171784 47.566510
v 165.656906 44.536144 47.324508
v 165.062647 42.082472 46.326044
v 165.394915 46.256215 45.704813
v 163.461052 36.249035 49.976550
v 164.316143 34.732445 49.680717
v 164.119052 36.867599 49.054503
v 178.677233 3.127065 59.780497
v 174.343026 3.761555 59.420958
v 172.649818 1.095547 58.729606
v 155.182751 16.033446 60.724268
v 151.923635 10.975705 61.812302
v 160.323744 12.553952 61.675313
v 151.923635 10.975705 61.812302
v 159.347722 4.367461 65.024810
v 160.323744 12.553952 61.675313
v 152.298146 4.870770 41.270786
v 150.307516 4.739910 41.745050
v 153.646672 8.539353 39.348970
v 147.187796 29.066193 39.083588
v 146.948989 26.431216 37.833661
v 144.068970 27.879995 40.248101
v 162.278620 35.985786 47.351284
v 160.520167 37.967495 46.156252
v 161.356173 37.442982 48.570585
v 162.514869 38.924397 54.616602
v 160.993257 37.264747 53.244660
v 162.554577 39.613301 50.612386
v 160.993257 37.264747 53.244660
v 161.174829 39.035285 49.518812
v 162.554577 39.613301 50.612386
v 162.554577 39.613301 50.612386
v 164.333384 41.225368 53.176623
v 162.514869 38.924397 54.616602
v 149.768189 2.484108 47.767128
v 148.516700 3.104458 49.890803
v 147.281917 3.285733 45.433068
v 171.897247 11.763878 61.957552
v 176.848646 9.866416 61.474694
v 173.745404 10.283717 59.987711
v 146.866897 31.241748 42.628075
v 150.657019 33.005749 45.091177
v 149.083899 32.442504 41.371525
v 153.286200 29.498480 43.416724
v 155.907350 34.480930 41.412717
v 155.526810 29.550308 42.255914
v 154.596463 47.729704 51.443454
v 153.771353 47.462664 54.710195
v 154.858149 48.111094 51.477279
v 153.771353 47.462664 54.710195
v 154.418482 49.655760 54.466744
v 154.858149 48.111094 51.477279
v 160.139527 8.216268 40.233965
v 158.586059 6.308370 40.148601
v 156.998756 7.527258 39.630525
v 165.372183 29.422416 48.798617
v 164.724892 29.157502 46.900444
v 165.487449 30.766605 47.172464
v 158.510106 22.372231 62.198549
v 170.110333 11.113996 62.619253
v 163.045346 18.368176 61.326971
v 176.508750 8.463167 60.823378
v 173.745404 10.283717 59.987711
v 176.848646 9.866416 61.474694
v 160.664649 18.601037 55.409900
v 160.774745 19.563989 50.332877
v 159.302441 19.627712 54.185471
v 168.697205 8.723944 47.222137
v 169.265831 9.124885 47.795745
v 169.877705 8.637803 48.400441
v 147.281917 3.285733 45.433068
v 145.234150 4.578165 53.103618
v 146.237785 4.577502 45.386009
v 155.621633 35.609907 59.261504
v 158.299419 25.943354 58.907382
v 158.416594 28.240264 57.964392
v 163.482138 6.968366 34.187465
v 163.941614 6.711203 38.886799
v 166.461010 4.656958 37.538822
v 148.171580 30.247622 39.437621
v 150.432545 30.008692 39.543877
v 148.752732 26.737541 38.271321
v 160.107476 15.468347 59.708890
v 161.178136 15.700406 59.806480
v 156.403240 17.211965 59.949014
v 178.009635 6.191202 57.796793
v 180.797155 4.927152 56.722972
v 177.860485 6.592568 52.997358
v 163.314762 6.661656 31.945529
v 161.891058 2.885861 30.701895
v 161.710772 6.846048 35.402294
v 161.891058 2.885861 30.701895
v 160.998887 4.467296 35.862722
v 161.710772 6.846048 35.402294
v 152.833781 46.083828 54.993385
v 153.209330 45.666185 55.208668
v 153.752756 47.637572 55.675789
v 153.670366 3.535913 41.724215
v 152.298146 4.870770 41.270786
v 155.277804 4.589533 40.776957
v 160.044239 42.792681 47.882828
v 160.789532 42.261478 50.008493
v 158.528540 42.602566 49.736432
v 159.511929 0.280146 62.035850
v 165.551470 2.761084 65.148793
v 157.667705 1.926373 63.509179
v 156.941993 36.913154 58.223694
v 159.557980 30.757491 57.159754
v 159.272953 34.739050 56.707324
v 153.253509 33.324507 42.110951
v 151.317372 30.891326 41.525941
v 151.713169 34.140038 44.356982
v 172.181626 6.464272 48.497411
v 169.877705 8.637803 48.400441
v 171.867250 9.860992 50.772022
v 148.312931 29.602597 53.353120
v 149.113987 22.824107 55.310578
v 148.860518 31.571570 55.912900
v 166.515583 47.660485 46.528720
v 165.656906 44.536144 47.324508
v 165.394915 46.256215 45.704813
v 157.013551 49.894203 56.041323
v 159.600270 52.518708 54.477943
v 155.878790 49.949783 56.198002
v 163.243840 44.797521 59.176340
v 161.205192 39.405962 56.581845
v 165.119751 43.098932 58.621019
v 162.255392 20.808515 47.221705
v 162.480815 23.467869 49.631516
v 161.041942 21.701459 47.695807
v 161.657448 7.746141 64.707848
v 160.323744 12.553952 61.675313
v 159.347722 4.367461 65.024810
v 178.009635 6.191202 57.796793
v 181.226351 3.597590 58.678145
v 180.797155 4.927152 56.722972
v 159.347722 4.367461 65.024810
v 153.519323 1.538006 63.388205
v 158.081470 2.300314 66.240560
v 164.665260 39.613548 51.464922
v 164.130572 39.249179 49.899574
v 164.129098 41.457443 49.542947
v 163.996321 0.400518 35.941562
v 161.809350 0.715635 31.809155
v 164.496676 0.388561 32.240737
v 167.103475 0.320300 37.256878
v 163.996321 0.400518 35.941562
v 164.496676 0.388561 32.240737
v 161.809350 0.715635 31.809155
v 165.100446 0.706875 28.314258
v 164.496676 0.388561 32.240737
v 164.179201 11.517510 56.351376
v 163.287289 12.195222 52.520162
v 162.022876 12.581750 59.563948
v 155.616608 51.022139 54.105248
v 155.908114 51.371036 54.297383
v 155.330446 51.541168 53.303653
v 145.711234 18.164681 39.774311
v 145.062394 17.514523 40.789263
v 144.876763 20.124744 39.727191
v 158.086148 30.009052 42.424842
v 159.654162 36.126176 40.787107
v 161.579160 26.281330 41.322421
v 155.690420 40.757369 57.650098
v 154.388964 43.377773 57.036071
v 153.866460 42.136389 56.232706
v 160.915035 49.124911 59.027167
v 159.504865 46.007718 58.312613
v 163.243840 44.797521 59.176340
v 159.504865 46.007718 58.312613
v 161.205192 39.405962 56.581845
v 163.243840 44.797521 59.176340
v 149.113987 22.824107 55.310578
v 152.136026 29.059402 57.840650
v 148.860518 31.571570 55.912900
v 155.445957 52.319966 54.703534
v 155.218700 51.239760 54.054762
v 155.908114 51.371036 54.297383
v 160.323744 12.553952 61.675313
v 161.657448 7.746141 64.707848
v 161.990048 10.833241 62.576286
v 169.184341 11.601555 60.017577
v 166.646686 13.192915 60.341542
v 168.099024 14.327897 60.795404
v 153.209330 45.666185 55.208668
v 154.010762 45.956136 54.011635
v 152.967428 43.399108 53.676739
v 170.346453 12.032833 50.716316
v 168.321889 11.108376 49.348318
v 167.206637 12.759954 47.879841
v 143.218919 27.938316 46.208704
v 143.083204 26.328197 44.156462
v 141.705140 23.105352 45.400354
v 154.926400 47.833184 50.756738
v 155.081077 47.537860 51.535964
v 155.766867 44.292508 51.320198
v 163.100157 29.908196 50.863573
v 163.410775 30.226000 50.521519
v 164.425869 33.186240 48.202536
v 163.410775 30.226000 50.521519
v 165.372183 29.422416 48.798617
v 164.425869 33.186240 48.202536
v 155.616608 51.022139 54.105248
v 155.445957 52.319966 54.703534
v 155.071368 51.010401 54.489418
v 161.579160 26.281330 41.322421
v 162.310666 31.775873 41.399892
v 165.965933 18.784437 44.882856
v 163.166643 49.160389 59.997646
v 159.600270 52.518708 54.477943
v 159.059854 49.413760 57.872116
v 170.315697 0.438814 43.014432
v 180.995223 0.112851 56.277689
v 179.331982 0.176166 58.636839
v 151.653109 20.319791 39.749146
v 153.423146 17.184119 40.874390
v 151.190581 17.119301 39.210939
v 163.324847 15.776120 44.929843
v 167.206637 12.759954 47.879841
v 164.404704 13.762729 46.639175
v 166.646686 13.192915 60.341542
v 165.779552 12.403945 60.873170
v 161.178136 15.700406 59.806480
v 161.657448 7.746141 64.707848
v 159.347722 4.367461 65.024810
v 169.831718 5.511757 66.911892
v 155.621633 35.609907 59.261504
v 155.266548 35.671480 60.319270
v 157.433183 28.598589 60.919444
v 153.175033 29.723317 60.983880
v 159.467338 17.337544 61.972890
v 158.510106 22.372231 62.198549
v 159.413333 46.284129 48.706173
v 157.850548 43.983828 50.658561
v 159.185082 48.902720 48.949477
v 163.828049 41.442552 46.139621
v 165.062647 42.082472 46.326044
v 165.983379 40.592353 46.951369
v 163.770239 18.931986 47.777676
v 162.703166 19.640482 48.209542
v 162.907350 17.179616 48.732171
v 153.668370 21.806878 41.692750
v 150.847846 28.868452 41.804696
v 153.049976 26.410309 42.486173
v 151.549083 13.692888 43.042697
v 148.708345 14.313891 48.475739
v 147.504218 13.536188 43.388612
v 146.237785 4.577502 45.386009
v 145.234150 4.578165 53.103618
v 146.047940 8.177340 49.467576
v 158.218209 44.915842 58.405627
v 159.102126 37.805917 58.318049
v 159.504865 46.007718 58.312613
v 166.285882 49.915302 56.492030
v 166.038131 50.613170 55.501308
v 163.166643 49.160389 59.997646
v 156.941993 36.913154 58.223694
v 159.272953 34.739050 56.707324
v 158.425970 37.599892 56.209997
v 166.306766 44.324330 53.079846
v 165.885253 46.296647 53.001256
v 165.997273 44.818940 53.106642
v 164.159842 23.667356 48.309081
v 163.770239 18.931986 47.777676
v 163.707297 26.148838 46.124933
v 162.703166 19.640482 48.209542
v 162.480815 23.467869 49.631516
v 162.255392 20.808515 47.221705
v 165.037182 41.955074 49.383991
v 165.910334 41.963124 50.483530
v 165.946755 43.310183 52.767326
v 160.047733 38.501525 55.440105
v 160.835465 34.353729 55.633368
v 160.379534 35.602495 53.338439
v 146.440870 3.119250 55.779445
v 145.234150 4.578165 53.103618
v 147.195188 2.450395 54.530861
v 163.741217 52.102704 51.320196
v 160.591085 51.044201 50.102164
v 161.071343 52.013071 51.772652
v 144.722390 29.231459 45.866969
v 144.950339 29.150603 46.808305
v 144.370538 31.482104 46.899674
v 144.002220 22.769216 39.089526
v 148.407800 19.457621 37.586148
v 144.876763 20.124744 39.727191
v 148.407800 19.457621 37.586148
v 146.380597 16.985305 39.812023
v 145.711234 18.164681 39.774311
v 159.704690 37.293318 56.320826
v 160.835465 34.353729 55.633368
v 160.047733 38.501525 55.440105
v 148.312931 29.602597 53.353120
v 148.358457 33.462011 55.224509
v 149.264843 36.687292 52.995914
v 156.998756 7.527258 39.630525
v 155.498257 8.935520 40.315290
v 154.607518 12.465734 40.528167
v 163.287289 12.195222 52.520162
v 160.388540 17.996421 57.415753
v 160.996514 15.459880 58.872035
v 157.251299 51.525800 49.997501
v 157.723474 51.935526 49.645506
v 157.726277 51.923245 49.642331
vn 27.708044 42.350750 -23.950275
vn 27.708044 42.350750 -23.950275
vn 27.708044 42.350750 -23.950275
vn -55.171043 8.974775 -3.247558
vn -55.171043 8.974775 -3.247558
vn -55.171043 8.974775 -3.247558
vn -5.916018 48.883916 -26.651460
vn -5.916018 48.883916 -26.651460
vn -5.916018 48.883916 -26.651460
vn -35.659513 42.490986 -7.606070
vn -35.659513 42.490986 -7.606070
vn -35.659513 42.490986 -7.606070
vn 16.731566 7.576328 52.892261
vn 16.731566 7.576328 52.892261
vn 16.731566 7.576328 52.892261
vn 54.656199 -0.969771 12.111841
vn 54.656199 -0.969771 12.111841
vn 54.656199 -0.969771 12.111841
vn -22.301361 16.623933 48.592504
vn -22.301361 16.623933 48.592504
vn -22.301361 16.623933 48.592504
vn 18.829606 0.254395 52.728728
vn 18.829606 0.254395 52.728728
vn 18.829606 0.254395 52.728728
vn -32.683112 10.773619 44.166514
vn -32.683112 10.773619 44.166514
vn -32.683112 10.773619 44.166514
vn 21.253327 12.988812 -50.145034
vn 21.253327 12.988812 -50.145034
vn 21.253327 12.988812 -50.145034
vn 31.180615 14.472344 44.195678
vn 31.180615 14.472344 44.195678
vn 31.180615 14.472344 44.195678
vn -35.803979 5.712397 42.665920
vn -35.803979 5.712397 42.665920
vn -35.803979 5.712397 42.665920
vn 38.379915 15.188962 37.831399
vn 38.379915 15.188962 37.831399
vn 38.379915 15.188962 37.831399
vn -27.448220 10.205001 47.722013
vn -27.448220 10.205001 47.722013
vn -27.448220 10.205001 47.722013
vn 55.262778 8.481340 3.004908
vn 55.262778 8.481340 3.004908
vn 55.262778 8.481340 3.004908
vn -42.869214 -16.325228 -32.103816
vn -42.869214 -16.325228 -32.103816
vn -42.869214 -16.325228 -32.103816
vn -21.779441 -23.696873 45.815404
vn -21.779441 -23.696873 45.815404
vn -21.779441 -23.696873 45.815404
vn -33.481961 -3.786529 44.716413
vn -33.481961 -3.786529 44.716413
vn -33.481961 -3.786529 44.716413
vn -8.292337 -54.379900 10.440335
vn -8.292337 -54.379900 10.440335
vn -8.292337 -54.379900 10.440335
vn 26.942331 -21.874236 -43.938202
vn 26.942331 -21.874236 -43.938202
vn 26.942331 -21.874236 -43.938202
vn 34.981187 -10.848464 -42.350501
vn 34.981187 -10.848464 -42.350501
vn 34.981187 -10.848464 -42.350501
vn 42.538325 15.201792 -33.080723
vn 42.538325 15.201792 -33.080723
vn 42.538325 15.201792 -33.080723
vn 54.661566 -7.203458 9.755056
vn 54.661566 -7.203458 9.755056
vn 54.661566 -7.203458 9.755056
vn -40.312002 28.331880 -26.592938
vn -40.312002 28.331880 -26.592938
vn -40.312002 28.331880 -26.592938
vn 20.450157 9.343668 51.277915
vn 20.450157 9.343668 51.277915
vn 20.450157 9.343668 51.277915
vn 10.115505 -34.209249 43.154844
vn 10.115505 -34.209249 43.154844
vn 10.115505 -34.209249 43.154844
vn -15.961694 -53.659889 -0.881664
vn -15.961694 -53.659889 -0.881664
vn -15.961694 -53.659889 -0.881664
vn 25.694858 11.723975 48.345221
vn 25.694858 11.723975 48.345221
vn 25.694858 11.723975 48.345221
vn 39.729028 9.977493 38.170557
vn 39.729028 9.977493 38.170557
vn 39.729028 9.977493 38.170557
vn -14.338515 8.722743 53.415899
vn -14.338515 8.722743 53.415899
vn -14.338515 8.722743 53.415899
vn -46.898191 3.681901 30.363471
vn -46.898191 3.681901 30.363471
vn -46.898191 3.681901 30.363471
vn 5.500983 -16.770316 53.135986
vn 5.500983 -16.770316 53.135986
vn 5.500983 -16.770316 53.135986
vn -41.511148 -3.231135 -37.434232
vn -41.511148 -3.231135 -37.434232
vn -41.511148 -3.231135 -37.434232
vn 50.757547 -13.799890 19.187808
vn 50.757547 -13.799890 19.187808
vn 50.757547 -13.799890 19.187808
vn 36.990970 -7.685848 41.322314
vn 36.990970 -7.685848 41.322314
vn 36.990970 -7.685848 41.322314
vn 32.343562 21.715275 40.215394
vn 32.343562 21.715275 40.215394
vn 32.343562 21.715275 40.215394
vn 37.306481 -12.110692 39.956163
vn 37.306481 -12.110692 39.956163
vn 37.306481 -12.110692 39.956163
vn -13.413730 2.996723 -54.277335
vn -13.413730 2.996723 -54.277335
vn -13.413730 2.996723 -54.277335
vn -41.853433 0.105269 -37.191618
vn -41.853433 0.105269 -37.191618
vn -41.853433 0.105269 -37.191618
vn -51.365626 2.457222 22.146608
vn -51.365626 2.457222 22.146608
vn -51.365626 2.457222 22.146608
vn -5.354484 -43.606056 34.709924
vn -5.354484 -43.606056 34.709924
vn -5.354484 -43.606056 34.709924
vn -46.652588 -6.881025 -30.184844
vn -46.652588 -6.881025 -30.184844
vn -46.652588 -6.881025 -30.184844
vn 22.455495 49.100739 14.825845
vn 22.455495 49.100739 14.825845
vn 22.455495 49.100739 14.825845
vn 40.560199 -35.698060 14.678425
vn 40.560199 -35.698060 14.678425
vn 40.560199 -35.698060 14.678425
vn 8.027639 2.786488 -55.341937
vn 8.027639 2.786488 -55.341937
vn 8.027639 2.786488 -55.341937
vn -0.547367 38.326569 -40.813130
vn -0.547367 38.326569 -40.813130
vn -0.547367 38.326569 -40.813130
vn -26.473688 48.443894 -9.341850
vn -26.473688 48.443894 -9.341850
vn -26.473688 48.443894 -9.341850
vn -50.153946 -14.592481 -20.163794
vn -50.153946 -14.592481 -20.163794
vn -50.153946 -14.592481 -20.163794
vn 48.773009 15.092896 22.985542
vn 48.773009 15.092896 22.985542
vn 48.773009 15.092896 22.985542
vn -33.307051 10.465292 -43.772771
vn -33.307051 10.465292 -43.772771
vn -33.307051 10.465292 -43.772771
vn -3.183171 -7.079068 -55.449904
vn -3.183171 -7.079068 -55.449904
vn -3.183171 -7.079068 -55.449904
vn -16.201035 52.918318 -8.492081
vn -16.201035 52.918318 -8.492081
vn -16.201035 52.918318 -8.492081
vn 20.758425 -38.369913 -35.096650
vn 20.758425 -38.369913 -35.096650
vn 20.758425 -38.369913 -35.096650
vn 31.076229 -40.501584 22.996235
vn 31.076229 -40.501584 22.996235
vn 31.076229 -40.501584 22.996235
vn 37.522802 17.498772 -37.693101
vn 37.522802 17.498772 -37.693101
vn 37.522802 17.498772 -37.693101
vn -42.671395 4.090199 -36.018880
vn -42.671395 4.090199 -36.018880
vn -42.671395 4.090199 -36.018880
vn -41.295947 37.628869 -3.694622
vn -41.295947 37.628869 -3.694622
vn -41.295947 37.628869 -3.694622
vn 38.183857 3.424802 40.806876
vn 38.183857 3.424802 40.806876
vn 38.183857 3.424802 40.806876
vn 0.573066 30.514361 46.941265
vn 0.573066 30.514361 46.941265
vn 0.573066 30.514361 46.941265
vn -39.019003 -36.741678 -16.201964
vn -39.019003 -36.741678 -16.201964
vn -39.019003 -36.741678 -16.201964
vn -0.590005 -12.821341 -54.499564
vn -0.590005 -12.821341 -54.499564
vn -0.590005 -12.821341 -54.499564
vn 27.337472 3.190240 48.758822
vn 27.337472 3.190240 48.758822
vn 27.337472 3.190240 48.758822
vn 37.414618 -1.308946 41.633764
vn 37.414618 -1.308946 41.633764
vn 37.414618 -1.308946 41.633764
vn 36.236321 27.737144 -32.442511
vn 36.236321 27.737144 -32.442511
vn 36.236321 27.737144 -32.442511
vn -44.666592 -13.994122 -30.724546
vn -44.666592 -13.994122 -30.724546
vn -44.666592 -13.994122 -30.724546
vn 36.518497 5.512623 -42.082627
vn 36.518497 5.512623 -42.082627
vn 36.518497 5.512623 -42.082627
vn -30.238668 -31.095728 35.406444
vn -30.238668 -31.095728 35.406444
vn -30.238668 -31.095728 35.406444
vn -36.768879 32.032782 27.511599
vn -36.768879 32.032782 27.511599
vn -36.768879 32.032782 27.511599
vn -39.793584 -34.853117 -18.348516
vn -39.793584 -34.853117 -18.348516
vn -39.793584 -34.853117 -18.348516
vn 17.528184 39.676395 -35.404571
vn 17.528184 39.676395 -35.404571
vn 17.528184 39.676395 -35.404571
vn 41.878526 36.237402 -8.244806
vn 41.878526 36.237402 -8.244806
vn 41.878526 36.237402 -8.244806
vn 42.738495 36.092761 2.381364
vn 42.738495 36.092761 2.381364
vn 42.738495 36.092761 2.381364
vn 51.322007 21.682076 5.556657
vn 51.322007 21.682076 5.556657
vn 51.322007 21.682076 5.556657
vn -34.011371 4.907189 -44.205013
vn -34.011371 4.907189 -44.205013
vn -34.011371 4.907189 -44.205013
vn -54.108956 4.921474 13.525415
vn -54.108956 4.921474 13.525415
vn -54.108956 4.921474 13.525415
vn 24.894345 2.999309 -50.062090
vn 24.894345 2.999309 -50.062090
vn 24.894345 2.999309 -50.062090
vn -26.474881 18.717993 -45.647071
vn -26.474881 18.717993 -45.647071
vn -26.474881 18.717993 -45.647071
vn -3.048821 -1.052668 55.897528
vn -3.048821 -1.052668 55.897528
vn -3.048821 -1.052668 55.897528
vn 4.896730 13.073225 -54.222231
vn 4.896730 13.073225 -54.222231
vn 4.896730 13.073225 -54.222231
vn -23.159233 -45.601621 22.783318
vn -23.159233 -45.601621 22.783318
vn -23.159233 -45.601621 22.783318
vn 46.326321 30.346257 -8.241012
vn 46.326321 30.346257 -8.241012
vn 46.326321 30.346257 -8.241012
vn -6.002179 -18.026332 -52.668425
vn -6.002179 -18.026332 -52.668425
vn -6.002179 -18.026332 -52.668425
vn 55.056087 -1.306048 10.102403
vn 55.056087 -1.306048 10.102403
vn 55.056087 -1.306048 10.102403
vn -29.034585 6.454655 -47.436984
vn -29.034585 6.454655 -47.436984
vn -29.034585 6.454655 -47.436984
vn 2.968837 30.193250 47.058375
vn 2.968837 30.193250 47.058375
vn 2.968837 30.193250 47.058375
vn 49.825509 -24.153110 8.305614
vn 49.825509 -24.153110 8.305614
vn 49.825509 -24.153110 8.305614
vn -49.940670 24.475646 -6.466063
vn -49.940670 24.475646 -6.466063
vn -49.940670 24.475646 -6.466063
vn 41.217659 -10.094347 36.525962
vn 41.217659 -10.094347 36.525962
vn 41.217659 -10.094347 36.525962
vn 38.259064 7.946930 -40.100219
vn 38.259064 7.946930 -40.100219
vn 38.259064 7.946930 -40.100219
vn 46.778979 30.678675 2.341588
vn 46.778979 30.678675 2.341588
vn 46.778979 30.678675 2.341588
vn -5.400713 -3.903137 -55.592580
vn -5.400713 -3.903137 -55.592580
vn -5.400713 -3.903137 -55.592580
vn 0.196572 50.878522 23.372521
vn 0.196572 50.878522 23.372521
vn 0.196572 50.878522 23.372521
vn -41.283499 12.198708 -35.802262
vn -41.283499 12.198708 -35.802262
vn -41.283499 12.198708 -35.802262
vn 7.907844 6.168296 55.084986
vn 7.907844 6.168296 55.084986
vn 7.907844 6.168296 55.084986
vn -46.427755 -23.813533 -20.305581
vn -46.427755 -23.813533 -20.305581
vn -46.427755 -23.813533 -20.305581
vn 34.598525 -13.550926 41.883790
vn 34.598525 -13.550926 41.883790
vn 34.598525 -13.550926 41.883790
vn -3.846672 -51.639913 -21.294583
vn -3.846672 -51.639913 -21.294583
vn -3.846672 -51.639913 -21.294583
vn 48.667337 23.934106 13.913528
vn 48.667337 23.934106 13.913528
vn 48.667337 23.934106 13.913528
vn 33.414555 -36.030184 26.837113
vn 33.414555 -36.030184 26.837113
vn 33.414555 -36.030184 26.837113
vn -26.899187 -37.318169 -31.917470
vn -26.899187 -37.318169 -31.917470
vn -26.899187 -37.318169 -31.917470
vn -34.106267 36.481139 -25.314540
vn -34.106267 36.481139 -25.314540
vn -34.106267 36.481139 -25.314540
vn -32.615311 -33.660695 -30.629014
vn -32.615311 -33.660695 -30.629014
vn -32.615311 -33.660695 -30.629014
vn -42.274077 -30.770026 20.026107
vn -42.274077 -30.770026 20.026107
vn -42.274077 -30.770026 20.026107
vn 29.939822 -22.279322 41.739390
vn 29.939822 -22.279322 41.739390
vn 29.939822 -22.279322 41.739390
vn -19.397998 34.134330 -39.918695
vn -19.397998 34.134330 -39.918695
vn -19.397998 34.134330 -39.918695
vn 18.512100 52.833315 0.937852
vn 18.512100 52.833315 0.937852
vn 18.512100 52.833315 0.937852
vn 39.732607 -15.868639 -36.117079
vn 39.732607 -15.868639 -36.117079
vn 39.732607 -15.868639 -36.117079
vn 48.337136 -24.799602 13.543939
vn 48.337136 -24.799602 13.543939
vn 48.337136 -24.799602 13.543939
vn 41.773666 22.609435 -29.643078
vn 41.773666 22.609435 -29.643078
vn 41.773666 22.609435 -29.643078
vn -51.019077 -17.973919 -14.454389
vn -51.019077 -17.973919 -14.454389
vn -51.019077 -17.973919 -14.454389
vn -17.591596 -26.097104 -46.307819
vn -17.591596 -26.097104 -46.307819
vn -17.591596 -26.097104 -46.307819
vn 3.669117 54.634716 -11.684283
vn 3.669117 54.634716 -11.684283
vn 3.669117 54.634716 -11.684283
vn -33.211172 41.630651 -17.287099
vn -33.211172 41.630651 -17.287099
vn -33.211172 41.630651 -17.287099
vn -33.776613 14.006144 42.401722
vn -33.776613 14.006144 42.401722
vn -33.776613 14.006144 42.401722
vn 50.096882 -8.718946 -23.435441
vn 50.096882 -8.718946 -23.435441
vn 50.096882 -8.718946 -23.435441
vn 31.861644 46.037133 -0.595959
vn 31.861644 46.037133 -0.595959
vn 31.861644 46.037133 -0.595959
vn 45.811713 -2.664784 -32.079956
vn 45.811713 -2.664784 -32.079956
vn 45.811713 -2.664784 -32.079956
vn -23.294502 32.741397 -38.991077
vn -23.294502 32.741397 -38.991077
vn -23.294502 32.741397 -38.991077
vn 36.764011 5.125638 -41.917450
vn 36.764011 5.125638 -41.917450
vn 36.764011 5.125638 -41.917450
vn -38.180335 -6.245904 -40.474534
vn -38.180335 -6.245904 -40.474534
vn -38.180335 -6.245904 -40.474534
vn 55.829476 -0.824950 4.162474
vn 55.829476 -0.824950 4.162474
vn 55.829476 -0.824950 4.162474
vn 21.126651 20.264706 -47.727805
vn 21.126651 20.264706 -47.727805
vn 21.126651 20.264706 -47.727805
vn 11.801476 19.385079 51.184778
vn 11.801476 19.385079 51.184778
vn 11.801476 19.385079 51.184778
vn 47.696550 6.941002 28.492094
vn 47.696550 6.941002 28.492094
vn 47.696550 6.941002 28.492094
vn 44.853864 -16.025115 -29.432360
vn 44.853864 -16.025115 -29.432360
vn 44.853864 -16.025115 -29.432360
vn 0.745189 33.622339 -44.765166
vn 0.745189 33.622339 -44.765166
vn 0.745189 33.622339 -44.765166
vn -35.240196 42.994113 -6.676234
vn -35.240196 42.994113 -6.676234
vn -35.240196 42.994113 -6.676234
vn -37.772555 -19.859961 -36.245736
vn -37.772555 -19.859961 -36.245736
vn -37.772555 -19.859961 -36.245736
vn 55.619467 -5.257137 -3.711444
vn 55.619467 -5.257137 -3.711444
vn 55.619467 -5.257137 -3.711444
vn 11.053610 49.772133 23.140642
vn 11.053610 49.772133 23.140642
vn 11.053610 49.772133 23.140642
vn -8.508181 54.911331 -6.877014
vn -8.508181 54.911331 -6.877014
vn -8.508181 54.911331 -6.877014
vn -20.212080 45.923893 -24.847645
vn -20.212080 45.923893 -24.847645
vn -20.212080 45.923893 -24.847645
vn -45.219193 10.419869 31.330311
vn -45.219193 10.419869 31.330311
vn -45.219193 10.419869 31.330311
vn -6.854216 -54.567901 -10.502438
vn -6.854216 -54.567901 -10.502438
vn -6.854216 -54.567901 -10.502438
vn -28.656475 -47.134438 9.596281
vn -28.656475 -47.134438 9.596281
vn -28.656475 -47.134438 9.596281
vn 11.182917 54.466603 -6.577899
vn 11.182917 54.466603 -6.577899
vn 11.182917 54.466603 -6.577899
vn -40.106093 32.539378 -21.624690
vn -40.106093 32.539378 -21.624690
vn -40.106093 32.539378 -21.624690
vn 22.780398 44.860190 24.567332
vn 22.780398 44.860190 24.567332
vn 22.780398 44.860190 24.567332
vn 29.206640 -23.771351 41.434674
vn 29.206640 -23.771351 41.434674
vn 29.206640 -23.771351 41.434674
vn -17.251311 -35.830227 -39.414774
vn -17.251311 -35.830227 -39.414774
vn -17.251311 -35.830227 -39.414774
vn 32.307793 29.380523 -35.041815
vn 32.307793 29.380523 -35.041815
vn 32.307793 29.380523 -35.041815
vn 53.577428 15.039466 6.181544
vn 53.577428 15.039466 6.181544
vn 53.577428 15.039466 6.181544
vn 42.238373 17.526327 -32.306110
vn 42.238373 17.526327 -32.306110
vn 42.238373 17.526327 -32.306110
vn -11.136339 -29.948953 -45.978030
vn -11.136339 -29.948953 -45.978030
vn -11.136339 -29.948953 -45.978030
vn 4.268981 31.884898 45.826480
vn 4.268981 31.884898 45.826480
vn 4.268981 31.884898 45.826480
vn -43.208629 -35.235724 -5.137613
vn -43.208629 -35.235724 -5.137613
vn -43.208629 -35.235724 -5.137613
vn -53.477817 13.758378 9.261058
vn -53.477817 13.758378 9.261058
vn -53.477817 13.758378 9.261058
vn -8.245370 -35.304840 42.667547
vn -8.245370 -35.304840 42.667547
vn -8.245370 -35.304840 42.667547
vn -24.601528 -23.340490 44.552479
vn -24.601528 -23.340490 44.552479
vn -24.601528 -23.340490 44.552479
vn 21.748062 10.876061 50.434816
vn 21.748062 10.876061 50.434816
vn 21.748062 10.876061 50.434816
vn 46.511416 7.666840 -30.213319
vn 46.511416 7.666840 -30.213319
vn 46.511416 7.666840 -30.213319
vn 17.108622 -39.359909 35.958720
vn 17.108622 -39.359909 35.958720
vn 17.108622 -39.359909 35.958720
vn -15.963241 -13.762700 51.871963
vn -15.963241 -13.762700 51.871963
vn -15.963241 -13.762700 51.871963
vn -1.737486 17.387139 -53.194043
vn -1.737486 17.387139 -53.194043
vn -1.737486 17.387139 -53.194043
vn -12.835052 48.017270 25.778676
vn -12.835052 48.017270 25.778676
vn -12.835052 48.017270 25.778676
vn -16.669795 4.586694 53.254271
vn -16.669795 4.586694 53.254271
vn -16.669795 4.586694 53.254271
vn 38.004063 -33.777756 -23.445512
vn 38.004063 -33.777756 -23.445512
vn 38.004063 -33.777756 -23.445512
vn 36.359452 41.738421 -8.416144
vn 36.359452 41.738421 -8.416144
vn 36.359452 41.738421 -8.416144
vn -38.705430 32.679913 23.850580
vn -38.705430 32.679913 23.850580
vn -38.705430 32.679913 23.850580
vn -30.759136 -43.760194 -16.548669
vn -30.759136 -43.760194 -16.548669
vn -30.759136 -43.760194 -16.548669
vn 14.240024 47.955385 -25.148360
vn 14.240024 47.955385 -25.148360
vn 14.240024 47.955385 -25.148360
vn 27.688512 -17.260600 45.501160
vn 27.688512 -17.260600 45.501160
vn 27.688512 -17.260600 45.501160
vn -38.301344 -28.768465 -28.988262
vn -38.301344 -28.768465 -28.988262
vn -38.301344 -28.768465 -28.988262
vn 38.019889 31.102230 -26.871486
vn 38.019889 31.102230 -26.871486
vn 38.019889 31.102230 -26.871486
vn -33.502650 -4.919964 -44.590400
vn -33.502650 -4.919964 -44.590400
vn -33.502650 -4.919964 -44.590400
vn 2.354604 41.939507 37.019866
vn 2.354604 41.939507 37.019866
vn 2.354604 41.939507 37.019866
vn 10.568441 -53.709387 11.770600
vn 10.568441 -53.709387 11.770600
vn 10.568441 -53.709387 11.770600
vn 54.751832 -7.957898 -8.593370
vn 54.751832 -7.957898 -8.593370
vn 54.751832 -7.957898 -8.593370
vn -2.976969 28.896451 47.865125
vn -2.976969 28.896451 47.865125
vn -2.976969 28.896451 47.865125
vn -12.120047 -35.539742 -41.532734
vn -12.120047 -35.539742 -41.532734
vn -12.120047 -35.539742 -41.532734
vn -3.002962 8.587797 -55.246440
vn -3.002962 8.587797 -55.246440
vn -3.002962 8.587797 -55.246440
vn 1.931927 46.516246 -31.103755
vn 1.931927 46.516246 -31.103755
vn 1.931927 46.516246 -31.103755
vn -36.423859 26.599605 33.176806
vn -36.423859 26.599605 33.176806
vn -36.423859 26.599605 33.176806
vn 49.898682 -21.014871 -14.263040
vn 49.898682 -21.014871 -14.263040
vn 49.898682 -21.014871 -14.263040
vn -46.683446 8.201900 -29.804730
vn -46.683446 8.201900 -29.804730
vn -46.683446 8.201900 -29.804730
vn 15.759655 41.758887 -33.804816
vn 15.759655 41.758887 -33.804816
vn 15.759655 41.758887 -33.804816
vn -6.756444 -22.158799 50.973280
vn -6.756444 -22.158799 50.973280
vn -6.756444 -22.158799 50.973280
vn -23.292300 27.631584 -42.765656
vn -23.292300 27.631584 -42.765656
vn -23.292300 27.631584 -42.765656
vn 31.915166 -22.154949 -40.317712
vn 31.915166 -22.154949 -40.317712
vn 31.915166 -22.154949 -40.317712
vn 4.442226 -47.528961 29.260919
vn 4.442226 -47.528961 29.260919
vn 4.442226 -47.528961 29.260919
vn -12.555664 36.085973 40.927921
vn -12.555664 36.085973 40.927921
vn -12.555664 36.085973 40.927921
vn -54.830090 11.179181 -1.903716
vn -54.830090 11.179181 -1.903716
vn -54.830090 11.179181 -1.903716
vn 26.352332 -48.991512 -6.350079
vn 26.352332 -48.991512 -6.350079
vn 26.352332 -48.991512 -6.350079
vn -24.743607 -1.031349 50.215809
vn -24.743607 -1.031349 50.215809
vn -24.743607 -1.031349 50.215809
vn 39.232924 3.501652 -39.792632
vn 39.232924 3.501652 -39.792632
vn 39.232924 3.501652 -39.792632
vn 4.892708 -55.543998 5.085508
vn 4.892708 -55.543998 5.085508
vn 4.892708 -55.543998 5.085508
vn 24.508412 -44.903565 22.758394
vn 24.508412 -44.903565 22.758394
vn 24.508412 -44.903565 22.758394
vn 44.481776 -33.494208 -5.869101
vn 44.481776 -33.494208 -5.869101
vn 44.481776 -33.494208 -5.869101
vn -35.897113 -23.326282 -36.086273
vn -35.897113 -23.326282 -36.086273
vn -35.897113 -23.326282 -36.086273
vn 49.702949 -11.119469 -23.257506
vn 49.702949 -11.119469 -23.257506
vn 49.702949 -11.119469 -23.257506
vn 0.940883 -2.302134 55.935253
vn 0.940883 -2.302134 55.935253
vn 0.940883 -2.302134 55.935253
vn 0.555086 -53.153666 -17.587394
vn 0.555086 -53.153666 -17.587394
vn 0.555086 -53.153666 -17.587394
vn -35.335104 37.832655 21.332080
vn -35.335104 37.832655 21.332080
vn -35.335104 37.832655 21.332080
vn -11.324411 51.837005 -17.877915
vn -11.324411 51.837005 -17.877915
vn -11.324411 51.837005 -17.877915
vn -7.015466 -4.060230 -55.400681
vn -7.015466 -4.060230 -55.400681
vn -7.015466 -4.060230 -55.400681
vn 30.172115 -34.061420 -32.625147
vn 30.172115 -34.061420 -32.625147
vn 30.172115 -34.061420 -32.625147
vn -28.373728 -0.416347 -48.266924
vn -28.373728 -0.416347 -48.266924
vn -28.373728 -0.416347 -48.266924
vn -46.078936 -20.401962 24.401418
vn -46.078936 -20.401962 24.401418
vn -46.078936 -20.401962 24.401418
vn 3.636858 -26.920181 48.959315
vn 3.636858 -26.920181 48.959315
vn 3.636858 -26.920181 48.959315
vn -32.712293 -17.853557 -41.786285
vn -32.712293 -17.853557 -41.786285
vn -32.712293 -17.853557 -41.786285
vn 13.800028 -16.762388 -51.609287
vn 13.800028 -16.762388 -51.609287
vn 13.800028 -16.762388 -51.609287
vn 12.635376 39.928667 37.161619
vn 12.635376 39.928667 37.161619
vn 12.635376 39.928667 37.161619
vn 48.711583 27.276884 4.253264
vn 48.711583 27.276884 4.253264
vn 48.711583 27.276884 4.253264
vn 0.920017 6.477941 -55.606903
vn 0.920017 6.477941 -55.606903
vn 0.920017 6.477941 -55.606903
vn 5.251094 -6.663348 55.344047
vn 5.251094 -6.663348 55.344047
vn 5.251094 -6.663348 55.344047
vn 24.769493 16.124713 -47.554211
vn 24.769493 16.124713 -47.554211
vn 24.769493 16.124713 -47.554211
vn -11.458764 -16.274529 -52.333293
vn -11.458764 -16.274529 -52.333293
vn -11.458764 -16.274529 -52.333293
vn -44.287352 4.522618 33.957531
vn -44.287352 4.522618 33.957531
vn -44.287352 4.522618 33.957531
vn -32.546937 36.263393 27.578983
vn -32.546937 36.263393 27.578983
vn -32.546937 36.263393 27.578983
vn 32.546937 -36.263393 -27.578983
vn 32.546937 -36.263393 -27.578983
vn 32.546937 -36.263393 -27.578983
vn -54.974471 5.673413 8.975388
vn -54.974471 5.673413 8.975388
vn -54.974471 5.673413 8.975388
vn -41.658189 -1.252164 -37.389365
vn -41.658189 -1.252164 -37.389365
vn -41.658189 -1.252164 -37.389365
vn 54.935276 9.692791 -4.806564
vn 54.935276 9.692791 -4.806564
vn 54.935276 9.692791 -4.806564
vn -6.434830 -21.334891 51.364901
vn -6.434830 -21.334891 51.364901
vn -6.434830 -21.334891 51.364901
vn 38.478055 22.546391 33.853168
vn 38.478055 22.546391 33.853168
vn 38.478055 22.546391 33.853168
vn -46.520359 11.094970 -29.115194
vn -46.520359 11.094970 -29.115194
vn -46.520359 11.094970 -29.115194
vn -28.850640 -45.402030 -15.531703
vn -28.850640 -45.402030 -15.531703
vn -28.850640 -45.402030 -15.531703
vn -39.108327 -9.388871 38.952855
vn -39.108327 -9.388871 38.952855
vn -39.108327 -9.388871 38.952855
vn 36.340068 10.786925 41.206538
vn 36.340068 10.786925 41.206538
vn 36.340068 10.786925 41.206538
vn 32.636848 -5.462409 45.165651
vn 32.636848 -5.462409 45.165651
vn 32.636848 -5.462409 45.165651
vn -47.887221 -15.879633 24.281442
vn -47.887221 -15.879633 24.281442
vn -47.887221 -15.879633 24.281442
vn 22.133897 49.721828 -13.144120
vn 22.133897 49.721828 -13.144120
vn 22.133897 49.721828 -13.144120
vn -30.846125 22.711606 40.836715
vn -30.846125 22.711606 40.836715
vn -30.846125 22.711606 40.836715
vn 41.955696 -29.689684 -22.207651
vn 41.955696 -29.689684 -22.207651
vn 41.955696 -29.689684 -22.207651
vn 35.694897 -2.541188 -43.062210
vn 35.694897 -2.541188 -43.062210
vn 35.694897 -2.541188 -43.062210
vn -12.309154 47.234127 27.429156
vn -12.309154 47.234127 27.429156
vn -12.309154 47.234127 27.429156
vn 31.956491 -9.934186 -44.889112
vn 31.956491 -9.934186 -44.889112
vn 31.956491 -9.934186 -44.889112
vn -49.445620 26.221528 1.581004
vn -49.445620 26.221528 1.581004
vn -49.445620 26.221528 1.581004
vn -49.674315 -12.451304 22.635477
vn -49.674315 -12.451304 22.635477
vn -49.674315 -12.451304 22.635477
vn -42.418041 -32.235118 17.220447
vn -42.418041 -32.235118 17.220447
vn -42.418041 -32.235118 17.220447
vn 6.369034 -15.903981 -53.305123
vn 6.369034 -15.903981 -53.305123
vn 6.369034 -15.903981 -53.305123
vn 19.945530 23.121660 -46.930818
vn 19.945530 23.121660 -46.930818
vn 19.945530 23.121660 -46.930818
vn -5.785580 -55.421577 5.469304
vn -5.785580 -55.421577 5.469304
vn -5.785580 -55.421577 5.469304
vn -42.255713 11.734976 -34.809232
vn -42.255713 11.734976 -34.809232
vn -42.255713 11.734976 -34.809232
vn -53.544844 -0.848564 16.345231
vn -53.544844 -0.848564 16.345231
vn -53.544844 -0.848564 16.345231
vn 13.709454 11.246000 53.108532
vn 13.709454 11.246000 53.108532
vn 13.709454 11.246000 53.108532
vn 54.140985 -4.917807 -13.398001
vn 54.140985 -4.917807 -13.398001
vn 54.140985 -4.917807 -13.398001
vn -1.625238 39.861551 39.285525
vn -1.625238 39.861551 39.285525
vn -1.625238 39.861551 39.285525
vn -26.563070 -5.083230 49.025522
vn -26.563070 -5.083230 49.025522
vn -26.563070 -5.083230 49.025522
vn -39.159359 36.706425 15.941156
vn -39.159359 36.706425 15.941156
vn -39.159359 36.706425 15.941156
vn 6.494896 23.941987 -50.194968
vn 6.494896 23.941987 -50.194968
vn 6.494896 23.941987 -50.194968
vn -18.116350 -46.160046 -25.999711
vn -18.116350 -46.160046 -25.999711
vn -18.116350 -46.160046 -25.999711
vn -30.707203 17.975195 43.230747
vn -30.707203 17.975195 43.230747
vn -30.707203 17.975195 43.230747
vn -43.189538 -32.579421 -14.428512
vn -43.189538 -32.579421 -14.428512
vn -43.189538 -32.579421 -14.428512
vn 2.560352 55.113237 -9.534799
vn 2.560352 55.113237 -9.534799
vn 2.560352 55.113237 -9.534799
vn -51.780103 19.047609 9.536618
vn -51.780103 19.047609 9.536618
vn -51.780103 19.047609 9.536618
vn 42.514520 36.364299 -2.256222
vn 42.514520 36.364299 -2.256222
vn 42.514520 36.364299 -2.256222
vn -35.657441 -36.217419 -23.490050
vn -35.657441 -36.217419 -23.490050
vn -35.657441 -36.217419 -23.490050
vn -51.730240 -19.561938 -8.732116
vn -51.730240 -19.561938 -8.732116
vn -51.730240 -19.561938 -8.732116
vn 21.823428 -15.190973 -49.273825
vn 21.823428 -15.190973 -49.273825
vn 21.823428 -15.190973 -49.273825
vn 35.423714 -10.747261 -42.007072
vn 35.423714 -10.747261 -42.007072
vn 35.423714 -10.747261 -42.007072
vn -3.424112 -25.793466 49.577314
vn -3.424112 -25.793466 49.577314
vn -3.424112 -25.793466 49.577314
vn -13.216023 -19.010631 50.979113
vn -13.216023 -19.010631 50.979113
vn -13.216023 -19.010631 50.979113
vn -29.808378 -39.995343 -25.431680
vn -29.808378 -39.995343 -25.431680
vn -29.808378 -39.995343 -25.431680
vn -39.515701 38.762754 -8.419951
vn -39.515701 38.762754 -8.419951
vn -39.515701 38.762754 -8.419951
vn 11.442075 51.113667 -19.784063
vn 11.442075 51.113667 -19.784063
vn 11.442075 51.113667 -19.784063
vn -45.466019 15.285865 -28.881154
vn -45.466019 15.285865 -28.881154
vn -45.466019 15.285865 -28.881154
vn -12.001757 -2.955605 54.609150
vn -12.001757 -2.955605 54.609150
vn -12.001757 -2.955605 54.609150
vn -27.803927 -3.507701 48.472418
vn -27.803927 -3.507701 48.472418
vn -27.803927 -3.507701 48.472418
vn 4.855852 45.181666 -32.710467
vn 4.855852 45.181666 -32.710467
vn 4.855852 45.181666 -32.710467
vn -18.741732 -2.290410 -52.710902
vn -18.741732 -2.290410 -52.710902
vn -18.741732 -2.290410 -52.710902
vn -30.169474 3.216583 -47.057347
vn -30.169474 3.216583 -47.057347
vn -30.169474 3.216583 -47.057347
vn -14.354641 -1.768762 -54.090233
vn -14.354641 -1.768762 -54.090233
vn -14.354641 -1.768762 -54.090233
vn -14.644177 -45.588808 -29.019746
vn -14.644177 -45.588808 -29.019746
vn -14.644177 -45.588808 -29.019746
vn 19.109315 24.084478 -46.794331
vn 19.109315 24.084478 -46.794331
vn 19.109315 24.084478 -46.794331
vn -22.814911 -46.597842 -21.048942
vn -22.814911 -46.597842 -21.048942
vn -22.814911 -46.597842 -21.048942
vn -24.077047 38.290113 -33.001519
vn -24.077047 38.290113 -33.001519
vn -24.077047 38.290113 -33.001519
vn 50.792571 -13.240730 19.486794
vn 50.792571 -13.240730 19.486794
vn 50.792571 -13.240730 19.486794
vn -10.797337 -53.221605 13.631415
vn -10.797337 -53.221605 13.631415
vn -10.797337 -53.221605 13.631415
vn 0.708362 -14.552685 54.061588
vn 0.708362 -14.552685 54.061588
vn 0.708362 -14.552685 54.061588
vn -28.516417 -20.112886 -43.786102
vn -28.516417 -20.112886 -43.786102
vn -28.516417 -20.112886 -43.786102
vn 13.321840 31.569817 44.281064
vn 13.321840 31.569817 44.281064
vn 13.321840 31.569817 44.281064
vn -26.054797 36.597170 -33.417538
vn -26.054797 36.597170 -33.417538
vn -26.054797 36.597170 -33.417538
vn -43.601425 21.133261 28.057760
vn -43.601425 21.133261 28.057760
vn -43.601425 21.133261 28.057760
vn -39.219864 39.927220 -1.598914
vn -39.219864 39.927220 -1.598914
vn -39.219864 39.927220 -1.598914
vn 22.021380 -12.076954 50.041416
vn 22.021380 -12.076954 50.041416
vn 22.021380 -12.076954 50.041416
vn -12.531349 -39.371580 -37.785993
vn -12.531349 -39.371580 -37.785993
vn -12.531349 -39.371580 -37.785993
vn 23.263155 -2.002729 -50.889605
vn 23.263155 -2.002729 -50.889605
vn 23.263155 -2.002729 -50.889605
vn -39.537166 34.453803 -19.613391
vn -39.537166 34.453803 -19.613391
vn -39.537166 34.453803 -19.613391
vn 27.803122 -41.512657 25.270981
vn 27.803122 -41.512657 25.270981
vn 27.803122 -41.512657 25.270981
vn 27.533453 36.645538 32.155100
vn 27.533453 36.645538 32.155100
vn 27.533453 36.645538 32.155100
vn -46.534374 13.951551 -27.836016
vn -46.534374 13.951551 -27.836016
vn -46.534374 13.951551 -27.836016
vn 2.515760 41.233913 37.793815
vn 2.515760 41.233913 37.793815
vn 2.515760 41.233913 37.793815
vn 42.504567 -1.322760 -36.421826
vn 42.504567 -1.322760 -36.421826
vn 42.504567 -1.322760 -36.421826
vn 1.906698 -38.445677 40.659951
vn 1.906698 -38.445677 40.659951
vn 1.906698 -38.445677 40.659951
vn -28.513922 18.484735 44.499531
vn -28.513922 18.484735 44.499531
vn -28.513922 18.484735 44.499531
vn 32.610556 20.729462 -40.518863
vn 32.610556 20.729462 -40.518863
vn 32.610556 20.729462 -40.518863
vn -37.420983 40.764547 -8.535748
vn -37.420983 40.764547 -8.535748
vn -37.420983 40.764547 -8.535748
vn 54.557881 10.770383 6.509558
vn 54.557881 10.770383 6.509558
vn 54.557881 10.770383 6.509558
vn -36.294128 39.564819 -15.883910
vn -36.294128 39.564819 -15.883910
vn -36.294128 39.564819 -15.883910
vn 23.210258 6.656546 -50.516450
vn 23.210258 6.656546 -50.516450
vn 23.210258 6.656546 -50.516450
vn 4.771585 -46.109523 31.401916
vn 4.771585 -46.109523 31.401916
vn 4.771585 -46.109523 31.401916
vn -30.102840 47.209663 -0.063503
vn -30.102840 47.209663 -0.063503
vn -30.102840 47.209663 -0.063503
vn -38.279765 24.866788 -32.422836
vn -38.279765 24.866788 -32.422836
vn -38.279765 24.866788 -32.422836
vn -38.815640 39.969463 -5.543026
vn -38.815640 39.969463 -5.543026
vn -38.815640 39.969463 -5.543026
vn 38.857652 -39.572702 7.682544
vn 38.857652 -39.572702 7.682544
vn 38.857652 -39.572702 7.682544
vn -33.915394 -42.137447 14.460942
vn -33.915394 -42.137447 14.460942
vn -33.915394 -42.137447 14.460942
vn -37.634258 5.687088 41.064060
vn -37.634258 5.687088 41.064060
vn -37.634258 5.687088 41.064060
vn 33.362786 -44.428403 -6.926675
vn 33.362786 -44.428403 -6.926675
vn 33.362786 -44.428403 -6.926675
vn -4.295812 -51.733622 20.978922
vn -4.295812 -51.733622 20.978922
vn -4.295812 -51.733622 20.978922
vn 16.967994 41.017741 -34.125783
vn 16.967994 41.017741 -34.125783
vn 16.967994 41.017741 -34.125783
vn -15.778400 -51.370860 -15.716682
vn -15.778400 -51.370860 -15.716682
vn -15.778400 -51.370860 -15.716682
vn -54.647646 9.957352 7.030146
vn -54.647646 9.957352 7.030146
vn -54.647646 9.957352 7.030146
vn -9.041694 -11.833438 -53.973649
vn -9.041694 -11.833438 -53.973649
vn -9.041694 -11.833438 -53.973649
vn -54.597422 11.204619 5.340006
vn -54.597422 11.204619 5.340006
vn -54.597422 11.204619 5.340006
vn -48.079260 -12.510322 25.822735
vn -48.079260 -12.510322 25.822735
vn -48.079260 -12.510322 25.822735
vn 33.152089 43.186763 -13.068264
vn 33.152089 43.186763 -13.068264
vn 33.152089 43.186763 -13.068264
vn 38.154717 -1.330556 -40.955885
vn 38.154717 -1.330556 -40.955885
vn 38.154717 -1.330556 -40.955885
vn 54.390412 1.613271 13.191572
vn 54.390412 1.613271 13.191572
vn 54.390412 1.613271 13.191572
vn 47.653954 27.772207 -9.630293
vn 47.653954 27.772207 -9.630293
vn 47.653954 27.772207 -9.630293
vn -29.461901 -1.717648 47.581336
vn -29.461901 -1.717648 47.581336
vn -29.461901 -1.717648 47.581336
vn -16.582549 -2.719454 53.409372
vn -16.582549 -2.719454 53.409372
vn -16.582549 -2.719454 53.409372
vn 17.213998 53.275313 -0.597046
vn 17.213998 53.275313 -0.597046
vn 17.213998 53.275313 -0.597046
vn -46.235587 12.110793 29.163959
vn -46.235587 12.110793 29.163959
vn -46.235587 12.110793 29.163959
vn -34.034575 -4.389588 -44.241570
vn -34.034575 -4.389588 -44.241570
vn -34.034575 -4.389588 -44.241570
vn -31.795783 -41.251193 -20.550045
vn -31.795783 -41.251193 -20.550045
vn -31.795783 -41.251193 -20.550045
vn 26.967981 -43.044669 23.554643
vn 26.967981 -43.044669 23.554643
vn 26.967981 -43.044669 23.554643
vn -4.077523 49.672117 25.514534
vn -4.077523 49.672117 25.514534
vn -4.077523 49.672117 25.514534
vn 48.713607 -3.458579 27.385392
vn 48.713607 -3.458579 27.385392
vn 48.713607 -3.458579 27.385392
vn 24.759545 -19.395192 46.322008
vn 24.759545 -19.395192 46.322008
vn 24.759545 -19.395192 46.322008
vn 23.352081 35.994799 35.972103
vn 23.352081 35.994799 35.972103
vn 23.352081 35.994799 35.972103
vn -36.100193 5.177261 -42.484221
vn -36.100193 5.177261 -42.484221
vn -36.100193 5.177261 -42.484221
vn -15.033027 43.304597 32.150541
vn -15.033027 43.304597 32.150541
vn -15.033027 43.304597 32.150541
vn 20.335785 -52.023507 -3.866249
vn 20.335785 -52.023507 -3.866249
vn 20.335785 -52.023507 -3.866249
vn 19.902070 18.746263 48.861260
vn 19.902070 18.746263 48.861260
vn 19.902070 18.746263 48.861260
vn -49.528681 5.155717 25.598157
vn -49.528681 5.155717 25.598157
vn -49.528681 5.155717 25.598157
vn -14.654192 -40.333071 -35.964357
vn -14.654192 -40.333071 -35.964357
vn -14.654192 -40.333071 -35.964357
vn 13.270577 -36.417473 40.405406
vn 13.270577 -36.417473 40.405406
vn 13.270577 -36.417473 40.405406
vn -6.717738 -55.560619 -1.681287
vn -6.717738 -55.560619 -1.681287
vn -6.717738 -55.560619 -1.681287
vn -9.001903 -13.937174 -53.475772
vn -9.001903 -13.937174 -53.475772
vn -9.001903 -13.937174 -53.475772
vn 41.181073 16.986209 -33.919398
vn 41.181073 16.986209 -33.919398
vn 41.181073 16.986209 -33.919398
vn -35.833397 35.948834 -23.634422
vn -35.833397 35.948834 -23.634422
vn -35.833397 35.948834 -23.634422
vn 45.880238 -10.350008 30.377921
vn 45.880238 -10.350008 30.377921
vn 45.880238 -10.350008 30.377921
vn -46.763239 -24.840917 18.195200
vn -46.763239 -24.840917 18.195200
vn -46.763239 -24.840917 18.195200
vn 13.185773 53.432205 -10.299114
vn 13.185773 53.432205 -10.299114
vn 13.185773 53.432205 -10.299114
vn 46.886324 23.548612 19.546673
vn 46.886324 23.548612 19.546673
vn 46.886324 23.548612 19.546673
vn 46.897289 22.119035 -21.126526
vn 46.897289 22.119035 -21.126526
vn 46.897289 22.119035 -21.126526
vn -14.828067 52.475176 -12.705185
vn -14.828067 52.475176 -12.705185
vn -14.828067 52.475176 -12.705185
vn 41.532694 8.417252 -36.594024
vn 41.532694 8.417252 -36.594024
vn 41.532694 8.417252 -36.594024
vn -17.606021 19.421504 49.474949
vn -17.606021 19.421504 49.474949
vn -17.606021 19.421504 49.474949
vn 36.396756 -22.088260 36.363746
vn 36.396756 -22.088260 36.363746
vn 36.396756 -22.088260 36.363746
vn 53.936178 8.525328 12.375190
vn 53.936178 8.525328 12.375190
vn 53.936178 8.525328 12.375190
vn 18.454876 40.034170 -34.519847
vn 18.454876 40.034170 -34.519847
vn 18.454876 40.034170 -34.519847
vn -45.988699 7.549450 -31.031968
vn -45.988699 7.549450 -31.031968
vn -45.988699 7.549450 -31.031968
vn -31.961578 11.394787 44.537103
vn -31.961578 11.394787 44.537103
vn -31.961578 11.394787 44.537103
vn 8.369407 54.409359 10.223103
vn 8.369407 54.409359 10.223103
vn 8.369407 54.409359 10.223103
vn 49.732578 20.191272 -15.934888
vn 49.732578 20.191272 -15.934888
vn 49.732578 20.191272 -15.934888
vn -23.186518 8.739352 50.209025
vn -23.186518 8.739352 50.209025
vn -23.186518 8.739352 50.209025
vn 48.708593 -4.009695 -27.319095
vn 48.708593 -4.009695 -27.319095
vn 48.708593 -4.009695 -27.319095
vn 54.632946 10.554425 -6.227563
vn 54.632946 10.554425 -6.227563
vn 54.632946 10.554425 -6.227563
vn -44.534749 20.699560 -26.890910
vn -44.534749 20.699560 -26.890910
vn -44.534749 20.699560 -26.890910
vn -4.899823 -42.342889 -36.304393
vn -4.899823 -42.342889 -36.304393
vn -4.899823 -42.342889 -36.304393
vn 7.130000 -44.236824 33.573851
vn 7.130000 -44.236824 33.573851
vn 7.130000 -44.236824 33.573851
vn -52.293565 -17.088128 10.407504
vn -52.293565 -17.088128 10.407504
vn -52.293565 -17.088128 10.407504
vn -26.402730 11.138280 48.101681
vn -26.402730 11.138280 48.101681
vn -26.402730 11.138280 48.101681
vn -5.719724 40.758899 37.959637
vn -5.719724 40.758899 37.959637
vn -5.719724 40.758899 37.959637
vn 27.328529 -18.980592 -45.031389
vn 27.328529 -18.980592 -45.031389
vn 27.328529 -18.980592 -45.031389
vn 2.714170 3.548641 -55.811980
vn 2.714170 3.548641 -55.811980
vn 2.714170 3.548641 -55.811980
vn 41.678159 -22.887993 -29.563624
vn 41.678159 -22.887993 -29.563624
vn 41.678159 -22.887993 -29.563624
vn 44.706129 27.782744 19.089750
vn 44.706129 27.782744 19.089750
vn 44.706129 27.782744 19.089750
vn 50.914790 -23.241413 -1.567941
vn 50.914790 -23.241413 -1.567941
vn 50.914790 -23.241413 -1.567941
vn -15.962103 -53.564580 -3.314235
vn -15.962103 -53.564580 -3.314235
vn -15.962103 -53.564580 -3.314235
vn -36.630624 5.734249 -41.955372
vn -36.630624 5.734249 -41.955372
vn -36.630624 5.734249 -41.955372
vn 39.120525 6.863802 39.464032
vn 39.120525 6.863802 39.464032
vn 39.120525 6.863802 39.464032
vn 11.785871 44.832655 -31.401643
vn 11.785871 44.832655 -31.401643
vn 11.785871 44.832655 -31.401643
vn 55.690525 3.683820 4.464547
vn 55.690525 3.683820 4.464547
vn 55.690525 3.683820 4.464547
vn 20.299326 9.259124 51.353123
vn 20.299326 9.259124 51.353123
vn 20.299326 9.259124 51.353123
vn 42.888582 -26.972305 -23.832769
vn 42.888582 -26.972305 -23.832769
vn 42.888582 -26.972305 -23.832769
vn 50.194153 24.204862 5.441339
vn 50.194153 24.204862 5.441339
vn 50.194153 24.204862 5.441339
vn -3.342181 -16.185700 -53.495705
vn -3.342181 -16.185700 -53.495705
vn -3.342181 -16.185700 -53.495705
vn 49.539445 -13.062375 -22.586617
vn 49.539445 -13.062375 -22.586617
vn 49.539445 -13.062375 -22.586617
vn 52.448278 -15.187962 -12.387134
vn 52.448278 -15.187962 -12.387134
vn 52.448278 -15.187962 -12.387134
vn 15.871623 -48.742372 22.521326
vn 15.871623 -48.742372 22.521326
vn 15.871623 -48.742372 22.521326
vn 48.191090 -5.070779 28.050728
vn 48.191090 -5.070779 28.050728
vn 48.191090 -5.070779 28.050728
vn 46.607269 0.283560 -31.026107
vn 46.607269 0.283560 -31.026107
vn 46.607269 0.283560 -31.026107
vn 51.260328 -22.249785 -3.501849
vn 51.260328 -22.249785 -3.501849
vn 51.260328 -22.249785 -3.501849
vn 39.708755 38.638516 8.075693
vn 39.708755 38.638516 8.075693
vn 39.708755 38.638516 8.075693
vn 24.599047 31.123377 -39.511508
vn 24.599047 31.123377 -39.511508
vn 24.599047 31.123377 -39.511508
vn 39.478389 24.627679 -31.142765
vn 39.478389 24.627679 -31.142765
vn 39.478389 24.627679 -31.142765
vn -47.145047 21.669982 -21.040287
vn -47.145047 21.669982 -21.040287
vn -47.145047 21.669982 -21.040287
vn -21.823411 -10.086853 50.566109
vn -21.823411 -10.086853 50.566109
vn -21.823411 -10.086853 50.566109
vn 24.653601 8.065241 -49.619445
vn 24.653601 8.065241 -49.619445
vn 24.653601 8.065241 -49.619445
vn 12.751250 -41.142168 35.772399
vn 12.751250 -41.142168 35.772399
vn 12.751250 -41.142168 35.772399
vn -50.567940 4.379266 -23.635624
vn -50.567940 4.379266 -23.635624
vn -50.567940 4.379266 -23.635624
vn 14.293759 10.030935 53.197803
vn 14.293759 10.030935 53.197803
vn 14.293759 10.030935 53.197803
vn 45.793935 -15.308452 28.346156
vn 45.793935 -15.308452 28.346156
vn 45.793935 -15.308452 28.346156
vn -37.631388 -37.699880 17.249192
vn -37.631388 -37.699880 17.249192
vn -37.631388 -37.699880 17.249192
vn -54.190768 11.297252 8.406545
vn -54.190768 11.297252 8.406545
vn -54.190768 11.297252 8.406545
vn -32.749954 45.413395 0.038662
vn -32.749954 45.413395 0.038662
vn -32.749954 45.413395 0.038662
vn 31.972052 4.067164 45.784092
vn 31.972052 4.067164 45.784092
vn 31.972052 4.067164 45.784092
vn -24.143942 -38.594247 -32.595874
vn -24.143942 -38.594247 -32.595874
vn -24.143942 -38.594247 -32.595874
vn 55.018087 9.927060 3.066144
vn 55.018087 9.927060 3.066144
vn 55.018087 9.927060 3.066144
vn -31.039756 38.272498 -26.583570
vn -31.039756 38.272498 -26.583570
vn -31.039756 38.272498 -26.583570
vn -9.229863 53.223267 -14.731945
vn -9.229863 53.223267 -14.731945
vn -9.229863 53.223267 -14.731945
vn -47.891691 0.033818 29.005558
vn -47.891691 0.033818 29.005558
vn -47.891691 0.033818 29.005558
vn 30.137544 13.041625 -45.349553
vn 30.137544 13.041625 -45.349553
vn 30.137544 13.041625 -45.349553
vn 32.834343 -2.263576 45.295909
vn 32.834343 -2.263576 45.295909
vn 32.834343 -2.263576 45.295909
vn 54.674759 7.898969 -9.122198
vn 54.674759 7.898969 -9.122198
vn 54.674759 7.898969 -9.122198
vn 23.917181 -49.360637 -11.244235
vn 23.917181 -49.360637 -11.244235
vn 23.917181 -49.360637 -11.244235
vn -49.207707 -2.601068 -26.585216
vn -49.207707 -2.601068 -26.585216
vn -49.207707 -2.601068 -26.585216
vn -10.763190 11.822831 -53.659222
vn -10.763190 11.822831 -53.659222
vn -10.763190 11.822831 -53.659222
vn 55.756091 2.238481 -4.602709
vn 55.756091 2.238481 -4.602709
vn 55.756091 2.238481 -4.602709
vn 51.215525 19.471004 -11.523348
vn 51.215525 19.471004 -11.523348
vn 51.215525 19.471004 -11.523348
vn -3.000333 -20.781788 51.904263
vn -3.000333 -20.781788 51.904263
vn -3.000333 -20.781788 51.904263
vn 53.690616 11.236299 -11.225004
vn 53.690616 11.236299 -11.225004
vn 53.690616 11.236299 -11.225004
vn -49.470831 -26.215289 0.577315
vn -49.470831 -26.215289 0.577315
vn -49.470831 -26.215289 0.577315
vn 52.943093 17.990735 -2.881007
vn 52.943093 17.990735 -2.881007
vn 52.943093 17.990735 -2.881007
vn -11.085120 -46.548293 -29.074280
vn -11.085120 -46.548293 -29.074280
vn -11.085120 -46.548293 -29.074280
vn 6.553001 -49.851310 -24.634159
vn 6.553001 -49.851310 -24.634159
vn 6.553001 -49.851310 -24.634159
vn 9.047881 42.078349 35.811811
vn 9.047881 42.078349 35.811811
vn 9.047881 42.078349 35.811811
vn -3.664115 -47.609523 -29.237728
vn -3.664115 -47.609523 -29.237728
vn -3.664115 -47.609523 -29.237728
vn -54.448958 12.707804 -2.959725
vn -54.448958 12.707804 -2.959725
vn -54.448958 12.707804 -2.959725
vn -47.995779 -28.221879 5.904919
vn -47.995779 -28.221879 5.904919
vn -47.995779 -28.221879 5.904919
vn -34.479658 41.904527 13.787710
vn -34.479658 41.904527 13.787710
vn -34.479658 41.904527 13.787710
vn -30.241427 -34.886386 -31.675431
vn -30.241427 -34.886386 -31.675431
vn -30.241427 -34.886386 -31.675431
vn -11.236493 0.472324 -54.849391
vn -11.236493 0.472324 -54.849391
vn -11.236493 0.472324 -54.849391
vn -4.346054 -30.525271 -46.736039
vn -4.346054 -30.525271 -46.736039
vn -4.346054 -30.525271 -46.736039
vn -21.271340 41.981613 30.331689
vn -21.271340 41.981613 30.331689
vn -21.271340 41.981613 30.331689
vn 49.344132 0.885611 26.444461
vn 49.344132 0.885611 26.444461
vn 49.344132 0.885611 26.444461
vn 45.320395 8.733000 -31.697537
vn 45.320395 8.733000 -31.697537
vn 45.320395 8.733000 -31.697537
vn 50.791129 -3.257905 23.336332
vn 50.791129 -3.257905 23.336332
vn 50.791129 -3.257905 23.336332
vn -38.520463 -12.795361 38.566692
vn -38.520463 -12.795361 38.566692
vn -38.520463 -12.795361 38.566692
vn 15.938554 -52.107454 -12.872959
vn 15.938554 -52.107454 -12.872959
vn 15.938554 -52.107454 -12.872959
vn -48.353706 -20.451304 -19.457660
vn -48.353706 -20.451304 -19.457660
vn -48.353706 -20.451304 -19.457660
vn -35.807877 -10.997243 -41.614825
vn -35.807877 -10.997243 -41.614825
vn -35.807877 -10.997243 -41.614825
vn 3.948131 -47.599541 -29.217000
vn 3.948131 -47.599541 -29.217000
vn 3.948131 -47.599541 -29.217000
vn 24.367049 -23.346286 -44.678128
vn 24.367049 -23.346286 -44.678128
vn 24.367049 -23.346286 -44.678128
vn -23.787019 48.145420 -15.847199
vn -23.787019 48.145420 -15.847199
vn -23.787019 48.145420 -15.847199
vn -55.982212 0.576078 0.773219
vn -55.982212 0.576078 0.773219
vn -55.982212 0.576078 0.773219
vn 48.552473 17.456530 -21.745448
vn 48.552473 17.456530 -21.745448
vn 48.552473 17.456530 -21.745448
vn -7.226717 -52.170014 19.000029
vn -7.226717 -52.170014 19.000029
vn -7.226717 -52.170014 19.000029
vn -43.887788 25.726797 -23.386565
vn -43.887788 25.726797 -23.386565
vn -43.887788 25.726797 -23.386565
vn 32.658242 12.735158 43.659961
vn 32.658242 12.735158 43.659961
vn 32.658242 12.735158 43.659961
vn 36.109753 -20.939783 -37.316872
vn 36.109753 -20.939783 -37.316872
vn 36.109753 -20.939783 -37.316872
vn -52.717278 14.026395 12.612955
vn -52.717278 14.026395 12.612955
vn -52.717278 14.026395 12.612955
vn -43.040652 9.177943 34.615094
vn -43.040652 9.177943 34.615094
vn -43.040652 9.177943 34.615094
vn 21.952754 44.236705 -26.384229
vn 21.952754 44.236705 -26.384229
vn 21.952754 44.236705 -26.384229
vn 29.688701 42.170067 21.799164
vn 29.688701 42.170067 21.799164
vn 29.688701 42.170067 21.799164
vn -1.653377 33.201567 45.053964
vn -1.653377 33.201567 45.053964
vn -1.653377 33.201567 45.053964
vn 48.708030 14.887067 -23.255972
vn 48.708030 14.887067 -23.255972
vn 48.708030 14.887067 -23.255972
vn 4.131042 52.727096 18.377291
vn 4.131042 52.727096 18.377291
vn 4.131042 52.727096 18.377291
vn 47.743878 11.079005 -27.068704
vn 47.743878 11.079005 -27.068704
vn 47.743878 11.079005 -27.068704
vn -45.668664 -31.291649 -8.375153
vn -45.668664 -31.291649 -8.375153
vn -45.668664 -31.291649 -8.375153
vn 17.434998 -0.500013 53.204404
vn 17.434998 -0.500013 53.204404
vn 17.434998 -0.500013 53.204404
vn 36.527798 -5.508055 -42.075153
vn 36.527798 -5.508055 -42.075153
vn 36.527798 -5.508055 -42.075153
vn 22.756643 34.473604 -37.797393
vn 22.756643 34.473604 -37.797393
vn 22.756643 34.473604 -37.797393
vn -43.372227 24.378670 -25.680099
vn -43.372227 24.378670 -25.680099
vn -43.372227 24.378670 -25.680099
vn 23.586103 49.520100 11.242446
vn 23.586103 49.520100 11.242446
vn 23.586103 49.520100 11.242446
vn 10.663199 47.489779 -27.675885
vn 10.663199 47.489779 -27.675885
vn 10.663199 47.489779 -27.675885
vn -28.241268 43.318194 -21.468638
vn -28.241268 43.318194 -21.468638
vn -28.241268 43.318194 -21.468638
vn 5.707818 15.278706 53.562290
vn 5.707818 15.278706 53.562290
vn 5.707818 15.278706 53.562290
vn 4.457529 -37.184711 41.621689
vn 4.457529 -37.184711 41.621689
vn 4.457529 -37.184711 41.621689
vn 23.445417 -41.617838 -29.209676
vn 23.445417 -41.617838 -29.209676
vn 23.445417 -41.617838 -29.209676
vn 50.611963 18.841487 14.777173
vn 50.611963 18.841487 14.777173
vn 50.611963 18.841487 14.777173
vn 41.905072 9.091127 36.003522
vn 41.905072 9.091127 36.003522
vn 41.905072 9.091127 36.003522
vn 22.899565 -37.434317 34.773824
vn 22.899565 -37.434317 34.773824
vn 22.899565 -37.434317 34.773824
vn 31.417275 -45.182867 10.315050
vn 31.417275 -45.182867 10.315050
vn 31.417275 -45.182867 10.315050
vn -48.384627 -17.328022 22.217218
vn -48.384627 -17.328022 22.217218
vn -48.384627 -17.328022 22.217218
vn 50.712033 22.426818 -7.763068
vn 50.712033 22.426818 -7.763068
vn 50.712033 22.426818 -7.763068
vn -5.483277 46.778770 30.275695
vn -5.483277 46.778770 30.275695
vn -5.483277 46.778770 30.275695
vn -16.861884 -2.102561 -53.349725
vn -16.861884 -2.102561 -53.349725
vn -16.861884 -2.102561 -53.349725
vn -5.865777 54.748388 10.155955
vn -5.865777 54.748388 10.155955
vn -5.865777 54.748388 10.155955
vn 19.350872 52.261160 5.408469
vn 19.350872 52.261160 5.408469
vn 19.350872 52.261160 5.408469
vn -24.155474 7.930135 -49.885506
vn -24.155474 7.930135 -49.885506
vn -24.155474 7.930135 -49.885506
vn 13.034042 -44.123569 -31.908644
vn 13.034042 -44.123569 -31.908644
vn 13.034042 -44.123569 -31.908644
vn 31.189943 46.314442 4.134803
vn 31.189943 46.314442 4.134803
vn 31.189943 46.314442 4.134803
vn 22.570321 -22.959731 -45.807949
vn 22.570321 -22.959731 -45.807949
vn 22.570321 -22.959731 -45.807949
vn 13.332210 49.501151 22.512778
vn 13.332210 49.501151 22.512778
vn 13.332210 49.501151 22.512778
vn 49.717683 -12.036319 22.764363
vn 49.717683 -12.036319 22.764363
vn 49.717683 -12.036319 22.764363
vn 15.501927 -43.575048 -31.556971
vn 15.501927 -43.575048 -31.556971
vn 15.501927 -43.575048 -31.556971
vn -52.704289 -11.542779 14.965272
vn -52.704289 -11.542779 14.965272
vn -52.704289 -11.542779 14.965272
vn -48.122202 15.025177 -24.360521
vn -48.122202 15.025177 -24.360521
vn -48.122202 15.025177 -24.360521
vn 54.857635 6.949020 8.791379
vn 54.857635 6.949020 8.791379
vn 54.857635 6.949020 8.791379
vn -38.893597 -29.204456 -27.736706
vn -38.893597 -29.204456 -27.736706
vn -38.893597 -29.204456 -27.736706
vn 26.166164 6.116509 49.120844
vn 26.166164 6.116509 49.120844
vn 26.166164 6.116509 49.120844
vn 50.742992 -1.087799 23.641132
vn 50.742992 -1.087799 23.641132
vn 50.742992 -1.087799 23.641132
vn 51.774942 9.714419 -18.971637
vn 51.774942 9.714419 -18.971637
vn 51.774942 9.714419 -18.971637
vn 3.625444 53.846144 14.912597
vn 3.625444 53.846144 14.912597
vn 3.625444 53.846144 14.912597
vn -2.450881 47.011810 30.312042
vn -2.450881 47.011810 30.312042
vn -2.450881 47.011810 30.312042
vn 10.829783 17.438369 52.091810
vn 10.829783 17.438369 52.091810
vn 10.829783 17.438369 52.091810
vn -29.192247 -45.324247 -15.114956
vn -29.192247 -45.324247 -15.114956
vn -29.192247 -45.324247 -15.114956
vn -0.992734 40.392034 -38.761258
vn -0.992734 40.392034 -38.761258
vn -0.992734 40.392034 -38.761258
vn 8.872194 16.310996 52.822085
vn 8.872194 16.310996 52.822085
vn 8.872194 16.310996 52.822085
vn 44.797252 -16.284831 -29.375975
vn 44.797252 -16.284831 -29.375975
vn 44.797252 -16.284831 -29.375975
vn 46.782478 -10.293319 28.989393
vn 46.782478 -10.293319 28.989393
vn 46.782478 -10.293319 28.989393
vn 35.986471 10.272371 41.646008
vn 35.986471 10.272371 41.646008
vn 35.986471 10.272371 41.646008
vn -34.834722 -43.504814 5.367521
vn -34.834722 -43.504814 5.367521
vn -34.834722 -43.504814 5.367521
vn -50.309879 -20.060166 -14.193057
vn -50.309879 -20.060166 -14.193057
vn -50.309879 -20.060166 -14.193057
vn 38.360628 13.799581 38.379302
vn 38.360628 13.799581 38.379302
vn 38.360628 13.799581 38.379302
vn 32.330663 -13.702480 -43.610868
vn 32.330663 -13.702480 -43.610868
vn 32.330663 -13.702480 -43.610868
vn 55.528697 -4.872789 -5.268466
vn 55.528697 -4.872789 -5.268466
vn 55.528697 -4.872789 -5.268466
vn 32.646375 6.244633 -45.057255
vn 32.646375 6.244633 -45.057255
vn 32.646375 6.244633 -45.057255
vn -55.723934 -4.049134 -3.658568
vn -55.723934 -4.049134 -3.658568
vn -55.723934 -4.049134 -3.658568
vn 11.773025 49.573418 -23.212259
vn 11.773025 49.573418 -23.212259
vn 11.773025 49.573418 -23.212259
vn 39.472639 39.519795 3.877307
vn 39.472639 39.519795 3.877307
vn 39.472639 39.519795 3.877307
vn -8.706834 -43.540251 34.108275
vn -8.706834 -43.540251 34.108275
vn -8.706834 -43.540251 34.108275
vn 24.999662 6.940672 49.616339
vn 24.999662 6.940672 49.616339
vn 24.999662 6.940672 49.616339
vn -14.105829 27.192630 -46.867090
vn -14.105829 27.192630 -46.867090
vn -14.105829 27.192630 -46.867090
vn 35.799553 -5.708379 42.670171
vn 35.799553 -5.708379 42.670171
vn 35.799553 -5.708379 42.670171
vn -45.739695 -12.569487 29.746021
vn -45.739695 -12.569487 29.746021
vn -45.739695 -12.569487 29.746021
vn -17.233577 -52.658828 8.061574
vn -17.233577 -52.658828 8.061574
vn -17.233577 -52.658828 8.061574
vn -37.450920 12.546956 -39.685517
vn -37.450920 12.546956 -39.685517
vn -37.450920 12.546956 -39.685517
vn -13.393108 -41.822602 -34.733724
vn -13.393108 -41.822602 -34.733724
vn -13.393108 -41.822602 -34.733724
vn -54.201744 -2.182721 -13.868828
vn -54.201744 -2.182721 -13.868828
vn -54.201744 -2.182721 -13.868828
vn 54.686981 11.911178 -1.547673
vn 54.686981 11.911178 -1.547673
vn 54.686981 11.911178 -1.547673
vn 10.017321 -54.231321 -9.672348
vn 10.017321 -54.231321 -9.672348
vn 10.017321 -54.231321 -9.672348
vn -23.707188 -15.756340 48.214567
vn -23.707188 -15.756340 48.214567
vn -23.707188 -15.756340 48.214567
vn 38.594413 40.144202 5.818213
vn 38.594413 40.144202 5.818213
vn 38.594413 40.144202 5.818213
vn -13.130693 31.399684 -44.458767
vn -13.130693 31.399684 -44.458767
vn -13.130693 31.399684 -44.458767
vn -11.474292 36.906163 40.511885
vn -11.474292 36.906163 40.511885
vn -11.474292 36.906163 40.511885
vn -45.767551 -30.178487 11.381015
vn -45.767551 -30.178487 11.381015
vn -45.767551 -30.178487 11.381015
vn 55.420886 3.712210 7.048556
vn 55.420886 3.712210 7.048556
vn 55.420886 3.712210 7.048556
vn 38.742474 1.093752 -40.407453
vn 38.742474 1.093752 -40.407453
vn 38.742474 1.093752 -40.407453
vn 33.893151 26.627925 35.737171
vn 33.893151 26.627925 35.737171
vn 33.893151 26.627925 35.737171
vn 23.259270 -44.715269 24.382123
vn 23.259270 -44.715269 24.382123
vn 23.259270 -44.715269 24.382123
vn -7.564425 16.546256 52.952225
vn -7.564425 16.546256 52.952225
vn -7.564425 16.546256 52.952225
vn 29.698175 -36.353930 -30.517979
vn 29.698175 -36.353930 -30.517979
vn 29.698175 -36.353930 -30.517979
vn -1.497072 48.413867 28.085461
vn -1.497072 48.413867 28.085461
vn -1.497072 48.413867 28.085461
vn 53.805823 10.806546 -11.094552
vn 53.805823 10.806546 -11.094552
vn 53.805823 10.806546 -11.094552
vn -25.577343 -4.737023 -49.581216
vn -25.577343 -4.737023 -49.581216
vn -25.577343 -4.737023 -49.581216
vn 53.863346 9.303252 -12.129576
vn 53.863346 9.303252 -12.129576
vn 53.863346 9.303252 -12.129576
vn -45.562654 4.065589 -32.287043
vn -45.562654 4.065589 -32.287043
vn -45.562654 4.065589 -32.287043
vn -50.517925 6.162838 -23.343001
vn -50.517925 6.162838 -23.343001
vn -50.517925 6.162838 -23.343001
vn -35.955447 22.362657 -36.634062
vn -35.955447 22.362657 -36.634062
vn -35.955447 22.362657 -36.634062
vn 13.547386 -52.999015 -11.937736
vn 13.547386 -52.999015 -11.937736
vn 13.547386 -52.999015 -11.937736
vn -19.536650 -30.729076 -42.532111
vn -19.536650 -30.729076 -42.532111
vn -19.536650 -30.729076 -42.532111
vn -20.208935 21.044772 47.787589
vn -20.208935 21.044772 47.787589
vn -20.208935 21.044772 47.787589
vn -27.227068 0.124004 48.924520
vn -27.227068 0.124004 48.924520
vn -27.227068 0.124004 48.924520
vn 41.486596 27.984229 -25.113392
vn 41.486596 27.984229 -25.113392
vn 41.486596 27.984229 -25.113392
vn 50.973834 -3.067225 22.960784
vn 50.973834 -3.067225 22.960784
vn 50.973834 -3.067225 22.960784
vn -29.936507 -30.403386 36.254336
vn -29.936507 -30.403386 36.254336
vn -29.936507 -30.403386 36.254336
vn -39.068240 -35.775545 -18.130634
vn -39.068240 -35.775545 -18.130634
vn -39.068240 -35.775545 -18.130634
vn -47.785314 -26.954068 -11.179415
vn -47.785314 -26.954068 -11.179415
vn -47.785314 -26.954068 -11.179415
vn 14.327994 3.270425 -54.027307
vn 14.327994 3.270425 -54.027307
vn 14.327994 3.270425 -54.027307
vn 52.176835 -19.786899 4.581859
vn 52.176835 -19.786899 4.581859
vn 52.176835 -19.786899 4.581859
vn 52.785293 11.655571 14.587603
vn 52.785293 11.655571 14.587603
vn 52.785293 11.655571 14.587603
vn -36.802945 37.952108 -18.442286
vn -36.802945 37.952108 -18.442286
vn -36.802945 37.952108 -18.442286
vn 50.264400 18.512560 16.300691
vn 50.264400 18.512560 16.300691
vn 50.264400 18.512560 16.300691
vn 52.350142 18.065100 8.249380
vn 52.350142 18.065100 8.249380
vn 52.350142 18.065100 8.249380
vn -28.915986 31.999907 -35.704465
vn -28.915986 31.999907 -35.704465
vn -28.915986 31.999907 -35.704465
vn -30.753294 -46.367968 6.259658
vn -30.753294 -46.367968 6.259658
vn -30.753294 -46.367968 6.259658
vn -53.035970 -2.182822 17.814572
vn -53.035970 -2.182822 17.814572
vn -53.035970 -2.182822 17.814572
vn 2.085447 12.376984 -54.565542
vn 2.085447 12.376984 -54.565542
vn 2.085447 12.376984 -54.565542
vn -45.948335 -25.197826 -19.716937
vn -45.948335 -25.197826 -19.716937
vn -45.948335 -25.197826 -19.716937
vn 46.960389 -21.402798 21.715874
vn 46.960389 -21.402798 21.715874
vn 46.960389 -21.402798 21.715874
vn -15.758000 48.955742 -22.134991
vn -15.758000 48.955742 -22.134991
vn -15.758000 48.955742 -22.134991
vn 11.487220 20.258175 50.917457
vn 11.487220 20.258175 50.917457
vn 11.487220 20.258175 50.917457
vn 14.059700 35.071797 -41.318648
vn 14.059700 35.071797 -41.318648
vn 14.059700 35.071797 -41.318648
vn 32.075656 -18.980206 -41.783263
vn 32.075656 -18.980206 -41.783263
vn 32.075656 -18.980206 -41.783263
vn 31.152031 27.166131 -37.768898
vn 31.152031 27.166131 -37.768898
vn 31.152031 27.166131 -37.768898
vn 40.267729 -9.413646 37.746924
vn 40.267729 -9.413646 37.746924
vn 40.267729 -9.413646 37.746924
vn 28.461690 38.030032 -29.640947
vn 28.461690 38.030032 -29.640947
vn 28.461690 38.030032 -29.640947
vn 51.755941 -16.369203 13.722586
vn 51.755941 -16.369203 13.722586
vn 51.755941 -16.369203 13.722586
vn 33.403532 23.254832 38.449371
vn 33.403532 23.254832 38.449371
vn 33.403532 23.254832 38.449371
vn 41.383523 3.239420 37.574565
vn 41.383523 3.239420 37.574565
vn 41.383523 3.239420 37.574565
vn 35.207546 -14.330948 -41.109492
vn 35.207546 -14.330948 -41.109492
vn 35.207546 -14.330948 -41.109492
vn 14.246473 53.956038 4.552036
vn 14.246473 53.956038 4.552036
vn 14.246473 53.956038 4.552036
vn -37.432321 19.552662 36.762095
vn -37.432321 19.552662 36.762095
vn -37.432321 19.552662 36.762095
vn 17.870032 -42.569452 31.677135
vn 17.870032 -42.569452 31.677135
vn 17.870032 -42.569452 31.677135
vn -8.553626 5.089959 -55.098683
vn -8.553626 5.089959 -55.098683
vn -8.553626 5.089959 -55.098683
vn -55.735474 5.085547 1.622207
vn -55.735474 5.085547 1.622207
vn -55.735474 5.085547 1.622207
vn 18.970052 -50.810584 -13.905337
vn 18.970052 -50.810584 -13.905337
vn 18.970052 -50.810584 -13.905337
vn 43.804500 23.563890 -25.706937
vn 43.804500 23.563890 -25.706937
vn 43.804500 23.563890 -25.706937
vn -37.686867 -14.083432 -38.939625
vn -37.686867 -14.083432 -38.939625
vn -37.686867 -14.083432 -38.939625
vn 8.283014 23.118112 -50.317807
vn 8.283014 23.118112 -50.317807
vn 8.283014 23.118112 -50.317807
vn 42.274517 -34.328496 -13.013724
vn 42.274517 -34.328496 -13.013724
vn 42.274517 -34.328496 -13.013724
vn -6.336000 -3.692582 55.508173
vn -6.336000 -3.692582 55.508173
vn -6.336000 -3.692582 55.508173
vn -50.411245 -11.615306 21.417941
vn -50.411245 -11.615306 21.417941
vn -50.411245 -11.615306 21.417941
vn 45.051229 33.073367 3.387602
vn 45.051229 33.073367 3.387602
vn 45.051229 33.073367 3.387602
vn 22.846133 -10.164509 50.096653
vn 22.846133 -10.164509 50.096653
vn 22.846133 -10.164509 50.096653
vn 53.433042 9.929919 13.462684
vn 53.433042 9.929919 13.462684
vn 53.433042 9.929919 13.462684
vn 42.034744 -36.897434 -2.568436
vn 42.034744 -36.897434 -2.568436
vn 42.034744 -36.897434 -2.568436
vn 29.225858 34.171294 33.363295
vn 29.225858 34.171294 33.363295
vn 29.225858 34.171294 33.363295
vn -20.073813 7.341770 51.750145
vn -20.073813 7.341770 51.750145
vn -20.073813 7.341770 51.750145
vn 43.222348 35.355766 4.090920
vn 43.222348 35.355766 4.090920
vn 43.222348 35.355766 4.090920
vn 8.493785 46.525009 29.970257
vn 8.493785 46.525009 29.970257
vn 8.493785 46.525009 29.970257
vn -29.360001 -47.556195 3.366834
vn -29.360001 -47.556195 3.366834
vn -29.360001 -47.556195 3.366834
vn 52.843737 -15.026943 10.801287
vn 52.843737 -15.026943 10.801287
vn 52.843737 -15.026943 10.801287
vn 44.438105 -8.164362 -33.068645
vn 44.438105 -8.164362 -33.068645
vn 44.438105 -8.164362 -33.068645
vn -45.126971 9.003162 31.897282
vn -45.126971 9.003162 31.897282
vn -45.126971 9.003162 31.897282
vn -39.908184 -11.737254 -37.476807
vn -39.908184 -11.737254 -37.476807
vn -39.908184 -11.737254 -37.476807
vn 5.165777 -54.697727 10.789357
vn 5.165777 -54.697727 10.789357
vn 5.165777 -54.697727 10.789357
vn -14.625811 31.794066 -43.705383
vn -14.625811 31.794066 -43.705383
vn -14.625811 31.794066 -43.705383
vn 42.927990 -33.767186 -12.324848
vn 42.927990 -33.767186 -12.324848
vn 42.927990 -33.767186 -12.324848
vn 11.610217 -15.779561 -52.451362
vn 11.610217 -15.779561 -52.451362
vn 11.610217 -15.779561 -52.451362
vn 13.807095 19.925654 -50.470484
vn 13.807095 19.925654 -50.470484
vn 13.807095 19.925654 -50.470484
vn 36.476803 15.340885 -39.611075
vn 36.476803 15.340885 -39.611075
vn 36.476803 15.340885 -39.611075
vn -45.663637 -21.612270 24.138756
vn -45.663637 -21.612270 24.138756
vn -45.663637 -21.612270 24.138756
vn 50.302462 -21.521565 11.892096
vn 50.302462 -21.521565 11.892096
vn 50.302462 -21.521565 11.892096
vn 23.940360 14.347552 -48.538067
vn 23.940360 14.347552 -48.538067
vn 23.940360 14.347552 -48.538067
vn 34.228284 40.021591 19.016676
vn 34.228284 40.021591 19.016676
vn 34.228284 40.021591 19.016676
vn -49.153132 26.238882 5.516153
vn -49.153132 26.238882 5.516153
vn -49.153132 26.238882 5.516153
vn 50.164317 4.147309 -24.520979
vn 50.164317 4.147309 -24.520979
vn 50.164317 4.147309 -24.520979
vn 18.867626 44.909255 27.606303
vn 18.867626 44.909255 27.606303
vn 18.867626 44.909255 27.606303
vn -7.655310 -22.392213 -50.743692
vn -7.655310 -22.392213 -50.743692
vn -7.655310 -22.392213 -50.743692
vn 44.691831 23.803643 -23.894863
vn 44.691831 23.803643 -23.894863
vn 44.691831 23.803643 -23.894863
vn 9.792888 -1.832385 -55.096997
vn 9.792888 -1.832385 -55.096997
vn 9.792888 -1.832385 -55.096997
vn 54.042047 4.486167 13.938053
vn 54.042047 4.486167 13.938053
vn 54.042047 4.486167 13.938053
vn 41.330315 15.132543 -34.608508
vn 41.330315 15.132543 -34.608508
vn 41.330315 15.132543 -34.608508
vn -0.276304 1.208086 -55.976796
vn -0.276304 1.208086 -55.976796
vn -0.276304 1.208086 -55.976796
vn 49.067573 -23.175073 -13.792266
vn 49.067573 -23.175073 -13.792266
vn 49.067573 -23.175073 -13.792266
vn 37.701664 -6.062492 -40.948363
vn 37.701664 -6.062492 -40.948363
vn 37.701664 -6.062492 -40.948363
vn 15.471947 -53.786302 1.609238
vn 15.471947 -53.786302 1.609238
vn 15.471947 -53.786302 1.609238
vn 2.795242 35.937561 42.844083
vn 2.795242 35.937561 42.844083
vn 2.795242 35.937561 42.844083
vn -18.829679 7.458931 52.199090
vn -18.829679 7.458931 52.199090
vn -18.829679 7.458931 52.199090
vn 23.826334 49.103828 -12.492281
vn 23.826334 49.103828 -12.492281
vn 23.826334 49.103828 -12.492281
vn 39.944197 -10.842051 -37.707406
vn 39.944197 -10.842051 -37.707406
vn 39.944197 -10.842051 -37.707406
vn -23.796654 48.662327 -14.164533
vn -23.796654 48.662327 -14.164533
vn -23.796654 48.662327 -14.164533
vn 23.630784 -17.891656 47.501703
vn 23.630784 -17.891656 47.501703
vn 23.630784 -17.891656 47.501703
vn 44.210894 -21.308947 -26.949261
vn 44.210894 -21.308947 -26.949261
vn 44.210894 -21.308947 -26.949261
vn 50.473633 -11.931910 -21.094537
vn 50.473633 -11.931910 -21.094537
vn 50.473633 -11.931910 -21.094537
vn -49.776557 25.634780 0.298901
vn -49.776557 25.634780 0.298901
vn -49.776557 25.634780 0.298901
vn -45.338661 -12.381667 30.430868
vn -45.338661 -12.381667 30.430868
vn -45.338661 -12.381667 30.430868
vn -43.434402 5.904528 -34.835705
vn -43.434402 5.904528 -34.835705
vn -43.434402 5.904528 -34.835705
vn -43.961816 32.687812 11.567318
vn -43.961816 32.687812 11.567318
vn -43.961816 32.687812 11.567318
vn 38.277174 40.544263 -5.094852
vn 38.277174 40.544263 -5.094852
vn 38.277174 40.544263 -5.094852
vn 24.883388 -4.846298 -49.922615
vn 24.883388 -4.846298 -49.922615
vn 24.883388 -4.846298 -49.922615
vn 52.262016 -3.783899 19.730724
vn 52.262016 -3.783899 19.730724
vn 52.262016 -3.783899 19.730724
vn -19.930655 28.771138 -43.702722
vn -19.930655 28.771138 -43.702722
vn -19.930655 28.771138 -43.702722
vn 7.953238 -40.311628 -38.034930
vn 7.953238 -40.311628 -38.034930
vn 7.953238 -40.311628 -38.034930
vn -17.879851 -6.263479 52.687920
vn -17.879851 -6.263479 52.687920
vn -17.879851 -6.263479 52.687920
vn 29.474677 -14.224376 45.429597
vn 29.474677 -14.224376 45.429597
vn 29.474677 -14.224376 45.429597
vn 20.260899 -48.006490 -20.489255
vn 20.260899 -48.006490 -20.489255
vn 20.260899 -48.006490 -20.489255
vn 11.736395 -9.783407 -53.865386
vn 11.736395 -9.783407 -53.865386
vn 11.736395 -9.783407 -53.865386
vn -44.441825 -21.117234 26.719357
vn -44.441825 -21.117234 26.719357
vn -44.441825 -21.117234 26.719357
vn 42.481887 7.505314 -35.691688
vn 42.481887 7.505314 -35.691688
vn 42.481887 7.505314 -35.691688
vn 8.912561 -44.485916 -32.810168
vn 8.912561 -44.485916 -32.810168
vn 8.912561 -44.485916 -32.810168
vn -0.572835 32.661970 45.473123
vn -0.572835 32.661970 45.473123
vn -0.572835 32.661970 45.473123
vn -52.025834 14.295807 -14.962611
vn -52.025834 14.295807 -14.962611
vn -52.025834 14.295807 -14.962611
vn 45.627723 13.298459 -29.600670
vn 45.627723 13.298459 -29.600670
vn 45.627723 13.298459 -29.600670
vn -48.681327 -14.889924 23.309996
vn -48.681327 -14.889924 23.309996
vn -48.681327 -14.889924 23.309996
vn 25.974841 -11.952144 -48.139290
vn 25.974841 -11.952144 -48.139290
vn 25.974841 -11.952144 -48.139290
vn 52.225977 20.180091 -0.385605
vn 52.225977 20.180091 -0.385605
vn 52.225977 20.180091 -0.385605
vn 28.690733 13.001611 -46.289708
vn 28.690733 13.001611 -46.289708
vn 28.690733 13.001611 -46.289708
vn 42.407247 12.715209 34.276617
vn 42.407247 12.715209 34.276617
vn 42.407247 12.715209 34.276617
vn -29.172792 -11.392350 46.412281
vn -29.172792 -11.392350 46.412281
vn -29.172792 -11.392350 46.412281
vn -0.105566 15.582109 53.778475
vn -0.105566 15.582109 53.778475
vn -0.105566 15.582109 53.778475
vn -28.763596 7.486284 47.450487
vn -28.763596 7.486284 47.450487
vn -28.763596 7.486284 47.450487
vn 55.632562 -0.313909 6.313263
vn 55.632562 -0.313909 6.313263
vn 55.632562 -0.313909 6.313263
vn -25.805381 -25.406090 42.703046
vn -25.805381 -25.406090 42.703046
vn -25.805381 -25.406090 42.703046
vn -46.715083 -30.775874 2.341810
vn -46.715083 -30.775874 2.341810
vn -46.715083 -30.775874 2.341810
vn 44.806494 0.061422 -33.575461
vn 44.806494 0.061422 -33.575461
vn 44.806494 0.061422 -33.575461
vn 11.586002 -54.369851 6.679865
vn 11.586002 -54.369851 6.679865
vn 11.586002 -54.369851 6.679865
vn -10.112904 53.112969 -14.549188
vn -10.112904 53.112969 -14.549188
vn -10.112904 53.112969 -14.549188
vn -0.237068 51.963301 -20.849367
vn -0.237068 51.963301 -20.849367
vn -0.237068 51.963301 -20.849367
vn -12.671097 43.737171 -32.579752
vn -12.671097 43.737171 -32.579752
vn -12.671097 43.737171 -32.579752
vn 24.539357 0.314897 -50.325526
vn 24.539357 0.314897 -50.325526
vn 24.539357 0.314897 -50.325526
vn 54.349454 6.306171 -11.887237
vn 54.349454 6.306171 -11.887237
vn 54.349454 6.306171 -11.887237
vn 48.632512 16.432620 -22.355873
vn 48.632512 16.432620 -22.355873
vn 48.632512 16.432620 -22.355873
vn 18.742173 51.648926 -10.772955
vn 18.742173 51.648926 -10.772955
vn 18.742173 51.648926 -10.772955
vn 17.678509 -50.973855 -14.969095
vn 17.678509 -50.973855 -14.969095
vn 17.678509 -50.973855 -14.969095
vn 10.872592 -12.177070 -53.557848
vn 10.872592 -12.177070 -53.557848
vn 10.872592 -12.177070 -53.557848
vn -20.378461 -49.987959 -14.861324
vn -20.378461 -49.987959 -14.861324
vn -20.378461 -49.987959 -14.861324
vn -22.263942 -34.451090 -38.110054
vn -22.263942 -34.451090 -38.110054
vn -22.263942 -34.451090 -38.110054
vn -54.628622 4.454372 -11.437214
vn -54.628622 4.454372 -11.437214
vn -54.628622 4.454372 -11.437214
vn -42.091718 5.566019 36.499925
vn -42.091718 5.566019 36.499925
vn -42.091718 5.566019 36.499925
vn 49.494317 21.181217 15.382001
vn 49.494317 21.181217 15.382001
vn 49.494317 21.181217 15.382001
vn 4.826525 54.983180 9.406986
vn 4.826525 54.983180 9.406986
vn 4.826525 54.983180 9.406986
vn -33.507956 -15.827238 -41.972052
vn -33.507956 -15.827238 -41.972052
vn -33.507956 -15.827238 -41.972052
vn -7.768254 -6.897073 55.018377
vn -7.768254 -6.897073 55.018377
vn -7.768254 -6.897073 55.018377
vn -47.005743 -7.208280 -29.553986
vn -47.005743 -7.208280 -29.553986
vn -47.005743 -7.208280 -29.553986
vn 13.589581 11.309257 -53.125898
vn 13.589581 11.309257 -53.125898
vn 13.589581 11.309257 -53.125898
vn -47.933833 -4.684044 -28.554243
vn -47.933833 -4.684044 -28.554243
vn -47.933833 -4.684044 -28.554243
vn 54.960144 -2.505934 -10.394221
vn 54.960144 -2.505934 -10.394221
vn 54.960144 -2.505934 -10.394221
vn -8.723520 34.025074 -43.601973
vn -8.723520 34.025074 -43.601973
vn -8.723520 34.025074 -43.601973
vn 45.658944 31.815418 6.162587
vn 45.658944 31.815418 6.162587
vn 45.658944 31.815418 6.162587
vn 28.654364 23.397725 -42.028694
vn 28.654364 23.397725 -42.028694
vn 28.654364 23.397725 -42.028694
vn -32.541137 24.281251 -38.554275
vn -32.541137 24.281251 -38.554275
vn -32.541137 24.281251 -38.554275
vn 55.062799 -6.800021 7.535619
vn 55.062799 -6.800021 7.535619
vn 55.062799 -6.800021 7.535619
vn 43.773876 19.177315 -29.172176
vn 43.773876 19.177315 -29.172176
vn 43.773876 19.177315 -29.172176
vn -30.885405 2.564449 46.631024
vn -30.885405 2.564449 46.631024
vn -30.885405 2.564449 46.631024
vn 30.283384 -33.152088 33.448362
vn 30.283384 -33.152088 33.448362
vn 30.283384 -33.152088 33.448362
vn 30.970590 -35.630398 -30.103726
vn 30.970590 -35.630398 -30.103726
vn 30.970590 -35.630398 -30.103726
vn -21.582550 20.288978 47.513031
vn -21.582550 20.288978 47.513031
vn -21.582550 20.288978 47.513031
vn 21.640807 -48.726651 -17.097536
vn 21.640807 -48.726651 -17.097536
vn 21.640807 -48.726651 -17.097536
vn 49.121003 -7.512469 25.799755
vn 49.121003 -7.512469 25.799755
vn 49.121003 -7.512469 25.799755
vn 16.271953 51.441437 14.964592
vn 16.271953 51.441437 14.964592
vn 16.271953 51.441437 14.964592
vn -49.539045 -18.706816 18.189969
vn -49.539045 -18.706816 18.189969
vn -49.539045 -18.706816 18.189969
vn 30.854081 -29.048861 -36.594077
vn 30.854081 -29.048861 -36.594077
vn 30.854081 -29.048861 -36.594077
vn 24.306948 -24.004120 -44.361149
vn 24.306948 -24.004120 -44.361149
vn 24.306948 -24.004120 -44.361149
vn -19.474310 1.072219 52.483699
vn -19.474310 1.072219 52.483699
vn -19.474310 1.072219 52.483699
vn -13.516658 9.277276 53.536621
vn -13.516658 9.277276 53.536621
vn -13.516658 9.277276 53.536621
vn 43.337683 -30.984981 -17.225375
vn 43.337683 -30.984981 -17.225375
vn 43.337683 -30.984981 -17.225375
vn 51.271247 9.395753 20.443000
vn 51.271247 9.395753 20.443000
vn 51.271247 9.395753 20.443000
vn -16.553005 53.420692 2.676779
vn -16.553005 53.420692 2.676779
vn -16.553005 53.420692 2.676779
vn -0.608325 -18.265424 -52.923921
vn -0.608325 -18.265424 -52.923921
vn -0.608325 -18.265424 -52.923921
vn 55.119660 5.580238 8.100689
vn 55.119660 5.580238 8.100689
vn 55.119660 5.580238 8.100689
vn 27.152845 42.156261 24.910042
vn 27.152845 42.156261 24.910042
vn 27.152845 42.156261 24.910042
vn -44.801941 -15.358616 29.863631
vn -44.801941 -15.358616 29.863631
vn -44.801941 -15.358616 29.863631
vn 24.100323 50.429706 3.310046
vn 24.100323 50.429706 3.310046
vn 24.100323 50.429706 3.310046
vn -36.819076 -23.117943 -35.282479
vn -36.819076 -23.117943 -35.282479
vn -36.819076 -23.117943 -35.282479
vn 48.229081 6.675746 -27.646469
vn 48.229081 6.675746 -27.646469
vn 48.229081 6.675746 -27.646469
vn 54.092512 8.958928 11.343527
vn 54.092512 8.958928 11.343527
vn 54.092512 8.958928 11.343527
vn -4.296357 -51.482689 -21.587285
vn -4.296357 -51.482689 -21.587285
vn -4.296357 -51.482689 -21.587285
vn 5.664646 55.016889 -8.717260
vn 5.664646 55.016889 -8.717260
vn 5.664646 55.016889 -8.717260
vn -39.593342 -37.599449 -12.392974
vn -39.593342 -37.599449 -12.392974
vn -39.593342 -37.599449 -12.392974
vn -49.601464 10.656595 -23.686904
vn -49.601464 10.656595 -23.686904
vn -49.601464 10.656595 -23.686904
vn -0.900167 46.138518 -31.707475
vn -0.900167 46.138518 -31.707475
vn -0.900167 46.138518 -31.707475
vn 52.253124 6.763384 18.942145
vn 52.253124 6.763384 18.942145
vn 52.253124 6.763384 18.942145
vn -12.809519 -4.958729 54.279501
vn -12.809519 -4.958729 54.279501
vn -12.809519 -4.958729 54.279501
vn -2.010251 -20.703111 51.983434
vn -2.010251 -20.703111 51.983434
vn -2.010251 -20.703111 51.983434
vn 7.400914 16.779581 -52.901887
vn 7.400914 16.779581 -52.901887
vn 7.400914 16.779581 -52.901887
vn -6.720291 -24.588604 49.851531
vn -6.720291 -24.588604 49.851531
vn -6.720291 -24.588604 49.851531
vn 16.793678 47.503691 24.419430
vn 16.793678 47.503691 24.419430
vn 16.793678 47.503691 24.419430
vn 39.633793 -38.013411 10.912375
vn 39.633793 -38.013411 10.912375
vn 39.633793 -38.013411 10.912375
vn -11.821607 -54.454716 5.465366
vn -11.821607 -54.454716 5.465366
vn -11.821607 -54.454716 5.465366
vn 7.711199 -51.615106 -20.281891
vn 7.711199 -51.615106 -20.281891
vn 7.711199 -51.615106 -20.281891
vn -9.296899 2.012153 55.176590
vn -9.296899 2.012153 55.176590
vn -9.296899 2.012153 55.176590
vn 52.236197 3.247649 19.893963
vn 52.236197 3.247649 19.893963
vn 52.236197 3.247649 19.893963
vn 34.352174 -4.542452 -43.979897
vn 34.352174 -4.542452 -43.979897
vn 34.352174 -4.542452 -43.979897
vn 33.939843 -28.874610 -33.901047
vn 33.939843 -28.874610 -33.901047
vn 33.939843 -28.874610 -33.901047
vn 17.855514 -13.498560 51.321604
vn 17.855514 -13.498560 51.321604
vn 17.855514 -13.498560 51.321604
vn -50.606257 19.985212 13.211191
vn -50.606257 19.985212 13.211191
vn -50.606257 19.985212 13.211191
vn 0.296934 -15.182945 -53.891811
vn 0.296934 -15.182945 -53.891811
vn 0.296934 -15.182945 -53.891811
vn -43.535193 -2.067582 35.147537
vn -43.535193 -2.067582 35.147537
vn -43.535193 -2.067582 35.147537
vn 52.330549 4.171504 19.469191
vn 52.330549 4.171504 19.469191
vn 52.330549 4.171504 19.469191
vn -45.992411 -31.638738 -4.315743
vn -45.992411 -31.638738 -4.315743
vn -45.992411 -31.638738 -4.315743
vn -41.624525 4.138051 37.218448
vn -41.624525 4.138051 37.218448
vn -41.624525 4.138051 37.218448
vn 43.350151 31.236757 -16.732203
vn 43.350151 31.236757 -16.732203
vn 43.350151 31.236757 -16.732203
vn -38.277793 -35.170563 -20.803349
vn -38.277793 -35.170563 -20.803349
vn -38.277793 -35.170563 -20.803349
vn -55.026565 -10.262072 -1.305728
vn -55.026565 -10.262072 -1.305728
vn -55.026565 -10.262072 -1.305728
vn -12.962646 -53.318308 -11.138437
vn -12.962646 -53.318308 -11.138437
vn -12.962646 -53.318308 -11.138437
vn 50.307507 -6.845662 23.605703
vn 50.307507 -6.845662 23.605703
vn 50.307507 -6.845662 23.605703
vn -24.915234 48.627229 -12.229505
vn -24.915234 48.627229 -12.229505
vn -24.915234 48.627229 -12.229505
vn -32.910720 -6.285358 -44.858847
vn -32.910720 -6.285358 -44.858847
vn -32.910720 -6.285358 -44.858847
vn -49.743846 -8.288863 24.326565
vn -49.743846 -8.288863 24.326565
vn -49.743846 -8.288863 24.326565
vn 51.555511 -17.216341 -13.437427
vn 51.555511 -17.216341 -13.437427
vn 51.555511 -17.216341 -13.437427
vn 43.876191 33.830780 8.080562
vn 43.876191 33.830780 8.080562
vn 43.876191 33.830780 8.080562
vn -47.369425 21.260169 -20.954236
vn -47.369425 21.260169 -20.954236
vn -47.369425 21.260169 -20.954236
vn -50.017380 -25.163433 0.030198
vn -50.017380 -25.163433 0.030198
vn -50.017380 -25.163433 0.030198
vn -30.208820 -37.316428 28.807087
vn -30.208820 -37.316428 28.807087
vn -30.208820 -37.316428 28.807087
vn 23.355919 -20.645433 -46.510259
vn 23.355919 -20.645433 -46.510259
vn 23.355919 -20.645433 -46.510259
vn -33.739485 -1.282812 44.664744
vn -33.739485 -1.282812 44.664744
vn -33.739485 -1.282812 44.664744
vn 42.222697 26.248359 -25.752756
vn 42.222697 26.248359 -25.752756
vn 42.222697 26.248359 -25.752756
vn 29.468657 46.193811 -11.518109
vn 29.468657 46.193811 -11.518109
vn 29.468657 46.193811 -11.518109
vn 51.105109 11.704930 19.651958
vn 51.105109 11.704930 19.651958
vn 51.105109 11.704930 19.651958
vn 3.808221 -3.705056 -55.737845
vn 3.808221 -3.705056 -55.737845
vn 3.808221 -3.705056 -55.737845
vn 49.846718 -21.892042 -13.075969
vn 49.846718 -21.892042 -13.075969
vn 49.846718 -21.892042 -13.075969
vn 15.942511 -50.589803 -17.928884
vn 15.942511 -50.589803 -17.928884
vn 15.942511 -50.589803 -17.928884
vn -43.658602 -4.936755 34.705794
vn -43.658602 -4.936755 34.705794
vn -43.658602 -4.936755 34.705794
vn -36.880446 -15.236100 39.276341
vn -36.880446 -15.236100 39.276341
vn -36.880446 -15.236100 39.276341
vn 45.774740 -10.198560 30.587581
vn 45.774740 -10.198560 30.587581
vn 45.774740 -10.198560 30.587581
vn 50.722008 -23.252902 -4.638705
vn 50.722008 -23.252902 -4.638705
vn 50.722008 -23.252902 -4.638705
vn -15.166694 23.809629 -48.352974
vn -15.166694 23.809629 -48.352974
vn -15.166694 23.809629 -48.352974
vn 43.277733 -35.321393 3.791284
vn 43.277733 -35.321393 3.791284
vn 43.277733 -35.321393 3.791284
vn 34.904645 -32.970339 28.802079
vn 34.904645 -32.970339 28.802079
vn 34.904645 -32.970339 28.802079
vn -40.985993 -37.702912 -5.794460
vn -40.985993 -37.702912 -5.794460
vn -40.985993 -37.702912 -5.794460
vn -40.777211 36.376896 -12.201542
vn -40.777211 36.376896 -12.201542
vn -40.777211 36.376896 -12.201542
vn 20.743807 -49.221569 -16.788944
vn 20.743807 -49.221569 -16.788944
vn 20.743807 -49.221569 -16.788944
vn 29.162950 14.383908 -45.580293
vn 29.162950 14.383908 -45.580293
vn 29.162950 14.383908 -45.580293
vn -4.086075 -48.803500 -27.137782
vn -4.086075 -48.803500 -27.137782
vn -4.086075 -48.803500 -27.137782
vn -44.939192 -26.416571 20.434542
vn -44.939192 -26.416571 20.434542
vn -44.939192 -26.416571 20.434542
vn 46.303696 5.759171 30.947327
vn 46.303696 5.759171 30.947327
vn 46.303696 5.759171 30.947327
vn -2.538656 -21.056470 51.818125
vn -2.538656 -21.056470 51.818125
vn -2.538656 -21.056470 51.818125
vn 39.340034 -34.014655 20.743729
vn 39.340034 -34.014655 20.743729
vn 39.340034 -34.014655 20.743729
vn -23.696896 11.983024 49.293018
vn -23.696896 11.983024 49.293018
vn -23.696896 11.983024 49.293018
vn 13.845363 20.071250 -50.402264
vn 13.845363 20.071250 -50.402264
vn 13.845363 20.071250 -50.402264
vn 51.673109 17.254382 -12.927243
vn 51.673109 17.254382 -12.927243
vn 51.673109 17.254382 -12.927243
vn 32.667564 7.436138 44.860576
vn 32.667564 7.436138 44.860576
vn 32.667564 7.436138 44.860576
vn 33.769049 -3.432218 44.528736
vn 33.769049 -3.432218 44.528736
vn 33.769049 -3.432218 44.528736
vn -23.164371 0.237667 -50.973447
vn -23.164371 0.237667 -50.973447
vn -23.164371 0.237667 -50.973447
vn -29.928049 -10.796785 -46.072534
vn -29.928049 -10.796785 -46.072534
vn -29.928049 -10.796785 -46.072534
vn -17.424327 42.078028 32.569457
vn -17.424327 42.078028 32.569457
vn -17.424327 42.078028 32.569457
vn -42.732334 35.921162 -4.307555
vn -42.732334 35.921162 -4.307555
vn -42.732334 35.921162 -4.307555
vn -50.025958 -2.735279 -24.997179
vn -50.025958 -2.735279 -24.997179
vn -50.025958 -2.735279 -24.997179
vn 9.103943 -54.801310 6.990822
vn 9.103943 -54.801310 6.990822
vn 9.103943 -54.801310 6.990822
vn -15.757606 -38.590416 -37.382010
vn -15.757606 -38.590416 -37.382010
vn -15.757606 -38.590416 -37.382010
vn 44.523411 4.273309 33.679995
vn 44.523411 4.273309 33.679995
vn 44.523411 4.273309 33.679995
vn -52.317272 2.922926 19.730603
vn -52.317272 2.922926 19.730603
vn -52.317272 2.922926 19.730603
vn -34.154569 43.396548 9.227262
vn -34.154569 43.396548 9.227262
vn -34.154569 43.396548 9.227262
vn -8.694483 32.227150 44.952796
vn -8.694483 32.227150 44.952796
vn -8.694483 32.227150 44.952796
vn 25.022661 38.382446 -32.180609
vn 25.022661 38.382446 -32.180609
vn 25.022661 38.382446 -32.180609
vn 22.605089 42.988977 -27.854884
vn 22.605089 42.988977 -27.854884
vn 22.605089 42.988977 -27.854884
vn -53.499367 14.962812 -6.990638
vn -53.499367 14.962812 -6.990638
vn -53.499367 14.962812 -6.990638
vn -32.619192 2.938954 -45.412420
vn -32.619192 2.938954 -45.412420
vn -32.619192 2.938954 -45.412420
vn 43.718549 -24.775176 -24.694456
vn 43.718549 -24.775176 -24.694456
vn 43.718549 -24.775176 -24.694456
vn 7.592960 24.783711 49.629147
vn 7.592960 24.783711 49.629147
vn 7.592960 24.783711 49.629147
vn -11.987951 -21.856870 -50.134850
vn -11.987951 -21.856870 -50.134850
vn -11.987951 -21.856870 -50.134850
vn -15.516251 -49.926115 -20.039115
vn -15.516251 -49.926115 -20.039115
vn -15.516251 -49.926115 -20.039115
vn 41.716123 -36.983914 -5.185805
vn 41.716123 -36.983914 -5.185805
vn 41.716123 -36.983914 -5.185805
vn -14.754318 -25.578930 -47.570641
vn -14.754318 -25.578930 -47.570641
vn -14.754318 -25.578930 -47.570641
vn 3.477142 28.359957 -48.151428
vn 3.477142 28.359957 -48.151428
vn 3.477142 28.359957 -48.151428
vn 6.453962 -54.921092 8.772499
vn 6.453962 -54.921092 8.772499
vn 6.453962 -54.921092 8.772499
vn 43.874426 18.711062 -29.323513
vn 43.874426 18.711062 -29.323513
vn 43.874426 18.711062 -29.323513
vn -31.985602 27.247325 -37.005974
vn -31.985602 27.247325 -37.005974
vn -31.985602 27.247325 -37.005974
vn 17.458133 -15.612829 50.856567
vn 17.458133 -15.612829 50.856567
vn 17.458133 -15.612829 50.856567
vn -23.337604 -45.053086 -23.675159
vn -23.337604 -45.053086 -23.675159
vn -23.337604 -45.053086 -23.675159
vn -54.933678 -10.807675 0.650019
vn -54.933678 -10.807675 0.650019
vn -54.933678 -10.807675 0.650019
vn -31.497882 -2.849159 46.202841
vn -31.497882 -2.849159 46.202841
vn -31.497882 -2.849159 46.202841
vn -33.287167 -45.019158 0.420735
vn -33.287167 -45.019158 0.420735
vn -33.287167 -45.019158 0.420735
vn -16.341399 -25.339152 -47.178626
vn -16.341399 -25.339152 -47.178626
vn -16.341399 -25.339152 -47.178626
vn -55.185615 -4.946862 8.063130
vn -55.185615 -4.946862 8.063130
vn -55.185615 -4.946862 8.063130
vn 16.409776 1.942754 -53.496566
vn 16.409776 1.942754 -53.496566
vn 16.409776 1.942754 -53.496566
vn 55.521730 1.518036 7.068958
vn 55.521730 1.518036 7.068958
vn 55.521730 1.518036 7.068958
vn -19.707246 -51.633741 8.973197
vn -19.707246 -51.633741 8.973197
vn -19.707246 -51.633741 8.973197
vn -42.096286 -13.252917 34.455778
vn -42.096286 -13.252917 34.455778
vn -42.096286 -13.252917 34.455778
vn -23.686985 8.019828 50.095377
vn -23.686985 8.019828 50.095377
vn -23.686985 8.019828 50.095377
vn -34.323419 36.569677 -24.889727
vn -34.323419 36.569677 -24.889727
vn -34.323419 36.569677 -24.889727
vn -46.924885 6.392637 -29.868487
vn -46.924885 6.392637 -29.868487
vn -46.924885 6.392637 -29.868487
vn -39.841726 -38.881827 5.981432
vn -39.841726 -38.881827 5.981432
vn -39.841726 -38.881827 5.981432
vn -40.848595 28.911577 25.108769
vn -40.848595 28.911577 25.108769
vn -40.848595 28.911577 25.108769
vn 51.435652 20.494735 8.323306
vn 51.435652 20.494735 8.323306
vn 51.435652 20.494735 8.323306
vn -26.719363 -7.205044 -48.673406
vn -26.719363 -7.205044 -48.673406
vn -26.719363 -7.205044 -48.673406
vn -18.397822 31.606640 -42.396665
vn -18.397822 31.606640 -42.396665
vn -18.397822 31.606640 -42.396665
vn 6.308068 48.560983 -27.147314
vn 6.308068 48.560983 -27.147314
vn 6.308068 48.560983 -27.147314
vn 1.683606 52.165533 20.269677
vn 1.683606 52.165533 20.269677
vn 1.683606 52.165533 20.269677
vn 11.663952 54.316355 6.973003
vn 11.663952 54.316355 6.973003
vn 11.663952 54.316355 6.973003
vn -26.537600 35.900657 -33.791061
vn -26.537600 35.900657 -33.791061
vn -26.537600 35.900657 -33.791061
vn 13.455329 43.123236 -33.079870
vn 13.455329 43.123236 -33.079870
vn 13.455329 43.123236 -33.079870
vn -30.516421 -19.816086 42.555938
vn -30.516421 -19.816086 42.555938
vn -30.516421 -19.816086 42.555938
vn 46.236606 -13.591396 28.502415
vn 46.236606 -13.591396 28.502415
vn 46.236606 -13.591396 28.502415
vn -18.215931 -12.899271 -51.349060
vn -18.215931 -12.899271 -51.349060
vn -18.215931 -12.899271 -51.349060
vn 40.127079 37.341075 -11.419216
vn 40.127079 37.341075 -11.419216
vn 40.127079 37.341075 -11.419216
vn 55.003459 8.660216 5.878561
vn 55.003459 8.660216 5.878561
vn 55.003459 8.660216 5.878561
vn -40.298301 8.877565 37.844065
vn -40.298301 8.877565 37.844065
vn -40.298301 8.877565 37.844065
vn 40.513254 38.590195 2.100047
vn 40.513254 38.590195 2.100047
vn 40.513254 38.590195 2.100047
vn -55.738504 4.990969 -1.801823
vn -55.738504 4.990969 -1.801823
vn -55.738504 4.990969 -1.801823
vn -17.054776 -11.405121 52.096018
vn -17.054776 -11.405121 52.096018
vn -17.054776 -11.405121 52.096018
vn -18.672664 -48.558564 20.696252
vn -18.672664 -48.558564 20.696252
vn -18.672664 -48.558564 20.696252
vn 11.418892 -0.747439 -54.808644
vn 11.418892 -0.747439 -54.808644
vn 11.418892 -0.747439 -54.808644
vn -44.374193 4.624529 33.830190
vn -44.374193 4.624529 33.830190
vn -44.374193 4.624529 33.830190
vn 38.673133 7.427298 -39.801530
vn 38.673133 7.427298 -39.801530
vn 38.673133 7.427298 -39.801530
vn 30.845852 42.474854 -19.477103
vn 30.845852 42.474854 -19.477103
vn 30.845852 42.474854 -19.477103
vn -17.259225 24.385091 -47.354243
vn -17.259225 24.385091 -47.354243
vn -17.259225 24.385091 -47.354243
vn 21.235075 -0.336552 51.806327
vn 21.235075 -0.336552 51.806327
vn 21.235075 -0.336552 51.806327
vn -53.677167 -4.580770 15.255022
vn -53.677167 -4.580770 15.255022
vn -53.677167 -4.580770 15.255022
vn -17.355538 -3.269122 -53.132246
vn -17.355538 -3.269122 -53.132246
vn -17.355538 -3.269122 -53.132246
vn 41.817959 25.673234 26.964426
vn 41.817959 25.673234 26.964426
vn 41.817959 25.673234 26.964426
vn -40.652851 31.608161 21.981984
vn -40.652851 31.608161 21.981984
vn -40.652851 31.608161 21.981984
vn 37.327566 -33.515713 24.865374
vn 37.327566 -33.515713 24.865374
vn 37.327566 -33.515713 24.865374
vn 34.409069 -23.700503 37.272501
vn 34.409069 -23.700503 37.272501
vn 34.409069 -23.700503 37.272501
vn 9.741971 -19.037900 -51.745435
vn 9.741971 -19.037900 -51.745435
vn 9.741971 -19.037900 -51.745435
vn 55.761987 1.537245 4.814037
vn 55.761987 1.537245 4.814037
vn 55.761987 1.537245 4.814037
vn -40.012665 37.089221 -12.582269
vn -40.012665 37.089221 -12.582269
vn -40.012665 37.089221 -12.582269
vn 46.345404 -11.337139 -29.300346
vn 46.345404 -11.337139 -29.300346
vn 46.345404 -11.337139 -29.300346
vn 51.562232 -18.589210 -11.433054
vn 51.562232 -18.589210 -11.433054
vn 51.562232 -18.589210 -11.433054
vn 34.645816 43.554516 -6.132570
vn 34.645816 43.554516 -6.132570
vn 34.645816 43.554516 -6.132570
vn -19.504204 51.345452 10.870484
vn -19.504204 51.345452 10.870484
vn -19.504204 51.345452 10.870484
vn 13.951628 48.821610 -23.595338
vn 13.951628 48.821610 -23.595338
vn 13.951628 48.821610 -23.595338
vn 30.790268 -2.096519 46.717248
vn 30.790268 -2.096519 46.717248
vn 30.790268 -2.096519 46.717248
vn -1.680556 5.279958 -55.715664
vn -1.680556 5.279958 -55.715664
vn -1.680556 5.279958 -55.715664
vn 43.996244 33.836723 7.371832
vn 43.996244 33.836723 7.371832
vn 43.996244 33.836723 7.371832
vn 48.371524 -10.077032 26.336039
vn 48.371524 -10.077032 26.336039
vn 48.371524 -10.077032 26.336039
vn -49.050662 -11.796151 24.286232
vn -49.050662 -11.796151 24.286232
vn -49.050662 -11.796151 24.286232
vn -41.706339 -24.314365 28.360720
vn -41.706339 -24.314365 28.360720
vn -41.706339 -24.314365 28.360720
vn 48.063386 -20.749321 -19.857345
vn 48.063386 -20.749321 -19.857345
vn 48.063386 -20.749321 -19.857345
vn -54.114714 7.271029 -12.396248
vn -54.114714 7.271029 -12.396248
vn -54.114714 7.271029 -12.396248
vn -45.358648 16.345272 -28.466862
vn -45.358648 16.345272 -28.466862
vn -45.358648 16.345272 -28.466862
vn -32.074808 10.867607 44.587430
vn -32.074808 10.867607 44.587430
vn -32.074808 10.867607 44.587430
vn -19.471436 -6.508835 52.090647
vn -19.471436 -6.508835 52.090647
vn -19.471436 -6.508835 52.090647
vn 43.172232 -17.632661 -30.986855
vn 43.172232 -17.632661 -30.986855
vn 43.172232 -17.632661 -30.986855
vn -0.151039 13.312306 54.384716
vn -0.151039 13.312306 54.384716
vn -0.151039 13.312306 54.384716
vn -55.834896 -0.215185 4.165998
vn -55.834896 -0.215185 4.165998
vn -55.834896 -0.215185 4.165998
vn -29.975390 -40.120379 25.035339
vn -29.975390 -40.120379 25.035339
vn -29.975390 -40.120379 25.035339
vn 42.812092 32.937426 14.737293
vn 42.812092 32.937426 14.737293
vn 42.812092 32.937426 14.737293
vn -34.353931 -4.863611 -43.944172
vn -34.353931 -4.863611 -43.944172
vn -34.353931 -4.863611 -43.944172
vn -51.556055 15.362989 -15.520604
vn -51.556055 15.362989 -15.520604
vn -51.556055 15.362989 -15.520604
vn 14.709888 1.437218 -54.004550
vn 14.709888 1.437218 -54.004550
vn 14.709888 1.437218 -54.004550
vn 31.842104 -38.172353 25.766037
vn 31.842104 -38.172353 25.766037
vn 31.842104 -38.172353 25.766037
vn 47.347091 -21.279247 -20.985313
vn 47.347091 -21.279247 -20.985313
vn 47.347091 -21.279247 -20.985313
vn -2.517027 0.209164 55.933513
vn -2.517027 0.209164 55.933513
vn -2.517027 0.209164 55.933513
vn 9.820978 3.416055 -55.016511
vn 9.820978 3.416055 -55.016511
vn 9.820978 3.416055 -55.016511
vn 27.685566 29.052199 -39.043772
vn 27.685566 29.052199 -39.043772
vn 27.685566 29.052199 -39.043772
vn -17.926598 12.811867 51.472616
vn -17.926598 12.811867 51.472616
vn -17.926598 12.811867 51.472616
vn 48.046267 -27.794435 -7.345983
vn 48.046267 -27.794435 -7.345983
vn 48.046267 -27.794435 -7.345983
vn 12.237960 -52.739280 -14.273676
vn 12.237960 -52.739280 -14.273676
vn 12.237960 -52.739280 -14.273676
vn 26.570031 -35.647326 34.032904
vn 26.570031 -35.647326 34.032904
vn 26.570031 -35.647326 34.032904
vn 29.266827 -34.434580 33.055248
vn 29.266827 -34.434580 33.055248
vn 29.266827 -34.434580 33.055248
vn -34.006042 23.972254 37.468090
vn -34.006042 23.972254 37.468090
vn -34.006042 23.972254 37.468090
vn -8.031789 -54.473312 -10.153098
vn -8.031789 -54.473312 -10.153098
vn -8.031789 -54.473312 -10.153098
vn 43.988082 -6.991210 33.927994
vn 43.988082 -6.991210 33.927994
vn 43.988082 -6.991210 33.927994
vn 52.492095 -19.192069 3.343896
vn 52.492095 -19.192069 3.343896
vn 52.492095 -19.192069 3.343896
vn 41.313683 8.902975 -36.726747
vn 41.313683 8.902975 -36.726747
vn 41.313683 8.902975 -36.726747
vn 46.030808 17.512264 -26.634989
vn 46.030808 17.512264 -26.634989
vn 46.030808 17.512264 -26.634989
vn 43.209411 33.603549 -11.776480
vn 43.209411 33.603549 -11.776480
vn 43.209411 33.603549 -11.776480
vn -20.841493 -35.574156 -37.882038
vn -20.841493 -35.574156 -37.882038
vn -20.841493 -35.574156 -37.882038
vn 0.480908 2.086396 -55.949561
vn 0.480908 2.086396 -55.949561
vn 0.480908 2.086396 -55.949561
vn -21.226751 49.559136 15.108074
vn -21.226751 49.559136 15.108074
vn -21.226751 49.559136 15.108074
vn -49.909782 -19.029301 -16.787986
vn -49.909782 -19.029301 -16.787986
vn -49.909782 -19.029301 -16.787986
vn 26.838624 16.098228 -46.427066
vn 26.838624 16.098228 -46.427066
vn 26.838624 16.098228 -46.427066
vn 9.472907 22.502620 -50.386843
vn 9.472907 22.502620 -50.386843
vn 9.472907 22.502620 -50.386843
vn 9.197519 18.065560 52.191748
vn 9.197519 18.065560 52.191748
vn 9.197519 18.065560 52.191748
vn -35.047752 -42.118722 11.515438
vn -35.047752 -42.118722 11.515438
vn -35.047752 -42.118722 11.515438
vn 33.131685 30.231589 33.515366
vn 33.131685 30.231589 33.515366
vn 33.131685 30.231589 33.515366
vn 35.215635 20.973339 -38.143349
vn 35.215635 20.973339 -38.143349
vn 35.215635 20.973339 -38.143349
vn 1.996560 54.224642 -13.807198
vn 1.996560 54.224642 -13.807198
vn 1.996560 54.224642 -13.807198
vn -52.165680 -18.018992 -9.433744
vn -52.165680 -18.018992 -9.433744
vn -52.165680 -18.018992 -9.433744
vn 50.355709 3.817920 -24.179809
vn 50.355709 3.817920 -24.179809
vn 50.355709 3.817920 -24.179809
vn 5.980793 37.435395 -41.203862
vn 5.980793 37.435395 -41.203862
vn 5.980793 37.435395 -41.203862
vn 16.085984 46.554132 -26.625014
vn 16.085984 46.554132 -26.625014
vn 16.085984 46.554132 -26.625014
vn -23.853478 24.431349 -44.374066
vn -23.853478 24.431349 -44.374066
vn -23.853478 24.431349 -44.374066
vn 36.766102 20.203244 37.081260
vn 36.766102 20.203244 37.081260
vn 36.766102 20.203244 37.081260
vn 49.163885 18.934898 -18.955731
vn 49.163885 18.934898 -18.955731
vn 49.163885 18.934898 -18.955731
vn 0.935930 13.876107 54.235733
vn 0.935930 13.876107 54.235733
vn 0.935930 13.876107 54.235733
vn -48.923652 17.830806 -20.578536
vn -48.923652 17.830806 -20.578536
vn -48.923652 17.830806 -20.578536
vn 40.965242 11.080830 -36.523985
vn 40.965242 11.080830 -36.523985
vn 40.965242 11.080830 -36.523985
vn 45.959059 -31.832499 3.064938
vn 45.959059 -31.832499 3.064938
vn 45.959059 -31.832499 3.064938
vn 29.829069 -45.142386 14.398910
vn 29.829069 -45.142386 14.398910
vn 29.829069 -45.142386 14.398910
vn 22.708205 -51.069024 -3.350968
vn 22.708205 -51.069024 -3.350968
vn 22.708205 -51.069024 -3.350968
vn 55.768288 2.403774 -4.365448
vn 55.768288 2.403774 -4.365448
vn 55.768288 2.403774 -4.365448
vn 14.599294 0.143870 -54.053471
vn 14.599294 0.143870 -54.053471
vn 14.599294 0.143870 -54.053471
vn 38.906595 -7.621974 -39.536309
vn 38.906595 -7.621974 -39.536309
vn 38.906595 -7.621974 -39.536309
vn 35.158061 1.058966 43.562911
vn 35.158061 1.058966 43.562911
vn 35.158061 1.058966 43.562911
vn 7.585142 13.740609 53.745683
vn 7.585142 13.740609 53.745683
vn 7.585142 13.740609 53.745683
vn 27.910429 -45.769797 16.157674
vn 27.910429 -45.769797 16.157674
vn 27.910429 -45.769797 16.157674
vn 19.454177 -33.585973 40.354116
vn 19.454177 -33.585973 40.354116
vn 19.454177 -33.585973 40.354116
vn 19.778803 50.689485 13.202728
vn 19.778803 50.689485 13.202728
vn 19.778803 50.689485 13.202728
vn -50.645595 -13.821174 19.466279
vn -50.645595 -13.821174 19.466279
vn -50.645595 -13.821174 19.466279
vn 23.796296 -2.059361 50.640229
vn 23.796296 -2.059361 50.640229
vn 23.796296 -2.059361 50.640229
vn -21.848211 37.516404 35.356926
vn -21.848211 37.516404 35.356926
vn -21.848211 37.516404 35.356926
vn -17.211114 -34.651511 -40.472055
vn -17.211114 -34.651511 -40.472055
vn -17.211114 -34.651511 -40.472055
vn 45.917353 -4.672454 31.697036
vn 45.917353 -4.672454 31.697036
vn 45.917353 -4.672454 31.697036
vn -29.000567 -43.282282 20.507261
vn -29.000567 -43.282282 20.507261
vn -29.000567 -43.282282 20.507261
vn -53.443013 -1.170166 16.655695
vn -53.443013 -1.170166 16.655695
vn -53.443013 -1.170166 16.655695
vn 46.962725 -26.686178 14.740669
vn 46.962725 -26.686178 14.740669
vn 46.962725 -26.686178 14.740669
vn 52.022412 13.361370 15.813908
vn 52.022412 13.361370 15.813908
vn 52.022412 13.361370 15.813908
vn 38.660614 3.987751 -40.303755
vn 38.660614 3.987751 -40.303755
vn 38.660614 3.987751 -40.303755
vn -55.753806 -0.290171 5.134769
vn -55.753806 -0.290171 5.134769
vn -55.753806 -0.290171 5.134769
vn 46.742350 -13.697445 -27.612859
vn 46.742350 -13.697445 -27.612859
vn 46.742350 -13.697445 -27.612859
vn -0.175234 -23.026031 51.036341
vn -0.175234 -23.026031 51.036341
vn -0.175234 -23.026031 51.036341
vn 18.577446 24.879488 -46.592131
vn 18.577446 24.879488 -46.592131
vn 18.577446 24.879488 -46.592131
vn -31.325522 -3.336716 -46.287310
vn -31.325522 -3.336716 -46.287310
vn -31.325522 -3.336716 -46.287310
vn -50.668764 20.115290 12.766697
vn -50.668764 20.115290 12.766697
vn -50.668764 20.115290 12.766697
vn -2.020393 -5.731233 -55.659756
vn -2.020393 -5.731233 -55.659756
vn -2.020393 -5.731233 -55.659756
vn -31.879431 35.948944 -28.745651
vn -31.879431 35.948944 -28.745651
vn -31.879431 35.948944 -28.745651
vn 43.566889 23.297816 -26.345313
vn 43.566889 23.297816 -26.345313
vn 43.566889 23.297816 -26.345313
vn -49.358922 12.019770 -23.540586
vn -49.358922 12.019770 -23.540586
vn -49.358922 12.019770 -23.540586
vn -1.940810 18.100139 52.948610
vn -1.940810 18.100139 52.948610
vn -1.940810 18.100139 52.948610
vn 42.941252 29.544435 -20.447796
vn 42.941252 29.544435 -20.447796
vn 42.941252 29.544435 -20.447796
vn 40.891850 -37.736600 -6.224338
vn 40.891850 -37.736600 -6.224338
vn 40.891850 -37.736600 -6.224338
vn -55.331563 2.663019 8.140252
vn -55.331563 2.663019 8.140252
vn -55.331563 2.663019 8.140252
vn -17.151438 -50.834250 -16.020112
vn -17.151438 -50.834250 -16.020112
vn -17.151438 -50.834250 -16.020112
vn 32.225181 26.139686 -37.592443
vn 32.225181 26.139686 -37.592443
vn 32.225181 26.139686 -37.592443
vn -27.958630 -10.420600 47.377876
vn -27.958630 -10.420600 47.377876
vn -27.958630 -10.420600 47.377876
vn 9.801535 -54.903438 -4.947671
vn 9.801535 -54.903438 -4.947671
vn 9.801535 -54.903438 -4.947671
vn -9.779743 -26.478742 -48.354627
vn -9.779743 -26.478742 -48.354627
vn -9.779743 -26.478742 -48.354627
vn -41.599280 -37.054722 5.602165
vn -41.599280 -37.054722 5.602165
vn -41.599280 -37.054722 5.602165
vn 18.155889 30.793843 -43.093390
vn 18.155889 30.793843 -43.093390
vn 18.155889 30.793843 -43.093390
vn 35.043737 43.655379 -1.039988
vn 35.043737 43.655379 -1.039988
vn 35.043737 43.655379 -1.039988
vn -24.156347 -7.935905 -49.884166
vn -24.156347 -7.935905 -49.884166
vn -24.156347 -7.935905 -49.884166
vn 20.233904 48.786867 18.584074
vn 20.233904 48.786867 18.584074
vn 20.233904 48.786867 18.584074
vn 50.575276 13.522216 -19.855188
vn 50.575276 13.522216 -19.855188
vn 50.575276 13.522216 -19.855188
vn 18.001126 40.231824 -34.529649
vn 18.001126 40.231824 -34.529649
vn 18.001126 40.231824 -34.529649
vn 11.615522 48.863399 -24.746407
vn 11.615522 48.863399 -24.746407
vn 11.615522 48.863399 -24.746407
vn -55.004287 5.797712 8.709349
vn -55.004287 5.797712 8.709349
vn -55.004287 5.797712 8.709349
vn -11.895334 41.730916 -35.383171
vn -11.895334 41.730916 -35.383171
vn -11.895334 41.730916 -35.383171
vn 34.656804 41.138021 -15.540470
vn 34.656804 41.138021 -15.540470
vn 34.656804 41.138021 -15.540470
vn -13.339756 53.113897 -11.657694
vn -13.339756 53.113897 -11.657694
vn -13.339756 53.113897 -11.657694
vn -23.853808 44.722607 -23.786998
vn -23.853808 44.722607 -23.786998
vn -23.853808 44.722607 -23.786998
vn -4.622821 -4.292221 -55.634017
vn -4.622821 -4.292221 -55.634017
vn -4.622821 -4.292221 -55.634017
vn -55.493570 -5.320712 5.204870
vn -55.493570 -5.320712 5.204870
vn -55.493570 -5.320712 5.204870
vn 40.438791 -10.338999 37.319520
vn 40.438791 -10.338999 37.319520
vn 40.438791 -10.338999 37.319520
vn -22.910683 -36.768511 35.469911
vn -22.910683 -36.768511 35.469911
vn -22.910683 -36.768511 35.469911
vn 1.461911 20.792355 -51.966121
vn 1.461911 20.792355 -51.966121
vn 1.461911 20.792355 -51.966121
vn -4.193046 44.512101 -33.705017
vn -4.193046 44.512101 -33.705017
vn -4.193046 44.512101 -33.705017
vn -54.831826 9.752941 -5.769592
vn -54.831826 9.752941 -5.769592
vn -54.831826 9.752941 -5.769592
vn -11.594450 -41.427634 35.836533
vn -11.594450 -41.427634 35.836533
vn -11.594450 -41.427634 35.836533
vn 6.639107 -3.869679 -55.460662
vn 6.639107 -3.869679 -55.460662
vn 6.639107 -3.869679 -55.460662
vn -30.472559 1.063850 46.959861
vn -30.472559 1.063850 46.959861
vn -30.472559 1.063850 46.959861
vn 52.747114 -3.654547 18.420730
vn 52.747114 -3.654547 18.420730
vn 52.747114 -3.654547 18.420730
vn -51.277971 1.687094 -22.420095
vn -51.277971 1.687094 -22.420095
vn -51.277971 1.687094 -22.420095
vn 17.257836 30.665864 43.551228
vn 17.257836 30.665864 43.551228
vn 17.257836 30.665864 43.551228
vn -52.981419 -13.710549 11.829093
vn -52.981419 -13.710549 11.829093
vn -52.981419 -13.710549 11.829093
vn -35.468346 31.585397 29.652926
vn -35.468346 31.585397 29.652926
vn -35.468346 31.585397 29.652926
vn -24.106546 24.399845 -44.254480
vn -24.106546 24.399845 -44.254480
vn -24.106546 24.399845 -44.254480
vn 48.005527 24.122439 15.764341
vn 48.005527 24.122439 15.764341
vn 48.005527 24.122439 15.764341
vn -43.824504 34.245743 -6.448152
vn -43.824504 34.245743 -6.448152
vn -43.824504 34.245743 -6.448152
vn -26.350905 -4.992772 -49.149153
vn -26.350905 -4.992772 -49.149153
vn -26.350905 -4.992772 -49.149153
vn 32.665606 45.389020 2.780655
vn 32.665606 45.389020 2.780655
vn 32.665606 45.389020 2.780655
vn 50.982210 -3.126771 22.934135
vn 50.982210 -3.126771 22.934135
vn 50.982210 -3.126771 22.934135
vn 53.869862 -14.617439 -4.393791
vn 53.869862 -14.617439 -4.393791
vn 53.869862 -14.617439 -4.393791
vn 23.161623 35.590119 -36.494110
vn 23.161623 35.590119 -36.494110
vn 23.161623 35.590119 -36.494110
vn 14.929616 11.150510 -52.798768
vn 14.929616 11.150510 -52.798768
vn 14.929616 11.150510 -52.798768
vn -14.077181 -14.940384 -52.091795
vn -14.077181 -14.940384 -52.091795
vn -14.077181 -14.940384 -52.091795
vn 24.304281 -5.885435 -50.095918
vn 24.304281 -5.885435 -50.095918
vn 24.304281 -5.885435 -50.095918
vn -16.607947 -16.103828 -50.988036
vn -16.607947 -16.103828 -50.988036
vn -16.607947 -16.103828 -50.988036
vn -35.201782 25.836582 -35.046288
vn -35.201782 25.836582 -35.046288
vn -35.201782 25.836582 -35.046288
vn -7.304604 47.131823 -29.328676
vn -7.304604 47.131823 -29.328676
vn -7.304604 47.131823 -29.328676
vn -3.413765 54.908944 -10.406294
vn -3.413765 54.908944 -10.406294
vn -3.413765 54.908944 -10.406294
vn -18.964381 46.910861 -23.972072
vn -18.964381 46.910861 -23.972072
vn -18.964381 46.910861 -23.972072
vn -10.890380 -54.921063 0.115160
vn -10.890380 -54.921063 0.115160
vn -10.890380 -54.921063 0.115160
vn -32.615132 -14.809818 -43.033240
vn -32.615132 -14.809818 -43.033240
vn -32.615132 -14.809818 -43.033240
vn -33.085433 -7.667965 44.513966
vn -33.085433 -7.667965 44.513966
vn -33.085433 -7.667965 44.513966
vn 53.052511 11.359775 13.832000
vn 53.052511 11.359775 13.832000
vn 53.052511 11.359775 13.832000
vn -48.805239 -20.248799 -18.519499
vn -48.805239 -20.248799 -18.519499
vn -48.805239 -20.248799 -18.519499
vn 9.821811 37.162538 40.711364
vn 9.821811 37.162538 40.711364
vn 9.821811 37.162538 40.711364
vn 31.194015 -3.628952 46.354086
vn 31.194015 -3.628952 46.354086
vn 31.194015 -3.628952 46.354086
vn 24.474534 19.225283 -46.543776
vn 24.474534 19.225283 -46.543776
vn 24.474534 19.225283 -46.543776
vn -47.974585 18.725039 21.971561
vn -47.974585 18.725039 21.971561
vn -47.974585 18.725039 21.971561
vn 42.204784 -1.919383 36.742470
vn 42.204784 -1.919383 36.742470
vn 42.204784 -1.919383 36.742470
vn -36.047865 36.474044 -22.475152
vn -36.047865 36.474044 -22.475152
vn -36.047865 36.474044 -22.475152
vn 54.722592 -11.319714 3.498516
vn 54.722592 -11.319714 3.498516
vn 54.722592 -11.319714 3.498516
vn -14.660762 -22.004600 -49.353790
vn -14.660762 -22.004600 -49.353790
vn -14.660762 -22.004600 -49.353790
vn 54.319888 2.365633 -13.367525
vn 54.319888 2.365633 -13.367525
vn 54.319888 2.365633 -13.367525
vn -50.390425 -14.409669 19.700348
vn -50.390425 -14.409669 19.700348
vn -50.390425 -14.409669 19.700348
vn 51.735492 -3.547797 -21.113713
vn 51.735492 -3.547797 -21.113713
vn 51.735492 -3.547797 -21.113713
vn 50.052421 25.083606 -0.710389
vn 50.052421 25.083606 -0.710389
vn 50.052421 25.083606 -0.710389
vn 16.682582 -12.816770 -51.887945
vn 16.682582 -12.816770 -51.887945
vn 16.682582 -12.816770 -51.887945
vn -11.999384 44.066728 32.389428
vn -11.999384 44.066728 32.389428
vn -11.999384 44.066728 32.389428
vn -31.776031 -27.044455 -37.333878
vn -31.776031 -27.044455 -37.333878
vn -31.776031 -27.044455 -37.333878
vn -53.373925 -6.971444 15.412985
vn -53.373925 -6.971444 15.412985
vn -53.373925 -6.971444 15.412985
vn -29.755711 -14.001567 -45.315460
vn -29.755711 -14.001567 -45.315460
vn -29.755711 -14.001567 -45.315460
vn 2.558117 27.457907 48.728400
vn 2.558117 27.457907 48.728400
vn 2.558117 27.457907 48.728400
vn -46.768334 -29.932383 -7.191136
vn -46.768334 -29.932383 -7.191136
vn -46.768334 -29.932383 -7.191136
vn -9.911064 25.726550 -48.732463
vn -9.911064 25.726550 -48.732463
vn -9.911064 25.726550 -48.732463
vn 27.686371 -34.815409 34.004250
vn 27.686371 -34.815409 34.004250
vn 27.686371 -34.815409 34.004250
vn 29.792058 32.643512 -34.376907
vn 29.792058 32.643512 -34.376907
vn 29.792058 32.643512 -34.376907
vn -39.180071 25.818370 30.549493
vn -39.180071 25.818370 30.549493
vn -39.180071 25.818370 30.549493
vn 4.478542 -55.773144 -2.058165
vn 4.478542 -55.773144 -2.058165
vn 4.478542 -55.773144 -2.058165
vn 51.236601 15.484309 16.431196
vn 51.236601 15.484309 16.431196
vn 51.236601 15.484309 16.431196
vn 44.859178 1.397115 33.475957
vn 44.859178 1.397115 33.475957
vn 44.859178 1.397115 33.475957
vn 31.724249 -4.135005 -45.950090
vn 31.724249 -4.135005 -45.950090
vn 31.724249 -4.135005 -45.950090
vn -45.009988 0.510247 33.298321
vn -45.009988 0.510247 33.298321
vn -45.009988 0.510247 33.298321
vn -45.596191 -32.293368 -3.614299
vn -45.596191 -32.293368 -3.614299
vn -45.596191 -32.293368 -3.614299
vn 23.492123 -2.509325 50.761805
vn 23.492123 -2.509325 50.761805
vn 23.492123 -2.509325 50.761805
vn 25.936086 -49.283525 -5.778486
vn 25.936086 -49.283525 -5.778486
vn 25.936086 -49.283525 -5.778486
vn 23.533019 49.598663 11.004830
vn 23.533019 49.598663 11.004830
vn 23.533019 49.598663 11.004830
vn -21.920387 -1.025745 -51.510984
vn -21.920387 -1.025745 -51.510984
vn -21.920387 -1.025745 -51.510984
vn 42.582628 13.260443 -33.849928
vn 42.582628 13.260443 -33.849928
vn 42.582628 13.260443 -33.849928
vn -5.643431 51.516668 -21.192489
vn -5.643431 51.516668 -21.192489
vn -5.643431 51.516668 -21.192489
vn -36.862664 3.853633 41.967027
vn -36.862664 3.853633 41.967027
vn -36.862664 3.853633 41.967027
vn -19.563857 -2.232248 -52.413830
vn -19.563857 -2.232248 -52.413830
vn -19.563857 -2.232248 -52.413830
vn 24.360753 6.566090 49.983774
vn 24.360753 6.566090 49.983774
vn 24.360753 6.566090 49.983774
vn 15.844411 51.543315 15.072444
vn 15.844411 51.543315 15.072444
vn 15.844411 51.543315 15.072444
vn -16.690767 53.415289 1.778293
vn -16.690767 53.415289 1.778293
vn -16.690767 53.415289 1.778293
vn -40.281023 -17.080416 -34.937603
vn -40.281023 -17.080416 -34.937603
vn -40.281023 -17.080416 -34.937603
vn -1.103209 55.006450 -10.392812
vn -1.103209 55.006450 -10.392812
vn -1.103209 55.006450 -10.392812
vn 54.713295 10.276061 -5.982892
vn 54.713295 10.276061 -5.982892
vn 54.713295 10.276061 -5.982892
vn 47.023846 9.154840 -28.980760
vn 47.023846 9.154840 -28.980760
vn 47.023846 9.154840 -28.980760
vn 24.002895 22.859090 -45.124938
vn 24.002895 22.859090 -45.124938
vn 24.002895 22.859090 -45.124938
vn -20.200866 -50.475593 13.381932
vn -20.200866 -50.475593 13.381932
vn -20.200866 -50.475593 13.381932
vn -20.899533 51.714239 -4.876890
vn -20.899533 51.714239 -4.876890
vn -20.899533 51.714239 -4.876890
vn 37.530456 -9.024554 -40.558102
vn 37.530456 -9.024554 -40.558102
vn 37.530456 -9.024554 -40.558102
vn -17.660687 5.832383 52.811181
vn -17.660687 5.832383 52.811181
vn -17.660687 5.832383 52.811181
vn 25.559063 -12.675857 -48.176699
vn 25.559063 -12.675857 -48.176699
vn 25.559063 -12.675857 -48.176699
vn 23.925491 -25.746195 43.584877
vn 23.925491 -25.746195 43.584877
vn 23.925491 -25.746195 43.584877
vn -5.146345 -40.272252 38.556427
vn -5.146345 -40.272252 38.556427
vn -5.146345 -40.272252 38.556427
vn 29.934194 18.628149 43.495669
vn 29.934194 18.628149 43.495669
vn 29.934194 18.628149 43.495669
vn 40.150642 -23.750051 -30.964473
vn 40.150642 -23.750051 -30.964473
vn 40.150642 -23.750051 -30.964473
vn 6.685434 -26.135467 -49.063016
vn 6.685434 -26.135467 -49.063016
vn 6.685434 -26.135467 -49.063016
vn -45.797762 25.661114 -19.468158
vn -45.797762 25.661114 -19.468158
vn -45.797762 25.661114 -19.468158
vn -34.558962 2.771349 -43.965156
vn -34.558962 2.771349 -43.965156
vn -34.558962 2.771349 -43.965156
vn -34.522157 39.981372 18.564695
vn -34.522157 39.981372 18.564695
vn -34.522157 39.981372 18.564695
vn 30.535522 -31.445255 -34.838414
vn 30.535522 -31.445255 -34.838414
vn 30.535522 -31.445255 -34.838414
vn 12.670162 44.523107 31.497575
vn 12.670162 44.523107 31.497575
vn 12.670162 44.523107 31.497575
vn 45.701336 3.837912 -32.118462
vn 45.701336 3.837912 -32.118462
vn 45.701336 3.837912 -32.118462
vn 23.431762 39.933563 31.483332
vn 23.431762 39.933563 31.483332
vn 23.431762 39.933563 31.483332
vn -52.236141 -3.673163 19.819962
vn -52.236141 -3.673163 19.819962
vn -52.236141 -3.673163 19.819962
vn 23.154290 4.033299 -50.818784
vn 23.154290 4.033299 -50.818784
vn 23.154290 4.033299 -50.818784
vn -55.240349 -2.414916 -8.809613
vn -55.240349 -2.414916 -8.809613
vn -55.240349 -2.414916 -8.809613
vn 21.831760 -51.302528 -5.134390
vn 21.831760 -51.302528 -5.134390
vn 21.831760 -51.302528 -5.134390
vn -33.116717 30.105916 -33.643031
vn -33.116717 30.105916 -33.643031
vn -33.116717 30.105916 -33.643031
vn 29.609050 28.302957 -38.173081
vn 29.609050 28.302957 -38.173081
vn 29.609050 28.302957 -38.173081
vn -9.317421 48.594398 26.205097
vn -9.317421 48.594398 26.205097
vn -9.317421 48.594398 26.205097
vn 51.428357 6.634045 21.119920
vn 51.428357 6.634045 21.119920
vn 51.428357 6.634045 21.119920
vn 36.581828 -41.160794 -10.124023
vn 36.581828 -41.160794 -10.124023
vn 36.581828 -41.160794 -10.124023
vn 48.373930 28.128762 -1.916497
vn 48.373930 28.128762 -1.916497
vn 48.373930 28.128762 -1.916497
vn 4.684952 -5.699306 -55.502312
vn 4.684952 -5.699306 -55.502312
vn 4.684952 -5.699306 -55.502312
vn -47.145632 14.006490 26.759012
vn -47.145632 14.006490 26.759012
vn -47.145632 14.006490 26.759012
vn -34.678968 33.911696 -27.969685
vn -34.678968 33.911696 -27.969685
vn -34.678968 33.911696 -27.969685
vn -32.481276 15.373070 -42.936845
vn -32.481276 15.373070 -42.936845
vn -32.481276 15.373070 -42.936845
vn -38.863920 -17.043662 -36.524600
vn -38.863920 -17.043662 -36.524600
vn -38.863920 -17.043662 -36.524600
vn 35.078769 23.953720 -36.477891
vn 35.078769 23.953720 -36.477891
vn 35.078769 23.953720 -36.477891
vn -50.694693 -12.324554 20.324646
vn -50.694693 -12.324554 20.324646
vn -50.694693 -12.324554 20.324646
vn -12.238215 31.930708 44.335013
vn -12.238215 31.930708 44.335013
vn -12.238215 31.930708 44.335013
vn -54.911009 -10.725034 2.166238
vn -54.911009 -10.725034 2.166238
vn -54.911009 -10.725034 2.166238
vn 30.622324 -6.901811 -46.363513
vn 30.622324 -6.901811 -46.363513
vn 30.622324 -6.901811 -46.363513
vn 7.935625 -8.754277 54.729572
vn 7.935625 -8.754277 54.729572
vn 7.935625 -8.754277 54.729572
vn -2.670764 -24.837877 50.108727
vn -2.670764 -24.837877 50.108727
vn -2.670764 -24.837877 50.108727
vn 33.774139 -27.929258 -34.845390
vn 33.774139 -27.929258 -34.845390
vn 33.774139 -27.929258 -34.845390
vn 30.131097 8.962101 46.332870
vn 30.131097 8.962101 46.332870
vn 30.131097 8.962101 46.332870
vn 6.176194 5.196215 -55.405702
vn 6.176194 5.196215 -55.405702
vn 6.176194 5.196215 -55.405702
vn -4.385595 54.074117 -13.845344
vn -4.385595 54.074117 -13.845344
vn -4.385595 54.074117 -13.845344
vn -6.110127 9.803095 54.785975
vn -6.110127 9.803095 54.785975
vn -6.110127 9.803095 54.785975
vn 11.357275 18.761385 -51.516599
vn 11.357275 18.761385 -51.516599
vn 11.357275 18.761385 -51.516599
vn 28.628238 -16.174174 45.318401
vn 28.628238 -16.174174 45.318401
vn 28.628238 -16.174174 45.318401
vn -43.491844 17.322199 30.713808
vn -43.491844 17.322199 30.713808
vn -43.491844 17.322199 30.713808
vn 51.106578 -22.505448 -4.069353
vn 51.106578 -22.505448 -4.069353
vn 51.106578 -22.505448 -4.069353
vn 50.655310 -18.264606 15.342138
vn 50.655310 -18.264606 15.342138
vn 50.655310 -18.264606 15.342138
vn 3.815976 10.678072 -54.830231
vn 3.815976 10.678072 -54.830231
vn 3.815976 10.678072 -54.830231
vn 51.362023 21.949777 -3.884219
vn 51.362023 21.949777 -3.884219
vn 51.362023 21.949777 -3.884219
vn -48.512476 -20.518874 -18.985582
vn -48.512476 -20.518874 -18.985582
vn -48.512476 -20.518874 -18.985582
vn -10.853357 54.311332 -8.211002
vn -10.853357 54.311332 -8.211002
vn -10.853357 54.311332 -8.211002
vn 20.722429 -21.136392 -47.526529
vn 20.722429 -21.136392 -47.526529
vn 20.722429 -21.136392 -47.526529
vn 40.513105 0.058075 -38.647412
vn 40.513105 0.058075 -38.647412
vn 40.513105 0.058075 -38.647412
vn 38.995773 1.813062 40.137018
vn 38.995773 1.813062 40.137018
vn 38.995773 1.813062 40.137018
vn -36.742561 21.195715 36.546721
vn -36.742561 21.195715 36.546721
vn -36.742561 21.195715 36.546721
vn -3.422664 6.117947 -55.549920
vn -3.422664 6.117947 -55.549920
vn -3.422664 6.117947 -55.549920
vn 38.987462 -37.334794 -14.867021
vn 38.987462 -37.334794 -14.867021
vn 38.987462 -37.334794 -14.867021
vn -16.098009 -12.715825 52.097019
vn -16.098009 -12.715825 52.097019
vn -16.098009 -12.715825 52.097019
vn -30.690631 -42.799920 19.004974
vn -30.690631 -42.799920 19.004974
vn -30.690631 -42.799920 19.004974
vn 24.636592 -32.258908 38.566026
vn 24.636592 -32.258908 38.566026
vn 24.636592 -32.258908 38.566026
vn -5.898225 46.853720 -30.081180
vn -5.898225 46.853720 -30.081180
vn -5.898225 46.853720 -30.081180
vn -53.637995 -15.740694 3.183366
vn -53.637995 -15.740694 3.183366
vn -53.637995 -15.740694 3.183366
vn -50.531385 -23.841993 -3.616076
vn -50.531385 -23.841993 -3.616076
vn -50.531385 -23.841993 -3.616076
vn -20.966350 31.968837 40.906515
vn -20.966350 31.968837 40.906515
vn -20.966350 31.968837 40.906515
vn 14.802924 21.014710 49.741258
vn 14.802924 21.014710 49.741258
vn 14.802924 21.014710 49.741258
vn -36.332896 -10.768634 -41.217644
vn -36.332896 -10.768634 -41.217644
vn -36.332896 -10.768634 -41.217644
vn 24.406082 24.768083 -43.884193
vn 24.406082 24.768083 -43.884193
vn 24.406082 24.768083 -43.884193
vn 34.409999 27.968970 34.185173
vn 34.409999 27.968970 34.185173
vn 34.409999 27.968970 34.185173
vn 53.811814 -0.467328 -15.459877
vn 53.811814 -0.467328 -15.459877
vn 53.811814 -0.467328 -15.459877
vn 19.323340 -1.931972 -52.514886
vn 19.323340 -1.931972 -52.514886
vn 19.323340 -1.931972 -52.514886
vn 13.664347 -19.144189 50.810655
vn 13.664347 -19.144189 50.810655
vn 13.664347 -19.144189 50.810655
vn -45.978782 31.905446 1.712094
vn -45.978782 31.905446 1.712094
vn -45.978782 31.905446 1.712094
vn 50.151449 0.201475 24.894355
vn 50.151449 0.201475 24.894355
vn 50.151449 0.201475 24.894355
vn -13.261602 47.567130 -26.390050
vn -13.261602 47.567130 -26.390050
vn -13.261602 47.567130 -26.390050
vn 36.418434 -1.760125 42.491614
vn 36.418434 -1.760125 42.491614
vn 36.418434 -1.760125 42.491614
vn -2.525995 -55.874911 2.559425
vn -2.525995 -55.874911 2.559425
vn -2.525995 -55.874911 2.559425
vn -11.545807 54.786079 -0.341792
vn -11.545807 54.786079 -0.341792
vn -11.545807 54.786079 -0.341792
vn -8.329614 -17.303787 52.594047
vn -8.329614 -17.303787 52.594047
vn -8.329614 -17.303787 52.594047
vn -39.574446 38.539456 -9.138412
vn -39.574446 38.539456 -9.138412
vn -39.574446 38.539456 -9.138412
vn -16.366130 24.200854 47.764066
vn -16.366130 24.200854 47.764066
vn -16.366130 24.200854 47.764066
vn 38.601690 24.126385 32.600064
vn 38.601690 24.126385 32.600064
vn 38.601690 24.126385 32.600064
vn -23.404405 -7.032867 -50.375690
vn -23.404405 -7.032867 -50.375690
vn -23.404405 -7.032867 -50.375690
vn 8.172243 -6.130738 55.050579
vn 8.172243 -6.130738 55.050579
vn 8.172243 -6.130738 55.050579
vn 44.699365 -22.318815 25.273988
vn 44.699365 -22.318815 25.273988
vn 44.699365 -22.318815 25.273988
vn 40.270112 35.793565 -15.234041
vn 40.270112 35.793565 -15.234041
vn 40.270112 35.793565 -15.234041
vn 3.764903 32.205014 45.646464
vn 3.764903 32.205014 45.646464
vn 3.764903 32.205014 45.646464
vn 45.728451 -6.360560 -31.676325
vn 45.728451 -6.360560 -31.676325
vn 45.728451 -6.360560 -31.676325
vn -38.139767 36.495176 -18.665410
vn -38.139767 36.495176 -18.665410
vn -38.139767 36.495176 -18.665410
vn 46.915719 -28.886680 -9.970557
vn 46.915719 -28.886680 -9.970557
vn 46.915719 -28.886680 -9.970557
vn 26.713212 3.512289 -49.081621
vn 26.713212 3.512289 -49.081621
vn 26.713212 3.512289 -49.081621
vn -30.598309 -43.208318 18.213237
vn -30.598309 -43.208318 18.213237
vn -30.598309 -43.208318 18.213237
vn -41.465049 33.639770 -16.850891
vn -41.465049 33.639770 -16.850891
vn -41.465049 33.639770 -16.850891
vn -38.241331 -30.866140 26.829447
vn -38.241331 -30.866140 26.829447
vn -38.241331 -30.866140 26.829447
vn 35.670156 -31.864752 -29.106954
vn 35.670156 -31.864752 -29.106954
vn 35.670156 -31.864752 -29.106954
vn -21.679358 -9.920452 50.660906
vn -21.679358 -9.920452 50.660906
vn -21.679358 -9.920452 50.660906
vn -33.810908 36.457757 25.740847
vn -33.810908 36.457757 25.740847
vn -33.810908 36.457757 25.740847
vn -29.431619 34.496866 32.843315
vn -29.431619 34.496866 32.843315
vn -29.431619 34.496866 32.843315
vn -45.276391 32.936143 0.442429
vn -45.276391 32.936143 0.442429
vn -45.276391 32.936143 0.442429
vn -7.194292 -54.609062 10.051349
vn -7.194292 -54.609062 10.051349
vn -7.194292 -54.609062 10.051349
vn -33.424236 -44.351402 7.121150
vn -33.424236 -44.351402 7.121150
vn -33.424236 -44.351402 7.121150
vn 5.523501 -35.163161 -43.220132
vn 5.523501 -35.163161 -43.220132
vn 5.523501 -35.163161 -43.220132
vn -4.092213 48.313925 27.999204
vn -4.092213 48.313925 27.999204
vn -4.092213 48.313925 27.999204
vn 36.506003 -3.979521 -42.265969
vn 36.506003 -3.979521 -42.265969
vn 36.506003 -3.979521 -42.265969
vn -54.635541 -2.550327 11.974587
vn -54.635541 -2.550327 11.974587
vn -54.635541 -2.550327 11.974587
vn 29.676794 -14.544971 -45.195896
vn 29.676794 -14.544971 -45.195896
vn 29.676794 -14.544971 -45.195896
vn -49.774982 -2.104034 -25.553118
vn -49.774982 -2.104034 -25.553118
vn -49.774982 -2.104034 -25.553118
vn 20.817496 19.049564 48.359931
vn 20.817496 19.049564 48.359931
vn 20.817496 19.049564 48.359931
vn 45.801884 -22.403564 23.134495
vn 45.801884 -22.403564 23.134495
vn 45.801884 -22.403564 23.134495
vn 50.604437 20.013889 -13.174700
vn 50.604437 20.013889 -13.174700
vn 50.604437 20.013889 -13.174700
vn 13.774509 -45.551898 29.499566
vn 13.774509 -45.551898 29.499566
vn 13.774509 -45.551898 29.499566
vn -30.481382 -39.696398 -25.100167
vn -30.481382 -39.696398 -25.100167
vn -30.481382 -39.696398 -25.100167
vn 24.591266 11.120366 49.056542
vn 24.591266 11.120366 49.056542
vn 24.591266 11.120366 49.056542
vn -11.306013 41.600388 35.728408
vn -11.306013 41.600388 35.728408
vn -11.306013 41.600388 35.728408
vn 55.867542 3.608952 -0.854733
vn 55.867542 3.608952 -0.854733
vn 55.867542 3.608952 -0.854733
vn -33.916487 -13.293408 42.519347
vn -33.916487 -13.293408 42.519347
vn -33.916487 -13.293408 42.519347
vn -1.602502 1.365563 55.950910
vn -1.602502 1.365563 55.950910
vn -1.602502 1.365563 55.950910
vn 30.930677 -23.572311 -40.281214
vn 30.930677 -23.572311 -40.281214
vn 30.930677 -23.572311 -40.281214
vn 8.811499 29.255423 -46.919234
vn 8.811499 29.255423 -46.919234
vn 8.811499 29.255423 -46.919234
vn -48.031757 -25.424910 -13.470759
vn -48.031757 -25.424910 -13.470759
vn -48.031757 -25.424910 -13.470759
vn 7.349493 -13.330848 -53.881445
vn 7.349493 -13.330848 -53.881445
vn 7.349493 -13.330848 -53.881445
vn 5.811956 28.034334 -48.116883
vn 5.811956 28.034334 -48.116883
vn 5.811956 28.034334 -48.116883
vn 13.394032 54.014167 6.164957
vn 13.394032 54.014167 6.164957
vn 13.394032 54.014167 6.164957
vn -3.844922 5.643425 55.572528
vn -3.844922 5.643425 55.572528
vn -3.844922 5.643425 55.572528
vn 41.544384 -26.718908 -26.364783
vn 41.544384 -26.718908 -26.364783
vn 41.544384 -26.718908 -26.364783
vn 16.726726 14.679059 51.377806
vn 16.726726 14.679059 51.377806
vn 16.726726 14.679059 51.377806
vn 5.857546 -7.392504 -55.190377
vn 5.857546 -7.392504 -55.190377
vn 5.857546 -7.392504 -55.190377
vn 47.580071 -13.454885 -26.268623
vn 47.580071 -13.454885 -26.268623
vn 47.580071 -13.454885 -26.268623
vn -51.741087 -4.387481 20.941531
vn -51.741087 -4.387481 20.941531
vn -51.741087 -4.387481 20.941531
vn -45.950548 18.153724 26.342485
vn -45.950548 18.153724 26.342485
vn -45.950548 18.153724 26.342485
vn -28.148150 37.152903 -31.020643
vn -28.148150 37.152903 -31.020643
vn -28.148150 37.152903 -31.020643
vn 55.339520 6.421662 -5.589048
vn 55.339520 6.421662 -5.589048
vn 55.339520 6.421662 -5.589048
vn 34.384635 -39.170915 20.451729
vn 34.384635 -39.170915 20.451729
vn 34.384635 -39.170915 20.451729
vn 54.520672 1.757826 -12.623154
vn 54.520672 1.757826 -12.623154
vn 54.520672 1.757826 -12.623154
vn 44.729808 -0.090317 -33.677490
vn 44.729808 -0.090317 -33.677490
vn 44.729808 -0.090317 -33.677490
vn -1.175758 51.380002 -22.218229
vn -1.175758 51.380002 -22.218229
vn -1.175758 51.380002 -22.218229
vn -27.810697 10.823143 47.374701
vn -27.810697 10.823143 47.374701
vn -27.810697 10.823143 47.374701
vn -41.112538 18.436601 -33.238357
vn -41.112538 18.436601 -33.238357
vn -41.112538 18.436601 -33.238357
vn -49.692614 20.758736 -15.318496
vn -49.692614 20.758736 -15.318496
vn -49.692614 20.758736 -15.318496
vn 34.491450 -30.330546 32.020853
vn 34.491450 -30.330546 32.020853
vn 34.491450 -30.330546 32.020853
vn -11.847968 43.805666 -32.796741
vn -11.847968 43.805666 -32.796741
vn -11.847968 43.805666 -32.796741
vn -0.622509 -20.098498 52.255141
vn -0.622509 -20.098498 52.255141
vn -0.622509 -20.098498 52.255141
vn 48.874610 26.692268 -5.807944
vn 48.874610 26.692268 -5.807944
vn 48.874610 26.692268 -5.807944
vn -18.174787 10.863402 -51.832432
vn -18.174787 10.863402 -51.832432
vn -18.174787 10.863402 -51.832432
vn -2.374522 -16.579047 -53.426903
vn -2.374522 -16.579047 -53.426903
vn -2.374522 -16.579047 -53.426903
vn -40.095712 -33.317593 20.425698
vn -40.095712 -33.317593 20.425698
vn -40.095712 -33.317593 20.425698
vn -19.227096 7.320070 52.073724
vn -19.227096 7.320070 52.073724
vn -19.227096 7.320070 52.073724
vn -34.046602 -42.699735 12.349033
vn -34.046602 -42.699735 12.349033
vn -34.046602 -42.699735 12.349033
vn 26.364381 33.421672 -36.370985
vn 26.364381 33.421672 -36.370985
vn 26.364381 33.421672 -36.370985
vn 17.543897 15.103354 50.980759
vn 17.543897 15.103354 50.980759
vn 17.543897 15.103354 50.980759
vn -41.571731 -37.067334 5.721982
vn -41.571731 -37.067334 5.721982
vn -41.571731 -37.067334 5.721982
vn 53.173348 0.217957 -17.535256
vn 53.173348 0.217957 -17.535256
vn 53.173348 0.217957 -17.535256
vn 13.994873 -27.318635 -46.827053
vn 13.994873 -27.318635 -46.827053
vn 13.994873 -27.318635 -46.827053
vn 25.290880 49.203787 -8.619498
vn 25.290880 49.203787 -8.619498
vn 25.290880 49.203787 -8.619498
vn 39.894684 -36.762478 -13.851758
vn 39.894684 -36.762478 -13.851758
vn 39.894684 -36.762478 -13.851758
vn 52.614706 -4.916665 18.505573
vn 52.614706 -4.916665 18.505573
vn 52.614706 -4.916665 18.505573
vn 28.807867 -5.778822 -47.661823
vn 28.807867 -5.778822 -47.661823
vn 28.807867 -5.778822 -47.661823
vn -16.048521 39.972175 35.771600
vn -16.048521 39.972175 35.771600
vn -16.048521 39.972175 35.771600
vn 25.747697 36.629045 -33.620026
vn 25.747697 36.629045 -33.620026
vn 25.747697 36.629045 -33.620026
vn 1.747760 -55.929276 -1.948995
vn 1.747760 -55.929276 -1.948995
vn 1.747760 -55.929276 -1.948995
vn -47.306902 20.280032 -22.038934
vn -47.306902 20.280032 -22.038934
vn -47.306902 20.280032 -22.038934
vn -20.407363 15.980836 -49.629521
vn -20.407363 15.980836 -49.629521
vn -20.407363 15.980836 -49.629521
vn -6.859169 -44.776635 32.908078
vn -6.859169 -44.776635 32.908078
vn -6.859169 -44.776635 32.908078
vn -51.535686 -21.879423 0.548606
vn -51.535686 -21.879423 0.548606
vn -51.535686 -21.879423 0.548606
vn -23.860816 -48.026082 16.096387
vn -23.860816 -48.026082 16.096387
vn -23.860816 -48.026082 16.096387
vn 47.924120 4.761395 28.557757
vn 47.924120 4.761395 28.557757
vn 47.924120 4.761395 28.557757
vn -9.605196 -4.734355 54.956921
vn -9.605196 -4.734355 54.956921
vn -9.605196 -4.734355 54.956921
vn 6.217343 15.407041 53.468730
vn 6.217343 15.407041 53.468730
vn 6.217343 15.407041 53.468730
vn 1.232293 -4.925761 -55.759802
vn 1.232293 -4.925761 -55.759802
vn 1.232293 -4.925761 -55.759802
vn 7.165639 39.630500 -38.897483
vn 7.165639 39.630500 -38.897483
vn 7.165639 39.630500 -38.897483
vn 55.473134 3.733597 -6.612808
vn 55.473134 3.733597 -6.612808
vn 55.473134 3.733597 -6.612808
vn -11.653881 40.308819 -37.071867
vn -11.653881 40.308819 -37.071867
vn -11.653881 40.308819 -37.071867
vn -11.032278 12.389712 53.476360
vn -11.032278 12.389712 53.476360
vn -11.032278 12.389712 53.476360
vn 53.876459 14.789906 3.677378
vn 53.876459 14.789906 3.677378
vn 53.876459 14.789906 3.677378
vn -16.778249 -3.367898 53.311208
vn -16.778249 -3.367898 53.311208
vn -16.778249 -3.367898 53.311208
vn 48.990118 17.770683 -20.472145
vn 48.990118 17.770683 -20.472145
vn 48.990118 17.770683 -20.472145
vn -55.576686 -6.549300 1.810034
vn -55.576686 -6.549300 1.810034
vn -55.576686 -6.549300 1.810034
vn -54.941952 -10.766879 0.627205
vn -54.941952 -10.766879 0.627205
vn -54.941952 -10.766879 0.627205
vn -50.972889 -17.215828 15.502161
vn -50.972889 -17.215828 15.502161
vn -50.972889 -17.215828 15.502161
vn -45.477850 15.402322 28.800534
vn -45.477850 15.402322 28.800534
vn -45.477850 15.402322 28.800534
vn 49.531074 13.901636 -22.098752
vn 49.531074 13.901636 -22.098752
vn 49.531074 13.901636 -22.098752
vn -16.007024 -33.844133 41.632761
vn -16.007024 -33.844133 41.632761
vn -16.007024 -33.844133 41.632761
vn -50.626086 -17.978563 -15.770486
vn -50.626086 -17.978563 -15.770486
vn -50.626086 -17.978563 -15.770486
vn -24.475679 22.640223 -44.981097
vn -24.475679 22.640223 -44.981097
vn -24.475679 22.640223 -44.981097
vn -34.464007 -33.111016 -29.168993
vn -34.464007 -33.111016 -29.168993
vn -34.464007 -33.111016 -29.168993
vn 0.676402 36.617558 -42.351316
vn 0.676402 36.617558 -42.351316
vn 0.676402 36.617558 -42.351316
vn 9.329210 5.622773 -54.920740
vn 9.329210 5.622773 -54.920740
vn 9.329210 5.622773 -54.920740
vn -2.674775 8.808970 55.228480
vn -2.674775 8.808970 55.228480
vn -2.674775 8.808970 55.228480
vn 52.456998 4.542740 -19.041124
vn 52.456998 4.542740 -19.041124
vn 52.456998 4.542740 -19.041124
vn 47.240489 1.263153 -30.027949
vn 47.240489 1.263153 -30.027949
vn 47.240489 1.263153 -30.027949
vn 16.586856 -7.309591 52.975309
vn 16.586856 -7.309591 52.975309
vn 16.586856 -7.309591 52.975309
vn -51.902012 1.999110 20.907463
vn -51.902012 1.999110 20.907463
vn -51.902012 1.999110 20.907463
vn 30.483174 46.942144 1.465699
vn 30.483174 46.942144 1.465699
vn 30.483174 46.942144 1.465699
vn 52.677764 -13.934963 12.876614
vn 52.677764 -13.934963 12.876614
vn 52.677764 -13.934963 12.876614
vn -33.021285 -43.423280 12.607566
vn -33.021285 -43.423280 12.607566
vn -33.021285 -43.423280 12.607566
vn 40.221006 -14.385401 -36.197625
vn 40.221006 -14.385401 -36.197625
vn 40.221006 -14.385401 -36.197625
vn 36.449882 34.668442 -24.585408
vn 36.449882 34.668442 -24.585408
vn 36.449882 34.668442 -24.585408
vn -17.643526 -45.213272 -27.917796
vn -17.643526 -45.213272 -27.917796
vn -17.643526 -45.213272 -27.917796
vn 31.688052 14.484824 43.829150
vn 31.688052 14.484824 43.829150
vn 31.688052 14.484824 43.829150
vn -53.728665 4.712314 -15.032031
vn -53.728665 4.712314 -15.032031
vn -53.728665 4.712314 -15.032031
vn -54.882190 10.833325 -2.349903
vn -54.882190 10.833325 -2.349903
vn -54.882190 10.833325 -2.349903
vn -24.971873 35.828778 -35.037712
vn -24.971873 35.828778 -35.037712
vn -24.971873 35.828778 -35.037712
vn -43.249283 -25.419804 -24.865033
vn -43.249283 -25.419804 -24.865033
vn -43.249283 -25.419804 -24.865033
vn 51.739508 1.575665 21.341927
vn 51.739508 1.575665 21.341927
vn 51.739508 1.575665 21.341927
vn 20.729404 -20.349843 47.865576
vn 20.729404 -20.349843 47.865576
vn 20.729404 -20.349843 47.865576
vn -40.205032 -32.939732 -20.819863
vn -40.205032 -32.939732 -20.819863
vn -40.205032 -32.939732 -20.819863
vn 46.681837 15.319627 26.852413
vn 46.681837 15.319627 26.852413
vn 46.681837 15.319627 26.852413
vn 35.549069 14.732719 -40.671217
vn 35.549069 14.732719 -40.671217
vn 35.549069 14.732719 -40.671217
vn 38.210196 6.703739 40.372982
vn 38.210196 6.703739 40.372982
vn 38.210196 6.703739 40.372982
vn 28.747315 -3.644210 -47.908756
vn 28.747315 -3.644210 -47.908756
vn 28.747315 -3.644210 -47.908756
vn -30.996601 36.756815 28.689442
vn -30.996601 36.756815 28.689442
vn -30.996601 36.756815 28.689442
vn -54.838662 -4.399405 10.406932
vn -54.838662 -4.399405 10.406932
vn -54.838662 -4.399405 10.406932
vn -41.966277 -18.936520 -31.861843
vn -41.966277 -18.936520 -31.861843
vn -41.966277 -18.936520 -31.861843
vn -52.783283 16.142071 9.396579
vn -52.783283 16.142071 9.396579
vn -52.783283 16.142071 9.396579
vn 36.958793 -40.157554 -12.504217
vn 36.958793 -40.157554 -12.504217
vn 36.958793 -40.157554 -12.504217
vn 0.473290 -1.033297 -55.978972
vn 0.473290 -1.033297 -55.978972
vn 0.473290 -1.033297 -55.978972
vn 43.640871 -26.323532 23.183683
vn 43.640871 -26.323532 23.183683
vn 43.640871 -26.323532 23.183683
vn -45.018140 -8.353314 32.226182
vn -45.018140 -8.353314 32.226182
vn -45.018140 -8.353314 32.226182
vn -19.694981 13.236369 50.713347
vn -19.694981 13.236369 50.713347
vn -19.694981 13.236369 50.713347
vn 52.978244 -5.525345 -17.254390
vn 52.978244 -5.525345 -17.254390
vn 52.978244 -5.525345 -17.254390
vn -37.761491 15.846840 38.182253
vn -37.761491 15.846840 38.182253
vn -37.761491 15.846840 38.182253
vn 40.592722 38.332412 4.218317
vn 40.592722 38.332412 4.218317
vn 40.592722 38.332412 4.218317
vn 2.861653 55.533119 -6.543731
vn 2.861653 55.533119 -6.543731
vn 2.861653 55.533119 -6.543731
vn 4.836046 -35.978896 42.627089
vn 4.836046 -35.978896 42.627089
vn 4.836046 -35.978896 42.627089
vn -55.440278 7.787632 0.815940
vn -55.440278 7.787632 0.815940
vn -55.440278 7.787632 0.815940
vn -50.719878 -11.577746 20.697519
vn -50.719878 -11.577746 20.697519
vn -50.719878 -11.577746 20.697519
vn 10.396761 -51.980412 18.024450
vn 10.396761 -51.980412 18.024450
vn 10.396761 -51.980412 18.024450
vn -28.539289 -46.562560 -12.343992
vn -28.539289 -46.562560 -12.343992
vn -28.539289 -46.562560 -12.343992
vn 33.182365 44.192424 8.994331
vn 33.182365 44.192424 8.994331
vn 33.182365 44.192424 8.994331
vn 33.689369 -3.712556 44.566583
vn 33.689369 -3.712556 44.566583
vn 33.689369 -3.712556 44.566583
vn -37.711083 29.446662 29.081023
vn -37.711083 29.446662 29.081023
vn -37.711083 29.446662 29.081023
vn -39.709858 -39.270719 -3.984297
vn -39.709858 -39.270719 -3.984297
vn -39.709858 -39.270719 -3.984297
vn 7.119666 53.968936 -13.099660
vn 7.119666 53.968936 -13.099660
vn 7.119666 53.968936 -13.099660
vn 55.158953 7.294385 -6.262483
vn 55.158953 7.294385 -6.262483
vn 55.158953 7.294385 -6.262483
vn -30.017272 -13.865675 -45.184552
vn -30.017272 -13.865675 -45.184552
vn -30.017272 -13.865675 -45.184552
vn -48.151539 -9.442132 -26.966881
vn -48.151539 -9.442132 -26.966881
vn -48.151539 -9.442132 -26.966881
vn 55.842203 2.566561 -3.162073
vn 55.842203 2.566561 -3.162073
vn 55.842203 2.566561 -3.162073
vn -41.956962 -31.972566 18.769795
vn -41.956962 -31.972566 18.769795
vn -41.956962 -31.972566 18.769795
vn 49.738421 -14.472980 -21.249936
vn 49.738421 -14.472980 -21.249936
vn 49.738421 -14.472980 -21.249936
vn 37.444306 23.432019 -34.406425
vn 37.444306 23.432019 -34.406425
vn 37.444306 23.432019 -34.406425
vn 55.727153 4.341120 -3.252198
vn 55.727153 4.341120 -3.252198
vn 55.727153 4.341120 -3.252198
vn 51.985423 11.177494 17.536148
vn 51.985423 11.177494 17.536148
vn 51.985423 11.177494 17.536148
vn 39.566712 -11.976599 -37.762067
vn 39.566712 -11.976599 -37.762067
vn 39.566712 -11.976599 -37.762067
vn 35.009262 37.088314 -23.102940
vn 35.009262 37.088314 -23.102940
vn 35.009262 37.088314 -23.102940
vn 23.735653 8.980496 -49.908989
vn 23.735653 8.980496 -49.908989
vn 23.735653 8.980496 -49.908989
vn -40.232499 1.808747 -38.897458
vn -40.232499 1.808747 -38.897458
vn -40.232499 1.808747 -38.897458
vn 19.851997 5.721044 52.039461
vn 19.851997 5.721044 52.039461
vn 19.851997 5.721044 52.039461
vn -0.201057 54.411224 -13.202846
vn -0.201057 54.411224 -13.202846
vn -0.201057 54.411224 -13.202846
vn -12.268914 54.622742 0.875789
vn -12.268914 54.622742 0.875789
vn -12.268914 54.622742 0.875789
vn 46.762442 -7.071152 29.970160
vn 46.762442 -7.071152 29.970160
vn 46.762442 -7.071152 29.970160
vn 44.895120 11.247460 31.509677
vn 44.895120 11.247460 31.509677
vn 44.895120 11.247460 31.509677
vn -32.182430 42.953214 -15.945210
vn -32.182430 42.953214 -15.945210
vn -32.182430 42.953214 -15.945210
vn -54.549324 7.828519 9.900648
vn -54.549324 7.828519 9.900648
vn -54.549324 7.828519 9.900648
vn 0.164108 55.121668 9.824041
vn 0.164108 55.121668 9.824041
vn 0.164108 55.121668 9.824041
vn -33.526647 31.784370 31.633128
vn -33.526647 31.784370 31.633128
vn -33.526647 31.784370 31.633128
vn 51.530477 20.331705 8.134413
vn 51.530477 20.331705 8.134413
vn 51.530477 20.331705 8.134413
vn -48.366743 23.813707 -15.116309
vn -48.366743 23.813707 -15.116309
vn -48.366743 23.813707 -15.116309
vn -52.762973 -6.723151 17.487292
vn -52.762973 -6.723151 17.487292
vn -52.762973 -6.723151 17.487292
vn -42.745533 -32.455833 15.949140
vn -42.745533 -32.455833 15.949140
vn -42.745533 -32.455833 15.949140
vn 5.764748 35.450022 -42.953472
vn 5.764748 35.450022 -42.953472
vn 5.764748 35.450022 -42.953472
vn -23.372375 21.187743 46.257424
vn -23.372375 21.187743 46.257424
vn -23.372375 21.187743 46.257424
vn 52.737481 2.618736 -18.623577
vn 52.737481 2.618736 -18.623577
vn 52.737481 2.618736 -18.623577
vn -2.013907 -6.774763 -55.542634
vn -2.013907 -6.774763 -55.542634
vn -2.013907 -6.774763 -55.542634
vn 28.971354 12.792799 46.172959
vn 28.971354 12.792799 46.172959
vn 28.971354 12.792799 46.172959
vn -3.431155 -22.822365 -51.012784
vn -3.431155 -22.822365 -51.012784
vn -3.431155 -22.822365 -51.012784
vn 40.129481 -7.042758 -38.405236
vn 40.129481 -7.042758 -38.405236
vn 40.129481 -7.042758 -38.405236
vn -51.551118 20.888138 -6.411358
vn -51.551118 20.888138 -6.411358
vn -51.551118 20.888138 -6.411358
vn 54.550695 -12.610350 0.372298
vn 54.550695 -12.610350 0.372298
vn 54.550695 -12.610350 0.372298
vn -29.962180 39.996098 -25.249096
vn -29.962180 39.996098 -25.249096
vn -29.962180 39.996098 -25.249096
vn 47.791877 16.930180 23.753796
vn 47.791877 16.930180 23.753796
vn 47.791877 16.930180 23.753796
vn 46.248010 11.917547 29.223803
vn 46.248010 11.917547 29.223803
vn 46.248010 11.917547 29.223803
vn -54.737723 11.762203 -0.608007
vn -54.737723 11.762203 -0.608007
vn -54.737723 11.762203 -0.608007
vn 37.442212 14.931247 -38.859688
vn 37.442212 14.931247 -38.859688
vn 37.442212 14.931247 -38.859688
vn -55.112300 -2.717073 9.496786
vn -55.112300 -2.717073 9.496786
vn -55.112300 -2.717073 9.496786
vn 0.313118 20.977881 51.911149
vn 0.313118 20.977881 51.911149
vn 0.313118 20.977881 51.911149
vn -36.418660 -39.733348 -15.161769
vn -36.418660 -39.733348 -15.161769
vn -36.418660 -39.733348 -15.161769
vn 11.715792 -9.928636 53.843288
vn 11.715792 -9.928636 53.843288
vn 11.715792 -9.928636 53.843288
vn 41.480714 -3.099955 37.479037
vn 41.480714 -3.099955 37.479037
vn 41.480714 -3.099955 37.479037
vn -0.832767 -55.984278 -0.064057
vn -0.832767 -55.984278 -0.064057
vn -0.832767 -55.984278 -0.064057
vn -3.101383 -55.812831 -3.200944
vn -3.101383 -55.812831 -3.200944
vn -3.101383 -55.812831 -3.200944
vn -0.977041 -55.979622 -0.513648
vn -0.977041 -55.979622 -0.513648
vn -0.977041 -55.979622 -0.513648
vn 2.912631 -55.787541 3.768772
vn 2.912631 -55.787541 3.768772
vn 2.912631 -55.787541 3.768772
vn -0.236897 -55.944364 2.260292
vn -0.236897 -55.944364 2.260292
vn -0.236897 -55.944364 2.260292
vn -1.356734 -55.969374 -0.725143
vn -1.356734 -55.969374 -0.725143
vn -1.356734 -55.969374 -0.725143
vn -0.037818 -54.633608 12.251707
vn -0.037818 -54.633608 12.251707
vn -0.037818 -54.633608 12.251707
vn -1.013950 -55.979919 -0.396292
vn -1.013950 -55.979919 -0.396292
vn -1.013950 -55.979919 -0.396292
vn -4.614521 -55.728264 -2.829057
vn -4.614521 -55.728264 -2.829057
vn -4.614521 -55.728264 -2.829057
vn -1.853669 -55.857053 3.389795
vn -1.853669 -55.857053 3.389795
vn -1.853669 -55.857053 3.389795
vn -0.536045 -55.984111 -0.654754
vn -0.536045 -55.984111 -0.654754
vn -0.536045 -55.984111 -0.654754
vn -1.364799 -55.924317 -2.354827
vn -1.364799 -55.924317 -2.354827
vn -1.364799 -55.924317 -2.354827
vn 2.411747 50.233086 24.612140
vn 2.411747 50.233086 24.612140
vn 2.411747 50.233086 24.612140
vn -42.688855 0.336940 -36.228241
vn -42.688855 0.336940 -36.228241
vn -42.688855 0.336940 -36.228241
vn 50.555578 20.216243 13.052737
vn 50.555578 20.216243 13.052737
vn 50.555578 20.216243 13.052737
vn -13.416918 36.965227 39.855934
vn -13.416918 36.965227 39.855934
vn -13.416918 36.965227 39.855934
vn -39.376282 33.053705 -22.178782
vn -39.376282 33.053705 -22.178782
vn -39.376282 33.053705 -22.178782
vn 8.955155 -3.392679 -55.165503
vn 8.955155 -3.392679 -55.165503
vn 8.955155 -3.392679 -55.165503
vn 28.009047 39.746756 -27.760143
vn 28.009047 39.746756 -27.760143
vn 28.009047 39.746756 -27.760143
vn 40.533418 16.439389 -34.953195
vn 40.533418 16.439389 -34.953195
vn 40.533418 16.439389 -34.953195
vn -1.422165 47.351243 29.845838
vn -1.422165 47.351243 29.845838
vn -1.422165 47.351243 29.845838
vn 36.535143 41.130299 -10.412446
vn 36.535143 41.130299 -10.412446
vn 36.535143 41.130299 -10.412446
vn 1.368463 18.487779 52.832441
vn 1.368463 18.487779 52.832441
vn 1.368463 18.487779 52.832441
vn -7.565613 -25.411835 49.314675
vn -7.565613 -25.411835 49.314675
vn -7.565613 -25.411835 49.314675
vn -8.202516 -20.273558 51.542593
vn -8.202516 -20.273558 51.542593
vn -8.202516 -20.273558 51.542593
vn -2.687714 13.411776 54.293997
vn -2.687714 13.411776 54.293997
vn -2.687714 13.411776 54.293997
vn -8.775879 -8.332096 54.667152
vn -8.775879 -8.332096 54.667152
vn -8.775879 -8.332096 54.667152
vn 43.811210 32.786046 11.857080
vn 43.811210 32.786046 11.857080
vn 43.811210 32.786046 11.857080
vn 5.427354 -37.449895 41.267253
vn 5.427354 -37.449895 41.267253
vn 5.427354 -37.449895 41.267253
vn 9.695863 -54.381272 -9.143568
vn 9.695863 -54.381272 -9.143568
vn 9.695863 -54.381272 -9.143568
vn -32.118446 10.537954 -44.635126
vn -32.118446 10.537954 -44.635126
vn -32.118446 10.537954 -44.635126
vn -26.020401 48.692823 -9.321175
vn -26.020401 48.692823 -9.321175
vn -26.020401 48.692823 -9.321175
vn -2.703615 54.689354 -11.691983
vn -2.703615 54.689354 -11.691983
vn -2.703615 54.689354 -11.691983
vn 49.173247 -19.139032 -18.725029
vn 49.173247 -19.139032 -18.725029
vn 49.173247 -19.139032 -18.725029
vn 23.411391 6.587689 -50.432593
vn 23.411391 6.587689 -50.432593
vn 23.411391 6.587689 -50.432593
vn -16.431792 -27.739660 -45.776030
vn -16.431792 -27.739660 -45.776030
vn -16.431792 -27.739660 -45.776030
vn -29.575375 -39.103184 -27.040248
vn -29.575375 -39.103184 -27.040248
vn -29.575375 -39.103184 -27.040248
vn 16.907247 52.753860 -8.130919
vn 16.907247 52.753860 -8.130919
vn 16.907247 52.753860 -8.130919
vn -46.767294 24.996355 17.970535
vn -46.767294 24.996355 17.970535
vn -46.767294 24.996355 17.970535
vn -36.768984 4.037688 -42.031854
vn -36.768984 4.037688 -42.031854
vn -36.768984 4.037688 -42.031854
vn 47.016254 30.323964 -2.205958
vn 47.016254 30.323964 -2.205958
vn 47.016254 30.323964 -2.205958
vn -31.600971 13.648455 -44.159213
vn -31.600971 13.648455 -44.159213
vn -31.600971 13.648455 -44.159213
vn 52.920275 16.028067 8.802431
vn 52.920275 16.028067 8.802431
vn 52.920275 16.028067 8.802431
vn -50.149670 -24.898573 0.097442
vn -50.149670 -24.898573 0.097442
vn -50.149670 -24.898573 0.097442
vn 9.967981 -49.300286 -24.597933
vn 9.967981 -49.300286 -24.597933
vn 9.967981 -49.300286 -24.597933
vn 32.096045 45.858040 -1.349396
vn 32.096045 45.858040 -1.349396
vn 32.096045 45.858040 -1.349396
vn 34.292927 2.719055 44.176232
vn 34.292927 2.719055 44.176232
vn 34.292927 2.719055 44.176232
vn 40.566045 11.904485 -36.709892
vn 40.566045 11.904485 -36.709892
vn 40.566045 11.904485 -36.709892
vn -43.908606 0.526584 34.737505
vn -43.908606 0.526584 34.737505
vn -43.908606 0.526584 34.737505
vn -19.936641 15.324086 50.026393
vn -19.936641 15.324086 50.026393
vn -19.936641 15.324086 50.026393
vn 0.547378 2.376130 -55.937392
vn 0.547378 2.376130 -55.937392
vn 0.547378 2.376130 -55.937392
vn -36.764043 25.058100 -33.991677
vn -36.764043 25.058100 -33.991677
vn -36.764043 25.058100 -33.991677
vn 28.884572 47.964530 0.149428
vn 28.884572 47.964530 0.149428
vn 28.884572 47.964530 0.149428
vn 16.670162 53.381990 2.721393
vn 16.670162 53.381990 2.721393
vn 16.670162 53.381990 2.721393
vn 29.909314 46.415879 9.270176
vn 29.909314 46.415879 9.270176
vn 29.909314 46.415879 9.270176
vn 37.885021 -33.599818 -23.889632
vn 37.885021 -33.599818 -23.889632
vn 37.885021 -33.599818 -23.889632
vn -52.804791 7.229393 -17.155957
vn -52.804791 7.229393 -17.155957
vn -52.804791 7.229393 -17.155957
vn -36.092273 18.050736 38.813083
vn -36.092273 18.050736 38.813083
vn -36.092273 18.050736 38.813083
vn -53.379469 -5.501514 -15.978211
vn -53.379469 -5.501514 -15.978211
vn -53.379469 -5.501514 -15.978211
vn -11.700785 54.327771 -6.820697
vn -11.700785 54.327771 -6.820697
vn -11.700785 54.327771 -6.820697
vn -12.326579 -43.981862 32.381912
vn -12.326579 -43.981862 32.381912
vn -12.326579 -43.981862 32.381912
vn -18.150319 24.560526 -46.928501
vn -18.150319 24.560526 -46.928501
vn -18.150319 24.560526 -46.928501
vn -44.521211 14.794729 -30.560031
vn -44.521211 14.794729 -30.560031
vn -44.521211 14.794729 -30.560031
vn -11.644261 -0.249361 -54.765739
vn -11.644261 -0.249361 -54.765739
vn -11.644261 -0.249361 -54.765739
vn -54.153459 6.881262 -12.449443
vn -54.153459 6.881262 -12.449443
vn -54.153459 6.881262 -12.449443
vn -54.461247 5.909454 -11.575328
vn -54.461247 5.909454 -11.575328
vn -54.461247 5.909454 -11.575328
vn 54.448707 -0.169117 13.047892
vn 54.448707 -0.169117 13.047892
vn 54.448707 -0.169117 13.047892
vn -36.727861 37.907729 -18.681695
vn -36.727861 37.907729 -18.681695
vn -36.727861 37.907729 -18.681695
vn -12.094811 40.201651 -37.046992
vn -12.094811 40.201651 -37.046992
vn -12.094811 40.201651 -37.046992
vn 10.467627 14.261246 -53.122342
vn 10.467627 14.261246 -53.122342
vn 10.467627 14.261246 -53.122342
vn 31.877595 -18.712435 -42.054731
vn 31.877595 -18.712435 -42.054731
vn 31.877595 -18.712435 -42.054731
vn 41.485600 -0.482520 37.598525
vn 41.485600 -0.482520 37.598525
vn 41.485600 -0.482520 37.598525
vn 2.583563 -18.045569 -52.939775
vn 2.583563 -18.045569 -52.939775
vn 2.583563 -18.045569 -52.939775
vn -46.624060 -9.485465 -29.515427
vn -46.624060 -9.485465 -29.515427
vn -46.624060 -9.485465 -29.515427
vn -11.516353 -47.965188 -26.488698
vn -11.516353 -47.965188 -26.488698
vn -11.516353 -47.965188 -26.488698
vn -52.884548 18.372830 -0.774971
vn -52.884548 18.372830 -0.774971
vn -52.884548 18.372830 -0.774971
vn 43.036837 8.766770 34.726243
vn 43.036837 8.766770 34.726243
vn 43.036837 8.766770 34.726243
vn 44.463063 2.763804 33.916585
vn 44.463063 2.763804 33.916585
vn 44.463063 2.763804 33.916585
vn 55.435776 4.717384 -6.289528
vn 55.435776 4.717384 -6.289528
vn 55.435776 4.717384 -6.289528
vn 54.582767 -1.725836 -12.356387
vn 54.582767 -1.725836 -12.356387
vn 54.582767 -1.725836 -12.356387
vn -30.668199 2.438838 46.780887
vn -30.668199 2.438838 46.780887
vn -30.668199 2.438838 46.780887
vn 11.256663 15.033037 -52.746872
vn 11.256663 15.033037 -52.746872
vn 11.256663 15.033037 -52.746872
vn 51.608699 9.575225 19.488317
vn 51.608699 9.575225 19.488317
vn 51.608699 9.575225 19.488317
vn 50.827476 11.637778 20.397711
vn 50.827476 11.637778 20.397711
vn 50.827476 11.637778 20.397711
vn 52.042579 9.994792 18.072396
vn 52.042579 9.994792 18.072396
vn 52.042579 9.994792 18.072396
vn -2.396429 55.477550 7.171841
vn -2.396429 55.477550 7.171841
vn -2.396429 55.477550 7.171841
vn -0.879867 -17.690283 -53.115131
vn -0.879867 -17.690283 -53.115131
vn -0.879867 -17.690283 -53.115131
vn -18.375770 -51.087954 -13.685347
vn -18.375770 -51.087954 -13.685347
vn -18.375770 -51.087954 -13.685347
vn 26.157825 4.420341 -49.306862
vn 26.157825 4.420341 -49.306862
vn 26.157825 4.420341 -49.306862
vn -39.077704 12.997955 37.933150
vn -39.077704 12.997955 37.933150
vn -39.077704 12.997955 37.933150
vn 53.366821 -6.572188 -15.611737
vn 53.366821 -6.572188 -15.611737
vn 53.366821 -6.572188 -15.611737
vn 38.885727 14.600993 37.545290
vn 38.885727 14.600993 37.545290
vn 38.885727 14.600993 37.545290
vn -6.050789 -10.340320 54.693722
vn -6.050789 -10.340320 54.693722
vn -6.050789 -10.340320 54.693722
vn -1.495346 12.690519 54.512858
vn -1.495346 12.690519 54.512858
vn -1.495346 12.690519 54.512858
vn -3.196847 21.493912 51.601637
vn -3.196847 21.493912 51.601637
vn -3.196847 21.493912 51.601637
vn -10.486748 -22.448145 -50.210025
vn -10.486748 -22.448145 -50.210025
vn -10.486748 -22.448145 -50.210025
vn -25.341033 23.254482 -44.181432
vn -25.341033 23.254482 -44.181432
vn -25.341033 23.254482 -44.181432
vn 43.709359 34.129497 -7.720524
vn 43.709359 34.129497 -7.720524
vn 43.709359 34.129497 -7.720524
vn 43.293029 -35.060818 -5.602678
vn 43.293029 -35.060818 -5.602678
vn 43.293029 -35.060818 -5.602678
vn 32.159618 -41.984779 -18.384069
vn 32.159618 -41.984779 -18.384069
vn 32.159618 -41.984779 -18.384069
vn 41.824505 -36.752409 -5.908318
vn 41.824505 -36.752409 -5.908318
vn 41.824505 -36.752409 -5.908318
vn -20.039859 -52.168760 3.429545
vn -20.039859 -52.168760 3.429545
vn -20.039859 -52.168760 3.429545
vn 16.737424 49.061004 -21.161600
vn 16.737424 49.061004 -21.161600
vn 16.737424 49.061004 -21.161600
vn -25.244463 49.878825 3.123563
vn -25.244463 49.878825 3.123563
vn -25.244463 49.878825 3.123563
vn -25.464118 -6.489702 -49.440872
vn -25.464118 -6.489702 -49.440872
vn -25.464118 -6.489702 -49.440872
vn -45.223067 31.811704 -8.821951
vn -45.223067 31.811704 -8.821951
vn -45.223067 31.811704 -8.821951
vn -52.217022 13.765886 -14.792566
vn -52.217022 13.765886 -14.792566
vn -52.217022 13.765886 -14.792566
vn 12.027059 -7.368413 -54.184807
vn 12.027059 -7.368413 -54.184807
vn 12.027059 -7.368413 -54.184807
vn 49.860711 -21.256264 -14.036295
vn 49.860711 -21.256264 -14.036295
vn 49.860711 -21.256264 -14.036295
vn 37.296944 38.988932 14.957889
vn 37.296944 38.988932 14.957889
vn 37.296944 38.988932 14.957889
vn 24.920151 16.016473 -47.512059
vn 24.920151 16.016473 -47.512059
vn 24.920151 16.016473 -47.512059
vn 27.383736 47.869578 9.673208
vn 27.383736 47.869578 9.673208
vn 27.383736 47.869578 9.673208
vn 39.572354 0.540657 -39.606487
vn 39.572354 0.540657 -39.606487
vn 39.572354 0.540657 -39.606487
vn -43.224485 -35.142823 -5.618112
vn -43.224485 -35.142823 -5.618112
vn -43.224485 -35.142823 -5.618112
vn 44.255159 11.070101 32.463381
vn 44.255159 11.070101 32.463381
vn 44.255159 11.070101 32.463381
vn 35.041776 43.657025 -1.037156
vn 35.041776 43.657025 -1.037156
vn 35.041776 43.657025 -1.037156
vn 4.408144 18.256058 -52.746771
vn 4.408144 18.256058 -52.746771
vn 4.408144 18.256058 -52.746771
vn -2.289821 -12.378508 54.557000
vn -2.289821 -12.378508 54.557000
vn -2.289821 -12.378508 54.557000
vn 24.179909 50.381389 3.461857
vn 24.179909 50.381389 3.461857
vn 24.179909 50.381389 3.461857
vn -45.210139 24.385021 -22.278948
vn -45.210139 24.385021 -22.278948
vn -45.210139 24.385021 -22.278948
vn -52.780269 13.243807 -13.182645
vn -52.780269 13.243807 -13.182645
vn -52.780269 13.243807 -13.182645
vn -30.157378 -2.844675 47.089044
vn -30.157378 -2.844675 47.089044
vn -30.157378 -2.844675 47.089044
vn -10.489681 -27.049903 -47.887434
vn -10.489681 -27.049903 -47.887434
vn -10.489681 -27.049903 -47.887434
vn -6.863848 -54.428786 -11.195181
vn -6.863848 -54.428786 -11.195181
vn -6.863848 -54.428786 -11.195181
vn -3.980286 -39.655093 39.326429
vn -3.980286 -39.655093 39.326429
vn -3.980286 -39.655093 39.326429
vn 34.949248 7.400879 43.112814
vn 34.949248 7.400879 43.112814
vn 34.949248 7.400879 43.112814
vn -31.066103 32.696881 -33.177528
vn -31.066103 32.696881 -33.177528
vn -31.066103 32.696881 -33.177528
vn 28.596140 28.583607 -38.732093
vn 28.596140 28.583607 -38.732093
vn 28.596140 28.583607 -38.732093
vn -54.271825 -2.504665 13.536357
vn -54.271825 -2.504665 13.536357
vn -54.271825 -2.504665 13.536357
vn 44.623826 -19.331619 -27.747790
vn 44.623826 -19.331619 -27.747790
vn 44.623826 -19.331619 -27.747790
vn 8.095345 22.246136 50.739648
vn 8.095345 22.246136 50.739648
vn 8.095345 22.246136 50.739648
vn -5.305735 -22.527643 50.983247
vn -5.305735 -22.527643 50.983247
vn -5.305735 -22.527643 50.983247
vn -10.701266 -36.402773 41.173515
vn -10.701266 -36.402773 41.173515
vn -10.701266 -36.402773 41.173515
vn -25.220631 21.475960 45.140229
vn -25.220631 21.475960 45.140229
vn -25.220631 21.475960 45.140229
vn 28.148872 42.672570 22.839206
vn 28.148872 42.672570 22.839206
vn 28.148872 42.672570 22.839206
vn -26.873197 36.070744 33.341716
vn -26.873197 36.070744 33.341716
vn -26.873197 36.070744 33.341716
vn 53.114398 -2.789678 -17.493307
vn 53.114398 -2.789678 -17.493307
vn 53.114398 -2.789678 -17.493307
vn -6.650255 -55.589509 -0.719509
vn -6.650255 -55.589509 -0.719509
vn -6.650255 -55.589509 -0.719509
vn -1.439233 -55.972003 -0.013736
vn -1.439233 -55.972003 -0.013736
vn -1.439233 -55.972003 -0.013736
vn -5.878350 -55.418934 -5.396645
vn -5.878350 -55.418934 -5.396645
vn -5.878350 -55.418934 -5.396645
vn 27.413842 48.768628 2.244815
vn 27.413842 48.768628 2.244815
vn 27.413842 48.768628 2.244815
vn -43.457160 20.467397 28.766263
vn -43.457160 20.467397 28.766263
vn -43.457160 20.467397 28.766263
vn -39.022999 -17.482406 -36.145660
vn -39.022999 -17.482406 -36.145660
vn -39.022999 -17.482406 -36.145660
vn -23.698269 -7.362939 -50.190801
vn -23.698269 -7.362939 -50.190801
vn -23.698269 -7.362939 -50.190801
vn -38.208023 -9.656807 39.772233
vn -38.208023 -9.656807 39.772233
vn -38.208023 -9.656807 39.772233
vn -14.325201 -5.854237 53.809424
vn -14.325201 -5.854237 53.809424
vn -14.325201 -5.854237 53.809424
vn -17.313083 -17.631140 50.242781
vn -17.313083 -17.631140 50.242781
vn -17.313083 -17.631140 50.242781
vn -30.626263 -4.102489 46.691964
vn -30.626263 -4.102489 46.691964
vn -30.626263 -4.102489 46.691964
vn -11.872108 -26.315449 47.973818
vn -11.872108 -26.315449 47.973818
vn -11.872108 -26.315449 47.973818
vn 7.141542 31.030293 46.054933
vn 7.141542 31.030293 46.054933
vn 7.141542 31.030293 46.054933
vn 3.642326 16.664703 -53.328781
vn 3.642326 16.664703 -53.328781
vn 3.642326 16.664703 -53.328781
vn -45.165296 21.700540 -24.982384
vn -45.165296 21.700540 -24.982384
vn -45.165296 21.700540 -24.982384
vn 34.570748 -13.834074 -41.814101
vn 34.570748 -13.834074 -41.814101
vn 34.570748 -13.834074 -41.814101
vn -51.903056 18.051808 -10.730434
vn -51.903056 18.051808 -10.730434
vn -51.903056 18.051808 -10.730434
vn 54.349490 11.902192 -6.277563
vn 54.349490 11.902192 -6.277563
vn 54.349490 11.902192 -6.277563
vn 20.411107 27.634765 44.211355
vn 20.411107 27.634765 44.211355
vn 20.411107 27.634765 44.211355
vn 38.954862 15.660752 37.043175
vn 38.954862 15.660752 37.043175
vn 38.954862 15.660752 37.043175
vn 31.126942 -16.046489 43.687076
vn 31.126942 -16.046489 43.687076
vn 31.126942 -16.046489 43.687076
vn 31.447221 -3.535396 -46.189942
vn 31.447221 -3.535396 -46.189942
vn 31.447221 -3.535396 -46.189942
vn -15.557621 40.896165 34.934244
vn -15.557621 40.896165 34.934244
vn -15.557621 40.896165 34.934244
vn -1.905059 -55.957867 0.158707
vn -1.905059 -55.957867 0.158707
vn -1.905059 -55.957867 0.158707
vn 33.362339 2.726178 -44.882731
vn 33.362339 2.726178 -44.882731
vn 33.362339 2.726178 -44.882731
vn 7.606256 -33.473766 -44.233349
vn 7.606256 -33.473766 -44.233349
vn 7.606256 -33.473766 -44.233349
vn -6.921325 -25.615397 -49.303993
vn -6.921325 -25.615397 -49.303993
vn -6.921325 -25.615397 -49.303993
vn -10.988672 12.526632 53.453435
vn -10.988672 12.526632 53.453435
vn -10.988672 12.526632 53.453435
vn 50.878445 16.951155 16.092834
vn 50.878445 16.951155 16.092834
vn 50.878445 16.951155 16.092834
vn -20.317075 -6.184828 51.806388
vn -20.317075 -6.184828 51.806388
vn -20.317075 -6.184828 51.806388
vn -43.420685 -0.500649 -35.345870
vn -43.420685 -0.500649 -35.345870
vn -43.420685 -0.500649 -35.345870
vn 14.643252 -12.967909 -52.462804
vn 14.643252 -12.967909 -52.462804
vn 14.643252 -12.967909 -52.462804
vn 27.317087 12.311622 47.298391
vn 27.317087 12.311622 47.298391
vn 27.317087 12.311622 47.298391
vn 27.819424 11.858589 -47.121024
vn 27.819424 11.858589 -47.121024
vn 27.819424 11.858589 -47.121024
vn 2.812195 -55.373226 7.799625
vn 2.812195 -55.373226 7.799625
vn 2.812195 -55.373226 7.799625
vn -55.279616 5.236054 -7.189268
vn -55.279616 5.236054 -7.189268
vn -55.279616 5.236054 -7.189268
vn 4.179024 -0.168207 55.834086
vn 4.179024 -0.168207 55.834086
vn 4.179024 -0.168207 55.834086
vn 19.354240 45.109256 26.935213
vn 19.354240 45.109256 26.935213
vn 19.354240 45.109256 26.935213
vn 39.624142 17.866592 35.293759
vn 39.624142 17.866592 35.293759
vn 39.624142 17.866592 35.293759
vn 12.410322 4.819393 54.384687
vn 12.410322 4.819393 54.384687
vn 12.410322 4.819393 54.384687
vn 54.030845 -2.828472 -14.408493
vn 54.030845 -2.828472 -14.408493
vn 54.030845 -2.828472 -14.408493
vn -53.478122 -8.415869 14.289881
vn -53.478122 -8.415869 14.289881
vn -53.478122 -8.415869 14.289881
vn -30.228562 -40.381469 24.300373
vn -30.228562 -40.381469 24.300373
vn -30.228562 -40.381469 24.300373
vn 54.799926 10.157642 -5.359852
vn 54.799926 10.157642 -5.359852
vn 54.799926 10.157642 -5.359852
vn -39.999056 -39.044270 -3.249247
vn -39.999056 -39.044270 -3.249247
vn -39.999056 -39.044270 -3.249247
vn -6.147045 48.889733 -26.588440
vn -6.147045 48.889733 -26.588440
vn -6.147045 48.889733 -26.588440
vn -53.033397 -13.645709 11.670098
vn -53.033397 -13.645709 11.670098
vn -53.033397 -13.645709 11.670098
vn -29.812730 -20.197534 -42.874213
vn -29.812730 -20.197534 -42.874213
vn -29.812730 -20.197534 -42.874213
vn -28.222024 -17.459609 -45.095640
vn -28.222024 -17.459609 -45.095640
vn -28.222024 -17.459609 -45.095640
vn 45.241534 10.055945 31.416852
vn 45.241534 10.055945 31.416852
vn 45.241534 10.055945 31.416852
vn -54.191217 6.655633 -12.407739
vn -54.191217 6.655633 -12.407739
vn -54.191217 6.655633 -12.407739
vn -25.927342 -3.557118 -49.498054
vn -25.927342 -3.557118 -49.498054
vn -25.927342 -3.557118 -49.498054
vn 52.152285 17.990026 9.562182
vn 52.152285 17.990026 9.562182
vn 52.152285 17.990026 9.562182
vn -35.167534 3.205084 -43.450076
vn -35.167534 3.205084 -43.450076
vn -35.167534 3.205084 -43.450076
f 1//1 2//2 3//3
f 4//4 5//5 6//6
f 7//7 8//8 9//9
f 10//10 11//11 12//12
f 13//13 14//14 15//15
f 16//16 17//17 18//18
f 19//19 20//20 21//21
f 22//22 23//23 24//24
f 25//25 26//26 27//27
f 28//28 29//29 30//30
f 31//31 32//32 33//33
f 34//34 35//35 36//36
f 37//37 38//38 39//39
f 40//40 41//41 42//42
f 43//43 44//44 45//45
f 46//46 47//47 48//48
f 49//49 50//50 51//51
f 52//52 53//53 54//54
f 55//55 56//56 57//57
f 58//58 59//59 60//60
f 61//61 62//62 63//63
f 64//64 65//65 66//66
f 67//67 68//68 69//69
f 70//70 71//71 72//72
f 73//73 74//74 75//75
f 76//76 77//77 78//78
f 79//79 80//80 81//81
f 82//82 83//83 84//84
f 85//85 86//86 87//87
f 88//88 89//89 90//90
f 91//91 92//92 93//93
f 94//94 95//95 96//96
f 97//97 98//98 99//99
f 100//100 101//101 102//102
f 103//103 104//104 105//105
f 106//106 107//107 108//108
f 109//109 110//110 111//111
f 112//112 113//113 114//114
f 115//115 116//116 117//117
f 118//118 119//119 120//120
f 121//121 122//122 123//123
f 124//124 125//125 126//126
f 127//127 128//128 129//129
f 130//130 131//131 132//132
f 133//133 134//134 135//135
f 136//136 137//137 138//138
f 139//139 140//140 141//141
f 142//142 143//143 144//144
f 145//145 146//146 147//147
f 148//148 149//149 150//150
f 151//151 152//152 153//153
f 154//154 155//155 156//156
f 157//157 158//158 159//159
f 160//160 161//161 162//162
f 163//163 164//164 165//165
f 166//166 167//167 168//168
f 169//169 170//170 171//171
f 172//172 173//173 174//174
f 175//175 176//176 177//177
f 178//178 179//179 180//180
f 181//181 182//182 183//183
f 184//184 185//185 186//186
f 187//187 188//188 189//189
f 190//190 191//191 192//192
f 193//193 194//194 195//195
f 196//196 197//197 198//198
f 199//199 200//200 201//201
f 202//202 203//203 204//204
f 205//205 206//206 207//207
f 208//208 209//209 210//210
f 211//211 212//212 213//213
f 214//214 215//215 216//216
f 217//217 218//218 219//219
f 220//220 221//221 222//222
f 223//223 224//224 225//225
f 226//226 227//227 228//228
f 229//229 230//230 231//231
f 232//232 233//233 234//234
f 235//235 236//236 237//237
f 238//238 239//239 240//240
f 241//241 242//242 243//243
f 244//244 245//245 246//246
f 247//247 248//248 249//249
f 250//250 251//251 252//252
f 253//253 254//254 255//255
f 256//256 257//257 258//258
f 259//259 260//260 261//261
f 262//262 263//263 264//264
f 265//265 266//266 267//267
f 268//268 269//269 270//270
f 271//271 272//272 273//273
f 274//274 275//275 276//276
f 277//277 278//278 279//279
f 280//280 281//281 282//282
f 283//283 284//284 285//285
f 286//286 287//287 288//288
f 289//289 290//290 291//291
f 292//292 293//293 294//294
f 295//295 296//296 297//297
f 298//298 299//299 300//300
f 301//301 302//302 303//303
f 304//304 305//305 306//306
f 307//307 308//308 309//309
f 310//310 311//311 312//312
f 313//313 314//314 315//315
f 316//316 317//317 318//318
f 319//319 320//320 321//321
f 322//322 323//323 324//324
f 325//325 326//326 327//327
f 328//328 329//329 330//330
f 331//331 332//332 333//333
f 334//334 335//335 336//336
f 337//337 338//338 339//339
f 340//340 341//341 342//342
f 343//343 344//344 345//345
f 346//346 347//347 348//348
f 349//349 350//350 351//351
f 352//352 353//353 354//354
f 355//355 356//356 357//357
f 358//358 359//359 360//360
f 361//361 362//362 363//363
f 364//364 365//365 366//366
f 367//367 368//368 369//369
f 370//370 371//371 372//372
f 373//373 374//374 375//375
f 376//376 377//377 378//378
f 379//379 380//380 381//381
f 382//382 383//383 384//384
f 385//385 386//386 387//387
f 388//388 389//389 390//390
f 391//391 392//392 393//393
f 394//394 395//395 396//396
f 397//397 398//398 399//399
f 400//400 401//401 402//402
f 403//403 404//404 405//405
f 406//406 407//407 408//408
f 409//409 410//410 411//411
f 412//412 413//413 414//414
f 415//415 416//416 417//417
f 418//418 419//419 420//420
f 421//421 422//422 423//423
f 424//424 425//425 426//426
f 427//427 428//428 429//429
f 430//430 431//431 432//432
f 433//433 434//434 435//435
f 436//436 437//437 438//438
f 439//439 440//440 441//441
f 442//442 443//443 444//444
f 445//445 446//446 447//447
f 448//448 449//449 450//450
f 451//451 452//452 453//453
f 454//454 455//455 456//456
f 457//457 458//458 459//459
f 460//460 461//461 462//462
f 463//463 464//464 465//465
f 466//466 467//467 468//468
f 469//469 470//470 471//471
f 472//472 473//473 474//474
f 475//475 476//476 477//477
f 478//478 479//479 480//480
f 481//481 482//482 483//483
f 484//484 485//485 486//486
f 487//487 488//488 489//489
f 490//490 491//491 492//492
f 493//493 494//494 495//495
f 496//496 497//497 498//498
f 499//499 500//500 501//501
f 502//502 503//503 504//504
f 505//505 506//506 507//507
f 508//508 509//509 510//510
f 511//511 512//512 513//513
f 514//514 515//515 516//516
f 517//517 518//518 519//519
f 520//520 521//521 522//522
f 523//523 524//524 525//525
f 526//526 527//527 528//528
f 529//529 530//530 531//531
f 532//532 533//533 534//534
f 535//535 536//536 537//537
f 538//538 539//539 540//540
f 541//541 542//542 543//543
f 544//544 545//545 546//546
f 547//547 548//548 549//549
f 550//550 551//551 552//552
f 553//553 554//554 555//555
f 556//556 557//557 558//558
f 559//559 560//560 561//561
f 562//562 563//563 564//564
f 565//565 566//566 567//567
f 568//568 569//569 570//570
f 571//571 572//572 573//573
f 574//574 575//575 576//576
f 577//577 578//578 579//579
f 580//580 581//581 582//582
f 583//583 584//584 585//585
f 586//586 587//587 588//588
f 589//589 590//590 591//591
f 592//592 593//593 594//594
f 595//595 596//596 597//597
f 598//598 599//599 600//600
f 601//601 602//602 603//603
f 604//604 605//605 606//606
f 607//607 608//608 609//609
f 610//610 611//611 612//612
f 613//613 614//614 615//615
f 616//616 617//617 618//618
f 619//619 620//620 621//621
f 622//622 623//623 624//624
f 625//625 626//626 627//627
f 628//628 629//629 630//630
f 631//631 632//632 633//633
f 634//634 635//635 636//636
f 637//637 638//638 639//639
f 640//640 641//641 642//642
f 643//643 644//644 645//645
f 646//646 647//647 648//648
f 649//649 650//650 651//651
f 652//652 653//653 654//654
f 655//655 656//656 657//657
f 658//658 659//659 660//660
f 661//661 662//662 663//663
f 664//664 665//665 666//666
f 667//667 668//668 669//669
f 670//670 671//671 672//672
f 673//673 674//674 675//675
f 676//676 677//677 678//678
f 679//679 680//680 681//681
f 682//682 683//683 684//684
f 685//685 686//686 687//687
f 688//688 689//689 690//690
f 691//691 692//692 693//693
f 694//694 695//695 696//696
f 697//697 698//698 699//699
f 700//700 701//701 702//702
f 703//703 704//704 705//705
f 706//706 707//707 708//708
f 709//709 710//710 711//711
f 712//712 713//713 714//714
f 715//715 716//716 717//717
f 718//718 719//719 720//720
f 721//721 722//722 723//723
f 724//724 725//725 726//726
f 727//727 728//728 729//729
f 730//730 731//731 732//732
f 733//733 734//734 735//735
f 736//736 737//737 738//738
f 739//739 740//740 741//741
f 742//742 743//743 744//744
f 745//745 746//746 747//747
f 748//748 749//749 750//750
f 751//751 752//752 753//753
f 754//754 755//755 756//756
f 757//757 758//758 759//759
f 760//760 761//761 762//762
f 763//763 764//764 765//765
f 766//766 767//767 768//768
f 769//769 770//770 771//771
f 772//772 773//773 774//774
f 775//775 776//776 777//777
f 778//778 779//779 780//780
f 781//781 782//782 783//783
f 784//784 785//785 786//786
f 787//787 788//788 789//789
f 790//790 791//791 792//792
f 793//793 794//794 795//795
f 796//796 797//797 798//798
f 799//799 800//800 801//801
f 802//802 803//803 804//804
f 805//805 806//806 807//807
f 808//808 809//809 810//810
f 811//811 812//812 813//813
f 814//814 815//815 816//816
f 817//817 818//818 819//819
f 820//820 821//821 822//822
f 823//823 824//824 825//825
f 826//826 827//827 828//828
f 829//829 830//830 831//831
f 832//832 833//833 834//834
f 835//835 836//836 837//837
f 838//838 839//839 840//840
f 841//841 842//842 843//843
f 844//844 845//845 846//846
f 847//847 848//848 849//849
f 850//850 851//851 852//852
f 853//853 854//854 855//855
f 856//856 857//857 858//858
f 859//859 860//860 861//861
f 862//862 863//863 864//864
f 865//865 866//866 867//867
f 868//868 869//869 870//870
f 871//871 872//872 873//873
f 874//874 875//875 876//876
f 877//877 878//878 879//879
f 880//880 881//881 882//882
f 883//883 884//884 885//885
f 886//886 887//887 888//888
f 889//889 890//890 891//891
f 892//892 893//893 894//894
f 895//895 896//896 897//897
f 898//898 899//899 900//900
f 901//901 902//902 903//903
f 904//904 905//905 906//906
f 907//907 908//908 909//909
f 910//910 911//911 912//912
f 913//913 914//914 915//915
f 916//916 917//917 918//918
f 919//919 920//920 921//921
f 922//922 923//923 924//924
f 925//925 926//926 927//927
f 928//928 929//929 930//930
f 931//931 932//932 933//933
f 934//934 935//935 936//936
f 937//937 938//938 939//939
f 940//940 941//941 942//942
f 943//943 944//944 945//945
f 946//946 947//947 948//948
f 949//949 950//950 951//951
f 952//952 953//953 954//954
f 955//955 956//956 957//957
f 958//958 959//959 960//960
f 961//961 962//962 963//963
f 964//964 965//965 966//966
f 967//967 968//968 969//969
f 970//970 971//971 972//972
f 973//973 974//974 975//975
f 976//976 977//977 978//978
f 979//979 980//980 981//981
f 982//982 983//983 984//984
f 985//985 986//986 987//987
f 988//988 989//989 990//990
f 991//991 992//992 993//993
f 994//994 995//995 996//996
f 997//997 998//998 999//999
f 1000//1000 1001//1001 1002//1002
f 1003//1003 1004//1004 1005//1005
f 1006//1006 1007//1007 1008//1008
f 1009//1009 1010//1010 1011//1011
f 1012//1012 1013//1013 1014//1014
f 1015//1015 1016//1016 1017//1017
f 1018//1018 1019//1019 1020//1020
f 1021//1021 1022//1022 1023//1023
f 1024//1024 1025//1025 1026//1026
f 1027//1027 1028//1028 1029//1029
f 1030//1030 1031//1031 1032//1032
f 1033//1033 1034//1034 1035//1035
f 1036//1036 1037//1037 1038//1038
f 1039//1039 1040//1040 1041//1041
f 1042//1042 1043//1043 1044//1044
f 1045//1045 1046//1046 1047//1047
f 1048//1048 1049//1049 1050//1050
f 1051//1051 1052//1052 1053//1053
f 1054//1054 1055//1055 1056//1056
f 1057//1057 1058//1058 1059//1059
f 1060//1060 1061//1061 1062//1062
f 1063//1063 1064//1064 1065//1065
f 1066//1066 1067//1067 1068//1068
f 1069//1069 1070//1070 1071//1071
f 1072//1072 1073//1073 1074//1074
f 1075//1075 1076//1076 1077//1077
f 1078//1078 1079//1079 1080//1080
f 1081//1081 1082//1082 1083//1083
f 1084//1084 1085//1085 1086//1086
f 1087//1087 1088//1088 1089//1089
f 1090//1090 1091//1091 1092//1092
f 1093//1093 1094//1094 1095//1095
f 1096//1096 1097//1097 1098//1098
f 1099//1099 1100//1100 1101//1101
f 1102//1102 1103//1103 1104//1104
f 1105//1105 1106//1106 1107//1107
f 1108//1108 1109//1109 1110//1110
f 1111//1111 1112//1112 1113//1113
f 1114//1114 1115//1115 1116//1116
f 1117//1117 1118//1118 1119//1119
f 1120//1120 1121//1121 1122//1122
f 1123//1123 1124//1124 1125//1125
f 1126//1126 1127//1127 1128//1128
f 1129//1129 1130//1130 1131//1131
f 1132//1132 1133//1133 1134//1134
f 1135//1135 1136//1136 1137//1137
f 1138//1138 1139//1139 1140//1140
f 1141//1141 1142//1142 1143//1143
f 1144//1144 1145//1145 1146//1146
f 1147//1147 1148//1148 1149//1149
f 1150//1150 1151//1151 1152//1152
f 1153//1153 1154//1154 1155//1155
f 1156//1156 1157//1157 1158//1158
f 1159//1159 1160//1160 1161//1161
f 1162//1162 1163//1163 1164//1164
f 1165//1165 1166//1166 1167//1167
f 1168//1168 1169//1169 1170//1170
f 1171//1171 1172//1172 1173//1173
f 1174//1174 1175//1175 1176//1176
f 1177//1177 1178//1178 1179//1179
f 1180//1180 1181//1181 1182//1182
f 1183//1183 1184//1184 1185//1185
f 1186//1186 1187//1187 1188//1188
f 1189//1189 1190//1190 1191//1191
f 1192//1192 1193//1193 1194//1194
f 1195//1195 1196//1196 1197//1197
f 1198//1198 1199//1199 1200//1200
f 1201//1201 1202//1202 1203//1203
f 1204//1204 1205//1205 1206//1206
f 1207//1207 1208//1208 1209//1209
f 1210//1210 1211//1211 1212//1212
f 1213//1213 1214//1214 1215//1215
f 1216//1216 1217//1217 1218//1218
f 1219//1219 1220//1220 1221//1221
f 1222//1222 1223//1223 1224//1224
f 1225//1225 1226//1226 1227//1227
f 1228//1228 1229//1229 1230//1230
f 1231//1231 1232//1232 1233//1233
f 1234//1234 1235//1235 1236//1236
f 1237//1237 1238//1238 1239//1239
f 1240//1240 1241//1241 1242//1242
f 1243//1243 1244//1244 1245//1245
f 1246//1246 1247//1247 1248//1248
f 1249//1249 1250//1250 1251//1251
f 1252//1252 1253//1253 1254//1254
f 1255//1255 1256//1256 1257//1257
f 1258//1258 1259//1259 1260//1260
f 1261//1261 1262//1262 1263//1263
f 1264//1264 1265//1265 1266//1266
f 1267//1267 1268//1268 1269//1269
f 1270//1270 1271//1271 1272//1272
f 1273//1273 1274//1274 1275//1275
f 1276//1276 1277//1277 1278//1278
f 1279//1279 1280//1280 1281//1281
f 1282//1282 1283//1283 1284//1284
f 1285//1285 1286//1286 1287//1287
f 1288//1288 1289//1289 1290//1290
f 1291//1291 1292//1292 1293//1293
f 1294//1294 1295//1295 1296//1296
f 1297//1297 1298//1298 1299//1299
f 1300//1300 1301//1301 1302//1302
f 1303//1303 1304//1304 1305//1305
f 1306//1306 1307//1307 1308//1308
f 1309//1309 1310//1310 1311//1311
f 1312//1312 1313//1313 1314//1314
f 1315//1315 1316//1316 1317//1317
f 1318//1318 1319//1319 1320//1320
f 1321//1321 1322//1322 1323//1323
f 1324//1324 1325//1325 1326//1326
f 1327//1327 1328//1328 1329//1329
f 1330//1330 1331//1331 1332//1332
f 1333//1333 1334//1334 1335//1335
f 1336//1336 1337//1337 1338//1338
f 1339//1339 1340//1340 1341//1341
f 1342//1342 1343//1343 1344//1344
f 1345//1345 1346//1346 1347//1347
f 1348//1348 1349//1349 1350//1350
f 1351//1351 1352//1352 1353//1353
f 1354//1354 1355//1355 1356//1356
f 1357//1357 1358//1358 1359//1359
f 1360//1360 1361//1361 1362//1362
f 1363//1363 1364//1364 1365//1365
f 1366//1366 1367//1367 1368//1368
f 1369//1369 1370//1370 1371//1371
f 1372//1372 1373//1373 1374//1374
f 1375//1375 1376//1376 1377//1377
f 1378//1378 1379//1379 1380//1380
f 1381//1381 1382//1382 1383//1383
f 1384//1384 1385//1385 1386//1386
f 1387//1387 1388//1388 1389//1389
f 1390//1390 1391//1391 1392//1392
f 1393//1393 1394//1394 1395//1395
f 1396//1396 1397//1397 1398//1398
f 1399//1399 1400//1400 1401//1401
f 1402//1402 1403//1403 1404//1404
f 1405//1405 1406//1406 1407//1407
f 1408//1408 1409//1409 1410//1410
f 1411//1411 1412//1412 1413//1413
f 1414//1414 1415//1415 1416//1416
f 1417//1417 1418//1418 1419//1419
f 1420//1420 1421//1421 1422//1422
f 1423//1423 1424//1424 1425//1425
f 1426//1426 1427//1427 1428//1428
f 1429//1429 1430//1430 1431//1431
f 1432//1432 1433//1433 1434//1434
f 1435//1435 1436//1436 1437//1437
f 1438//1438 1439//1439 1440//1440
f 1441//1441 1442//1442 1443//1443
f 1444//1444 1445//1445 1446//1446
f 1447//1447 1448//1448 1449//1449
f 1450//1450 1451//1451 1452//1452
f 1453//1453 1454//1454 1455//1455
f 1456//1456 1457//1457 1458//1458
f 1459//1459 1460//1460 1461//1461
f 1462//1462 1463//1463 1464//1464
f 1465//1465 1466//1466 1467//1467
f 1468//1468 1469//1469 1470//1470
f 1471//1471 1472//1472 1473//1473
f 1474//1474 1475//1475 1476//1476
f 1477//1477 1478//1478 1479//1479
f 1480//1480 1481//1481 1482//1482
f 1483//1483 1484//1484 1485//1485
f 1486//1486 1487//1487 1488//1488
f 1489//1489 1490//1490 1491//1491
f 1492//1492 1493//1493 1494//1494
f 1495//1495 1496//1496 1497//1497
f 1498//1498 1499//1499 1500//1500
f 1501//1501 1502//1502 1503//1503
f 1504//1504 1505//1505 1506//1506
f 1507//1507 1508//1508 1509//1509
f 1510//1510 1511//1511 1512//1512
f 1513//1513 1514//1514 1515//1515
f 1516//1516 1517//1517 1518//1518
f 1519//1519 1520//1520 1521//1521
f 1522//1522 1523//1523 1524//1524
f 1525//1525 1526//1526 1527//1527
f 1528//1528 1529//1529 1530//1530
f 1531//1531 1532//1532 1533//1533
f 1534//1534 1535//1535 1536//1536
f 1537//1537 1538//1538 1539//1539
f 1540//1540 1541//1541 1542//1542
f 1543//1543 1544//1544 1545//1545
f 1546//1546 1547//1547 1548//1548
f 1549//1549 1550//1550 1551//1551
f 1552//1552 1553//1553 1554//1554
f 1555//1555 1556//1556 1557//1557
f 1558//1558 1559//1559 1560//1560
f 1561//1561 1562//1562 1563//1563
f 1564//1564 1565//1565 1566//1566
f 1567//1567 1568//1568 1569//1569
f 1570//1570 1571//1571 1572//1572
f 1573//1573 1574//1574 1575//1575
f 1576//1576 1577//1577 1578//1578
f 1579//1579 1580//1580 1581//1581
f 1582//1582 1583//1583 1584//1584
f 1585//1585 1586//1586 1587//1587
f 1588//1588 1589//1589 1590//1590
f 1591//1591 1592//1592 1593//1593
f 1594//1594 1595//1595 1596//1596
f 1597//1597 1598//1598 1599//1599
f 1600//1600 1601//1601 1602//1602
f 1603//1603 1604//1604 1605//1605
f 1606//1606 1607//1607 1608//1608
f 1609//1609 1610//1610 1611//1611
f 1612//1612 1613//1613 1614//1614
f 1615//1615 1616//1616 1617//1617
f 1618//1618 1619//1619 1620//1620
f 1621//1621 1622//1622 1623//1623
f 1624//1624 1625//1625 1626//1626
f 1627//1627 1628//1628 1629//1629
f 1630//1630 1631//1631 1632//1632
f 1633//1633 1634//1634 1635//1635
f 1636//1636 1637//1637 1638//1638
f 1639//1639 1640//1640 1641//1641
f 1642//1642 1643//1643 1644//1644
f 1645//1645 1646//1646 1647//1647
f 1648//1648 1649//1649 1650//1650
f 1651//1651 1652//1652 1653//1653
f 1654//1654 1655//1655 1656//1656
f 1657//1657 1658//1658 1659//1659
f 1660//1660 1661//1661 1662//1662
f 1663//1663 1664//1664 1665//1665
f 1666//1666 1667//1667 1668//1668
f 1669//1669 1670//1670 1671//1671
f 1672//1672 1673//1673 1674//1674
f 1675//1675 1676//1676 1677//1677
f 1678//1678 1679//1679 1680//1680
f 1681//1681 1682//1682 1683//1683
f 1684//1684 1685//1685 1686//1686
f 1687//1687 1688//1688 1689//1689
f 1690//1690 1691//1691 1692//1692
f 1693//1693 1694//1694 1695//1695
f 1696//1696 1697//1697 1698//1698
f 1699//1699 1700//1700 1701//1701
f 1702//1702 1703//1703 1704//1704
f 1705//1705 1706//1706 1707//1707
f 1708//1708 1709//1709 1710//1710
f 1711//1711 1712//1712 1713//1713
f 1714//1714 1715//1715 1716//1716
f 1717//1717 1718//1718 1719//1719
f 1720//1720 1721//1721 1722//1722
f 1723//1723 1724//1724 1725//1725
f 1726//1726 1727//1727 1728//1728
f 1729//1729 1730//1730 1731//1731
f 1732//1732 1733//1733 1734//1734
f 1735//1735 1736//1736 1737//1737
f 1738//1738 1739//1739 1740//1740
f 1741//1741 1742//1742 1743//1743
f 1744//1744 1745//1745 1746//1746
f 1747//1747 1748//1748 1749//1749
f 1750//1750 1751//1751 1752//1752
f 1753//1753 1754//1754 1755//1755
f 1756//1756 1757//1757 1758//1758
f 1759//1759 1760//1760 1761//1761
f 1762//1762 1763//1763 1764//1764
f 1765//1765 1766//1766 1767//1767
f 1768//1768 1769//1769 1770//1770
f 1771//1771 1772//1772 1773//1773
f 1774//1774 1775//1775 1776//1776
f 1777//1777 1778//1778 1779//1779
f 1780//1780 1781//1781 1782//1782
f 1783//1783 1784//1784 1785//1785
f 1786//1786 1787//1787 1788//1788
f 1789//1789 1790//1790 1791//1791
f 1792//1792 1793//1793 1794//1794
f 1795//1795 1796//1796 1797//1797
f 1798//1798 1799//1799 1800//1800
f 1801//1801 1802//1802 1803//1803
f 1804//1804 1805//1805 1806//1806
f 1807//1807 1808//1808 1809//1809
f 1810//1810 1811//1811 1812//1812
f 1813//1813 1814//1814 1815//1815
f 1816//1816 1817//1817 1818//1818
f 1819//1819 1820//1820 1821//1821
f 1822//1822 1823//1823 1824//1824
f 1825//1825 1826//1826 1827//1827
f 1828//1828 1829//1829 1830//1830
f 1831//1831 1832//1832 1833//1833
f 1834//1834 1835//1835 1836//1836
f 1837//1837 1838//1838 1839//1839
f 1840//1840 1841//1841 1842//1842
f 1843//1843 1844//1844 1845//1845
f 1846//1846 1847//1847 1848//1848
f 1849//1849 1850//1850 1851//1851
f 1852//1852 1853//1853 1854//1854
f 1855//1855 1856//1856 1857//1857
f 1858//1858 1859//1859 1860//1860
f 1861//1861 1862//1862 1863//1863
f 1864//1864 1865//1865 1866//1866
f 1867//1867 1868//1868 1869//1869
f 1870//1870 1871//1871 1872//1872
f 1873//1873 1874//1874 1875//1875
f 1876//1876 1877//1877 1878//1878
f 1879//1879 1880//1880 1881//1881
f 1882//1882 1883//1883 1884//1884
f 1885//1885 1886//1886 1887//1887
f 1888//1888 1889//1889 1890//1890
f 1891//1891 1892//1892 1893//1893
f 1894//1894 1895//1895 1896//1896
f 1897//1897 1898//1898 1899//1899
f 1900//1900 1901//1901 1902//1902
f 1903//1903 1904//1904 1905//1905
f 1906//1906 1907//1907 1908//1908
f 1909//1909 1910//1910 1911//1911
f 1912//1912 1913//1913 1914//1914
f 1915//1915 1916//1916 1917//1917
f 1918//1918 1919//1919 1920//1920
f 1921//1921 1922//1922 1923//1923
f 1924//1924 1925//1925 1926//1926
f 1927//1927 1928//1928 1929//1929
f 1930//1930 1931//1931 1932//1932
f 1933//1933 1934//1934 1935//1935
f 1936//1936 1937//1937 1938//1938
f 1939//1939 1940//1940 1941//1941
f 1942//1942 1943//1943 1944//1944
f 1945//1945 1946//1946 1947//1947
f 1948//1948 1949//1949 1950//1950
f 1951//1951 1952//1952 1953//1953
f 1954//1954 1955//1955 1956//1956
f 1957//1957 1958//1958 1959//1959
f 1960//1960 1961//1961 1962//1962
f 1963//1963 1964//1964 1965//1965
f 1966//1966 1967//1967 1968//1968
f 1969//1969 1970//1970 1971//1971
f 1972//1972 1973//1973 1974//1974
f 1975//1975 1976//1976 1977//1977
f 1978//1978 1979//1979 1980//1980
f 1981//1981 1982//1982 1983//1983
f 1984//1984 1985//1985 1986//1986
f 1987//1987 1988//1988 1989//1989
f 1990//1990 1991//1991 1992//1992
f 1993//1993 1994//1994 1995//1995
f 1996//1996 1997//1997 1998//1998
f 1999//1999 2000//2000 2001//2001
f 2002//2002 2003//2003 2004//2004
f 2005//2005 2006//2006 2007//2007
f 2008//2008 2009//2009 2010//2010
f 2011//2011 2012//2012 2013//2013
f 2014//2014 2015//2015 2016//2016
f 2017//2017 2018//2018 2019//2019
f 2020//2020 2021//2021 2022//2022
f 2023//2023 2024//2024 2025//2025
f 2026//2026 2027//2027 2028//2028
f 2029//2029 2030//2030 2031//2031
f 2032//2032 2033//2033 2034//2034
f 2035//2035 2036//2036 2037//2037
f 2038//2038 2039//2039 2040//2040
f 2041//2041 2042//2042 2043//2043
f 2044//2044 2045//2045 2046//2046
f 2047//2047 2048//2048 2049//2049
f 2050//2050 2051//2051 2052//2052
f 2053//2053 2054//2054 2055//2055
f 2056//2056 2057//2057 2058//2058
f 2059//2059 2060//2060 2061//2061
f 2062//2062 2063//2063 2064//2064
f 2065//2065 2066//2066 2067//2067
f 2068//2068 2069//2069 2070//2070
f 2071//2071 2072//2072 2073//2073
f 2074//2074 2075//2075 2076//2076
f 2077//2077 2078//2078 2079//2079
f 2080//2080 2081//2081 2082//2082
f 2083//2083 2084//2084 2085//2085
f 2086//2086 2087//2087 2088//2088
f 2089//2089 2090//2090 2091//2091
f 2092//2092 2093//2093 2094//2094
f 2095//2095 2096//2096 2097//2097
f 2098//2098 2099//2099 2100//2100
f 2101//2101 2102//2102 2103//2103
f 2104//2104 2105//2105 2106//2106
f 2107//2107 2108//2108 2109//2109
f 2110//2110 2111//2111 2112//2112
f 2113//2113 2114//2114 2115//2115
f 2116//2116 2117//2117 2118//2118
f 2119//2119 2120//2120 2121//2121
f 2122//2122 2123//2123 2124//2124
f 2125//2125 2126//2126 2127//2127
f 2128//2128 2129//2129 2130//2130
f 2131//2131 2132//2132 2133//2133
f 2134//2134 2135//2135 2136//2136
f 2137//2137 2138//2138 2139//2139
f 2140//2140 2141//2141 2142//2142
f 2143//2143 2144//2144 2145//2145
f 2146//2146 2147//2147 2148//2148
f 2149//2149 2150//2150 2151//2151
f 2152//2152 2153//2153 2154//2154
f 2155//2155 2156//2156 2157//2157
f 2158//2158 2159//2159 2160//2160
f 2161//2161 2162//2162 2163//2163
f 2164//2164 2165//2165 2166//2166
f 2167//2167 2168//2168 2169//2169
f 2170//2170 2171//2171 2172//2172
f 2173//2173 2174//2174 2175//2175
f 2176//2176 2177//2177 2178//2178
f 2179//2179 2180//2180 2181//2181
f 2182//2182 2183//2183 2184//2184
f 2185//2185 2186//2186 2187//2187
f 2188//2188 2189//2189 2190//2190
f 2191//2191 2192//2192 2193//2193
f 2194//2194 2195//2195 2196//2196
f 2197//2197 2198//2198 2199//2199
f 2200//2200 2201//2201 2202//2202
f 2203//2203 2204//2204 2205//2205
f 2206//2206 2207//2207 2208//2208
f 2209//2209 2210//2210 2211//2211
f 2212//2212 2213//2213 2214//2214
f 2215//2215 2216//2216 2217//2217
f 2218//2218 2219//2219 2220//2220
f 2221//2221 2222//2222 2223//2223
f 2224//2224 2225//2225 2226//2226
f 2227//2227 2228//2228 2229//2229
f 2230//2230 2231//2231 2232//2232
f 2233//2233 2234//2234 2235//2235
f 2236//2236 2237//2237 2238//2238
f 2239//2239 2240//2240 2241//2241
f 2242//2242 2243//2243 2244//2244
f 2245//2245 2246//2246 2247//2247
f 2248//2248 2249//2249 2250//2250
f 2251//2251 2252//2252 2253//2253
f 2254//2254 2255//2255 2256//2256
f 2257//2257 2258//2258 2259//2259
f 2260//2260 2261//2261 2262//2262
f 2263//2263 2264//2264 2265//2265
f 2266//2266 2267//2267 2268//2268
f 2269//2269 2270//2270 2271//2271
f 2272//2272 2273//2273 2274//2274
f 2275//2275 2276//2276 2277//2277
f 2278//2278 2279//2279 2280//2280
f 2281//2281 2282//2282 2283//2283
f 2284//2284 2285//2285 2286//2286
f 2287//2287 2288//2288 2289//2289
f 2290//2290 2291//2291 2292//2292
f 2293//2293 2294//2294 2295//2295
f 2296//2296 2297//2297 2298//2298
f 2299//2299 2300//2300 2301//2301
f 2302//2302 2303//2303 2304//2304
f 2305//2305 2306//2306 2307//2307
f 2308//2308 2309//2309 2310//2310
f 2311//2311 2312//2312 2313//2313
f 2314//2314 2315//2315 2316//2316
f 2317//2317 2318//2318 2319//2319
f 2320//2320 2321//2321 2322//2322
f 2323//2323 2324//2324 2325//2325
f 2326//2326 2327//2327 2328//2328
f 2329//2329 2330//2330 2331//2331
f 2332//2332 2333//2333 2334//2334
f 2335//2335 2336//2336 2337//2337
f 2338//2338 2339//2339 2340//2340
f 2341//2341 2342//2342 2343//2343
f 2344//2344 2345//2345 2346//2346
f 2347//2347 2348//2348 2349//2349
f 2350//2350 2351//2351 2352//2352
f 2353//2353 2354//2354 2355//2355
f 2356//2356 2357//2357 2358//2358
f 2359//2359 2360//2360 2361//2361
f 2362//2362 2363//2363 2364//2364
f 2365//2365 2366//2366 2367//2367
f 2368//2368 2369//2369 2370//2370
f 2371//2371 2372//2372 2373//2373
f 2374//2374 2375//2375 2376//2376
f 2377//2377 2378//2378 2379//2379
f 2380//2380 2381//2381 2382//2382
f 2383//2383 2384//2384 2385//2385
f 2386//2386 2387//2387 2388//2388
f 2389//2389 2390//2390 2391//2391
f 2392//2392 2393//2393 2394//2394
f 2395//2395 2396//2396 2397//2397
f 2398//2398 2399//2399 2400//2400
f 2401//2401 2402//2402 2403//2403
f 2404//2404 2405//2405 2406//2406
f 2407//2407 2408//2408 2409//2409
f 2410//2410 2411//2411 2412//2412
f 2413//2413 2414//2414 2415//2415
f 2416//2416 2417//2417 2418//2418
f 2419//2419 2420//2420 2421//2421
f 2422//2422 2423//2423 2424//2424
f 2425//2425 2426//2426 2427//2427
f 2428//2428 2429//2429 2430//2430
f 2431//2431 2432//2432 2433//2433
f 2434//2434 2435//2435 2436//2436
f 2437//2437 2438//2438 2439//2439
f 2440//2440 2441//2441 2442//2442
f 2443//2443 2444//2444 2445//2445
f 2446//2446 2447//2447 2448//2448
f 2449//2449 2450//2450 2451//2451
f 2452//2452 2453//2453 2454//2454
f 2455//2455 2456//2456 2457//2457
f 2458//2458 2459//2459 2460//2460
f 2461//2461 2462//2462 2463//2463
f 2464//2464 2465//2465 2466//2466
f 2467//2467 2468//2468 2469//2469
f 2470//2470 2471//2471 2472//2472
f 2473//2473 2474//2474 2475//2475
f 2476//2476 2477//2477 2478//2478
f 2479//2479 2480//2480 2481//2481
f 2482//2482 2483//2483 2484//2484
f 2485//2485 2486//2486 2487//2487
f 2488//2488 2489//2489 2490//2490
f 2491//2491 2492//2492 2493//2493
f 2494//2494 2495//2495 2496//2496
f 2497//2497 2498//2498 2499//2499
f 2500//2500 2501//2501 2502//2502
f 2503//2503 2504//2504 2505//2505
f 2506//2506 2507//2507 2508//2508
f 2509//2509 2510//2510 2511//2511
f 2512//2512 2513//2513 2514//2514
f 2515//2515 2516//2516 2517//2517
f 2518//2518 2519//2519 2520//2520
f 2521//2521 2522//2522 2523//2523
f 2524//2524 2525//2525 2526//2526
f 2527//2527 2528//2528 2529//2529
f 2530//2530 2531//2531 2532//2532
f 2533//2533 2534//2534 2535//2535
f 2536//2536 2537//2537 2538//2538
f 2539//2539 2540//2540 2541//2541
f 2542//2542 2543//2543 2544//2544
f 2545//2545 2546//2546 2547//2547
f 2548//2548 2549//2549 2550//2550
f 2551//2551 2552//2552 2553//2553
f 2554//2554 2555//2555 2556//2556
f 2557//2557 2558//2558 2559//2559
f 2560//2560 2561//2561 2562//2562
f 2563//2563 2564//2564 2565//2565
f 2566//2566 2567//2567 2568//2568
f 2569//2569 2570//2570 2571//2571
f 2572//2572 2573//2573 2574//2574
f 2575//2575 2576//2576 2577//2577
f 2578//2578 2579//2579 2580//2580
f 2581//2581 2582//2582 2583//2583
f 2584//2584 2585//2585 2586//2586
f 2587//2587 2588//2588 2589//2589
f 2590//2590 2591//2591 2592//2592
f 2593//2593 2594//2594 2595//2595
f 2596//2596 2597//2597 2598//2598
f 2599//2599 2600//2600 2601//2601
f 2602//2602 2603//2603 2604//2604
f 2605//2605 2606//2606 2607//2607
f 2608//2608 2609//2609 2610//2610
f 2611//2611 2612//2612 2613//2613
f 2614//2614 2615//2615 2616//2616
f 2617//2617 2618//2618 2619//2619
f 2620//2620 2621//2621 2622//2622
f 2623//2623 2624//2624 2625//2625
f 2626//2626 2627//2627 2628//2628
f 2629//2629 2630//2630 2631//2631
f 2632//2632 2633//2633 2634//2634
f 2635//2635 2636//2636 2637//2637
f 2638//2638 2639//2639 2640//2640
f 2641//2641 2642//2642 2643//2643
f 2644//2644 2645//2645 2646//2646
f 2647//2647 2648//2648 2649//2649
f 2650//2650 2651//2651 2652//2652
f 2653//2653 2654//2654 2655//2655
f 2656//2656 2657//2657 2658//2658
f 2659//2659 2660//2660 2661//2661
f 2662//2662 2663//2663 2664//2664
f 2665//2665 2666//2666 2667//2667
f 2668//2668 2669//2669 2670//2670
f 2671//2671 2672//2672 2673//2673
f 2674//2674 2675//2675 2676//2676
f 2677//2677 2678//2678 2679//2679
f 2680//2680 2681//2681 2682//2682
f 2683//2683 2684//2684 2685//2685
f 2686//2686 2687//2687 2688//2688
f 2689//2689 2690//2690 2691//2691
f 2692//2692 2693//2693 2694//2694
f 2695//2695 2696//2696 2697//2697
f 2698//2698 2699//2699 2700//2700
f 2701//2701 2702//2702 2703//2703
f 2704//2704 2705//2705 2706//2706
f 2707//2707 2708//2708 2709//2709
f 2710//2710 2711//2711 2712//2712
f 2713//2713 2714//2714 2715//2715
f 2716//2716 2717//2717 2718//2718
f 2719//2719 2720//2720 2721//2721
f 2722//2722 2723//2723 2724//2724
f 2725//2725 2726//2726 2727//2727
f 2728//2728 2729//2729 2730//2730
f 2731//2731 2732//2732 2733//2733
f 2734//2734 2735//2735 2736//2736
f 2737//2737 2738//2738 2739//2739
f 2740//2740 2741//2741 2742//2742
f 2743//2743 2744//2744 2745//2745
f 2746//2746 2747//2747 2748//2748
f 2749//2749 2750//2750 2751//2751
f 2752//2752 2753//2753 2754//2754
f 2755//2755 2756//2756 2757//2757
f 2758//2758 2759//2759 2760//2760
f 2761//2761 2762//2762 2763//2763
f 2764//2764 2765//2765 2766//2766
f 2767//2767 2768//2768 2769//2769
f 2770//2770 2771//2771 2772//2772
f 2773//2773 2774//2774 2775//2775
f 2776//2776 2777//2777 2778//2778
f 2779//2779 2780//2780 2781//2781
f 2782//2782 2783//2783 2784//2784
f 2785//2785 2786//2786 2787//2787
f 2788//2788 2789//2789 2790//2790
f 2791//2791 2792//2792 2793//2793
f 2794//2794 2795//2795 2796//2796
f 2797//2797 2798//2798 2799//2799
f 2800//2800 2801//2801 2802//2802
f 2803//2803 2804//2804 2805//2805
f 2806//2806 2807//2807 2808//2808
f 2809//2809 2810//2810 2811//2811
f 2812//2812 2813//2813 2814//2814
f 2815//2815 2816//2816 2817//2817
f 2818//2818 2819//2819 2820//2820
f 2821//2821 2822//2822 2823//2823
f 2824//2824 2825//2825 2826//2826
f 2827//2827 2828//2828 2829//2829
f 2830//2830 2831//2831 2832//2832
f 2833//2833 2834//2834 2835//2835
f 2836//2836 2837//2837 2838//2838
f 2839//2839 2840//2840 2841//2841
f 2842//2842 2843//2843 2844//2844
f 2845//2845 2846//2846 2847//2847
f 2848//2848 2849//2849 2850//2850
f 2851//2851 2852//2852 2853//2853
f 2854//2854 2855//2855 2856//2856
f 2857//2857 2858//2858 2859//2859
f 2860//2860 2861//2861 2862//2862
f 2863//2863 2864//2864 2865//2865
f 2866//2866 2867//2867 2868//2868
f 2869//2869 2870//2870 2871//2871
f 2872//2872 2873//2873 2874//2874
f 2875//2875 2876//2876 2877//2877
f 2878//2878 2879//2879 2880//2880
f 2881//2881 2882//2882 2883//2883
f 2884//2884 2885//2885 2886//2886
f 2887//2887 2888//2888 2889//2889
f 2890//2890 2891//2891 2892//2892
f 2893//2893 2894//2894 2895//2895
f 2896//2896 2897//2897 2898//2898
f 2899//2899 2900//2900 2901//2901
f 2902//2902 2903//2903 2904//2904
f 2905//2905 2906//2906 2907//2907
f 2908//2908 2909//2909 2910//2910
f 2911//2911 2912//2912 2913//2913
f 2914//2914 2915//2915 2916//2916
f 2917//2917 2918//2918 2919//2919
f 2920//2920 2921//2921 2922//2922
f 2923//2923 2924//2924 2925//2925
f 2926//2926 2927//2927 2928//2928
f 2929//2929 2930//2930 2931//2931
f 2932//2932 2933//2933 2934//2934
f 2935//2935 2936//2936 2937//2937
f 2938//2938 2939//2939 2940//2940
f 2941//2941 2942//2942 2943//2943
f 2944//2944 2945//2945 2946//2946
f 2947//2947 2948//2948 2949//2949
f 2950//2950 2951//2951 2952//2952
f 2953//2953 2954//2954 2955//2955
f 2956//2956 2957//2957 2958//2958
f 2959//2959 2960//2960 2961//2961
f 2962//2962 2963//2963 2964//2964
f 2965//2965 2966//2966 2967//2967
f 2968//2968 2969//2969 2970//2970
f 2971//2971 2972//2972 2973//2973
f 2974//2974 2975//2975 2976//2976
f 2977//2977 2978//2978 2979//2979
f 2980//2980 2981//2981 2982//2982
f 2983//2983 2984//2984 2985//2985
f 2986//2986 2987//2987 2988//2988
f 2989//2989 2990//2990 2991//2991
f 2992//2992 2993//2993 2994//2994
f 2995//2995 2996//2996 2997//2997
f 2998//2998 2999//2999 3000//3000
f 3001//3001 3002//3002 3003//3003
f 3004//3004 3005//3005 3006//3006
f 3007//3007 3008//3008 3009//3009
f 3010//3010 3011//3011 3012//3012
f 3013//3013 3014//3014 3015//3015
f 3016//3016 3017//3017 3018//3018
f 3019//3019 3020//3020 3021//3021
f 3022//3022 3023//3023 3024//3024
f 3025//3025 3026//3026 3027//3027
f 3028//3028 3029//3029 3030//3030
f 3031//3031 3032//3032 3033//3033
f 3034//3034 3035//3035 3036//3036
f 3037//3037 3038//3038 3039//3039
f 3040//3040 3041//3041 3042//3042
f 3043//3043 3044//3044 3045//3045
f 3046//3046 3047//3047 3048//3048
f 3049//3049 3050//3050 3051//3051
f 3052//3052 3053//3053 3054//3054
f 3055//3055 3056//3056 3057//3057
f 3058//3058 3059//3059 3060//3060
f 3061//3061 3062//3062 3063//3063
f 3064//3064 3065//3065 3066//3066
f 3067//3067 3068//3068 3069//3069
f 3070//3070 3071//3071 3072//3072
f 3073//3073 3074//3074 3075//3075
f 3076//3076 3077//3077 3078//3078
f 3079//3079 3080//3080 3081//3081
f 3082//3082 3083//3083 3084//3084
f 3085//3085 3086//3086 3087//3087
f 3088//3088 3089//3089 3090//3090
f 3091//3091 3092//3092 3093//3093
f 3094//3094 3095//3095 3096//3096
f 3097//3097 3098//3098 3099//3099
f 3100//3100 3101//3101 3102//3102
f 3103//3103 3104//3104 3105//3105
f 3106//3106 3107//3107 3108//3108
f 3109//3109 3110//3110 3111//3111
f 3112//3112 3113//3113 3114//3114
f 3115//3115 3116//3116 3117//3117
f 3118//3118 3119//3119 3120//3120
f 3121//3121 3122//3122 3123//3123
f 3124//3124 3125//3125 3126//3126
f 3127//3127 3128//3128 3129//3129
f 3130//3130 3131//3131 3132//3132
f 3133//3133 3134//3134 3135//3135
f 3136//3136 3137//3137 3138//3138
f 3139//3139 3140//3140 3141//3141
f 3142//3142 3143//3143 3144//3144
f 3145//3145 3146//3146 3147//3147
f 3148//3148 3149//3149 3150//3150
f 3151//3151 3152//3152 3153//3153
f 3154//3154 3155//3155 3156//3156
f 3157//3157 3158//3158 3159//3159
f 3160//3160 3161//3161 3162//3162
f 3163//3163 3164//3164 3165//3165
f 3166//3166 3167//3167 3168//3168
f 3169//3169 3170//3170 3171//3171
f 3172//3172 3173//3173 3174//3174
f 3175//3175 3176//3176 3177//3177
f 3178//3178 3179//3179 3180//3180
f 3181//3181 3182//3182 3183//3183
f 3184//3184 3185//3185 3186//3186
f 3187//3187 3188//3188 3189//3189
f 3190//3190 3191//3191 3192//3192
f 3193//3193 3194//3194 3195//3195
f 3196//3196 3197//3197 3198//3198
f 3199//3199 3200//3200 3201//3201
f 3202//3202 3203//3203 3204//3204
f 3205//3205 3206//3206 3207//3207
f 3208//3208 3209//3209 3210//3210
f 3211//3211 3212//3212 3213//3213
f 3214//3214 3215//3215 3216//3216
f 3217//3217 3218//3218 3219//3219
f 3220//3220 3221//3221 3222//3222
f 3223//3223 3224//3224 3225//3225
f 3226//3226 3227//3227 3228//3228
f 3229//3229 3230//3230 3231//3231
f 3232//3232 3233//3233 3234//3234
f 3235//3235 3236//3236 3237//3237
f 3238//3238 3239//3239 3240//3240
f 3241//3241 3242//3242 3243//3243
f 3244//3244 3245//3245 3246//3246
f 3247//3247 3248//3248 3249//3249
f 3250//3250 3251//3251 3252//3252
f 3253//3253 3254//3254 3255//3255
f 3256//3256 3257//3257 3258//3258
f 3259//3259 3260//3260 3261//3261
f 3262//3262 3263//3263 3264//3264
f 3265//3265 3266//3266 3267//3267
f 3268//3268 3269//3269 3270//3270
f 3271//3271 3272//3272 3273//3273
f 3274//3274 3275//3275 3276//3276
f 3277//3277 3278//3278 3279//3279
f 3280//3280 3281//3281 3282//3282
f 3283//3283 3284//3284 3285//3285
f 3286//3286 3287//3287 3288//3288
f 3289//3289 3290//3290 3291//3291
f 3292//3292 3293//3293 3294//3294
f 3295//3295 3296//3296 3297//3297
f 3298//3298 3299//3299 3300//3300
f 3301//3301 3302//3302 3303//3303
f 3304//3304 3305//3305 3306//3306
f 3307//3307 3308//3308 3309//3309
f 3310//3310 3311//3311 3312//3312
f 3313//3313 3314//3314 3315//3315
f 3316//3316 3317//3317 3318//3318
f 3319//3319 3320//3320 3321//3321
f 3322//3322 3323//3323 3324//3324
f 3325//3325 3326//3326 3327//3327
f 3328//3328 3329//3329 3330//3330
f 3331//3331 3332//3332 3333//3333
f 3334//3334 3335//3335 3336//3336
f 3337//3337 3338//3338 3339//3339
f 3340//3340 3341//3341 3342//3342
f 3343//3343 3344//3344 3345//3345
f 3346//3346 3347//3347 3348//3348
f 3349//3349 3350//3350 3351//3351
f 3352//3352 3353//3353 3354//3354
f 3355//3355 3356//3356 3357//3357
f 3358//3358 3359//3359 3360//3360
f 3361//3361 3362//3362 3363//3363
f 3364//3364 3365//3365 3366//3366
f 3367//3367 3368//3368 3369//3369
f 3370//3370 3371//3371 3372//3372
f 3373//3373 3374//3374 3375//3375
f 3376//3376 3377//3377 3378//3378
f 3379//3379 3380//3380 3381//3381
f 3382//3382 3383//3383 3384//3384
f 3385//3385 3386//3386 3387//3387
f 3388//3388 3389//3389 3390//3390
f 3391//3391 3392//3392 3393//3393
f 3394//3394 3395//3395 3396//3396
f 3397//3397 3398//3398 3399//3399
f 3400//3400 3401//3401 3402//3402
f 3403//3403 3404//3404 3405//3405
f 3406//3406 3407//3407 3408//3408
f 3409//3409 3410//3410 3411//3411
f 3412//3412 3413//3413 3414//3414
f 3415//3415 3416//3416 3417//3417
f 3418//3418 3419//3419 3420//3420
f 3421//3421 3422//3422 3423//3423
f 3424//3424 3425//3425 3426//3426
f 3427//3427 3428//3428 3429//3429
f 3430//3430 3431//3431 3432//3432
f 3433//3433 3434//3434 3435//3435
f 3436//3436 3437//3437 3438//3438
f 3439//3439 3440//3440 3441//3441
f 3442//3442 3443//3443 3444//3444
f 3445//3445 3446//3446 3447//3447
f 3448//3448 3449//3449 3450//3450
f 3451//3451 3452//3452 3453//3453
f 3454//3454 3455//3455 3456//3456
f 3457//3457 3458//3458 3459//3459
f 3460//3460 3461//3461 3462//3462
f 3463//3463 3464//3464 3465//3465
f 3466//3466 3467//3467 3468//3468
f 3469//3469 3470//3470 3471//3471
f 3472//3472 3473//3473 3474//3474
f 3475//3475 3476//3476 3477//3477
f 3478//3478 3479//3479 3480//3480
f 3481//3481 3482//3482 3483//3483
f 3484//3484 3485//3485 3486//3486
f 3487//3487 3488//3488 3489//3489
f 3490//3490 3491//3491 3492//3492
f 3493//3493 3494//3494 3495//3495
f 3496//3496 3497//3497 3498//3498
f 3499//3499 3500//3500 3501//3501
f 3502//3502 3503//3503 3504//3504
f 3505//3505 3506//3506 3507//3507
f 3508//3508 3509//3509 3510//3510
f 3511//3511 3512//3512 3513//3513
f 3514//3514 3515//3515 3516//3516
f 3517//3517 3518//3518 3519//3519
f 3520//3520 3521//3521 3522//3522
f 3523//3523 3524//3524 3525//3525
f 3526//3526 3527//3527 3528//3528
f 3529//3529 3530//3530 3531//3531
f 3532//3532 3533//3533 3534//3534
f 3535//3535 3536//3536 3537//3537
f 3538//3538 3539//3539 3540//3540
f 3541//3541 3542//3542 3543//3543
f 3544//3544 3545//3545 3546//3546
f 3547//3547 3548//3548 3549//3549
f 3550//3550 3551//3551 3552//3552
f 3553//3553 3554//3554 3555//3555
f 3556//3556 3557//3557 3558//3558
f 3559//3559 3560//3560 3561//3561
f 3562//3562 3563//3563 3564//3564
f 3565//3565 3566//3566 3567//3567
f 3568//3568 3569//3569 3570//3570
f 3571//3571 3572//3572 3573//3573
f 3574//3574 3575//3575 3576//3576
f 3577//3577 3578//3578 3579//3579
f 3580//3580 3581//3581 3582//3582
f 3583//3583 3584//3584 3585//3585
f 3586//3586 3587//3587 3588//3588
f 3589//3589 3590//3590 3591//3591
f 3592//3592 3593//3593 3594//3594
f 3595//3595 3596//3596 3597//3597
f 3598//3598 3599//3599 3600//3600
f 3601//3601 3602//3602 3603//3603
f 3604//3604 3605//3605 3606//3606
f 3607//3607 3608//3608 3609//3609
f 3610//3610 3611//3611 3612//3612
f 3613//3613 3614//3614 3615//3615
f 3616//3616 3617//3617 3618//3618
f 3619//3619 3620//3620 3621//3621
f 3622//3622 3623//3623 3624//3624
f 3625//3625 3626//3626 3627//3627
f 3628//3628 3629//3629 3630//3630
f 3631//3631 3632//3632 3633//3633
f 3634//3634 3635//3635 3636//3636
f 3637//3637 3638//3638 3639//3639
f 3640//3640 3641//3641 3642//3642
f 3643//3643 3644//3644 3645//3645
f 3646//3646 3647//3647 3648//3648
f 3649//3649 3650//3650 3651//3651
f 3652//3652 3653//3653 3654//3654
f 3655//3655 3656//3656 3657//3657
f 3658//3658 3659//3659 3660//3660
f 3661//3661 3662//3662 3663//3663
f 3664//3664 3665//3665 3666//3666
f 3667//3667 3668//3668 3669//3669
f 3670//3670 3671//3671 3672//3672
f 3673//3673 3674//3674 3675//3675
f 3676//3676 3677//3677 3678//3678
f 3679//3679 3680//3680 3681//3681
f 3682//3682 3683//3683 3684//3684
f 3685//3685 3686//3686 3687//3687
f 3688//3688 3689//3689 3690//3690
f 3691//3691 3692//3692 3693//3693
f 3694//3694 3695//3695 3696//3696
f 3697//3697 3698//3698 3699//3699
f 3700//3700 3701//3701 3702//3702
f 3703//3703 3704//3704 3705//3705
f 3706//3706 3707//3707 3708//3708
f 3709//3709 3710//3710 3711//3711
f 3712//3712 3713//3713 3714//3714
f 3715//3715 3716//3716 3717//3717
f 3718//3718 3719//3719 3720//3720
f 3721//3721 3722//3722 3723//3723
f 3724//3724 3725//3725 3726//3726
f 3727//3727 3728//3728 3729//3729
f 3730//3730 3731//3731 3732//3732
f 3733//3733 3734//3734 3735//3735
f 3736//3736 3737//3737 3738//3738
f 3739//3739 3740//3740 3741//3741
f 3742//3742 3743//3743 3744//3744
f 3745//3745 3746//3746 3747//3747
f 3748//3748 3749//3749 3750//3750
f 3751//3751 3752//3752 3753//3753
f 3754//3754 3755//3755 3756//3756
f 3757//3757 3758//3758 3759//3759
f 3760//3760 3761//3761 3762//3762
f 3763//3763 3764//3764 3765//3765
f 3766//3766 3767//3767 3768//3768
f 3769//3769 3770//3770 3771//3771
f 3772//3772 3773//3773 3774//3774
f 3775//3775 3776//3776 3777//3777
f 3778//3778 3779//3779 3780//3780
f 3781//3781 3782//3782 3783//3783
f 3784//3784 3785//3785 3786//3786
f 3787//3787 3788//3788 3789//3789
f 3790//3790 3791//3791 3792//3792
f 3793//3793 3794//3794 3795//3795
f 3796//3796 3797//3797 3798//3798
f 3799//3799 3800//3800 3801//3801
f 3802//3802 3803//3803 3804//3804
f 3805//3805 3806//3806 3807//3807
f 3808//3808 3809//3809 3810//3810
f 3811//3811 3812//3812 3813//3813
f 3814//3814 3815//3815 3816//3816
f 3817//3817 3818//3818 3819//3819
f 3820//3820 3821//3821 3822//3822
f 3823//3823 3824//3824 3825//3825
f 3826//3826 3827//3827 3828//3828
f 3829//3829 3830//3830 3831//3831
f 3832//3832 3833//3833 3834//3834
f 3835//3835 3836//3836 3837//3837
f 3838//3838 3839//3839 3840//3840
f 3841//3841 3842//3842 3843//3843
f 3844//3844 3845//3845 3846//3846
f 3847//3847 3848//3848 3849//3849
f 3850//3850 3851//3851 3852//3852
f 3853//3853 3854//3854 3855//3855
f 3856//3856 3857//3857 3858//3858
f 3859//3859 3860//3860 3861//3861
f 3862//3862 3863//3863 3864//3864
f 3865//3865 3866//3866 3867//3867
f 3868//3868 3869//3869 3870//3870
f 3871//3871 3872//3872 3873//3873
f 3874//3874 3875//3875 3876//3876
f 3877//3877 3878//3878 3879//3879
f 3880//3880 3881//3881 3882//3882
f 3883//3883 3884//3884 3885//3885
f 3886//3886 3887//3887 3888//3888
f 3889//3889 3890//3890 3891//3891
f 3892//3892 3893//3893 3894//3894
f 3895//3895 3896//3896 3897//3897
f 3898//3898 3899//3899 3900//3900
f 3901//3901 3902//3902 3903//3903
f 3904//3904 3905//3905 3906//3906
f 3907//3907 3908//3908 3909//3909
f 3910//3910 3911//3911 3912//3912
f 3913//3913 3914//3914 3915//3915
f 3916//3916 3917//3917 3918//3918
f 3919//3919 3920//3920 3921//3921
f 3922//3922 3923//3923 3924//3924
f 3925//3925 3926//3926 3927//3927
f 3928//3928 3929//3929 3930//3930
f 3931//3931 3932//3932 3933//3933
f 3934//3934 3935//3935 3936//3936
f 3937//3937 3938//3938 3939//3939
f 3940//3940 3941//3941 3942//3942
f 3943//3943 3944//3944 3945//3945
f 3946//3946 3947//3947 3948//3948
f 3949//3949 3950//3950 3951//3951
f 3952//3952 3953//3953 3954//3954
f 3955//3955 3956//3956 3957//3957
f 3958//3958 3959//3959 3960//3960
f 3961//3961 3962//3962 3963//3963
f 3964//3964 3965//3965 3966//3966
f 3967//3967 3968//3968 3969//3969
f 3970//3970 3971//3971 3972//3972
f 3973//3973 3974//3974 3975//3975
f 3976//3976 3977//3977 3978//3978
f 3979//3979 3980//3980 3981//3981
f 3982//3982 3983//3983 3984//3984
f 3985//3985 3986//3986 3987//3987
f 3988//3988 3989//3989 3990//3990
f 3991//3991 3992//3992 3993//3993
f 3994//3994 3995//3995 3996//3996
f 3997//3997 3998//3998 3999//3999
f 4000//4000 4001//4001 4002//4002
f 4003//4003 4004//4004 4005//4005
f 4006//4006 4007//4007 4008//4008
f 4009//4009 4010//4010 4011//4011
f 4012//4012 4013//4013 4014//4014
f 4015//4015 4016//4016 4017//4017
f 4018//4018 4019//4019 4020//4020
f 4021//4021 4022//4022 4023//4023
f 4024//4024 4025//4025 4026//4026
f 4027//4027 4028//4028 4029//4029
f 4030//4030 4031//4031 4032//4032
f 4033//4033 4034//4034 4035//4035
f 4036//4036 4037//4037 4038//4038
f 4039//4039 4040//4040 4041//4041
f 4042//4042 4043//4043 4044//4044
f 4045//4045 4046//4046 4047//4047
f 4048//4048 4049//4049 4050//4050
f 4051//4051 4052//4052 4053//4053
f 4054//4054 4055//4055 4056//4056
f 4057//4057 4058//4058 4059//4059
f 4060//4060 4061//4061 4062//4062
f 4063//4063 4064//4064 4065//4065
f 4066//4066 4067//4067 4068//4068
f 4069//4069 4070//4070 4071//4071
f 4072//4072 4073//4073 4074//4074
f 4075//4075 4076//4076 4077//4077
f 4078//4078 4079//4079 4080//4080
f 4081//4081 4082//4082 4083//4083
f 4084//4084 4085//4085 4086//4086
f 4087//4087 4088//4088 4089//4089
f 4090//4090 4091//4091 4092//4092
f 4093//4093 4094//4094 4095//4095
f 4096//4096 4097//4097 4098//4098
f 4099//4099 4100//4100 4101//4101
f 4102//4102 4103//4103 4104//4104
f 4105//4105 4106//4106 4107//4107
f 4108//4108 4109//4109 4110//4110
f 4111//4111 4112//4112 4113//4113
f 4114//4114 4115//4115 4116//4116
f 4117//4117 4118//4118 4119//4119
f 4120//4120 4121//4121 4122//4122
f 4123//4123 4124//4124 4125//4125
f 4126//4126 4127//4127 4128//4128
f 4129//4129 4130//4130 4131//4131
f 4132//4132 4133//4133 4134//4134
f 4135//4135 4136//4136 4137//4137
f 4138//4138 4139//4139 4140//4140
f 4141//4141 4142//4142 4143//4143
f 4144//4144 4145//4145 4146//4146
f 4147//4147 4148//4148 4149//4149
f 4150//4150 4151//4151 4152//4152
f 4153//4153 4154//4154 4155//4155
f 4156//4156 4157//4157 4158//4158
f 4159//4159 4160//4160 4161//4161
f 4162//4162 4163//4163 4164//4164
f 4165//4165 4166//4166 4167//4167
f 4168//4168 4169//4169 4170//4170
f 4171//4171 4172//4172 4173//4173
f 4174//4174 4175//4175 4176//4176
f 4177//4177 4178//4178 4179//4179
f 4180//4180 4181//4181 4182//4182
f 4183//4183 4184//4184 4185//4185
f 4186//4186 4187//4187 4188//4188
f 4189//4189 4190//4190 4191//4191
f 4192//4192 4193//4193 4194//4194
f 4195//4195 4196//4196 4197//4197
f 4198//4198 4199//4199 4200//4200
f 4201//4201 4202//4202 4203//4203
f 4204//4204 4205//4205 4206//4206
f 4207//4207 4208//4208 4209//4209
f 4210//4210 4211//4211 4212//4212
f 4213//4213 4214//4214 4215//4215
f 4216//4216 4217//4217 4218//4218
f 4219//4219 4220//4220 4221//4221
f 4222//4222 4223//4223 4224//4224
f 4225//4225 4226//4226 4227//4227
f 4228//4228 4229//4229 4230//4230
f 4231//4231 4232//4232 4233//4233
f 4234//4234 4235//4235 4236//4236
f 4237//4237 4238//4238 4239//4239
f 4240//4240 4241//4241 4242//4242
f 4243//4243 4244//4244 4245//4245
f 4246//4246 4247//4247 4248//4248
f 4249//4249 4250//4250 4251//4251
f 4252//4252 4253//4253 4254//4254
f 4255//4255 4256//4256 4257//4257
f 4258//4258 4259//4259 4260//4260
f 4261//4261 4262//4262 4263//4263
f 4264//4264 4265//4265 4266//4266
f 4267//4267 4268//4268 4269//4269
f 4270//4270 4271//4271 4272//4272
f 4273//4273 4274//4274 4275//4275
f 4276//4276 4277//4277 4278//4278
f 4279//4279 4280//4280 4281//4281
f 4282//4282 4283//4283 4284//4284
f 4285//4285 4286//4286 4287//4287
f 4288//4288 4289//4289 4290//4290
f 4291//4291 4292//4292 4293//4293
f 4294//4294 4295//4295 4296//4296
f 4297//4297 4298//4298 4299//4299
f 4300//4300 4301//4301 4302//4302
f 4303//4303 4304//4304 4305//4305
f 4306//4306 4307//4307 4308//4308
f 4309//4309 4310//4310 4311//4311
f 4312//4312 4313//4313 4314//4314
f 4315//4315 4316//4316 4317//4317
f 4318//4318 4319//4319 4320//4320
f 4321//4321 4322//4322 4323//4323
f 4324//4324 4325//4325 4326//4326
f 4327//4327 4328//4328 4329//4329
f 4330//4330 4331//4331 4332//4332
f 4333//4333 4334//4334 4335//4335
f 4336//4336 4337//4337 4338//4338
f 4339//4339 4340//4340 4341//4341
f 4342//4342 4343//4343 4344//4344
f 4345//4345 4346//4346 4347//4347
f 4348//4348 4349//4349 4350//4350
f 4351//4351 4352//4352 4353//4353
f 4354//4354 4355//4355 4356//4356
f 4357//4357 4358//4358 4359//4359
f 4360//4360 4361//4361 4362//4362
f 4363//4363 4364//4364 4365//4365
f 4366//4366 4367//4367 4368//4368
f 4369//4369 4370//4370 4371//4371
f 4372//4372 4373//4373 4374//4374
f 4375//4375 4376//4376 4377//4377
f 4378//4378 4379//4379 4380//4380
f 4381//4381 4382//4382 4383//4383
f 4384//4384 4385//4385 4386//4386
f 4387//4387 4388//4388 4389//4389
f 4390//4390 4391//4391 4392//4392
f 4393//4393 4394//4394 4395//4395
f 4396//4396 4397//4397 4398//4398
f 4399//4399 4400//4400 4401//4401
f 4402//4402 4403//4403 4404//4404
f 4405//4405 4406//4406 4407//4407
f 4408//4408 4409//4409 4410//4410
f 4411//4411 4412//4412 4413//4413
f 4414//4414 4415//4415 4416//4416
f 4417//4417 4418//4418 4419//4419
f 4420//4420 4421//4421 4422//4422
f 4423//4423 4424//4424 4425//4425
f 4426//4426 4427//4427 4428//4428
f 4429//4429 4430//4430 4431//4431
f 4432//4432 4433//4433 4434//4434
f 4435//4435 4436//4436 4437//4437
f 4438//4438 4439//4439 4440//4440
f 4441//4441 4442//4442 4443//4443
f 4444//4444 4445//4445 4446//4446
f 4447//4447 4448//4448 4449//4449
f 4450//4450 4451//4451 4452//4452
f 4453//4453 4454//4454 4455//4455
f 4456//4456 4457//4457 4458//4458
f 4459//4459 4460//4460 4461//4461
f 4462//4462 4463//4463 4464//4464
f 4465//4465 4466//4466 4467//4467
f 4468//4468 4469//4469 4470//4470
f 4471//4471 4472//4472 4473//4473
f 4474//4474 4475//4475 4476//4476
f 4477//4477 4478//4478 4479//4479
f 4480//4480 4481//4481 4482//4482
f 4483//4483 4484//4484 4485//4485
f 4486//4486 4487//4487 4488//4488
f 4489//4489 4490//4490 4491//4491
f 4492//4492 4493//4493 4494//4494
f 4495//4495 4496//4496 4497//4497
f 4498//4498 4499//4499 4500//4500
