# 14_person — split from wip_-_lowpoly_people_-_1.glb
# WIP - Lowpoly People - 1 by Loic Norgeot, CC-BY-4.0
# https://sketchfab.com/3d-models/wip-lowpoly-people-1-8cfd467af4334ea384d854109865f939
v 109.331410 0.135683 -125.329715
v 111.116482 0.228863 -125.809931
v 109.941696 1.002788 -124.143939
v 103.574680 3.190762 -121.523999
v 104.402276 2.250046 -123.203246
v 106.862229 2.214861 -123.057662
v 102.606486 2.825064 -122.300372
v 103.574680 3.190762 -121.523999
v 102.465681 4.211528 -121.526145
v 102.006844 4.507870 -122.807038
v 102.606486 2.825064 -122.300372
v 102.465681 4.211528 -121.526145
v 102.606486 2.825064 -122.300372
v 102.006844 4.507870 -122.807038
v 103.077760 3.151280 -123.982575
v 103.077760 3.151280 -123.982575
v 102.006844 4.507870 -122.807038
v 102.752762 6.094760 -125.305791
v 102.764356 6.956429 -122.636510
v 103.768787 7.217032 -121.774695
v 103.025731 9.541131 -121.577005
v 95.628353 31.223491 -134.737413
v 96.427970 30.718327 -137.194159
v 96.027328 28.712368 -136.246700
v 102.764356 6.956429 -122.636510
v 103.231956 8.443976 -124.993328
v 102.752762 6.094760 -125.305791
v 97.637085 2.135980 -134.886204
v 98.048853 0.604117 -134.910844
v 98.209136 1.760793 -133.665571
v 96.768020 3.415633 -130.274446
v 95.135976 3.535629 -131.318824
v 96.151095 2.661825 -131.889150
v 96.253535 78.898044 -124.397999
v 97.022511 77.807476 -122.662002
v 97.278424 78.457536 -122.467060
v 95.517187 4.726643 -130.341099
v 96.653853 4.672892 -129.696360
v 96.133874 7.868291 -131.501032
v 96.963167 91.479361 -134.709701
v 100.442616 96.447706 -135.973646
v 99.838065 92.196691 -136.326823
v 95.447869 6.910462 -133.934492
v 96.158824 4.518474 -133.811429
v 95.609109 6.231410 -132.137235
v 95.866265 12.452472 -131.059970
v 95.512310 9.163875 -132.578744
v 97.405687 9.508896 -130.932270
v 96.253535 78.898044 -124.397999
v 97.163261 77.573140 -122.489207
v 97.022511 77.807476 -122.662002
v 110.948458 0.506584 -129.145797
v 110.703854 1.193802 -130.211579
v 112.053794 0.837909 -127.567652
v 95.918894 86.490203 -125.840897
v 95.844348 80.142213 -123.911193
v 96.407514 86.830939 -124.533648
v 103.595759 43.641400 -132.061804
v 103.837230 39.062159 -135.101346
v 104.247562 45.940255 -132.019099
v 108.728698 0.017505 -124.194089
v 109.331410 0.135683 -125.329715
v 109.941696 1.002788 -124.143939
v 108.100377 0.954752 -129.195328
v 108.323018 0.235735 -128.567276
v 107.593402 1.875549 -127.976615
v 93.884468 86.003156 -129.688167
v 94.345620 88.380457 -128.935506
v 94.200226 87.609304 -129.873286
v 104.829377 91.310203 -128.446654
v 105.231773 90.543538 -128.250692
v 105.004573 89.967060 -127.705358
v 94.087454 79.052055 -138.508665
v 94.930070 81.277240 -137.657611
v 96.650088 77.107698 -138.045527
v 112.053794 0.837909 -127.567652
v 111.966889 2.026008 -127.242347
v 112.016351 1.176654 -126.135037
v 110.703854 1.193802 -130.211579
v 109.020282 2.123605 -129.351734
v 109.937074 2.908151 -129.200220
v 107.175199 10.541648 -121.822017
v 106.108013 8.534384 -121.085988
v 108.192347 8.492225 -122.098432
v 111.315779 42.059760 -129.251574
v 108.752158 31.213810 -128.965124
v 108.178555 40.625035 -131.187149
v 103.415152 11.063218 -125.313421
v 104.129011 9.275633 -126.404633
v 103.231956 8.443976 -124.993328
v 108.339835 10.415076 -126.456121
v 108.261836 12.242931 -122.260297
v 108.911450 8.285474 -125.517485
v 102.625025 84.714144 -130.435242
v 102.082013 82.932132 -130.229792
v 102.599076 86.350751 -132.123978
v 96.223228 46.169364 -141.109881
v 95.939626 48.149696 -140.416296
v 95.319863 49.750480 -140.136675
v 103.449671 78.751110 -132.121652
v 99.243079 81.620210 -132.977627
v 101.641595 81.942624 -130.519600
v 100.776330 99.674249 -127.675068
v 103.738291 99.430561 -129.797517
v 102.886753 99.473625 -130.705756
v 91.213720 61.380113 -135.605162
v 91.985552 58.191664 -136.955256
v 93.071765 59.284157 -134.994808
v 103.952004 62.858552 -121.539895
v 100.942105 63.564921 -121.240843
v 104.781673 61.160040 -121.370866
v 108.859391 8.967357 -123.326306
v 108.911450 8.285474 -125.517485
v 107.175199 10.541648 -121.822017
v 108.261836 12.242931 -122.260297
v 107.175199 10.541648 -121.822017
v 108.911450 8.285474 -125.517485
v 111.213546 45.723860 -129.856776
v 110.673648 50.220887 -128.963745
v 112.121457 48.429348 -127.265023
v 105.874656 90.896379 -127.562630
v 105.097678 89.949369 -128.080682
v 105.457816 86.819666 -128.416532
v 93.149834 55.023141 -133.072058
v 93.578591 56.470133 -129.875591
v 92.774302 56.263364 -133.486449
v 107.349439 9.571760 -127.118163
v 108.339835 10.415076 -126.456121
v 108.911450 8.285474 -125.517485
v 111.966889 2.026008 -127.242347
v 110.703854 1.193802 -130.211579
v 109.937074 2.908151 -129.200220
v 99.900900 87.730336 -134.889805
v 99.838065 92.196691 -136.326823
v 100.703673 87.771183 -134.073981
v 93.149834 55.023141 -133.072058
v 92.201099 52.579386 -131.316724
v 93.578591 56.470133 -129.875591
v 110.578136 44.056799 -123.201675
v 111.036536 42.489241 -124.713149
v 112.282261 44.666063 -124.447901
v 110.578136 44.056799 -123.201675
v 112.379598 45.394038 -122.785188
v 110.741615 46.139847 -122.769320
v 110.578136 44.056799 -123.201675
v 112.282261 44.666063 -124.447901
v 112.379598 45.394038 -122.785188
v 104.605025 49.691777 -134.044174
v 105.835065 49.375905 -133.823146
v 105.654419 48.597198 -132.369249
v 103.077760 3.151280 -123.982575
v 104.402276 2.250046 -123.203246
v 102.606486 2.825064 -122.300372
v 106.535162 59.455049 -119.814560
v 107.718589 59.899950 -118.627922
v 107.333141 61.648518 -118.571111
v 104.247562 45.940255 -132.019099
v 103.966593 41.340544 -137.099825
v 104.605025 49.691777 -134.044174
v 95.538562 78.908624 -124.542568
v 95.421872 79.234244 -125.128194
v 95.741357 78.625675 -124.504953
v 103.306362 93.950175 -135.738254
v 103.021707 92.944252 -135.380489
v 101.418313 91.939079 -136.301195
v 109.766886 66.103094 -128.503667
v 106.581693 67.621523 -124.738836
v 105.833670 64.838546 -123.441003
v 93.318449 77.240224 -126.503010
v 98.505838 69.281460 -121.666787
v 95.687433 77.783532 -124.349148
v 112.882096 47.165959 -121.967332
v 111.493468 45.992680 -122.622059
v 112.379598 45.394038 -122.785188
v 100.305442 49.385796 -120.967951
v 101.566530 53.533901 -120.314969
v 99.663436 53.814436 -121.012885
v 96.931001 58.205045 -125.511767
v 94.039444 60.216893 -127.578758
v 95.014459 58.074428 -127.760906
v 98.278331 29.223677 -138.008785
v 99.348166 28.736788 -138.143002
v 97.096104 20.890897 -138.100702
v 112.121457 48.429348 -127.265023
v 111.958925 51.243006 -125.619928
v 113.820550 49.275498 -126.085624
v 106.538031 96.864193 -132.580932
v 106.810526 97.694193 -132.799613
v 105.886610 97.739696 -131.515044
v 106.394054 97.059529 -129.896597
v 106.006029 97.215520 -131.118370
v 105.886610 97.739696 -131.515044
v 106.394054 97.059529 -129.896597
v 105.886610 97.739696 -131.515044
v 104.636658 98.365128 -129.078594
v 106.394054 97.059529 -129.896597
v 107.203857 96.090781 -130.163910
v 106.681131 95.913981 -130.449956
v 102.227991 57.664026 -121.312040
v 97.796015 57.474877 -125.182128
v 102.171363 56.873400 -121.700720
v 110.626925 53.812473 -125.470652
v 111.331686 53.479521 -124.606798
v 111.334416 52.023964 -125.852981
v 110.324508 59.881615 -123.808234
v 110.264469 56.855654 -124.306920
v 109.444356 60.834419 -124.450322
v 107.484796 69.635748 -124.909328
v 107.180231 68.769878 -123.852166
v 106.581693 67.621523 -124.738836
v 106.274910 93.856024 -131.997334
v 106.113415 92.449759 -131.660159
v 105.423441 93.160962 -133.148952
v 102.886753 99.473625 -130.705756
v 102.841874 99.809968 -132.223110
v 99.777355 100.488627 -129.575758
v 98.493767 91.356875 -124.317156
v 96.483716 91.357185 -125.095631
v 97.689547 88.385404 -124.890982
v 104.225322 1.455628 -136.196360
v 104.050817 1.831846 -137.481101
v 103.252410 3.129332 -134.969265
v 106.535162 59.455049 -119.814560
v 107.427706 56.349564 -120.718977
v 108.671416 55.439985 -119.478365
v 100.430884 85.125708 -135.812104
v 99.627222 86.738944 -135.898164
v 99.900900 87.730336 -134.889805
v 92.065449 82.213474 -136.561651
v 92.849237 81.217546 -137.993215
v 91.229207 80.277420 -137.343887
v 108.911450 8.285474 -125.517485
v 108.859391 8.967357 -123.326306
v 108.796630 6.804197 -123.992504
v 106.274910 93.856024 -131.997334
v 105.423441 93.160962 -133.148952
v 105.305775 93.589496 -134.346681
v 108.693412 52.728897 -121.394062
v 107.876877 54.955011 -121.377086
v 105.170127 53.742582 -120.244208
v 90.390358 78.746964 -132.085876
v 92.220106 82.774223 -129.424398
v 92.404464 83.155532 -130.862269
v 105.297071 91.672074 -134.782021
v 105.305775 93.589496 -134.346681
v 105.949141 91.747503 -133.905178
v 102.227991 57.664026 -121.312040
v 102.171363 56.873400 -121.700720
v 104.228986 57.485080 -120.452948
v 104.967888 84.855997 -129.931741
v 104.590561 83.056271 -129.320422
v 103.255311 84.104538 -129.599992
v 104.793069 8.262914 -127.353957
v 104.129011 9.275633 -126.404633
v 105.037092 9.158742 -127.784935
v 99.869170 79.792106 -134.758307
v 98.956882 79.897475 -134.254699
v 98.190374 80.522686 -134.586677
v 100.430884 85.125708 -135.812104
v 99.655366 84.340340 -136.353918
v 99.627222 86.738944 -135.898164
v 99.756754 83.710688 -135.783915
v 99.655366 84.340340 -136.353918
v 100.430884 85.125708 -135.812104
v 99.557273 82.718658 -136.519887
v 99.655366 84.340340 -136.353918
v 99.756754 83.710688 -135.783915
v 105.487955 12.147724 -127.226810
v 104.679929 11.630362 -126.816441
v 103.427450 13.591486 -126.136906
v 95.427827 58.982968 -141.163924
v 98.726460 50.054245 -142.620936
v 97.444539 48.005229 -143.471596
v 97.240218 44.156384 -141.762870
v 97.050308 44.573029 -142.559986
v 99.250655 45.455345 -142.985427
v 108.604728 25.633475 -123.283873
v 106.421620 26.697174 -121.315955
v 108.261836 12.242931 -122.260297
v 108.693412 52.728897 -121.394062
v 108.997462 53.726297 -120.445406
v 108.875790 55.050587 -120.713555
v 106.381165 96.248828 -134.103111
v 106.999759 96.933149 -134.079641
v 106.538031 96.864193 -132.580932
v 108.875790 55.050587 -120.713555
v 108.997462 53.726297 -120.445406
v 108.671416 55.439985 -119.478365
v 102.599076 86.350751 -132.123978
v 103.486944 86.664992 -131.015412
v 102.625025 84.714144 -130.435242
v 108.875790 55.050587 -120.713555
v 107.876877 54.955011 -121.377086
v 108.693412 52.728897 -121.394062
v 101.158231 42.487508 -128.750192
v 101.249276 39.299447 -127.841561
v 100.640781 44.739095 -126.507128
v 114.066482 51.113097 -123.142334
v 114.064457 50.710700 -124.474632
v 112.620872 54.285382 -124.339025
v 92.773946 48.744489 -135.972161
v 92.544611 46.240378 -134.534831
v 92.201099 52.579386 -131.316724
v 91.229207 80.277420 -137.343887
v 91.196483 81.523569 -134.921438
v 92.065449 82.213474 -136.561651
v 103.415152 11.063218 -125.313421
v 105.572179 9.948957 -127.000424
v 104.129011 9.275633 -126.404633
v 105.646442 33.674568 -122.275226
v 105.458739 29.689723 -122.147014
v 107.157560 30.123421 -122.564877
v 111.334416 52.023964 -125.852981
v 111.331686 53.479521 -124.606798
v 111.958925 51.243006 -125.619928
v 99.627222 86.738944 -135.898164
v 98.333394 89.193278 -135.881948
v 99.305074 89.577102 -135.891880
v 104.247562 45.940255 -132.019099
v 105.654419 48.597198 -132.369249
v 104.779761 44.413146 -131.679123
v 92.849237 81.217546 -137.993215
v 94.930070 81.277240 -137.657611
v 94.087454 79.052055 -138.508665
v 112.882096 47.165959 -121.967332
v 113.447676 51.062613 -121.848336
v 110.847987 56.065326 -119.842775
v 105.335286 90.642738 -127.659622
v 104.651540 93.558663 -127.122693
v 105.004573 89.967060 -127.705358
v 104.200858 85.882032 -125.646532
v 105.586623 82.447886 -126.455908
v 104.786085 89.710796 -126.641098
v 103.952004 62.858552 -121.539895
v 106.070777 62.146378 -121.425584
v 104.920646 63.394076 -122.609466
v 97.265631 85.432846 -134.982858
v 98.161847 83.186555 -135.585312
v 97.147085 82.512766 -135.264607
v 106.070777 62.146378 -121.425584
v 106.094986 63.432908 -122.135873
v 104.920646 63.394076 -122.609466
v 106.652578 63.885271 -123.165654
v 108.960315 61.733484 -123.377395
v 107.946370 62.422513 -123.990852
v 107.349439 9.571760 -127.118163
v 104.679929 11.630362 -126.816441
v 105.487955 12.147724 -127.226810
v 104.920646 63.394076 -122.609466
v 106.094986 63.432908 -122.135873
v 106.185583 64.042354 -122.850369
v 105.441879 64.614159 -122.697804
v 106.185583 64.042354 -122.850369
v 105.833670 64.838546 -123.441003
v 110.324508 59.881615 -123.808234
v 109.444356 60.834419 -124.450322
v 108.960315 61.733484 -123.377395
v 108.960315 61.733484 -123.377395
v 109.444356 60.834419 -124.450322
v 107.946370 62.422513 -123.990852
v 109.251430 65.469354 -123.058100
v 110.324508 59.881615 -123.808234
v 108.960315 61.733484 -123.377395
v 110.517966 64.166497 -122.491097
v 110.324508 59.881615 -123.808234
v 109.251430 65.469354 -123.058100
v 96.059846 61.999703 -137.972813
v 100.395740 68.364697 -138.623020
v 98.730359 61.621207 -138.218368
v 101.192727 8.138543 -133.873616
v 101.206235 7.621121 -135.656380
v 101.117490 9.661954 -134.866518
v 102.969954 75.568802 -118.619387
v 104.778268 75.729579 -118.672940
v 103.504105 77.757592 -118.650598
v 103.681062 73.599143 -119.421778
v 104.778268 75.729579 -118.672940
v 102.969954 75.568802 -118.619387
v 98.112036 27.323822 -131.281196
v 98.663797 20.700691 -130.817122
v 99.713639 26.920897 -131.662753
v 104.993478 65.706509 -122.804655
v 105.441879 64.614159 -122.697804
v 105.549106 65.241367 -122.842944
v 97.796015 57.474877 -125.182128
v 95.014459 58.074428 -127.760906
v 96.735745 52.869715 -123.539805
v 105.740953 64.662778 -122.446361
v 105.549106 65.241367 -122.842944
v 105.441879 64.614159 -122.697804
v 105.441879 64.614159 -122.697804
v 106.018515 64.923078 -122.967306
v 105.740953 64.662778 -122.446361
v 105.441879 64.614159 -122.697804
v 105.833670 64.838546 -123.441003
v 106.018515 64.923078 -122.967306
v 105.549106 65.241367 -122.842944
v 105.460217 65.941274 -122.530562
v 105.963480 65.862912 -123.223460
v 104.993478 65.706509 -122.804655
v 105.817750 65.858263 -123.648397
v 105.460217 65.941274 -122.530562
v 104.993478 65.706509 -122.804655
v 105.460217 65.941274 -122.530562
v 104.986873 66.689909 -122.254000
v 105.017517 67.803377 -121.086807
v 104.986873 66.689909 -122.254000
v 105.460217 65.941274 -122.530562
v 97.558131 83.418573 -124.444145
v 96.407514 86.830939 -124.533648
v 95.844348 80.142213 -123.911193
v 105.549106 65.241367 -122.842944
v 105.817750 65.858263 -123.648397
v 104.993478 65.706509 -122.804655
v 105.963480 65.862912 -123.223460
v 105.460217 65.941274 -122.530562
v 105.817750 65.858263 -123.648397
v 101.418313 91.939079 -136.301195
v 103.020311 91.075640 -135.933497
v 99.838065 92.196691 -136.326823
v 95.844348 80.142213 -123.911193
v 95.918894 86.490203 -125.840897
v 95.421872 79.234244 -125.128194
v 96.768020 3.415633 -130.274446
v 96.151095 2.661825 -131.889150
v 99.841822 3.949708 -132.152178
v 107.180231 68.769878 -123.852166
v 107.484796 69.635748 -124.909328
v 107.804981 68.787580 -123.843293
v 108.133771 71.271079 -124.259901
v 107.804981 68.787580 -123.843293
v 107.484796 69.635748 -124.909328
v 107.484796 69.635748 -124.909328
v 108.530408 72.135525 -125.495304
v 108.133771 71.271079 -124.259901
v 108.313678 75.044798 -125.280648
v 108.530408 72.135525 -125.495304
v 109.236850 74.835931 -126.350836
v 100.305442 49.385796 -120.967951
v 105.954682 45.105237 -120.499627
v 101.566530 53.533901 -120.314969
v 105.582877 13.092453 -120.858608
v 108.261836 12.242931 -122.260297
v 104.863315 21.426371 -120.366264
v 105.170127 53.742582 -120.244208
v 107.876877 54.955011 -121.377086
v 103.391814 55.350936 -121.227436
v 112.016351 1.176654 -126.135037
v 110.315247 3.194510 -127.430259
v 109.656994 4.310714 -125.332889
v 110.891838 55.303257 -124.804173
v 111.362471 56.650554 -124.150982
v 111.331686 53.479521 -124.606798
v 92.132578 57.976449 -138.845150
v 93.795392 51.167572 -140.115236
v 91.985552 58.191664 -136.955256
v 99.777355 100.488627 -129.575758
v 100.201691 99.850410 -132.466984
v 97.530183 99.785269 -129.134086
v 92.544611 46.240378 -134.534831
v 92.964859 45.872391 -132.268644
v 92.285560 49.555837 -130.766757
v 95.252426 86.948950 -133.111429
v 96.313107 89.306635 -134.327387
v 96.492849 82.604409 -135.512613
v 93.395056 86.708726 -128.375807
v 92.531376 83.428408 -128.303865
v 93.492283 86.584546 -127.726983
v 97.278424 78.457536 -122.467060
v 98.585413 80.040611 -122.008447
v 99.036121 83.150287 -123.061978
v 98.161847 83.186555 -135.585312
v 99.275260 83.706987 -135.240104
v 98.141967 82.468385 -134.639300
v 106.394054 97.059529 -129.896597
v 106.681131 95.913981 -130.449956
v 106.006029 97.215520 -131.118370
v 98.299462 99.446858 -127.242365
v 97.530183 99.785269 -129.134086
v 95.874172 96.764935 -127.303634
v 99.036121 83.150287 -123.061978
v 100.231449 83.416284 -123.103969
v 99.452117 84.455980 -123.681858
v 94.768295 89.296873 -130.042114
v 94.593281 93.290503 -132.008351
v 94.720849 87.346066 -131.704319
v 107.336974 81.827772 -120.766025
v 107.192274 82.964939 -122.557816
v 104.419643 82.685447 -121.030079
v 107.192274 82.964939 -122.557816
v 107.336974 81.827772 -120.766025
v 108.717301 81.683051 -122.573713
v 106.535162 59.455049 -119.814560
v 107.333141 61.648518 -118.571111
v 106.141363 61.018628 -120.715807
v 102.752350 85.881746 -125.165478
v 102.803812 84.575177 -124.239389
v 103.747173 83.901632 -125.208175
v 99.305074 89.577102 -135.891880
v 99.838065 92.196691 -136.326823
v 99.900900 87.730336 -134.889805
v 101.589500 86.203969 -125.281136
v 102.803812 84.575177 -124.239389
v 102.752350 85.881746 -125.165478
v 114.266710 46.842716 -125.629087
v 113.820550 49.275498 -126.085624
v 114.064457 50.710700 -124.474632
v 92.118281 68.276830 -129.952275
v 91.647030 71.154149 -131.811142
v 94.093435 63.038505 -131.178092
v 90.147347 75.701119 -130.105737
v 92.914949 78.762712 -127.565946
v 93.079002 81.668152 -127.511216
v 108.752158 31.213810 -128.965124
v 109.734214 31.621086 -125.258687
v 109.744959 29.874854 -127.579215
v 108.323018 0.235735 -128.567276
v 108.100377 0.954752 -129.195328
v 110.703854 1.193802 -130.211579
v 106.581693 67.621523 -124.738836
v 107.180231 68.769878 -123.852166
v 105.963480 65.862912 -123.223460
v 108.168340 81.411778 -124.612276
v 107.192274 82.964939 -122.557816
v 108.717301 81.683051 -122.573713
v 105.615698 89.361929 -129.338188
v 105.231773 90.543538 -128.250692
v 105.826159 92.393743 -128.005885
v 105.740953 64.662778 -122.446361
v 105.460217 65.941274 -122.530562
v 105.549106 65.241367 -122.842944
v 94.093435 63.038505 -131.178092
v 93.835303 61.293823 -133.856506
v 94.046319 60.178090 -129.796136
v 94.194240 52.767676 -138.125402
v 95.239734 49.931628 -139.128690
v 94.074426 44.886491 -138.438806
v 105.874656 90.896379 -127.562630
v 105.457816 86.819666 -128.416532
v 106.149373 88.447326 -128.857962
v 96.569622 34.903759 -131.330524
v 99.734581 32.904595 -130.537587
v 97.646599 39.450044 -129.962335
v 105.615698 89.361929 -129.338188
v 105.826159 92.393743 -128.005885
v 106.149373 88.447326 -128.857962
v 100.322610 0.482988 -137.538565
v 102.298811 0.891226 -137.625470
v 103.239790 0.092470 -136.914393
v 98.466702 11.912024 -131.479738
v 101.123951 10.264426 -133.582532
v 100.271497 11.041635 -133.680177
v 108.530408 72.135525 -125.495304
v 108.313678 75.044798 -125.280648
v 108.133771 71.271079 -124.259901
v 108.396995 12.343317 -124.033209
v 108.067855 23.583039 -126.079040
v 109.107107 28.131019 -125.024026
v 101.117490 9.661954 -134.866518
v 101.206235 7.621121 -135.656380
v 100.147558 10.846126 -135.876401
v 112.282261 44.666063 -124.447901
v 111.890639 42.958067 -126.990605
v 112.608823 45.172183 -126.728199
v 103.760161 0.180416 -135.901981
v 103.252410 3.129332 -134.969265
v 102.724062 0.739109 -134.322151
v 103.252410 3.129332 -134.969265
v 103.760161 0.180416 -135.901981
v 104.225322 1.455628 -136.196360
v 105.004573 89.967060 -127.705358
v 105.231773 90.543538 -128.250692
v 105.335286 90.642738 -127.659622
v 102.339397 4.107921 -136.712512
v 99.396152 7.025337 -136.874981
v 101.206235 7.621121 -135.656380
v 106.810526 97.694193 -132.799613
v 106.538031 96.864193 -132.580932
v 106.999759 96.933149 -134.079641
v 100.765268 81.157821 -134.242946
v 100.744621 82.923615 -133.709484
v 100.299103 80.161816 -133.792814
v 105.880753 95.864540 -128.416447
v 105.826159 92.393743 -128.005885
v 107.203857 96.090781 -130.163910
v 105.004322 86.171269 -129.797270
v 105.391689 88.204824 -130.488392
v 105.615698 89.361929 -129.338188
v 105.615698 89.361929 -129.338188
v 104.829377 91.310203 -128.446654
v 105.097678 89.949369 -128.080682
v 99.907003 74.932970 -120.257353
v 101.748379 75.441570 -119.761413
v 102.392344 79.652668 -119.997142
v 103.449671 78.751110 -132.121652
v 100.198648 79.073328 -133.735651
v 99.243079 81.620210 -132.977627
v 108.902346 72.405957 -131.817626
v 109.500472 72.335683 -129.844139
v 109.308900 68.376421 -130.558251
v 98.642916 11.998486 -137.108012
v 98.523382 14.156788 -137.129479
v 99.940356 11.621922 -136.657912
v 104.840195 71.037399 -135.306473
v 107.705973 67.668776 -132.796220
v 102.208596 62.291097 -138.160667
v 95.049818 43.310417 -131.524235
v 97.670358 44.815612 -129.621224
v 94.084007 45.909585 -131.224493
v 102.681477 39.925745 -129.762486
v 101.249276 39.299447 -127.841561
v 101.995035 41.192621 -130.402806
v 103.546340 42.011368 -130.654798
v 101.995035 41.192621 -130.402806
v 102.784167 41.638481 -131.200340
v 99.427919 46.541182 -126.464563
v 100.640546 45.720947 -128.303635
v 100.640781 44.739095 -126.507128
v 99.201758 46.796403 -128.129458
v 97.670358 44.815612 -129.621224
v 99.947679 45.987603 -129.205645
v 99.201758 46.796403 -128.129458
v 99.947679 45.987603 -129.205645
v 100.640546 45.720947 -128.303635
v 105.029473 48.766797 -132.260517
v 104.605025 49.691777 -134.044174
v 105.654419 48.597198 -132.369249
v 98.118862 44.887226 -140.452589
v 98.397097 43.273025 -139.828131
v 97.172451 44.956138 -139.735120
v 96.065135 45.083663 -141.530265
v 97.240218 44.156384 -141.762870
v 97.172451 44.956138 -139.735120
v 105.654419 48.597198 -132.369249
v 105.835065 49.375905 -133.823146
v 106.625285 49.017845 -132.180996
v 102.496602 99.012613 -134.405890
v 103.868046 97.324335 -135.861092
v 100.442616 96.447706 -135.973646
v 98.397097 43.273025 -139.828131
v 98.118862 44.887226 -140.452589
v 99.316666 44.841998 -141.031676
v 102.298811 0.891226 -137.625470
v 100.322610 0.482988 -137.538565
v 99.244654 2.165639 -136.821065
v 105.963480 65.862912 -123.223460
v 106.018515 64.923078 -122.967306
v 105.549106 65.241367 -122.842944
v 104.228986 57.485080 -120.452948
v 104.691230 59.098578 -121.320028
v 97.735754 59.531756 -123.494137
v 104.036449 85.404753 -129.327516
v 104.967888 84.855997 -129.931741
v 103.255311 84.104538 -129.599992
v 109.734214 31.621086 -125.258687
v 108.204898 33.670434 -123.470487
v 107.157560 30.123421 -122.564877
v 98.493767 91.356875 -124.317156
v 98.196996 88.587792 -124.142353
v 99.452117 84.455980 -123.681858
v 108.131896 27.842861 -127.287477
v 109.744959 29.874854 -127.579215
v 109.107107 28.131019 -125.024026
v 97.462105 79.941922 -136.321608
v 94.930070 81.277240 -137.657611
v 96.076105 81.649941 -136.031093
v 105.231773 90.543538 -128.250692
v 105.097678 89.949369 -128.080682
v 105.335286 90.642738 -127.659622
v 108.131896 27.842861 -127.287477
v 105.714782 28.191068 -128.993443
v 108.707895 29.024308 -128.769032
v 92.285560 49.555837 -130.766757
v 93.996424 46.848748 -129.469210
v 93.575438 49.463566 -128.241743
v 112.121457 48.429348 -127.265023
v 113.820550 49.275498 -126.085624
v 112.608823 45.172183 -126.728199
v 108.796630 6.804197 -123.992504
v 109.656994 4.310714 -125.332889
v 108.911450 8.285474 -125.517485
v 93.795392 51.167572 -140.115236
v 94.182745 51.104403 -139.171592
v 93.385460 53.260702 -137.949817
v 96.027328 28.712368 -136.246700
v 94.724033 26.653275 -135.350561
v 95.628353 31.223491 -134.737413
v 110.741615 46.139847 -122.769320
v 109.044648 50.306951 -122.439897
v 109.221714 47.547084 -121.199103
v 97.305562 21.224926 -130.442812
v 98.663797 20.700691 -130.817122
v 98.112036 27.323822 -131.281196
v 105.586623 82.447886 -126.455908
v 108.168340 81.411778 -124.612276
v 107.334247 78.734153 -128.365853
v 104.138402 86.509537 -128.587816
v 103.096157 86.876869 -129.725762
v 103.939675 87.106156 -129.191656
v 104.744855 87.641512 -134.085876
v 105.160197 86.807435 -132.795672
v 104.434753 86.341339 -133.047789
v 97.278424 78.457536 -122.467060
v 96.818860 79.986615 -123.557983
v 97.163261 77.573140 -122.489207
v 94.633559 65.039582 -133.412709
v 94.093435 63.038505 -131.178092
v 91.647030 71.154149 -131.811142
v 105.297071 91.672074 -134.782021
v 105.949141 91.747503 -133.905178
v 104.744855 87.641512 -134.085876
v 102.083037 87.225061 -134.215416
v 104.744855 87.641512 -134.085876
v 104.434753 86.341339 -133.047789
v 92.964859 45.872391 -132.268644
v 94.084007 45.909585 -131.224493
v 93.996424 46.848748 -129.469210
v 102.227026 30.896548 -126.260743
v 102.262879 26.567841 -125.039445
v 103.424594 32.461357 -123.240916
v 105.454693 81.489586 -128.402061
v 104.808977 80.940294 -129.368582
v 104.590561 83.056271 -129.320422
v 101.158231 42.487508 -128.750192
v 100.702646 39.913938 -130.031888
v 101.995035 41.192621 -130.402806
v 101.995035 41.192621 -130.402806
v 103.546340 42.011368 -130.654798
v 102.681477 39.925745 -129.762486
v 96.859152 7.044429 -135.983328
v 96.081955 8.949900 -136.582047
v 99.396152 7.025337 -136.874981
v 103.996727 95.449506 -136.114137
v 103.306362 93.950175 -135.738254
v 101.418313 91.939079 -136.301195
v 100.037197 42.854584 -129.489417
v 101.158231 42.487508 -128.750192
v 100.962058 44.066814 -128.978636
v 100.962058 44.066814 -128.978636
v 99.947679 45.987603 -129.205645
v 100.037197 42.854584 -129.489417
v 99.947679 45.987603 -129.205645
v 100.962058 44.066814 -128.978636
v 100.640546 45.720947 -128.303635
v 103.595759 43.641400 -132.061804
v 104.779761 44.413146 -131.679123
v 103.546340 42.011368 -130.654798
v 99.892584 -0.000000 -135.310289
v 100.322610 0.482988 -137.538565
v 103.239790 0.092470 -136.914393
v 96.223228 46.169364 -141.109881
v 96.869453 45.394218 -139.894476
v 96.892349 46.486890 -140.805207
v 95.319863 49.750480 -140.136675
v 96.531032 47.445741 -139.986220
v 95.239734 49.931628 -139.128690
v 96.531032 47.445741 -139.986220
v 95.319863 49.750480 -140.136675
v 95.939626 48.149696 -140.416296
v 95.319863 49.750480 -140.136675
v 94.182745 51.104403 -139.171592
v 93.795392 51.167572 -140.115236
v 95.239734 49.931628 -139.128690
v 94.182745 51.104403 -139.171592
v 95.319863 49.750480 -140.136675
v 104.651540 93.558663 -127.122693
v 104.786085 89.710796 -126.641098
v 105.004573 89.967060 -127.705358
v 89.266017 76.710786 -133.439033
v 89.867853 75.720252 -134.306500
v 91.020926 72.688575 -133.307672
v 103.239790 0.092470 -136.914393
v 104.225322 1.455628 -136.196360
v 103.760161 0.180416 -135.901981
v 105.684175 50.323134 -133.762390
v 104.605025 49.691777 -134.044174
v 104.616144 51.591830 -136.011437
v 104.605025 49.691777 -134.044174
v 105.684175 50.323134 -133.762390
v 105.835065 49.375905 -133.823146
v 105.684175 50.323134 -133.762390
v 106.625285 49.017845 -132.180996
v 105.835065 49.375905 -133.823146
v 104.616144 51.591830 -136.011437
v 104.089048 52.083884 -137.675173
v 105.157664 53.740524 -137.035197
v 104.616144 51.591830 -136.011437
v 105.157664 53.740524 -137.035197
v 107.561930 51.667784 -133.689723
v 105.694244 97.637074 -131.578056
v 105.886610 97.739696 -131.515044
v 105.599263 97.815048 -131.817011
v 100.702646 39.913938 -130.031888
v 99.734581 32.904595 -130.537587
v 101.995035 41.192621 -130.402806
v 91.719516 76.810498 -138.705309
v 91.229207 80.277420 -137.343887
v 92.849237 81.217546 -137.993215
v 100.072026 43.136900 -140.087615
v 100.078210 45.469784 -140.904913
v 100.704071 47.412910 -140.257440
v 102.496602 99.012613 -134.405890
v 99.334317 98.064619 -134.165615
v 100.201691 99.850410 -132.466984
v 100.078210 45.469784 -140.904913
v 100.095127 47.841530 -141.946483
v 100.704071 47.412910 -140.257440
v 96.492849 82.604409 -135.512613
v 96.993971 82.668030 -135.356392
v 95.647189 84.889371 -133.296797
v 93.817469 55.517227 -135.373984
v 92.774302 56.263364 -133.486449
v 93.099690 56.426961 -135.810499
v 94.927789 63.661659 -135.132169
v 95.143860 63.600511 -134.402369
v 95.594084 63.692797 -136.587013
v 95.594084 63.692797 -136.587013
v 95.143860 63.600511 -134.402369
v 96.625254 64.724797 -136.508550
v 105.694244 97.637074 -131.578056
v 106.538031 96.864193 -132.580932
v 106.006029 97.215520 -131.118370
v 104.944717 5.098742 -126.897186
v 103.077760 3.151280 -123.982575
v 102.752762 6.094760 -125.305791
v 106.538031 96.864193 -132.580932
v 105.694244 97.637074 -131.578056
v 105.599263 97.815048 -131.817011
v 96.625254 64.724797 -136.508550
v 95.143860 63.600511 -134.402369
v 95.964671 65.327728 -135.881658
v 95.006667 63.712246 -137.196058
v 95.276791 64.610833 -136.073470
v 95.594084 63.692797 -136.587013
v 96.844721 82.843709 -135.737912
v 97.265631 85.432846 -134.982858
v 96.993971 82.668030 -135.356392
v 97.081154 53.432822 -140.265646
v 97.278903 55.633539 -139.322817
v 97.702000 53.352677 -139.481466
v 97.637352 57.321256 -138.589438
v 97.278903 55.633539 -139.322817
v 96.278468 57.869947 -138.690018
v 105.397944 96.272903 -134.091126
v 105.380408 97.995197 -131.569063
v 105.614849 96.158575 -131.147998
v 105.454693 81.489586 -128.402061
v 104.590561 83.056271 -129.320422
v 104.967888 84.855997 -129.931741
v 104.616144 51.591830 -136.011437
v 102.916660 50.895881 -138.038854
v 104.089048 52.083884 -137.675173
v 105.454693 81.489586 -128.402061
v 104.967888 84.855997 -129.931741
v 106.149373 88.447326 -128.857962
v 109.251430 65.469354 -123.058100
v 108.750151 76.857411 -124.441951
v 110.024526 70.150625 -121.995039
v 103.681062 73.599143 -119.421778
v 102.110857 71.484227 -120.149064
v 104.114558 68.706483 -121.116653
v 102.913808 85.369867 -128.986484
v 102.625025 84.714144 -130.435242
v 103.096157 86.876869 -129.725762
v 101.682458 35.512932 -138.231774
v 100.072026 43.136900 -140.087615
v 101.790869 42.891019 -139.721561
v 105.614849 96.158575 -131.147998
v 106.006029 97.215520 -131.118370
v 105.281322 94.273590 -129.369875
v 94.074426 44.886491 -138.438806
v 92.544611 46.240378 -134.534831
v 92.773946 48.744489 -135.972161
v 93.578591 56.470133 -129.875591
v 95.014459 58.074428 -127.760906
v 93.182826 57.670576 -134.266497
v 93.182826 57.670576 -134.266497
v 93.099690 56.426961 -135.810499
v 92.774302 56.263364 -133.486449
v 93.835303 61.293823 -133.856506
v 93.458649 61.700363 -134.805770
v 93.071765 59.284157 -134.994808
v 97.637352 57.321256 -138.589438
v 100.036526 58.105015 -139.141029
v 97.278903 55.633539 -139.322817
v 93.071765 59.284157 -134.994808
v 93.458649 61.700363 -134.805770
v 91.213720 61.380113 -135.605162
v 103.020311 91.075640 -135.933497
v 101.418313 91.939079 -136.301195
v 103.021707 92.944252 -135.380489
v 105.397944 96.272903 -134.091126
v 105.599263 97.815048 -131.817011
v 105.380408 97.995197 -131.569063
v 96.059846 61.999703 -137.972813
v 95.330349 61.667210 -138.425950
v 95.594084 63.692797 -136.587013
v 101.124201 46.147467 -121.870047
v 97.485570 47.570140 -125.506920
v 101.515513 45.088971 -122.747620
v 107.427706 56.349564 -120.718977
v 106.535162 59.455049 -119.814560
v 106.141363 61.018628 -120.715807
v 104.707972 72.691662 -119.117347
v 103.681062 73.599143 -119.421778
v 104.114558 68.706483 -121.116653
v 94.633559 65.039582 -133.412709
v 94.497999 64.770020 -134.711776
v 95.278487 64.597083 -134.797201
v 99.836910 79.351353 -134.514231
v 99.869170 79.792106 -134.758307
v 100.299103 80.161816 -133.792814
v 90.538485 75.514020 -131.579722
v 91.371572 72.971107 -128.990503
v 90.147347 75.701119 -130.105737
v 106.185583 64.042354 -122.850369
v 106.094986 63.432908 -122.135873
v 105.740953 64.662778 -122.446361
v 108.997410 80.355906 -121.793192
v 108.717301 81.683051 -122.573713
v 107.336974 81.827772 -120.766025
v 99.316666 44.841998 -141.031676
v 100.072026 43.136900 -140.087615
v 98.397097 43.273025 -139.828131
v 95.049818 43.310417 -131.524235
v 93.497206 43.317486 -134.806639
v 95.060575 36.310477 -133.596834
v 92.914949 78.762712 -127.565946
v 94.287220 83.835234 -126.070214
v 93.079002 81.668152 -127.511216
v 93.385460 53.260702 -137.949817
v 93.503121 53.880907 -136.453150
v 93.245995 55.084950 -136.880740
v 93.817469 55.517227 -135.373984
v 93.099690 56.426961 -135.810499
v 93.245995 55.084950 -136.880740
v 93.817469 55.517227 -135.373984
v 93.245995 55.084950 -136.880740
v 93.503121 53.880907 -136.453150
v 100.234282 7.847130 -131.966377
v 101.123951 10.264426 -133.582532
v 98.466702 11.912024 -131.479738
v 95.239734 49.931628 -139.128690
v 94.194240 52.767676 -138.125402
v 94.182745 51.104403 -139.171592
v 90.748048 60.446162 -136.930087
v 92.132578 57.976449 -138.845150
v 91.985552 58.191664 -136.955256
v 96.355316 90.758670 -133.807360
v 96.963167 91.479361 -134.709701
v 96.616670 89.360220 -133.834598
v 107.409469 55.720125 -134.735385
v 107.561930 51.667784 -133.689723
v 105.157664 53.740524 -137.035197
v 97.265631 85.432846 -134.982858
v 97.147085 82.512766 -135.264607
v 96.993971 82.668030 -135.356392
v 98.154766 85.777754 -135.799158
v 97.091404 88.130796 -135.281288
v 98.333394 89.193278 -135.881948
v 100.466935 54.094880 -139.002005
v 97.278903 55.633539 -139.322817
v 99.137461 55.695706 -139.530606
v 105.378713 6.305146 -121.540600
v 104.376436 5.079312 -121.030656
v 107.112917 6.150222 -122.318106
v 98.458611 51.567351 -140.915038
v 99.084477 51.757579 -140.189706
v 100.713242 51.315348 -139.722258
v 102.122137 10.983271 -122.161120
v 103.231956 8.443976 -124.993328
v 102.764356 6.956429 -122.636510
v 102.227991 57.664026 -121.312040
v 97.414759 58.369578 -124.053937
v 96.931001 58.205045 -125.511767
v 96.059846 61.999703 -137.972813
v 98.730359 61.621207 -138.218368
v 96.278468 57.869947 -138.690018
v 96.650088 77.107698 -138.045527
v 97.497894 76.533055 -137.299656
v 97.148294 74.594164 -137.145865
v 110.045564 60.773645 -129.440030
v 107.705973 67.668776 -132.796220
v 108.939927 65.071385 -130.578287
v 106.455036 72.616040 -133.556318
v 104.840195 71.037399 -135.306473
v 104.169753 75.189458 -134.099296
v 103.239790 0.092470 -136.914393
v 103.760161 0.180416 -135.901981
v 100.622019 0.109702 -134.140479
v 92.220106 82.774223 -129.424398
v 92.531376 83.428408 -128.303865
v 93.395056 86.708726 -128.375807
v 105.880753 95.864540 -128.416447
v 105.874656 90.896379 -127.562630
v 105.826159 92.393743 -128.005885
v 99.869170 79.792106 -134.758307
v 99.836910 79.351353 -134.514231
v 99.576351 78.701764 -135.315033
v 97.148294 74.594164 -137.145865
v 97.497894 76.533055 -137.299656
v 97.471128 72.388148 -138.190738
v 99.693074 74.405753 -138.261595
v 97.497894 76.533055 -137.299656
v 98.646805 77.968061 -136.648219
v 94.647707 53.945380 -142.240662
v 90.621039 75.927872 -137.942751
v 92.292523 71.568227 -139.375541
v 103.771339 76.710522 -132.490500
v 105.189638 76.240294 -132.482292
v 104.169753 75.189458 -134.099296
v 104.590561 83.056271 -129.320422
v 104.808977 80.940294 -129.368582
v 103.255311 84.104538 -129.599992
v 98.458611 51.567351 -140.915038
v 97.258290 54.583412 -141.186243
v 97.081154 53.432822 -140.265646
v 101.418313 91.939079 -136.301195
v 99.838065 92.196691 -136.326823
v 102.120388 94.919568 -136.513470
v 99.487146 79.533356 -134.701606
v 99.576351 78.701764 -135.315033
v 99.038412 79.520565 -134.586706
v 105.714782 28.191068 -128.993443
v 108.178555 40.625035 -131.187149
v 108.752158 31.213810 -128.965124
v 108.761004 44.262880 -121.255268
v 110.578136 44.056799 -123.201675
v 110.741615 46.139847 -122.769320
v 105.004322 86.171269 -129.797270
v 104.138402 86.509537 -128.587816
v 104.623767 86.833214 -130.257508
v 96.818860 79.986615 -123.557983
v 97.836320 82.679339 -123.240950
v 97.558131 83.418573 -124.444145
v 110.992928 49.718135 -122.441473
v 110.741615 46.139847 -122.769320
v 111.493468 45.992680 -122.622059
v 100.430884 85.125708 -135.812104
v 99.879518 84.975171 -134.992158
v 99.756754 83.710688 -135.783915
v 94.483156 92.060979 -127.152921
v 94.353864 92.377604 -128.967516
v 93.427570 89.630140 -127.911832
v 97.380927 77.531303 -122.419743
v 97.022511 77.807476 -122.662002
v 97.022056 77.813293 -122.645070
v 97.022511 77.807476 -122.662002
v 97.163261 77.573140 -122.489207
v 97.022056 77.813293 -122.645070
v 97.022056 77.813293 -122.645070
v 96.253535 78.898044 -124.397999
v 97.278424 78.457536 -122.467060
v 97.278424 78.457536 -122.467060
v 97.380927 77.531303 -122.419743
v 97.022056 77.813293 -122.645070
v 96.492849 82.604409 -135.512613
v 96.973603 82.216805 -135.506185
v 96.993971 82.668030 -135.356392
v 97.278424 78.457536 -122.467060
v 97.836320 82.679339 -123.240950
v 96.818860 79.986615 -123.557983
v 96.818860 79.986615 -123.557983
v 95.844348 80.142213 -123.911193
v 96.253535 78.898044 -124.397999
v 95.380687 78.413786 -124.600851
v 95.687433 77.783532 -124.349148
v 95.514532 78.867002 -124.527546
v 95.102330 21.714459 -131.498897
v 98.112036 27.323822 -131.281196
v 95.974453 27.701733 -132.523245
v 95.481044 97.189904 -129.753356
v 94.483156 92.060979 -127.152921
v 95.874172 96.764935 -127.303634
v 95.421872 79.234244 -125.128194
v 95.687433 77.783532 -124.349148
v 95.380687 78.413786 -124.600851
v 105.097678 89.949369 -128.080682
v 104.829377 91.310203 -128.446654
v 105.004573 89.967060 -127.705358
v 95.538562 78.908624 -124.542568
v 95.524069 78.653766 -124.464924
v 95.380687 78.413786 -124.600851
v 95.538562 78.908624 -124.542568
v 96.253535 78.898044 -124.397999
v 95.524069 78.653766 -124.464924
v 100.904967 27.441361 -135.446261
v 102.397431 29.251420 -135.592040
v 100.972749 27.452171 -133.847593
v 98.813733 0.914681 -136.472428
v 99.244654 2.165639 -136.821065
v 100.322610 0.482988 -137.538565
v 95.514532 78.867002 -124.527546
v 96.253535 78.898044 -124.397999
v 95.844348 80.142213 -123.911193
v 105.004322 86.171269 -129.797270
v 104.967888 84.855997 -129.931741
v 104.036449 85.404753 -129.327516
v 103.306362 93.950175 -135.738254
v 104.424640 95.580958 -135.228534
v 104.319778 93.957292 -135.348936
v 97.558131 83.418573 -124.444145
v 95.844348 80.142213 -123.911193
v 96.818860 79.986615 -123.557983
v 105.963480 65.862912 -123.223460
v 106.652578 63.885271 -123.165654
v 106.018515 64.923078 -122.967306
v 96.973603 82.216805 -135.506185
v 96.492849 82.604409 -135.512613
v 97.147085 82.512766 -135.264607
v 106.185583 64.042354 -122.850369
v 106.018515 64.923078 -122.967306
v 106.652578 63.885271 -123.165654
v 95.741357 78.625675 -124.504953
v 96.253535 78.898044 -124.397999
v 95.538562 78.908624 -124.542568
v 93.884468 86.003156 -129.688167
v 95.112312 85.123546 -129.945190
v 93.080516 84.373571 -129.859879
v 94.235989 84.938218 -127.787732
v 94.287220 83.835234 -126.070214
v 94.553736 87.954415 -127.510987
v 105.954682 45.105237 -120.499627
v 108.761004 44.262880 -121.255268
v 109.221714 47.547084 -121.199103
v 95.717936 34.651459 -136.311355
v 93.845066 42.419857 -136.948474
v 96.214783 38.906282 -138.038280
v 105.281322 94.273590 -129.369875
v 106.113415 92.449759 -131.660159
v 106.274910 93.856024 -131.997334
v 108.682111 74.623065 -130.632751
v 107.732822 73.239313 -132.814226
v 107.334247 78.734153 -128.365853
v 96.319635 82.731474 -134.736044
v 96.993971 82.668030 -135.356392
v 97.147085 82.512766 -135.264607
v 96.973603 82.216805 -135.506185
v 96.844721 82.843709 -135.737912
v 96.993971 82.668030 -135.356392
v 92.531376 83.428408 -128.303865
v 93.079002 81.668152 -127.511216
v 94.235989 84.938218 -127.787732
v 93.071765 59.284157 -134.994808
v 93.182826 57.670576 -134.266497
v 93.429256 58.369870 -130.540543
v 95.252426 86.948950 -133.111429
v 94.720849 87.346066 -131.704319
v 94.198417 87.454469 -132.140348
v 100.776330 99.674249 -127.675068
v 99.777355 100.488627 -129.575758
v 98.299462 99.446858 -127.242365
v 98.646805 77.968061 -136.648219
v 97.462105 79.941922 -136.321608
v 97.933284 79.802680 -135.768660
v 100.462756 98.257894 -125.859359
v 100.776330 99.674249 -127.675068
v 98.299462 99.446858 -127.242365
v 100.036526 58.105015 -139.141029
v 101.093382 57.250147 -138.818109
v 99.137461 55.695706 -139.530606
v 94.954098 66.045356 -137.961920
v 93.804252 66.703528 -139.846689
v 94.782979 69.430942 -138.292495
v 100.879461 83.262944 -131.255597
v 102.599076 86.350751 -132.123978
v 102.082013 82.932132 -130.229792
v 95.112312 85.123546 -129.945190
v 95.308300 87.425006 -129.758831
v 95.647189 84.889371 -133.296797
v 105.829248 91.315906 -132.956401
v 105.423441 93.160962 -133.148952
v 106.113415 92.449759 -131.660159
v 94.039444 60.216893 -127.578758
v 92.118281 68.276830 -129.952275
v 94.046319 60.178090 -129.796136
v 102.262879 26.567841 -125.039445
v 101.984235 22.815535 -122.822095
v 103.721284 28.649697 -122.722386
v 94.182745 51.104403 -139.171592
v 94.194240 52.767676 -138.125402
v 93.385460 53.260702 -137.949817
v 109.444356 60.834419 -124.450322
v 109.766886 66.103094 -128.503667
v 107.946370 62.422513 -123.990852
v 105.714782 28.191068 -128.993443
v 102.681477 39.925745 -129.762486
v 104.779761 44.413146 -131.679123
v 108.682111 74.623065 -130.632751
v 109.236850 74.835931 -126.350836
v 109.500472 72.335683 -129.844139
v 98.734593 9.764534 -136.755145
v 99.940356 11.621922 -136.657912
v 100.147558 10.846126 -135.876401
v 101.589500 86.203969 -125.281136
v 102.752350 85.881746 -125.165478
v 100.932078 90.584720 -124.634356
v 104.376436 5.079312 -121.030656
v 106.862229 2.214861 -123.057662
v 109.941696 1.002788 -124.143939
v 96.319635 82.731474 -134.736044
v 95.003663 83.919681 -133.398978
v 95.647189 84.889371 -133.296797
v 93.884468 86.003156 -129.688167
v 95.308300 87.425006 -129.758831
v 95.112312 85.123546 -129.945190
v 98.190374 80.522686 -134.586677
v 98.956882 79.897475 -134.254699
v 99.038412 79.520565 -134.586706
v 97.920027 80.670399 -135.439988
v 98.141967 82.468385 -134.639300
v 98.190374 80.522686 -134.586677
v 104.200858 85.882032 -125.646532
v 104.369705 86.452776 -125.034351
v 104.298924 85.790479 -125.103498
v 99.869170 79.792106 -134.758307
v 100.765268 81.157821 -134.242946
v 100.299103 80.161816 -133.792814
v 105.281322 94.273590 -129.369875
v 106.274910 93.856024 -131.997334
v 105.614849 96.158575 -131.147998
v 99.487146 79.533356 -134.701606
v 99.038412 79.520565 -134.586706
v 99.836910 79.351353 -134.514231
v 101.515513 45.088971 -122.747620
v 103.252911 43.037129 -122.076242
v 101.124201 46.147467 -121.870047
v 97.920027 80.670399 -135.439988
v 98.644937 80.320704 -136.149324
v 98.141967 82.468385 -134.639300
v 108.707895 29.024308 -128.769032
v 105.714782 28.191068 -128.993443
v 108.752158 31.213810 -128.965124
v 91.213720 61.380113 -135.605162
v 90.618412 65.920253 -135.891356
v 90.748048 60.446162 -136.930087
v 98.161847 83.186555 -135.585312
v 98.154766 85.777754 -135.799158
v 99.557273 82.718658 -136.519887
v 100.055081 83.452880 -132.327224
v 100.900107 84.159887 -133.249539
v 99.554152 86.769420 -132.720041
v 98.141967 82.468385 -134.639300
v 98.644937 80.320704 -136.149324
v 98.161847 83.186555 -135.585312
v 103.252410 3.129332 -134.969265
v 101.465174 2.554589 -133.645749
v 102.724062 0.739109 -134.322151
v 94.200226 87.609304 -129.873286
v 94.345620 88.380457 -128.935506
v 94.768295 89.296873 -130.042114
v 100.746185 66.376747 -120.887565
v 98.505838 69.281460 -121.666787
v 100.942105 63.564921 -121.240843
v 104.228986 57.485080 -120.452948
v 97.735754 59.531756 -123.494137
v 102.227991 57.664026 -121.312040
v 94.200226 87.609304 -129.873286
v 95.308300 87.425006 -129.758831
v 93.884468 86.003156 -129.688167
v 96.033426 72.187066 -137.359768
v 97.471128 72.388148 -138.190738
v 96.497607 71.174073 -136.541791
v 101.117490 9.661954 -134.866518
v 100.147558 10.846126 -135.876401
v 101.123951 10.264426 -133.582532
v 96.158824 4.518474 -133.811429
v 99.100820 2.981907 -137.467169
v 99.244654 2.165639 -136.821065
v 104.228986 57.485080 -120.452948
v 102.171363 56.873400 -121.700720
v 107.876877 54.955011 -121.377086
v 101.682458 35.512932 -138.231774
v 103.966593 41.340544 -137.099825
v 102.967093 33.525084 -136.931242
v 107.112917 6.150222 -122.318106
v 106.108013 8.534384 -121.085988
v 105.378713 6.305146 -121.540600
v 110.941539 56.294315 -128.947337
v 110.851551 53.916036 -127.476436
v 110.313305 53.651904 -129.618498
v 98.333394 89.193278 -135.881948
v 99.838065 92.196691 -136.326823
v 99.305074 89.577102 -135.891880
v 106.091628 1.357227 -125.463763
v 107.593402 1.875549 -127.976615
v 108.323018 0.235735 -128.567276
v 108.693412 52.728897 -121.394062
v 109.044648 50.306951 -122.439897
v 110.992928 49.718135 -122.441473
v 99.701790 14.504438 -135.434695
v 99.940356 11.621922 -136.657912
v 98.523382 14.156788 -137.129479
v 105.615698 89.361929 -129.338188
v 105.097678 89.949369 -128.080682
v 105.231773 90.543538 -128.250692
v 107.157560 30.123421 -122.564877
v 108.604728 25.633475 -123.283873
v 109.107107 28.131019 -125.024026
v 105.646442 33.674568 -122.275226
v 108.204898 33.670434 -123.470487
v 107.634344 38.856610 -121.941492
v 102.967093 33.525084 -136.931242
v 103.837230 39.062159 -135.101346
v 102.417197 32.584732 -134.360540
v 100.395740 68.364697 -138.623020
v 99.290017 67.790508 -138.515890
v 99.274219 69.971716 -138.069896
v 97.558131 83.418573 -124.444145
v 97.836320 82.679339 -123.240950
v 98.196996 88.587792 -124.142353
v 93.429256 58.369870 -130.540543
v 94.046319 60.178090 -129.796136
v 93.835303 61.293823 -133.856506
v 105.833670 64.838546 -123.441003
v 106.185583 64.042354 -122.850369
v 106.652578 63.885271 -123.165654
v 95.143860 63.600511 -134.402369
v 95.278487 64.597083 -134.797201
v 95.964671 65.327728 -135.881658
v 109.100983 70.011835 -128.709285
v 109.308900 68.376421 -130.558251
v 109.500472 72.335683 -129.844139
v 105.391689 88.204824 -130.488392
v 105.160197 86.807435 -132.795672
v 105.829248 91.315906 -132.956401
v 110.045564 60.773645 -129.440030
v 110.264469 56.855654 -124.306920
v 110.891838 55.303257 -124.804173
v 99.100820 2.981907 -137.467169
v 96.624393 5.498255 -135.540728
v 99.813702 4.760932 -137.201440
v 99.396152 7.025337 -136.874981
v 99.813702 4.760932 -137.201440
v 96.624393 5.498255 -135.540728
v 110.941539 56.294315 -128.947337
v 110.045564 60.773645 -129.440030
v 110.891838 55.303257 -124.804173
v 106.625285 49.017845 -132.180996
v 105.684175 50.323134 -133.762390
v 108.362707 48.752450 -131.216237
v 89.867853 75.720252 -134.306500
v 89.582738 74.030854 -136.043095
v 90.618412 65.920253 -135.891356
v 95.628353 31.223491 -134.737413
v 95.246965 28.525141 -134.056085
v 96.073869 31.489793 -132.757363
v 106.070777 62.146378 -121.425584
v 104.781673 61.160040 -121.370866
v 106.141363 61.018628 -120.715807
v 95.877692 27.857986 -137.554686
v 96.027328 28.712368 -136.246700
v 96.427970 30.718327 -137.194159
v 92.774302 56.263364 -133.486449
v 93.817469 55.517227 -135.373984
v 93.149834 55.023141 -133.072058
v 105.391689 88.204824 -130.488392
v 104.623767 86.833214 -130.257508
v 105.160197 86.807435 -132.795672
v 106.108013 8.534384 -121.085988
v 103.768787 7.217032 -121.774695
v 105.378713 6.305146 -121.540600
v 95.246965 28.525141 -134.056085
v 95.974453 27.701733 -132.523245
v 96.073869 31.489793 -132.757363
v 113.853533 47.513707 -123.025583
v 114.066482 51.113097 -123.142334
v 113.447676 51.062613 -121.848336
v 104.114558 68.706483 -121.116653
v 104.986873 66.689909 -122.254000
v 105.017517 67.803377 -121.086807
v 95.330349 61.667210 -138.425950
v 93.804252 66.703528 -139.846689
v 94.954098 66.045356 -137.961920
v 105.826159 92.393743 -128.005885
v 104.829377 91.310203 -128.446654
v 105.281037 93.225169 -128.940455
v 106.246992 51.359463 -120.771849
v 108.693412 52.728897 -121.394062
v 105.170127 53.742582 -120.244208
v 93.071765 59.284157 -134.994808
v 91.985552 58.191664 -136.955256
v 93.182826 57.670576 -134.266497
v 105.189638 76.240294 -132.482292
v 103.449671 78.751110 -132.121652
v 104.808977 80.940294 -129.368582
v 91.213720 61.380113 -135.605162
v 91.757114 65.643443 -134.771496
v 90.618412 65.920253 -135.891356
v 95.609109 6.231410 -132.137235
v 96.133874 7.868291 -131.501032
v 95.512310 9.163875 -132.578744
v 99.693074 74.405753 -138.261595
v 100.395740 68.364697 -138.623020
v 99.274219 69.971716 -138.069896
v 99.554152 86.769420 -132.720041
v 101.132328 86.283403 -132.424035
v 100.879461 83.262944 -131.255597
v 103.021707 92.944252 -135.380489
v 103.306362 93.950175 -135.738254
v 104.319778 93.957292 -135.348936
v 108.671416 55.439985 -119.478365
v 110.847987 56.065326 -119.842775
v 108.279318 58.399391 -119.455722
v 100.704071 47.412910 -140.257440
v 100.713242 51.315348 -139.722258
v 102.690582 46.742298 -139.168124
v 98.154766 85.777754 -135.799158
v 97.265631 85.432846 -134.982858
v 97.091404 88.130796 -135.281288
v 109.493289 52.882747 -130.972253
v 107.409469 55.720125 -134.735385
v 110.941539 56.294315 -128.947337
v 108.745973 62.616175 -117.906186
v 107.333141 61.648518 -118.571111
v 107.718589 59.899950 -118.627922
v 94.194240 52.767676 -138.125402
v 94.074426 44.886491 -138.438806
v 92.773946 48.744489 -135.972161
v 94.342946 62.944210 -134.561078
v 93.458649 61.700363 -134.805770
v 93.835303 61.293823 -133.856506
v 105.305775 93.589496 -134.346681
v 104.280251 91.407918 -134.890306
v 104.096370 93.129872 -134.428937
v 89.867853 75.720252 -134.306500
v 91.229207 80.277420 -137.343887
v 89.582738 74.030854 -136.043095
v 104.298924 85.790479 -125.103498
v 104.460715 83.874267 -125.357340
v 104.200858 85.882032 -125.646532
v 98.209136 1.760793 -133.665571
v 102.724062 0.739109 -134.322151
v 101.465174 2.554589 -133.645749
v 94.275861 23.911149 -136.119032
v 94.046547 23.315711 -133.284438
v 94.724033 26.653275 -135.350561
v 105.305775 93.589496 -134.346681
v 104.096370 93.129872 -134.428937
v 104.319778 93.957292 -135.348936
v 102.227991 57.664026 -121.312040
v 97.735754 59.531756 -123.494137
v 97.414759 58.369578 -124.053937
v 97.689547 88.385404 -124.890982
v 96.483716 91.357185 -125.095631
v 96.407514 86.830939 -124.533648
v 104.114558 68.706483 -121.116653
v 105.017517 67.803377 -121.086807
v 104.707972 72.691662 -119.117347
v 102.397431 29.251420 -135.592040
v 100.904967 27.441361 -135.446261
v 101.649453 28.890526 -136.784889
v 93.385460 53.260702 -137.949817
v 94.194240 52.767676 -138.125402
v 93.503121 53.880907 -136.453150
v 90.390358 78.746964 -132.085876
v 90.538485 75.514020 -131.579722
v 90.147347 75.701119 -130.105737
v 100.234282 7.847130 -131.966377
v 99.841822 3.949708 -132.152178
v 101.465174 2.554589 -133.645749
v 108.707895 29.024308 -128.769032
v 108.752158 31.213810 -128.965124
v 109.744959 29.874854 -127.579215
v 102.969954 75.568802 -118.619387
v 101.748379 75.441570 -119.761413
v 102.110857 71.484227 -120.149064
v 95.143860 63.600511 -134.402369
v 93.835303 61.293823 -133.856506
v 94.093435 63.038505 -131.178092
v 101.192727 8.138543 -133.873616
v 101.123951 10.264426 -133.582532
v 100.234282 7.847130 -131.966377
v 105.458739 29.689723 -122.147014
v 106.421620 26.697174 -121.315955
v 107.157560 30.123421 -122.564877
v 99.701790 14.504438 -135.434695
v 100.270329 27.299371 -137.098718
v 100.904967 27.441361 -135.446261
v 96.151095 2.661825 -131.889150
v 98.209136 1.760793 -133.665571
v 99.841822 3.949708 -132.152178
v 97.081154 53.432822 -140.265646
v 96.278468 57.869947 -138.690018
v 97.278903 55.633539 -139.322817
v 93.435265 51.893486 -127.744095
v 92.201099 52.579386 -131.316724
v 92.285560 49.555837 -130.766757
v 109.251430 65.469354 -123.058100
v 107.804981 68.787580 -123.843293
v 108.133771 71.271079 -124.259901
v 109.656994 4.310714 -125.332889
v 107.112917 6.150222 -122.318106
v 112.016351 1.176654 -126.135037
v 107.349439 9.571760 -127.118163
v 108.911450 8.285474 -125.517485
v 109.340844 4.833638 -127.484410
v 91.198977 61.334247 -138.389242
v 90.621039 75.927872 -137.942751
v 94.647707 53.945380 -142.240662
v 103.252410 3.129332 -134.969265
v 104.050817 1.831846 -137.481101
v 102.339397 4.107921 -136.712512
v 97.836320 82.679339 -123.240950
v 99.036121 83.150287 -123.061978
v 98.196996 88.587792 -124.142353
v 104.460715 83.874267 -125.357340
v 103.747173 83.901632 -125.208175
v 107.192274 82.964939 -122.557816
v 100.199024 85.115946 -124.854433
v 99.452117 84.455980 -123.681858
v 100.231449 83.416284 -123.103969
v 104.707972 72.691662 -119.117347
v 104.778268 75.729579 -118.672940
v 103.681062 73.599143 -119.421778
v 106.359987 66.368705 -118.954372
v 105.017517 67.803377 -121.086807
v 106.193604 64.001686 -118.870693
v 94.930070 81.277240 -137.657611
v 93.737934 82.681400 -136.529975
v 96.319635 82.731474 -134.736044
v 107.876877 54.955011 -121.377086
v 102.171363 56.873400 -121.700720
v 103.391814 55.350936 -121.227436
v 99.869170 79.792106 -134.758307
v 99.487146 79.533356 -134.701606
v 98.956882 79.897475 -134.254699
v 99.879518 84.975171 -134.992158
v 100.430884 85.125708 -135.812104
v 99.900900 87.730336 -134.889805
v 89.266017 76.710786 -133.439033
v 90.538485 75.514020 -131.579722
v 90.390358 78.746964 -132.085876
v 110.313305 53.651904 -129.618498
v 110.673648 50.220887 -128.963745
v 109.493289 52.882747 -130.972253
v 95.877692 27.857986 -137.554686
v 94.724033 26.653275 -135.350561
v 96.027328 28.712368 -136.246700
v 96.650088 77.107698 -138.045527
v 95.945417 74.475491 -137.201382
v 95.392301 76.946932 -138.058934
v 95.112312 85.123546 -129.945190
v 95.647189 84.889371 -133.296797
v 95.003663 83.919681 -133.398978
v 103.738291 99.430561 -129.797517
v 105.380408 97.995197 -131.569063
v 102.886753 99.473625 -130.705756
v 102.083037 87.225061 -134.215416
v 102.599076 86.350751 -132.123978
v 101.132328 86.283403 -132.424035
v 96.973603 82.216805 -135.506185
v 96.076105 81.649941 -136.031093
v 96.844721 82.843709 -135.737912
v 99.892584 -0.000000 -135.310289
v 100.622019 0.109702 -134.140479
v 98.048853 0.604117 -134.910844
v 109.340844 4.833638 -127.484410
v 110.315247 3.194510 -127.430259
v 109.937074 2.908151 -129.200220
v 102.392344 79.652668 -119.997142
v 101.748379 75.441570 -119.761413
v 102.969954 75.568802 -118.619387
v 103.952004 62.858552 -121.539895
v 104.920646 63.394076 -122.609466
v 100.746185 66.376747 -120.887565
v 103.668802 43.564366 -138.295095
v 102.916660 50.895881 -138.038854
v 104.605025 49.691777 -134.044174
v 92.118281 68.276830 -129.952275
v 90.538485 75.514020 -131.579722
v 91.647030 71.154149 -131.811142
v 104.460715 83.874267 -125.357340
v 105.586623 82.447886 -126.455908
v 104.502801 83.586526 -125.994453
v 110.264469 56.855654 -124.306920
v 110.045564 60.773645 -129.440030
v 109.796758 61.732720 -126.791085
v 97.022511 77.807476 -122.662002
v 98.585413 80.040611 -122.008447
v 97.278424 78.457536 -122.467060
v 107.806398 14.451104 -125.345840
v 107.033657 12.345439 -126.677883
v 105.340872 15.006113 -126.811548
v 103.025731 9.541131 -121.577005
v 106.108013 8.534384 -121.085988
v 107.175199 10.541648 -121.822017
v 104.808977 80.940294 -129.368582
v 101.641595 81.942624 -130.519600
v 102.082013 82.932132 -130.229792
v 92.531376 83.428408 -128.303865
v 90.147347 75.701119 -130.105737
v 93.079002 81.668152 -127.511216
v 97.444539 48.005229 -143.471596
v 99.250655 45.455345 -142.985427
v 97.050308 44.573029 -142.559986
v 97.940390 96.082218 -125.060535
v 94.483156 92.060979 -127.152921
v 96.483716 91.357185 -125.095631
v 108.362707 48.752450 -131.216237
v 109.493289 52.882747 -130.972253
v 110.673648 50.220887 -128.963745
v 108.864742 79.643392 -124.623385
v 108.997410 80.355906 -121.793192
v 110.024526 70.150625 -121.995039
v 93.427570 89.630140 -127.911832
v 93.492283 86.584546 -127.726983
v 94.553736 87.954415 -127.510987
v 98.644937 80.320704 -136.149324
v 97.933284 79.802680 -135.768660
v 97.462105 79.941922 -136.321608
v 98.760981 91.785986 -124.039117
v 97.940390 96.082218 -125.060535
v 96.483716 91.357185 -125.095631
v 102.227026 30.896548 -126.260743
v 101.574805 37.708575 -124.422328
v 101.249276 39.299447 -127.841561
v 110.847987 56.065326 -119.842775
v 109.448934 60.375964 -119.091044
v 108.279318 58.399391 -119.455722
v 105.886430 25.127860 -127.547885
v 105.340872 15.006113 -126.811548
v 104.588684 25.312489 -127.913099
v 93.492283 86.584546 -127.726983
v 93.427570 89.630140 -127.911832
v 93.395056 86.708726 -128.375807
v 95.421872 79.234244 -125.128194
v 95.380687 78.413786 -124.600851
v 95.741357 78.625675 -124.504953
v 96.057858 58.593827 -139.580812
v 96.278468 57.869947 -138.690018
v 97.081154 53.432822 -140.265646
v 95.060575 36.310477 -133.596834
v 95.628353 31.223491 -134.737413
v 96.073869 31.489793 -132.757363
v 106.149373 88.447326 -128.857962
v 105.004322 86.171269 -129.797270
v 105.615698 89.361929 -129.338188
v 93.318449 77.240224 -126.503010
v 95.421872 79.234244 -125.128194
v 94.287220 83.835234 -126.070214
v 95.594084 63.692797 -136.587013
v 96.625254 64.724797 -136.508550
v 99.290017 67.790508 -138.515890
v 106.810526 97.694193 -132.799613
v 106.999759 96.933149 -134.079641
v 105.315022 96.838485 -134.891133
v 95.384449 66.906023 -135.970733
v 96.281980 68.695271 -136.207497
v 95.964671 65.327728 -135.881658
v 96.081955 8.949900 -136.582047
v 98.642916 11.998486 -137.108012
v 98.734593 9.764534 -136.755145
v 99.038412 79.520565 -134.586706
v 97.933284 79.802680 -135.768660
v 98.190374 80.522686 -134.586677
v 109.020282 2.123605 -129.351734
v 108.100377 0.954752 -129.195328
v 107.593402 1.875549 -127.976615
v 99.487146 79.533356 -134.701606
v 99.869170 79.792106 -134.758307
v 99.576351 78.701764 -135.315033
v 102.082013 82.932132 -130.229792
v 101.641595 81.942624 -130.519600
v 100.879461 83.262944 -131.255597
v 100.703673 87.771183 -134.073981
v 99.554152 86.769420 -132.720041
v 99.782175 86.759090 -134.054076
v 107.157560 30.123421 -122.564877
v 109.107107 28.131019 -125.024026
v 109.734214 31.621086 -125.258687
v 108.313678 75.044798 -125.280648
v 109.339232 76.384478 -125.758415
v 108.750151 76.857411 -124.441951
v 98.734593 9.764534 -136.755145
v 98.642916 11.998486 -137.108012
v 99.940356 11.621922 -136.657912
v 101.206235 7.621121 -135.656380
v 98.734593 9.764534 -136.755145
v 100.147558 10.846126 -135.876401
v 111.331686 53.479521 -124.606798
v 111.362471 56.650554 -124.150982
v 112.620872 54.285382 -124.339025
v 95.524069 78.653766 -124.464924
v 95.741357 78.625675 -124.504953
v 95.380687 78.413786 -124.600851
v 105.714782 28.191068 -128.993443
v 105.886430 25.127860 -127.547885
v 104.588684 25.312489 -127.913099
v 108.902346 72.405957 -131.817626
v 106.455036 72.616040 -133.556318
v 107.732822 73.239313 -132.814226
v 102.841874 99.809968 -132.223110
v 102.496602 99.012613 -134.405890
v 100.201691 99.850410 -132.466984
v 108.192347 8.492225 -122.098432
v 107.112917 6.150222 -122.318106
v 108.796630 6.804197 -123.992504
v 101.641595 81.942624 -130.519600
v 99.243079 81.620210 -132.977627
v 99.878756 82.076418 -131.804189
v 110.891838 55.303257 -124.804173
v 110.264469 56.855654 -124.306920
v 111.362471 56.650554 -124.150982
v 105.880753 95.864540 -128.416447
v 107.203857 96.090781 -130.163910
v 106.394054 97.059529 -129.896597
v 100.879461 83.262944 -131.255597
v 99.878756 82.076418 -131.804189
v 99.554152 86.769420 -132.720041
v 101.574805 37.708575 -124.422328
v 101.869206 42.921037 -123.721331
v 100.640781 44.739095 -126.507128
v 103.777988 65.639550 -121.725803
v 105.441879 64.614159 -122.697804
v 104.993478 65.706509 -122.804655
v 96.844721 82.843709 -135.737912
v 97.091404 88.130796 -135.281288
v 97.265631 85.432846 -134.982858
v 104.280251 91.407918 -134.890306
v 102.083037 87.225061 -134.215416
v 103.020311 91.075640 -135.933497
v 98.397097 43.273025 -139.828131
v 95.583272 44.270641 -139.320442
v 97.172451 44.956138 -139.735120
v 96.033426 72.187066 -137.359768
v 96.497607 71.174073 -136.541791
v 95.693281 71.493393 -136.918262
v 95.693281 71.493393 -136.918262
v 94.954098 66.045356 -137.961920
v 94.782979 69.430942 -138.292495
v 94.713327 10.394824 -133.060868
v 95.102330 21.714459 -131.498897
v 94.046547 23.315711 -133.284438
v 107.981396 69.346547 -118.102590
v 108.894623 73.763078 -119.092163
v 106.651192 77.510977 -118.903669
v 103.021707 92.944252 -135.380489
v 104.280251 91.407918 -134.890306
v 103.020311 91.075640 -135.933497
v 103.096157 86.876869 -129.725762
v 102.625025 84.714144 -130.435242
v 103.486944 86.664992 -131.015412
v 95.276791 64.610833 -136.073470
v 95.278487 64.597083 -134.797201
v 94.927789 63.661659 -135.132169
v 112.053794 0.837909 -127.567652
v 111.116482 0.228863 -125.809931
v 110.948458 0.506584 -129.145797
v 105.646442 33.674568 -122.275226
v 107.634344 38.856610 -121.941492
v 105.280682 41.408861 -121.336220
v 101.580895 30.095240 -132.582730
v 100.972749 27.452171 -133.847593
v 102.397431 29.251420 -135.592040
v 107.718589 59.899950 -118.627922
v 106.535162 59.455049 -119.814560
v 108.279318 58.399391 -119.455722
v 111.334416 52.023964 -125.852981
v 110.673648 50.220887 -128.963745
v 110.313305 53.651904 -129.618498
v 108.131896 27.842861 -127.287477
v 109.107107 28.131019 -125.024026
v 108.067855 23.583039 -126.079040
v 102.417197 32.584732 -134.360540
v 102.784167 41.638481 -131.200340
v 101.580895 30.095240 -132.582730
v 101.846858 30.576392 -137.663000
v 99.344794 34.338516 -138.246138
v 101.682458 35.512932 -138.231774
v 95.538562 78.908624 -124.542568
v 95.514532 78.867002 -124.527546
v 95.421872 79.234244 -125.128194
v 102.110857 71.484227 -120.149064
v 103.681062 73.599143 -119.421778
v 102.969954 75.568802 -118.619387
v 101.465174 2.554589 -133.645749
v 99.841822 3.949708 -132.152178
v 98.209136 1.760793 -133.665571
v 94.930070 81.277240 -137.657611
v 96.319635 82.731474 -134.736044
v 96.076105 81.649941 -136.031093
v 114.066482 51.113097 -123.142334
v 110.517966 64.166497 -122.491097
v 110.692724 65.691470 -121.237959
v 104.402276 2.250046 -123.203246
v 103.077760 3.151280 -123.982575
v 106.091628 1.357227 -125.463763
v 95.647189 84.889371 -133.296797
v 96.993971 82.668030 -135.356392
v 96.319635 82.731474 -134.736044
v 96.076105 81.649941 -136.031093
v 96.492849 82.604409 -135.512613
v 96.844721 82.843709 -135.737912
v 103.837230 39.062159 -135.101346
v 102.967093 33.525084 -136.931242
v 103.966593 41.340544 -137.099825
v 104.319778 93.957292 -135.348936
v 104.096370 93.129872 -134.428937
v 103.021707 92.944252 -135.380489
v 96.319635 82.731474 -134.736044
v 97.147085 82.512766 -135.264607
v 96.492849 82.604409 -135.512613
v 105.802611 94.715499 -129.131768
v 105.281322 94.273590 -129.369875
v 106.006029 97.215520 -131.118370
v 107.561930 51.667784 -133.689723
v 109.493289 52.882747 -130.972253
v 107.485643 51.669018 -132.684205
v 91.757114 65.643443 -134.771496
v 91.760329 69.798656 -133.939320
v 91.020926 72.688575 -133.307672
v 102.913808 85.369867 -128.986484
v 103.255311 84.104538 -129.599992
v 102.625025 84.714144 -130.435242
v 107.876877 54.955011 -121.377086
v 108.875790 55.050587 -120.713555
v 107.427706 56.349564 -120.718977
v 94.954098 66.045356 -137.961920
v 95.006667 63.712246 -137.196058
v 95.330349 61.667210 -138.425950
v 94.342946 62.944210 -134.561078
v 95.143860 63.600511 -134.402369
v 94.927789 63.661659 -135.132169
v 107.351650 63.558769 -118.032793
v 106.193604 64.001686 -118.870693
v 107.333141 61.648518 -118.571111
v 96.735634 98.245335 -131.656969
v 100.201691 99.850410 -132.466984
v 99.334317 98.064619 -134.165615
v 97.462105 79.941922 -136.321608
v 96.076105 81.649941 -136.031093
v 96.973603 82.216805 -135.506185
v 106.141363 61.018628 -120.715807
v 104.691230 59.098578 -121.320028
v 107.427706 56.349564 -120.718977
v 99.334317 98.064619 -134.165615
v 100.442616 96.447706 -135.973646
v 95.751944 96.311397 -132.209401
v 100.904967 27.441361 -135.446261
v 100.270329 27.299371 -137.098718
v 101.649453 28.890526 -136.784889
v 99.693074 74.405753 -138.261595
v 103.484677 73.560404 -136.849731
v 102.354560 72.963583 -137.874110
v 104.169753 75.189458 -134.099296
v 101.393915 77.456957 -134.523078
v 103.771339 76.710522 -132.490500
v 97.096104 20.890897 -138.100702
v 98.642916 11.998486 -137.108012
v 95.000664 12.863142 -135.760563
v 93.737934 82.681400 -136.529975
v 92.065449 82.213474 -136.561651
v 95.003663 83.919681 -133.398978
v 104.691230 59.098578 -121.320028
v 104.781673 61.160040 -121.370866
v 100.009967 61.403228 -122.982911
v 96.844721 82.843709 -135.737912
v 96.492849 82.604409 -135.512613
v 97.091404 88.130796 -135.281288
v 106.141363 61.018628 -120.715807
v 107.333141 61.648518 -118.571111
v 106.070777 62.146378 -121.425584
v 106.587875 91.134333 -131.067991
v 106.113415 92.449759 -131.660159
v 105.281322 94.273590 -129.369875
v 101.641595 81.942624 -130.519600
v 99.878756 82.076418 -131.804189
v 100.879461 83.262944 -131.255597
v 98.760981 91.785986 -124.039117
v 98.493767 91.356875 -124.317156
v 99.348883 92.917807 -124.361988
v 96.973603 82.216805 -135.506185
v 98.161847 83.186555 -135.585312
v 98.644937 80.320704 -136.149324
v 96.407514 86.830939 -124.533648
v 97.558131 83.418573 -124.444145
v 97.689547 88.385404 -124.890982
v 108.204898 33.670434 -123.470487
v 109.734214 31.621086 -125.258687
v 110.239959 34.840884 -127.707623
v 111.213546 45.723860 -129.856776
v 112.608823 45.172183 -126.728199
v 111.315779 42.059760 -129.251574
v 111.334416 52.023964 -125.852981
v 110.313305 53.651904 -129.618498
v 110.851551 53.916036 -127.476436
v 99.274219 69.971716 -138.069896
v 95.964671 65.327728 -135.881658
v 96.281980 68.695271 -136.207497
v 103.996727 95.449506 -136.114137
v 102.120388 94.919568 -136.513470
v 103.868046 97.324335 -135.861092
v 100.904967 27.441361 -135.446261
v 100.972749 27.452171 -133.847593
v 100.326791 23.892674 -133.350565
v 92.285560 49.555837 -130.766757
v 92.201099 52.579386 -131.316724
v 92.544611 46.240378 -134.534831
v 106.006029 97.215520 -131.118370
v 105.614849 96.158575 -131.147998
v 105.380408 97.995197 -131.569063
v 104.213384 48.030560 -133.108126
v 104.605025 49.691777 -134.044174
v 105.029473 48.766797 -132.260517
v 94.287220 83.835234 -126.070214
v 94.235989 84.938218 -127.787732
v 93.079002 81.668152 -127.511216
v 104.298924 85.790479 -125.103498
v 103.747173 83.901632 -125.208175
v 104.460715 83.874267 -125.357340
v 103.166808 26.569760 -127.485065
v 102.227026 30.896548 -126.260743
v 102.681477 39.925745 -129.762486
v 94.424180 89.186592 -133.114108
v 95.252426 86.948950 -133.111429
v 94.198417 87.454469 -132.140348
v 105.397944 96.272903 -134.091126
v 106.381165 96.248828 -134.103111
v 105.599263 97.815048 -131.817011
v 102.724062 0.739109 -134.322151
v 100.622019 0.109702 -134.140479
v 103.760161 0.180416 -135.901981
v 109.087313 76.651829 -126.909196
v 109.339232 76.384478 -125.758415
v 109.236850 74.835931 -126.350836
v 112.282261 44.666063 -124.447901
v 113.725592 45.876025 -124.708199
v 112.379598 45.394038 -122.785188
v 100.400505 45.509208 -125.247586
v 99.427919 46.541182 -126.464563
v 100.640781 44.739095 -126.507128
v 104.781673 61.160040 -121.370866
v 100.942105 63.564921 -121.240843
v 100.009967 61.403228 -122.982911
v 106.651192 77.510977 -118.903669
v 107.336974 81.827772 -120.766025
v 105.886828 81.012303 -119.979982
v 109.656994 4.310714 -125.332889
v 110.315247 3.194510 -127.430259
v 109.340844 4.833638 -127.484410
v 108.997410 80.355906 -121.793192
v 110.692724 65.691470 -121.237959
v 110.024526 70.150625 -121.995039
v 102.397431 29.251420 -135.592040
v 102.417197 32.584732 -134.360540
v 101.580895 30.095240 -132.582730
v 99.274219 69.971716 -138.069896
v 96.281980 68.695271 -136.207497
v 97.471128 72.388148 -138.190738
v 103.777988 65.639550 -121.725803
v 104.114558 68.706483 -121.116653
v 102.110857 71.484227 -120.149064
v 108.323018 0.235735 -128.567276
v 110.948458 0.506584 -129.145797
v 111.116482 0.228863 -125.809931
v 96.158824 4.518474 -133.811429
v 96.624393 5.498255 -135.540728
v 99.100820 2.981907 -137.467169
v 97.240218 44.156384 -141.762870
v 96.065135 45.083663 -141.530265
v 97.050308 44.573029 -142.559986
v 98.585413 80.040611 -122.008447
v 97.022511 77.807476 -122.662002
v 97.380927 77.531303 -122.419743
v 108.396995 12.343317 -124.033209
v 108.339835 10.415076 -126.456121
v 107.033657 12.345439 -126.677883
v 100.622019 0.109702 -134.140479
v 98.209136 1.760793 -133.665571
v 98.048853 0.604117 -134.910844
v 108.939927 65.071385 -130.578287
v 109.796758 61.732720 -126.791085
v 110.045564 60.773645 -129.440030
v 99.557273 82.718658 -136.519887
v 99.756754 83.710688 -135.783915
v 98.161847 83.186555 -135.585312
v 108.745973 62.616175 -117.906186
v 107.981396 69.346547 -118.102590
v 107.351650 63.558769 -118.032793
v 99.713639 26.920897 -131.662753
v 99.734581 32.904595 -130.537587
v 98.112036 27.323822 -131.281196
v 109.100983 70.011835 -128.709285
v 108.530408 72.135525 -125.495304
v 107.484796 69.635748 -124.909328
v 94.713327 10.394824 -133.060868
v 95.416019 9.181357 -134.785760
v 95.512310 9.163875 -132.578744
v 95.866265 12.452472 -131.059970
v 94.713327 10.394824 -133.060868
v 95.512310 9.163875 -132.578744
v 103.252911 43.037129 -122.076242
v 105.280682 41.408861 -121.336220
v 100.305442 49.385796 -120.967951
v 97.444539 48.005229 -143.471596
v 95.121029 47.664034 -141.907892
v 94.647707 53.945380 -142.240662
v 93.395056 86.708726 -128.375807
v 94.353864 92.377604 -128.967516
v 94.345620 88.380457 -128.935506
v 95.246965 28.525141 -134.056085
v 95.628353 31.223491 -134.737413
v 94.724033 26.653275 -135.350561
v 96.869453 45.394218 -139.894476
v 96.065135 45.083663 -141.530265
v 97.172451 44.956138 -139.735120
v 95.416019 9.181357 -134.785760
v 96.081955 8.949900 -136.582047
v 95.447869 6.910462 -133.934492
v 103.306362 93.950175 -135.738254
v 103.996727 95.449506 -136.114137
v 104.424640 95.580958 -135.228534
v 105.549106 65.241367 -122.842944
v 106.018515 64.923078 -122.967306
v 105.833670 64.838546 -123.441003
v 107.349439 9.571760 -127.118163
v 107.367545 5.421340 -128.166068
v 105.037092 9.158742 -127.784935
v 94.046547 23.315711 -133.284438
v 94.275861 23.911149 -136.119032
v 94.713327 10.394824 -133.060868
v 105.572179 9.948957 -127.000424
v 105.037092 9.158742 -127.784935
v 104.129011 9.275633 -126.404633
v 96.492849 82.604409 -135.512613
v 95.647189 84.889371 -133.296797
v 95.252426 86.948950 -133.111429
v 105.281037 93.225169 -128.940455
v 106.681131 95.913981 -130.449956
v 107.203857 96.090781 -130.163910
v 95.514532 78.867002 -124.527546
v 95.844348 80.142213 -123.911193
v 95.421872 79.234244 -125.128194
v 94.084007 45.909585 -131.224493
v 97.670358 44.815612 -129.621224
v 99.201758 46.796403 -128.129458
v 96.963167 91.479361 -134.709701
v 96.313107 89.306635 -134.327387
v 96.616670 89.360220 -133.834598
v 95.481044 97.189904 -129.753356
v 94.353864 92.377604 -128.967516
v 94.483156 92.060979 -127.152921
v 98.726460 50.054245 -142.620936
v 99.250655 45.455345 -142.985427
v 97.444539 48.005229 -143.471596
v 107.484796 69.635748 -124.909328
v 106.581693 67.621523 -124.738836
v 109.100983 70.011835 -128.709285
v 103.391814 55.350936 -121.227436
v 102.171363 56.873400 -121.700720
v 101.566530 53.533901 -120.314969
v 96.624393 5.498255 -135.540728
v 96.158824 4.518474 -133.811429
v 95.447869 6.910462 -133.934492
v 99.782175 86.759090 -134.054076
v 99.900900 87.730336 -134.889805
v 100.703673 87.771183 -134.073981
v 103.166808 26.569760 -127.485065
v 103.427450 13.591486 -126.136906
v 101.830441 20.200041 -125.324668
v 111.331686 53.479521 -124.606798
v 110.626925 53.812473 -125.470652
v 110.891838 55.303257 -124.804173
v 93.080516 84.373571 -129.859879
v 92.220106 82.774223 -129.424398
v 93.884468 86.003156 -129.688167
v 100.299103 80.161816 -133.792814
v 99.429416 80.397510 -133.586395
v 98.956882 79.897475 -134.254699
v 105.340872 15.006113 -126.811548
v 108.067855 23.583039 -126.079040
v 107.806398 14.451104 -125.345840
v 104.778268 75.729579 -118.672940
v 104.707972 72.691662 -119.117347
v 106.359987 66.368705 -118.954372
v 111.116482 0.228863 -125.809931
v 112.016351 1.176654 -126.135037
v 109.941696 1.002788 -124.143939
v 95.112312 85.123546 -129.945190
v 95.003663 83.919681 -133.398978
v 92.404464 83.155532 -130.862269
v 91.020926 72.688575 -133.307672
v 91.647030 71.154149 -131.811142
v 89.266017 76.710786 -133.439033
v 99.344794 34.338516 -138.246138
v 98.278331 29.223677 -138.008785
v 96.214783 38.906282 -138.038280
v 95.628353 31.223491 -134.737413
v 95.060575 36.310477 -133.596834
v 95.717936 34.651459 -136.311355
v 114.064457 50.710700 -124.474632
v 114.066482 51.113097 -123.142334
v 114.266710 46.842716 -125.629087
v 102.967093 33.525084 -136.931242
v 101.846858 30.576392 -137.663000
v 101.682458 35.512932 -138.231774
v 103.738291 99.430561 -129.797517
v 100.462756 98.257894 -125.859359
v 104.636658 98.365128 -129.078594
v 110.024526 70.150625 -121.995039
v 110.692724 65.691470 -121.237959
v 110.517966 64.166497 -122.491097
v 94.647707 53.945380 -142.240662
v 92.132578 57.976449 -138.845150
v 91.198977 61.334247 -138.389242
v 96.616670 89.360220 -133.834598
v 96.313107 89.306635 -134.327387
v 96.355316 90.758670 -133.807360
v 94.720849 87.346066 -131.704319
v 95.647189 84.889371 -133.296797
v 95.308300 87.425006 -129.758831
v 103.427450 13.591486 -126.136906
v 104.588684 25.312489 -127.913099
v 105.340872 15.006113 -126.811548
v 108.671416 55.439985 -119.478365
v 107.427706 56.349564 -120.718977
v 108.875790 55.050587 -120.713555
v 110.948458 0.506584 -129.145797
v 108.323018 0.235735 -128.567276
v 110.703854 1.193802 -130.211579
v 99.427919 46.541182 -126.464563
v 99.201758 46.796403 -128.129458
v 100.640546 45.720947 -128.303635
v 108.864742 79.643392 -124.623385
v 108.168340 81.411778 -124.612276
v 108.717301 81.683051 -122.573713
v 94.927789 63.661659 -135.132169
v 94.497999 64.770020 -134.711776
v 94.342946 62.944210 -134.561078
v 109.107107 28.131019 -125.024026
v 109.744959 29.874854 -127.579215
v 109.734214 31.621086 -125.258687
v 104.280251 91.407918 -134.890306
v 104.744855 87.641512 -134.085876
v 102.083037 87.225061 -134.215416
v 90.390358 78.746964 -132.085876
v 91.196483 81.523569 -134.921438
v 89.266017 76.710786 -133.439033
v 95.276791 64.610833 -136.073470
v 95.384449 66.906023 -135.970733
v 95.964671 65.327728 -135.881658
v 96.073869 31.489793 -132.757363
v 95.974453 27.701733 -132.523245
v 98.112036 27.323822 -131.281196
v 95.000664 12.863142 -135.760563
v 98.642916 11.998486 -137.108012
v 96.081955 8.949900 -136.582047
v 112.608823 45.172183 -126.728199
v 113.820550 49.275498 -126.085624
v 114.266710 46.842716 -125.629087
v 105.694244 97.637074 -131.578056
v 106.006029 97.215520 -131.118370
v 105.380408 97.995197 -131.569063
v 90.748048 60.446162 -136.930087
v 91.985552 58.191664 -136.955256
v 91.213720 61.380113 -135.605162
v 95.416019 9.181357 -134.785760
v 94.713327 10.394824 -133.060868
v 95.000664 12.863142 -135.760563
v 95.512310 9.163875 -132.578744
v 95.416019 9.181357 -134.785760
v 95.447869 6.910462 -133.934492
v 100.036526 58.105015 -139.141029
v 102.208596 62.291097 -138.160667
v 101.093382 57.250147 -138.818109
v 107.192274 82.964939 -122.557816
v 102.803812 84.575177 -124.239389
v 104.419643 82.685447 -121.030079
v 112.016351 1.176654 -126.135037
v 111.966889 2.026008 -127.242347
v 110.315247 3.194510 -127.430259
v 104.829377 91.310203 -128.446654
v 105.826159 92.393743 -128.005885
v 105.231773 90.543538 -128.250692
v 104.129011 9.275633 -126.404633
v 104.574059 8.688766 -126.453827
v 103.231956 8.443976 -124.993328
v 99.836910 79.351353 -134.514231
v 99.038412 79.520565 -134.586706
v 100.198648 79.073328 -133.735651
v 99.316666 44.841998 -141.031676
v 99.250655 45.455345 -142.985427
v 100.078210 45.469784 -140.904913
v 94.235989 84.938218 -127.787732
v 93.492283 86.584546 -127.726983
v 92.531376 83.428408 -128.303865
v 105.423441 93.160962 -133.148952
v 105.949141 91.747503 -133.905178
v 105.305775 93.589496 -134.346681
v 98.397097 43.273025 -139.828131
v 100.072026 43.136900 -140.087615
v 99.344794 34.338516 -138.246138
v 94.084007 45.909585 -131.224493
v 92.964859 45.872391 -132.268644
v 95.049818 43.310417 -131.524235
v 91.757114 65.643443 -134.771496
v 94.342946 62.944210 -134.561078
v 94.497999 64.770020 -134.711776
v 102.083037 87.225061 -134.215416
v 100.703673 87.771183 -134.073981
v 99.838065 92.196691 -136.326823
v 104.298924 85.790479 -125.103498
v 102.752350 85.881746 -125.165478
v 103.747173 83.901632 -125.208175
v 96.735634 98.245335 -131.656969
v 99.334317 98.064619 -134.165615
v 95.751944 96.311397 -132.209401
v 95.874172 96.764935 -127.303634
v 97.530183 99.785269 -129.134086
v 95.481044 97.189904 -129.753356
v 105.397944 96.272903 -134.091126
v 105.305775 93.589496 -134.346681
v 105.617509 95.347940 -135.100131
v 95.143860 63.600511 -134.402369
v 94.093435 63.038505 -131.178092
v 94.633559 65.039582 -133.412709
v 100.036526 58.105015 -139.141029
v 98.730359 61.621207 -138.218368
v 101.993288 66.720777 -137.658237
v 103.777988 65.639550 -121.725803
v 100.746185 66.376747 -120.887565
v 104.920646 63.394076 -122.609466
v 109.100983 70.011835 -128.709285
v 109.500472 72.335683 -129.844139
v 109.236850 74.835931 -126.350836
v 99.900900 87.730336 -134.889805
v 99.627222 86.738944 -135.898164
v 99.305074 89.577102 -135.891880
v 98.493767 91.356875 -124.317156
v 100.199024 85.115946 -124.854433
v 100.656873 87.297512 -124.724290
v 104.228986 57.485080 -120.452948
v 107.427706 56.349564 -120.718977
v 104.691230 59.098578 -121.320028
v 97.258290 54.583412 -141.186243
v 98.458611 51.567351 -140.915038
v 100.095127 47.841530 -141.946483
v 95.121029 47.664034 -141.907892
v 96.223228 46.169364 -141.109881
v 95.319863 49.750480 -140.136675
v 95.319863 49.750480 -140.136675
v 93.795392 51.167572 -140.115236
v 95.121029 47.664034 -141.907892
v 98.663797 20.700691 -130.817122
v 97.305562 21.224926 -130.442812
v 98.466702 11.912024 -131.479738
v 96.223228 46.169364 -141.109881
v 96.892349 46.486890 -140.805207
v 95.939626 48.149696 -140.416296
v 104.863315 21.426371 -120.366264
v 101.984235 22.815535 -122.822095
v 102.122137 10.983271 -122.161120
v 98.154766 85.777754 -135.799158
v 99.655366 84.340340 -136.353918
v 99.557273 82.718658 -136.519887
v 109.656994 4.310714 -125.332889
v 108.796630 6.804197 -123.992504
v 107.112917 6.150222 -122.318106
v 107.175199 10.541648 -121.822017
v 105.582877 13.092453 -120.858608
v 103.025731 9.541131 -121.577005
v 99.838065 92.196691 -136.326823
v 100.442616 96.447706 -135.973646
v 102.120388 94.919568 -136.513470
v 92.065449 82.213474 -136.561651
v 93.737934 82.681400 -136.529975
v 92.849237 81.217546 -137.993215
v 105.886828 81.012303 -119.979982
v 104.419643 82.685447 -121.030079
v 103.504105 77.757592 -118.650598
v 101.846858 30.576392 -137.663000
v 100.270329 27.299371 -137.098718
v 99.348166 28.736788 -138.143002
v 103.721284 28.649697 -122.722386
v 101.984235 22.815535 -122.822095
v 103.859518 24.930177 -121.211632
v 105.457816 86.819666 -128.416532
v 105.097678 89.949369 -128.080682
v 105.004573 89.967060 -127.705358
v 111.493468 45.992680 -122.622059
v 111.939058 49.170669 -121.601613
v 110.992928 49.718135 -122.441473
v 103.563364 87.630779 -124.542145
v 104.298924 85.790479 -125.103498
v 104.369705 86.452776 -125.034351
v 96.973603 82.216805 -135.506185
v 98.644937 80.320704 -136.149324
v 97.462105 79.941922 -136.321608
v 93.884468 86.003156 -129.688167
v 93.395056 86.708726 -128.375807
v 94.345620 88.380457 -128.935506
v 109.100983 70.011835 -128.709285
v 109.766886 66.103094 -128.503667
v 109.308900 68.376421 -130.558251
v 95.609109 6.231410 -132.137235
v 96.158824 4.518474 -133.811429
v 95.135976 3.535629 -131.318824
v 97.530183 99.785269 -129.134086
v 100.201691 99.850410 -132.466984
v 96.735634 98.245335 -131.656969
v 95.524069 78.653766 -124.464924
v 95.687433 77.783532 -124.349148
v 95.741357 78.625675 -124.504953
v 96.869453 45.394218 -139.894476
v 96.531032 47.445741 -139.986220
v 96.892349 46.486890 -140.805207
v 100.702646 39.913938 -130.031888
v 100.037197 42.854584 -129.489417
v 99.734581 32.904595 -130.537587
v 94.782979 69.430942 -138.292495
v 93.804252 66.703528 -139.846689
v 92.292523 71.568227 -139.375541
v 111.315779 42.059760 -129.251574
v 110.239959 34.840884 -127.707623
v 108.752158 31.213810 -128.965124
v 103.449671 78.751110 -132.121652
v 103.771339 76.710522 -132.490500
v 101.393915 77.456957 -134.523078
v 96.650088 77.107698 -138.045527
v 97.462105 79.941922 -136.321608
v 97.497894 76.533055 -137.299656
v 94.275861 23.911149 -136.119032
v 95.148433 20.994968 -137.165516
v 95.000664 12.863142 -135.760563
v 97.933284 79.802680 -135.768660
v 98.644937 80.320704 -136.149324
v 97.920027 80.670399 -135.439988
v 99.782175 86.759090 -134.054076
v 100.900107 84.159887 -133.249539
v 100.744621 82.923615 -133.709484
v 105.740953 64.662778 -122.446361
v 106.094986 63.432908 -122.135873
v 106.070777 62.146378 -121.425584
v 107.718589 59.899950 -118.627922
v 109.448934 60.375964 -119.091044
v 108.745973 62.616175 -117.906186
v 104.986873 66.689909 -122.254000
v 103.777988 65.639550 -121.725803
v 104.993478 65.706509 -122.804655
v 105.646442 33.674568 -122.275226
v 105.280682 41.408861 -121.336220
v 103.252911 43.037129 -122.076242
v 96.313107 89.306635 -134.327387
v 95.252426 86.948950 -133.111429
v 94.424180 89.186592 -133.114108
v 104.793069 8.262914 -127.353957
v 104.574059 8.688766 -126.453827
v 104.129011 9.275633 -126.404633
v 94.087454 79.052055 -138.508665
v 91.719516 76.810498 -138.705309
v 92.849237 81.217546 -137.993215
v 95.514532 78.867002 -124.527546
v 95.524069 78.653766 -124.464924
v 96.253535 78.898044 -124.397999
v 90.390358 78.746964 -132.085876
v 90.147347 75.701119 -130.105737
v 92.220106 82.774223 -129.424398
v 99.701790 14.504438 -135.434695
v 100.904967 27.441361 -135.446261
v 100.326791 23.892674 -133.350565
v 110.741615 46.139847 -122.769320
v 112.379598 45.394038 -122.785188
v 111.493468 45.992680 -122.622059
v 104.944717 5.098742 -126.897186
v 104.793069 8.262914 -127.353957
v 107.367545 5.421340 -128.166068
v 96.624393 5.498255 -135.540728
v 96.859152 7.044429 -135.983328
v 99.396152 7.025337 -136.874981
v 94.553736 87.954415 -127.510987
v 94.287220 83.835234 -126.070214
v 95.918894 86.490203 -125.840897
v 109.656994 4.310714 -125.332889
v 109.340844 4.833638 -127.484410
v 108.911450 8.285474 -125.517485
v 101.589500 86.203969 -125.281136
v 100.656873 87.297512 -124.724290
v 101.817348 84.720648 -124.180203
v 113.853533 47.513707 -123.025583
v 112.379598 45.394038 -122.785188
v 113.725592 45.876025 -124.708199
v 96.653853 4.672892 -129.696360
v 97.405687 9.508896 -130.932270
v 96.133874 7.868291 -131.501032
v 105.817750 65.858263 -123.648397
v 105.833670 64.838546 -123.441003
v 106.581693 67.621523 -124.738836
v 102.886753 99.473625 -130.705756
v 106.810526 97.694193 -132.799613
v 102.841874 99.809968 -132.223110
v 105.315022 96.838485 -134.891133
v 104.424640 95.580958 -135.228534
v 103.996727 95.449506 -136.114137
v 102.599076 86.350751 -132.123978
v 104.434753 86.341339 -133.047789
v 103.486944 86.664992 -131.015412
v 96.735634 98.245335 -131.656969
v 95.751944 96.311397 -132.209401
v 95.481044 97.189904 -129.753356
v 91.371572 72.971107 -128.990503
v 92.118281 68.276830 -129.952275
v 94.039444 60.216893 -127.578758
v 93.429256 58.369870 -130.540543
v 93.182826 57.670576 -134.266497
v 95.014459 58.074428 -127.760906
v 96.076105 81.649941 -136.031093
v 96.319635 82.731474 -134.736044
v 96.492849 82.604409 -135.512613
v 97.735754 59.531756 -123.494137
v 95.355696 61.328472 -125.208991
v 97.414759 58.369578 -124.053937
v 95.355696 61.328472 -125.208991
v 94.039444 60.216893 -127.578758
v 97.414759 58.369578 -124.053937
v 95.003663 83.919681 -133.398978
v 96.319635 82.731474 -134.736044
v 93.737934 82.681400 -136.529975
v 102.886753 99.473625 -130.705756
v 99.777355 100.488627 -129.575758
v 100.776330 99.674249 -127.675068
v 103.252911 43.037129 -122.076242
v 103.424594 32.461357 -123.240916
v 105.646442 33.674568 -122.275226
v 113.725592 45.876025 -124.708199
v 112.608823 45.172183 -126.728199
v 114.266710 46.842716 -125.629087
v 108.671416 55.439985 -119.478365
v 108.279318 58.399391 -119.455722
v 106.535162 59.455049 -119.814560
v 90.618412 65.920253 -135.891356
v 91.757114 65.643443 -134.771496
v 91.020926 72.688575 -133.307672
v 105.614849 96.158575 -131.147998
v 106.274910 93.856024 -131.997334
v 105.397944 96.272903 -134.091126
v 95.308300 87.425006 -129.758831
v 94.768295 89.296873 -130.042114
v 94.720849 87.346066 -131.704319
v 105.457816 86.819666 -128.416532
v 105.586623 82.447886 -126.455908
v 105.454693 81.489586 -128.402061
v 105.586623 82.447886 -126.455908
v 105.457816 86.819666 -128.416532
v 104.786085 89.710796 -126.641098
v 94.724033 26.653275 -135.350561
v 94.046547 23.315711 -133.284438
v 95.246965 28.525141 -134.056085
v 96.065135 45.083663 -141.530265
v 96.223228 46.169364 -141.109881
v 95.121029 47.664034 -141.907892
v 108.750151 76.857411 -124.441951
v 109.087313 76.651829 -126.909196
v 108.864742 79.643392 -124.623385
v 100.231449 83.416284 -123.103969
v 101.817348 84.720648 -124.180203
v 100.199024 85.115946 -124.854433
v 94.084007 45.909585 -131.224493
v 99.201758 46.796403 -128.129458
v 93.996424 46.848748 -129.469210
v 96.869453 45.394218 -139.894476
v 96.223228 46.169364 -141.109881
v 96.065135 45.083663 -141.530265
v 99.290017 67.790508 -138.515890
v 96.059846 61.999703 -137.972813
v 95.594084 63.692797 -136.587013
v 105.281037 93.225169 -128.940455
v 105.802611 94.715499 -129.131768
v 106.681131 95.913981 -130.449956
v 93.737934 82.681400 -136.529975
v 94.930070 81.277240 -137.657611
v 92.849237 81.217546 -137.993215
v 104.200858 85.882032 -125.646532
v 104.502801 83.586526 -125.994453
v 105.586623 82.447886 -126.455908
v 103.771339 76.710522 -132.490500
v 103.449671 78.751110 -132.121652
v 105.189638 76.240294 -132.482292
v 101.158231 42.487508 -128.750192
v 100.037197 42.854584 -129.489417
v 100.702646 39.913938 -130.031888
v 99.907003 74.932970 -120.257353
v 98.585413 80.040611 -122.008447
v 97.380927 77.531303 -122.419743
v 109.444356 60.834419 -124.450322
v 110.264469 56.855654 -124.306920
v 109.796758 61.732720 -126.791085
v 100.713242 51.315348 -139.722258
v 100.466935 54.094880 -139.002005
v 104.089048 52.083884 -137.675173
v 97.022056 77.813293 -122.645070
v 96.818860 79.986615 -123.557983
v 96.253535 78.898044 -124.397999
v 105.617509 95.347940 -135.100131
v 105.305775 93.589496 -134.346681
v 104.319778 93.957292 -135.348936
v 96.859152 7.044429 -135.983328
v 96.624393 5.498255 -135.540728
v 95.447869 6.910462 -133.934492
v 95.693281 71.493393 -136.918262
v 96.281980 68.695271 -136.207497
v 95.384449 66.906023 -135.970733
v 97.796015 57.474877 -125.182128
v 102.227991 57.664026 -121.312040
v 96.931001 58.205045 -125.511767
v 104.623767 86.833214 -130.257508
v 103.486944 86.664992 -131.015412
v 104.434753 86.341339 -133.047789
v 111.334416 52.023964 -125.852981
v 110.851551 53.916036 -127.476436
v 110.626925 53.812473 -125.470652
v 95.330349 61.667210 -138.425950
v 96.059846 61.999703 -137.972813
v 96.057858 58.593827 -139.580812
v 103.738291 99.430561 -129.797517
v 104.636658 98.365128 -129.078594
v 105.886610 97.739696 -131.515044
v 104.036449 85.404753 -129.327516
v 104.138402 86.509537 -128.587816
v 105.004322 86.171269 -129.797270
v 95.392301 76.946932 -138.058934
v 92.292523 71.568227 -139.375541
v 94.087454 79.052055 -138.508665
v 102.681477 39.925745 -129.762486
v 102.227026 30.896548 -126.260743
v 101.249276 39.299447 -127.841561
v 101.574805 37.708575 -124.422328
v 103.252911 43.037129 -122.076242
v 101.869206 42.921037 -123.721331
v 110.847987 56.065326 -119.842775
v 108.671416 55.439985 -119.478365
v 112.882096 47.165959 -121.967332
v 95.421872 79.234244 -125.128194
v 95.918894 86.490203 -125.840897
v 94.287220 83.835234 -126.070214
v 95.594084 63.692797 -136.587013
v 95.276791 64.610833 -136.073470
v 94.927789 63.661659 -135.132169
v 93.804252 66.703528 -139.846689
v 95.427827 58.982968 -141.163924
v 94.647707 53.945380 -142.240662
v 95.687433 77.783532 -124.349148
v 95.421872 79.234244 -125.128194
v 93.318449 77.240224 -126.503010
v 102.599076 86.350751 -132.123978
v 100.879461 83.262944 -131.255597
v 101.132328 86.283403 -132.424035
v 100.198648 79.073328 -133.735651
v 98.956882 79.897475 -134.254699
v 99.429416 80.397510 -133.586395
v 104.050817 1.831846 -137.481101
v 102.877193 2.717106 -137.785164
v 102.339397 4.107921 -136.712512
v 95.000664 12.863142 -135.760563
v 94.713327 10.394824 -133.060868
v 94.275861 23.911149 -136.119032
v 96.427970 30.718327 -137.194159
v 98.278331 29.223677 -138.008785
v 95.877692 27.857986 -137.554686
v 98.278331 29.223677 -138.008785
v 97.096104 20.890897 -138.100702
v 95.877692 27.857986 -137.554686
v 103.424594 32.461357 -123.240916
v 105.458739 29.689723 -122.147014
v 105.646442 33.674568 -122.275226
v 100.462756 98.257894 -125.859359
v 98.299462 99.446858 -127.242365
v 97.940390 96.082218 -125.060535
v 103.952004 62.858552 -121.539895
v 104.781673 61.160040 -121.370866
v 106.070777 62.146378 -121.425584
v 100.009967 61.403228 -122.982911
v 98.505838 69.281460 -121.666787
v 96.557693 68.398817 -124.199313
v 103.449023 89.408076 -125.317428
v 104.200858 85.882032 -125.646532
v 104.786085 89.710796 -126.641098
v 95.392301 76.946932 -138.058934
v 94.087454 79.052055 -138.508665
v 96.650088 77.107698 -138.045527
v 96.214783 38.906282 -138.038280
v 94.074426 44.886491 -138.438806
v 95.583272 44.270641 -139.320442
v 106.625285 49.017845 -132.180996
v 111.213546 45.723860 -129.856776
v 108.178555 40.625035 -131.187149
v 89.266017 76.710786 -133.439033
v 91.647030 71.154149 -131.811142
v 90.538485 75.514020 -131.579722
v 97.485570 47.570140 -125.506920
v 93.575438 49.463566 -128.241743
v 93.996424 46.848748 -129.469210
v 107.349439 9.571760 -127.118163
v 109.340844 4.833638 -127.484410
v 107.367545 5.421340 -128.166068
v 101.830441 20.200041 -125.324668
v 102.122137 10.983271 -122.161120
v 101.984235 22.815535 -122.822095
v 102.262879 26.567841 -125.039445
v 101.830441 20.200041 -125.324668
v 101.984235 22.815535 -122.822095
v 93.071765 59.284157 -134.994808
v 93.429256 58.369870 -130.540543
v 93.835303 61.293823 -133.856506
v 101.817348 84.720648 -124.180203
v 100.656873 87.297512 -124.724290
v 100.199024 85.115946 -124.854433
v 104.616144 51.591830 -136.011437
v 104.605025 49.691777 -134.044174
v 102.916660 50.895881 -138.038854
v 99.316666 44.841998 -141.031676
v 100.078210 45.469784 -140.904913
v 100.072026 43.136900 -140.087615
v 105.380408 97.995197 -131.569063
v 106.810526 97.694193 -132.799613
v 102.886753 99.473625 -130.705756
v 107.946370 62.422513 -123.990852
v 109.766886 66.103094 -128.503667
v 105.833670 64.838546 -123.441003
v 97.081154 53.432822 -140.265646
v 99.084477 51.757579 -140.189706
v 98.458611 51.567351 -140.915038
v 93.996424 46.848748 -129.469210
v 99.201758 46.796403 -128.129458
v 97.485570 47.570140 -125.506920
v 112.016351 1.176654 -126.135037
v 111.116482 0.228863 -125.809931
v 112.053794 0.837909 -127.567652
v 100.765268 81.157821 -134.242946
v 99.879518 84.975171 -134.992158
v 100.744621 82.923615 -133.709484
v 108.894623 73.763078 -119.092163
v 107.981396 69.346547 -118.102590
v 108.745973 62.616175 -117.906186
v 105.029473 48.766797 -132.260517
v 104.247562 45.940255 -132.019099
v 104.213384 48.030560 -133.108126
v 95.003663 83.919681 -133.398978
v 92.065449 82.213474 -136.561651
v 92.404464 83.155532 -130.862269
v 104.247562 45.940255 -132.019099
v 104.779761 44.413146 -131.679123
v 103.595759 43.641400 -132.061804
v 95.000664 12.863142 -135.760563
v 96.081955 8.949900 -136.582047
v 95.416019 9.181357 -134.785760
v 105.817750 65.858263 -123.648397
v 106.581693 67.621523 -124.738836
v 105.963480 65.862912 -123.223460
v 105.160197 86.807435 -132.795672
v 104.623767 86.833214 -130.257508
v 104.434753 86.341339 -133.047789
v 108.671416 55.439985 -119.478365
v 108.997462 53.726297 -120.445406
v 111.939058 49.170669 -121.601613
v 104.707972 72.691662 -119.117347
v 105.017517 67.803377 -121.086807
v 106.359987 66.368705 -118.954372
v 112.379598 45.394038 -122.785188
v 113.853533 47.513707 -123.025583
v 112.882096 47.165959 -121.967332
v 95.014459 58.074428 -127.760906
v 94.039444 60.216893 -127.578758
v 93.429256 58.369870 -130.540543
v 105.037092 9.158742 -127.784935
v 105.572179 9.948957 -127.000424
v 107.349439 9.571760 -127.118163
v 104.200858 85.882032 -125.646532
v 104.460715 83.874267 -125.357340
v 104.502801 83.586526 -125.994453
v 101.566530 53.533901 -120.314969
v 102.171363 56.873400 -121.700720
v 99.663436 53.814436 -121.012885
v 112.620872 54.285382 -124.339025
v 113.820550 49.275498 -126.085624
v 111.958925 51.243006 -125.619928
v 102.783367 95.417017 -125.824846
v 104.636658 98.365128 -129.078594
v 100.462756 98.257894 -125.859359
v 101.206235 7.621121 -135.656380
v 99.396152 7.025337 -136.874981
v 98.734593 9.764534 -136.755145
v 96.057858 58.593827 -139.580812
v 97.258290 54.583412 -141.186243
v 95.330349 61.667210 -138.425950
v 96.531032 47.445741 -139.986220
v 95.939626 48.149696 -140.416296
v 96.892349 46.486890 -140.805207
v 106.006029 97.215520 -131.118370
v 106.538031 96.864193 -132.580932
v 105.886610 97.739696 -131.515044
v 99.275260 83.706987 -135.240104
v 99.756754 83.710688 -135.783915
v 99.879518 84.975171 -134.992158
v 95.751944 96.311397 -132.209401
v 96.963167 91.479361 -134.709701
v 94.593281 93.290503 -132.008351
v 100.036526 58.105015 -139.141029
v 99.137461 55.695706 -139.530606
v 97.278903 55.633539 -139.322817
v 111.939058 49.170669 -121.601613
v 112.882096 47.165959 -121.967332
v 108.671416 55.439985 -119.478365
v 96.407514 86.830939 -124.533648
v 96.483716 91.357185 -125.095631
v 95.918894 86.490203 -125.840897
v 99.452117 84.455980 -123.681858
v 98.196996 88.587792 -124.142353
v 99.036121 83.150287 -123.061978
v 92.404464 83.155532 -130.862269
v 93.080516 84.373571 -129.859879
v 95.112312 85.123546 -129.945190
v 102.339397 4.107921 -136.712512
v 102.877193 2.717106 -137.785164
v 99.813702 4.760932 -137.201440
v 97.444539 48.005229 -143.471596
v 97.050308 44.573029 -142.559986
v 95.121029 47.664034 -141.907892
v 92.201099 52.579386 -131.316724
v 93.435265 51.893486 -127.744095
v 93.578591 56.470133 -129.875591
v 104.376436 5.079312 -121.030656
v 105.378713 6.305146 -121.540600
v 103.768787 7.217032 -121.774695
v 95.609109 6.231410 -132.137235
v 95.512310 9.163875 -132.578744
v 95.447869 6.910462 -133.934492
v 97.258290 54.583412 -141.186243
v 96.057858 58.593827 -139.580812
v 97.081154 53.432822 -140.265646
v 112.053794 0.837909 -127.567652
v 110.703854 1.193802 -130.211579
v 111.966889 2.026008 -127.242347
v 103.231956 8.443976 -124.993328
v 104.574059 8.688766 -126.453827
v 102.752762 6.094760 -125.305791
v 113.853533 47.513707 -123.025583
v 114.266710 46.842716 -125.629087
v 114.066482 51.113097 -123.142334
v 94.497999 64.770020 -134.711776
v 93.069001 69.660337 -133.592179
v 91.757114 65.643443 -134.771496
v 99.250655 45.455345 -142.985427
v 99.316666 44.841998 -141.031676
v 97.240218 44.156384 -141.762870
v 92.220106 82.774223 -129.424398
v 90.147347 75.701119 -130.105737
v 92.531376 83.428408 -128.303865
v 100.305442 49.385796 -120.967951
v 101.124201 46.147467 -121.870047
v 103.252911 43.037129 -122.076242
v 99.250655 45.455345 -142.985427
v 100.095127 47.841530 -141.946483
v 100.078210 45.469784 -140.904913
v 101.123951 10.264426 -133.582532
v 100.147558 10.846126 -135.876401
v 100.271497 11.041635 -133.680177
v 105.458739 29.689723 -122.147014
v 103.721284 28.649697 -122.722386
v 103.859518 24.930177 -121.211632
v 95.355696 61.328472 -125.208991
v 100.009967 61.403228 -122.982911
v 96.557693 68.398817 -124.199313
v 105.582877 13.092453 -120.858608
v 104.863315 21.426371 -120.366264
v 103.025731 9.541131 -121.577005
v 104.778268 75.729579 -118.672940
v 107.981396 69.346547 -118.102590
v 106.651192 77.510977 -118.903669
v 98.333394 89.193278 -135.881948
v 96.963167 91.479361 -134.709701
v 99.838065 92.196691 -136.326823
v 99.348166 28.736788 -138.143002
v 100.270329 27.299371 -137.098718
v 99.701790 14.504438 -135.434695
v 110.264469 56.855654 -124.306920
v 110.324508 59.881615 -123.808234
v 111.362471 56.650554 -124.150982
v 100.765268 81.157821 -134.242946
v 99.869170 79.792106 -134.758307
v 98.141967 82.468385 -134.639300
v 97.940390 96.082218 -125.060535
v 99.348883 92.917807 -124.361988
v 100.462756 98.257894 -125.859359
v 95.609109 6.231410 -132.137235
v 95.135976 3.535629 -131.318824
v 95.517187 4.726643 -130.341099
v 110.324508 59.881615 -123.808234
v 112.620872 54.285382 -124.339025
v 111.362471 56.650554 -124.150982
v 95.517187 4.726643 -130.341099
v 96.768020 3.415633 -130.274446
v 96.653853 4.672892 -129.696360
v 94.553736 87.954415 -127.510987
v 94.483156 92.060979 -127.152921
v 93.427570 89.630140 -127.911832
v 109.947852 63.402348 -119.078332
v 108.745973 62.616175 -117.906186
v 109.448934 60.375964 -119.091044
v 106.587875 91.134333 -131.067991
v 104.829377 91.310203 -128.446654
v 105.615698 89.361929 -129.338188
v 107.333141 61.648518 -118.571111
v 106.193604 64.001686 -118.870693
v 106.070777 62.146378 -121.425584
v 100.271497 11.041635 -133.680177
v 99.701790 14.504438 -135.434695
v 100.326791 23.892674 -133.350565
v 103.415152 11.063218 -125.313421
v 101.830441 20.200041 -125.324668
v 103.427450 13.591486 -126.136906
v 92.774302 56.263364 -133.486449
v 93.578591 56.470133 -129.875591
v 93.182826 57.670576 -134.266497
v 96.931001 58.205045 -125.511767
v 95.014459 58.074428 -127.760906
v 97.796015 57.474877 -125.182128
v 97.637352 57.321256 -138.589438
v 96.278468 57.869947 -138.690018
v 100.036526 58.105015 -139.141029
v 95.148433 20.994968 -137.165516
v 95.877692 27.857986 -137.554686
v 97.096104 20.890897 -138.100702
v 113.725592 45.876025 -124.708199
v 112.282261 44.666063 -124.447901
v 112.608823 45.172183 -126.728199
v 100.037197 42.854584 -129.489417
v 99.947679 45.987603 -129.205645
v 97.670358 44.815612 -129.621224
v 104.840195 71.037399 -135.306473
v 102.354560 72.963583 -137.874110
v 103.484677 73.560404 -136.849731
v 98.730359 61.621207 -138.218368
v 100.395740 68.364697 -138.623020
v 101.993288 66.720777 -137.658237
v 97.471128 72.388148 -138.190738
v 99.693074 74.405753 -138.261595
v 99.274219 69.971716 -138.069896
v 92.132578 57.976449 -138.845150
v 94.647707 53.945380 -142.240662
v 95.121029 47.664034 -141.907892
v 104.376436 5.079312 -121.030656
v 103.768787 7.217032 -121.774695
v 102.465681 4.211528 -121.526145
v 102.625025 84.714144 -130.435242
v 103.255311 84.104538 -129.599992
v 102.082013 82.932132 -130.229792
v 105.886610 97.739696 -131.515044
v 105.380408 97.995197 -131.569063
v 103.738291 99.430561 -129.797517
v 104.369705 86.452776 -125.034351
v 104.200858 85.882032 -125.646532
v 103.449023 89.408076 -125.317428
v 102.690582 46.742298 -139.168124
v 103.668802 43.564366 -138.295095
v 101.790869 42.891019 -139.721561
v 108.750151 76.857411 -124.441951
v 108.133771 71.271079 -124.259901
v 108.313678 75.044798 -125.280648
v 95.609109 6.231410 -132.137235
v 95.517187 4.726643 -130.341099
v 96.133874 7.868291 -131.501032
v 109.444356 60.834419 -124.450322
v 109.796758 61.732720 -126.791085
v 109.766886 66.103094 -128.503667
v 102.690582 46.742298 -139.168124
v 100.713242 51.315348 -139.722258
v 102.916660 50.895881 -138.038854
v 103.415152 11.063218 -125.313421
v 104.679929 11.630362 -126.816441
v 105.572179 9.948957 -127.000424
v 105.833670 64.838546 -123.441003
v 105.817750 65.858263 -123.648397
v 105.549106 65.241367 -122.842944
v 102.120388 94.919568 -136.513470
v 100.442616 96.447706 -135.973646
v 103.868046 97.324335 -135.861092
v 95.964671 65.327728 -135.881658
v 95.278487 64.597083 -134.797201
v 95.276791 64.610833 -136.073470
v 100.713242 51.315348 -139.722258
v 104.089048 52.083884 -137.675173
v 102.916660 50.895881 -138.038854
v 104.419643 82.685447 -121.030079
v 105.886828 81.012303 -119.979982
v 107.336974 81.827772 -120.766025
v 93.497206 43.317486 -134.806639
v 95.049818 43.310417 -131.524235
v 92.964859 45.872391 -132.268644
v 94.424180 89.186592 -133.114108
v 94.198417 87.454469 -132.140348
v 94.593281 93.290503 -132.008351
v 105.017517 67.803377 -121.086807
v 106.070777 62.146378 -121.425584
v 106.193604 64.001686 -118.870693
v 100.466935 54.094880 -139.002005
v 99.084477 51.757579 -140.189706
v 97.702000 53.352677 -139.481466
v 99.900900 87.730336 -134.889805
v 99.782175 86.759090 -134.054076
v 99.879518 84.975171 -134.992158
v 94.553736 87.954415 -127.510987
v 96.483716 91.357185 -125.095631
v 94.483156 92.060979 -127.152921
v 98.466702 11.912024 -131.479738
v 97.305562 21.224926 -130.442812
v 95.866265 12.452472 -131.059970
v 97.462105 79.941922 -136.321608
v 96.650088 77.107698 -138.045527
v 94.930070 81.277240 -137.657611
v 103.504105 77.757592 -118.650598
v 102.392344 79.652668 -119.997142
v 102.969954 75.568802 -118.619387
v 111.966889 2.026008 -127.242347
v 109.937074 2.908151 -129.200220
v 110.315247 3.194510 -127.430259
v 101.393915 77.456957 -134.523078
v 99.576351 78.701764 -135.315033
v 99.836910 79.351353 -134.514231
v 103.563364 87.630779 -124.542145
v 100.932078 90.584720 -124.634356
v 102.752350 85.881746 -125.165478
v 104.944717 5.098742 -126.897186
v 106.091628 1.357227 -125.463763
v 103.077760 3.151280 -123.982575
v 95.538562 78.908624 -124.542568
v 95.380687 78.413786 -124.600851
v 95.514532 78.867002 -124.527546
v 102.606486 2.825064 -122.300372
v 104.402276 2.250046 -123.203246
v 103.574680 3.190762 -121.523999
v 95.355696 61.328472 -125.208991
v 91.371572 72.971107 -128.990503
v 94.039444 60.216893 -127.578758
v 108.939927 65.071385 -130.578287
v 109.766886 66.103094 -128.503667
v 109.796758 61.732720 -126.791085
v 98.813733 0.914681 -136.472428
v 97.637085 2.135980 -134.886204
v 99.244654 2.165639 -136.821065
v 101.574805 37.708575 -124.422328
v 102.227026 30.896548 -126.260743
v 103.424594 32.461357 -123.240916
v 105.954682 45.105237 -120.499627
v 107.634344 38.856610 -121.941492
v 108.761004 44.262880 -121.255268
v 98.585413 80.040611 -122.008447
v 99.907003 74.932970 -120.257353
v 102.392344 79.652668 -119.997142
v 106.587875 91.134333 -131.067991
v 105.829248 91.315906 -132.956401
v 106.113415 92.449759 -131.660159
v 96.427970 30.718327 -137.194159
v 95.717936 34.651459 -136.311355
v 96.214783 38.906282 -138.038280
v 98.161847 83.186555 -135.585312
v 96.973603 82.216805 -135.506185
v 97.147085 82.512766 -135.264607
v 103.668802 43.564366 -138.295095
v 103.966593 41.340544 -137.099825
v 101.682458 35.512932 -138.231774
v 107.112917 6.150222 -122.318106
v 108.192347 8.492225 -122.098432
v 106.108013 8.534384 -121.085988
v 102.298811 0.891226 -137.625470
v 99.100820 2.981907 -137.467169
v 102.877193 2.717106 -137.785164
v 111.036536 42.489241 -124.713149
v 110.578136 44.056799 -123.201675
v 108.204898 33.670434 -123.470487
v 105.037092 9.158742 -127.784935
v 107.367545 5.421340 -128.166068
v 104.793069 8.262914 -127.353957
v 103.868046 97.324335 -135.861092
v 105.315022 96.838485 -134.891133
v 103.996727 95.449506 -136.114137
v 106.246992 51.359463 -120.771849
v 109.044648 50.306951 -122.439897
v 108.693412 52.728897 -121.394062
v 96.859152 7.044429 -135.983328
v 95.447869 6.910462 -133.934492
v 96.081955 8.949900 -136.582047
v 102.803812 84.575177 -124.239389
v 101.589500 86.203969 -125.281136
v 101.817348 84.720648 -124.180203
v 99.693074 74.405753 -138.261595
v 97.471128 72.388148 -138.190738
v 97.497894 76.533055 -137.299656
v 98.209136 1.760793 -133.665571
v 100.622019 0.109702 -134.140479
v 102.724062 0.739109 -134.322151
v 105.281322 94.273590 -129.369875
v 105.802611 94.715499 -129.131768
v 105.281037 93.225169 -128.940455
v 93.575438 49.463566 -128.241743
v 101.124201 46.147467 -121.870047
v 100.305442 49.385796 -120.967951
v 96.313107 89.306635 -134.327387
v 97.091404 88.130796 -135.281288
v 96.492849 82.604409 -135.512613
v 106.091628 1.357227 -125.463763
v 107.093988 0.141811 -124.906723
v 104.402276 2.250046 -123.203246
v 99.813702 4.760932 -137.201440
v 102.877193 2.717106 -137.785164
v 99.100820 2.981907 -137.467169
v 97.278903 55.633539 -139.322817
v 100.466935 54.094880 -139.002005
v 97.702000 53.352677 -139.481466
v 101.846858 30.576392 -137.663000
v 102.967093 33.525084 -136.931242
v 102.397431 29.251420 -135.592040
v 100.234282 7.847130 -131.966377
v 98.466702 11.912024 -131.479738
v 97.405687 9.508896 -130.932270
v 92.201099 52.579386 -131.316724
v 93.503121 53.880907 -136.453150
v 92.773946 48.744489 -135.972161
v 100.900107 84.159887 -133.249539
v 99.782175 86.759090 -134.054076
v 99.554152 86.769420 -132.720041
v 105.281037 93.225169 -128.940455
v 107.203857 96.090781 -130.163910
v 105.826159 92.393743 -128.005885
v 97.796015 57.474877 -125.182128
v 99.663436 53.814436 -121.012885
v 102.171363 56.873400 -121.700720
v 96.033426 72.187066 -137.359768
v 95.392301 76.946932 -138.058934
v 95.945417 74.475491 -137.201382
v 108.902346 72.405957 -131.817626
v 107.705973 67.668776 -132.796220
v 106.455036 72.616040 -133.556318
v 108.178555 40.625035 -131.187149
v 105.714782 28.191068 -128.993443
v 104.779761 44.413146 -131.679123
v 102.803812 84.575177 -124.239389
v 107.192274 82.964939 -122.557816
v 103.747173 83.901632 -125.208175
v 114.064457 50.710700 -124.474632
v 113.820550 49.275498 -126.085624
v 112.620872 54.285382 -124.339025
v 99.429416 80.397510 -133.586395
v 100.299103 80.161816 -133.792814
v 100.744621 82.923615 -133.709484
v 110.851551 53.916036 -127.476436
v 110.941539 56.294315 -128.947337
v 110.891838 55.303257 -124.804173
v 108.067855 23.583039 -126.079040
v 105.886430 25.127860 -127.547885
v 108.131896 27.842861 -127.287477
v 102.841874 99.809968 -132.223110
v 100.201691 99.850410 -132.466984
v 99.777355 100.488627 -129.575758
v 105.454693 81.489586 -128.402061
v 105.586623 82.447886 -126.455908
v 107.334247 78.734153 -128.365853
v 105.305775 93.589496 -134.346681
v 105.397944 96.272903 -134.091126
v 106.274910 93.856024 -131.997334
v 99.879518 84.975171 -134.992158
v 99.782175 86.759090 -134.054076
v 100.744621 82.923615 -133.709484
v 102.006844 4.507870 -122.807038
v 102.764356 6.956429 -122.636510
v 102.752762 6.094760 -125.305791
v 100.326791 23.892674 -133.350565
v 99.713639 26.920897 -131.662753
v 98.663797 20.700691 -130.817122
v 104.623767 86.833214 -130.257508
v 103.939675 87.106156 -129.191656
v 103.096157 86.876869 -129.725762
v 105.572179 9.948957 -127.000424
v 104.679929 11.630362 -126.816441
v 107.349439 9.571760 -127.118163
v 93.429256 58.369870 -130.540543
v 94.039444 60.216893 -127.578758
v 94.046319 60.178090 -129.796136
v 102.783367 95.417017 -125.824846
v 104.651540 93.558663 -127.122693
v 105.880753 95.864540 -128.416447
v 111.315779 42.059760 -129.251574
v 111.890639 42.958067 -126.990605
v 110.239959 34.840884 -127.707623
v 114.066482 51.113097 -123.142334
v 110.692724 65.691470 -121.237959
v 113.447676 51.062613 -121.848336
v 101.515513 45.088971 -122.747620
v 100.400505 45.509208 -125.247586
v 101.869206 42.921037 -123.721331
v 106.359987 66.368705 -118.954372
v 107.351650 63.558769 -118.032793
v 107.981396 69.346547 -118.102590
v 104.944717 5.098742 -126.897186
v 107.593402 1.875549 -127.976615
v 106.091628 1.357227 -125.463763
v 95.524069 78.653766 -124.464924
v 95.514532 78.867002 -124.527546
v 95.687433 77.783532 -124.349148
v 98.141967 82.468385 -134.639300
v 99.869170 79.792106 -134.758307
v 98.190374 80.522686 -134.586677
v 106.070777 62.146378 -121.425584
v 105.017517 67.803377 -121.086807
v 105.460217 65.941274 -122.530562
v 99.907003 74.932970 -120.257353
v 102.110857 71.484227 -120.149064
v 101.748379 75.441570 -119.761413
v 103.449023 89.408076 -125.317428
v 103.563364 87.630779 -124.542145
v 104.369705 86.452776 -125.034351
v 94.647707 53.945380 -142.240662
v 92.292523 71.568227 -139.375541
v 93.804252 66.703528 -139.846689
v 108.750151 76.857411 -124.441951
v 109.339232 76.384478 -125.758415
v 109.087313 76.651829 -126.909196
v 95.687433 77.783532 -124.349148
v 96.253535 78.898044 -124.397999
v 95.741357 78.625675 -124.504953
v 97.022056 77.813293 -122.645070
v 97.163261 77.573140 -122.489207
v 96.818860 79.986615 -123.557983
v 95.594084 63.692797 -136.587013
v 95.330349 61.667210 -138.425950
v 95.006667 63.712246 -137.196058
v 95.693281 71.493393 -136.918262
v 96.497607 71.174073 -136.541791
v 96.281980 68.695271 -136.207497
v 101.574805 37.708575 -124.422328
v 103.424594 32.461357 -123.240916
v 103.252911 43.037129 -122.076242
v 91.719516 76.810498 -138.705309
v 94.087454 79.052055 -138.508665
v 92.292523 71.568227 -139.375541
v 104.419643 82.685447 -121.030079
v 100.231449 83.416284 -123.103969
v 99.036121 83.150287 -123.061978
v 96.033426 72.187066 -137.359768
v 94.782979 69.430942 -138.292495
v 95.392301 76.946932 -138.058934
v 105.315022 96.838485 -134.891133
v 105.617509 95.347940 -135.100131
v 104.424640 95.580958 -135.228534
v 100.765268 81.157821 -134.242946
v 98.141967 82.468385 -134.639300
v 99.275260 83.706987 -135.240104
v 101.515513 45.088971 -122.747620
v 99.427919 46.541182 -126.464563
v 100.400505 45.509208 -125.247586
v 106.149373 88.447326 -128.857962
v 105.826159 92.393743 -128.005885
v 105.874656 90.896379 -127.562630
v 108.894623 73.763078 -119.092163
v 110.692724 65.691470 -121.237959
v 108.997410 80.355906 -121.793192
v 100.744621 82.923615 -133.709484
v 100.055081 83.452880 -132.327224
v 99.243079 81.620210 -132.977627
v 105.829248 91.315906 -132.956401
v 105.160197 86.807435 -132.795672
v 104.744855 87.641512 -134.085876
v 95.143860 63.600511 -134.402369
v 94.633559 65.039582 -133.412709
v 95.278487 64.597083 -134.797201
v 108.894623 73.763078 -119.092163
v 107.336974 81.827772 -120.766025
v 106.651192 77.510977 -118.903669
v 98.956882 79.897475 -134.254699
v 100.198648 79.073328 -133.735651
v 99.038412 79.520565 -134.586706
v 95.517187 4.726643 -130.341099
v 95.135976 3.535629 -131.318824
v 96.768020 3.415633 -130.274446
v 105.391689 88.204824 -130.488392
v 105.829248 91.315906 -132.956401
v 106.587875 91.134333 -131.067991
v 97.836320 82.679339 -123.240950
v 97.278424 78.457536 -122.467060
v 99.036121 83.150287 -123.061978
v 94.074426 44.886491 -138.438806
v 96.531032 47.445741 -139.986220
v 95.583272 44.270641 -139.320442
v 95.481044 97.189904 -129.753356
v 97.530183 99.785269 -129.134086
v 96.735634 98.245335 -131.656969
v 97.414759 58.369578 -124.053937
v 94.039444 60.216893 -127.578758
v 96.931001 58.205045 -125.511767
v 107.876877 54.955011 -121.377086
v 107.427706 56.349564 -120.718977
v 104.228986 57.485080 -120.452948
v 93.845066 42.419857 -136.948474
v 93.497206 43.317486 -134.806639
v 92.544611 46.240378 -134.534831
v 105.297071 91.672074 -134.782021
v 104.744855 87.641512 -134.085876
v 104.280251 91.407918 -134.890306
v 101.093382 57.250147 -138.818109
v 102.208596 62.291097 -138.160667
v 105.157664 53.740524 -137.035197
v 94.954098 66.045356 -137.961920
v 95.693281 71.493393 -136.918262
v 95.384449 66.906023 -135.970733
v 93.069001 69.660337 -133.592179
v 91.020926 72.688575 -133.307672
v 91.760329 69.798656 -133.939320
v 99.100820 2.981907 -137.467169
v 102.298811 0.891226 -137.625470
v 99.244654 2.165639 -136.821065
v 104.402276 2.250046 -123.203246
v 108.728698 0.017505 -124.194089
v 106.862229 2.214861 -123.057662
v 96.569622 34.903759 -131.330524
v 97.646599 39.450044 -129.962335
v 95.049818 43.310417 -131.524235
v 99.892584 -0.000000 -135.310289
v 98.048853 0.604117 -134.910844
v 98.813733 0.914681 -136.472428
v 98.813733 0.914681 -136.472428
v 100.322610 0.482988 -137.538565
v 99.892584 -0.000000 -135.310289
v 96.133874 7.868291 -131.501032
v 97.405687 9.508896 -130.932270
v 95.512310 9.163875 -132.578744
v 98.646805 77.968061 -136.648219
v 99.576351 78.701764 -135.315033
v 101.393915 77.456957 -134.523078
v 97.444539 48.005229 -143.471596
v 94.647707 53.945380 -142.240662
v 95.427827 58.982968 -141.163924
v 101.393915 77.456957 -134.523078
v 103.484677 73.560404 -136.849731
v 98.646805 77.968061 -136.648219
v 105.886610 97.739696 -131.515044
v 106.810526 97.694193 -132.799613
v 105.599263 97.815048 -131.817011
v 100.198648 79.073328 -133.735651
v 101.393915 77.456957 -134.523078
v 99.836910 79.351353 -134.514231
v 105.335286 90.642738 -127.659622
v 105.874656 90.896379 -127.562630
v 104.651540 93.558663 -127.122693
v 101.117490 9.661954 -134.866518
v 101.123951 10.264426 -133.582532
v 101.192727 8.138543 -133.873616
v 102.764356 6.956429 -122.636510
v 103.025731 9.541131 -121.577005
v 102.122137 10.983271 -122.161120
v 110.673648 50.220887 -128.963745
v 111.334416 52.023964 -125.852981
v 112.121457 48.429348 -127.265023
v 100.305442 49.385796 -120.967951
v 105.280682 41.408861 -121.336220
v 105.954682 45.105237 -120.499627
v 107.175199 10.541648 -121.822017
v 108.261836 12.242931 -122.260297
v 105.582877 13.092453 -120.858608
v 95.974453 27.701733 -132.523245
v 94.046547 23.315711 -133.284438
v 95.102330 21.714459 -131.498897
v 105.281037 93.225169 -128.940455
v 106.587875 91.134333 -131.067991
v 105.281322 94.273590 -129.369875
v 96.158824 4.518474 -133.811429
v 99.244654 2.165639 -136.821065
v 97.637085 2.135980 -134.886204
v 95.135976 3.535629 -131.318824
v 96.158824 4.518474 -133.811429
v 97.637085 2.135980 -134.886204
v 105.740953 64.662778 -122.446361
v 106.070777 62.146378 -121.425584
v 105.460217 65.941274 -122.530562
v 90.147347 75.701119 -130.105737
v 91.371572 72.971107 -128.990503
v 92.914949 78.762712 -127.565946
v 102.339397 4.107921 -136.712512
v 99.813702 4.760932 -137.201440
v 99.396152 7.025337 -136.874981
v 101.158231 42.487508 -128.750192
v 101.995035 41.192621 -130.402806
v 101.249276 39.299447 -127.841561
v 100.744621 82.923615 -133.709484
v 99.243079 81.620210 -132.977627
v 99.429416 80.397510 -133.586395
v 108.131896 27.842861 -127.287477
v 108.707895 29.024308 -128.769032
v 109.744959 29.874854 -127.579215
v 96.427970 30.718327 -137.194159
v 96.214783 38.906282 -138.038280
v 98.278331 29.223677 -138.008785
v 104.588684 25.312489 -127.913099
v 103.166808 26.569760 -127.485065
v 105.714782 28.191068 -128.993443
v 101.132328 86.283403 -132.424035
v 99.554152 86.769420 -132.720041
v 100.703673 87.771183 -134.073981
v 101.817348 84.720648 -124.180203
v 104.419643 82.685447 -121.030079
v 102.803812 84.575177 -124.239389
v 107.485643 51.669018 -132.684205
v 104.616144 51.591830 -136.011437
v 107.561930 51.667784 -133.689723
v 109.251430 65.469354 -123.058100
v 108.960315 61.733484 -123.377395
v 106.652578 63.885271 -123.165654
v 100.037197 42.854584 -129.489417
v 97.646599 39.450044 -129.962335
v 99.734581 32.904595 -130.537587
v 100.713242 51.315348 -139.722258
v 99.084477 51.757579 -140.189706
v 100.466935 54.094880 -139.002005
v 99.892584 -0.000000 -135.310289
v 103.239790 0.092470 -136.914393
v 100.622019 0.109702 -134.140479
v 96.059846 61.999703 -137.972813
v 99.290017 67.790508 -138.515890
v 100.395740 68.364697 -138.623020
v 97.485570 47.570140 -125.506920
v 99.201758 46.796403 -128.129458
v 99.427919 46.541182 -126.464563
v 94.768295 89.296873 -130.042114
v 94.353864 92.377604 -128.967516
v 94.593281 93.290503 -132.008351
v 96.355316 90.758670 -133.807360
v 94.424180 89.186592 -133.114108
v 94.593281 93.290503 -132.008351
v 91.985552 58.191664 -136.955256
v 93.245995 55.084950 -136.880740
v 93.099690 56.426961 -135.810499
v 106.185583 64.042354 -122.850369
v 105.740953 64.662778 -122.446361
v 106.018515 64.923078 -122.967306
v 99.348883 92.917807 -124.361988
v 102.783367 95.417017 -125.824846
v 100.462756 98.257894 -125.859359
v 97.637085 2.135980 -134.886204
v 96.151095 2.661825 -131.889150
v 95.135976 3.535629 -131.318824
v 111.939058 49.170669 -121.601613
v 108.997462 53.726297 -120.445406
v 108.693412 52.728897 -121.394062
v 108.604728 25.633475 -123.283873
v 107.157560 30.123421 -122.564877
v 106.421620 26.697174 -121.315955
v 106.810526 97.694193 -132.799613
v 103.868046 97.324335 -135.861092
v 102.496602 99.012613 -134.405890
v 102.208596 62.291097 -138.160667
v 107.409469 55.720125 -134.735385
v 105.157664 53.740524 -137.035197
v 106.394054 97.059529 -129.896597
v 104.636658 98.365128 -129.078594
v 105.880753 95.864540 -128.416447
v 95.945417 74.475491 -137.201382
v 96.650088 77.107698 -138.045527
v 97.148294 74.594164 -137.145865
v 92.404464 83.155532 -130.862269
v 92.065449 82.213474 -136.561651
v 91.196483 81.523569 -134.921438
v 93.318449 77.240224 -126.503010
v 94.287220 83.835234 -126.070214
v 92.914949 78.762712 -127.565946
v 97.920027 80.670399 -135.439988
v 98.190374 80.522686 -134.586677
v 97.933284 79.802680 -135.768660
v 106.381165 96.248828 -134.103111
v 106.538031 96.864193 -132.580932
v 105.599263 97.815048 -131.817011
v 95.330349 61.667210 -138.425950
v 95.427827 58.982968 -141.163924
v 93.804252 66.703528 -139.846689
v 96.569622 34.903759 -131.330524
v 96.073869 31.489793 -132.757363
v 98.112036 27.323822 -131.281196
v 102.082013 82.932132 -130.229792
v 103.255311 84.104538 -129.599992
v 104.808977 80.940294 -129.368582
v 102.465681 4.211528 -121.526145
v 102.764356 6.956429 -122.636510
v 102.006844 4.507870 -122.807038
v 106.421620 26.697174 -121.315955
v 103.859518 24.930177 -121.211632
v 104.863315 21.426371 -120.366264
v 104.419643 82.685447 -121.030079
v 99.036121 83.150287 -123.061978
v 102.392344 79.652668 -119.997142
v 107.336974 81.827772 -120.766025
v 108.894623 73.763078 -119.092163
v 108.997410 80.355906 -121.793192
v 102.083037 87.225061 -134.215416
v 104.434753 86.341339 -133.047789
v 102.599076 86.350751 -132.123978
v 97.940390 96.082218 -125.060535
v 98.299462 99.446858 -127.242365
v 95.874172 96.764935 -127.303634
v 98.956882 79.897475 -134.254699
v 99.487146 79.533356 -134.701606
v 99.836910 79.351353 -134.514231
v 104.623767 86.833214 -130.257508
v 104.138402 86.509537 -128.587816
v 103.939675 87.106156 -129.191656
v 97.305562 21.224926 -130.442812
v 95.102330 21.714459 -131.498897
v 95.866265 12.452472 -131.059970
v 94.235989 84.938218 -127.787732
v 94.553736 87.954415 -127.510987
v 93.492283 86.584546 -127.726983
v 114.066482 51.113097 -123.142334
v 112.620872 54.285382 -124.339025
v 110.517966 64.166497 -122.491097
v 103.668802 43.564366 -138.295095
v 101.682458 35.512932 -138.231774
v 101.790869 42.891019 -139.721561
v 100.656873 87.297512 -124.724290
v 101.589500 86.203969 -125.281136
v 100.932078 90.584720 -124.634356
v 104.169753 75.189458 -134.099296
v 105.189638 76.240294 -132.482292
v 106.455036 72.616040 -133.556318
v 97.163261 77.573140 -122.489207
v 95.687433 77.783532 -124.349148
v 98.505838 69.281460 -121.666787
v 104.138402 86.509537 -128.587816
v 102.913808 85.369867 -128.986484
v 103.096157 86.876869 -129.725762
v 104.808977 80.940294 -129.368582
v 105.454693 81.489586 -128.402061
v 107.334247 78.734153 -128.365853
v 109.941696 1.002788 -124.143939
v 112.016351 1.176654 -126.135037
v 107.112917 6.150222 -122.318106
v 100.640781 44.739095 -126.507128
v 101.869206 42.921037 -123.721331
v 100.400505 45.509208 -125.247586
v 95.583272 44.270641 -139.320442
v 98.397097 43.273025 -139.828131
v 96.214783 38.906282 -138.038280
v 98.397097 43.273025 -139.828131
v 99.344794 34.338516 -138.246138
v 96.214783 38.906282 -138.038280
v 105.829248 91.315906 -132.956401
v 104.744855 87.641512 -134.085876
v 105.949141 91.747503 -133.905178
v 97.240218 44.156384 -141.762870
v 99.316666 44.841998 -141.031676
v 98.118862 44.887226 -140.452589
v 94.046319 60.178090 -129.796136
v 92.118281 68.276830 -129.952275
v 94.093435 63.038505 -131.178092
v 109.251430 65.469354 -123.058100
v 110.024526 70.150625 -121.995039
v 110.517966 64.166497 -122.491097
v 103.777988 65.639550 -121.725803
v 102.110857 71.484227 -120.149064
v 100.746185 66.376747 -120.887565
v 92.132578 57.976449 -138.845150
v 90.748048 60.446162 -136.930087
v 91.198977 61.334247 -138.389242
v 99.627222 86.738944 -135.898164
v 99.655366 84.340340 -136.353918
v 98.154766 85.777754 -135.799158
v 104.651540 93.558663 -127.122693
v 105.874656 90.896379 -127.562630
v 105.880753 95.864540 -128.416447
v 101.649453 28.890526 -136.784889
v 101.846858 30.576392 -137.663000
v 102.397431 29.251420 -135.592040
v 93.884468 86.003156 -129.688167
v 92.220106 82.774223 -129.424398
v 93.395056 86.708726 -128.375807
v 110.239959 34.840884 -127.707623
v 111.036536 42.489241 -124.713149
v 108.204898 33.670434 -123.470487
v 103.252410 3.129332 -134.969265
v 101.206235 7.621121 -135.656380
v 101.192727 8.138543 -133.873616
v 97.265631 85.432846 -134.982858
v 98.154766 85.777754 -135.799158
v 98.161847 83.186555 -135.585312
v 97.471128 72.388148 -138.190738
v 96.281980 68.695271 -136.207497
v 96.497607 71.174073 -136.541791
v 100.305442 49.385796 -120.967951
v 99.663436 53.814436 -121.012885
v 96.735745 52.869715 -123.539805
v 100.072026 43.136900 -140.087615
v 100.704071 47.412910 -140.257440
v 101.790869 42.891019 -139.721561
v 94.593281 93.290503 -132.008351
v 94.198417 87.454469 -132.140348
v 94.720849 87.346066 -131.704319
v 103.574680 3.190762 -121.523999
v 104.376436 5.079312 -121.030656
v 102.465681 4.211528 -121.526145
v 103.721284 28.649697 -122.722386
v 103.424594 32.461357 -123.240916
v 102.262879 26.567841 -125.039445
v 91.371572 72.971107 -128.990503
v 93.318449 77.240224 -126.503010
v 92.914949 78.762712 -127.565946
v 98.154766 85.777754 -135.799158
v 98.333394 89.193278 -135.881948
v 99.627222 86.738944 -135.898164
v 107.367545 5.421340 -128.166068
v 109.937074 2.908151 -129.200220
v 109.020282 2.123605 -129.351734
v 105.380408 97.995197 -131.569063
v 105.599263 97.815048 -131.817011
v 106.810526 97.694193 -132.799613
v 110.891838 55.303257 -124.804173
v 110.626925 53.812473 -125.470652
v 110.851551 53.916036 -127.476436
v 89.266017 76.710786 -133.439033
v 91.196483 81.523569 -134.921438
v 89.867853 75.720252 -134.306500
v 93.069001 69.660337 -133.592179
v 94.497999 64.770020 -134.711776
v 94.633559 65.039582 -133.412709
v 100.972749 27.452171 -133.847593
v 99.713639 26.920897 -131.662753
v 100.326791 23.892674 -133.350565
v 108.750151 76.857411 -124.441951
v 109.251430 65.469354 -123.058100
v 108.133771 71.271079 -124.259901
v 108.750151 76.857411 -124.441951
v 108.864742 79.643392 -124.623385
v 110.024526 70.150625 -121.995039
v 98.112036 27.323822 -131.281196
v 95.102330 21.714459 -131.498897
v 97.305562 21.224926 -130.442812
v 111.958925 51.243006 -125.619928
v 111.331686 53.479521 -124.606798
v 112.620872 54.285382 -124.339025
v 91.647030 71.154149 -131.811142
v 93.069001 69.660337 -133.592179
v 94.633559 65.039582 -133.412709
v 100.055081 83.452880 -132.327224
v 99.554152 86.769420 -132.720041
v 99.878756 82.076418 -131.804189
v 102.784167 41.638481 -131.200340
v 103.595759 43.641400 -132.061804
v 103.546340 42.011368 -130.654798
v 93.385460 53.260702 -137.949817
v 91.985552 58.191664 -136.955256
v 93.795392 51.167572 -140.115236
v 93.427570 89.630140 -127.911832
v 94.353864 92.377604 -128.967516
v 93.395056 86.708726 -128.375807
v 96.569622 34.903759 -131.330524
v 98.112036 27.323822 -131.281196
v 99.734581 32.904595 -130.537587
v 99.777355 100.488627 -129.575758
v 97.530183 99.785269 -129.134086
v 98.299462 99.446858 -127.242365
v 105.886610 97.739696 -131.515044
v 105.694244 97.637074 -131.578056
v 105.380408 97.995197 -131.569063
v 95.647189 84.889371 -133.296797
v 94.720849 87.346066 -131.704319
v 95.252426 86.948950 -133.111429
v 94.593281 93.290503 -132.008351
v 96.963167 91.479361 -134.709701
v 96.355316 90.758670 -133.807360
v 105.454693 81.489586 -128.402061
v 106.149373 88.447326 -128.857962
v 105.457816 86.819666 -128.416532
v 98.726460 50.054245 -142.620936
v 97.258290 54.583412 -141.186243
v 100.095127 47.841530 -141.946483
v 104.944717 5.098742 -126.897186
v 104.574059 8.688766 -126.453827
v 104.793069 8.262914 -127.353957
v 105.441879 64.614159 -122.697804
v 104.920646 63.394076 -122.609466
v 106.185583 64.042354 -122.850369
v 107.981396 69.346547 -118.102590
v 104.778268 75.729579 -118.672940
v 106.359987 66.368705 -118.954372
v 104.460715 83.874267 -125.357340
v 107.192274 82.964939 -122.557816
v 108.168340 81.411778 -124.612276
v 109.020282 2.123605 -129.351734
v 104.944717 5.098742 -126.897186
v 107.367545 5.421340 -128.166068
v 111.939058 49.170669 -121.601613
v 111.493468 45.992680 -122.622059
v 112.882096 47.165959 -121.967332
v 98.585413 80.040611 -122.008447
v 102.392344 79.652668 -119.997142
v 99.036121 83.150287 -123.061978
v 105.886430 25.127860 -127.547885
v 105.714782 28.191068 -128.993443
v 108.131896 27.842861 -127.287477
v 97.471128 72.388148 -138.190738
v 96.033426 72.187066 -137.359768
v 97.148294 74.594164 -137.145865
v 106.091628 1.357227 -125.463763
v 108.323018 0.235735 -128.567276
v 107.093988 0.141811 -124.906723
v 105.315022 96.838485 -134.891133
v 106.999759 96.933149 -134.079641
v 105.617509 95.347940 -135.100131
v 95.693281 71.493393 -136.918262
v 94.782979 69.430942 -138.292495
v 96.033426 72.187066 -137.359768
v 100.744621 82.923615 -133.709484
v 100.900107 84.159887 -133.249539
v 100.055081 83.452880 -132.327224
v 94.074426 44.886491 -138.438806
v 95.239734 49.931628 -139.128690
v 96.531032 47.445741 -139.986220
v 95.628353 31.223491 -134.737413
v 95.717936 34.651459 -136.311355
v 96.427970 30.718327 -137.194159
v 99.907003 74.932970 -120.257353
v 98.505838 69.281460 -121.666787
v 100.746185 66.376747 -120.887565
v 98.466702 11.912024 -131.479738
v 95.866265 12.452472 -131.059970
v 97.405687 9.508896 -130.932270
v 97.940390 96.082218 -125.060535
v 98.760981 91.785986 -124.039117
v 99.348883 92.917807 -124.361988
v 104.863315 21.426371 -120.366264
v 108.261836 12.242931 -122.260297
v 106.421620 26.697174 -121.315955
v 101.093382 57.250147 -138.818109
v 104.089048 52.083884 -137.675173
v 100.466935 54.094880 -139.002005
v 103.595759 43.641400 -132.061804
v 102.417197 32.584732 -134.360540
v 103.837230 39.062159 -135.101346
v 101.993288 66.720777 -137.658237
v 102.208596 62.291097 -138.160667
v 100.036526 58.105015 -139.141029
v 108.178555 40.625035 -131.187149
v 111.213546 45.723860 -129.856776
v 111.315779 42.059760 -129.251574
v 93.817469 55.517227 -135.373984
v 93.503121 53.880907 -136.453150
v 93.149834 55.023141 -133.072058
v 93.503121 53.880907 -136.453150
v 92.201099 52.579386 -131.316724
v 93.149834 55.023141 -133.072058
v 110.578136 44.056799 -123.201675
v 107.634344 38.856610 -121.941492
v 108.204898 33.670434 -123.470487
v 104.808977 80.940294 -129.368582
v 103.449671 78.751110 -132.121652
v 101.641595 81.942624 -130.519600
v 103.952004 62.858552 -121.539895
v 100.746185 66.376747 -120.887565
v 100.942105 63.564921 -121.240843
v 105.874656 90.896379 -127.562630
v 105.335286 90.642738 -127.659622
v 105.097678 89.949369 -128.080682
v 98.118862 44.887226 -140.452589
v 97.172451 44.956138 -139.735120
v 97.240218 44.156384 -141.762870
v 95.006667 63.712246 -137.196058
v 94.954098 66.045356 -137.961920
v 95.276791 64.610833 -136.073470
v 94.954098 66.045356 -137.961920
v 95.384449 66.906023 -135.970733
v 95.276791 64.610833 -136.073470
v 104.605025 49.691777 -134.044174
v 104.213384 48.030560 -133.108126
v 104.247562 45.940255 -132.019099
v 104.247562 45.940255 -132.019099
v 103.837230 39.062159 -135.101346
v 103.966593 41.340544 -137.099825
v 99.250655 45.455345 -142.985427
v 98.726460 50.054245 -142.620936
v 100.095127 47.841530 -141.946483
v 109.766886 66.103094 -128.503667
v 109.100983 70.011835 -128.709285
v 106.581693 67.621523 -124.738836
v 109.493289 52.882747 -130.972253
v 105.684175 50.323134 -133.762390
v 107.485643 51.669018 -132.684205
v 105.684175 50.323134 -133.762390
v 104.616144 51.591830 -136.011437
v 107.485643 51.669018 -132.684205
v 103.484677 73.560404 -136.849731
v 104.169753 75.189458 -134.099296
v 104.840195 71.037399 -135.306473
v 103.504105 77.757592 -118.650598
v 104.419643 82.685447 -121.030079
v 102.392344 79.652668 -119.997142
v 98.493767 91.356875 -124.317156
v 98.760981 91.785986 -124.039117
v 96.483716 91.357185 -125.095631
v 100.199024 85.115946 -124.854433
v 98.493767 91.356875 -124.317156
v 99.452117 84.455980 -123.681858
v 105.340872 15.006113 -126.811548
v 105.487955 12.147724 -127.226810
v 103.427450 13.591486 -126.136906
v 100.640781 44.739095 -126.507128
v 100.640546 45.720947 -128.303635
v 101.158231 42.487508 -128.750192
v 100.640546 45.720947 -128.303635
v 100.962058 44.066814 -128.978636
v 101.158231 42.487508 -128.750192
v 100.270329 27.299371 -137.098718
v 101.846858 30.576392 -137.663000
v 101.649453 28.890526 -136.784889
v 114.266710 46.842716 -125.629087
v 113.853533 47.513707 -123.025583
v 113.725592 45.876025 -124.708199
v 104.247562 45.940255 -132.019099
v 105.029473 48.766797 -132.260517
v 105.654419 48.597198 -132.369249
v 98.505838 69.281460 -121.666787
v 93.318449 77.240224 -126.503010
v 96.557693 68.398817 -124.199313
v 108.939927 65.071385 -130.578287
v 107.705973 67.668776 -132.796220
v 109.308900 68.376421 -130.558251
v 109.308900 68.376421 -130.558251
v 107.705973 67.668776 -132.796220
v 108.902346 72.405957 -131.817626
v 99.663436 53.814436 -121.012885
v 97.796015 57.474877 -125.182128
v 96.735745 52.869715 -123.539805
v 102.083037 87.225061 -134.215416
v 99.838065 92.196691 -136.326823
v 103.020311 91.075640 -135.933497
v 106.455036 72.616040 -133.556318
v 105.189638 76.240294 -132.482292
v 107.732822 73.239313 -132.814226
v 92.132578 57.976449 -138.845150
v 95.121029 47.664034 -141.907892
v 93.795392 51.167572 -140.115236
v 91.213720 61.380113 -135.605162
v 93.458649 61.700363 -134.805770
v 91.757114 65.643443 -134.771496
v 102.122137 10.983271 -122.161120
v 103.025731 9.541131 -121.577005
v 104.863315 21.426371 -120.366264
v 108.396995 12.343317 -124.033209
v 107.806398 14.451104 -125.345840
v 108.067855 23.583039 -126.079040
v 112.282261 44.666063 -124.447901
v 111.036536 42.489241 -124.713149
v 111.890639 42.958067 -126.990605
v 101.515513 45.088971 -122.747620
v 97.485570 47.570140 -125.506920
v 99.427919 46.541182 -126.464563
v 108.192347 8.492225 -122.098432
v 108.859391 8.967357 -123.326306
v 107.175199 10.541648 -121.822017
v 90.621039 75.927872 -137.942751
v 91.719516 76.810498 -138.705309
v 92.292523 71.568227 -139.375541
v 101.393915 77.456957 -134.523078
v 100.198648 79.073328 -133.735651
v 103.449671 78.751110 -132.121652
v 100.198648 79.073328 -133.735651
v 99.429416 80.397510 -133.586395
v 99.243079 81.620210 -132.977627
v 104.840195 71.037399 -135.306473
v 106.455036 72.616040 -133.556318
v 107.705973 67.668776 -132.796220
v 102.083037 87.225061 -134.215416
v 101.132328 86.283403 -132.424035
v 100.703673 87.771183 -134.073981
v 97.380927 77.531303 -122.419743
v 97.278424 78.457536 -122.467060
v 97.163261 77.573140 -122.489207
v 108.902346 72.405957 -131.817626
v 108.682111 74.623065 -130.632751
v 109.500472 72.335683 -129.844139
v 92.285560 49.555837 -130.766757
v 92.964859 45.872391 -132.268644
v 93.996424 46.848748 -129.469210
v 105.586623 82.447886 -126.455908
v 104.460715 83.874267 -125.357340
v 108.168340 81.411778 -124.612276
v 101.192727 8.138543 -133.873616
v 100.234282 7.847130 -131.966377
v 103.252410 3.129332 -134.969265
v 110.239959 34.840884 -127.707623
v 109.734214 31.621086 -125.258687
v 108.752158 31.213810 -128.965124
v 93.458649 61.700363 -134.805770
v 94.342946 62.944210 -134.561078
v 91.757114 65.643443 -134.771496
v 103.239790 0.092470 -136.914393
v 104.050817 1.831846 -137.481101
v 104.225322 1.455628 -136.196360
v 99.713639 26.920897 -131.662753
v 101.580895 30.095240 -132.582730
v 99.734581 32.904595 -130.537587
v 101.580895 30.095240 -132.582730
v 101.995035 41.192621 -130.402806
v 99.734581 32.904595 -130.537587
v 102.496602 99.012613 -134.405890
v 100.442616 96.447706 -135.973646
v 99.334317 98.064619 -134.165615
v 105.004573 89.967060 -127.705358
v 104.786085 89.710796 -126.641098
v 105.457816 86.819666 -128.416532
v 101.682458 35.512932 -138.231774
v 99.344794 34.338516 -138.246138
v 100.072026 43.136900 -140.087615
v 96.869453 45.394218 -139.894476
v 97.172451 44.956138 -139.735120
v 95.583272 44.270641 -139.320442
v 95.583272 44.270641 -139.320442
v 96.531032 47.445741 -139.986220
v 96.869453 45.394218 -139.894476
v 94.074426 44.886491 -138.438806
v 93.845066 42.419857 -136.948474
v 92.544611 46.240378 -134.534831
v 110.941539 56.294315 -128.947337
v 107.409469 55.720125 -134.735385
v 107.705973 67.668776 -132.796220
v 101.124201 46.147467 -121.870047
v 93.575438 49.463566 -128.241743
v 97.485570 47.570140 -125.506920
v 96.073869 31.489793 -132.757363
v 96.569622 34.903759 -131.330524
v 95.060575 36.310477 -133.596834
v 96.569622 34.903759 -131.330524
v 95.049818 43.310417 -131.524235
v 95.060575 36.310477 -133.596834
v 92.544611 46.240378 -134.534831
v 93.497206 43.317486 -134.806639
v 92.964859 45.872391 -132.268644
v 107.409469 55.720125 -134.735385
v 109.493289 52.882747 -130.972253
v 107.561930 51.667784 -133.689723
v 104.402276 2.250046 -123.203246
v 107.093988 0.141811 -124.906723
v 108.728698 0.017505 -124.194089
v 108.204898 33.670434 -123.470487
v 105.646442 33.674568 -122.275226
v 107.157560 30.123421 -122.564877
v 102.122137 10.983271 -122.161120
v 103.415152 11.063218 -125.313421
v 103.231956 8.443976 -124.993328
v 100.466935 54.094880 -139.002005
v 99.137461 55.695706 -139.530606
v 101.093382 57.250147 -138.818109
v 94.724033 26.653275 -135.350561
v 95.877692 27.857986 -137.554686
v 94.275861 23.911149 -136.119032
v 105.170127 53.742582 -120.244208
v 101.566530 53.533901 -120.314969
v 106.246992 51.359463 -120.771849
v 105.886828 81.012303 -119.979982
v 103.504105 77.757592 -118.650598
v 104.778268 75.729579 -118.672940
v 102.690582 46.742298 -139.168124
v 101.790869 42.891019 -139.721561
v 100.704071 47.412910 -140.257440
v 98.646805 77.968061 -136.648219
v 97.497894 76.533055 -137.299656
v 97.462105 79.941922 -136.321608
v 98.505838 69.281460 -121.666787
v 99.907003 74.932970 -120.257353
v 97.163261 77.573140 -122.489207
v 99.907003 74.932970 -120.257353
v 97.380927 77.531303 -122.419743
v 97.163261 77.573140 -122.489207
v 108.761004 44.262880 -121.255268
v 107.634344 38.856610 -121.941492
v 110.578136 44.056799 -123.201675
v 110.992928 49.718135 -122.441473
v 109.044648 50.306951 -122.439897
v 110.741615 46.139847 -122.769320
v 94.074426 44.886491 -138.438806
v 96.214783 38.906282 -138.038280
v 93.845066 42.419857 -136.948474
v 106.625285 49.017845 -132.180996
v 108.178555 40.625035 -131.187149
v 105.654419 48.597198 -132.369249
v 103.868046 97.324335 -135.861092
v 106.810526 97.694193 -132.799613
v 105.315022 96.838485 -134.891133
v 105.714782 28.191068 -128.993443
v 103.166808 26.569760 -127.485065
v 102.681477 39.925745 -129.762486
v 104.376436 5.079312 -121.030656
v 103.574680 3.190762 -121.523999
v 106.862229 2.214861 -123.057662
v 101.515513 45.088971 -122.747620
v 101.869206 42.921037 -123.721331
v 103.252911 43.037129 -122.076242
v 103.252410 3.129332 -134.969265
v 100.234282 7.847130 -131.966377
v 101.465174 2.554589 -133.645749
v 109.947852 63.402348 -119.078332
v 108.894623 73.763078 -119.092163
v 108.745973 62.616175 -117.906186
v 94.200226 87.609304 -129.873286
v 94.768295 89.296873 -130.042114
v 95.308300 87.425006 -129.758831
v 110.692724 65.691470 -121.237959
v 109.947852 63.402348 -119.078332
v 113.447676 51.062613 -121.848336
v 109.947852 63.402348 -119.078332
v 110.847987 56.065326 -119.842775
v 113.447676 51.062613 -121.848336
v 105.886430 25.127860 -127.547885
v 108.067855 23.583039 -126.079040
v 105.340872 15.006113 -126.811548
v 105.954682 45.105237 -120.499627
v 109.221714 47.547084 -121.199103
v 101.566530 53.533901 -120.314969
v 109.221714 47.547084 -121.199103
v 106.246992 51.359463 -120.771849
v 101.566530 53.533901 -120.314969
v 102.397431 29.251420 -135.592040
v 102.967093 33.525084 -136.931242
v 102.417197 32.584732 -134.360540
v 98.196996 88.587792 -124.142353
v 98.493767 91.356875 -124.317156
v 97.689547 88.385404 -124.890982
v 97.689547 88.385404 -124.890982
v 97.558131 83.418573 -124.444145
v 98.196996 88.587792 -124.142353
v 99.878756 82.076418 -131.804189
v 99.243079 81.620210 -132.977627
v 100.055081 83.452880 -132.327224
v 107.946370 62.422513 -123.990852
v 105.833670 64.838546 -123.441003
v 106.652578 63.885271 -123.165654
v 95.392301 76.946932 -138.058934
v 94.782979 69.430942 -138.292495
v 92.292523 71.568227 -139.375541
v 106.108013 8.534384 -121.085988
v 103.025731 9.541131 -121.577005
v 103.768787 7.217032 -121.774695
v 93.497206 43.317486 -134.806639
v 95.717936 34.651459 -136.311355
v 95.060575 36.310477 -133.596834
v 100.704071 47.412910 -140.257440
v 98.458611 51.567351 -140.915038
v 100.713242 51.315348 -139.722258
v 110.313305 53.651904 -129.618498
v 109.493289 52.882747 -130.972253
v 110.941539 56.294315 -128.947337
v 108.745973 62.616175 -117.906186
v 107.351650 63.558769 -118.032793
v 107.333141 61.648518 -118.571111
v 92.773946 48.744489 -135.972161
v 93.503121 53.880907 -136.453150
v 94.194240 52.767676 -138.125402
v 105.305775 93.589496 -134.346681
v 105.297071 91.672074 -134.782021
v 104.280251 91.407918 -134.890306
v 89.867853 75.720252 -134.306500
v 91.196483 81.523569 -134.921438
v 91.229207 80.277420 -137.343887
v 99.879518 84.975171 -134.992158
v 100.765268 81.157821 -134.242946
v 99.275260 83.706987 -135.240104
v 100.234282 7.847130 -131.966377
v 96.653853 4.672892 -129.696360
v 99.841822 3.949708 -132.152178
v 95.143860 63.600511 -134.402369
v 94.342946 62.944210 -134.561078
v 93.835303 61.293823 -133.856506
v 90.621039 75.927872 -137.942751
v 91.229207 80.277420 -137.343887
v 91.719516 76.810498 -138.705309
v 109.251430 65.469354 -123.058100
v 107.180231 68.769878 -123.852166
v 107.804981 68.787580 -123.843293
v 105.157664 53.740524 -137.035197
v 104.089048 52.083884 -137.675173
v 101.093382 57.250147 -138.818109
v 109.947852 63.402348 -119.078332
v 109.448934 60.375964 -119.091044
v 110.847987 56.065326 -119.842775
v 99.348883 92.917807 -124.361988
v 98.493767 91.356875 -124.317156
v 100.932078 90.584720 -124.634356
v 98.493767 91.356875 -124.317156
v 100.656873 87.297512 -124.724290
v 100.932078 90.584720 -124.634356
v 103.563364 87.630779 -124.542145
v 99.348883 92.917807 -124.361988
v 100.932078 90.584720 -124.634356
v 107.732822 73.239313 -132.814226
v 108.682111 74.623065 -130.632751
v 108.902346 72.405957 -131.817626
v 98.523382 14.156788 -137.129479
v 99.348166 28.736788 -138.143002
v 99.701790 14.504438 -135.434695
v 89.582738 74.030854 -136.043095
v 91.198977 61.334247 -138.389242
v 90.618412 65.920253 -135.891356
v 108.362707 48.752450 -131.216237
v 105.684175 50.323134 -133.762390
v 109.493289 52.882747 -130.972253
v 108.864742 79.643392 -124.623385
v 108.717301 81.683051 -122.573713
v 108.997410 80.355906 -121.793192
v 99.348166 28.736788 -138.143002
v 98.523382 14.156788 -137.129479
v 97.096104 20.890897 -138.100702
v 96.057858 58.593827 -139.580812
v 96.059846 61.999703 -137.972813
v 96.278468 57.869947 -138.690018
v 106.149373 88.447326 -128.857962
v 104.967888 84.855997 -129.931741
v 105.004322 86.171269 -129.797270
v 102.681477 39.925745 -129.762486
v 103.546340 42.011368 -130.654798
v 104.779761 44.413146 -131.679123
v 99.396152 7.025337 -136.874981
v 96.081955 8.949900 -136.582047
v 98.734593 9.764534 -136.755145
v 99.038412 79.520565 -134.586706
v 99.576351 78.701764 -135.315033
v 97.933284 79.802680 -135.768660
v 108.313678 75.044798 -125.280648
v 109.236850 74.835931 -126.350836
v 109.339232 76.384478 -125.758415
v 102.354560 72.963583 -137.874110
v 101.993288 66.720777 -137.658237
v 100.395740 68.364697 -138.623020
v 94.713327 10.394824 -133.060868
v 95.866265 12.452472 -131.059970
v 95.102330 21.714459 -131.498897
v 103.021707 92.944252 -135.380489
v 104.096370 93.129872 -134.428937
v 104.280251 91.407918 -134.890306
v 96.065135 45.083663 -141.530265
v 95.121029 47.664034 -141.907892
v 97.050308 44.573029 -142.559986
v 101.580895 30.095240 -132.582730
v 99.713639 26.920897 -131.662753
v 100.972749 27.452171 -133.847593
v 102.417197 32.584732 -134.360540
v 103.595759 43.641400 -132.061804
v 102.784167 41.638481 -131.200340
v 101.846858 30.576392 -137.663000
v 99.348166 28.736788 -138.143002
v 99.344794 34.338516 -138.246138
v 102.354560 72.963583 -137.874110
v 100.395740 68.364697 -138.623020
v 99.693074 74.405753 -138.261595
v 100.640781 44.739095 -126.507128
v 101.249276 39.299447 -127.841561
v 101.574805 37.708575 -124.422328
v 108.362707 48.752450 -131.216237
v 110.673648 50.220887 -128.963745
v 111.213546 45.723860 -129.856776
v 106.141363 61.018628 -120.715807
v 104.781673 61.160040 -121.370866
v 104.691230 59.098578 -121.320028
v 99.693074 74.405753 -138.261595
v 98.646805 77.968061 -136.648219
v 103.484677 73.560404 -136.849731
v 109.020282 2.123605 -129.351734
v 110.703854 1.193802 -130.211579
v 108.100377 0.954752 -129.195328
v 100.009967 61.403228 -122.982911
v 95.355696 61.328472 -125.208991
v 97.735754 59.531756 -123.494137
v 97.735754 59.531756 -123.494137
v 104.691230 59.098578 -121.320028
v 100.009967 61.403228 -122.982911
v 102.298811 0.891226 -137.625470
v 104.050817 1.831846 -137.481101
v 103.239790 0.092470 -136.914393
v 111.213546 45.723860 -129.856776
v 112.121457 48.429348 -127.265023
v 112.608823 45.172183 -126.728199
v 103.996727 95.449506 -136.114137
v 101.418313 91.939079 -136.301195
v 102.120388 94.919568 -136.513470
v 99.940356 11.621922 -136.657912
v 99.701790 14.504438 -135.434695
v 100.147558 10.846126 -135.876401
v 99.701790 14.504438 -135.434695
v 100.271497 11.041635 -133.680177
v 100.147558 10.846126 -135.876401
v 105.397944 96.272903 -134.091126
v 105.617509 95.347940 -135.100131
v 106.381165 96.248828 -134.103111
v 103.255311 84.104538 -129.599992
v 102.913808 85.369867 -128.986484
v 104.036449 85.404753 -129.327516
v 102.913808 85.369867 -128.986484
v 104.138402 86.509537 -128.587816
v 104.036449 85.404753 -129.327516
v 109.937074 2.908151 -129.200220
v 107.367545 5.421340 -128.166068
v 109.340844 4.833638 -127.484410
v 105.170127 53.742582 -120.244208
v 103.391814 55.350936 -121.227436
v 101.566530 53.533901 -120.314969
v 98.642916 11.998486 -137.108012
v 97.096104 20.890897 -138.100702
v 98.523382 14.156788 -137.129479
v 95.481044 97.189904 -129.753356
v 94.593281 93.290503 -132.008351
v 94.353864 92.377604 -128.967516
v 89.867853 75.720252 -134.306500
v 90.618412 65.920253 -135.891356
v 91.020926 72.688575 -133.307672
v 93.080516 84.373571 -129.859879
v 92.404464 83.155532 -130.862269
v 92.220106 82.774223 -129.424398
v 101.993288 66.720777 -137.658237
v 104.840195 71.037399 -135.306473
v 102.208596 62.291097 -138.160667
v 93.578591 56.470133 -129.875591
v 93.435265 51.893486 -127.744095
v 95.014459 58.074428 -127.760906
v 93.435265 51.893486 -127.744095
v 96.735745 52.869715 -123.539805
v 95.014459 58.074428 -127.760906
v 103.738291 99.430561 -129.797517
v 100.776330 99.674249 -127.675068
v 100.462756 98.257894 -125.859359
v 103.427450 13.591486 -126.136906
v 103.166808 26.569760 -127.485065
v 104.588684 25.312489 -127.913099
v 94.927789 63.661659 -135.132169
v 95.278487 64.597083 -134.797201
v 94.497999 64.770020 -134.711776
v 90.390358 78.746964 -132.085876
v 92.404464 83.155532 -130.862269
v 91.196483 81.523569 -134.921438
v 103.449023 89.408076 -125.317428
v 104.786085 89.710796 -126.641098
v 104.651540 93.558663 -127.122693
v 104.651540 93.558663 -127.122693
v 102.783367 95.417017 -125.824846
v 103.449023 89.408076 -125.317428
v 102.783367 95.417017 -125.824846
v 103.563364 87.630779 -124.542145
v 103.449023 89.408076 -125.317428
v 105.886828 81.012303 -119.979982
v 104.778268 75.729579 -118.672940
v 106.651192 77.510977 -118.903669
v 100.036526 58.105015 -139.141029
v 96.278468 57.869947 -138.690018
v 98.730359 61.621207 -138.218368
v 90.748048 60.446162 -136.930087
v 90.618412 65.920253 -135.891356
v 91.198977 61.334247 -138.389242
v 108.396995 12.343317 -124.033209
v 109.107107 28.131019 -125.024026
v 108.604728 25.633475 -123.283873
v 108.604728 25.633475 -123.283873
v 108.261836 12.242931 -122.260297
v 108.396995 12.343317 -124.033209
v 108.261836 12.242931 -122.260297
v 108.339835 10.415076 -126.456121
v 108.396995 12.343317 -124.033209
v 104.863315 21.426371 -120.366264
v 103.859518 24.930177 -121.211632
v 101.984235 22.815535 -122.822095
v 103.768787 7.217032 -121.774695
v 102.764356 6.956429 -122.636510
v 102.465681 4.211528 -121.526145
v 94.593281 93.290503 -132.008351
v 95.481044 97.189904 -129.753356
v 95.751944 96.311397 -132.209401
v 103.563364 87.630779 -124.542145
v 102.752350 85.881746 -125.165478
v 104.298924 85.790479 -125.103498
v 106.246992 51.359463 -120.771849
v 109.221714 47.547084 -121.199103
v 109.044648 50.306951 -122.439897
v 107.718589 59.899950 -118.627922
v 108.279318 58.399391 -119.455722
v 109.448934 60.375964 -119.091044
v 104.986873 66.689909 -122.254000
v 104.114558 68.706483 -121.116653
v 103.777988 65.639550 -121.725803
v 104.623767 86.833214 -130.257508
v 105.391689 88.204824 -130.488392
v 105.004322 86.171269 -129.797270
v 98.458611 51.567351 -140.915038
v 100.704071 47.412910 -140.257440
v 100.095127 47.841530 -141.946483
v 101.995035 41.192621 -130.402806
v 101.580895 30.095240 -132.582730
v 102.784167 41.638481 -131.200340
v 104.376436 5.079312 -121.030656
v 109.941696 1.002788 -124.143939
v 107.112917 6.150222 -122.318106
v 89.582738 74.030854 -136.043095
v 91.229207 80.277420 -137.343887
v 90.621039 75.927872 -137.942751
v 91.371572 72.971107 -128.990503
v 90.538485 75.514020 -131.579722
v 92.118281 68.276830 -129.952275
v 102.227026 30.896548 -126.260743
v 103.166808 26.569760 -127.485065
v 102.262879 26.567841 -125.039445
v 103.166808 26.569760 -127.485065
v 101.830441 20.200041 -125.324668
v 102.262879 26.567841 -125.039445
v 110.941539 56.294315 -128.947337
v 107.705973 67.668776 -132.796220
v 110.045564 60.773645 -129.440030
v 100.231449 83.416284 -123.103969
v 104.419643 82.685447 -121.030079
v 101.817348 84.720648 -124.180203
v 100.305442 49.385796 -120.967951
v 96.735745 52.869715 -123.539805
v 93.575438 49.463566 -128.241743
v 96.735745 52.869715 -123.539805
v 93.435265 51.893486 -127.744095
v 93.575438 49.463566 -128.241743
v 108.796630 6.804197 -123.992504
v 108.859391 8.967357 -123.326306
v 108.192347 8.492225 -122.098432
v 104.623767 86.833214 -130.257508
v 103.096157 86.876869 -129.725762
v 103.486944 86.664992 -131.015412
v 105.829248 91.315906 -132.956401
v 105.949141 91.747503 -133.905178
v 105.423441 93.160962 -133.148952
v 95.355696 61.328472 -125.208991
v 96.557693 68.398817 -124.199313
v 93.318449 77.240224 -126.503010
v 103.424594 32.461357 -123.240916
v 103.721284 28.649697 -122.722386
v 105.458739 29.689723 -122.147014
v 100.009967 61.403228 -122.982911
v 100.942105 63.564921 -121.240843
v 98.505838 69.281460 -121.666787
v 106.381165 96.248828 -134.103111
v 105.617509 95.347940 -135.100131
v 106.999759 96.933149 -134.079641
v 106.625285 49.017845 -132.180996
v 108.362707 48.752450 -131.216237
v 111.213546 45.723860 -129.856776
v 109.221714 47.547084 -121.199103
v 108.761004 44.262880 -121.255268
v 110.741615 46.139847 -122.769320
v 97.081154 53.432822 -140.265646
v 97.702000 53.352677 -139.481466
v 99.084477 51.757579 -140.189706
v 93.575438 49.463566 -128.241743
v 93.435265 51.893486 -127.744095
v 92.285560 49.555837 -130.766757
v 107.351650 63.558769 -118.032793
v 106.359987 66.368705 -118.954372
v 106.193604 64.001686 -118.870693
v 102.783367 95.417017 -125.824846
v 105.880753 95.864540 -128.416447
v 104.636658 98.365128 -129.078594
v 111.958925 51.243006 -125.619928
v 112.121457 48.429348 -127.265023
v 111.334416 52.023964 -125.852981
v 95.751944 96.311397 -132.209401
v 100.442616 96.447706 -135.973646
v 96.963167 91.479361 -134.709701
v 93.069001 69.660337 -133.592179
v 91.760329 69.798656 -133.939320
v 91.757114 65.643443 -134.771496
v 102.916660 50.895881 -138.038854
v 103.668802 43.564366 -138.295095
v 102.690582 46.742298 -139.168124
v 95.877692 27.857986 -137.554686
v 95.148433 20.994968 -137.165516
v 94.275861 23.911149 -136.119032
v 110.324508 59.881615 -123.808234
v 110.517966 64.166497 -122.491097
v 112.620872 54.285382 -124.339025
v 106.587875 91.134333 -131.067991
v 105.281037 93.225169 -128.940455
v 104.829377 91.310203 -128.446654
v 111.939058 49.170669 -121.601613
v 108.693412 52.728897 -121.394062
v 110.992928 49.718135 -122.441473
v 104.679929 11.630362 -126.816441
v 103.415152 11.063218 -125.313421
v 103.427450 13.591486 -126.136906
v 104.840195 71.037399 -135.306473
v 101.993288 66.720777 -137.658237
v 102.354560 72.963583 -137.874110
v 98.048853 0.604117 -134.910844
v 97.637085 2.135980 -134.886204
v 98.813733 0.914681 -136.472428
v 101.830441 20.200041 -125.324668
v 103.415152 11.063218 -125.313421
v 102.122137 10.983271 -122.161120
v 94.553736 87.954415 -127.510987
v 95.918894 86.490203 -125.840897
v 96.483716 91.357185 -125.095631
v 95.148433 20.994968 -137.165516
v 97.096104 20.890897 -138.100702
v 95.000664 12.863142 -135.760563
v 98.161847 83.186555 -135.585312
v 99.756754 83.710688 -135.783915
v 99.275260 83.706987 -135.240104
v 105.617509 95.347940 -135.100131
v 104.319778 93.957292 -135.348936
v 104.424640 95.580958 -135.228534
v 108.939927 65.071385 -130.578287
v 109.308900 68.376421 -130.558251
v 109.766886 66.103094 -128.503667
v 91.647030 71.154149 -131.811142
v 91.020926 72.688575 -133.307672
v 93.069001 69.660337 -133.592179
v 110.692724 65.691470 -121.237959
v 108.894623 73.763078 -119.092163
v 109.947852 63.402348 -119.078332
v 103.668802 43.564366 -138.295095
v 104.605025 49.691777 -134.044174
v 103.966593 41.340544 -137.099825
v 96.313107 89.306635 -134.327387
v 96.963167 91.479361 -134.709701
v 97.091404 88.130796 -135.281288
v 96.653853 4.672892 -129.696360
v 100.234282 7.847130 -131.966377
v 97.405687 9.508896 -130.932270
v 105.654419 48.597198 -132.369249
v 108.178555 40.625035 -131.187149
v 104.779761 44.413146 -131.679123
v 98.663797 20.700691 -130.817122
v 98.466702 11.912024 -131.479738
v 100.326791 23.892674 -133.350565
v 98.466702 11.912024 -131.479738
v 100.271497 11.041635 -133.680177
v 100.326791 23.892674 -133.350565
v 95.945417 74.475491 -137.201382
v 97.148294 74.594164 -137.145865
v 96.033426 72.187066 -137.359768
v 111.315779 42.059760 -129.251574
v 112.608823 45.172183 -126.728199
v 111.890639 42.958067 -126.990605
v 108.530408 72.135525 -125.495304
v 109.100983 70.011835 -128.709285
v 109.236850 74.835931 -126.350836
v 104.944717 5.098742 -126.897186
v 109.020282 2.123605 -129.351734
v 107.593402 1.875549 -127.976615
v 99.907003 74.932970 -120.257353
v 100.746185 66.376747 -120.887565
v 102.110857 71.484227 -120.149064
v 95.687433 77.783532 -124.349148
v 97.163261 77.573140 -122.489207
v 96.253535 78.898044 -124.397999
v 105.340872 15.006113 -126.811548
v 107.033657 12.345439 -126.677883
v 105.487955 12.147724 -127.226810
v 106.587875 91.134333 -131.067991
v 105.615698 89.361929 -129.338188
v 105.391689 88.204824 -130.488392
v 109.251430 65.469354 -123.058100
v 106.652578 63.885271 -123.165654
v 107.180231 68.769878 -123.852166
v 106.652578 63.885271 -123.165654
v 105.963480 65.862912 -123.223460
v 107.180231 68.769878 -123.852166
v 93.845066 42.419857 -136.948474
v 95.717936 34.651459 -136.311355
v 93.497206 43.317486 -134.806639
v 108.728698 0.017505 -124.194089
v 107.093988 0.141811 -124.906723
v 109.331410 0.135683 -125.329715
v 107.093988 0.141811 -124.906723
v 108.323018 0.235735 -128.567276
v 109.331410 0.135683 -125.329715
v 108.323018 0.235735 -128.567276
v 111.116482 0.228863 -125.809931
v 109.331410 0.135683 -125.329715
v 113.853533 47.513707 -123.025583
v 113.447676 51.062613 -121.848336
v 112.882096 47.165959 -121.967332
v 97.646599 39.450044 -129.962335
v 97.670358 44.815612 -129.621224
v 95.049818 43.310417 -131.524235
v 98.646805 77.968061 -136.648219
v 97.933284 79.802680 -135.768660
v 99.576351 78.701764 -135.315033
v 101.393915 77.456957 -134.523078
v 104.169753 75.189458 -134.099296
v 103.484677 73.560404 -136.849731
v 95.974453 27.701733 -132.523245
v 95.246965 28.525141 -134.056085
v 94.046547 23.315711 -133.284438
v 100.037197 42.854584 -129.489417
v 97.670358 44.815612 -129.621224
v 97.646599 39.450044 -129.962335
v 94.768295 89.296873 -130.042114
v 94.345620 88.380457 -128.935506
v 94.353864 92.377604 -128.967516
v 96.355316 90.758670 -133.807360
v 96.313107 89.306635 -134.327387
v 94.424180 89.186592 -133.114108
v 93.182826 57.670576 -134.266497
v 91.985552 58.191664 -136.955256
v 93.099690 56.426961 -135.810499
v 99.348883 92.917807 -124.361988
v 103.563364 87.630779 -124.542145
v 102.783367 95.417017 -125.824846
v 97.637085 2.135980 -134.886204
v 98.209136 1.760793 -133.665571
v 96.151095 2.661825 -131.889150
v 102.496602 99.012613 -134.405890
v 102.841874 99.809968 -132.223110
v 106.810526 97.694193 -132.799613
v 102.208596 62.291097 -138.160667
v 107.705973 67.668776 -132.796220
v 107.409469 55.720125 -134.735385
v 107.349439 9.571760 -127.118163
v 105.487955 12.147724 -127.226810
v 107.033657 12.345439 -126.677883
v 107.033657 12.345439 -126.677883
v 108.339835 10.415076 -126.456121
v 107.349439 9.571760 -127.118163
v 106.421620 26.697174 -121.315955
v 105.458739 29.689723 -122.147014
v 103.859518 24.930177 -121.211632
v 98.278331 29.223677 -138.008785
v 99.344794 34.338516 -138.246138
v 99.348166 28.736788 -138.143002
v 105.802611 94.715499 -129.131768
v 106.006029 97.215520 -131.118370
v 106.681131 95.913981 -130.449956
v 107.634344 38.856610 -121.941492
v 105.954682 45.105237 -120.499627
v 105.280682 41.408861 -121.336220
v 107.334247 78.734153 -128.365853
v 107.732822 73.239313 -132.814226
v 104.808977 80.940294 -129.368582
v 91.198977 61.334247 -138.389242
v 89.582738 74.030854 -136.043095
v 90.621039 75.927872 -137.942751
v 108.396995 12.343317 -124.033209
v 107.033657 12.345439 -126.677883
v 107.806398 14.451104 -125.345840
v 110.239959 34.840884 -127.707623
v 111.890639 42.958067 -126.990605
v 111.036536 42.489241 -124.713149
v 103.252410 3.129332 -134.969265
v 102.339397 4.107921 -136.712512
v 101.206235 7.621121 -135.656380
v 98.333394 89.193278 -135.881948
v 97.091404 88.130796 -135.281288
v 96.963167 91.479361 -134.709701
v 109.941696 1.002788 -124.143939
v 106.862229 2.214861 -123.057662
v 108.728698 0.017505 -124.194089
v 99.836910 79.351353 -134.514231
v 100.299103 80.161816 -133.792814
v 98.956882 79.897475 -134.254699
v 96.768020 3.415633 -130.274446
v 99.841822 3.949708 -132.152178
v 96.653853 4.672892 -129.696360
v 91.371572 72.971107 -128.990503
v 95.355696 61.328472 -125.208991
v 93.318449 77.240224 -126.503010
v 96.625254 64.724797 -136.508550
v 95.964671 65.327728 -135.881658
v 99.290017 67.790508 -138.515890
v 95.964671 65.327728 -135.881658
v 99.274219 69.971716 -138.069896
v 99.290017 67.790508 -138.515890
v 93.385460 53.260702 -137.949817
v 93.245995 55.084950 -136.880740
v 91.985552 58.191664 -136.955256
v 102.877193 2.717106 -137.785164
v 104.050817 1.831846 -137.481101
v 102.298811 0.891226 -137.625470
v 108.168340 81.411778 -124.612276
v 108.864742 79.643392 -124.623385
v 107.334247 78.734153 -128.365853
v 108.864742 79.643392 -124.623385
v 109.087313 76.651829 -126.909196
v 107.334247 78.734153 -128.365853
v 109.087313 76.651829 -126.909196
v 108.682111 74.623065 -130.632751
v 107.334247 78.734153 -128.365853
v 95.874172 96.764935 -127.303634
v 94.483156 92.060979 -127.152921
v 97.940390 96.082218 -125.060535
v 105.189638 76.240294 -132.482292
v 104.808977 80.940294 -129.368582
v 107.732822 73.239313 -132.814226
v 95.427827 58.982968 -141.163924
v 95.330349 61.667210 -138.425950
v 97.258290 54.583412 -141.186243
v 98.726460 50.054245 -142.620936
v 95.427827 58.982968 -141.163924
v 97.258290 54.583412 -141.186243
v 104.944717 5.098742 -126.897186
v 102.752762 6.094760 -125.305791
v 104.574059 8.688766 -126.453827
v 105.441879 64.614159 -122.697804
v 103.777988 65.639550 -121.725803
v 104.920646 63.394076 -122.609466
v 109.087313 76.651829 -126.909196
v 109.236850 74.835931 -126.350836
v 108.682111 74.623065 -130.632751
vn 18.280203 -83.605931 51.728925
vn 18.280203 -83.605931 51.728925
vn 18.280203 -83.605931 51.728925
vn -4.058326 -88.010765 47.303660
vn -4.058326 -88.010765 47.303660
vn -4.058326 -88.010765 47.303660
vn -43.603430 -47.211370 76.614812
vn -43.603430 -47.211370 76.614812
vn -43.603430 -47.211370 76.614812
vn -92.879621 -24.806814 27.531798
vn -92.879621 -24.806814 27.531798
vn -92.879621 -24.806814 27.531798
vn -85.856425 -40.181656 -31.845086
vn -85.856425 -40.181656 -31.845086
vn -85.856425 -40.181656 -31.845086
vn -85.021501 -29.106649 -43.865124
vn -85.021501 -29.106649 -43.865124
vn -85.021501 -29.106649 -43.865124
vn -59.099165 -25.407499 76.562063
vn -59.099165 -25.407499 76.562063
vn -59.099165 -25.407499 76.562063
vn -94.771655 3.973151 -31.663063
vn -94.771655 3.973151 -31.663063
vn -94.771655 3.973151 -31.663063
vn -97.622654 20.747545 -6.273485
vn -97.622654 20.747545 -6.273485
vn -97.622654 20.747545 -6.273485
vn -90.418362 -24.863257 34.732399
vn -90.418362 -24.863257 34.732399
vn -90.418362 -24.863257 34.732399
vn -38.106896 -77.337379 50.663562
vn -38.106896 -77.337379 50.663562
vn -38.106896 -77.337379 50.663562
vn -84.954749 18.646639 49.345649
vn -84.954749 18.646639 49.345649
vn -84.954749 18.646639 49.345649
vn -44.131875 38.576380 81.020015
vn -44.131875 38.576380 81.020015
vn -44.131875 38.576380 81.020015
vn -51.210740 14.318952 -84.690188
vn -51.210740 14.318952 -84.690188
vn -51.210740 14.318952 -84.690188
vn -95.801193 -28.587838 -2.206545
vn -95.801193 -28.587838 -2.206545
vn -95.801193 -28.587838 -2.206545
vn -59.999702 -28.129465 74.891714
vn -59.999702 -28.129465 74.891714
vn -59.999702 -28.129465 74.891714
vn -88.543307 -45.198088 10.826676
vn -88.543307 -45.198088 10.826676
vn -88.543307 -45.198088 10.826676
vn 77.957849 -42.948562 -45.585022
vn 77.957849 -42.948562 -45.585022
vn 77.957849 -42.948562 -45.585022
vn -94.010352 10.920485 32.292359
vn -94.010352 10.920485 32.292359
vn -94.010352 10.920485 32.292359
vn 85.824657 -25.165136 44.730815
vn 85.824657 -25.165136 44.730815
vn 85.824657 -25.165136 44.730815
vn 60.559834 -75.790848 24.253966
vn 60.559834 -75.790848 24.253966
vn 60.559834 -75.790848 24.253966
vn -92.197988 -37.380520 -10.110818
vn -92.197988 -37.380520 -10.110818
vn -92.197988 -37.380520 -10.110818
vn -98.133031 19.223907 -0.593508
vn -98.133031 19.223907 -0.593508
vn -98.133031 19.223907 -0.593508
vn -53.297568 -46.107851 -70.946721
vn -53.297568 -46.107851 -70.946721
vn -53.297568 -46.107851 -70.946721
vn 33.487448 22.330883 -91.541922
vn 33.487448 22.330883 -91.541922
vn 33.487448 22.330883 -91.541922
vn 99.747575 7.037985 0.942911
vn 99.747575 7.037985 0.942911
vn 99.747575 7.037985 0.942911
vn -21.615208 42.257137 -88.017710
vn -21.615208 42.257137 -88.017710
vn -21.615208 42.257137 -88.017710
vn 43.647617 9.597077 89.458265
vn 43.647617 9.597077 89.458265
vn 43.647617 9.597077 89.458265
vn 56.931322 -15.588556 -80.720650
vn 56.931322 -15.588556 -80.720650
vn 56.931322 -15.588556 -80.720650
vn -84.204671 -0.701937 -53.935898
vn -84.204671 -0.701937 -53.935898
vn -84.204671 -0.701937 -53.935898
vn 97.098642 22.531868 -8.010672
vn 97.098642 22.531868 -8.010672
vn 97.098642 22.531868 -8.010672
vn 89.752665 -30.968431 -31.391322
vn 89.752665 -30.968431 -31.391322
vn 89.752665 -30.968431 -31.391322
vn -54.819072 -34.529619 76.174642
vn -54.819072 -34.529619 76.174642
vn -54.819072 -34.529619 76.174642
vn 53.131788 60.081485 -59.726285
vn 53.131788 60.081485 -59.726285
vn 53.131788 60.081485 -59.726285
vn 6.935543 99.743448 -1.773192
vn 6.935543 99.743448 -1.773192
vn 6.935543 99.743448 -1.773192
vn -67.383541 -42.040417 60.762348
vn -67.383541 -42.040417 60.762348
vn -67.383541 -42.040417 60.762348
vn 13.544440 16.340679 97.721702
vn 13.544440 16.340679 97.721702
vn 13.544440 16.340679 97.721702
vn 54.117924 80.648953 -23.811729
vn 54.117924 80.648953 -23.811729
vn 54.117924 80.648953 -23.811729
vn 75.548654 -33.794693 56.127714
vn 75.548654 -33.794693 56.127714
vn 75.548654 -33.794693 56.127714
vn 83.999846 20.093504 -50.401161
vn 83.999846 20.093504 -50.401161
vn 83.999846 20.093504 -50.401161
vn -42.091894 -14.453300 89.550965
vn -42.091894 -14.453300 89.550965
vn -42.091894 -14.453300 89.550965
vn -95.099810 -21.310147 22.403243
vn -95.099810 -21.310147 22.403243
vn -95.099810 -21.310147 22.403243
vn 63.912187 -16.002050 -75.227430
vn 63.912187 -16.002050 -75.227430
vn 63.912187 -16.002050 -75.227430
vn 68.435890 57.248839 -45.156382
vn 68.435890 57.248839 -45.156382
vn 68.435890 57.248839 -45.156382
vn 70.224494 -20.907999 -68.054218
vn 70.224494 -20.907999 -68.054218
vn 70.224494 -20.907999 -68.054218
vn -93.876915 34.328357 -2.947740
vn -93.876915 34.328357 -2.947740
vn -93.876915 34.328357 -2.947740
vn 62.745411 -43.755452 64.408653
vn 62.745411 -43.755452 64.408653
vn 62.745411 -43.755452 64.408653
vn -8.002690 -19.655059 97.722248
vn -8.002690 -19.655059 97.722248
vn -8.002690 -19.655059 97.722248
vn 51.666235 -79.501265 31.782875
vn 51.666235 -79.501265 31.782875
vn 51.666235 -79.501265 31.782875
vn -13.603564 -86.619272 -48.083742
vn -13.603564 -86.619272 -48.083742
vn -13.603564 -86.619272 -48.083742
vn -41.916035 -86.214687 -28.461826
vn -41.916035 -86.214687 -28.461826
vn -41.916035 -86.214687 -28.461826
vn -66.508309 -17.023250 72.710767
vn -66.508309 -17.023250 72.710767
vn -66.508309 -17.023250 72.710767
vn 99.627187 -8.374444 2.072152
vn 99.627187 -8.374444 2.072152
vn 99.627187 -8.374444 2.072152
vn -79.012720 -58.889509 -17.000457
vn -79.012720 -58.889509 -17.000457
vn -79.012720 -58.889509 -17.000457
vn 63.407535 -41.213342 -65.428931
vn 63.407535 -41.213342 -65.428931
vn 63.407535 -41.213342 -65.428931
vn 77.695344 8.224286 62.416298
vn 77.695344 8.224286 62.416298
vn 77.695344 8.224286 62.416298
vn -67.389740 0.968126 73.876159
vn -67.389740 0.968126 73.876159
vn -67.389740 0.968126 73.876159
vn -9.796080 -39.402724 91.386343
vn -9.796080 -39.402724 91.386343
vn -9.796080 -39.402724 91.386343
vn -34.935444 -4.114705 93.608679
vn -34.935444 -4.114705 93.608679
vn -34.935444 -4.114705 93.608679
vn -69.663245 -36.932263 61.506428
vn -69.663245 -36.932263 61.506428
vn -69.663245 -36.932263 61.506428
vn -11.237326 2.690016 -99.330196
vn -11.237326 2.690016 -99.330196
vn -11.237326 2.690016 -99.330196
vn 31.747137 49.222751 -81.050853
vn 31.747137 49.222751 -81.050853
vn 31.747137 49.222751 -81.050853
vn 80.497362 -11.070320 58.289147
vn 80.497362 -11.070320 58.289147
vn 80.497362 -11.070320 58.289147
vn 95.252158 -1.319780 -30.418496
vn 95.252158 -1.319780 -30.418496
vn 95.252158 -1.319780 -30.418496
vn 62.861206 76.753178 12.546676
vn 62.861206 76.753178 12.546676
vn 62.861206 76.753178 12.546676
vn 29.365316 47.445740 -82.985420
vn 29.365316 47.445740 -82.985420
vn 29.365316 47.445740 -82.985420
vn -61.758009 -31.092519 72.244060
vn -61.758009 -31.092519 72.244060
vn -61.758009 -31.092519 72.244060
vn 77.781274 40.958879 -47.670171
vn 77.781274 40.958879 -47.670171
vn 77.781274 40.958879 -47.670171
vn 66.035673 10.933746 -74.294973
vn 66.035673 10.933746 -74.294973
vn 66.035673 10.933746 -74.294973
vn 90.730685 -41.333164 -7.714410
vn 90.730685 -41.333164 -7.714410
vn 90.730685 -41.333164 -7.714410
vn 84.282350 -21.507761 -49.334603
vn 84.282350 -21.507761 -49.334603
vn 84.282350 -21.507761 -49.334603
vn 36.663778 91.054960 19.098789
vn 36.663778 91.054960 19.098789
vn 36.663778 91.054960 19.098789
vn -35.994518 -8.205201 92.935835
vn -35.994518 -8.205201 92.935835
vn -35.994518 -8.205201 92.935835
vn 87.204196 48.880795 2.469217
vn 87.204196 48.880795 2.469217
vn 87.204196 48.880795 2.469217
vn -77.764002 -37.126657 50.738281
vn -77.764002 -37.126657 50.738281
vn -77.764002 -37.126657 50.738281
vn 75.933667 34.897959 -54.920052
vn 75.933667 34.897959 -54.920052
vn 75.933667 34.897959 -54.920052
vn -55.756095 50.655153 -65.767114
vn -55.756095 50.655153 -65.767114
vn -55.756095 50.655153 -65.767114
vn 99.853843 -4.012311 3.620988
vn 99.853843 -4.012311 3.620988
vn 99.853843 -4.012311 3.620988
vn 80.109338 -53.425584 -26.985197
vn 80.109338 -53.425584 -26.985197
vn 80.109338 -53.425584 -26.985197
vn 33.838425 11.699875 93.370631
vn 33.838425 11.699875 93.370631
vn 33.838425 11.699875 93.370631
vn -90.892654 41.691339 -0.597812
vn -90.892654 41.691339 -0.597812
vn -90.892654 41.691339 -0.597812
vn 78.988993 13.236773 -59.879267
vn 78.988993 13.236773 -59.879267
vn 78.988993 13.236773 -59.879267
vn -39.314965 -38.282168 83.599103
vn -39.314965 -38.282168 83.599103
vn -39.314965 -38.282168 83.599103
vn -4.667601 -31.248700 -94.877463
vn -4.667601 -31.248700 -94.877463
vn -4.667601 -31.248700 -94.877463
vn -83.627099 -3.544121 -54.716986
vn -83.627099 -3.544121 -54.716986
vn -83.627099 -3.544121 -54.716986
vn -38.247685 -75.311690 -53.528181
vn -38.247685 -75.311690 -53.528181
vn -38.247685 -75.311690 -53.528181
vn 44.070310 17.255074 -88.091264
vn 44.070310 17.255074 -88.091264
vn 44.070310 17.255074 -88.091264
vn 75.394811 -37.000135 -54.282711
vn 75.394811 -37.000135 -54.282711
vn 75.394811 -37.000135 -54.282711
vn 97.600584 -3.707798 -21.456443
vn 97.600584 -3.707798 -21.456443
vn 97.600584 -3.707798 -21.456443
vn -45.986211 1.396066 -88.788067
vn -45.986211 1.396066 -88.788067
vn -45.986211 1.396066 -88.788067
vn 23.820709 24.151047 -94.070721
vn 23.820709 24.151047 -94.070721
vn 23.820709 24.151047 -94.070721
vn 23.964185 -83.580759 -49.396100
vn 23.964185 -83.580759 -49.396100
vn 23.964185 -83.580759 -49.396100
vn 67.936712 3.861743 73.278176
vn 67.936712 3.861743 73.278176
vn 67.936712 3.861743 73.278176
vn -94.543535 -2.103057 32.513032
vn -94.543535 -2.103057 32.513032
vn -94.543535 -2.103057 32.513032
vn 72.461724 -66.163270 19.280037
vn 72.461724 -66.163270 19.280037
vn 72.461724 -66.163270 19.280037
vn -98.516101 -11.610823 -12.639970
vn -98.516101 -11.610823 -12.639970
vn -98.516101 -11.610823 -12.639970
vn 74.919459 -46.984666 -46.685298
vn 74.919459 -46.984666 -46.685298
vn 74.919459 -46.984666 -46.685298
vn -52.874014 -20.023026 82.482837
vn -52.874014 -20.023026 82.482837
vn -52.874014 -20.023026 82.482837
vn -98.530439 -7.225044 -15.477419
vn -98.530439 -7.225044 -15.477419
vn -98.530439 -7.225044 -15.477419
vn 91.958528 37.572043 -11.487866
vn 91.958528 37.572043 -11.487866
vn 91.958528 37.572043 -11.487866
vn -99.094220 1.409885 -13.354776
vn -99.094220 1.409885 -13.354776
vn -99.094220 1.409885 -13.354776
vn -84.715290 46.775508 -25.206571
vn -84.715290 46.775508 -25.206571
vn -84.715290 46.775508 -25.206571
vn -48.227013 30.802077 -82.008472
vn -48.227013 30.802077 -82.008472
vn -48.227013 30.802077 -82.008472
vn 23.392408 2.025665 97.204393
vn 23.392408 2.025665 97.204393
vn 23.392408 2.025665 97.204393
vn 73.929152 43.874392 -51.083463
vn 73.929152 43.874392 -51.083463
vn 73.929152 43.874392 -51.083463
vn -1.062124 0.100858 -99.994318
vn -1.062124 0.100858 -99.994318
vn -1.062124 0.100858 -99.994318
vn 10.118577 -18.246430 -97.799199
vn 10.118577 -18.246430 -97.799199
vn 10.118577 -18.246430 -97.799199
vn 14.303754 30.583957 -94.127705
vn 14.303754 30.583957 -94.127705
vn 14.303754 30.583957 -94.127705
vn 48.438127 -9.685750 86.947882
vn 48.438127 -9.685750 86.947882
vn 48.438127 -9.685750 86.947882
vn 15.717769 -14.307337 97.715157
vn 15.717769 -14.307337 97.715157
vn 15.717769 -14.307337 97.715157
vn 66.221355 9.195255 74.365186
vn 66.221355 9.195255 74.365186
vn 66.221355 9.195255 74.365186
vn 22.764278 77.242633 59.290501
vn 22.764278 77.242633 59.290501
vn 22.764278 77.242633 59.290501
vn -36.188290 10.407655 -92.639567
vn -36.188290 10.407655 -92.639567
vn -36.188290 10.407655 -92.639567
vn -34.537475 45.855763 81.880479
vn -34.537475 45.855763 81.880479
vn -34.537475 45.855763 81.880479
vn 64.551083 71.793388 -26.055090
vn 64.551083 71.793388 -26.055090
vn 64.551083 71.793388 -26.055090
vn -30.183126 -25.683732 -91.811352
vn -30.183126 -25.683732 -91.811352
vn -30.183126 -25.683732 -91.811352
vn -26.881916 74.938367 60.511188
vn -26.881916 74.938367 60.511188
vn -26.881916 74.938367 60.511188
vn 58.955599 63.288660 50.187472
vn 58.955599 63.288660 50.187472
vn 58.955599 63.288660 50.187472
vn 77.654855 60.933462 -16.026174
vn 77.654855 60.933462 -16.026174
vn 77.654855 60.933462 -16.026174
vn 65.211773 69.960950 -29.204300
vn 65.211773 69.960950 -29.204300
vn 65.211773 69.960950 -29.204300
vn -17.696014 9.749407 -97.937745
vn -17.696014 9.749407 -97.937745
vn -17.696014 9.749407 -97.937745
vn 57.563060 21.640551 -78.855454
vn 57.563060 21.640551 -78.855454
vn 57.563060 21.640551 -78.855454
vn -9.654091 -3.584524 -99.468334
vn -9.654091 -3.584524 -99.468334
vn -9.654091 -3.584524 -99.468334
vn 99.894203 4.563551 -0.567608
vn 99.894203 4.563551 -0.567608
vn 99.894203 4.563551 -0.567608
vn 2.896380 0.718487 99.955470
vn 2.896380 0.718487 99.955470
vn 2.896380 0.718487 99.955470
vn 5.943549 -35.812590 93.177960
vn 5.943549 -35.812590 93.177960
vn 5.943549 -35.812590 93.177960
vn 25.185532 8.850736 96.370922
vn 25.185532 8.850736 96.370922
vn 25.185532 8.850736 96.370922
vn 22.009067 18.405366 95.795848
vn 22.009067 18.405366 95.795848
vn 22.009067 18.405366 95.795848
vn -57.990702 38.882600 71.590666
vn -57.990702 38.882600 71.590666
vn -57.990702 38.882600 71.590666
vn -64.448814 27.525568 71.335083
vn -64.448814 27.525568 71.335083
vn -64.448814 27.525568 71.335083
vn 36.089755 -89.683285 -25.582031
vn 36.089755 -89.683285 -25.582031
vn 36.089755 -89.683285 -25.582031
vn 46.376687 -88.566126 -2.290534
vn 46.376687 -88.566126 -2.290534
vn 46.376687 -88.566126 -2.290534
vn -78.926446 16.389303 -59.177756
vn -78.926446 16.389303 -59.177756
vn -78.926446 16.389303 -59.177756
vn 35.470993 -91.717790 18.156463
vn 35.470993 -91.717790 18.156463
vn 35.470993 -91.717790 18.156463
vn -25.662211 -47.351729 84.257136
vn -25.662211 -47.351729 84.257136
vn -25.662211 -47.351729 84.257136
vn -58.445925 -57.939848 56.807120
vn -58.445925 -57.939848 56.807120
vn -58.445925 -57.939848 56.807120
vn 15.615786 7.848022 98.460939
vn 15.615786 7.848022 98.460939
vn 15.615786 7.848022 98.460939
vn 52.818685 57.987443 62.029377
vn 52.818685 57.987443 62.029377
vn 52.818685 57.987443 62.029377
vn -9.501622 -99.452666 4.345907
vn -9.501622 -99.452666 4.345907
vn -9.501622 -99.452666 4.345907
vn -6.620792 -49.238338 -86.785679
vn -6.620792 -49.238338 -86.785679
vn -6.620792 -49.238338 -86.785679
vn -95.993396 9.176084 26.477691
vn -95.993396 9.176084 26.477691
vn -95.993396 9.176084 26.477691
vn 33.362701 -89.662984 29.111503
vn 33.362701 -89.662984 29.111503
vn 33.362701 -89.662984 29.111503
vn 3.095215 -77.760876 -62.798621
vn 3.095215 -77.760876 -62.798621
vn 3.095215 -77.760876 -62.798621
vn 88.957574 -18.763420 -41.647160
vn 88.957574 -18.763420 -41.647160
vn 88.957574 -18.763420 -41.647160
vn 92.469039 -37.942401 3.138795
vn 92.469039 -37.942401 3.138795
vn 92.469039 -37.942401 3.138795
vn 75.798059 0.834323 65.222382
vn 75.798059 0.834323 65.222382
vn 75.798059 0.834323 65.222382
vn -16.124576 -10.544651 98.126492
vn -16.124576 -10.544651 98.126492
vn -16.124576 -10.544651 98.126492
vn 46.040011 -1.268660 88.762090
vn 46.040011 -1.268660 88.762090
vn 46.040011 -1.268660 88.762090
vn 7.835863 58.161832 80.967905
vn 7.835863 58.161832 80.967905
vn 7.835863 58.161832 80.967905
vn 78.659619 61.238847 -7.903710
vn 78.659619 61.238847 -7.903710
vn 78.659619 61.238847 -7.903710
vn 70.548039 9.412400 -70.245162
vn 70.548039 9.412400 -70.245162
vn 70.548039 9.412400 -70.245162
vn -97.234789 -22.819676 -4.965739
vn -97.234789 -22.819676 -4.965739
vn -97.234789 -22.819676 -4.965739
vn -33.359342 90.906802 -24.962123
vn -33.359342 90.906802 -24.962123
vn -33.359342 90.906802 -24.962123
vn -96.191707 -23.459660 14.028603
vn -96.191707 -23.459660 14.028603
vn -96.191707 -23.459660 14.028603
vn -82.123032 7.793475 -56.524950
vn -82.123032 7.793475 -56.524950
vn -82.123032 7.793475 -56.524950
vn -94.826163 25.385129 19.068180
vn -94.826163 25.385129 19.068180
vn -94.826163 25.385129 19.068180
vn -64.085362 32.802284 69.405170
vn -64.085362 32.802284 69.405170
vn -64.085362 32.802284 69.405170
vn 48.864747 -69.983043 -52.101924
vn 48.864747 -69.983043 -52.101924
vn 48.864747 -69.983043 -52.101924
vn 90.640586 34.492919 -24.382831
vn 90.640586 34.492919 -24.382831
vn 90.640586 34.492919 -24.382831
vn -68.760838 61.291782 38.926393
vn -68.760838 61.291782 38.926393
vn -68.760838 61.291782 38.926393
vn -6.776072 44.542427 89.275182
vn -6.776072 44.542427 89.275182
vn -6.776072 44.542427 89.275182
vn -99.854063 -1.883996 5.061338
vn -99.854063 -1.883996 5.061338
vn -99.854063 -1.883996 5.061338
vn 19.888925 83.463134 51.364741
vn 19.888925 83.463134 51.364741
vn 19.888925 83.463134 51.364741
vn 59.305470 70.061958 39.675993
vn 59.305470 70.061958 39.675993
vn 59.305470 70.061958 39.675993
vn -87.929195 5.146617 47.349432
vn -87.929195 5.146617 47.349432
vn -87.929195 5.146617 47.349432
vn 78.068491 38.154907 49.492589
vn 78.068491 38.154907 49.492589
vn 78.068491 38.154907 49.492589
vn 56.421273 -24.567070 -78.823216
vn 56.421273 -24.567070 -78.823216
vn 56.421273 -24.567070 -78.823216
vn 7.956674 57.851792 81.177967
vn 7.956674 57.851792 81.177967
vn 7.956674 57.851792 81.177967
vn 95.766487 12.716233 -25.827843
vn 95.766487 12.716233 -25.827843
vn 95.766487 12.716233 -25.827843
vn -92.793518 -29.726081 -22.488302
vn -92.793518 -29.726081 -22.488302
vn -92.793518 -29.726081 -22.488302
vn -69.102953 2.541123 72.237981
vn -69.102953 2.541123 72.237981
vn -69.102953 2.541123 72.237981
vn 88.639946 37.185270 -27.572039
vn 88.639946 37.185270 -27.572039
vn 88.639946 37.185270 -27.572039
vn -21.187885 -67.931453 -70.259458
vn -21.187885 -67.931453 -70.259458
vn -21.187885 -67.931453 -70.259458
vn 91.086584 -40.171452 -9.459903
vn 91.086584 -40.171452 -9.459903
vn 91.086584 -40.171452 -9.459903
vn 61.881363 73.947405 -26.504316
vn 61.881363 73.947405 -26.504316
vn 61.881363 73.947405 -26.504316
vn -73.381918 31.535730 -60.171366
vn -73.381918 31.535730 -60.171366
vn -73.381918 31.535730 -60.171366
vn -96.412473 -20.022842 17.427650
vn -96.412473 -20.022842 17.427650
vn -96.412473 -20.022842 17.427650
vn -99.674485 4.778880 6.493033
vn -99.674485 4.778880 6.493033
vn -99.674485 4.778880 6.493033
vn -63.264913 4.037238 -77.338552
vn -63.264913 4.037238 -77.338552
vn -63.264913 4.037238 -77.338552
vn 81.392297 -19.765387 54.631708
vn 81.392297 -19.765387 54.631708
vn 81.392297 -19.765387 54.631708
vn -35.119393 -19.255867 91.628815
vn -35.119393 -19.255867 91.628815
vn -35.119393 -19.255867 91.628815
vn 81.371530 18.557732 -55.084354
vn 81.371530 18.557732 -55.084354
vn 81.371530 18.557732 -55.084354
vn 8.934132 -60.148284 -79.387436
vn 8.934132 -60.148284 -79.387436
vn 8.934132 -60.148284 -79.387436
vn 63.991673 73.145965 23.552789
vn 63.991673 73.145965 23.552789
vn 63.991673 73.145965 23.552789
vn 94.144488 4.548393 33.408506
vn 94.144488 4.548393 33.408506
vn 94.144488 4.548393 33.408506
vn 84.672241 -7.117426 -52.725276
vn 84.672241 -7.117426 -52.725276
vn 84.672241 -7.117426 -52.725276
vn 82.397778 23.532285 -51.544517
vn 82.397778 23.532285 -51.544517
vn 82.397778 23.532285 -51.544517
vn 94.684443 -31.491059 6.570331
vn 94.684443 -31.491059 6.570331
vn 94.684443 -31.491059 6.570331
vn 83.037053 -3.295776 55.623613
vn 83.037053 -3.295776 55.623613
vn 83.037053 -3.295776 55.623613
vn 71.027004 -9.817496 69.704967
vn 71.027004 -9.817496 69.704967
vn 71.027004 -9.817496 69.704967
vn 89.722560 -43.343581 -8.437792
vn 89.722560 -43.343581 -8.437792
vn 89.722560 -43.343581 -8.437792
vn 42.551302 38.363683 -81.961071
vn 42.551302 38.363683 -81.961071
vn 42.551302 38.363683 -81.961071
vn 93.228573 -23.322903 27.649166
vn 93.228573 -23.322903 27.649166
vn 93.228573 -23.322903 27.649166
vn 83.410268 -15.056353 53.066330
vn 83.410268 -15.056353 53.066330
vn 83.410268 -15.056353 53.066330
vn 79.212833 5.939610 60.745774
vn 79.212833 5.939610 60.745774
vn 79.212833 5.939610 60.745774
vn 98.219074 -18.787293 -0.228789
vn 98.219074 -18.787293 -0.228789
vn 98.219074 -18.787293 -0.228789
vn 93.025034 25.449212 26.432569
vn 93.025034 25.449212 26.432569
vn 93.025034 25.449212 26.432569
vn -28.368149 9.678490 95.402181
vn -28.368149 9.678490 95.402181
vn -28.368149 9.678490 95.402181
vn 43.863223 40.355470 -80.296049
vn 43.863223 40.355470 -80.296049
vn 43.863223 40.355470 -80.296049
vn 95.705296 0.597117 -28.985160
vn 95.705296 0.597117 -28.985160
vn 95.705296 0.597117 -28.985160
vn 33.004116 0.889013 -94.392466
vn 33.004116 0.889013 -94.392466
vn 33.004116 0.889013 -94.392466
vn 68.079823 3.393232 -73.168469
vn 68.079823 3.393232 -73.168469
vn 68.079823 3.393232 -73.168469
vn -46.022315 -26.859696 84.619761
vn -46.022315 -26.859696 84.619761
vn -46.022315 -26.859696 84.619761
vn -54.001774 -59.398755 -59.628838
vn -54.001774 -59.398755 -59.628838
vn -54.001774 -59.398755 -59.628838
vn 46.145755 -88.630929 -3.889450
vn 46.145755 -88.630929 -3.889450
vn 46.145755 -88.630929 -3.889450
vn -79.725330 -52.974053 -28.941715
vn -79.725330 -52.974053 -28.941715
vn -79.725330 -52.974053 -28.941715
vn 23.234373 -69.334635 68.211965
vn 23.234373 -69.334635 68.211965
vn 23.234373 -69.334635 68.211965
vn -57.038640 -79.593730 20.283775
vn -57.038640 -79.593730 20.283775
vn -57.038640 -79.593730 20.283775
vn -30.330534 -87.349443 -38.080624
vn -30.330534 -87.349443 -38.080624
vn -30.330534 -87.349443 -38.080624
vn -57.634538 -37.935445 -72.382059
vn -57.634538 -37.935445 -72.382059
vn -57.634538 -37.935445 -72.382059
vn -55.730458 -77.859306 28.845223
vn -55.730458 -77.859306 28.845223
vn -55.730458 -77.859306 28.845223
vn 42.875835 -81.747984 -38.456858
vn 42.875835 -81.747984 -38.456858
vn 42.875835 -81.747984 -38.456858
vn -12.421899 58.801019 -79.925825
vn -12.421899 58.801019 -79.925825
vn -12.421899 58.801019 -79.925825
vn -41.274375 -38.963871 -82.330087
vn -41.274375 -38.963871 -82.330087
vn -41.274375 -38.963871 -82.330087
vn -10.936186 32.978470 -93.770047
vn -10.936186 32.978470 -93.770047
vn -10.936186 32.978470 -93.770047
vn -40.929350 -26.215481 -87.393012
vn -40.929350 -26.215481 -87.393012
vn -40.929350 -26.215481 -87.393012
vn -22.736379 51.071137 82.914388
vn -22.736379 51.071137 82.914388
vn -22.736379 51.071137 82.914388
vn -33.432216 38.145864 -86.181086
vn -33.432216 38.145864 -86.181086
vn -33.432216 38.145864 -86.181086
vn 73.397479 -4.367701 67.777093
vn 73.397479 -4.367701 67.777093
vn 73.397479 -4.367701 67.777093
vn -11.646113 7.499949 99.035953
vn -11.646113 7.499949 99.035953
vn -11.646113 7.499949 99.035953
vn 74.307892 -62.443271 -24.066092
vn 74.307892 -62.443271 -24.066092
vn 74.307892 -62.443271 -24.066092
vn 59.785163 57.936385 -55.399560
vn 59.785163 57.936385 -55.399560
vn 59.785163 57.936385 -55.399560
vn -95.940938 25.247728 12.565432
vn -95.940938 25.247728 12.565432
vn -95.940938 25.247728 12.565432
vn 26.338703 -80.155245 -53.678776
vn 26.338703 -80.155245 -53.678776
vn 26.338703 -80.155245 -53.678776
vn -84.463486 -33.282253 41.931044
vn -84.463486 -33.282253 41.931044
vn -84.463486 -33.282253 41.931044
vn 58.495797 -4.593249 -80.976196
vn 58.495797 -4.593249 -80.976196
vn 58.495797 -4.593249 -80.976196
vn 94.798474 18.968497 25.562571
vn 94.798474 18.968497 25.562571
vn 94.798474 18.968497 25.562571
vn -82.341666 -47.784669 30.601880
vn -82.341666 -47.784669 30.601880
vn -82.341666 -47.784669 30.601880
vn -77.286883 23.216193 -59.057145
vn -77.286883 23.216193 -59.057145
vn -77.286883 23.216193 -59.057145
vn 80.377689 28.608511 52.163025
vn 80.377689 28.608511 52.163025
vn 80.377689 28.608511 52.163025
vn 29.718747 9.135410 95.043886
vn 29.718747 9.135410 95.043886
vn 29.718747 9.135410 95.043886
vn 61.664383 56.963869 -54.338033
vn 61.664383 56.963869 -54.338033
vn 61.664383 56.963869 -54.338033
vn 55.731358 -49.159602 -66.913003
vn 55.731358 -49.159602 -66.913003
vn 55.731358 -49.159602 -66.913003
vn 57.569993 -58.961431 -56.650203
vn 57.569993 -58.961431 -56.650203
vn 57.569993 -58.961431 -56.650203
vn -85.951476 9.936730 50.135881
vn -85.951476 9.936730 50.135881
vn -85.951476 9.936730 50.135881
vn -83.884028 -28.885510 -46.142154
vn -83.884028 -28.885510 -46.142154
vn -83.884028 -28.885510 -46.142154
vn 79.343249 -20.753227 -57.218466
vn 79.343249 -20.753227 -57.218466
vn 79.343249 -20.753227 -57.218466
vn 13.667132 -63.778947 -75.798782
vn 13.667132 -63.778947 -75.798782
vn 13.667132 -63.778947 -75.798782
vn -36.832284 -82.725741 42.424486
vn -36.832284 -82.725741 42.424486
vn -36.832284 -82.725741 42.424486
vn -94.052061 8.501379 32.892825
vn -94.052061 8.501379 32.892825
vn -94.052061 8.501379 32.892825
vn 80.154426 9.616892 -59.015124
vn 80.154426 9.616892 -59.015124
vn 80.154426 9.616892 -59.015124
vn 61.845520 -43.530408 65.423506
vn 61.845520 -43.530408 65.423506
vn 61.845520 -43.530408 65.423506
vn 7.345501 -41.788034 -90.552768
vn 7.345501 -41.788034 -90.552768
vn 7.345501 -41.788034 -90.552768
vn -30.698667 -39.699263 -86.496017
vn -30.698667 -39.699263 -86.496017
vn -30.698667 -39.699263 -86.496017
vn 66.169008 -45.422467 -59.652849
vn 66.169008 -45.422467 -59.652849
vn 66.169008 -45.422467 -59.652849
vn -53.704238 5.505046 84.175702
vn -53.704238 5.505046 84.175702
vn -53.704238 5.505046 84.175702
vn -38.387869 -9.416703 91.856947
vn -38.387869 -9.416703 91.856947
vn -38.387869 -9.416703 91.856947
vn -78.871801 -35.741132 50.018120
vn -78.871801 -35.741132 50.018120
vn -78.871801 -35.741132 50.018120
vn 55.939644 -55.127422 -61.900927
vn 55.939644 -55.127422 -61.900927
vn 55.939644 -55.127422 -61.900927
vn -8.155736 -97.067524 -22.613738
vn -8.155736 -97.067524 -22.613738
vn -8.155736 -97.067524 -22.613738
vn -54.753243 54.249517 63.710857
vn -54.753243 54.249517 63.710857
vn -54.753243 54.249517 63.710857
vn -88.548662 -46.448079 1.308345
vn -88.548662 -46.448079 1.308345
vn -88.548662 -46.448079 1.308345
vn -79.797506 -38.931099 46.007914
vn -79.797506 -38.931099 46.007914
vn -79.797506 -38.931099 46.007914
vn -66.188066 -71.542047 22.380258
vn -66.188066 -71.542047 22.380258
vn -66.188066 -71.542047 22.380258
vn -74.255496 -66.701632 6.083967
vn -74.255496 -66.701632 6.083967
vn -74.255496 -66.701632 6.083967
vn 97.475476 6.096679 21.479352
vn 97.475476 6.096679 21.479352
vn 97.475476 6.096679 21.479352
vn -90.118415 -39.874099 -16.992024
vn -90.118415 -39.874099 -16.992024
vn -90.118415 -39.874099 -16.992024
vn 83.098161 -39.381993 -39.290652
vn 83.098161 -39.381993 -39.290652
vn 83.098161 -39.381993 -39.290652
vn 51.622867 -61.749038 -59.347596
vn 51.622867 -61.749038 -59.347596
vn 51.622867 -61.749038 -59.347596
vn 19.949089 9.433755 -97.534806
vn 19.949089 9.433755 -97.534806
vn 19.949089 9.433755 -97.534806
vn 90.201741 16.916336 -39.717558
vn 90.201741 16.916336 -39.717558
vn 90.201741 16.916336 -39.717558
vn 83.695878 -39.259285 -38.127538
vn 83.695878 -39.259285 -38.127538
vn 83.695878 -39.259285 -38.127538
vn 55.453609 -46.769796 -68.829381
vn 55.453609 -46.769796 -68.829381
vn 55.453609 -46.769796 -68.829381
vn -51.527867 57.648370 63.415657
vn -51.527867 57.648370 63.415657
vn -51.527867 57.648370 63.415657
vn 38.067440 -11.873754 91.705428
vn 38.067440 -11.873754 91.705428
vn 38.067440 -11.873754 91.705428
vn -48.518806 25.930717 -83.507621
vn -48.518806 25.930717 -83.507621
vn -48.518806 25.930717 -83.507621
vn 89.583690 -14.904174 -41.864423
vn 89.583690 -14.904174 -41.864423
vn 89.583690 -14.904174 -41.864423
vn -26.646839 72.907678 -63.042984
vn -26.646839 72.907678 -63.042984
vn -26.646839 72.907678 -63.042984
vn 91.250603 -16.991983 -37.210221
vn 91.250603 -16.991983 -37.210221
vn 91.250603 -16.991983 -37.210221
vn -12.411181 -71.406195 68.899336
vn -12.411181 -71.406195 68.899336
vn -12.411181 -71.406195 68.899336
vn -74.000068 -65.572036 -14.976589
vn -74.000068 -65.572036 -14.976589
vn -74.000068 -65.572036 -14.976589
vn 8.232721 99.485623 5.901993
vn 8.232721 99.485623 5.901993
vn 8.232721 99.485623 5.901993
vn -69.842424 70.653056 -11.409689
vn -69.842424 70.653056 -11.409689
vn -69.842424 70.653056 -11.409689
vn -73.872283 -66.514827 -10.893262
vn -73.872283 -66.514827 -10.893262
vn -73.872283 -66.514827 -10.893262
vn -65.002703 -37.012382 -66.368167
vn -65.002703 -37.012382 -66.368167
vn -65.002703 -37.012382 -66.368167
vn -76.406063 -62.460620 -16.148816
vn -76.406063 -62.460620 -16.148816
vn -76.406063 -62.460620 -16.148816
vn -75.784646 -17.754978 -62.780961
vn -75.784646 -17.754978 -62.780961
vn -75.784646 -17.754978 -62.780961
vn 61.619855 53.585382 -57.720026
vn 61.619855 53.585382 -57.720026
vn 61.619855 53.585382 -57.720026
vn 92.424359 -3.950681 -37.975409
vn 92.424359 -3.950681 -37.975409
vn 92.424359 -3.950681 -37.975409
vn 77.949030 18.619652 -59.810189
vn 77.949030 18.619652 -59.810189
vn 77.949030 18.619652 -59.810189
vn 20.961260 35.189702 -91.226705
vn 20.961260 35.189702 -91.226705
vn 20.961260 35.189702 -91.226705
vn 99.146179 11.079251 -6.876451
vn 99.146179 11.079251 -6.876451
vn 99.146179 11.079251 -6.876451
vn 28.724364 -36.151807 -88.701513
vn 28.724364 -36.151807 -88.701513
vn 28.724364 -36.151807 -88.701513
vn 71.114350 -58.028487 -39.691885
vn 71.114350 -58.028487 -39.691885
vn 71.114350 -58.028487 -39.691885
vn 84.064973 -11.855864 -52.844295
vn 84.064973 -11.855864 -52.844295
vn 84.064973 -11.855864 -52.844295
vn 85.722893 -2.476790 -51.433946
vn 85.722893 -2.476790 -51.433946
vn 85.722893 -2.476790 -51.433946
vn 0.287347 -32.709965 94.498562
vn 0.287347 -32.709965 94.498562
vn 0.287347 -32.709965 94.498562
vn 97.774239 -17.504935 -11.566174
vn 97.774239 -17.504935 -11.566174
vn 97.774239 -17.504935 -11.566174
vn 17.711944 -19.729664 -96.421094
vn 17.711944 -19.729664 -96.421094
vn 17.711944 -19.729664 -96.421094
vn 92.354164 -33.665901 -18.366165
vn 92.354164 -33.665901 -18.366165
vn 92.354164 -33.665901 -18.366165
vn -93.774495 -10.428104 -33.130055
vn -93.774495 -10.428104 -33.130055
vn -93.774495 -10.428104 -33.130055
vn -84.936731 48.463647 20.905181
vn -84.936731 48.463647 20.905181
vn -84.936731 48.463647 20.905181
vn -96.924393 21.452725 -12.060024
vn -96.924393 21.452725 -12.060024
vn -96.924393 21.452725 -12.060024
vn -90.597289 11.314895 40.793445
vn -90.597289 11.314895 40.793445
vn -90.597289 11.314895 40.793445
vn -33.421604 43.443307 -83.640168
vn -33.421604 43.443307 -83.640168
vn -33.421604 43.443307 -83.640168
vn -33.279136 -2.047376 94.277829
vn -33.279136 -2.047376 94.277829
vn -33.279136 -2.047376 94.277829
vn 34.941319 26.565263 -89.852052
vn 34.941319 26.565263 -89.852052
vn 34.941319 26.565263 -89.852052
vn -4.115227 -82.524764 56.326997
vn -4.115227 -82.524764 56.326997
vn -4.115227 -82.524764 56.326997
vn 16.335092 65.140029 -74.094147
vn 16.335092 65.140029 -74.094147
vn 16.335092 65.140029 -74.094147
vn -66.851375 -60.533603 43.203904
vn -66.851375 -60.533603 43.203904
vn -66.851375 -60.533603 43.203904
vn -96.333666 -26.537528 -3.947507
vn -96.333666 -26.537528 -3.947507
vn -96.333666 -26.537528 -3.947507
vn -51.832283 -32.056956 79.282826
vn -51.832283 -32.056956 79.282826
vn -51.832283 -32.056956 79.282826
vn -18.826714 -95.753915 21.834470
vn -18.826714 -95.753915 21.834470
vn -18.826714 -95.753915 21.834470
vn 91.741909 -24.205158 -31.583748
vn 91.741909 -24.205158 -31.583748
vn 91.741909 -24.205158 -31.583748
vn -87.054813 -46.085366 -17.251082
vn -87.054813 -46.085366 -17.251082
vn -87.054813 -46.085366 -17.251082
vn -84.777639 -34.560193 -40.228680
vn -84.777639 -34.560193 -40.228680
vn -84.777639 -34.560193 -40.228680
vn 72.433173 45.666133 51.653080
vn 72.433173 45.666133 51.653080
vn 72.433173 45.666133 51.653080
vn -17.165098 -53.430295 -82.768132
vn -17.165098 -53.430295 -82.768132
vn -17.165098 -53.430295 -82.768132
vn -89.677153 -12.689233 42.390935
vn -89.677153 -12.689233 42.390935
vn -89.677153 -12.689233 42.390935
vn -78.978796 3.305751 61.248862
vn -78.978796 3.305751 61.248862
vn -78.978796 3.305751 61.248862
vn -97.710727 -15.811593 14.234020
vn -97.710727 -15.811593 14.234020
vn -97.710727 -15.811593 14.234020
vn -79.857525 -42.608905 42.511853
vn -79.857525 -42.608905 42.511853
vn -79.857525 -42.608905 42.511853
vn -92.649468 -6.630950 37.041977
vn -92.649468 -6.630950 37.041977
vn -92.649468 -6.630950 37.041977
vn 68.434421 21.413675 69.700681
vn 68.434421 21.413675 69.700681
vn 68.434421 21.413675 69.700681
vn -52.802248 -44.953622 72.049266
vn -52.802248 -44.953622 72.049266
vn -52.802248 -44.953622 72.049266
vn -87.660559 -48.102257 -1.341798
vn -87.660559 -48.102257 -1.341798
vn -87.660559 -48.102257 -1.341798
vn -77.017486 -13.178096 -62.407106
vn -77.017486 -13.178096 -62.407106
vn -77.017486 -13.178096 -62.407106
vn 76.338019 -13.431622 -63.183049
vn 76.338019 -13.431622 -63.183049
vn 76.338019 -13.431622 -63.183049
vn 55.554001 5.748267 -82.950050
vn 55.554001 5.748267 -82.950050
vn 55.554001 5.748267 -82.950050
vn -43.607217 0.099276 -89.991122
vn -43.607217 0.099276 -89.991122
vn -43.607217 0.099276 -89.991122
vn -9.028364 -37.908115 -92.094866
vn -9.028364 -37.908115 -92.094866
vn -9.028364 -37.908115 -92.094866
vn 41.185808 4.192861 91.028293
vn 41.185808 4.192861 91.028293
vn 41.185808 4.192861 91.028293
vn 35.904449 77.896488 -51.410214
vn 35.904449 77.896488 -51.410214
vn 35.904449 77.896488 -51.410214
vn -95.629248 -12.109199 -26.616077
vn -95.629248 -12.109199 -26.616077
vn -95.629248 -12.109199 -26.616077
vn -24.711672 -95.032424 18.925456
vn -24.711672 -95.032424 18.925456
vn -24.711672 -95.032424 18.925456
vn -6.673684 16.729413 -98.364582
vn -6.673684 16.729413 -98.364582
vn -6.673684 16.729413 -98.364582
vn 58.432730 -16.832848 -79.386855
vn 58.432730 -16.832848 -79.386855
vn 58.432730 -16.832848 -79.386855
vn 92.763240 14.779659 -34.300791
vn 92.763240 14.779659 -34.300791
vn 92.763240 14.779659 -34.300791
vn 53.945615 31.422956 -78.118303
vn 53.945615 31.422956 -78.118303
vn 53.945615 31.422956 -78.118303
vn 5.515276 -99.677796 5.824055
vn 5.515276 -99.677796 5.824055
vn 5.515276 -99.677796 5.824055
vn -95.969842 25.525885 11.756741
vn -95.969842 25.525885 11.756741
vn -95.969842 25.525885 11.756741
vn 96.422894 -4.604601 -26.104089
vn 96.422894 -4.604601 -26.104089
vn 96.422894 -4.604601 -26.104089
vn 96.934167 -16.947654 -17.791695
vn 96.934167 -16.947654 -17.791695
vn 96.934167 -16.947654 -17.791695
vn -85.536668 11.415197 -50.528911
vn -85.536668 11.415197 -50.528911
vn -85.536668 11.415197 -50.528911
vn 0.088164 41.277680 -91.083181
vn 0.088164 41.277680 -91.083181
vn 0.088164 41.277680 -91.083181
vn -55.265635 6.127045 -83.115393
vn -55.265635 6.127045 -83.115393
vn -55.265635 6.127045 -83.115393
vn 24.699129 73.392458 -63.273219
vn 24.699129 73.392458 -63.273219
vn 24.699129 73.392458 -63.273219
vn 23.978884 4.682196 -96.969535
vn 23.978884 4.682196 -96.969535
vn 23.978884 4.682196 -96.969535
vn 74.066591 34.652727 57.561535
vn 74.066591 34.652727 57.561535
vn 74.066591 34.652727 57.561535
vn 0.442320 -7.207758 -99.738930
vn 0.442320 -7.207758 -99.738930
vn 0.442320 -7.207758 -99.738930
vn -21.992820 56.370099 -79.616144
vn -21.992820 56.370099 -79.616144
vn -21.992820 56.370099 -79.616144
vn 21.936650 -21.150495 -95.244113
vn 21.936650 -21.150495 -95.244113
vn 21.936650 -21.150495 -95.244113
vn 70.623074 -19.659459 68.013893
vn 70.623074 -19.659459 68.013893
vn 70.623074 -19.659459 68.013893
vn -70.315634 -63.147888 -32.681125
vn -70.315634 -63.147888 -32.681125
vn -70.315634 -63.147888 -32.681125
vn -87.921438 28.748614 37.991288
vn -87.921438 28.748614 37.991288
vn -87.921438 28.748614 37.991288
vn -20.578251 -7.494471 97.572377
vn -20.578251 -7.494471 97.572377
vn -20.578251 -7.494471 97.572377
vn 80.046789 -37.198856 46.997417
vn 80.046789 -37.198856 46.997417
vn 80.046789 -37.198856 46.997417
vn -92.367159 36.089544 12.878431
vn -92.367159 36.089544 12.878431
vn -92.367159 36.089544 12.878431
vn 68.453556 69.491808 -22.022707
vn 68.453556 69.491808 -22.022707
vn 68.453556 69.491808 -22.022707
vn -88.892222 -43.999811 12.735430
vn -88.892222 -43.999811 12.735430
vn -88.892222 -43.999811 12.735430
vn 84.583469 -19.993758 -49.455910
vn 84.583469 -19.993758 -49.455910
vn 84.583469 -19.993758 -49.455910
vn 54.118468 1.694191 -84.073311
vn 54.118468 1.694191 -84.073311
vn 54.118468 1.694191 -84.073311
vn -25.006460 -29.486613 92.223732
vn -25.006460 -29.486613 92.223732
vn -25.006460 -29.486613 92.223732
vn -75.689203 21.326191 61.776523
vn -75.689203 21.326191 61.776523
vn -75.689203 21.326191 61.776523
vn -36.723169 -44.116679 81.884850
vn -36.723169 -44.116679 81.884850
vn -36.723169 -44.116679 81.884850
vn -58.248896 4.071477 81.181829
vn -58.248896 4.071477 81.181829
vn -58.248896 4.071477 81.181829
vn -46.207128 21.452820 86.050439
vn -46.207128 21.452820 86.050439
vn -46.207128 21.452820 86.050439
vn -93.787055 28.373849 19.972850
vn -93.787055 28.373849 19.972850
vn -93.787055 28.373849 19.972850
vn -35.950002 -49.171077 -79.308281
vn -35.950002 -49.171077 -79.308281
vn -35.950002 -49.171077 -79.308281
vn 94.344193 24.583125 22.245097
vn 94.344193 24.583125 22.245097
vn 94.344193 24.583125 22.245097
vn 83.169833 -20.454974 -51.617564
vn 83.169833 -20.454974 -51.617564
vn 83.169833 -20.454974 -51.617564
vn 18.513687 -29.602582 -93.706620
vn 18.513687 -29.602582 -93.706620
vn 18.513687 -29.602582 -93.706620
vn 77.011672 -63.727314 -2.834151
vn 77.011672 -63.727314 -2.834151
vn 77.011672 -63.727314 -2.834151
vn -58.183850 -2.612057 -81.288477
vn -58.183850 -2.612057 -81.288477
vn -58.183850 -2.612057 -81.288477
vn -14.182937 -40.079108 90.512486
vn -14.182937 -40.079108 90.512486
vn -14.182937 -40.079108 90.512486
vn -49.847783 10.182436 -86.090166
vn -49.847783 10.182436 -86.090166
vn -49.847783 10.182436 -86.090166
vn 35.795078 4.603870 -93.260483
vn 35.795078 4.603870 -93.260483
vn 35.795078 4.603870 -93.260483
vn -28.323312 29.651337 91.206296
vn -28.323312 29.651337 91.206296
vn -28.323312 29.651337 91.206296
vn -62.424160 -23.925191 -74.369419
vn -62.424160 -23.925191 -74.369419
vn -62.424160 -23.925191 -74.369419
vn 37.116679 44.685779 -81.397374
vn 37.116679 44.685779 -81.397374
vn 37.116679 44.685779 -81.397374
vn -59.517570 -21.568192 -77.411059
vn -59.517570 -21.568192 -77.411059
vn -59.517570 -21.568192 -77.411059
vn -19.836710 -1.186811 98.005598
vn -19.836710 -1.186811 98.005598
vn -19.836710 -1.186811 98.005598
vn -9.727534 15.163631 -98.363811
vn -9.727534 15.163631 -98.363811
vn -9.727534 15.163631 -98.363811
vn -99.118572 9.604629 9.124805
vn -99.118572 9.604629 9.124805
vn -99.118572 9.604629 9.124805
vn 24.536984 -5.097633 96.808842
vn 24.536984 -5.097633 96.808842
vn 24.536984 -5.097633 96.808842
vn -65.497761 -21.726430 -72.374072
vn -65.497761 -21.726430 -72.374072
vn -65.497761 -21.726430 -72.374072
vn 93.398436 -2.174612 35.665169
vn 93.398436 -2.174612 35.665169
vn 93.398436 -2.174612 35.665169
vn 60.402935 52.746822 -59.743276
vn 60.402935 52.746822 -59.743276
vn 60.402935 52.746822 -59.743276
vn -48.656108 -74.735745 -45.245461
vn -48.656108 -74.735745 -45.245461
vn -48.656108 -74.735745 -45.245461
vn 93.943210 6.904130 -33.570930
vn 93.943210 6.904130 -33.570930
vn 93.943210 6.904130 -33.570930
vn -46.815796 23.760778 85.109971
vn -46.815796 23.760778 85.109971
vn -46.815796 23.760778 85.109971
vn -99.671482 -3.581409 7.264350
vn -99.671482 -3.581409 7.264350
vn -99.671482 -3.581409 7.264350
vn -31.582835 -93.762427 14.530355
vn -31.582835 -93.762427 14.530355
vn -31.582835 -93.762427 14.530355
vn -1.423157 91.635959 40.010346
vn -1.423157 91.635959 40.010346
vn -1.423157 91.635959 40.010346
vn 71.443915 50.835694 -48.078049
vn 71.443915 50.835694 -48.078049
vn 71.443915 50.835694 -48.078049
vn 3.598838 78.494841 61.851506
vn 3.598838 78.494841 61.851506
vn 3.598838 78.494841 61.851506
vn 31.760545 3.470295 -94.758775
vn 31.760545 3.470295 -94.758775
vn 31.760545 3.470295 -94.758775
vn 85.240997 -0.796484 -52.281343
vn 85.240997 -0.796484 -52.281343
vn 85.240997 -0.796484 -52.281343
vn 49.022840 -47.798214 -72.884109
vn 49.022840 -47.798214 -72.884109
vn 49.022840 -47.798214 -72.884109
vn -98.178685 9.684167 -16.345130
vn -98.178685 9.684167 -16.345130
vn -98.178685 9.684167 -16.345130
vn 92.257995 16.659947 -34.798125
vn 92.257995 16.659947 -34.798125
vn 92.257995 16.659947 -34.798125
vn -97.281661 -23.157503 0.103628
vn -97.281661 -23.157503 0.103628
vn -97.281661 -23.157503 0.103628
vn -90.534274 26.386744 33.275916
vn -90.534274 26.386744 33.275916
vn -90.534274 26.386744 33.275916
vn -13.891795 -52.657587 83.870123
vn -13.891795 -52.657587 83.870123
vn -13.891795 -52.657587 83.870123
vn 65.267650 43.647231 61.927803
vn 65.267650 43.647231 61.927803
vn 65.267650 43.647231 61.927803
vn -43.917901 -17.132072 -88.191335
vn -43.917901 -17.132072 -88.191335
vn -43.917901 -17.132072 -88.191335
vn 94.671232 29.142655 -13.713697
vn 94.671232 29.142655 -13.713697
vn 94.671232 29.142655 -13.713697
vn 68.805696 -41.552364 -59.491003
vn 68.805696 -41.552364 -59.491003
vn 68.805696 -41.552364 -59.491003
vn -14.291868 -16.551596 97.579647
vn -14.291868 -16.551596 97.579647
vn -14.291868 -16.551596 97.579647
vn 9.579847 -51.825165 84.984588
vn 9.579847 -51.825165 84.984588
vn 9.579847 -51.825165 84.984588
vn -45.967592 38.917595 -79.827329
vn -45.967592 38.917595 -79.827329
vn -45.967592 38.917595 -79.827329
vn -14.059379 9.179754 -98.580262
vn -14.059379 9.179754 -98.580262
vn -14.059379 9.179754 -98.580262
vn 67.001606 56.700595 -47.914789
vn 67.001606 56.700595 -47.914789
vn 67.001606 56.700595 -47.914789
vn 95.395916 1.563282 -29.952924
vn 95.395916 1.563282 -29.952924
vn 95.395916 1.563282 -29.952924
vn 97.796393 -8.459040 -19.086945
vn 97.796393 -8.459040 -19.086945
vn 97.796393 -8.459040 -19.086945
vn 85.219226 -48.621396 -19.329846
vn 85.219226 -48.621396 -19.329846
vn 85.219226 -48.621396 -19.329846
vn 93.280146 14.583507 32.956603
vn 93.280146 14.583507 32.956603
vn 93.280146 14.583507 32.956603
vn 12.157500 81.572077 56.552562
vn 12.157500 81.572077 56.552562
vn 12.157500 81.572077 56.552562
vn -77.224871 -54.964836 31.862010
vn -77.224871 -54.964836 31.862010
vn -77.224871 -54.964836 31.862010
vn 53.648993 -39.768808 74.432711
vn 53.648993 -39.768808 74.432711
vn 53.648993 -39.768808 74.432711
vn 9.955783 -9.075606 -99.088427
vn 9.955783 -9.075606 -99.088427
vn 9.955783 -9.075606 -99.088427
vn -91.611360 -9.557790 38.935964
vn -91.611360 -9.557790 38.935964
vn -91.611360 -9.557790 38.935964
vn -57.102298 -6.906986 -81.802339
vn -57.102298 -6.906986 -81.802339
vn -57.102298 -6.906986 -81.802339
vn 64.959747 18.544341 73.731538
vn 64.959747 18.544341 73.731538
vn 64.959747 18.544341 73.731538
vn 98.187185 14.046465 12.726961
vn 98.187185 14.046465 12.726961
vn 98.187185 14.046465 12.726961
vn 57.283287 9.383189 81.428385
vn 57.283287 9.383189 81.428385
vn 57.283287 9.383189 81.428385
vn -94.553604 30.764466 -10.637841
vn -94.553604 30.764466 -10.637841
vn -94.553604 30.764466 -10.637841
vn -48.457712 -14.220561 86.311225
vn -48.457712 -14.220561 86.311225
vn -48.457712 -14.220561 86.311225
vn -37.761705 15.773358 91.242844
vn -37.761705 15.773358 91.242844
vn -37.761705 15.773358 91.242844
vn 8.049877 -12.973037 -98.827626
vn 8.049877 -12.973037 -98.827626
vn 8.049877 -12.973037 -98.827626
vn -29.421466 -67.841103 -67.319858
vn -29.421466 -67.841103 -67.319858
vn -29.421466 -67.841103 -67.319858
vn 84.037528 48.903625 -23.369428
vn 84.037528 48.903625 -23.369428
vn 84.037528 48.903625 -23.369428
vn -77.313933 -47.176594 -42.390175
vn -77.313933 -47.176594 -42.390175
vn -77.313933 -47.176594 -42.390175
vn -25.453401 -63.378781 73.042829
vn -25.453401 -63.378781 73.042829
vn -25.453401 -63.378781 73.042829
vn 62.981779 -9.716889 -77.064116
vn 62.981779 -9.716889 -77.064116
vn 62.981779 -9.716889 -77.064116
vn 36.784672 -29.984573 88.021674
vn 36.784672 -29.984573 88.021674
vn 36.784672 -29.984573 88.021674
vn 96.014505 -17.239568 -22.000284
vn 96.014505 -17.239568 -22.000284
vn 96.014505 -17.239568 -22.000284
vn 5.916111 -17.520787 -98.275244
vn 5.916111 -17.520787 -98.275244
vn 5.916111 -17.520787 -98.275244
vn -82.830774 -17.708029 -53.155335
vn -82.830774 -17.708029 -53.155335
vn -82.830774 -17.708029 -53.155335
vn -12.268998 -40.838156 90.452851
vn -12.268998 -40.838156 90.452851
vn -12.268998 -40.838156 90.452851
vn 74.953287 31.019404 -58.479074
vn 74.953287 31.019404 -58.479074
vn 74.953287 31.019404 -58.479074
vn -90.635370 8.619801 -41.363397
vn -90.635370 8.619801 -41.363397
vn -90.635370 8.619801 -41.363397
vn 83.812384 18.814820 51.200472
vn 83.812384 18.814820 51.200472
vn 83.812384 18.814820 51.200472
vn 41.304202 -21.543592 88.486368
vn 41.304202 -21.543592 88.486368
vn 41.304202 -21.543592 88.486368
vn 97.092271 -19.735695 13.549714
vn 97.092271 -19.735695 13.549714
vn 97.092271 -19.735695 13.549714
vn -19.447878 19.514827 -96.129880
vn -19.447878 19.514827 -96.129880
vn -19.447878 19.514827 -96.129880
vn -95.380482 10.136994 28.280849
vn -95.380482 10.136994 28.280849
vn -95.380482 10.136994 28.280849
vn -95.358634 27.401566 12.485479
vn -95.358634 27.401566 12.485479
vn -95.358634 27.401566 12.485479
vn 56.675005 63.758733 52.180156
vn 56.675005 63.758733 52.180156
vn 56.675005 63.758733 52.180156
vn -79.783630 -12.580939 -58.960093
vn -79.783630 -12.580939 -58.960093
vn -79.783630 -12.580939 -58.960093
vn 98.020576 -8.008469 18.106137
vn 98.020576 -8.008469 18.106137
vn 98.020576 -8.008469 18.106137
vn 98.906451 -14.713663 -1.012109
vn 98.906451 -14.713663 -1.012109
vn 98.906451 -14.713663 -1.012109
vn 92.914776 31.192528 19.846209
vn 92.914776 31.192528 19.846209
vn 92.914776 31.192528 19.846209
vn -38.945362 28.679503 -87.525687
vn -38.945362 28.679503 -87.525687
vn -38.945362 28.679503 -87.525687
vn -45.322340 4.477690 -89.027171
vn -45.322340 4.477690 -89.027171
vn -45.322340 4.477690 -89.027171
vn 97.751342 20.213494 6.007595
vn 97.751342 20.213494 6.007595
vn 97.751342 20.213494 6.007595
vn 29.388529 -64.392424 -70.639448
vn 29.388529 -64.392424 -70.639448
vn 29.388529 -64.392424 -70.639448
vn -95.554545 -11.695370 27.065600
vn -95.554545 -11.695370 27.065600
vn -95.554545 -11.695370 27.065600
vn -96.384941 18.471755 19.202550
vn -96.384941 18.471755 19.202550
vn -96.384941 18.471755 19.202550
vn -33.774250 48.612790 80.598371
vn -33.774250 48.612790 80.598371
vn -33.774250 48.612790 80.598371
vn -98.163892 19.036823 -1.204892
vn -98.163892 19.036823 -1.204892
vn -98.163892 19.036823 -1.204892
vn -86.656501 -37.312646 -33.142390
vn -86.656501 -37.312646 -33.142390
vn -86.656501 -37.312646 -33.142390
vn 87.009587 -45.540909 18.850927
vn 87.009587 -45.540909 18.850927
vn 87.009587 -45.540909 18.850927
vn -21.321791 -12.777595 96.861320
vn -21.321791 -12.777595 96.861320
vn -21.321791 -12.777595 96.861320
vn -89.128966 5.123616 45.053056
vn -89.128966 5.123616 45.053056
vn -89.128966 5.123616 45.053056
vn 90.204792 -3.942548 42.983168
vn 90.204792 -3.942548 42.983168
vn 90.204792 -3.942548 42.983168
vn -59.333013 -57.460263 56.372969
vn -59.333013 -57.460263 56.372969
vn -59.333013 -57.460263 56.372969
vn 86.581783 12.573737 -48.430330
vn 86.581783 12.573737 -48.430330
vn 86.581783 12.573737 -48.430330
vn 65.787281 -32.976335 -67.709653
vn 65.787281 -32.976335 -67.709653
vn 65.787281 -32.976335 -67.709653
vn 28.807194 -8.108899 95.416936
vn 28.807194 -8.108899 95.416936
vn 28.807194 -8.108899 95.416936
vn -89.620637 12.979474 42.422577
vn -89.620637 12.979474 42.422577
vn -89.620637 12.979474 42.422577
vn 56.478422 48.707341 -66.616686
vn 56.478422 48.707341 -66.616686
vn 56.478422 48.707341 -66.616686
vn -70.628997 -4.808778 70.628749
vn -70.628997 -4.808778 70.628749
vn -70.628997 -4.808778 70.628749
vn -83.497971 5.487459 54.753779
vn -83.497971 5.487459 54.753779
vn -83.497971 5.487459 54.753779
vn -43.925679 0.265470 -89.835764
vn -43.925679 0.265470 -89.835764
vn -43.925679 0.265470 -89.835764
vn 6.197879 -36.460166 -92.909869
vn 6.197879 -36.460166 -92.909869
vn 6.197879 -36.460166 -92.909869
vn 33.141620 -39.802047 -85.541987
vn 33.141620 -39.802047 -85.541987
vn 33.141620 -39.802047 -85.541987
vn 16.124595 1.381365 98.681763
vn 16.124595 1.381365 98.681763
vn 16.124595 1.381365 98.681763
vn 50.736987 11.591157 -85.389726
vn 50.736987 11.591157 -85.389726
vn 50.736987 11.591157 -85.389726
vn -64.422089 -12.506564 -75.454497
vn -64.422089 -12.506564 -75.454497
vn -64.422089 -12.506564 -75.454497
vn 85.473284 -5.659053 -51.597415
vn 85.473284 -5.659053 -51.597415
vn 85.473284 -5.659053 -51.597415
vn -36.080492 -10.962631 92.617593
vn -36.080492 -10.962631 92.617593
vn -36.080492 -10.962631 92.617593
vn -86.171687 3.323386 -50.629994
vn -86.171687 3.323386 -50.629994
vn -86.171687 3.323386 -50.629994
vn -75.398942 44.010585 48.765437
vn -75.398942 44.010585 48.765437
vn -75.398942 44.010585 48.765437
vn -3.139766 25.554785 -96.628643
vn -3.139766 25.554785 -96.628643
vn -3.139766 25.554785 -96.628643
vn -96.800741 23.968658 -7.424321
vn -96.800741 23.968658 -7.424321
vn -96.800741 23.968658 -7.424321
vn 98.166181 10.404459 -15.973365
vn 98.166181 10.404459 -15.973365
vn 98.166181 10.404459 -15.973365
vn 6.883022 -30.604134 94.952689
vn 6.883022 -30.604134 94.952689
vn 6.883022 -30.604134 94.952689
vn -98.397991 17.294818 -4.327250
vn -98.397991 17.294818 -4.327250
vn -98.397991 17.294818 -4.327250
vn 32.184329 -74.149936 -58.872367
vn 32.184329 -74.149936 -58.872367
vn 32.184329 -74.149936 -58.872367
vn -50.653184 -25.659556 82.315518
vn -50.653184 -25.659556 82.315518
vn -50.653184 -25.659556 82.315518
vn 12.880624 12.005247 98.437614
vn 12.880624 12.005247 98.437614
vn 12.880624 12.005247 98.437614
vn -39.290356 -36.494663 84.406218
vn -39.290356 -36.494663 84.406218
vn -39.290356 -36.494663 84.406218
vn 73.213987 -62.541249 -26.987106
vn 73.213987 -62.541249 -26.987106
vn 73.213987 -62.541249 -26.987106
vn -42.172625 -82.544632 37.521374
vn -42.172625 -82.544632 37.521374
vn -42.172625 -82.544632 37.521374
vn -96.578881 -8.273005 -24.577975
vn -96.578881 -8.273005 -24.577975
vn -96.578881 -8.273005 -24.577975
vn 62.583767 -9.989659 77.352951
vn 62.583767 -9.989659 77.352951
vn 62.583767 -9.989659 77.352951
vn 77.673445 -7.174245 -62.572888
vn 77.673445 -7.174245 -62.572888
vn 77.673445 -7.174245 -62.572888
vn -66.944087 -13.291305 73.087837
vn -66.944087 -13.291305 73.087837
vn -66.944087 -13.291305 73.087837
vn -87.123963 44.545058 -20.619275
vn -87.123963 44.545058 -20.619275
vn -87.123963 44.545058 -20.619275
vn 89.501551 -3.196048 44.488876
vn 89.501551 -3.196048 44.488876
vn 89.501551 -3.196048 44.488876
vn 15.186478 30.954430 93.867961
vn 15.186478 30.954430 93.867961
vn 15.186478 30.954430 93.867961
vn 93.245773 -8.703523 -35.063874
vn 93.245773 -8.703523 -35.063874
vn 93.245773 -8.703523 -35.063874
vn 28.539179 -67.989854 67.549216
vn 28.539179 -67.989854 67.549216
vn 28.539179 -67.989854 67.549216
vn 24.351042 36.337717 -89.925509
vn 24.351042 36.337717 -89.925509
vn 24.351042 36.337717 -89.925509
vn -94.260428 3.408852 33.216772
vn -94.260428 3.408852 33.216772
vn -94.260428 3.408852 33.216772
vn 11.836795 -17.949746 -97.661134
vn 11.836795 -17.949746 -97.661134
vn 11.836795 -17.949746 -97.661134
vn 78.752811 50.100848 35.887322
vn 78.752811 50.100848 35.887322
vn 78.752811 50.100848 35.887322
vn 79.586466 37.145668 -47.814159
vn 79.586466 37.145668 -47.814159
vn 79.586466 37.145668 -47.814159
vn -75.419486 -0.977977 -65.657800
vn -75.419486 -0.977977 -65.657800
vn -75.419486 -0.977977 -65.657800
vn 78.642553 61.401890 -6.719912
vn 78.642553 61.401890 -6.719912
vn 78.642553 61.401890 -6.719912
vn -20.673949 15.987949 96.524472
vn -20.673949 15.987949 96.524472
vn -20.673949 15.987949 96.524472
vn 8.552664 96.910782 23.133386
vn 8.552664 96.910782 23.133386
vn 8.552664 96.910782 23.133386
vn 40.982656 65.820407 63.151386
vn 40.982656 65.820407 63.151386
vn 40.982656 65.820407 63.151386
vn -38.200517 -12.510821 91.565288
vn -38.200517 -12.510821 91.565288
vn -38.200517 -12.510821 91.565288
vn -81.931616 7.767344 56.805637
vn -81.931616 7.767344 56.805637
vn -81.931616 7.767344 56.805637
vn 36.650985 75.159508 -54.843009
vn 36.650985 75.159508 -54.843009
vn 36.650985 75.159508 -54.843009
vn 6.138883 34.084153 93.811435
vn 6.138883 34.084153 93.811435
vn 6.138883 34.084153 93.811435
vn -40.239055 41.533039 -81.583248
vn -40.239055 41.533039 -81.583248
vn -40.239055 41.533039 -81.583248
vn 83.182154 -2.705071 55.438366
vn 83.182154 -2.705071 55.438366
vn 83.182154 -2.705071 55.438366
vn -80.712505 5.504775 58.780860
vn -80.712505 5.504775 58.780860
vn -80.712505 5.504775 58.780860
vn 85.734433 -0.817465 -51.467840
vn 85.734433 -0.817465 -51.467840
vn 85.734433 -0.817465 -51.467840
vn -86.489330 45.978478 -20.138893
vn -86.489330 45.978478 -20.138893
vn -86.489330 45.978478 -20.138893
vn 5.064642 -31.725548 -94.698676
vn 5.064642 -31.725548 -94.698676
vn 5.064642 -31.725548 -94.698676
vn -81.299019 55.731010 -16.867880
vn -81.299019 55.731010 -16.867880
vn -81.299019 55.731010 -16.867880
vn 39.458437 85.782989 -32.928878
vn 39.458437 85.782989 -32.928878
vn 39.458437 85.782989 -32.928878
vn 12.513409 -90.400779 -40.879258
vn 12.513409 -90.400779 -40.879258
vn 12.513409 -90.400779 -40.879258
vn 57.742630 -17.598204 -79.725107
vn 57.742630 -17.598204 -79.725107
vn 57.742630 -17.598204 -79.725107
vn -25.334138 -93.565094 24.571432
vn -25.334138 -93.565094 24.571432
vn -25.334138 -93.565094 24.571432
vn 83.438622 48.751728 -25.715088
vn 83.438622 48.751728 -25.715088
vn 83.438622 48.751728 -25.715088
vn -68.373882 14.459661 71.525735
vn -68.373882 14.459661 71.525735
vn -68.373882 14.459661 71.525735
vn 57.585820 39.166698 71.762426
vn 57.585820 39.166698 71.762426
vn 57.585820 39.166698 71.762426
vn 92.697647 10.765782 -35.933882
vn 92.697647 10.765782 -35.933882
vn 92.697647 10.765782 -35.933882
vn -96.316393 -23.827854 -12.465384
vn -96.316393 -23.827854 -12.465384
vn -96.316393 -23.827854 -12.465384
vn 63.493495 71.896087 -28.275949
vn 63.493495 71.896087 -28.275949
vn 63.493495 71.896087 -28.275949
vn 99.149624 12.032904 4.956136
vn 99.149624 12.032904 4.956136
vn 99.149624 12.032904 4.956136
vn 2.252370 -29.530409 95.513777
vn 2.252370 -29.530409 95.513777
vn 2.252370 -29.530409 95.513777
vn 53.645871 30.171318 -78.815058
vn 53.645871 30.171318 -78.815058
vn 53.645871 30.171318 -78.815058
vn -3.142568 35.878299 93.289196
vn -3.142568 35.878299 93.289196
vn -3.142568 35.878299 93.289196
vn 36.911039 10.613113 -92.330591
vn 36.911039 10.613113 -92.330591
vn 36.911039 10.613113 -92.330591
vn -73.895901 7.177157 66.991671
vn -73.895901 7.177157 66.991671
vn -73.895901 7.177157 66.991671
vn -8.787121 -24.627174 -96.520928
vn -8.787121 -24.627174 -96.520928
vn -8.787121 -24.627174 -96.520928
vn -66.723795 20.037376 71.738685
vn -66.723795 20.037376 71.738685
vn -66.723795 20.037376 71.738685
vn 74.001522 -16.403226 -65.228139
vn 74.001522 -16.403226 -65.228139
vn 74.001522 -16.403226 -65.228139
vn 99.224725 10.128950 -7.201288
vn 99.224725 10.128950 -7.201288
vn 99.224725 10.128950 -7.201288
vn -26.415748 5.283700 96.303123
vn -26.415748 5.283700 96.303123
vn -26.415748 5.283700 96.303123
vn 32.997421 -80.979978 -48.511990
vn 32.997421 -80.979978 -48.511990
vn 32.997421 -80.979978 -48.511990
vn -43.713814 12.815249 89.021762
vn -43.713814 12.815249 89.021762
vn -43.713814 12.815249 89.021762
vn -99.323608 -10.716198 4.470240
vn -99.323608 -10.716198 4.470240
vn -99.323608 -10.716198 4.470240
vn -1.086101 -17.520668 98.447189
vn -1.086101 -17.520668 98.447189
vn -1.086101 -17.520668 98.447189
vn 25.885775 -8.395471 -96.225998
vn 25.885775 -8.395471 -96.225998
vn 25.885775 -8.395471 -96.225998
vn -98.922352 -1.216360 14.590755
vn -98.922352 -1.216360 14.590755
vn -98.922352 -1.216360 14.590755
vn -48.145181 49.087656 72.611592
vn -48.145181 49.087656 72.611592
vn -48.145181 49.087656 72.611592
vn 97.607129 20.364744 -7.624029
vn 97.607129 20.364744 -7.624029
vn 97.607129 20.364744 -7.624029
vn -95.819231 -16.011564 23.712983
vn -95.819231 -16.011564 23.712983
vn -95.819231 -16.011564 23.712983
vn 65.327075 -1.626380 -75.694965
vn 65.327075 -1.626380 -75.694965
vn 65.327075 -1.626380 -75.694965
vn -56.605278 2.908467 82.385588
vn -56.605278 2.908467 82.385588
vn -56.605278 2.908467 82.385588
vn -70.654561 69.642086 12.566394
vn -70.654561 69.642086 12.566394
vn -70.654561 69.642086 12.566394
vn 18.406838 85.657881 -48.207033
vn 18.406838 85.657881 -48.207033
vn 18.406838 85.657881 -48.207033
vn -8.663373 -8.785607 -99.235874
vn -8.663373 -8.785607 -99.235874
vn -8.663373 -8.785607 -99.235874
vn -1.633038 -15.665469 -98.751853
vn -1.633038 -15.665469 -98.751853
vn -1.633038 -15.665469 -98.751853
vn 66.615209 56.374140 -48.830013
vn 66.615209 56.374140 -48.830013
vn 66.615209 56.374140 -48.830013
vn -66.174842 43.953304 -60.737123
vn -66.174842 43.953304 -60.737123
vn -66.174842 43.953304 -60.737123
vn -44.810670 49.906114 -74.171320
vn -44.810670 49.906114 -74.171320
vn -44.810670 49.906114 -74.171320
vn 63.834008 -5.934153 -76.746373
vn 63.834008 -5.934153 -76.746373
vn 63.834008 -5.934153 -76.746373
vn 73.436255 -66.605901 13.067918
vn 73.436255 -66.605901 13.067918
vn 73.436255 -66.605901 13.067918
vn 74.406701 -8.917711 66.212675
vn 74.406701 -8.917711 66.212675
vn 74.406701 -8.917711 66.212675
vn 76.726778 -41.211750 49.138499
vn 76.726778 -41.211750 49.138499
vn 76.726778 -41.211750 49.138499
vn 28.868650 -13.780902 -94.745388
vn 28.868650 -13.780902 -94.745388
vn 28.868650 -13.780902 -94.745388
vn 47.214717 9.520387 -87.636381
vn 47.214717 9.520387 -87.636381
vn 47.214717 9.520387 -87.636381
vn 11.658696 14.020211 -98.323499
vn 11.658696 14.020211 -98.323499
vn 11.658696 14.020211 -98.323499
vn -8.695086 52.976905 -84.367306
vn -8.695086 52.976905 -84.367306
vn -8.695086 52.976905 -84.367306
vn 19.257943 -40.993968 -89.155075
vn 19.257943 -40.993968 -89.155075
vn 19.257943 -40.993968 -89.155075
vn 55.892072 -18.285800 -80.880820
vn 55.892072 -18.285800 -80.880820
vn 55.892072 -18.285800 -80.880820
vn 4.659665 93.587513 -34.923690
vn 4.659665 93.587513 -34.923690
vn 4.659665 93.587513 -34.923690
vn 72.148599 -38.642645 57.457162
vn 72.148599 -38.642645 57.457162
vn 72.148599 -38.642645 57.457162
vn 43.554858 73.388314 -52.126092
vn 43.554858 73.388314 -52.126092
vn 43.554858 73.388314 -52.126092
vn 19.811085 37.070727 -90.737432
vn 19.811085 37.070727 -90.737432
vn 19.811085 37.070727 -90.737432
vn 69.595909 42.131922 58.149051
vn 69.595909 42.131922 58.149051
vn 69.595909 42.131922 58.149051
vn 58.055431 -11.709050 -80.575841
vn 58.055431 -11.709050 -80.575841
vn 58.055431 -11.709050 -80.575841
vn -91.555974 -0.237540 40.217497
vn -91.555974 -0.237540 40.217497
vn -91.555974 -0.237540 40.217497
vn 61.802394 32.376641 71.639498
vn 61.802394 32.376641 71.639498
vn 61.802394 32.376641 71.639498
vn 87.075259 0.184044 -49.171794
vn 87.075259 0.184044 -49.171794
vn 87.075259 0.184044 -49.171794
vn 63.907459 -43.774014 -63.242962
vn 63.907459 -43.774014 -63.242962
vn 63.907459 -43.774014 -63.242962
vn -21.077741 -9.962263 -97.244446
vn -21.077741 -9.962263 -97.244446
vn -21.077741 -9.962263 -97.244446
vn 14.443442 -58.074658 -80.116918
vn 14.443442 -58.074658 -80.116918
vn 14.443442 -58.074658 -80.116918
vn 84.073247 -1.036508 -54.135159
vn 84.073247 -1.036508 -54.135159
vn 84.073247 -1.036508 -54.135159
vn -87.428913 -3.674259 48.401300
vn -87.428913 -3.674259 48.401300
vn -87.428913 -3.674259 48.401300
vn 31.910846 14.390099 93.672963
vn 31.910846 14.390099 93.672963
vn 31.910846 14.390099 93.672963
vn 58.395106 22.996733 -77.853472
vn 58.395106 22.996733 -77.853472
vn 58.395106 22.996733 -77.853472
vn 89.778047 -30.104244 32.150240
vn 89.778047 -30.104244 32.150240
vn 89.778047 -30.104244 32.150240
vn 93.693475 -34.946854 -0.500335
vn 93.693475 -34.946854 -0.500335
vn 93.693475 -34.946854 -0.500335
vn 40.925694 -90.733864 -9.615276
vn 40.925694 -90.733864 -9.615276
vn 40.925694 -90.733864 -9.615276
vn 13.030496 -11.342057 98.496516
vn 13.030496 -11.342057 98.496516
vn 13.030496 -11.342057 98.496516
vn 86.930166 -36.139255 33.720920
vn 86.930166 -36.139255 33.720920
vn 86.930166 -36.139255 33.720920
vn -47.602994 -55.445835 68.262100
vn -47.602994 -55.445835 68.262100
vn -47.602994 -55.445835 68.262100
vn 96.949371 5.629539 -23.856410
vn 96.949371 5.629539 -23.856410
vn 96.949371 5.629539 -23.856410
vn 91.710956 -12.149355 -37.967021
vn 91.710956 -12.149355 -37.967021
vn 91.710956 -12.149355 -37.967021
vn 95.515322 -13.134755 26.538685
vn 95.515322 -13.134755 26.538685
vn 95.515322 -13.134755 26.538685
vn 6.245348 -11.218349 -99.172297
vn 6.245348 -11.218349 -99.172297
vn 6.245348 -11.218349 -99.172297
vn 69.279587 -56.275014 -45.093924
vn 69.279587 -56.275014 -45.093924
vn 69.279587 -56.275014 -45.093924
vn 5.358992 -36.007533 93.138284
vn 5.358992 -36.007533 93.138284
vn 5.358992 -36.007533 93.138284
vn 15.035952 -63.566060 75.718408
vn 15.035952 -63.566060 75.718408
vn 15.035952 -63.566060 75.718408
vn 62.789511 53.522225 -56.505299
vn 62.789511 53.522225 -56.505299
vn 62.789511 53.522225 -56.505299
vn 86.426400 25.653487 -43.270961
vn 86.426400 25.653487 -43.270961
vn 86.426400 25.653487 -43.270961
vn -53.428403 -84.268866 -6.645688
vn -53.428403 -84.268866 -6.645688
vn -53.428403 -84.268866 -6.645688
vn -63.510822 28.176612 -71.919781
vn -63.510822 28.176612 -71.919781
vn -63.510822 28.176612 -71.919781
vn -68.217866 55.588365 -47.500073
vn -68.217866 55.588365 -47.500073
vn -68.217866 55.588365 -47.500073
vn 98.834479 -12.816873 -8.214347
vn 98.834479 -12.816873 -8.214347
vn 98.834479 -12.816873 -8.214347
vn 54.595960 -68.452646 -48.306491
vn 54.595960 -68.452646 -48.306491
vn 54.595960 -68.452646 -48.306491
vn 18.187356 97.607513 -11.916132
vn 18.187356 97.607513 -11.916132
vn 18.187356 97.607513 -11.916132
vn 67.117652 -49.388726 -55.280872
vn 67.117652 -49.388726 -55.280872
vn 67.117652 -49.388726 -55.280872
vn 49.275947 -86.931576 3.845041
vn 49.275947 -86.931576 3.845041
vn 49.275947 -86.931576 3.845041
vn 6.973527 -19.594729 97.813183
vn 6.973527 -19.594729 97.813183
vn 6.973527 -19.594729 97.813183
vn 84.813898 39.828223 -34.933022
vn 84.813898 39.828223 -34.933022
vn 84.813898 39.828223 -34.933022
vn -44.722549 -49.545857 74.465440
vn -44.722549 -49.545857 74.465440
vn -44.722549 -49.545857 74.465440
vn 98.711090 6.955428 14.413315
vn 98.711090 6.955428 14.413315
vn 98.711090 6.955428 14.413315
vn -64.280214 72.375686 25.096106
vn -64.280214 72.375686 25.096106
vn -64.280214 72.375686 25.096106
vn -62.415316 -20.631207 75.357039
vn -62.415316 -20.631207 75.357039
vn -62.415316 -20.631207 75.357039
vn -45.568905 71.964654 -52.388579
vn -45.568905 71.964654 -52.388579
vn -45.568905 71.964654 -52.388579
vn 27.885724 37.654440 -88.343257
vn 27.885724 37.654440 -88.343257
vn 27.885724 37.654440 -88.343257
vn -29.046637 -8.067189 95.347860
vn -29.046637 -8.067189 95.347860
vn -29.046637 -8.067189 95.347860
vn -58.173420 39.581739 -71.057294
vn -58.173420 39.581739 -71.057294
vn -58.173420 39.581739 -71.057294
vn 75.666275 -60.883567 -23.828702
vn 75.666275 -60.883567 -23.828702
vn 75.666275 -60.883567 -23.828702
vn 39.709474 53.186391 -74.795494
vn 39.709474 53.186391 -74.795494
vn 39.709474 53.186391 -74.795494
vn 60.154813 64.948318 -46.509321
vn 60.154813 64.948318 -46.509321
vn 60.154813 64.948318 -46.509321
vn -37.675940 -16.724425 -91.108828
vn -37.675940 -16.724425 -91.108828
vn -37.675940 -16.724425 -91.108828
vn -25.517576 92.997314 -26.464213
vn -25.517576 92.997314 -26.464213
vn -25.517576 92.997314 -26.464213
vn -31.813538 3.731955 94.731051
vn -31.813538 3.731955 94.731051
vn -31.813538 3.731955 94.731051
vn -58.258186 9.687731 -80.697778
vn -58.258186 9.687731 -80.697778
vn -58.258186 9.687731 -80.697778
vn -87.926466 21.308749 42.601345
vn -87.926466 21.308749 42.601345
vn -87.926466 21.308749 42.601345
vn 93.167185 35.953385 5.218166
vn 93.167185 35.953385 5.218166
vn 93.167185 35.953385 5.218166
vn 57.925266 -11.545008 -80.693105
vn 57.925266 -11.545008 -80.693105
vn 57.925266 -11.545008 -80.693105
vn 87.175838 -48.034227 -9.648203
vn 87.175838 -48.034227 -9.648203
vn 87.175838 -48.034227 -9.648203
vn -19.340422 15.796704 -96.831885
vn -19.340422 15.796704 -96.831885
vn -19.340422 15.796704 -96.831885
vn 17.202679 8.375065 98.152573
vn 17.202679 8.375065 98.152573
vn 17.202679 8.375065 98.152573
vn 85.267058 22.477765 47.162259
vn 85.267058 22.477765 47.162259
vn 85.267058 22.477765 47.162259
vn 90.961705 -4.287384 -41.322961
vn 90.961705 -4.287384 -41.322961
vn 90.961705 -4.287384 -41.322961
vn 96.824950 3.467609 -24.756939
vn 96.824950 3.467609 -24.756939
vn 96.824950 3.467609 -24.756939
vn -51.763444 -3.394730 -85.492827
vn -51.763444 -3.394730 -85.492827
vn -51.763444 -3.394730 -85.492827
vn 16.718255 14.313544 -97.548052
vn 16.718255 14.313544 -97.548052
vn 16.718255 14.313544 -97.548052
vn 98.212004 -18.387075 -4.039714
vn 98.212004 -18.387075 -4.039714
vn 98.212004 -18.387075 -4.039714
vn -99.867024 -3.481390 -3.802386
vn -99.867024 -3.481390 -3.802386
vn -99.867024 -3.481390 -3.802386
vn 45.443346 -14.354482 -87.913882
vn 45.443346 -14.354482 -87.913882
vn 45.443346 -14.354482 -87.913882
vn 80.790768 -42.215687 -41.117986
vn 80.790768 -42.215687 -41.117986
vn 80.790768 -42.215687 -41.117986
vn -90.690070 34.171536 24.649927
vn -90.690070 34.171536 24.649927
vn -90.690070 34.171536 24.649927
vn 19.921353 -11.214295 97.351841
vn 19.921353 -11.214295 97.351841
vn 19.921353 -11.214295 97.351841
vn -92.451774 -9.646961 -36.872853
vn -92.451774 -9.646961 -36.872853
vn -92.451774 -9.646961 -36.872853
vn -71.911951 -26.694429 -64.156685
vn -71.911951 -26.694429 -64.156685
vn -71.911951 -26.694429 -64.156685
vn -1.340566 -82.702476 56.200562
vn -1.340566 -82.702476 56.200562
vn -1.340566 -82.702476 56.200562
vn 28.928056 -82.694524 48.216010
vn 28.928056 -82.694524 48.216010
vn 28.928056 -82.694524 48.216010
vn 97.750670 1.582941 -21.030949
vn 97.750670 1.582941 -21.030949
vn 97.750670 1.582941 -21.030949
vn 64.639288 -71.213009 27.394732
vn 64.639288 -71.213009 27.394732
vn 64.639288 -71.213009 27.394732
vn -81.371078 -55.195859 18.225441
vn -81.371078 -55.195859 18.225441
vn -81.371078 -55.195859 18.225441
vn -29.734035 -51.808624 80.198217
vn -29.734035 -51.808624 80.198217
vn -29.734035 -51.808624 80.198217
vn 29.387787 33.889503 89.374827
vn 29.387787 33.889503 89.374827
vn 29.387787 33.889503 89.374827
vn 85.961433 51.093904 -0.213126
vn 85.961433 51.093904 -0.213126
vn 85.961433 51.093904 -0.213126
vn 96.289128 10.185405 -24.993218
vn 96.289128 10.185405 -24.993218
vn 96.289128 10.185405 -24.993218
vn 95.053794 -11.258759 28.948520
vn 95.053794 -11.258759 28.948520
vn 95.053794 -11.258759 28.948520
vn -39.094671 -33.459552 -85.744188
vn -39.094671 -33.459552 -85.744188
vn -39.094671 -33.459552 -85.744188
vn 17.333602 -21.012945 96.218519
vn 17.333602 -21.012945 96.218519
vn 17.333602 -21.012945 96.218519
vn 8.327780 -99.273517 -8.684307
vn 8.327780 -99.273517 -8.684307
vn 8.327780 -99.273517 -8.684307
vn -78.397649 -42.542404 -45.210098
vn -78.397649 -42.542404 -45.210098
vn -78.397649 -42.542404 -45.210098
vn -63.032042 -73.948572 -23.634110
vn -63.032042 -73.948572 -23.634110
vn -63.032042 -73.948572 -23.634110
vn -50.277783 10.061500 85.854007
vn -50.277783 10.061500 85.854007
vn -50.277783 10.061500 85.854007
vn 77.932082 48.121912 -40.135668
vn 77.932082 48.121912 -40.135668
vn 77.932082 48.121912 -40.135668
vn -32.803254 -67.072326 66.522546
vn -32.803254 -67.072326 66.522546
vn -32.803254 -67.072326 66.522546
vn 96.842114 24.931942 0.069296
vn 96.842114 24.931942 0.069296
vn 96.842114 24.931942 0.069296
vn 29.155259 -60.705403 73.924465
vn 29.155259 -60.705403 73.924465
vn 29.155259 -60.705403 73.924465
vn -7.674371 2.037146 99.684273
vn -7.674371 2.037146 99.684273
vn -7.674371 2.037146 99.684273
vn 18.424294 -18.225890 96.583456
vn 18.424294 -18.225890 96.583456
vn 18.424294 -18.225890 96.583456
vn 89.057027 -29.045966 35.002553
vn 89.057027 -29.045966 35.002553
vn 89.057027 -29.045966 35.002553
vn -84.413187 -53.514419 3.259003
vn -84.413187 -53.514419 3.259003
vn -84.413187 -53.514419 3.259003
vn -72.987720 -22.029682 64.710790
vn -72.987720 -22.029682 64.710790
vn -72.987720 -22.029682 64.710790
vn -57.681307 -39.282618 71.622237
vn -57.681307 -39.282618 71.622237
vn -57.681307 -39.282618 71.622237
vn -54.763285 -8.536214 -83.235314
vn -54.763285 -8.536214 -83.235314
vn -54.763285 -8.536214 -83.235314
vn -49.964465 -0.590624 -86.621041
vn -49.964465 -0.590624 -86.621041
vn -49.964465 -0.590624 -86.621041
vn -97.443880 17.370090 14.246770
vn -97.443880 17.370090 14.246770
vn -97.443880 17.370090 14.246770
vn -79.816611 -38.285091 46.514089
vn -79.816611 -38.285091 46.514089
vn -79.816611 -38.285091 46.514089
vn -93.447730 -13.638454 -32.886391
vn -93.447730 -13.638454 -32.886391
vn -93.447730 -13.638454 -32.886391
vn 82.356259 -46.178632 -32.939057
vn 82.356259 -46.178632 -32.939057
vn 82.356259 -46.178632 -32.939057
vn 46.864499 81.976826 -32.916863
vn 46.864499 81.976826 -32.916863
vn 46.864499 81.976826 -32.916863
vn 22.933250 23.921572 -94.349483
vn 22.933250 23.921572 -94.349483
vn 22.933250 23.921572 -94.349483
vn -99.439378 -5.289964 -9.155714
vn -99.439378 -5.289964 -9.155714
vn -99.439378 -5.289964 -9.155714
vn -51.853150 75.310843 -40.491089
vn -51.853150 75.310843 -40.491089
vn -51.853150 75.310843 -40.491089
vn -96.619122 -16.755431 -19.595962
vn -96.619122 -16.755431 -19.595962
vn -96.619122 -16.755431 -19.595962
vn 52.943197 -60.789254 -59.175047
vn 52.943197 -60.789254 -59.175047
vn 52.943197 -60.789254 -59.175047
vn -96.299239 13.682837 23.221504
vn -96.299239 13.682837 23.221504
vn -96.299239 13.682837 23.221504
vn -46.141214 -27.782046 84.256435
vn -46.141214 -27.782046 84.256435
vn -46.141214 -27.782046 84.256435
vn -81.986033 32.788754 46.938135
vn -81.986033 32.788754 46.938135
vn -81.986033 32.788754 46.938135
vn -96.342535 24.381960 11.119176
vn -96.342535 24.381960 11.119176
vn -96.342535 24.381960 11.119176
vn 41.059762 11.845566 -90.408963
vn 41.059762 11.845566 -90.408963
vn 41.059762 11.845566 -90.408963
vn 87.022171 -36.187860 33.430250
vn 87.022171 -36.187860 33.430250
vn 87.022171 -36.187860 33.430250
vn 9.801152 36.622904 92.534861
vn 9.801152 36.622904 92.534861
vn 9.801152 36.622904 92.534861
vn -87.509048 -28.039108 -39.445861
vn -87.509048 -28.039108 -39.445861
vn -87.509048 -28.039108 -39.445861
vn 60.392462 -56.100009 -56.617485
vn 60.392462 -56.100009 -56.617485
vn 60.392462 -56.100009 -56.617485
vn -71.258664 -8.663235 -69.621498
vn -71.258664 -8.663235 -69.621498
vn -71.258664 -8.663235 -69.621498
vn 79.193517 12.634552 -59.739063
vn 79.193517 12.634552 -59.739063
vn 79.193517 12.634552 -59.739063
vn -88.742661 44.886394 -10.485878
vn -88.742661 44.886394 -10.485878
vn -88.742661 44.886394 -10.485878
vn -6.220320 -77.754228 62.574676
vn -6.220320 -77.754228 62.574676
vn -6.220320 -77.754228 62.574676
vn 49.524078 -8.360752 -86.472331
vn 49.524078 -8.360752 -86.472331
vn 49.524078 -8.360752 -86.472331
vn -51.433763 -11.246853 85.018103
vn -51.433763 -11.246853 85.018103
vn -51.433763 -11.246853 85.018103
vn 65.233543 -39.812626 64.494496
vn 65.233543 -39.812626 64.494496
vn 65.233543 -39.812626 64.494496
vn -50.457893 82.006943 -26.997455
vn -50.457893 82.006943 -26.997455
vn -50.457893 82.006943 -26.997455
vn -91.588436 -40.050185 -2.746429
vn -91.588436 -40.050185 -2.746429
vn -91.588436 -40.050185 -2.746429
vn -10.226704 -2.482427 -99.444731
vn -10.226704 -2.482427 -99.444731
vn -10.226704 -2.482427 -99.444731
vn -97.821190 -6.497124 -19.718074
vn -97.821190 -6.497124 -19.718074
vn -97.821190 -6.497124 -19.718074
vn 99.814404 5.786108 -1.899261
vn 99.814404 5.786108 -1.899261
vn 99.814404 5.786108 -1.899261
vn 65.900589 -6.439428 -74.937625
vn 65.900589 -6.439428 -74.937625
vn 65.900589 -6.439428 -74.937625
vn 41.081529 72.202485 55.669654
vn 41.081529 72.202485 55.669654
vn 41.081529 72.202485 55.669654
vn 96.133125 10.052349 -25.639298
vn 96.133125 10.052349 -25.639298
vn 96.133125 10.052349 -25.639298
vn -88.236107 -18.668215 -43.195939
vn -88.236107 -18.668215 -43.195939
vn -88.236107 -18.668215 -43.195939
vn 83.149554 16.572483 -53.023629
vn 83.149554 16.572483 -53.023629
vn 83.149554 16.572483 -53.023629
vn -82.981668 -48.816003 27.037772
vn -82.981668 -48.816003 27.037772
vn -82.981668 -48.816003 27.037772
vn -24.939299 -12.089499 -96.082649
vn -24.939299 -12.089499 -96.082649
vn -24.939299 -12.089499 -96.082649
vn -66.291686 -73.849892 12.312874
vn -66.291686 -73.849892 12.312874
vn -66.291686 -73.849892 12.312874
vn -3.124055 -84.327446 -53.657467
vn -3.124055 -84.327446 -53.657467
vn -3.124055 -84.327446 -53.657467
vn -60.136124 -79.794350 -4.063292
vn -60.136124 -79.794350 -4.063292
vn -60.136124 -79.794350 -4.063292
vn 89.075034 35.258472 -28.678886
vn 89.075034 35.258472 -28.678886
vn 89.075034 35.258472 -28.678886
vn 69.883985 -0.031027 71.527812
vn 69.883985 -0.031027 71.527812
vn 69.883985 -0.031027 71.527812
vn 97.735890 -16.686779 13.009593
vn 97.735890 -16.686779 13.009593
vn 97.735890 -16.686779 13.009593
vn 7.866514 -19.893319 -97.685075
vn 7.866514 -19.893319 -97.685075
vn 7.866514 -19.893319 -97.685075
vn -90.325329 40.552162 14.030631
vn -90.325329 40.552162 14.030631
vn -90.325329 40.552162 14.030631
vn 23.703749 3.234351 -97.096200
vn 23.703749 3.234351 -97.096200
vn 23.703749 3.234351 -97.096200
vn -49.246229 6.655733 86.778518
vn -49.246229 6.655733 86.778518
vn -49.246229 6.655733 86.778518
vn -32.218560 10.839816 -94.045004
vn -32.218560 10.839816 -94.045004
vn -32.218560 10.839816 -94.045004
vn 58.325538 -4.523163 -81.102856
vn 58.325538 -4.523163 -81.102856
vn 58.325538 -4.523163 -81.102856
vn -75.003697 -65.497762 -9.191844
vn -75.003697 -65.497762 -9.191844
vn -75.003697 -65.497762 -9.191844
vn -73.236750 -40.808553 54.507269
vn -73.236750 -40.808553 54.507269
vn -73.236750 -40.808553 54.507269
vn -94.870275 -17.648225 -26.233030
vn -94.870275 -17.648225 -26.233030
vn -94.870275 -17.648225 -26.233030
vn -99.904620 0.233410 4.360632
vn -99.904620 0.233410 4.360632
vn -99.904620 0.233410 4.360632
vn 32.879942 5.025354 -94.306186
vn 32.879942 5.025354 -94.306186
vn 32.879942 5.025354 -94.306186
vn 15.466299 88.342579 44.231009
vn 15.466299 88.342579 44.231009
vn 15.466299 88.342579 44.231009
vn 44.813571 71.888266 53.139652
vn 44.813571 71.888266 53.139652
vn 44.813571 71.888266 53.139652
vn 41.671569 -1.360679 -90.893515
vn 41.671569 -1.360679 -90.893515
vn 41.671569 -1.360679 -90.893515
vn -63.050353 -42.361977 -65.039339
vn -63.050353 -42.361977 -65.039339
vn -63.050353 -42.361977 -65.039339
vn 17.802856 95.000356 25.651339
vn 17.802856 95.000356 25.651339
vn 17.802856 95.000356 25.651339
vn 64.035151 -72.637273 -24.966509
vn 64.035151 -72.637273 -24.966509
vn 64.035151 -72.637273 -24.966509
vn -18.803235 -12.090686 97.469245
vn -18.803235 -12.090686 97.469245
vn -18.803235 -12.090686 97.469245
vn 94.164118 33.549070 2.752932
vn 94.164118 33.549070 2.752932
vn 94.164118 33.549070 2.752932
vn -16.531568 -18.893031 -96.797530
vn -16.531568 -18.893031 -96.797530
vn -16.531568 -18.893031 -96.797530
vn -64.092783 -31.869105 69.831775
vn -64.092783 -31.869105 69.831775
vn -64.092783 -31.869105 69.831775
vn 0.437925 8.188799 99.663196
vn 0.437925 8.188799 99.663196
vn 0.437925 8.188799 99.663196
vn -27.490638 -47.834254 -83.403536
vn -27.490638 -47.834254 -83.403536
vn -27.490638 -47.834254 -83.403536
vn -4.253470 -4.289309 99.817394
vn -4.253470 -4.289309 99.817394
vn -4.253470 -4.289309 99.817394
vn -58.987506 48.455501 -64.595200
vn -58.987506 48.455501 -64.595200
vn -58.987506 48.455501 -64.595200
vn -79.008092 56.995401 22.566523
vn -79.008092 56.995401 22.566523
vn -79.008092 56.995401 22.566523
vn 96.308579 -5.811190 26.284750
vn 96.308579 -5.811190 26.284750
vn 96.308579 -5.811190 26.284750
vn -93.931604 -10.950962 -32.510455
vn -93.931604 -10.950962 -32.510455
vn -93.931604 -10.950962 -32.510455
vn -14.615787 19.993517 -96.884665
vn -14.615787 19.993517 -96.884665
vn -14.615787 19.993517 -96.884665
vn 19.444902 -27.193957 94.246408
vn 19.444902 -27.193957 94.246408
vn 19.444902 -27.193957 94.246408
vn 98.454037 -9.852924 14.481827
vn 98.454037 -9.852924 14.481827
vn 98.454037 -9.852924 14.481827
vn 92.831241 10.615792 -35.632385
vn 92.831241 10.615792 -35.632385
vn 92.831241 10.615792 -35.632385
vn 5.449657 -7.085422 99.599700
vn 5.449657 -7.085422 99.599700
vn 5.449657 -7.085422 99.599700
vn 21.985125 41.216859 88.418470
vn 21.985125 41.216859 88.418470
vn 21.985125 41.216859 88.418470
vn 92.088893 37.580717 10.359849
vn 92.088893 37.580717 10.359849
vn 92.088893 37.580717 10.359849
vn -80.697444 -33.562806 48.594882
vn -80.697444 -33.562806 48.594882
vn -80.697444 -33.562806 48.594882
vn -48.934204 -53.681966 68.729116
vn -48.934204 -53.681966 68.729116
vn -48.934204 -53.681966 68.729116
vn 23.665669 -7.832153 96.843140
vn 23.665669 -7.832153 96.843140
vn 23.665669 -7.832153 96.843140
vn -24.464873 -35.152664 90.364597
vn -24.464873 -35.152664 90.364597
vn -24.464873 -35.152664 90.364597
vn -63.858985 3.550023 76.872798
vn -63.858985 3.550023 76.872798
vn -63.858985 3.550023 76.872798
vn -24.710486 11.343600 -96.232612
vn -24.710486 11.343600 -96.232612
vn -24.710486 11.343600 -96.232612
vn 72.275579 -11.678053 68.116558
vn 72.275579 -11.678053 68.116558
vn 72.275579 -11.678053 68.116558
vn 12.413449 -28.184156 95.139693
vn 12.413449 -28.184156 95.139693
vn 12.413449 -28.184156 95.139693
vn -21.155677 11.076352 -97.106909
vn -21.155677 11.076352 -97.106909
vn -21.155677 11.076352 -97.106909
vn -19.802409 75.048539 -63.052215
vn -19.802409 75.048539 -63.052215
vn -19.802409 75.048539 -63.052215
vn -12.054984 44.972756 88.499315
vn -12.054984 44.972756 88.499315
vn -12.054984 44.972756 88.499315
vn 41.557295 -34.485320 -84.165044
vn 41.557295 -34.485320 -84.165044
vn 41.557295 -34.485320 -84.165044
vn -76.542555 21.754503 60.563858
vn -76.542555 21.754503 60.563858
vn -76.542555 21.754503 60.563858
vn 96.792432 8.604965 23.604678
vn 96.792432 8.604965 23.604678
vn 96.792432 8.604965 23.604678
vn -69.879449 -12.800246 70.377674
vn -69.879449 -12.800246 70.377674
vn -69.879449 -12.800246 70.377674
vn 36.484553 -13.517186 92.120376
vn 36.484553 -13.517186 92.120376
vn 36.484553 -13.517186 92.120376
vn 2.712906 34.245931 -93.914090
vn 2.712906 34.245931 -93.914090
vn 2.712906 34.245931 -93.914090
vn -82.417672 30.994147 -47.399268
vn -82.417672 30.994147 -47.399268
vn -82.417672 30.994147 -47.399268
vn 98.546943 16.599322 -3.600649
vn 98.546943 16.599322 -3.600649
vn 98.546943 16.599322 -3.600649
vn -93.107504 5.386779 -36.082910
vn -93.107504 5.386779 -36.082910
vn -93.107504 5.386779 -36.082910
vn -45.982218 81.498693 -35.264697
vn -45.982218 81.498693 -35.264697
vn -45.982218 81.498693 -35.264697
vn 19.936351 16.591378 96.577788
vn 19.936351 16.591378 96.577788
vn 19.936351 16.591378 96.577788
vn -95.943109 -16.838135 -22.614104
vn -95.943109 -16.838135 -22.614104
vn -95.943109 -16.838135 -22.614104
vn 29.281751 -10.897583 94.993800
vn 29.281751 -10.897583 94.993800
vn 29.281751 -10.897583 94.993800
vn 55.860535 25.017912 -79.080380
vn 55.860535 25.017912 -79.080380
vn 55.860535 25.017912 -79.080380
vn 88.426769 -21.989184 -41.196874
vn 88.426769 -21.989184 -41.196874
vn 88.426769 -21.989184 -41.196874
vn 67.317314 23.297499 -70.182662
vn 67.317314 23.297499 -70.182662
vn 67.317314 23.297499 -70.182662
vn 71.976354 19.842745 -66.525724
vn 71.976354 19.842745 -66.525724
vn 71.976354 19.842745 -66.525724
vn -85.634511 -7.276867 -51.125121
vn -85.634511 -7.276867 -51.125121
vn -85.634511 -7.276867 -51.125121
vn 60.139766 -27.495536 75.014693
vn 60.139766 -27.495536 75.014693
vn 60.139766 -27.495536 75.014693
vn 76.770380 13.638908 -62.612214
vn 76.770380 13.638908 -62.612214
vn 76.770380 13.638908 -62.612214
vn -65.289290 -35.664274 -66.823409
vn -65.289290 -35.664274 -66.823409
vn -65.289290 -35.664274 -66.823409
vn 33.198144 -35.751283 87.291065
vn 33.198144 -35.751283 87.291065
vn 33.198144 -35.751283 87.291065
vn 62.619720 -37.771515 68.206186
vn 62.619720 -37.771515 68.206186
vn 62.619720 -37.771515 68.206186
vn -42.962279 -12.882823 89.377156
vn -42.962279 -12.882823 89.377156
vn -42.962279 -12.882823 89.377156
vn -52.140894 -19.399058 -83.096365
vn -52.140894 -19.399058 -83.096365
vn -52.140894 -19.399058 -83.096365
vn -78.935435 -60.655812 9.490496
vn -78.935435 -60.655812 9.490496
vn -78.935435 -60.655812 9.490496
vn -9.039819 18.140042 -97.924572
vn -9.039819 18.140042 -97.924572
vn -9.039819 18.140042 -97.924572
vn -17.724282 27.000651 94.640457
vn -17.724282 27.000651 94.640457
vn -17.724282 27.000651 94.640457
vn -93.164146 24.737503 26.617652
vn -93.164146 24.737503 26.617652
vn -93.164146 24.737503 26.617652
vn 98.884374 -9.186090 11.725897
vn 98.884374 -9.186090 11.725897
vn 98.884374 -9.186090 11.725897
vn -26.519986 -59.855580 75.590999
vn -26.519986 -59.855580 75.590999
vn -26.519986 -59.855580 75.590999
vn -44.315023 -14.885075 -88.400312
vn -44.315023 -14.885075 -88.400312
vn -44.315023 -14.885075 -88.400312
vn -32.531236 -21.425168 -92.101478
vn -32.531236 -21.425168 -92.101478
vn -32.531236 -21.425168 -92.101478
vn -59.284717 29.978951 74.743464
vn -59.284717 29.978951 74.743464
vn -59.284717 29.978951 74.743464
vn 97.873429 17.892109 -10.033154
vn 97.873429 17.892109 -10.033154
vn 97.873429 17.892109 -10.033154
vn 78.201290 44.443399 43.696007
vn 78.201290 44.443399 43.696007
vn 78.201290 44.443399 43.696007
vn 76.816869 -48.701992 41.560614
vn 76.816869 -48.701992 41.560614
vn 76.816869 -48.701992 41.560614
vn -66.903934 27.996406 68.848141
vn -66.903934 27.996406 68.848141
vn -66.903934 27.996406 68.848141
vn 67.037583 15.792412 72.502164
vn 67.037583 15.792412 72.502164
vn 67.037583 15.792412 72.502164
vn 48.288066 85.784459 17.586665
vn 48.288066 85.784459 17.586665
vn 48.288066 85.784459 17.586665
vn 81.165779 -48.893600 -31.961448
vn 81.165779 -48.893600 -31.961448
vn 81.165779 -48.893600 -31.961448
vn 9.558885 -97.514760 19.987523
vn 9.558885 -97.514760 19.987523
vn 9.558885 -97.514760 19.987523
vn -82.537604 49.656697 -26.865533
vn -82.537604 49.656697 -26.865533
vn -82.537604 49.656697 -26.865533
vn -97.040602 -18.592958 15.408549
vn -97.040602 -18.592958 15.408549
vn -97.040602 -18.592958 15.408549
vn -49.436550 -84.782620 19.181645
vn -49.436550 -84.782620 19.181645
vn -49.436550 -84.782620 19.181645
vn -82.220083 50.335007 -26.575278
vn -82.220083 50.335007 -26.575278
vn -82.220083 50.335007 -26.575278
vn -65.786993 -17.153303 73.333727
vn -65.786993 -17.153303 73.333727
vn -65.786993 -17.153303 73.333727
vn -76.259502 -30.879121 56.841611
vn -76.259502 -30.879121 56.841611
vn -76.259502 -30.879121 56.841611
vn 29.840896 84.013792 -45.290214
vn 29.840896 84.013792 -45.290214
vn 29.840896 84.013792 -45.290214
vn 36.795759 90.893741 19.606143
vn 36.795759 90.893741 19.606143
vn 36.795759 90.893741 19.606143
vn -34.596178 -10.825239 93.198287
vn -34.596178 -10.825239 93.198287
vn -34.596178 -10.825239 93.198287
vn 75.864266 -61.880931 -20.380506
vn 75.864266 -61.880931 -20.380506
vn 75.864266 -61.880931 -20.380506
vn -22.279913 -3.697293 97.416300
vn -22.279913 -3.697293 97.416300
vn -22.279913 -3.697293 97.416300
vn -71.090681 -21.351715 67.009108
vn -71.090681 -21.351715 67.009108
vn -71.090681 -21.351715 67.009108
vn 95.366081 29.507814 -5.882107
vn 95.366081 29.507814 -5.882107
vn 95.366081 29.507814 -5.882107
vn -93.031702 -22.449168 29.002393
vn -93.031702 -22.449168 29.002393
vn -93.031702 -22.449168 29.002393
vn 99.773530 -0.076717 -6.725861
vn 99.773530 -0.076717 -6.725861
vn 99.773530 -0.076717 -6.725861
vn 97.603927 11.233350 18.635626
vn 97.603927 11.233350 18.635626
vn 97.603927 11.233350 18.635626
vn -97.103516 23.213914 5.658756
vn -97.103516 23.213914 5.658756
vn -97.103516 23.213914 5.658756
vn -71.248401 -16.072415 68.303316
vn -71.248401 -16.072415 68.303316
vn -71.248401 -16.072415 68.303316
vn 98.993395 -3.173484 13.792684
vn 98.993395 -3.173484 13.792684
vn 98.993395 -3.173484 13.792684
vn -11.493792 71.162239 69.309658
vn -11.493792 71.162239 69.309658
vn -11.493792 71.162239 69.309658
vn -12.796649 -87.711673 46.291553
vn -12.796649 -87.711673 46.291553
vn -12.796649 -87.711673 46.291553
vn -89.328052 -4.316796 44.742203
vn -89.328052 -4.316796 44.742203
vn -89.328052 -4.316796 44.742203
vn -69.732369 32.926740 -63.664970
vn -69.732369 32.926740 -63.664970
vn -69.732369 32.926740 -63.664970
vn -89.619297 26.828151 -35.336004
vn -89.619297 26.828151 -35.336004
vn -89.619297 26.828151 -35.336004
vn 9.894693 67.279825 -73.317946
vn 9.894693 67.279825 -73.317946
vn 9.894693 67.279825 -73.317946
vn 29.382187 -10.534540 95.003748
vn 29.382187 -10.534540 95.003748
vn 29.382187 -10.534540 95.003748
vn 6.793821 18.782259 -97.985062
vn 6.793821 18.782259 -97.985062
vn 6.793821 18.782259 -97.985062
vn -59.033525 -27.366880 75.934831
vn -59.033525 -27.366880 75.934831
vn -59.033525 -27.366880 75.934831
vn -56.047102 13.510494 81.707948
vn -56.047102 13.510494 81.707948
vn -56.047102 13.510494 81.707948
vn 95.335569 20.450951 22.201066
vn 95.335569 20.450951 22.201066
vn 95.335569 20.450951 22.201066
vn 45.644326 26.087441 -85.064921
vn 45.644326 26.087441 -85.064921
vn 45.644326 26.087441 -85.064921
vn -88.407524 10.830825 45.462120
vn -88.407524 10.830825 45.462120
vn -88.407524 10.830825 45.462120
vn 57.225497 -40.660005 -71.218035
vn 57.225497 -40.660005 -71.218035
vn 57.225497 -40.660005 -71.218035
vn -82.177769 -3.797511 -56.854150
vn -82.177769 -3.797511 -56.854150
vn -82.177769 -3.797511 -56.854150
vn 16.470304 -21.014204 -96.369766
vn 16.470304 -21.014204 -96.369766
vn 16.470304 -21.014204 -96.369766
vn -59.629928 -38.953985 70.191604
vn -59.629928 -38.953985 70.191604
vn -59.629928 -38.953985 70.191604
vn 3.140036 -98.469203 17.145175
vn 3.140036 -98.469203 17.145175
vn 3.140036 -98.469203 17.145175
vn 93.158692 34.243268 12.200687
vn 93.158692 34.243268 12.200687
vn 93.158692 34.243268 12.200687
vn 34.474014 40.059981 -84.892524
vn 34.474014 40.059981 -84.892524
vn 34.474014 40.059981 -84.892524
vn 69.144492 70.096549 17.478967
vn 69.144492 70.096549 17.478967
vn 69.144492 70.096549 17.478967
vn -65.544483 46.101131 -59.821462
vn -65.544483 46.101131 -59.821462
vn -65.544483 46.101131 -59.821462
vn 35.777464 2.232598 -93.354114
vn 35.777464 2.232598 -93.354114
vn 35.777464 2.232598 -93.354114
vn -75.132900 -20.540729 -62.714651
vn -75.132900 -20.540729 -62.714651
vn -75.132900 -20.540729 -62.714651
vn -76.303780 -4.362995 64.487959
vn -76.303780 -4.362995 64.487959
vn -76.303780 -4.362995 64.487959
vn 21.267475 -18.063834 96.028083
vn 21.267475 -18.063834 96.028083
vn 21.267475 -18.063834 96.028083
vn -31.814175 11.423352 94.113577
vn -31.814175 11.423352 94.113577
vn -31.814175 11.423352 94.113577
vn 90.562050 8.003024 41.646927
vn 90.562050 8.003024 41.646927
vn 90.562050 8.003024 41.646927
vn 11.514353 19.054531 -97.490237
vn 11.514353 19.054531 -97.490237
vn 11.514353 19.054531 -97.490237
vn -68.237457 24.494842 68.874175
vn -68.237457 24.494842 68.874175
vn -68.237457 24.494842 68.874175
vn 20.255047 -36.801398 -90.749059
vn 20.255047 -36.801398 -90.749059
vn 20.255047 -36.801398 -90.749059
vn 57.024694 41.140772 -71.102895
vn 57.024694 41.140772 -71.102895
vn 57.024694 41.140772 -71.102895
vn 59.935270 62.116220 -50.490982
vn 59.935270 62.116220 -50.490982
vn 59.935270 62.116220 -50.490982
vn -98.319415 -6.997346 -16.862086
vn -98.319415 -6.997346 -16.862086
vn -98.319415 -6.997346 -16.862086
vn -27.689884 17.241951 -94.530342
vn -27.689884 17.241951 -94.530342
vn -27.689884 17.241951 -94.530342
vn -20.777653 4.025948 -97.734756
vn -20.777653 4.025948 -97.734756
vn -20.777653 4.025948 -97.734756
vn -42.049785 4.895686 90.597183
vn -42.049785 4.895686 90.597183
vn -42.049785 4.895686 90.597183
vn -21.606440 54.735488 80.852882
vn -21.606440 54.735488 80.852882
vn -21.606440 54.735488 80.852882
vn -2.442698 8.717468 99.589363
vn -2.442698 8.717468 99.589363
vn -2.442698 8.717468 99.589363
vn -72.497414 -24.589679 64.338744
vn -72.497414 -24.589679 64.338744
vn -72.497414 -24.589679 64.338744
vn 69.197716 8.058642 71.740748
vn 69.197716 8.058642 71.740748
vn 69.197716 8.058642 71.740748
vn 3.452272 -18.828176 -98.150811
vn 3.452272 -18.828176 -98.150811
vn 3.452272 -18.828176 -98.150811
vn -56.318181 -25.422625 -78.625408
vn -56.318181 -25.422625 -78.625408
vn -56.318181 -25.422625 -78.625408
vn 43.706782 -2.557553 -89.906493
vn 43.706782 -2.557553 -89.906493
vn 43.706782 -2.557553 -89.906493
vn -86.630212 -24.342008 43.619639
vn -86.630212 -24.342008 43.619639
vn -86.630212 -24.342008 43.619639
vn -64.761334 -40.673382 64.433273
vn -64.761334 -40.673382 64.433273
vn -64.761334 -40.673382 64.433273
vn 37.791859 22.819468 -89.727630
vn 37.791859 22.819468 -89.727630
vn 37.791859 22.819468 -89.727630
vn -99.755864 -0.774928 6.940327
vn -99.755864 -0.774928 6.940327
vn -99.755864 -0.774928 6.940327
vn -99.762226 6.819487 -0.996366
vn -99.762226 6.819487 -0.996366
vn -99.762226 6.819487 -0.996366
vn -94.920976 28.441822 13.456248
vn -94.920976 28.441822 13.456248
vn -94.920976 28.441822 13.456248
vn -37.937478 2.444298 92.492026
vn -37.937478 2.444298 92.492026
vn -37.937478 2.444298 92.492026
vn 74.614288 -48.099359 -46.034333
vn 74.614288 -48.099359 -46.034333
vn 74.614288 -48.099359 -46.034333
vn 39.536173 -30.462969 -86.653902
vn 39.536173 -30.462969 -86.653902
vn 39.536173 -30.462969 -86.653902
vn 56.363277 66.284134 49.290921
vn 56.363277 66.284134 49.290921
vn 56.363277 66.284134 49.290921
vn 65.614799 43.313278 61.795287
vn 65.614799 43.313278 61.795287
vn 65.614799 43.313278 61.795287
vn 52.281809 59.764543 -60.784972
vn 52.281809 59.764543 -60.784972
vn 52.281809 59.764543 -60.784972
vn -7.126903 -96.838381 23.906800
vn -7.126903 -96.838381 23.906800
vn -7.126903 -96.838381 23.906800
vn 74.319129 -64.651494 17.229397
vn 74.319129 -64.651494 17.229397
vn 74.319129 -64.651494 17.229397
vn 90.663375 13.169812 -40.083796
vn 90.663375 13.169812 -40.083796
vn 90.663375 13.169812 -40.083796
vn 51.786842 8.367439 85.135830
vn 51.786842 8.367439 85.135830
vn 51.786842 8.367439 85.135830
vn 79.960610 -26.713378 -53.783804
vn 79.960610 -26.713378 -53.783804
vn 79.960610 -26.713378 -53.783804
vn -39.206794 91.108971 -12.727255
vn -39.206794 91.108971 -12.727255
vn -39.206794 91.108971 -12.727255
vn 35.530419 -8.344609 -93.101861
vn 35.530419 -8.344609 -93.101861
vn 35.530419 -8.344609 -93.101861
vn -92.837284 -18.939663 -31.977013
vn -92.837284 -18.939663 -31.977013
vn -92.837284 -18.939663 -31.977013
vn 81.011245 -51.928638 -27.213874
vn 81.011245 -51.928638 -27.213874
vn 81.011245 -51.928638 -27.213874
vn 50.803626 -85.348274 11.604477
vn 50.803626 -85.348274 11.604477
vn 50.803626 -85.348274 11.604477
vn -48.866546 -49.744460 71.676699
vn -48.866546 -49.744460 71.676699
vn -48.866546 -49.744460 71.676699
vn -88.546867 -22.080952 40.888697
vn -88.546867 -22.080952 40.888697
vn -88.546867 -22.080952 40.888697
vn 72.738602 -44.671668 52.091644
vn 72.738602 -44.671668 52.091644
vn 72.738602 -44.671668 52.091644
vn -81.201257 -40.524730 42.001225
vn -81.201257 -40.524730 42.001225
vn -81.201257 -40.524730 42.001225
vn 9.313647 66.900799 -73.739674
vn 9.313647 66.900799 -73.739674
vn 9.313647 66.900799 -73.739674
vn 99.157312 12.935522 0.708092
vn 99.157312 12.935522 0.708092
vn 99.157312 12.935522 0.708092
vn -26.018585 40.989516 87.423639
vn -26.018585 40.989516 87.423639
vn -26.018585 40.989516 87.423639
vn 14.615149 35.668731 -92.272096
vn 14.615149 35.668731 -92.272096
vn 14.615149 35.668731 -92.272096
vn 53.857156 44.860436 71.322847
vn 53.857156 44.860436 71.322847
vn 53.857156 44.860436 71.322847
vn 51.415506 16.103249 -84.244470
vn 51.415506 16.103249 -84.244470
vn 51.415506 16.103249 -84.244470
vn 35.302132 -25.472307 90.027345
vn 35.302132 -25.472307 90.027345
vn 35.302132 -25.472307 90.027345
vn -81.150321 -52.498223 25.662470
vn -81.150321 -52.498223 25.662470
vn -81.150321 -52.498223 25.662470
vn 89.456927 38.082185 23.392425
vn 89.456927 38.082185 23.392425
vn 89.456927 38.082185 23.392425
vn 67.466395 -43.766701 59.437056
vn 67.466395 -43.766701 59.437056
vn 67.466395 -43.766701 59.437056
vn -66.280892 20.631544 -71.980441
vn -66.280892 20.631544 -71.980441
vn -66.280892 20.631544 -71.980441
vn -11.547436 20.040120 -97.288494
vn -11.547436 20.040120 -97.288494
vn -11.547436 20.040120 -97.288494
vn -88.571186 -36.411160 -28.798848
vn -88.571186 -36.411160 -28.798848
vn -88.571186 -36.411160 -28.798848
vn -93.998053 5.758468 33.633403
vn -93.998053 5.758468 33.633403
vn -93.998053 5.758468 33.633403
vn 48.914708 24.197978 83.796239
vn 48.914708 24.197978 83.796239
vn 48.914708 24.197978 83.796239
vn -28.537509 69.847647 -65.627105
vn -28.537509 69.847647 -65.627105
vn -28.537509 69.847647 -65.627105
vn 30.316104 65.270579 -69.431156
vn 30.316104 65.270579 -69.431156
vn 30.316104 65.270579 -69.431156
vn -53.506490 -15.892182 -82.972858
vn -53.506490 -15.892182 -82.972858
vn -53.506490 -15.892182 -82.972858
vn -91.534180 19.320824 35.329859
vn -91.534180 19.320824 35.329859
vn -91.534180 19.320824 35.329859
vn 5.781745 34.278094 93.763452
vn 5.781745 34.278094 93.763452
vn 5.781745 34.278094 93.763452
vn -99.645122 -2.060518 8.161079
vn -99.645122 -2.060518 8.161079
vn -99.645122 -2.060518 8.161079
vn 92.666660 13.730304 34.990988
vn 92.666660 13.730304 34.990988
vn 92.666660 13.730304 34.990988
vn 88.547374 18.185458 -42.762735
vn 88.547374 18.185458 -42.762735
vn 88.547374 18.185458 -42.762735
vn -73.505025 23.454872 -63.615095
vn -73.505025 23.454872 -63.615095
vn -73.505025 23.454872 -63.615095
vn 98.407503 -5.271428 16.975795
vn 98.407503 -5.271428 16.975795
vn 98.407503 -5.271428 16.975795
vn -10.060962 -24.987849 96.303614
vn -10.060962 -24.987849 96.303614
vn -10.060962 -24.987849 96.303614
vn 39.012366 -87.464098 -28.776168
vn 39.012366 -87.464098 -28.776168
vn 39.012366 -87.464098 -28.776168
vn -95.677558 26.996105 10.817402
vn -95.677558 26.996105 10.817402
vn -95.677558 26.996105 10.817402
vn -41.507157 -34.001710 84.386264
vn -41.507157 -34.001710 84.386264
vn -41.507157 -34.001710 84.386264
vn 91.667037 -16.615714 -36.346572
vn 91.667037 -16.615714 -36.346572
vn 91.667037 -16.615714 -36.346572
vn 67.657335 72.912377 -10.308773
vn 67.657335 72.912377 -10.308773
vn 67.657335 72.912377 -10.308773
vn -46.429614 31.842662 82.645858
vn -46.429614 31.842662 82.645858
vn -46.429614 31.842662 82.645858
vn -43.008259 -5.556177 90.107824
vn -43.008259 -5.556177 90.107824
vn -43.008259 -5.556177 90.107824
vn -17.439236 -7.306881 98.196141
vn -17.439236 -7.306881 98.196141
vn -17.439236 -7.306881 98.196141
vn 2.571760 10.176621 99.447593
vn 2.571760 10.176621 99.447593
vn 2.571760 10.176621 99.447593
vn -51.052489 12.986211 -85.000009
vn -51.052489 12.986211 -85.000009
vn -51.052489 12.986211 -85.000009
vn 65.089288 -12.627928 -74.859343
vn 65.089288 -12.627928 -74.859343
vn 65.089288 -12.627928 -74.859343
vn 16.756461 15.707231 -97.326794
vn 16.756461 15.707231 -97.326794
vn 16.756461 15.707231 -97.326794
vn 24.283805 19.894211 -94.944810
vn 24.283805 19.894211 -94.944810
vn 24.283805 19.894211 -94.944810
vn 8.794300 25.189423 96.375065
vn 8.794300 25.189423 96.375065
vn 8.794300 25.189423 96.375065
vn -97.011828 20.812645 12.471553
vn -97.011828 20.812645 12.471553
vn -97.011828 20.812645 12.471553
vn 12.376536 14.391048 -98.182080
vn 12.376536 14.391048 -98.182080
vn 12.376536 14.391048 -98.182080
vn -46.565323 -40.425586 78.723852
vn -46.565323 -40.425586 78.723852
vn -46.565323 -40.425586 78.723852
vn -44.445896 -8.539123 89.172014
vn -44.445896 -8.539123 89.172014
vn -44.445896 -8.539123 89.172014
vn 73.311593 -12.366722 66.876574
vn 73.311593 -12.366722 66.876574
vn 73.311593 -12.366722 66.876574
vn 83.015930 8.275150 55.135097
vn 83.015930 8.275150 55.135097
vn 83.015930 8.275150 55.135097
vn -86.859914 -38.016260 31.782380
vn -86.859914 -38.016260 31.782380
vn -86.859914 -38.016260 31.782380
vn 95.320414 0.365242 -30.230533
vn 95.320414 0.365242 -30.230533
vn 95.320414 0.365242 -30.230533
vn -86.636613 -15.085059 -47.608172
vn -86.636613 -15.085059 -47.608172
vn -86.636613 -15.085059 -47.608172
vn -91.258547 36.599039 18.231557
vn -91.258547 36.599039 18.231557
vn -91.258547 36.599039 18.231557
vn -64.375529 -50.183488 57.770313
vn -64.375529 -50.183488 57.770313
vn -64.375529 -50.183488 57.770313
vn -8.644684 -38.271444 -91.981344
vn -8.644684 -38.271444 -91.981344
vn -8.644684 -38.271444 -91.981344
vn -43.306120 -0.509469 -90.135019
vn -43.306120 -0.509469 -90.135019
vn -43.306120 -0.509469 -90.135019
vn 63.176083 -77.095734 -8.064243
vn 63.176083 -77.095734 -8.064243
vn 63.176083 -77.095734 -8.064243
vn -13.214232 -9.315830 98.684348
vn -13.214232 -9.315830 98.684348
vn -13.214232 -9.315830 98.684348
vn 68.998186 -6.997001 -72.043700
vn 68.998186 -6.997001 -72.043700
vn 68.998186 -6.997001 -72.043700
vn 39.224410 -15.131458 -90.733037
vn 39.224410 -15.131458 -90.733037
vn 39.224410 -15.131458 -90.733037
vn 0.805186 -4.395110 -99.900123
vn 0.805186 -4.395110 -99.900123
vn 0.805186 -4.395110 -99.900123
vn -84.908812 -9.154383 -52.025865
vn -84.908812 -9.154383 -52.025865
vn -84.908812 -9.154383 -52.025865
vn -33.806458 22.220415 91.451497
vn -33.806458 22.220415 91.451497
vn -33.806458 22.220415 91.451497
vn 65.639976 -28.074730 -70.022888
vn 65.639976 -28.074730 -70.022888
vn 65.639976 -28.074730 -70.022888
vn 45.690097 84.926023 -26.457269
vn 45.690097 84.926023 -26.457269
vn 45.690097 84.926023 -26.457269
vn 86.427240 22.621756 -44.928712
vn 86.427240 22.621756 -44.928712
vn 86.427240 22.621756 -44.928712
vn 61.122523 -2.913360 -79.092044
vn 61.122523 -2.913360 -79.092044
vn 61.122523 -2.913360 -79.092044
vn 96.068448 -11.424559 -25.304836
vn 96.068448 -11.424559 -25.304836
vn 96.068448 -11.424559 -25.304836
vn -95.656918 24.569109 15.688002
vn -95.656918 24.569109 15.688002
vn -95.656918 24.569109 15.688002
vn 98.128597 7.603240 17.690965
vn 98.128597 7.603240 17.690965
vn 98.128597 7.603240 17.690965
vn 61.854219 17.461954 -76.610285
vn 61.854219 17.461954 -76.610285
vn 61.854219 17.461954 -76.610285
vn -67.755894 -28.538056 -67.784346
vn -67.755894 -28.538056 -67.784346
vn -67.755894 -28.538056 -67.784346
vn 92.165263 9.110102 37.717004
vn 92.165263 9.110102 37.717004
vn 92.165263 9.110102 37.717004
vn -4.294423 29.052952 -95.590192
vn -4.294423 29.052952 -95.590192
vn -4.294423 29.052952 -95.590192
vn 72.265494 -69.115794 -0.840602
vn 72.265494 -69.115794 -0.840602
vn 72.265494 -69.115794 -0.840602
vn 54.364734 -29.607945 -78.535630
vn 54.364734 -29.607945 -78.535630
vn 54.364734 -29.607945 -78.535630
vn 10.135141 59.109956 80.020571
vn 10.135141 59.109956 80.020571
vn 10.135141 59.109956 80.020571
vn -77.142181 -52.209444 36.376610
vn -77.142181 -52.209444 36.376610
vn -77.142181 -52.209444 36.376610
vn -99.189975 6.951613 -10.631320
vn -99.189975 6.951613 -10.631320
vn -99.189975 6.951613 -10.631320
vn -96.413349 -19.057231 18.473975
vn -96.413349 -19.057231 18.473975
vn -96.413349 -19.057231 18.473975
vn 3.959296 43.395325 -90.006506
vn 3.959296 43.395325 -90.006506
vn 3.959296 43.395325 -90.006506
vn 99.188921 -1.239731 12.650012
vn 99.188921 -1.239731 12.650012
vn 99.188921 -1.239731 12.650012
vn -72.726231 -7.201562 68.257126
vn -72.726231 -7.201562 68.257126
vn -72.726231 -7.201562 68.257126
vn 13.995061 -9.231781 98.584549
vn 13.995061 -9.231781 98.584549
vn 13.995061 -9.231781 98.584549
vn 56.513726 30.446637 -76.675957
vn 56.513726 30.446637 -76.675957
vn 56.513726 30.446637 -76.675957
vn -63.353526 16.538587 75.583111
vn -63.353526 16.538587 75.583111
vn -63.353526 16.538587 75.583111
vn 57.806557 77.700043 -24.921982
vn 57.806557 77.700043 -24.921982
vn 57.806557 77.700043 -24.921982
vn 61.143124 50.537743 -60.888888
vn 61.143124 50.537743 -60.888888
vn 61.143124 50.537743 -60.888888
vn -26.897067 -21.025310 93.991940
vn -26.897067 -21.025310 93.991940
vn -26.897067 -21.025310 93.991940
vn -59.325081 -44.009724 -67.406830
vn -59.325081 -44.009724 -67.406830
vn -59.325081 -44.009724 -67.406830
vn -83.404795 31.912089 -45.002890
vn -83.404795 31.912089 -45.002890
vn -83.404795 31.912089 -45.002890
vn -4.514287 -88.086349 47.121299
vn -4.514287 -88.086349 47.121299
vn -4.514287 -88.086349 47.121299
vn -84.343278 -11.842261 52.402026
vn -84.343278 -11.842261 52.402026
vn -84.343278 -11.842261 52.402026
vn 94.121248 -11.765507 -31.666460
vn 94.121248 -11.765507 -31.666460
vn 94.121248 -11.765507 -31.666460
vn -76.690262 8.696975 -63.584343
vn -76.690262 8.696975 -63.584343
vn -76.690262 8.696975 -63.584343
vn -86.886105 -20.482281 45.069736
vn -86.886105 -20.482281 45.069736
vn -86.886105 -20.482281 45.069736
vn 20.963308 -16.599653 96.358670
vn 20.963308 -16.599653 96.358670
vn 20.963308 -16.599653 96.358670
vn -44.417435 18.557264 87.651125
vn -44.417435 18.557264 87.651125
vn -44.417435 18.557264 87.651125
vn 91.959124 17.286400 -35.280318
vn 91.959124 17.286400 -35.280318
vn 91.959124 17.286400 -35.280318
vn -90.239070 -6.737361 -42.561961
vn -90.239070 -6.737361 -42.561961
vn -90.239070 -6.737361 -42.561961
vn -59.036315 68.910509 -42.024469
vn -59.036315 68.910509 -42.024469
vn -59.036315 68.910509 -42.024469
vn 79.551732 -20.075589 -57.170734
vn 79.551732 -20.075589 -57.170734
vn 79.551732 -20.075589 -57.170734
vn 41.584759 -27.303184 86.748172
vn 41.584759 -27.303184 86.748172
vn 41.584759 -27.303184 86.748172
vn -8.787941 -5.913194 -99.437454
vn -8.787941 -5.913194 -99.437454
vn -8.787941 -5.913194 -99.437454
vn 85.523854 -20.770620 47.478977
vn 85.523854 -20.770620 47.478977
vn 85.523854 -20.770620 47.478977
vn -52.858432 -24.676991 -81.222125
vn -52.858432 -24.676991 -81.222125
vn -52.858432 -24.676991 -81.222125
vn 58.445649 14.780039 -79.785068
vn 58.445649 14.780039 -79.785068
vn 58.445649 14.780039 -79.785068
vn 39.576964 -31.509230 86.260269
vn 39.576964 -31.509230 86.260269
vn 39.576964 -31.509230 86.260269
vn -71.797303 -45.764159 -52.447974
vn -71.797303 -45.764159 -52.447974
vn -71.797303 -45.764159 -52.447974
vn 13.616822 60.383945 78.538925
vn 13.616822 60.383945 78.538925
vn 13.616822 60.383945 78.538925
vn -21.790507 20.647417 -95.387938
vn -21.790507 20.647417 -95.387938
vn -21.790507 20.647417 -95.387938
vn 11.844075 -11.073862 98.676693
vn 11.844075 -11.073862 98.676693
vn 11.844075 -11.073862 98.676693
vn 59.696843 -30.421707 -74.234815
vn 59.696843 -30.421707 -74.234815
vn 59.696843 -30.421707 -74.234815
vn -68.921788 -35.085344 63.394062
vn -68.921788 -35.085344 63.394062
vn -68.921788 -35.085344 63.394062
vn -70.278068 10.556574 -70.353068
vn -70.278068 10.556574 -70.353068
vn -70.278068 10.556574 -70.353068
vn -68.937599 -68.132070 -24.609537
vn -68.937599 -68.132070 -24.609537
vn -68.937599 -68.132070 -24.609537
vn -7.043128 17.491111 -98.206183
vn -7.043128 17.491111 -98.206183
vn -7.043128 17.491111 -98.206183
vn 14.515409 9.542543 -98.479659
vn 14.515409 9.542543 -98.479659
vn 14.515409 9.542543 -98.479659
vn 88.865878 -24.075455 -39.028567
vn 88.865878 -24.075455 -39.028567
vn 88.865878 -24.075455 -39.028567
vn 36.819515 4.895330 92.845894
vn 36.819515 4.895330 92.845894
vn 36.819515 4.895330 92.845894
vn -96.931919 11.738252 -21.596686
vn -96.931919 11.738252 -21.596686
vn -96.931919 11.738252 -21.596686
vn 89.082075 42.924975 14.894019
vn 89.082075 42.924975 14.894019
vn 89.082075 42.924975 14.894019
vn 38.285108 -56.795968 -72.859243
vn 38.285108 -56.795968 -72.859243
vn 38.285108 -56.795968 -72.859243
vn -47.497932 54.481050 69.106902
vn -47.497932 54.481050 69.106902
vn -47.497932 54.481050 69.106902
vn 91.168639 6.316191 -40.600319
vn 91.168639 6.316191 -40.600319
vn 91.168639 6.316191 -40.600319
vn 58.026370 2.163733 -81.414118
vn 58.026370 2.163733 -81.414118
vn 58.026370 2.163733 -81.414118
vn -4.187790 -16.553934 -98.531368
vn -4.187790 -16.553934 -98.531368
vn -4.187790 -16.553934 -98.531368
vn 40.874472 88.620260 -21.811160
vn 40.874472 88.620260 -21.811160
vn 40.874472 88.620260 -21.811160
vn 82.772114 35.087624 -43.790822
vn 82.772114 35.087624 -43.790822
vn 82.772114 35.087624 -43.790822
vn 21.402509 -6.393493 97.473362
vn 21.402509 -6.393493 97.473362
vn 21.402509 -6.393493 97.473362
vn 99.935743 -3.567666 0.345625
vn 99.935743 -3.567666 0.345625
vn 99.935743 -3.567666 0.345625
vn 40.951894 -25.467245 -87.603448
vn 40.951894 -25.467245 -87.603448
vn 40.951894 -25.467245 -87.603448
vn 3.441509 97.696379 -21.061218
vn 3.441509 97.696379 -21.061218
vn 3.441509 97.696379 -21.061218
vn 78.591796 53.195270 -31.521347
vn 78.591796 53.195270 -31.521347
vn 78.591796 53.195270 -31.521347
vn 92.424005 0.461376 -38.178399
vn 92.424005 0.461376 -38.178399
vn 92.424005 0.461376 -38.178399
vn 93.204918 20.717418 -29.725951
vn 93.204918 20.717418 -29.725951
vn 93.204918 20.717418 -29.725951
vn -94.936468 30.016655 -9.277317
vn -94.936468 30.016655 -9.277317
vn -94.936468 30.016655 -9.277317
vn 87.842471 -8.431152 47.038481
vn 87.842471 -8.431152 47.038481
vn 87.842471 -8.431152 47.038481
vn 7.436476 -95.354859 29.191622
vn 7.436476 -95.354859 29.191622
vn 7.436476 -95.354859 29.191622
vn -4.825933 8.330461 -99.535498
vn -4.825933 8.330461 -99.535498
vn -4.825933 8.330461 -99.535498
vn -94.528293 32.613731 -0.863970
vn -94.528293 32.613731 -0.863970
vn -94.528293 32.613731 -0.863970
vn 63.055159 9.599517 77.018813
vn 63.055159 9.599517 77.018813
vn 63.055159 9.599517 77.018813
vn 96.788413 -18.145601 -17.399442
vn 96.788413 -18.145601 -17.399442
vn 96.788413 -18.145601 -17.399442
vn 88.971994 14.955874 43.131261
vn 88.971994 14.955874 43.131261
vn 88.971994 14.955874 43.131261
vn -88.886644 -30.039587 34.594625
vn -88.886644 -30.039587 34.594625
vn -88.886644 -30.039587 34.594625
vn -56.324886 7.121242 82.321303
vn -56.324886 7.121242 82.321303
vn -56.324886 7.121242 82.321303
vn -73.462140 -42.714359 -52.714317
vn -73.462140 -42.714359 -52.714317
vn -73.462140 -42.714359 -52.714317
vn -72.812187 -22.292349 -64.818498
vn -72.812187 -22.292349 -64.818498
vn -72.812187 -22.292349 -64.818498
vn -11.443806 -2.970327 -99.298629
vn -11.443806 -2.970327 -99.298629
vn -11.443806 -2.970327 -99.298629
vn -98.139747 -17.848838 -7.071737
vn -98.139747 -17.848838 -7.071737
vn -98.139747 -17.848838 -7.071737
vn -22.842132 -11.561537 96.667309
vn -22.842132 -11.561537 96.667309
vn -22.842132 -11.561537 96.667309
vn 77.323793 29.467254 56.149033
vn 77.323793 29.467254 56.149033
vn 77.323793 29.467254 56.149033
vn 34.124325 19.509783 -91.950531
vn 34.124325 19.509783 -91.950531
vn 34.124325 19.509783 -91.950531
vn 66.360882 74.754084 2.839131
vn 66.360882 74.754084 2.839131
vn 66.360882 74.754084 2.839131
vn -29.742984 19.206964 93.522443
vn -29.742984 19.206964 93.522443
vn -29.742984 19.206964 93.522443
vn -39.757415 32.350591 85.864946
vn -39.757415 32.350591 85.864946
vn -39.757415 32.350591 85.864946
vn 64.403205 46.654470 -60.626626
vn 64.403205 46.654470 -60.626626
vn 64.403205 46.654470 -60.626626
vn 36.740472 -15.562115 -91.694920
vn 36.740472 -15.562115 -91.694920
vn 36.740472 -15.562115 -91.694920
vn -70.322716 -8.909492 70.536074
vn -70.322716 -8.909492 70.536074
vn -70.322716 -8.909492 70.536074
vn -3.413956 12.307283 -99.181024
vn -3.413956 12.307283 -99.181024
vn -3.413956 12.307283 -99.181024
vn -15.518846 79.081294 59.205709
vn -15.518846 79.081294 59.205709
vn -15.518846 79.081294 59.205709
vn 63.605164 -2.760086 -77.115272
vn 63.605164 -2.760086 -77.115272
vn 63.605164 -2.760086 -77.115272
vn 13.733676 16.482131 -97.671518
vn 13.733676 16.482131 -97.671518
vn 13.733676 16.482131 -97.671518
vn -5.747478 -39.264923 -91.789064
vn -5.747478 -39.264923 -91.789064
vn -5.747478 -39.264923 -91.789064
vn -84.560862 -43.925882 30.331164
vn -84.560862 -43.925882 30.331164
vn -84.560862 -43.925882 30.331164
vn 99.352454 6.062317 9.609284
vn 99.352454 6.062317 9.609284
vn 99.352454 6.062317 9.609284
vn 93.612156 12.072857 33.030459
vn 93.612156 12.072857 33.030459
vn 93.612156 12.072857 33.030459
vn 68.786045 -49.362478 53.214900
vn 68.786045 -49.362478 53.214900
vn 68.786045 -49.362478 53.214900
vn 90.919746 -14.878717 -38.887327
vn 90.919746 -14.878717 -38.887327
vn 90.919746 -14.878717 -38.887327
vn -91.058025 -3.997913 -41.139439
vn -91.058025 -3.997913 -41.139439
vn -91.058025 -3.997913 -41.139439
vn 51.692761 26.854530 81.281575
vn 51.692761 26.854530 81.281575
vn 51.692761 26.854530 81.281575
vn 61.220020 59.307148 -52.295053
vn 61.220020 59.307148 -52.295053
vn 61.220020 59.307148 -52.295053
vn -50.570051 -44.490965 73.913636
vn -50.570051 -44.490965 73.913636
vn -50.570051 -44.490965 73.913636
vn 83.063954 -41.304657 -37.340386
vn 83.063954 -41.304657 -37.340386
vn 83.063954 -41.304657 -37.340386
vn -22.233801 20.413925 95.335880
vn -22.233801 20.413925 95.335880
vn -22.233801 20.413925 95.335880
vn -51.250498 -2.698434 -85.826021
vn -51.250498 -2.698434 -85.826021
vn -51.250498 -2.698434 -85.826021
vn -75.866775 63.437783 -14.828385
vn -75.866775 63.437783 -14.828385
vn -75.866775 63.437783 -14.828385
vn -68.023588 -66.827432 30.114555
vn -68.023588 -66.827432 30.114555
vn -68.023588 -66.827432 30.114555
vn -8.479514 -44.744737 89.028120
vn -8.479514 -44.744737 89.028120
vn -8.479514 -44.744737 89.028120
vn -95.116724 -30.761617 -2.556136
vn -95.116724 -30.761617 -2.556136
vn -95.116724 -30.761617 -2.556136
vn 15.227365 -18.843392 -97.020907
vn 15.227365 -18.843392 -97.020907
vn 15.227365 -18.843392 -97.020907
vn 41.992054 2.541853 -90.720489
vn 41.992054 2.541853 -90.720489
vn 41.992054 2.541853 -90.720489
vn 98.055908 -10.078880 -16.836172
vn 98.055908 -10.078880 -16.836172
vn 98.055908 -10.078880 -16.836172
vn -27.347752 -27.164961 92.272235
vn -27.347752 -27.164961 92.272235
vn -27.347752 -27.164961 92.272235
vn -42.923068 -60.584855 -66.985710
vn -42.923068 -60.584855 -66.985710
vn -42.923068 -60.584855 -66.985710
vn -5.834315 -49.725004 86.564340
vn -5.834315 -49.725004 86.564340
vn -5.834315 -49.725004 86.564340
vn -61.030255 -9.220433 78.678416
vn -61.030255 -9.220433 78.678416
vn -61.030255 -9.220433 78.678416
vn -35.914995 -86.592082 -34.812725
vn -35.914995 -86.592082 -34.812725
vn -35.914995 -86.592082 -34.812725
vn -43.647360 -85.817142 -27.024565
vn -43.647360 -85.817142 -27.024565
vn -43.647360 -85.817142 -27.024565
vn -65.954945 26.780445 70.233575
vn -65.954945 26.780445 70.233575
vn -65.954945 26.780445 70.233575
vn 59.734757 44.974999 -66.400361
vn 59.734757 44.974999 -66.400361
vn 59.734757 44.974999 -66.400361
vn 1.019124 20.749957 -97.818206
vn 1.019124 20.749957 -97.818206
vn 1.019124 20.749957 -97.818206
vn 54.681897 62.563071 -55.639486
vn 54.681897 62.563071 -55.639486
vn 54.681897 62.563071 -55.639486
vn 16.751459 98.213736 8.570386
vn 16.751459 98.213736 8.570386
vn 16.751459 98.213736 8.570386
vn 76.561192 62.986700 -13.078996
vn 76.561192 62.986700 -13.078996
vn 76.561192 62.986700 -13.078996
vn -8.200604 -19.904906 97.655242
vn -8.200604 -19.904906 97.655242
vn -8.200604 -19.904906 97.655242
vn 99.914453 3.527909 -2.158167
vn 99.914453 3.527909 -2.158167
vn 99.914453 3.527909 -2.158167
vn -73.176349 -19.384355 65.341187
vn -73.176349 -19.384355 65.341187
vn -73.176349 -19.384355 65.341187
vn 86.183154 33.744168 -37.865491
vn 86.183154 33.744168 -37.865491
vn 86.183154 33.744168 -37.865491
vn -21.464045 -17.820509 96.029808
vn -21.464045 -17.820509 96.029808
vn -21.464045 -17.820509 96.029808
vn 44.865132 -5.679246 89.190069
vn 44.865132 -5.679246 89.190069
vn 44.865132 -5.679246 89.190069
vn -74.284064 21.658262 63.346654
vn -74.284064 21.658262 63.346654
vn -74.284064 21.658262 63.346654
vn 90.384534 16.195958 39.602120
vn 90.384534 16.195958 39.602120
vn 90.384534 16.195958 39.602120
vn -75.462468 -18.411031 -62.979757
vn -75.462468 -18.411031 -62.979757
vn -75.462468 -18.411031 -62.979757
vn -83.164666 -30.738333 -46.247099
vn -83.164666 -30.738333 -46.247099
vn -83.164666 -30.738333 -46.247099
vn -94.326793 -22.330955 -24.572052
vn -94.326793 -22.330955 -24.572052
vn -94.326793 -22.330955 -24.572052
vn -67.524007 -0.148537 73.759667
vn -67.524007 -0.148537 73.759667
vn -67.524007 -0.148537 73.759667
vn 23.171845 18.053752 -95.588323
vn 23.171845 18.053752 -95.588323
vn 23.171845 18.053752 -95.588323
vn -92.194651 -13.028506 -36.474720
vn -92.194651 -13.028506 -36.474720
vn -92.194651 -13.028506 -36.474720
vn 60.541838 -27.888551 74.544726
vn 60.541838 -27.888551 74.544726
vn 60.541838 -27.888551 74.544726
vn 75.149758 -62.632486 -20.728863
vn 75.149758 -62.632486 -20.728863
vn 75.149758 -62.632486 -20.728863
vn -46.908675 -10.264325 -87.716703
vn -46.908675 -10.264325 -87.716703
vn -46.908675 -10.264325 -87.716703
vn -41.929412 -17.062191 -89.167301
vn -41.929412 -17.062191 -89.167301
vn -41.929412 -17.062191 -89.167301
vn -10.977438 -75.219272 -64.973515
vn -10.977438 -75.219272 -64.973515
vn -10.977438 -75.219272 -64.973515
vn 15.677231 88.354750 44.132351
vn 15.677231 88.354750 44.132351
vn 15.677231 88.354750 44.132351
vn 2.341222 -99.972141 0.300658
vn 2.341222 -99.972141 0.300658
vn 2.341222 -99.972141 0.300658
vn -1.120124 8.601806 -99.623070
vn -1.120124 8.601806 -99.623070
vn -1.120124 8.601806 -99.623070
vn -4.963593 -10.314188 99.342744
vn -4.963593 -10.314188 99.342744
vn -4.963593 -10.314188 99.342744
vn 33.163011 26.407787 -90.569555
vn 33.163011 26.407787 -90.569555
vn 33.163011 26.407787 -90.569555
vn 5.568839 -99.671853 5.874565
vn 5.568839 -99.671853 5.874565
vn 5.568839 -99.671853 5.874565
vn -6.757471 -5.572789 -99.615669
vn -6.757471 -5.572789 -99.615669
vn -6.757471 -5.572789 -99.615669
vn -49.236902 -86.786894 -6.615464
vn -49.236902 -86.786894 -6.615464
vn -49.236902 -86.786894 -6.615464
vn -98.965323 -9.590896 -10.671451
vn -98.965323 -9.590896 -10.671451
vn -98.965323 -9.590896 -10.671451
vn -49.787748 24.469155 -83.201204
vn -49.787748 24.469155 -83.201204
vn -49.787748 24.469155 -83.201204
vn -88.110016 -34.984347 31.823298
vn -88.110016 -34.984347 31.823298
vn -88.110016 -34.984347 31.823298
vn -80.854743 -22.553680 -54.349273
vn -80.854743 -22.553680 -54.349273
vn -80.854743 -22.553680 -54.349273
vn 24.724686 21.344946 94.514996
vn 24.724686 21.344946 94.514996
vn 24.724686 21.344946 94.514996
vn -70.629597 -66.850796 -23.290147
vn -70.629597 -66.850796 -23.290147
vn -70.629597 -66.850796 -23.290147
vn -51.021010 -50.595787 69.547990
vn -51.021010 -50.595787 69.547990
vn -51.021010 -50.595787 69.547990
vn 69.452232 10.999564 71.101329
vn 69.452232 10.999564 71.101329
vn 69.452232 10.999564 71.101329
vn 41.694171 76.362437 -49.298821
vn 41.694171 76.362437 -49.298821
vn 41.694171 76.362437 -49.298821
vn 65.214768 12.653991 -74.745647
vn 65.214768 12.653991 -74.745647
vn 65.214768 12.653991 -74.745647
vn 63.652202 47.713761 60.595338
vn 63.652202 47.713761 60.595338
vn 63.652202 47.713761 60.595338
vn 7.538609 -32.275324 -94.347617
vn 7.538609 -32.275324 -94.347617
vn 7.538609 -32.275324 -94.347617
vn -70.309330 70.712494 -7.506086
vn -70.309330 70.712494 -7.506086
vn -70.309330 70.712494 -7.506086
vn -87.594807 9.767007 47.241460
vn -87.594807 9.767007 47.241460
vn -87.594807 9.767007 47.241460
vn 95.214429 12.088297 -28.072865
vn 95.214429 12.088297 -28.072865
vn 95.214429 12.088297 -28.072865
vn -49.600678 -78.606719 36.888451
vn -49.600678 -78.606719 36.888451
vn -49.600678 -78.606719 36.888451
vn 95.255658 23.360312 -19.510443
vn 95.255658 23.360312 -19.510443
vn 95.255658 23.360312 -19.510443
vn -76.378674 -15.133694 62.747681
vn -76.378674 -15.133694 62.747681
vn -76.378674 -15.133694 62.747681
vn 37.604163 11.741971 -91.913298
vn 37.604163 11.741971 -91.913298
vn 37.604163 11.741971 -91.913298
vn -89.184123 24.963763 37.722728
vn -89.184123 24.963763 37.722728
vn -89.184123 24.963763 37.722728
vn -10.214216 20.556645 97.329818
vn -10.214216 20.556645 97.329818
vn -10.214216 20.556645 97.329818
vn -27.587654 46.998335 83.845557
vn -27.587654 46.998335 83.845557
vn -27.587654 46.998335 83.845557
vn 66.929250 27.271839 69.113835
vn 66.929250 27.271839 69.113835
vn 66.929250 27.271839 69.113835
vn -17.691594 -92.284352 -34.214139
vn -17.691594 -92.284352 -34.214139
vn -17.691594 -92.284352 -34.214139
vn -56.067828 49.180917 66.615581
vn -56.067828 49.180917 66.615581
vn -56.067828 49.180917 66.615581
vn -50.223335 -85.850867 10.355990
vn -50.223335 -85.850867 10.355990
vn -50.223335 -85.850867 10.355990
vn -74.444829 -58.097407 -32.903777
vn -74.444829 -58.097407 -32.903777
vn -74.444829 -58.097407 -32.903777
vn -43.092714 0.721967 90.235783
vn -43.092714 0.721967 90.235783
vn -43.092714 0.721967 90.235783
vn -9.767263 -8.072382 99.193945
vn -9.767263 -8.072382 99.193945
vn -9.767263 -8.072382 99.193945
vn 88.689492 26.014521 -38.176169
vn 88.689492 26.014521 -38.176169
vn 88.689492 26.014521 -38.176169
vn 63.308314 -16.213882 -75.691275
vn 63.308314 -16.213882 -75.691275
vn 63.308314 -16.213882 -75.691275
vn 45.659763 -6.250677 88.747481
vn 45.659763 -6.250677 88.747481
vn 45.659763 -6.250677 88.747481
vn 62.390394 41.422028 -66.269551
vn 62.390394 41.422028 -66.269551
vn 62.390394 41.422028 -66.269551
vn -78.526775 -6.608804 61.561920
vn -78.526775 -6.608804 61.561920
vn -78.526775 -6.608804 61.561920
vn 60.340099 -40.887081 -68.464015
vn 60.340099 -40.887081 -68.464015
vn 60.340099 -40.887081 -68.464015
vn 62.685905 41.896511 -65.689885
vn 62.685905 41.896511 -65.689885
vn 62.685905 41.896511 -65.689885
vn 68.228726 11.909472 72.131861
vn 68.228726 11.909472 72.131861
vn 68.228726 11.909472 72.131861
vn -88.983094 -44.470771 10.215686
vn -88.983094 -44.470771 10.215686
vn -88.983094 -44.470771 10.215686
vn -25.800187 -25.322341 -93.236952
vn -25.800187 -25.322341 -93.236952
vn -25.800187 -25.322341 -93.236952
vn -35.152525 -19.925361 -91.472836
vn -35.152525 -19.925361 -91.472836
vn -35.152525 -19.925361 -91.472836
vn 95.963551 -28.116826 -0.663932
vn 95.963551 -28.116826 -0.663932
vn 95.963551 -28.116826 -0.663932
vn 15.825495 -90.366785 39.791931
vn 15.825495 -90.366785 39.791931
vn 15.825495 -90.366785 39.791931
vn -85.656480 -21.298150 -47.003809
vn -85.656480 -21.298150 -47.003809
vn -85.656480 -21.298150 -47.003809
vn 50.004817 11.241321 -85.867061
vn 50.004817 11.241321 -85.867061
vn 50.004817 11.241321 -85.867061
vn 21.670392 -19.617854 95.632296
vn 21.670392 -19.617854 95.632296
vn 21.670392 -19.617854 95.632296
vn -89.705208 -19.561162 -39.627481
vn -89.705208 -19.561162 -39.627481
vn -89.705208 -19.561162 -39.627481
vn -18.339422 18.142448 -96.615311
vn -18.339422 18.142448 -96.615311
vn -18.339422 18.142448 -96.615311
vn 58.501918 13.666823 79.942133
vn 58.501918 13.666823 79.942133
vn 58.501918 13.666823 79.942133
vn 84.271156 -32.301325 -43.069692
vn 84.271156 -32.301325 -43.069692
vn 84.271156 -32.301325 -43.069692
vn -78.968259 36.687373 -49.173681
vn -78.968259 36.687373 -49.173681
vn -78.968259 36.687373 -49.173681
vn 89.964435 -23.721480 36.656441
vn 89.964435 -23.721480 36.656441
vn 89.964435 -23.721480 36.656441
vn 91.080242 39.827724 -10.869325
vn 91.080242 39.827724 -10.869325
vn 91.080242 39.827724 -10.869325
vn -66.145430 -6.347997 -74.729416
vn -66.145430 -6.347997 -74.729416
vn -66.145430 -6.347997 -74.729416
vn -86.337035 0.706245 -50.452131
vn -86.337035 0.706245 -50.452131
vn -86.337035 0.706245 -50.452131
vn -63.533438 -8.431404 76.762061
vn -63.533438 -8.431404 76.762061
vn -63.533438 -8.431404 76.762061
vn 19.847070 -6.816809 -97.773336
vn 19.847070 -6.816809 -97.773336
vn 19.847070 -6.816809 -97.773336
vn -63.740375 2.570868 77.010103
vn -63.740375 2.570868 77.010103
vn -63.740375 2.570868 77.010103
vn -16.884384 -18.140004 96.880640
vn -16.884384 -18.140004 96.880640
vn -16.884384 -18.140004 96.880640
vn -84.867477 0.588924 52.888225
vn -84.867477 0.588924 52.888225
vn -84.867477 0.588924 52.888225
vn -86.603022 11.086240 48.754616
vn -86.603022 11.086240 48.754616
vn -86.603022 11.086240 48.754616
vn -5.314185 -2.142010 -99.835726
vn -5.314185 -2.142010 -99.835726
vn -5.314185 -2.142010 -99.835726
vn -9.477870 29.440991 -95.096784
vn -9.477870 29.440991 -95.096784
vn -9.477870 29.440991 -95.096784
vn 57.383299 -33.280875 74.830084
vn 57.383299 -33.280875 74.830084
vn 57.383299 -33.280875 74.830084
vn 97.144072 -21.627015 9.762364
vn 97.144072 -21.627015 9.762364
vn 97.144072 -21.627015 9.762364
vn -75.694324 10.495100 -64.499795
vn -75.694324 10.495100 -64.499795
vn -75.694324 10.495100 -64.499795
vn -93.652955 -31.080151 16.221868
vn -93.652955 -31.080151 16.221868
vn -93.652955 -31.080151 16.221868
vn 87.224400 -9.119680 48.049323
vn 87.224400 -9.119680 48.049323
vn 87.224400 -9.119680 48.049323
vn 49.748595 -8.303102 -86.348922
vn 49.748595 -8.303102 -86.348922
vn 49.748595 -8.303102 -86.348922
vn 78.980388 -7.215238 -60.910087
vn 78.980388 -7.215238 -60.910087
vn 78.980388 -7.215238 -60.910087
vn -39.340772 17.606268 90.234826
vn -39.340772 17.606268 90.234826
vn -39.340772 17.606268 90.234826
vn -5.877342 39.819441 -91.541635
vn -5.877342 39.819441 -91.541635
vn -5.877342 39.819441 -91.541635
vn -85.239917 -30.510991 -42.464534
vn -85.239917 -30.510991 -42.464534
vn -85.239917 -30.510991 -42.464534
vn 67.175305 18.637744 71.694596
vn 67.175305 18.637744 71.694596
vn 67.175305 18.637744 71.694596
vn 65.179155 -50.678162 -56.421641
vn 65.179155 -50.678162 -56.421641
vn 65.179155 -50.678162 -56.421641
vn -95.158656 -29.044969 10.060800
vn -95.158656 -29.044969 10.060800
vn -95.158656 -29.044969 10.060800
vn -85.381694 9.090906 -51.257421
vn -85.381694 9.090906 -51.257421
vn -85.381694 9.090906 -51.257421
vn -27.177468 -4.904783 96.111022
vn -27.177468 -4.904783 96.111022
vn -27.177468 -4.904783 96.111022
vn -24.026644 93.389869 26.477404
vn -24.026644 93.389869 26.477404
vn -24.026644 93.389869 26.477404
vn 20.497426 20.365295 -95.734589
vn 20.497426 20.365295 -95.734589
vn 20.497426 20.365295 -95.734589
vn -93.803615 -15.175501 -31.154232
vn -93.803615 -15.175501 -31.154232
vn -93.803615 -15.175501 -31.154232
vn -78.219739 -10.843108 -61.352264
vn -78.219739 -10.843108 -61.352264
vn -78.219739 -10.843108 -61.352264
vn 53.472618 0.198089 84.502309
vn 53.472618 0.198089 84.502309
vn 53.472618 0.198089 84.502309
vn 83.069495 39.390329 -39.342870
vn 83.069495 39.390329 -39.342870
vn 83.069495 39.390329 -39.342870
vn -97.650557 -7.591425 -20.167807
vn -97.650557 -7.591425 -20.167807
vn -97.650557 -7.591425 -20.167807
vn 19.263771 -1.125358 98.120550
vn 19.263771 -1.125358 98.120550
vn 19.263771 -1.125358 98.120550
vn -33.647758 -8.505120 93.784290
vn -33.647758 -8.505120 93.784290
vn -33.647758 -8.505120 93.784290
vn 56.858743 76.324105 -30.687354
vn 56.858743 76.324105 -30.687354
vn 56.858743 76.324105 -30.687354
vn -47.079255 7.994795 -87.861419
vn -47.079255 7.994795 -87.861419
vn -47.079255 7.994795 -87.861419
vn -21.313956 -27.148138 93.854643
vn -21.313956 -27.148138 93.854643
vn -21.313956 -27.148138 93.854643
vn -41.062931 34.540385 84.384826
vn -41.062931 34.540385 84.384826
vn -41.062931 34.540385 84.384826
vn 50.778623 -34.422375 -78.972350
vn 50.778623 -34.422375 -78.972350
vn 50.778623 -34.422375 -78.972350
vn -50.807994 30.683700 -80.480171
vn -50.807994 30.683700 -80.480171
vn -50.807994 30.683700 -80.480171
vn -68.826738 -68.154201 -24.857315
vn -68.826738 -68.154201 -24.857315
vn -68.826738 -68.154201 -24.857315
vn 41.489983 20.838479 -88.568287
vn 41.489983 20.838479 -88.568287
vn 41.489983 20.838479 -88.568287
vn 90.574202 -42.245945 3.405005
vn 90.574202 -42.245945 3.405005
vn 90.574202 -42.245945 3.405005
vn 80.616031 -29.270782 51.422539
vn 80.616031 -29.270782 51.422539
vn 80.616031 -29.270782 51.422539
vn -54.016343 0.969584 -84.150433
vn -54.016343 0.969584 -84.150433
vn -54.016343 0.969584 -84.150433
vn -95.169646 -10.722930 -28.770779
vn -95.169646 -10.722930 -28.770779
vn -95.169646 -10.722930 -28.770779
vn -45.011823 -10.942312 88.623944
vn -45.011823 -10.942312 88.623944
vn -45.011823 -10.942312 88.623944
vn 18.598364 13.945929 97.260547
vn 18.598364 13.945929 97.260547
vn 18.598364 13.945929 97.260547
vn 6.474650 24.250337 96.798768
vn 6.474650 24.250337 96.798768
vn 6.474650 24.250337 96.798768
vn 50.200281 0.740917 86.483428
vn 50.200281 0.740917 86.483428
vn 50.200281 0.740917 86.483428
vn 33.793480 -1.224504 -94.108986
vn 33.793480 -1.224504 -94.108986
vn 33.793480 -1.224504 -94.108986
vn 93.077243 -16.684676 32.530749
vn 93.077243 -16.684676 32.530749
vn 93.077243 -16.684676 32.530749
vn 20.665033 12.017942 -97.100598
vn 20.665033 12.017942 -97.100598
vn 20.665033 12.017942 -97.100598
vn 56.038281 -11.972764 -81.953438
vn 56.038281 -11.972764 -81.953438
vn 56.038281 -11.972764 -81.953438
vn -92.835991 31.178556 -20.233060
vn -92.835991 31.178556 -20.233060
vn -92.835991 31.178556 -20.233060
vn -95.369066 24.034778 -18.085116
vn -95.369066 24.034778 -18.085116
vn -95.369066 24.034778 -18.085116
vn 61.401275 -16.030143 77.284668
vn 61.401275 -16.030143 77.284668
vn 61.401275 -16.030143 77.284668
vn 43.409778 58.836810 -68.218920
vn 43.409778 58.836810 -68.218920
vn 43.409778 58.836810 -68.218920
vn 7.034381 -11.952490 99.033614
vn 7.034381 -11.952490 99.033614
vn 7.034381 -11.952490 99.033614
vn 10.508122 -54.224836 83.362143
vn 10.508122 -54.224836 83.362143
vn 10.508122 -54.224836 83.362143
vn 21.048302 -90.699684 36.476549
vn 21.048302 -90.699684 36.476549
vn 21.048302 -90.699684 36.476549
vn 97.872068 -4.375719 -20.047726
vn 97.872068 -4.375719 -20.047726
vn 97.872068 -4.375719 -20.047726
vn 97.995482 -3.720501 -19.571497
vn 97.995482 -3.720501 -19.571497
vn 97.995482 -3.720501 -19.571497
vn 14.763859 45.887635 87.614800
vn 14.763859 45.887635 87.614800
vn 14.763859 45.887635 87.614800
vn 99.828024 -5.858315 -0.216872
vn 99.828024 -5.858315 -0.216872
vn 99.828024 -5.858315 -0.216872
vn 60.046144 13.096382 -78.885651
vn 60.046144 13.096382 -78.885651
vn 60.046144 13.096382 -78.885651
vn 78.478771 16.512254 59.736334
vn 78.478771 16.512254 59.736334
vn 78.478771 16.512254 59.736334
vn 68.659700 -63.414326 -35.559399
vn 68.659700 -63.414326 -35.559399
vn 68.659700 -63.414326 -35.559399
vn 68.151174 -44.971197 -57.732220
vn 68.151174 -44.971197 -57.732220
vn 68.151174 -44.971197 -57.732220
vn 89.326897 25.238895 -37.198194
vn 89.326897 25.238895 -37.198194
vn 89.326897 25.238895 -37.198194
vn -25.128682 45.833454 85.251650
vn -25.128682 45.833454 85.251650
vn -25.128682 45.833454 85.251650
vn -33.774772 -35.462669 87.187525
vn -33.774772 -35.462669 87.187525
vn -33.774772 -35.462669 87.187525
vn 78.756189 16.405505 59.399695
vn 78.756189 16.405505 59.399695
vn 78.756189 16.405505 59.399695
vn -40.262059 11.127901 -90.857787
vn -40.262059 11.127901 -90.857787
vn -40.262059 11.127901 -90.857787
vn -98.592006 -14.678782 -8.009449
vn -98.592006 -14.678782 -8.009449
vn -98.592006 -14.678782 -8.009449
vn -98.226440 -14.004575 -12.467449
vn -98.226440 -14.004575 -12.467449
vn -98.226440 -14.004575 -12.467449
vn 62.912786 -41.575565 -65.676895
vn 62.912786 -41.575565 -65.676895
vn 62.912786 -41.575565 -65.676895
vn 92.577466 -30.369411 22.519170
vn 92.577466 -30.369411 22.519170
vn 92.577466 -30.369411 22.519170
vn -18.028293 -3.408906 -98.302401
vn -18.028293 -3.408906 -98.302401
vn -18.028293 -3.408906 -98.302401
vn -76.713029 -11.669865 63.078738
vn -76.713029 -11.669865 63.078738
vn -76.713029 -11.669865 63.078738
vn 82.282382 -8.845592 -56.137019
vn 82.282382 -8.845592 -56.137019
vn 82.282382 -8.845592 -56.137019
vn 82.308277 -9.210269 -56.040332
vn 82.308277 -9.210269 -56.040332
vn 82.308277 -9.210269 -56.040332
vn -67.147513 38.121530 63.544954
vn -67.147513 38.121530 63.544954
vn -67.147513 38.121530 63.544954
vn -2.831451 -40.154838 -91.540006
vn -2.831451 -40.154838 -91.540006
vn -2.831451 -40.154838 -91.540006
vn 32.432366 37.109102 -87.011823
vn 32.432366 37.109102 -87.011823
vn 32.432366 37.109102 -87.011823
vn -91.354560 -15.278587 -37.694955
vn -91.354560 -15.278587 -37.694955
vn -91.354560 -15.278587 -37.694955
vn -31.374392 -14.354663 93.859421
vn -31.374392 -14.354663 93.859421
vn -31.374392 -14.354663 93.859421
vn -54.433778 -0.129435 83.886523
vn -54.433778 -0.129435 83.886523
vn -54.433778 -0.129435 83.886523
vn 86.722811 -6.447019 -49.371968
vn 86.722811 -6.447019 -49.371968
vn 86.722811 -6.447019 -49.371968
vn 83.730110 -50.476217 21.010005
vn 83.730110 -50.476217 21.010005
vn 83.730110 -50.476217 21.010005
vn -49.140149 -86.862408 -6.337981
vn -49.140149 -86.862408 -6.337981
vn -49.140149 -86.862408 -6.337981
vn 77.849660 31.299879 54.403587
vn 77.849660 31.299879 54.403587
vn 77.849660 31.299879 54.403587
vn -59.053192 3.851221 -80.609488
vn -59.053192 3.851221 -80.609488
vn -59.053192 3.851221 -80.609488
vn 39.673254 62.216501 -67.491778
vn 39.673254 62.216501 -67.491778
vn 39.673254 62.216501 -67.491778
vn 60.451307 42.696587 -67.250581
vn 60.451307 42.696587 -67.250581
vn 60.451307 42.696587 -67.250581
vn 70.168607 6.846437 -70.918934
vn 70.168607 6.846437 -70.918934
vn 70.168607 6.846437 -70.918934
vn -35.148435 -73.886132 -57.492846
vn -35.148435 -73.886132 -57.492846
vn -35.148435 -73.886132 -57.492846
vn -30.130583 1.536066 95.340391
vn -30.130583 1.536066 95.340391
vn -30.130583 1.536066 95.340391
vn 93.162932 23.889567 -27.385368
vn 93.162932 23.889567 -27.385368
vn 93.162932 23.889567 -27.385368
vn -84.310904 -32.893851 42.540172
vn -84.310904 -32.893851 42.540172
vn -84.310904 -32.893851 42.540172
vn 56.386556 73.505591 -37.649510
vn 56.386556 73.505591 -37.649510
vn 56.386556 73.505591 -37.649510
vn 84.994220 24.777504 46.497933
vn 84.994220 24.777504 46.497933
vn 84.994220 24.777504 46.497933
vn 92.776634 -30.703482 -21.208321
vn 92.776634 -30.703482 -21.208321
vn 92.776634 -30.703482 -21.208321
vn -16.189602 -7.841306 98.368755
vn -16.189602 -7.841306 98.368755
vn -16.189602 -7.841306 98.368755
vn 84.239663 -47.542890 -25.364442
vn 84.239663 -47.542890 -25.364442
vn 84.239663 -47.542890 -25.364442
vn 62.598854 -14.622842 76.599973
vn 62.598854 -14.622842 76.599973
vn 62.598854 -14.622842 76.599973
vn 59.828944 -17.588850 78.173714
vn 59.828944 -17.588850 78.173714
vn 59.828944 -17.588850 78.173714
vn -24.756123 64.185813 -72.576283
vn -24.756123 64.185813 -72.576283
vn -24.756123 64.185813 -72.576283
vn 97.111624 8.990630 22.102076
vn 97.111624 8.990630 22.102076
vn 97.111624 8.990630 22.102076
vn 11.270664 -21.246917 -97.064635
vn 11.270664 -21.246917 -97.064635
vn 11.270664 -21.246917 -97.064635
vn -7.369157 -38.553931 -91.974412
vn -7.369157 -38.553931 -91.974412
vn -7.369157 -38.553931 -91.974412
vn -33.375727 -9.698859 -93.765632
vn -33.375727 -9.698859 -93.765632
vn -33.375727 -9.698859 -93.765632
vn -93.778883 -11.147430 -32.882453
vn -93.778883 -11.147430 -32.882453
vn -93.778883 -11.147430 -32.882453
vn 84.902408 6.404665 -52.445796
vn 84.902408 6.404665 -52.445796
vn 84.902408 6.404665 -52.445796
vn -55.659455 -79.336971 24.650985
vn -55.659455 -79.336971 24.650985
vn -55.659455 -79.336971 24.650985
vn -85.389255 -9.022746 51.256868
vn -85.389255 -9.022746 51.256868
vn -85.389255 -9.022746 51.256868
vn -86.269273 -14.479698 48.455665
vn -86.269273 -14.479698 48.455665
vn -86.269273 -14.479698 48.455665
vn -94.017175 -31.782387 12.274059
vn -94.017175 -31.782387 12.274059
vn -94.017175 -31.782387 12.274059
vn 83.259369 -10.881417 -54.309044
vn 83.259369 -10.881417 -54.309044
vn 83.259369 -10.881417 -54.309044
vn -29.083238 -79.792013 52.795835
vn -29.083238 -79.792013 52.795835
vn -29.083238 -79.792013 52.795835
vn 42.103759 10.568461 90.086521
vn 42.103759 10.568461 90.086521
vn 42.103759 10.568461 90.086521
vn -92.520023 1.838970 -37.903367
vn -92.520023 1.838970 -37.903367
vn -92.520023 1.838970 -37.903367
vn 35.315294 -1.559541 -93.543563
vn 35.315294 -1.559541 -93.543563
vn 35.315294 -1.559541 -93.543563
vn -90.758664 24.407720 -34.163296
vn -90.758664 24.407720 -34.163296
vn -90.758664 24.407720 -34.163296
vn -0.648132 -21.895883 97.571256
vn -0.648132 -21.895883 97.571256
vn -0.648132 -21.895883 97.571256
vn 29.026603 17.199868 94.136185
vn 29.026603 17.199868 94.136185
vn 29.026603 17.199868 94.136185
vn 48.405385 1.265010 -87.494675
vn 48.405385 1.265010 -87.494675
vn 48.405385 1.265010 -87.494675
vn 19.408310 27.242409 -94.239958
vn 19.408310 27.242409 -94.239958
vn 19.408310 27.242409 -94.239958
vn -64.759348 -2.933515 76.142119
vn -64.759348 -2.933515 76.142119
vn -64.759348 -2.933515 76.142119
vn -16.256785 53.302889 83.033248
vn -16.256785 53.302889 83.033248
vn -16.256785 53.302889 83.033248
vn 69.875271 -23.153340 67.685820
vn 69.875271 -23.153340 67.685820
vn 69.875271 -23.153340 67.685820
vn -2.620945 -8.938272 99.565247
vn -2.620945 -8.938272 99.565247
vn -2.620945 -8.938272 99.565247
vn -73.011776 -30.235594 -61.278785
vn -73.011776 -30.235594 -61.278785
vn -73.011776 -30.235594 -61.278785
vn 22.076096 -7.430270 -97.249364
vn 22.076096 -7.430270 -97.249364
vn 22.076096 -7.430270 -97.249364
vn 59.119205 50.461377 -62.917177
vn 59.119205 50.461377 -62.917177
vn 59.119205 50.461377 -62.917177
vn -42.123591 -16.730339 -89.138654
vn -42.123591 -16.730339 -89.138654
vn -42.123591 -16.730339 -89.138654
vn 30.464407 -35.971676 88.192735
vn 30.464407 -35.971676 88.192735
vn 30.464407 -35.971676 88.192735
vn -69.214296 -38.665423 60.945607
vn -69.214296 -38.665423 60.945607
vn -69.214296 -38.665423 60.945607
vn 61.350867 -10.563889 78.259027
vn 61.350867 -10.563889 78.259027
vn 61.350867 -10.563889 78.259027
vn 67.288290 6.938554 73.648780
vn 67.288290 6.938554 73.648780
vn 67.288290 6.938554 73.648780
vn 8.112896 -12.621912 -98.867942
vn 8.112896 -12.621912 -98.867942
vn 8.112896 -12.621912 -98.867942
vn 87.717136 14.610644 45.740936
vn 87.717136 14.610644 45.740936
vn 87.717136 14.610644 45.740936
vn 59.864676 -1.000657 80.095063
vn 59.864676 -1.000657 80.095063
vn 59.864676 -1.000657 80.095063
vn 51.176719 -8.974170 -85.442431
vn 51.176719 -8.974170 -85.442431
vn 51.176719 -8.974170 -85.442431
vn 16.334693 6.347286 98.452478
vn 16.334693 6.347286 98.452478
vn 16.334693 6.347286 98.452478
vn 7.115466 -5.608814 99.588722
vn 7.115466 -5.608814 99.588722
vn 7.115466 -5.608814 99.588722
vn 98.039413 -7.337681 18.287480
vn 98.039413 -7.337681 18.287480
vn 98.039413 -7.337681 18.287480
vn -83.660620 12.335461 53.373573
vn -83.660620 12.335461 53.373573
vn -83.660620 12.335461 53.373573
vn -83.449456 7.123546 54.639224
vn -83.449456 7.123546 54.639224
vn -83.449456 7.123546 54.639224
vn 88.793101 -25.835446 -38.056745
vn 88.793101 -25.835446 -38.056745
vn 88.793101 -25.835446 -38.056745
vn 75.512554 65.519303 2.252745
vn 75.512554 65.519303 2.252745
vn 75.512554 65.519303 2.252745
vn 39.620571 -0.358853 -91.815488
vn 39.620571 -0.358853 -91.815488
vn 39.620571 -0.358853 -91.815488
vn -20.226437 -14.702621 96.823160
vn -20.226437 -14.702621 96.823160
vn -20.226437 -14.702621 96.823160
vn -96.828223 -23.203826 -9.267029
vn -96.828223 -23.203826 -9.267029
vn -96.828223 -23.203826 -9.267029
vn 47.464905 11.849344 -87.216270
vn 47.464905 11.849344 -87.216270
vn 47.464905 11.849344 -87.216270
vn 87.299012 -8.559281 -48.016887
vn 87.299012 -8.559281 -48.016887
vn 87.299012 -8.559281 -48.016887
vn -25.993615 -25.958167 93.008098
vn -25.993615 -25.958167 93.008098
vn -25.993615 -25.958167 93.008098
vn -89.877860 8.736229 -42.961030
vn -89.877860 8.736229 -42.961030
vn -89.877860 8.736229 -42.961030
vn 4.634001 22.097203 -97.417862
vn 4.634001 22.097203 -97.417862
vn 4.634001 22.097203 -97.417862
vn -97.034919 20.935424 -12.080351
vn -97.034919 20.935424 -12.080351
vn -97.034919 20.935424 -12.080351
vn 48.305213 -5.936787 -87.357675
vn 48.305213 -5.936787 -87.357675
vn 48.305213 -5.936787 -87.357675
vn 59.331147 -9.783581 79.900542
vn 59.331147 -9.783581 79.900542
vn 59.331147 -9.783581 79.900542
vn -52.303101 46.564205 71.387406
vn -52.303101 46.564205 71.387406
vn -52.303101 46.564205 71.387406
vn -65.916535 19.226362 -72.700474
vn -65.916535 19.226362 -72.700474
vn -65.916535 19.226362 -72.700474
vn 2.013548 -22.190478 -97.486050
vn 2.013548 -22.190478 -97.486050
vn 2.013548 -22.190478 -97.486050
vn 44.355510 5.935374 -89.427970
vn 44.355510 5.935374 -89.427970
vn 44.355510 5.935374 -89.427970
vn 32.789522 -5.801623 94.293108
vn 32.789522 -5.801623 94.293108
vn 32.789522 -5.801623 94.293108
vn 11.770579 -3.597991 99.239647
vn 11.770579 -3.597991 99.239647
vn 11.770579 -3.597991 99.239647
vn 11.739030 -3.697883 99.239720
vn 11.739030 -3.697883 99.239720
vn 11.739030 -3.697883 99.239720
vn -51.486451 -43.557562 73.836876
vn -51.486451 -43.557562 73.836876
vn -51.486451 -43.557562 73.836876
vn 74.122863 37.217447 -55.862895
vn 74.122863 37.217447 -55.862895
vn 74.122863 37.217447 -55.862895
vn 82.616259 -8.544941 -55.691459
vn 82.616259 -8.544941 -55.691459
vn 82.616259 -8.544941 -55.691459
vn -99.194827 -12.662954 0.193570
vn -99.194827 -12.662954 0.193570
vn -99.194827 -12.662954 0.193570
vn 64.160725 -13.098146 -75.576717
vn 64.160725 -13.098146 -75.576717
vn 64.160725 -13.098146 -75.576717
vn 98.383387 15.724438 -8.570474
vn 98.383387 15.724438 -8.570474
vn 98.383387 15.724438 -8.570474
vn 26.715020 -8.185853 -96.017183
vn 26.715020 -8.185853 -96.017183
vn 26.715020 -8.185853 -96.017183
vn 98.094425 8.247974 -17.591323
vn 98.094425 8.247974 -17.591323
vn 98.094425 8.247974 -17.591323
vn 54.543076 7.028117 -83.520405
vn 54.543076 7.028117 -83.520405
vn 54.543076 7.028117 -83.520405
vn 1.255290 -39.771361 -91.742378
vn 1.255290 -39.771361 -91.742378
vn 1.255290 -39.771361 -91.742378
vn -7.303640 2.597761 -99.699100
vn -7.303640 2.597761 -99.699100
vn -7.303640 2.597761 -99.699100
vn 58.521455 71.861820 -37.564860
vn 58.521455 71.861820 -37.564860
vn 58.521455 71.861820 -37.564860
vn 69.362506 -29.693379 65.628859
vn 69.362506 -29.693379 65.628859
vn 69.362506 -29.693379 65.628859
vn 47.189508 -5.773049 -87.976270
vn 47.189508 -5.773049 -87.976270
vn 47.189508 -5.773049 -87.976270
vn -84.513555 -4.446267 53.269977
vn -84.513555 -4.446267 53.269977
vn -84.513555 -4.446267 53.269977
vn 61.319547 26.487699 -74.419854
vn 61.319547 26.487699 -74.419854
vn 61.319547 26.487699 -74.419854
vn -75.701870 -35.705753 -54.720434
vn -75.701870 -35.705753 -54.720434
vn -75.701870 -35.705753 -54.720434
vn 83.841478 -37.992690 39.078926
vn 83.841478 -37.992690 39.078926
vn 83.841478 -37.992690 39.078926
vn 89.064695 -18.160287 41.685565
vn 89.064695 -18.160287 41.685565
vn 89.064695 -18.160287 41.685565
vn 20.132282 -1.791028 -97.936124
vn 20.132282 -1.791028 -97.936124
vn 20.132282 -1.791028 -97.936124
vn 18.604317 8.022694 -97.926074
vn 18.604317 8.022694 -97.926074
vn 18.604317 8.022694 -97.926074
vn -99.198244 -12.039269 3.842648
vn -99.198244 -12.039269 3.842648
vn -99.198244 -12.039269 3.842648
vn 60.332536 22.440314 -76.527234
vn 60.332536 22.440314 -76.527234
vn 60.332536 22.440314 -76.527234
vn -43.018776 4.111333 90.180276
vn -43.018776 4.111333 90.180276
vn -43.018776 4.111333 90.180276
vn 39.812806 47.292456 -78.602568
vn 39.812806 47.292456 -78.602568
vn 39.812806 47.292456 -78.602568
vn -37.184577 17.054577 -91.249375
vn -37.184577 17.054577 -91.249375
vn -37.184577 17.054577 -91.249375
vn -41.873823 27.219049 86.635492
vn -41.873823 27.219049 86.635492
vn -41.873823 27.219049 86.635492
vn -29.164741 9.439401 95.185697
vn -29.164741 9.439401 95.185697
vn -29.164741 9.439401 95.185697
vn 29.500078 -41.756244 -85.942779
vn 29.500078 -41.756244 -85.942779
vn 29.500078 -41.756244 -85.942779
vn 91.558248 7.178547 -39.567113
vn 91.558248 7.178547 -39.567113
vn 91.558248 7.178547 -39.567113
vn 24.021244 -12.514293 -96.262002
vn 24.021244 -12.514293 -96.262002
vn 24.021244 -12.514293 -96.262002
vn 98.273210 13.502260 -12.651676
vn 98.273210 13.502260 -12.651676
vn 98.273210 13.502260 -12.651676
vn 98.940008 12.868392 -6.728996
vn 98.940008 12.868392 -6.728996
vn 98.940008 12.868392 -6.728996
vn -0.984935 -73.816853 67.454449
vn -0.984935 -73.816853 67.454449
vn -0.984935 -73.816853 67.454449
vn -28.173374 35.597669 -89.101442
vn -28.173374 35.597669 -89.101442
vn -28.173374 35.597669 -89.101442
vn -25.771387 55.387207 -79.171291
vn -25.771387 55.387207 -79.171291
vn -25.771387 55.387207 -79.171291
vn 41.245174 67.392229 -61.295383
vn 41.245174 67.392229 -61.295383
vn 41.245174 67.392229 -61.295383
vn -4.519720 48.419703 87.379086
vn -4.519720 48.419703 87.379086
vn -4.519720 48.419703 87.379086
vn 65.075059 2.849393 -75.875675
vn 65.075059 2.849393 -75.875675
vn 65.075059 2.849393 -75.875675
vn -97.392335 22.671364 -0.861840
vn -97.392335 22.671364 -0.861840
vn -97.392335 22.671364 -0.861840
vn -84.107285 -14.853118 52.012975
vn -84.107285 -14.853118 52.012975
vn -84.107285 -14.853118 52.012975
vn -87.900692 47.661245 1.369010
vn -87.900692 47.661245 1.369010
vn -87.900692 47.661245 1.369010
vn 51.642374 12.125094 -84.770568
vn 51.642374 12.125094 -84.770568
vn 51.642374 12.125094 -84.770568
vn -87.693261 22.520580 42.458395
vn -87.693261 22.520580 42.458395
vn -87.693261 22.520580 42.458395
vn -79.248682 20.403893 57.474588
vn -79.248682 20.403893 57.474588
vn -79.248682 20.403893 57.474588
vn 47.664546 65.134148 59.039273
vn 47.664546 65.134148 59.039273
vn 47.664546 65.134148 59.039273
vn -36.939399 -10.335077 -92.350785
vn -36.939399 -10.335077 -92.350785
vn -36.939399 -10.335077 -92.350785
vn 2.606955 -34.566650 93.799522
vn 2.606955 -34.566650 93.799522
vn 2.606955 -34.566650 93.799522
vn -91.519565 38.554709 11.734725
vn -91.519565 38.554709 11.734725
vn -91.519565 38.554709 11.734725
vn 68.580843 11.394482 71.880690
vn 68.580843 11.394482 71.880690
vn 68.580843 11.394482 71.880690
vn 65.251819 13.524611 74.560623
vn 65.251819 13.524611 74.560623
vn 65.251819 13.524611 74.560623
vn 98.423277 12.000391 12.994251
vn 98.423277 12.000391 12.994251
vn 98.423277 12.000391 12.994251
vn -13.380539 26.438537 95.508978
vn -13.380539 26.438537 95.508978
vn -13.380539 26.438537 95.508978
vn -12.931122 20.646244 -96.987209
vn -12.931122 20.646244 -96.987209
vn -12.931122 20.646244 -96.987209
vn -96.000445 3.008593 -27.836355
vn -96.000445 3.008593 -27.836355
vn -96.000445 3.008593 -27.836355
vn 97.057635 -2.865080 23.908300
vn 97.057635 -2.865080 23.908300
vn 97.057635 -2.865080 23.908300
vn 99.699548 -1.980582 7.488594
vn 99.699548 -1.980582 7.488594
vn 99.699548 -1.980582 7.488594
vn 99.084797 -11.603327 6.896847
vn 99.084797 -11.603327 6.896847
vn 99.084797 -11.603327 6.896847
vn -64.973000 -0.273477 76.016024
vn -64.973000 -0.273477 76.016024
vn -64.973000 -0.273477 76.016024
vn -66.144241 34.198406 66.748859
vn -66.144241 34.198406 66.748859
vn -66.144241 34.198406 66.748859
vn -91.536691 33.636136 -22.127936
vn -91.536691 33.636136 -22.127936
vn -91.536691 33.636136 -22.127936
vn -5.641357 -31.185724 94.845273
vn -5.641357 -31.185724 94.845273
vn -5.641357 -31.185724 94.845273
vn 57.430071 36.605109 73.224673
vn 57.430071 36.605109 73.224673
vn 57.430071 36.605109 73.224673
vn 33.198207 -35.749867 87.291619
vn 33.198207 -35.749867 87.291619
vn 33.198207 -35.749867 87.291619
vn 54.500727 -22.047744 80.892337
vn 54.500727 -22.047744 80.892337
vn 54.500727 -22.047744 80.892337
vn 39.258991 -36.211062 -84.542830
vn 39.258991 -36.211062 -84.542830
vn 39.258991 -36.211062 -84.542830
vn 87.442905 44.041489 -20.349095
vn 87.442905 44.041489 -20.349095
vn 87.442905 44.041489 -20.349095
vn 74.426355 -15.537222 64.956244
vn 74.426355 -15.537222 64.956244
vn 74.426355 -15.537222 64.956244
vn 44.713058 -7.056476 89.168105
vn 44.713058 -7.056476 89.168105
vn 44.713058 -7.056476 89.168105
vn -92.698374 17.527445 -33.163257
vn -92.698374 17.527445 -33.163257
vn -92.698374 17.527445 -33.163257
vn -97.401362 -18.243376 13.422148
vn -97.401362 -18.243376 13.422148
vn -97.401362 -18.243376 13.422148
vn -93.276678 -10.501966 -34.484340
vn -93.276678 -10.501966 -34.484340
vn -93.276678 -10.501966 -34.484340
vn -93.507052 7.897844 -34.555110
vn -93.507052 7.897844 -34.555110
vn -93.507052 7.897844 -34.555110
vn 92.764797 14.783024 -34.295137
vn 92.764797 14.783024 -34.295137
vn 92.764797 14.783024 -34.295137
vn -18.434242 74.911878 63.626953
vn -18.434242 74.911878 63.626953
vn -18.434242 74.911878 63.626953
vn -71.286358 -24.545284 65.694637
vn -71.286358 -24.545284 65.694637
vn -71.286358 -24.545284 65.694637
vn -75.478033 -17.312205 63.272064
vn -75.478033 -17.312205 63.272064
vn -75.478033 -17.312205 63.272064
vn 89.202166 -15.647564 42.404355
vn 89.202166 -15.647564 42.404355
vn 89.202166 -15.647564 42.404355
vn 3.149289 -98.471229 17.131825
vn 3.149289 -98.471229 17.131825
vn 3.149289 -98.471229 17.131825
vn 94.643296 23.164025 22.496102
vn 94.643296 23.164025 22.496102
vn 94.643296 23.164025 22.496102
vn -60.098577 -1.195436 79.917044
vn -60.098577 -1.195436 79.917044
vn -60.098577 -1.195436 79.917044
vn -36.500245 9.754418 92.588260
vn -36.500245 9.754418 92.588260
vn -36.500245 9.754418 92.588260
vn -69.446645 -24.557404 67.632078
vn -69.446645 -24.557404 67.632078
vn -69.446645 -24.557404 67.632078
vn 74.061150 -67.080814 3.887261
vn 74.061150 -67.080814 3.887261
vn 74.061150 -67.080814 3.887261
vn 49.280435 7.473975 -86.692434
vn 49.280435 7.473975 -86.692434
vn 49.280435 7.473975 -86.692434
vn 66.533447 -10.597107 73.898598
vn 66.533447 -10.597107 73.898598
vn 66.533447 -10.597107 73.898598
vn 59.649660 69.513390 -40.122412
vn 59.649660 69.513390 -40.122412
vn 59.649660 69.513390 -40.122412
vn -88.356262 -14.234170 44.615685
vn -88.356262 -14.234170 44.615685
vn -88.356262 -14.234170 44.615685
vn -56.737360 6.889093 82.057378
vn -56.737360 6.889093 82.057378
vn -56.737360 6.889093 82.057378
vn 53.226030 45.402027 71.453810
vn 53.226030 45.402027 71.453810
vn 53.226030 45.402027 71.453810
vn 70.584749 38.748506 -59.298795
vn 70.584749 38.748506 -59.298795
vn 70.584749 38.748506 -59.298795
vn -61.224792 23.686434 -75.435257
vn -61.224792 23.686434 -75.435257
vn -61.224792 23.686434 -75.435257
vn -27.038145 -18.885783 94.404802
vn -27.038145 -18.885783 94.404802
vn -27.038145 -18.885783 94.404802
vn 82.901837 10.425164 -54.941810
vn 82.901837 10.425164 -54.941810
vn 82.901837 10.425164 -54.941810
vn -71.526101 3.642801 -69.790741
vn -71.526101 3.642801 -69.790741
vn -71.526101 3.642801 -69.790741
vn 40.930253 25.114938 -87.715196
vn 40.930253 25.114938 -87.715196
vn 40.930253 25.114938 -87.715196
vn 82.776843 -5.115853 55.873290
vn 82.776843 -5.115853 55.873290
vn 82.776843 -5.115853 55.873290
vn -68.198547 -64.245972 34.948728
vn -68.198547 -64.245972 34.948728
vn -68.198547 -64.245972 34.948728
vn -70.523069 -21.646508 -67.512407
vn -70.523069 -21.646508 -67.512407
vn -70.523069 -21.646508 -67.512407
vn 69.219534 -6.491294 -71.878513
vn 69.219534 -6.491294 -71.878513
vn 69.219534 -6.491294 -71.878513
vn -85.720639 -22.295167 -46.420883
vn -85.720639 -22.295167 -46.420883
vn -85.720639 -22.295167 -46.420883
vn -91.205558 -15.865446 -37.813147
vn -91.205558 -15.865446 -37.813147
vn -91.205558 -15.865446 -37.813147
vn -77.690813 -0.624411 62.958301
vn -77.690813 -0.624411 62.958301
vn -77.690813 -0.624411 62.958301
vn -43.454314 -14.566227 -88.879409
vn -43.454314 -14.566227 -88.879409
vn -43.454314 -14.566227 -88.879409
vn 33.113254 -89.885798 28.706381
vn 33.113254 -89.885798 28.706381
vn 33.113254 -89.885798 28.706381
vn 11.947847 6.574563 -99.065765
vn 11.947847 6.574563 -99.065765
vn 11.947847 6.574563 -99.065765
vn 94.054429 -10.303960 -32.366534
vn 94.054429 -10.303960 -32.366534
vn 94.054429 -10.303960 -32.366534
vn -81.949547 -53.492850 -20.561782
vn -81.949547 -53.492850 -20.561782
vn -81.949547 -53.492850 -20.561782
vn 90.686775 9.273712 41.108507
vn 90.686775 9.273712 41.108507
vn 90.686775 9.273712 41.108507
vn 97.390838 0.852444 -22.678155
vn 97.390838 0.852444 -22.678155
vn 97.390838 0.852444 -22.678155
vn -71.353054 9.124993 -69.465661
vn -71.353054 9.124993 -69.465661
vn -71.353054 9.124993 -69.465661
vn 42.158741 16.245097 89.211765
vn 42.158741 16.245097 89.211765
vn 42.158741 16.245097 89.211765
vn -3.129394 -15.629131 -98.721521
vn -3.129394 -15.629131 -98.721521
vn -3.129394 -15.629131 -98.721521
vn 86.600135 -5.687660 49.679671
vn 86.600135 -5.687660 49.679671
vn 86.600135 -5.687660 49.679671
vn 76.920976 -1.969128 63.869284
vn 76.920976 -1.969128 63.869284
vn 76.920976 -1.969128 63.869284
vn 3.905172 7.048850 -99.674796
vn 3.905172 7.048850 -99.674796
vn 3.905172 7.048850 -99.674796
vn 94.802612 -29.272421 -12.473684
vn 94.802612 -29.272421 -12.473684
vn 94.802612 -29.272421 -12.473684
vn 94.797021 -16.097723 27.466130
vn 94.797021 -16.097723 27.466130
vn 94.797021 -16.097723 27.466130
vn -63.879038 -28.569239 -71.437164
vn -63.879038 -28.569239 -71.437164
vn -63.879038 -28.569239 -71.437164
vn -18.985725 -9.062790 97.761999
vn -18.985725 -9.062790 97.761999
vn -18.985725 -9.062790 97.761999
vn -70.206835 38.292149 60.039256
vn -70.206835 38.292149 60.039256
vn -70.206835 38.292149 60.039256
vn 31.339382 15.229996 -93.733086
vn 31.339382 15.229996 -93.733086
vn 31.339382 15.229996 -93.733086
vn 92.396868 -34.434389 16.646072
vn 92.396868 -34.434389 16.646072
vn 92.396868 -34.434389 16.646072
vn 13.319969 -15.203388 -97.935881
vn 13.319969 -15.203388 -97.935881
vn 13.319969 -15.203388 -97.935881
vn -23.547665 -11.027486 -96.560361
vn -23.547665 -11.027486 -96.560361
vn -23.547665 -11.027486 -96.560361
vn -96.945202 -23.844121 -5.752178
vn -96.945202 -23.844121 -5.752178
vn -96.945202 -23.844121 -5.752178
vn -2.473484 -99.288828 -11.645169
vn -2.473484 -99.288828 -11.645169
vn -2.473484 -99.288828 -11.645169
vn -0.810047 -99.956483 -2.836710
vn -0.810047 -99.956483 -2.836710
vn -0.810047 -99.956483 -2.836710
vn 4.042148 -99.823810 -4.343906
vn 4.042148 -99.823810 -4.343906
vn 4.042148 -99.823810 -4.343906
vn 75.126568 -12.880987 64.730837
vn 75.126568 -12.880987 64.730837
vn 75.126568 -12.880987 64.730837
vn -56.802056 -4.971173 82.151175
vn -56.802056 -4.971173 82.151175
vn -56.802056 -4.971173 82.151175
vn 53.471945 52.530178 -66.191635
vn 53.471945 52.530178 -66.191635
vn 53.471945 52.530178 -66.191635
vn 58.788839 62.331888 -51.561692
vn 58.788839 62.331888 -51.561692
vn 58.788839 62.331888 -51.561692
vn -80.860999 26.419718 52.568994
vn -80.860999 26.419718 52.568994
vn -80.860999 26.419718 52.568994
vn -10.713242 -6.260838 99.227153
vn -10.713242 -6.260838 99.227153
vn -10.713242 -6.260838 99.227153
vn -93.391572 -0.093660 -35.749202
vn -93.391572 -0.093660 -35.749202
vn -93.391572 -0.093660 -35.749202
vn -52.899960 29.971475 -79.393367
vn -52.899960 29.971475 -79.393367
vn -52.899960 29.971475 -79.393367
vn -88.048776 -34.492025 32.522506
vn -88.048776 -34.492025 32.522506
vn -88.048776 -34.492025 32.522506
vn 26.969666 18.276883 94.544135
vn 26.969666 18.276883 94.544135
vn 26.969666 18.276883 94.544135
vn -44.670739 -89.232134 -6.492397
vn -44.670739 -89.232134 -6.492397
vn -44.670739 -89.232134 -6.492397
vn 39.472634 84.113874 -36.969833
vn 39.472634 84.113874 -36.969833
vn 39.472634 84.113874 -36.969833
vn 63.827206 10.786268 -76.221676
vn 63.827206 10.786268 -76.221676
vn 63.827206 10.786268 -76.221676
vn 30.808774 18.326101 -93.354023
vn 30.808774 18.326101 -93.354023
vn 30.808774 18.326101 -93.354023
vn 42.934912 18.906434 -88.312739
vn 42.934912 18.906434 -88.312739
vn 42.934912 18.906434 -88.312739
vn -11.921187 22.987936 96.589028
vn -11.921187 22.987936 96.589028
vn -11.921187 22.987936 96.589028
vn -13.266556 -1.832552 -99.099142
vn -13.266556 -1.832552 -99.099142
vn -13.266556 -1.832552 -99.099142
vn -34.993939 -56.517519 -74.707388
vn -34.993939 -56.517519 -74.707388
vn -34.993939 -56.517519 -74.707388
vn 0.955491 -22.239176 97.491066
vn 0.955491 -22.239176 97.491066
vn 0.955491 -22.239176 97.491066
vn 66.000065 50.104488 -55.977958
vn 66.000065 50.104488 -55.977958
vn 66.000065 50.104488 -55.977958
vn -86.908494 -1.929487 -49.428659
vn -86.908494 -1.929487 -49.428659
vn -86.908494 -1.929487 -49.428659
vn 88.824984 -3.628869 -45.792508
vn 88.824984 -3.628869 -45.792508
vn 88.824984 -3.628869 -45.792508
vn 92.807147 -21.555393 30.367725
vn 92.807147 -21.555393 30.367725
vn 92.807147 -21.555393 30.367725
vn 89.277577 36.664999 -26.176220
vn 89.277577 36.664999 -26.176220
vn 89.277577 36.664999 -26.176220
vn -51.648737 12.482549 -84.714778
vn -51.648737 12.482549 -84.714778
vn -51.648737 12.482549 -84.714778
vn 20.835263 -30.382630 92.966598
vn 20.835263 -30.382630 92.966598
vn 20.835263 -30.382630 92.966598
vn -14.817729 -60.905524 77.916318
vn -14.817729 -60.905524 77.916318
vn -14.817729 -60.905524 77.916318
vn 53.414401 -31.264854 78.545602
vn 53.414401 -31.264854 78.545602
vn 53.414401 -31.264854 78.545602
vn -75.017649 -4.238373 65.987790
vn -75.017649 -4.238373 65.987790
vn -75.017649 -4.238373 65.987790
vn -65.141494 7.164914 -75.533108
vn -65.141494 7.164914 -75.533108
vn -65.141494 7.164914 -75.533108
vn -67.735522 14.265950 -72.169135
vn -67.735522 14.265950 -72.169135
vn -67.735522 14.265950 -72.169135
vn -83.171633 -32.667317 44.892393
vn -83.171633 -32.667317 44.892393
vn -83.171633 -32.667317 44.892393
vn 15.261826 -13.398369 -97.916099
vn 15.261826 -13.398369 -97.916099
vn 15.261826 -13.398369 -97.916099
vn 84.125003 33.396089 -42.516880
vn 84.125003 33.396089 -42.516880
vn 84.125003 33.396089 -42.516880
vn 81.631923 38.780418 -42.805469
vn 81.631923 38.780418 -42.805469
vn 81.631923 38.780418 -42.805469
vn 82.303916 45.632488 -33.819282
vn 82.303916 45.632488 -33.819282
vn 82.303916 45.632488 -33.819282
vn -68.191104 22.395856 69.630448
vn -68.191104 22.395856 69.630448
vn -68.191104 22.395856 69.630448
vn 50.437530 50.491186 -70.047812
vn 50.437530 50.491186 -70.047812
vn 50.437530 50.491186 -70.047812
vn 87.214904 36.451891 -32.631566
vn 87.214904 36.451891 -32.631566
vn 87.214904 36.451891 -32.631566
vn 89.041904 37.179631 -26.252872
vn 89.041904 37.179631 -26.252872
vn 89.041904 37.179631 -26.252872
vn -57.454111 4.162938 -81.741639
vn -57.454111 4.162938 -81.741639
vn -57.454111 4.162938 -81.741639
vn 44.213041 -12.457057 88.825840
vn 44.213041 -12.457057 88.825840
vn 44.213041 -12.457057 88.825840
vn 99.059371 4.147870 -13.039881
vn 99.059371 4.147870 -13.039881
vn 99.059371 4.147870 -13.039881
f 1//1 2//2 3//3
f 4//4 5//5 6//6
f 7//7 8//8 9//9
f 10//10 11//11 12//12
f 13//13 14//14 15//15
f 16//16 17//17 18//18
f 19//19 20//20 21//21
f 22//22 23//23 24//24
f 25//25 26//26 27//27
f 28//28 29//29 30//30
f 31//31 32//32 33//33
f 34//34 35//35 36//36
f 37//37 38//38 39//39
f 40//40 41//41 42//42
f 43//43 44//44 45//45
f 46//46 47//47 48//48
f 49//49 50//50 51//51
f 52//52 53//53 54//54
f 55//55 56//56 57//57
f 58//58 59//59 60//60
f 61//61 62//62 63//63
f 64//64 65//65 66//66
f 67//67 68//68 69//69
f 70//70 71//71 72//72
f 73//73 74//74 75//75
f 76//76 77//77 78//78
f 79//79 80//80 81//81
f 82//82 83//83 84//84
f 85//85 86//86 87//87
f 88//88 89//89 90//90
f 91//91 92//92 93//93
f 94//94 95//95 96//96
f 97//97 98//98 99//99
f 100//100 101//101 102//102
f 103//103 104//104 105//105
f 106//106 107//107 108//108
f 109//109 110//110 111//111
f 112//112 113//113 114//114
f 115//115 116//116 117//117
f 118//118 119//119 120//120
f 121//121 122//122 123//123
f 124//124 125//125 126//126
f 127//127 128//128 129//129
f 130//130 131//131 132//132
f 133//133 134//134 135//135
f 136//136 137//137 138//138
f 139//139 140//140 141//141
f 142//142 143//143 144//144
f 145//145 146//146 147//147
f 148//148 149//149 150//150
f 151//151 152//152 153//153
f 154//154 155//155 156//156
f 157//157 158//158 159//159
f 160//160 161//161 162//162
f 163//163 164//164 165//165
f 166//166 167//167 168//168
f 169//169 170//170 171//171
f 172//172 173//173 174//174
f 175//175 176//176 177//177
f 178//178 179//179 180//180
f 181//181 182//182 183//183
f 184//184 185//185 186//186
f 187//187 188//188 189//189
f 190//190 191//191 192//192
f 193//193 194//194 195//195
f 196//196 197//197 198//198
f 199//199 200//200 201//201
f 202//202 203//203 204//204
f 205//205 206//206 207//207
f 208//208 209//209 210//210
f 211//211 212//212 213//213
f 214//214 215//215 216//216
f 217//217 218//218 219//219
f 220//220 221//221 222//222
f 223//223 224//224 225//225
f 226//226 227//227 228//228
f 229//229 230//230 231//231
f 232//232 233//233 234//234
f 235//235 236//236 237//237
f 238//238 239//239 240//240
f 241//241 242//242 243//243
f 244//244 245//245 246//246
f 247//247 248//248 249//249
f 250//250 251//251 252//252
f 253//253 254//254 255//255
f 256//256 257//257 258//258
f 259//259 260//260 261//261
f 262//262 263//263 264//264
f 265//265 266//266 267//267
f 268//268 269//269 270//270
f 271//271 272//272 273//273
f 274//274 275//275 276//276
f 277//277 278//278 279//279
f 280//280 281//281 282//282
f 283//283 284//284 285//285
f 286//286 287//287 288//288
f 289//289 290//290 291//291
f 292//292 293//293 294//294
f 295//295 296//296 297//297
f 298//298 299//299 300//300
f 301//301 302//302 303//303
f 304//304 305//305 306//306
f 307//307 308//308 309//309
f 310//310 311//311 312//312
f 313//313 314//314 315//315
f 316//316 317//317 318//318
f 319//319 320//320 321//321
f 322//322 323//323 324//324
f 325//325 326//326 327//327
f 328//328 329//329 330//330
f 331//331 332//332 333//333
f 334//334 335//335 336//336
f 337//337 338//338 339//339
f 340//340 341//341 342//342
f 343//343 344//344 345//345
f 346//346 347//347 348//348
f 349//349 350//350 351//351
f 352//352 353//353 354//354
f 355//355 356//356 357//357
f 358//358 359//359 360//360
f 361//361 362//362 363//363
f 364//364 365//365 366//366
f 367//367 368//368 369//369
f 370//370 371//371 372//372
f 373//373 374//374 375//375
f 376//376 377//377 378//378
f 379//379 380//380 381//381
f 382//382 383//383 384//384
f 385//385 386//386 387//387
f 388//388 389//389 390//390
f 391//391 392//392 393//393
f 394//394 395//395 396//396
f 397//397 398//398 399//399
f 400//400 401//401 402//402
f 403//403 404//404 405//405
f 406//406 407//407 408//408
f 409//409 410//410 411//411
f 412//412 413//413 414//414
f 415//415 416//416 417//417
f 418//418 419//419 420//420
f 421//421 422//422 423//423
f 424//424 425//425 426//426
f 427//427 428//428 429//429
f 430//430 431//431 432//432
f 433//433 434//434 435//435
f 436//436 437//437 438//438
f 439//439 440//440 441//441
f 442//442 443//443 444//444
f 445//445 446//446 447//447
f 448//448 449//449 450//450
f 451//451 452//452 453//453
f 454//454 455//455 456//456
f 457//457 458//458 459//459
f 460//460 461//461 462//462
f 463//463 464//464 465//465
f 466//466 467//467 468//468
f 469//469 470//470 471//471
f 472//472 473//473 474//474
f 475//475 476//476 477//477
f 478//478 479//479 480//480
f 481//481 482//482 483//483
f 484//484 485//485 486//486
f 487//487 488//488 489//489
f 490//490 491//491 492//492
f 493//493 494//494 495//495
f 496//496 497//497 498//498
f 499//499 500//500 501//501
f 502//502 503//503 504//504
f 505//505 506//506 507//507
f 508//508 509//509 510//510
f 511//511 512//512 513//513
f 514//514 515//515 516//516
f 517//517 518//518 519//519
f 520//520 521//521 522//522
f 523//523 524//524 525//525
f 526//526 527//527 528//528
f 529//529 530//530 531//531
f 532//532 533//533 534//534
f 535//535 536//536 537//537
f 538//538 539//539 540//540
f 541//541 542//542 543//543
f 544//544 545//545 546//546
f 547//547 548//548 549//549
f 550//550 551//551 552//552
f 553//553 554//554 555//555
f 556//556 557//557 558//558
f 559//559 560//560 561//561
f 562//562 563//563 564//564
f 565//565 566//566 567//567
f 568//568 569//569 570//570
f 571//571 572//572 573//573
f 574//574 575//575 576//576
f 577//577 578//578 579//579
f 580//580 581//581 582//582
f 583//583 584//584 585//585
f 586//586 587//587 588//588
f 589//589 590//590 591//591
f 592//592 593//593 594//594
f 595//595 596//596 597//597
f 598//598 599//599 600//600
f 601//601 602//602 603//603
f 604//604 605//605 606//606
f 607//607 608//608 609//609
f 610//610 611//611 612//612
f 613//613 614//614 615//615
f 616//616 617//617 618//618
f 619//619 620//620 621//621
f 622//622 623//623 624//624
f 625//625 626//626 627//627
f 628//628 629//629 630//630
f 631//631 632//632 633//633
f 634//634 635//635 636//636
f 637//637 638//638 639//639
f 640//640 641//641 642//642
f 643//643 644//644 645//645
f 646//646 647//647 648//648
f 649//649 650//650 651//651
f 652//652 653//653 654//654
f 655//655 656//656 657//657
f 658//658 659//659 660//660
f 661//661 662//662 663//663
f 664//664 665//665 666//666
f 667//667 668//668 669//669
f 670//670 671//671 672//672
f 673//673 674//674 675//675
f 676//676 677//677 678//678
f 679//679 680//680 681//681
f 682//682 683//683 684//684
f 685//685 686//686 687//687
f 688//688 689//689 690//690
f 691//691 692//692 693//693
f 694//694 695//695 696//696
f 697//697 698//698 699//699
f 700//700 701//701 702//702
f 703//703 704//704 705//705
f 706//706 707//707 708//708
f 709//709 710//710 711//711
f 712//712 713//713 714//714
f 715//715 716//716 717//717
f 718//718 719//719 720//720
f 721//721 722//722 723//723
f 724//724 725//725 726//726
f 727//727 728//728 729//729
f 730//730 731//731 732//732
f 733//733 734//734 735//735
f 736//736 737//737 738//738
f 739//739 740//740 741//741
f 742//742 743//743 744//744
f 745//745 746//746 747//747
f 748//748 749//749 750//750
f 751//751 752//752 753//753
f 754//754 755//755 756//756
f 757//757 758//758 759//759
f 760//760 761//761 762//762
f 763//763 764//764 765//765
f 766//766 767//767 768//768
f 769//769 770//770 771//771
f 772//772 773//773 774//774
f 775//775 776//776 777//777
f 778//778 779//779 780//780
f 781//781 782//782 783//783
f 784//784 785//785 786//786
f 787//787 788//788 789//789
f 790//790 791//791 792//792
f 793//793 794//794 795//795
f 796//796 797//797 798//798
f 799//799 800//800 801//801
f 802//802 803//803 804//804
f 805//805 806//806 807//807
f 808//808 809//809 810//810
f 811//811 812//812 813//813
f 814//814 815//815 816//816
f 817//817 818//818 819//819
f 820//820 821//821 822//822
f 823//823 824//824 825//825
f 826//826 827//827 828//828
f 829//829 830//830 831//831
f 832//832 833//833 834//834
f 835//835 836//836 837//837
f 838//838 839//839 840//840
f 841//841 842//842 843//843
f 844//844 845//845 846//846
f 847//847 848//848 849//849
f 850//850 851//851 852//852
f 853//853 854//854 855//855
f 856//856 857//857 858//858
f 859//859 860//860 861//861
f 862//862 863//863 864//864
f 865//865 866//866 867//867
f 868//868 869//869 870//870
f 871//871 872//872 873//873
f 874//874 875//875 876//876
f 877//877 878//878 879//879
f 880//880 881//881 882//882
f 883//883 884//884 885//885
f 886//886 887//887 888//888
f 889//889 890//890 891//891
f 892//892 893//893 894//894
f 895//895 896//896 897//897
f 898//898 899//899 900//900
f 901//901 902//902 903//903
f 904//904 905//905 906//906
f 907//907 908//908 909//909
f 910//910 911//911 912//912
f 913//913 914//914 915//915
f 916//916 917//917 918//918
f 919//919 920//920 921//921
f 922//922 923//923 924//924
f 925//925 926//926 927//927
f 928//928 929//929 930//930
f 931//931 932//932 933//933
f 934//934 935//935 936//936
f 937//937 938//938 939//939
f 940//940 941//941 942//942
f 943//943 944//944 945//945
f 946//946 947//947 948//948
f 949//949 950//950 951//951
f 952//952 953//953 954//954
f 955//955 956//956 957//957
f 958//958 959//959 960//960
f 961//961 962//962 963//963
f 964//964 965//965 966//966
f 967//967 968//968 969//969
f 970//970 971//971 972//972
f 973//973 974//974 975//975
f 976//976 977//977 978//978
f 979//979 980//980 981//981
f 982//982 983//983 984//984
f 985//985 986//986 987//987
f 988//988 989//989 990//990
f 991//991 992//992 993//993
f 994//994 995//995 996//996
f 997//997 998//998 999//999
f 1000//1000 1001//1001 1002//1002
f 1003//1003 1004//1004 1005//1005
f 1006//1006 1007//1007 1008//1008
f 1009//1009 1010//1010 1011//1011
f 1012//1012 1013//1013 1014//1014
f 1015//1015 1016//1016 1017//1017
f 1018//1018 1019//1019 1020//1020
f 1021//1021 1022//1022 1023//1023
f 1024//1024 1025//1025 1026//1026
f 1027//1027 1028//1028 1029//1029
f 1030//1030 1031//1031 1032//1032
f 1033//1033 1034//1034 1035//1035
f 1036//1036 1037//1037 1038//1038
f 1039//1039 1040//1040 1041//1041
f 1042//1042 1043//1043 1044//1044
f 1045//1045 1046//1046 1047//1047
f 1048//1048 1049//1049 1050//1050
f 1051//1051 1052//1052 1053//1053
f 1054//1054 1055//1055 1056//1056
f 1057//1057 1058//1058 1059//1059
f 1060//1060 1061//1061 1062//1062
f 1063//1063 1064//1064 1065//1065
f 1066//1066 1067//1067 1068//1068
f 1069//1069 1070//1070 1071//1071
f 1072//1072 1073//1073 1074//1074
f 1075//1075 1076//1076 1077//1077
f 1078//1078 1079//1079 1080//1080
f 1081//1081 1082//1082 1083//1083
f 1084//1084 1085//1085 1086//1086
f 1087//1087 1088//1088 1089//1089
f 1090//1090 1091//1091 1092//1092
f 1093//1093 1094//1094 1095//1095
f 1096//1096 1097//1097 1098//1098
f 1099//1099 1100//1100 1101//1101
f 1102//1102 1103//1103 1104//1104
f 1105//1105 1106//1106 1107//1107
f 1108//1108 1109//1109 1110//1110
f 1111//1111 1112//1112 1113//1113
f 1114//1114 1115//1115 1116//1116
f 1117//1117 1118//1118 1119//1119
f 1120//1120 1121//1121 1122//1122
f 1123//1123 1124//1124 1125//1125
f 1126//1126 1127//1127 1128//1128
f 1129//1129 1130//1130 1131//1131
f 1132//1132 1133//1133 1134//1134
f 1135//1135 1136//1136 1137//1137
f 1138//1138 1139//1139 1140//1140
f 1141//1141 1142//1142 1143//1143
f 1144//1144 1145//1145 1146//1146
f 1147//1147 1148//1148 1149//1149
f 1150//1150 1151//1151 1152//1152
f 1153//1153 1154//1154 1155//1155
f 1156//1156 1157//1157 1158//1158
f 1159//1159 1160//1160 1161//1161
f 1162//1162 1163//1163 1164//1164
f 1165//1165 1166//1166 1167//1167
f 1168//1168 1169//1169 1170//1170
f 1171//1171 1172//1172 1173//1173
f 1174//1174 1175//1175 1176//1176
f 1177//1177 1178//1178 1179//1179
f 1180//1180 1181//1181 1182//1182
f 1183//1183 1184//1184 1185//1185
f 1186//1186 1187//1187 1188//1188
f 1189//1189 1190//1190 1191//1191
f 1192//1192 1193//1193 1194//1194
f 1195//1195 1196//1196 1197//1197
f 1198//1198 1199//1199 1200//1200
f 1201//1201 1202//1202 1203//1203
f 1204//1204 1205//1205 1206//1206
f 1207//1207 1208//1208 1209//1209
f 1210//1210 1211//1211 1212//1212
f 1213//1213 1214//1214 1215//1215
f 1216//1216 1217//1217 1218//1218
f 1219//1219 1220//1220 1221//1221
f 1222//1222 1223//1223 1224//1224
f 1225//1225 1226//1226 1227//1227
f 1228//1228 1229//1229 1230//1230
f 1231//1231 1232//1232 1233//1233
f 1234//1234 1235//1235 1236//1236
f 1237//1237 1238//1238 1239//1239
f 1240//1240 1241//1241 1242//1242
f 1243//1243 1244//1244 1245//1245
f 1246//1246 1247//1247 1248//1248
f 1249//1249 1250//1250 1251//1251
f 1252//1252 1253//1253 1254//1254
f 1255//1255 1256//1256 1257//1257
f 1258//1258 1259//1259 1260//1260
f 1261//1261 1262//1262 1263//1263
f 1264//1264 1265//1265 1266//1266
f 1267//1267 1268//1268 1269//1269
f 1270//1270 1271//1271 1272//1272
f 1273//1273 1274//1274 1275//1275
f 1276//1276 1277//1277 1278//1278
f 1279//1279 1280//1280 1281//1281
f 1282//1282 1283//1283 1284//1284
f 1285//1285 1286//1286 1287//1287
f 1288//1288 1289//1289 1290//1290
f 1291//1291 1292//1292 1293//1293
f 1294//1294 1295//1295 1296//1296
f 1297//1297 1298//1298 1299//1299
f 1300//1300 1301//1301 1302//1302
f 1303//1303 1304//1304 1305//1305
f 1306//1306 1307//1307 1308//1308
f 1309//1309 1310//1310 1311//1311
f 1312//1312 1313//1313 1314//1314
f 1315//1315 1316//1316 1317//1317
f 1318//1318 1319//1319 1320//1320
f 1321//1321 1322//1322 1323//1323
f 1324//1324 1325//1325 1326//1326
f 1327//1327 1328//1328 1329//1329
f 1330//1330 1331//1331 1332//1332
f 1333//1333 1334//1334 1335//1335
f 1336//1336 1337//1337 1338//1338
f 1339//1339 1340//1340 1341//1341
f 1342//1342 1343//1343 1344//1344
f 1345//1345 1346//1346 1347//1347
f 1348//1348 1349//1349 1350//1350
f 1351//1351 1352//1352 1353//1353
f 1354//1354 1355//1355 1356//1356
f 1357//1357 1358//1358 1359//1359
f 1360//1360 1361//1361 1362//1362
f 1363//1363 1364//1364 1365//1365
f 1366//1366 1367//1367 1368//1368
f 1369//1369 1370//1370 1371//1371
f 1372//1372 1373//1373 1374//1374
f 1375//1375 1376//1376 1377//1377
f 1378//1378 1379//1379 1380//1380
f 1381//1381 1382//1382 1383//1383
f 1384//1384 1385//1385 1386//1386
f 1387//1387 1388//1388 1389//1389
f 1390//1390 1391//1391 1392//1392
f 1393//1393 1394//1394 1395//1395
f 1396//1396 1397//1397 1398//1398
f 1399//1399 1400//1400 1401//1401
f 1402//1402 1403//1403 1404//1404
f 1405//1405 1406//1406 1407//1407
f 1408//1408 1409//1409 1410//1410
f 1411//1411 1412//1412 1413//1413
f 1414//1414 1415//1415 1416//1416
f 1417//1417 1418//1418 1419//1419
f 1420//1420 1421//1421 1422//1422
f 1423//1423 1424//1424 1425//1425
f 1426//1426 1427//1427 1428//1428
f 1429//1429 1430//1430 1431//1431
f 1432//1432 1433//1433 1434//1434
f 1435//1435 1436//1436 1437//1437
f 1438//1438 1439//1439 1440//1440
f 1441//1441 1442//1442 1443//1443
f 1444//1444 1445//1445 1446//1446
f 1447//1447 1448//1448 1449//1449
f 1450//1450 1451//1451 1452//1452
f 1453//1453 1454//1454 1455//1455
f 1456//1456 1457//1457 1458//1458
f 1459//1459 1460//1460 1461//1461
f 1462//1462 1463//1463 1464//1464
f 1465//1465 1466//1466 1467//1467
f 1468//1468 1469//1469 1470//1470
f 1471//1471 1472//1472 1473//1473
f 1474//1474 1475//1475 1476//1476
f 1477//1477 1478//1478 1479//1479
f 1480//1480 1481//1481 1482//1482
f 1483//1483 1484//1484 1485//1485
f 1486//1486 1487//1487 1488//1488
f 1489//1489 1490//1490 1491//1491
f 1492//1492 1493//1493 1494//1494
f 1495//1495 1496//1496 1497//1497
f 1498//1498 1499//1499 1500//1500
f 1501//1501 1502//1502 1503//1503
f 1504//1504 1505//1505 1506//1506
f 1507//1507 1508//1508 1509//1509
f 1510//1510 1511//1511 1512//1512
f 1513//1513 1514//1514 1515//1515
f 1516//1516 1517//1517 1518//1518
f 1519//1519 1520//1520 1521//1521
f 1522//1522 1523//1523 1524//1524
f 1525//1525 1526//1526 1527//1527
f 1528//1528 1529//1529 1530//1530
f 1531//1531 1532//1532 1533//1533
f 1534//1534 1535//1535 1536//1536
f 1537//1537 1538//1538 1539//1539
f 1540//1540 1541//1541 1542//1542
f 1543//1543 1544//1544 1545//1545
f 1546//1546 1547//1547 1548//1548
f 1549//1549 1550//1550 1551//1551
f 1552//1552 1553//1553 1554//1554
f 1555//1555 1556//1556 1557//1557
f 1558//1558 1559//1559 1560//1560
f 1561//1561 1562//1562 1563//1563
f 1564//1564 1565//1565 1566//1566
f 1567//1567 1568//1568 1569//1569
f 1570//1570 1571//1571 1572//1572
f 1573//1573 1574//1574 1575//1575
f 1576//1576 1577//1577 1578//1578
f 1579//1579 1580//1580 1581//1581
f 1582//1582 1583//1583 1584//1584
f 1585//1585 1586//1586 1587//1587
f 1588//1588 1589//1589 1590//1590
f 1591//1591 1592//1592 1593//1593
f 1594//1594 1595//1595 1596//1596
f 1597//1597 1598//1598 1599//1599
f 1600//1600 1601//1601 1602//1602
f 1603//1603 1604//1604 1605//1605
f 1606//1606 1607//1607 1608//1608
f 1609//1609 1610//1610 1611//1611
f 1612//1612 1613//1613 1614//1614
f 1615//1615 1616//1616 1617//1617
f 1618//1618 1619//1619 1620//1620
f 1621//1621 1622//1622 1623//1623
f 1624//1624 1625//1625 1626//1626
f 1627//1627 1628//1628 1629//1629
f 1630//1630 1631//1631 1632//1632
f 1633//1633 1634//1634 1635//1635
f 1636//1636 1637//1637 1638//1638
f 1639//1639 1640//1640 1641//1641
f 1642//1642 1643//1643 1644//1644
f 1645//1645 1646//1646 1647//1647
f 1648//1648 1649//1649 1650//1650
f 1651//1651 1652//1652 1653//1653
f 1654//1654 1655//1655 1656//1656
f 1657//1657 1658//1658 1659//1659
f 1660//1660 1661//1661 1662//1662
f 1663//1663 1664//1664 1665//1665
f 1666//1666 1667//1667 1668//1668
f 1669//1669 1670//1670 1671//1671
f 1672//1672 1673//1673 1674//1674
f 1675//1675 1676//1676 1677//1677
f 1678//1678 1679//1679 1680//1680
f 1681//1681 1682//1682 1683//1683
f 1684//1684 1685//1685 1686//1686
f 1687//1687 1688//1688 1689//1689
f 1690//1690 1691//1691 1692//1692
f 1693//1693 1694//1694 1695//1695
f 1696//1696 1697//1697 1698//1698
f 1699//1699 1700//1700 1701//1701
f 1702//1702 1703//1703 1704//1704
f 1705//1705 1706//1706 1707//1707
f 1708//1708 1709//1709 1710//1710
f 1711//1711 1712//1712 1713//1713
f 1714//1714 1715//1715 1716//1716
f 1717//1717 1718//1718 1719//1719
f 1720//1720 1721//1721 1722//1722
f 1723//1723 1724//1724 1725//1725
f 1726//1726 1727//1727 1728//1728
f 1729//1729 1730//1730 1731//1731
f 1732//1732 1733//1733 1734//1734
f 1735//1735 1736//1736 1737//1737
f 1738//1738 1739//1739 1740//1740
f 1741//1741 1742//1742 1743//1743
f 1744//1744 1745//1745 1746//1746
f 1747//1747 1748//1748 1749//1749
f 1750//1750 1751//1751 1752//1752
f 1753//1753 1754//1754 1755//1755
f 1756//1756 1757//1757 1758//1758
f 1759//1759 1760//1760 1761//1761
f 1762//1762 1763//1763 1764//1764
f 1765//1765 1766//1766 1767//1767
f 1768//1768 1769//1769 1770//1770
f 1771//1771 1772//1772 1773//1773
f 1774//1774 1775//1775 1776//1776
f 1777//1777 1778//1778 1779//1779
f 1780//1780 1781//1781 1782//1782
f 1783//1783 1784//1784 1785//1785
f 1786//1786 1787//1787 1788//1788
f 1789//1789 1790//1790 1791//1791
f 1792//1792 1793//1793 1794//1794
f 1795//1795 1796//1796 1797//1797
f 1798//1798 1799//1799 1800//1800
f 1801//1801 1802//1802 1803//1803
f 1804//1804 1805//1805 1806//1806
f 1807//1807 1808//1808 1809//1809
f 1810//1810 1811//1811 1812//1812
f 1813//1813 1814//1814 1815//1815
f 1816//1816 1817//1817 1818//1818
f 1819//1819 1820//1820 1821//1821
f 1822//1822 1823//1823 1824//1824
f 1825//1825 1826//1826 1827//1827
f 1828//1828 1829//1829 1830//1830
f 1831//1831 1832//1832 1833//1833
f 1834//1834 1835//1835 1836//1836
f 1837//1837 1838//1838 1839//1839
f 1840//1840 1841//1841 1842//1842
f 1843//1843 1844//1844 1845//1845
f 1846//1846 1847//1847 1848//1848
f 1849//1849 1850//1850 1851//1851
f 1852//1852 1853//1853 1854//1854
f 1855//1855 1856//1856 1857//1857
f 1858//1858 1859//1859 1860//1860
f 1861//1861 1862//1862 1863//1863
f 1864//1864 1865//1865 1866//1866
f 1867//1867 1868//1868 1869//1869
f 1870//1870 1871//1871 1872//1872
f 1873//1873 1874//1874 1875//1875
f 1876//1876 1877//1877 1878//1878
f 1879//1879 1880//1880 1881//1881
f 1882//1882 1883//1883 1884//1884
f 1885//1885 1886//1886 1887//1887
f 1888//1888 1889//1889 1890//1890
f 1891//1891 1892//1892 1893//1893
f 1894//1894 1895//1895 1896//1896
f 1897//1897 1898//1898 1899//1899
f 1900//1900 1901//1901 1902//1902
f 1903//1903 1904//1904 1905//1905
f 1906//1906 1907//1907 1908//1908
f 1909//1909 1910//1910 1911//1911
f 1912//1912 1913//1913 1914//1914
f 1915//1915 1916//1916 1917//1917
f 1918//1918 1919//1919 1920//1920
f 1921//1921 1922//1922 1923//1923
f 1924//1924 1925//1925 1926//1926
f 1927//1927 1928//1928 1929//1929
f 1930//1930 1931//1931 1932//1932
f 1933//1933 1934//1934 1935//1935
f 1936//1936 1937//1937 1938//1938
f 1939//1939 1940//1940 1941//1941
f 1942//1942 1943//1943 1944//1944
f 1945//1945 1946//1946 1947//1947
f 1948//1948 1949//1949 1950//1950
f 1951//1951 1952//1952 1953//1953
f 1954//1954 1955//1955 1956//1956
f 1957//1957 1958//1958 1959//1959
f 1960//1960 1961//1961 1962//1962
f 1963//1963 1964//1964 1965//1965
f 1966//1966 1967//1967 1968//1968
f 1969//1969 1970//1970 1971//1971
f 1972//1972 1973//1973 1974//1974
f 1975//1975 1976//1976 1977//1977
f 1978//1978 1979//1979 1980//1980
f 1981//1981 1982//1982 1983//1983
f 1984//1984 1985//1985 1986//1986
f 1987//1987 1988//1988 1989//1989
f 1990//1990 1991//1991 1992//1992
f 1993//1993 1994//1994 1995//1995
f 1996//1996 1997//1997 1998//1998
f 1999//1999 2000//2000 2001//2001
f 2002//2002 2003//2003 2004//2004
f 2005//2005 2006//2006 2007//2007
f 2008//2008 2009//2009 2010//2010
f 2011//2011 2012//2012 2013//2013
f 2014//2014 2015//2015 2016//2016
f 2017//2017 2018//2018 2019//2019
f 2020//2020 2021//2021 2022//2022
f 2023//2023 2024//2024 2025//2025
f 2026//2026 2027//2027 2028//2028
f 2029//2029 2030//2030 2031//2031
f 2032//2032 2033//2033 2034//2034
f 2035//2035 2036//2036 2037//2037
f 2038//2038 2039//2039 2040//2040
f 2041//2041 2042//2042 2043//2043
f 2044//2044 2045//2045 2046//2046
f 2047//2047 2048//2048 2049//2049
f 2050//2050 2051//2051 2052//2052
f 2053//2053 2054//2054 2055//2055
f 2056//2056 2057//2057 2058//2058
f 2059//2059 2060//2060 2061//2061
f 2062//2062 2063//2063 2064//2064
f 2065//2065 2066//2066 2067//2067
f 2068//2068 2069//2069 2070//2070
f 2071//2071 2072//2072 2073//2073
f 2074//2074 2075//2075 2076//2076
f 2077//2077 2078//2078 2079//2079
f 2080//2080 2081//2081 2082//2082
f 2083//2083 2084//2084 2085//2085
f 2086//2086 2087//2087 2088//2088
f 2089//2089 2090//2090 2091//2091
f 2092//2092 2093//2093 2094//2094
f 2095//2095 2096//2096 2097//2097
f 2098//2098 2099//2099 2100//2100
f 2101//2101 2102//2102 2103//2103
f 2104//2104 2105//2105 2106//2106
f 2107//2107 2108//2108 2109//2109
f 2110//2110 2111//2111 2112//2112
f 2113//2113 2114//2114 2115//2115
f 2116//2116 2117//2117 2118//2118
f 2119//2119 2120//2120 2121//2121
f 2122//2122 2123//2123 2124//2124
f 2125//2125 2126//2126 2127//2127
f 2128//2128 2129//2129 2130//2130
f 2131//2131 2132//2132 2133//2133
f 2134//2134 2135//2135 2136//2136
f 2137//2137 2138//2138 2139//2139
f 2140//2140 2141//2141 2142//2142
f 2143//2143 2144//2144 2145//2145
f 2146//2146 2147//2147 2148//2148
f 2149//2149 2150//2150 2151//2151
f 2152//2152 2153//2153 2154//2154
f 2155//2155 2156//2156 2157//2157
f 2158//2158 2159//2159 2160//2160
f 2161//2161 2162//2162 2163//2163
f 2164//2164 2165//2165 2166//2166
f 2167//2167 2168//2168 2169//2169
f 2170//2170 2171//2171 2172//2172
f 2173//2173 2174//2174 2175//2175
f 2176//2176 2177//2177 2178//2178
f 2179//2179 2180//2180 2181//2181
f 2182//2182 2183//2183 2184//2184
f 2185//2185 2186//2186 2187//2187
f 2188//2188 2189//2189 2190//2190
f 2191//2191 2192//2192 2193//2193
f 2194//2194 2195//2195 2196//2196
f 2197//2197 2198//2198 2199//2199
f 2200//2200 2201//2201 2202//2202
f 2203//2203 2204//2204 2205//2205
f 2206//2206 2207//2207 2208//2208
f 2209//2209 2210//2210 2211//2211
f 2212//2212 2213//2213 2214//2214
f 2215//2215 2216//2216 2217//2217
f 2218//2218 2219//2219 2220//2220
f 2221//2221 2222//2222 2223//2223
f 2224//2224 2225//2225 2226//2226
f 2227//2227 2228//2228 2229//2229
f 2230//2230 2231//2231 2232//2232
f 2233//2233 2234//2234 2235//2235
f 2236//2236 2237//2237 2238//2238
f 2239//2239 2240//2240 2241//2241
f 2242//2242 2243//2243 2244//2244
f 2245//2245 2246//2246 2247//2247
f 2248//2248 2249//2249 2250//2250
f 2251//2251 2252//2252 2253//2253
f 2254//2254 2255//2255 2256//2256
f 2257//2257 2258//2258 2259//2259
f 2260//2260 2261//2261 2262//2262
f 2263//2263 2264//2264 2265//2265
f 2266//2266 2267//2267 2268//2268
f 2269//2269 2270//2270 2271//2271
f 2272//2272 2273//2273 2274//2274
f 2275//2275 2276//2276 2277//2277
f 2278//2278 2279//2279 2280//2280
f 2281//2281 2282//2282 2283//2283
f 2284//2284 2285//2285 2286//2286
f 2287//2287 2288//2288 2289//2289
f 2290//2290 2291//2291 2292//2292
f 2293//2293 2294//2294 2295//2295
f 2296//2296 2297//2297 2298//2298
f 2299//2299 2300//2300 2301//2301
f 2302//2302 2303//2303 2304//2304
f 2305//2305 2306//2306 2307//2307
f 2308//2308 2309//2309 2310//2310
f 2311//2311 2312//2312 2313//2313
f 2314//2314 2315//2315 2316//2316
f 2317//2317 2318//2318 2319//2319
f 2320//2320 2321//2321 2322//2322
f 2323//2323 2324//2324 2325//2325
f 2326//2326 2327//2327 2328//2328
f 2329//2329 2330//2330 2331//2331
f 2332//2332 2333//2333 2334//2334
f 2335//2335 2336//2336 2337//2337
f 2338//2338 2339//2339 2340//2340
f 2341//2341 2342//2342 2343//2343
f 2344//2344 2345//2345 2346//2346
f 2347//2347 2348//2348 2349//2349
f 2350//2350 2351//2351 2352//2352
f 2353//2353 2354//2354 2355//2355
f 2356//2356 2357//2357 2358//2358
f 2359//2359 2360//2360 2361//2361
f 2362//2362 2363//2363 2364//2364
f 2365//2365 2366//2366 2367//2367
f 2368//2368 2369//2369 2370//2370
f 2371//2371 2372//2372 2373//2373
f 2374//2374 2375//2375 2376//2376
f 2377//2377 2378//2378 2379//2379
f 2380//2380 2381//2381 2382//2382
f 2383//2383 2384//2384 2385//2385
f 2386//2386 2387//2387 2388//2388
f 2389//2389 2390//2390 2391//2391
f 2392//2392 2393//2393 2394//2394
f 2395//2395 2396//2396 2397//2397
f 2398//2398 2399//2399 2400//2400
f 2401//2401 2402//2402 2403//2403
f 2404//2404 2405//2405 2406//2406
f 2407//2407 2408//2408 2409//2409
f 2410//2410 2411//2411 2412//2412
f 2413//2413 2414//2414 2415//2415
f 2416//2416 2417//2417 2418//2418
f 2419//2419 2420//2420 2421//2421
f 2422//2422 2423//2423 2424//2424
f 2425//2425 2426//2426 2427//2427
f 2428//2428 2429//2429 2430//2430
f 2431//2431 2432//2432 2433//2433
f 2434//2434 2435//2435 2436//2436
f 2437//2437 2438//2438 2439//2439
f 2440//2440 2441//2441 2442//2442
f 2443//2443 2444//2444 2445//2445
f 2446//2446 2447//2447 2448//2448
f 2449//2449 2450//2450 2451//2451
f 2452//2452 2453//2453 2454//2454
f 2455//2455 2456//2456 2457//2457
f 2458//2458 2459//2459 2460//2460
f 2461//2461 2462//2462 2463//2463
f 2464//2464 2465//2465 2466//2466
f 2467//2467 2468//2468 2469//2469
f 2470//2470 2471//2471 2472//2472
f 2473//2473 2474//2474 2475//2475
f 2476//2476 2477//2477 2478//2478
f 2479//2479 2480//2480 2481//2481
f 2482//2482 2483//2483 2484//2484
f 2485//2485 2486//2486 2487//2487
f 2488//2488 2489//2489 2490//2490
f 2491//2491 2492//2492 2493//2493
f 2494//2494 2495//2495 2496//2496
f 2497//2497 2498//2498 2499//2499
f 2500//2500 2501//2501 2502//2502
f 2503//2503 2504//2504 2505//2505
f 2506//2506 2507//2507 2508//2508
f 2509//2509 2510//2510 2511//2511
f 2512//2512 2513//2513 2514//2514
f 2515//2515 2516//2516 2517//2517
f 2518//2518 2519//2519 2520//2520
f 2521//2521 2522//2522 2523//2523
f 2524//2524 2525//2525 2526//2526
f 2527//2527 2528//2528 2529//2529
f 2530//2530 2531//2531 2532//2532
f 2533//2533 2534//2534 2535//2535
f 2536//2536 2537//2537 2538//2538
f 2539//2539 2540//2540 2541//2541
f 2542//2542 2543//2543 2544//2544
f 2545//2545 2546//2546 2547//2547
f 2548//2548 2549//2549 2550//2550
f 2551//2551 2552//2552 2553//2553
f 2554//2554 2555//2555 2556//2556
f 2557//2557 2558//2558 2559//2559
f 2560//2560 2561//2561 2562//2562
f 2563//2563 2564//2564 2565//2565
f 2566//2566 2567//2567 2568//2568
f 2569//2569 2570//2570 2571//2571
f 2572//2572 2573//2573 2574//2574
f 2575//2575 2576//2576 2577//2577
f 2578//2578 2579//2579 2580//2580
f 2581//2581 2582//2582 2583//2583
f 2584//2584 2585//2585 2586//2586
f 2587//2587 2588//2588 2589//2589
f 2590//2590 2591//2591 2592//2592
f 2593//2593 2594//2594 2595//2595
f 2596//2596 2597//2597 2598//2598
f 2599//2599 2600//2600 2601//2601
f 2602//2602 2603//2603 2604//2604
f 2605//2605 2606//2606 2607//2607
f 2608//2608 2609//2609 2610//2610
f 2611//2611 2612//2612 2613//2613
f 2614//2614 2615//2615 2616//2616
f 2617//2617 2618//2618 2619//2619
f 2620//2620 2621//2621 2622//2622
f 2623//2623 2624//2624 2625//2625
f 2626//2626 2627//2627 2628//2628
f 2629//2629 2630//2630 2631//2631
f 2632//2632 2633//2633 2634//2634
f 2635//2635 2636//2636 2637//2637
f 2638//2638 2639//2639 2640//2640
f 2641//2641 2642//2642 2643//2643
f 2644//2644 2645//2645 2646//2646
f 2647//2647 2648//2648 2649//2649
f 2650//2650 2651//2651 2652//2652
f 2653//2653 2654//2654 2655//2655
f 2656//2656 2657//2657 2658//2658
f 2659//2659 2660//2660 2661//2661
f 2662//2662 2663//2663 2664//2664
f 2665//2665 2666//2666 2667//2667
f 2668//2668 2669//2669 2670//2670
f 2671//2671 2672//2672 2673//2673
f 2674//2674 2675//2675 2676//2676
f 2677//2677 2678//2678 2679//2679
f 2680//2680 2681//2681 2682//2682
f 2683//2683 2684//2684 2685//2685
f 2686//2686 2687//2687 2688//2688
f 2689//2689 2690//2690 2691//2691
f 2692//2692 2693//2693 2694//2694
f 2695//2695 2696//2696 2697//2697
f 2698//2698 2699//2699 2700//2700
f 2701//2701 2702//2702 2703//2703
f 2704//2704 2705//2705 2706//2706
f 2707//2707 2708//2708 2709//2709
f 2710//2710 2711//2711 2712//2712
f 2713//2713 2714//2714 2715//2715
f 2716//2716 2717//2717 2718//2718
f 2719//2719 2720//2720 2721//2721
f 2722//2722 2723//2723 2724//2724
f 2725//2725 2726//2726 2727//2727
f 2728//2728 2729//2729 2730//2730
f 2731//2731 2732//2732 2733//2733
f 2734//2734 2735//2735 2736//2736
f 2737//2737 2738//2738 2739//2739
f 2740//2740 2741//2741 2742//2742
f 2743//2743 2744//2744 2745//2745
f 2746//2746 2747//2747 2748//2748
f 2749//2749 2750//2750 2751//2751
f 2752//2752 2753//2753 2754//2754
f 2755//2755 2756//2756 2757//2757
f 2758//2758 2759//2759 2760//2760
f 2761//2761 2762//2762 2763//2763
f 2764//2764 2765//2765 2766//2766
f 2767//2767 2768//2768 2769//2769
f 2770//2770 2771//2771 2772//2772
f 2773//2773 2774//2774 2775//2775
f 2776//2776 2777//2777 2778//2778
f 2779//2779 2780//2780 2781//2781
f 2782//2782 2783//2783 2784//2784
f 2785//2785 2786//2786 2787//2787
f 2788//2788 2789//2789 2790//2790
f 2791//2791 2792//2792 2793//2793
f 2794//2794 2795//2795 2796//2796
f 2797//2797 2798//2798 2799//2799
f 2800//2800 2801//2801 2802//2802
f 2803//2803 2804//2804 2805//2805
f 2806//2806 2807//2807 2808//2808
f 2809//2809 2810//2810 2811//2811
f 2812//2812 2813//2813 2814//2814
f 2815//2815 2816//2816 2817//2817
f 2818//2818 2819//2819 2820//2820
f 2821//2821 2822//2822 2823//2823
f 2824//2824 2825//2825 2826//2826
f 2827//2827 2828//2828 2829//2829
f 2830//2830 2831//2831 2832//2832
f 2833//2833 2834//2834 2835//2835
f 2836//2836 2837//2837 2838//2838
f 2839//2839 2840//2840 2841//2841
f 2842//2842 2843//2843 2844//2844
f 2845//2845 2846//2846 2847//2847
f 2848//2848 2849//2849 2850//2850
f 2851//2851 2852//2852 2853//2853
f 2854//2854 2855//2855 2856//2856
f 2857//2857 2858//2858 2859//2859
f 2860//2860 2861//2861 2862//2862
f 2863//2863 2864//2864 2865//2865
f 2866//2866 2867//2867 2868//2868
f 2869//2869 2870//2870 2871//2871
f 2872//2872 2873//2873 2874//2874
f 2875//2875 2876//2876 2877//2877
f 2878//2878 2879//2879 2880//2880
f 2881//2881 2882//2882 2883//2883
f 2884//2884 2885//2885 2886//2886
f 2887//2887 2888//2888 2889//2889
f 2890//2890 2891//2891 2892//2892
f 2893//2893 2894//2894 2895//2895
f 2896//2896 2897//2897 2898//2898
f 2899//2899 2900//2900 2901//2901
f 2902//2902 2903//2903 2904//2904
f 2905//2905 2906//2906 2907//2907
f 2908//2908 2909//2909 2910//2910
f 2911//2911 2912//2912 2913//2913
f 2914//2914 2915//2915 2916//2916
f 2917//2917 2918//2918 2919//2919
f 2920//2920 2921//2921 2922//2922
f 2923//2923 2924//2924 2925//2925
f 2926//2926 2927//2927 2928//2928
f 2929//2929 2930//2930 2931//2931
f 2932//2932 2933//2933 2934//2934
f 2935//2935 2936//2936 2937//2937
f 2938//2938 2939//2939 2940//2940
f 2941//2941 2942//2942 2943//2943
f 2944//2944 2945//2945 2946//2946
f 2947//2947 2948//2948 2949//2949
f 2950//2950 2951//2951 2952//2952
f 2953//2953 2954//2954 2955//2955
f 2956//2956 2957//2957 2958//2958
f 2959//2959 2960//2960 2961//2961
f 2962//2962 2963//2963 2964//2964
f 2965//2965 2966//2966 2967//2967
f 2968//2968 2969//2969 2970//2970
f 2971//2971 2972//2972 2973//2973
f 2974//2974 2975//2975 2976//2976
f 2977//2977 2978//2978 2979//2979
f 2980//2980 2981//2981 2982//2982
f 2983//2983 2984//2984 2985//2985
f 2986//2986 2987//2987 2988//2988
f 2989//2989 2990//2990 2991//2991
f 2992//2992 2993//2993 2994//2994
f 2995//2995 2996//2996 2997//2997
f 2998//2998 2999//2999 3000//3000
f 3001//3001 3002//3002 3003//3003
f 3004//3004 3005//3005 3006//3006
f 3007//3007 3008//3008 3009//3009
f 3010//3010 3011//3011 3012//3012
f 3013//3013 3014//3014 3015//3015
f 3016//3016 3017//3017 3018//3018
f 3019//3019 3020//3020 3021//3021
f 3022//3022 3023//3023 3024//3024
f 3025//3025 3026//3026 3027//3027
f 3028//3028 3029//3029 3030//3030
f 3031//3031 3032//3032 3033//3033
f 3034//3034 3035//3035 3036//3036
f 3037//3037 3038//3038 3039//3039
f 3040//3040 3041//3041 3042//3042
f 3043//3043 3044//3044 3045//3045
f 3046//3046 3047//3047 3048//3048
f 3049//3049 3050//3050 3051//3051
f 3052//3052 3053//3053 3054//3054
f 3055//3055 3056//3056 3057//3057
f 3058//3058 3059//3059 3060//3060
f 3061//3061 3062//3062 3063//3063
f 3064//3064 3065//3065 3066//3066
f 3067//3067 3068//3068 3069//3069
f 3070//3070 3071//3071 3072//3072
f 3073//3073 3074//3074 3075//3075
f 3076//3076 3077//3077 3078//3078
f 3079//3079 3080//3080 3081//3081
f 3082//3082 3083//3083 3084//3084
f 3085//3085 3086//3086 3087//3087
f 3088//3088 3089//3089 3090//3090
f 3091//3091 3092//3092 3093//3093
f 3094//3094 3095//3095 3096//3096
f 3097//3097 3098//3098 3099//3099
f 3100//3100 3101//3101 3102//3102
f 3103//3103 3104//3104 3105//3105
f 3106//3106 3107//3107 3108//3108
f 3109//3109 3110//3110 3111//3111
f 3112//3112 3113//3113 3114//3114
f 3115//3115 3116//3116 3117//3117
f 3118//3118 3119//3119 3120//3120
f 3121//3121 3122//3122 3123//3123
f 3124//3124 3125//3125 3126//3126
f 3127//3127 3128//3128 3129//3129
f 3130//3130 3131//3131 3132//3132
f 3133//3133 3134//3134 3135//3135
f 3136//3136 3137//3137 3138//3138
f 3139//3139 3140//3140 3141//3141
f 3142//3142 3143//3143 3144//3144
f 3145//3145 3146//3146 3147//3147
f 3148//3148 3149//3149 3150//3150
f 3151//3151 3152//3152 3153//3153
f 3154//3154 3155//3155 3156//3156
f 3157//3157 3158//3158 3159//3159
f 3160//3160 3161//3161 3162//3162
f 3163//3163 3164//3164 3165//3165
f 3166//3166 3167//3167 3168//3168
f 3169//3169 3170//3170 3171//3171
f 3172//3172 3173//3173 3174//3174
f 3175//3175 3176//3176 3177//3177
f 3178//3178 3179//3179 3180//3180
f 3181//3181 3182//3182 3183//3183
f 3184//3184 3185//3185 3186//3186
f 3187//3187 3188//3188 3189//3189
f 3190//3190 3191//3191 3192//3192
f 3193//3193 3194//3194 3195//3195
f 3196//3196 3197//3197 3198//3198
f 3199//3199 3200//3200 3201//3201
f 3202//3202 3203//3203 3204//3204
f 3205//3205 3206//3206 3207//3207
f 3208//3208 3209//3209 3210//3210
f 3211//3211 3212//3212 3213//3213
f 3214//3214 3215//3215 3216//3216
f 3217//3217 3218//3218 3219//3219
f 3220//3220 3221//3221 3222//3222
f 3223//3223 3224//3224 3225//3225
f 3226//3226 3227//3227 3228//3228
f 3229//3229 3230//3230 3231//3231
f 3232//3232 3233//3233 3234//3234
f 3235//3235 3236//3236 3237//3237
f 3238//3238 3239//3239 3240//3240
f 3241//3241 3242//3242 3243//3243
f 3244//3244 3245//3245 3246//3246
f 3247//3247 3248//3248 3249//3249
f 3250//3250 3251//3251 3252//3252
f 3253//3253 3254//3254 3255//3255
f 3256//3256 3257//3257 3258//3258
f 3259//3259 3260//3260 3261//3261
f 3262//3262 3263//3263 3264//3264
f 3265//3265 3266//3266 3267//3267
f 3268//3268 3269//3269 3270//3270
f 3271//3271 3272//3272 3273//3273
f 3274//3274 3275//3275 3276//3276
f 3277//3277 3278//3278 3279//3279
f 3280//3280 3281//3281 3282//3282
f 3283//3283 3284//3284 3285//3285
f 3286//3286 3287//3287 3288//3288
f 3289//3289 3290//3290 3291//3291
f 3292//3292 3293//3293 3294//3294
f 3295//3295 3296//3296 3297//3297
f 3298//3298 3299//3299 3300//3300
f 3301//3301 3302//3302 3303//3303
f 3304//3304 3305//3305 3306//3306
f 3307//3307 3308//3308 3309//3309
f 3310//3310 3311//3311 3312//3312
f 3313//3313 3314//3314 3315//3315
f 3316//3316 3317//3317 3318//3318
f 3319//3319 3320//3320 3321//3321
f 3322//3322 3323//3323 3324//3324
f 3325//3325 3326//3326 3327//3327
f 3328//3328 3329//3329 3330//3330
f 3331//3331 3332//3332 3333//3333
f 3334//3334 3335//3335 3336//3336
f 3337//3337 3338//3338 3339//3339
f 3340//3340 3341//3341 3342//3342
f 3343//3343 3344//3344 3345//3345
f 3346//3346 3347//3347 3348//3348
f 3349//3349 3350//3350 3351//3351
f 3352//3352 3353//3353 3354//3354
f 3355//3355 3356//3356 3357//3357
f 3358//3358 3359//3359 3360//3360
f 3361//3361 3362//3362 3363//3363
f 3364//3364 3365//3365 3366//3366
f 3367//3367 3368//3368 3369//3369
f 3370//3370 3371//3371 3372//3372
f 3373//3373 3374//3374 3375//3375
f 3376//3376 3377//3377 3378//3378
f 3379//3379 3380//3380 3381//3381
f 3382//3382 3383//3383 3384//3384
f 3385//3385 3386//3386 3387//3387
f 3388//3388 3389//3389 3390//3390
f 3391//3391 3392//3392 3393//3393
f 3394//3394 3395//3395 3396//3396
f 3397//3397 3398//3398 3399//3399
f 3400//3400 3401//3401 3402//3402
f 3403//3403 3404//3404 3405//3405
f 3406//3406 3407//3407 3408//3408
f 3409//3409 3410//3410 3411//3411
f 3412//3412 3413//3413 3414//3414
f 3415//3415 3416//3416 3417//3417
f 3418//3418 3419//3419 3420//3420
f 3421//3421 3422//3422 3423//3423
f 3424//3424 3425//3425 3426//3426
f 3427//3427 3428//3428 3429//3429
f 3430//3430 3431//3431 3432//3432
f 3433//3433 3434//3434 3435//3435
f 3436//3436 3437//3437 3438//3438
f 3439//3439 3440//3440 3441//3441
f 3442//3442 3443//3443 3444//3444
f 3445//3445 3446//3446 3447//3447
f 3448//3448 3449//3449 3450//3450
f 3451//3451 3452//3452 3453//3453
f 3454//3454 3455//3455 3456//3456
f 3457//3457 3458//3458 3459//3459
f 3460//3460 3461//3461 3462//3462
f 3463//3463 3464//3464 3465//3465
f 3466//3466 3467//3467 3468//3468
f 3469//3469 3470//3470 3471//3471
f 3472//3472 3473//3473 3474//3474
f 3475//3475 3476//3476 3477//3477
f 3478//3478 3479//3479 3480//3480
f 3481//3481 3482//3482 3483//3483
f 3484//3484 3485//3485 3486//3486
f 3487//3487 3488//3488 3489//3489
f 3490//3490 3491//3491 3492//3492
f 3493//3493 3494//3494 3495//3495
f 3496//3496 3497//3497 3498//3498
f 3499//3499 3500//3500 3501//3501
f 3502//3502 3503//3503 3504//3504
f 3505//3505 3506//3506 3507//3507
f 3508//3508 3509//3509 3510//3510
f 3511//3511 3512//3512 3513//3513
f 3514//3514 3515//3515 3516//3516
f 3517//3517 3518//3518 3519//3519
f 3520//3520 3521//3521 3522//3522
f 3523//3523 3524//3524 3525//3525
f 3526//3526 3527//3527 3528//3528
f 3529//3529 3530//3530 3531//3531
f 3532//3532 3533//3533 3534//3534
f 3535//3535 3536//3536 3537//3537
f 3538//3538 3539//3539 3540//3540
f 3541//3541 3542//3542 3543//3543
f 3544//3544 3545//3545 3546//3546
f 3547//3547 3548//3548 3549//3549
f 3550//3550 3551//3551 3552//3552
f 3553//3553 3554//3554 3555//3555
f 3556//3556 3557//3557 3558//3558
f 3559//3559 3560//3560 3561//3561
f 3562//3562 3563//3563 3564//3564
f 3565//3565 3566//3566 3567//3567
f 3568//3568 3569//3569 3570//3570
f 3571//3571 3572//3572 3573//3573
f 3574//3574 3575//3575 3576//3576
f 3577//3577 3578//3578 3579//3579
f 3580//3580 3581//3581 3582//3582
f 3583//3583 3584//3584 3585//3585
f 3586//3586 3587//3587 3588//3588
f 3589//3589 3590//3590 3591//3591
f 3592//3592 3593//3593 3594//3594
f 3595//3595 3596//3596 3597//3597
f 3598//3598 3599//3599 3600//3600
f 3601//3601 3602//3602 3603//3603
f 3604//3604 3605//3605 3606//3606
f 3607//3607 3608//3608 3609//3609
f 3610//3610 3611//3611 3612//3612
f 3613//3613 3614//3614 3615//3615
f 3616//3616 3617//3617 3618//3618
f 3619//3619 3620//3620 3621//3621
f 3622//3622 3623//3623 3624//3624
f 3625//3625 3626//3626 3627//3627
f 3628//3628 3629//3629 3630//3630
f 3631//3631 3632//3632 3633//3633
f 3634//3634 3635//3635 3636//3636
f 3637//3637 3638//3638 3639//3639
f 3640//3640 3641//3641 3642//3642
f 3643//3643 3644//3644 3645//3645
f 3646//3646 3647//3647 3648//3648
f 3649//3649 3650//3650 3651//3651
f 3652//3652 3653//3653 3654//3654
f 3655//3655 3656//3656 3657//3657
f 3658//3658 3659//3659 3660//3660
f 3661//3661 3662//3662 3663//3663
f 3664//3664 3665//3665 3666//3666
f 3667//3667 3668//3668 3669//3669
f 3670//3670 3671//3671 3672//3672
f 3673//3673 3674//3674 3675//3675
f 3676//3676 3677//3677 3678//3678
f 3679//3679 3680//3680 3681//3681
f 3682//3682 3683//3683 3684//3684
f 3685//3685 3686//3686 3687//3687
f 3688//3688 3689//3689 3690//3690
f 3691//3691 3692//3692 3693//3693
f 3694//3694 3695//3695 3696//3696
f 3697//3697 3698//3698 3699//3699
f 3700//3700 3701//3701 3702//3702
f 3703//3703 3704//3704 3705//3705
f 3706//3706 3707//3707 3708//3708
f 3709//3709 3710//3710 3711//3711
f 3712//3712 3713//3713 3714//3714
f 3715//3715 3716//3716 3717//3717
f 3718//3718 3719//3719 3720//3720
f 3721//3721 3722//3722 3723//3723
f 3724//3724 3725//3725 3726//3726
f 3727//3727 3728//3728 3729//3729
f 3730//3730 3731//3731 3732//3732
f 3733//3733 3734//3734 3735//3735
f 3736//3736 3737//3737 3738//3738
f 3739//3739 3740//3740 3741//3741
f 3742//3742 3743//3743 3744//3744
f 3745//3745 3746//3746 3747//3747
f 3748//3748 3749//3749 3750//3750
f 3751//3751 3752//3752 3753//3753
f 3754//3754 3755//3755 3756//3756
f 3757//3757 3758//3758 3759//3759
f 3760//3760 3761//3761 3762//3762
f 3763//3763 3764//3764 3765//3765
f 3766//3766 3767//3767 3768//3768
f 3769//3769 3770//3770 3771//3771
f 3772//3772 3773//3773 3774//3774
f 3775//3775 3776//3776 3777//3777
f 3778//3778 3779//3779 3780//3780
f 3781//3781 3782//3782 3783//3783
f 3784//3784 3785//3785 3786//3786
f 3787//3787 3788//3788 3789//3789
f 3790//3790 3791//3791 3792//3792
f 3793//3793 3794//3794 3795//3795
f 3796//3796 3797//3797 3798//3798
f 3799//3799 3800//3800 3801//3801
f 3802//3802 3803//3803 3804//3804
f 3805//3805 3806//3806 3807//3807
f 3808//3808 3809//3809 3810//3810
f 3811//3811 3812//3812 3813//3813
f 3814//3814 3815//3815 3816//3816
f 3817//3817 3818//3818 3819//3819
f 3820//3820 3821//3821 3822//3822
f 3823//3823 3824//3824 3825//3825
f 3826//3826 3827//3827 3828//3828
f 3829//3829 3830//3830 3831//3831
f 3832//3832 3833//3833 3834//3834
f 3835//3835 3836//3836 3837//3837
f 3838//3838 3839//3839 3840//3840
f 3841//3841 3842//3842 3843//3843
f 3844//3844 3845//3845 3846//3846
f 3847//3847 3848//3848 3849//3849
f 3850//3850 3851//3851 3852//3852
f 3853//3853 3854//3854 3855//3855
f 3856//3856 3857//3857 3858//3858
f 3859//3859 3860//3860 3861//3861
f 3862//3862 3863//3863 3864//3864
f 3865//3865 3866//3866 3867//3867
f 3868//3868 3869//3869 3870//3870
f 3871//3871 3872//3872 3873//3873
f 3874//3874 3875//3875 3876//3876
f 3877//3877 3878//3878 3879//3879
f 3880//3880 3881//3881 3882//3882
f 3883//3883 3884//3884 3885//3885
f 3886//3886 3887//3887 3888//3888
f 3889//3889 3890//3890 3891//3891
f 3892//3892 3893//3893 3894//3894
f 3895//3895 3896//3896 3897//3897
f 3898//3898 3899//3899 3900//3900
f 3901//3901 3902//3902 3903//3903
f 3904//3904 3905//3905 3906//3906
f 3907//3907 3908//3908 3909//3909
f 3910//3910 3911//3911 3912//3912
f 3913//3913 3914//3914 3915//3915
f 3916//3916 3917//3917 3918//3918
f 3919//3919 3920//3920 3921//3921
f 3922//3922 3923//3923 3924//3924
f 3925//3925 3926//3926 3927//3927
f 3928//3928 3929//3929 3930//3930
f 3931//3931 3932//3932 3933//3933
f 3934//3934 3935//3935 3936//3936
f 3937//3937 3938//3938 3939//3939
f 3940//3940 3941//3941 3942//3942
f 3943//3943 3944//3944 3945//3945
f 3946//3946 3947//3947 3948//3948
f 3949//3949 3950//3950 3951//3951
f 3952//3952 3953//3953 3954//3954
f 3955//3955 3956//3956 3957//3957
f 3958//3958 3959//3959 3960//3960
f 3961//3961 3962//3962 3963//3963
f 3964//3964 3965//3965 3966//3966
f 3967//3967 3968//3968 3969//3969
f 3970//3970 3971//3971 3972//3972
f 3973//3973 3974//3974 3975//3975
f 3976//3976 3977//3977 3978//3978
f 3979//3979 3980//3980 3981//3981
f 3982//3982 3983//3983 3984//3984
f 3985//3985 3986//3986 3987//3987
f 3988//3988 3989//3989 3990//3990
f 3991//3991 3992//3992 3993//3993
f 3994//3994 3995//3995 3996//3996
f 3997//3997 3998//3998 3999//3999
f 4000//4000 4001//4001 4002//4002
f 4003//4003 4004//4004 4005//4005
f 4006//4006 4007//4007 4008//4008
f 4009//4009 4010//4010 4011//4011
f 4012//4012 4013//4013 4014//4014
f 4015//4015 4016//4016 4017//4017
f 4018//4018 4019//4019 4020//4020
f 4021//4021 4022//4022 4023//4023
f 4024//4024 4025//4025 4026//4026
f 4027//4027 4028//4028 4029//4029
f 4030//4030 4031//4031 4032//4032
f 4033//4033 4034//4034 4035//4035
f 4036//4036 4037//4037 4038//4038
f 4039//4039 4040//4040 4041//4041
f 4042//4042 4043//4043 4044//4044
f 4045//4045 4046//4046 4047//4047
f 4048//4048 4049//4049 4050//4050
f 4051//4051 4052//4052 4053//4053
f 4054//4054 4055//4055 4056//4056
f 4057//4057 4058//4058 4059//4059
f 4060//4060 4061//4061 4062//4062
f 4063//4063 4064//4064 4065//4065
f 4066//4066 4067//4067 4068//4068
f 4069//4069 4070//4070 4071//4071
f 4072//4072 4073//4073 4074//4074
f 4075//4075 4076//4076 4077//4077
f 4078//4078 4079//4079 4080//4080
f 4081//4081 4082//4082 4083//4083
f 4084//4084 4085//4085 4086//4086
f 4087//4087 4088//4088 4089//4089
f 4090//4090 4091//4091 4092//4092
f 4093//4093 4094//4094 4095//4095
f 4096//4096 4097//4097 4098//4098
f 4099//4099 4100//4100 4101//4101
f 4102//4102 4103//4103 4104//4104
f 4105//4105 4106//4106 4107//4107
f 4108//4108 4109//4109 4110//4110
f 4111//4111 4112//4112 4113//4113
f 4114//4114 4115//4115 4116//4116
f 4117//4117 4118//4118 4119//4119
f 4120//4120 4121//4121 4122//4122
f 4123//4123 4124//4124 4125//4125
f 4126//4126 4127//4127 4128//4128
f 4129//4129 4130//4130 4131//4131
f 4132//4132 4133//4133 4134//4134
f 4135//4135 4136//4136 4137//4137
f 4138//4138 4139//4139 4140//4140
f 4141//4141 4142//4142 4143//4143
f 4144//4144 4145//4145 4146//4146
f 4147//4147 4148//4148 4149//4149
f 4150//4150 4151//4151 4152//4152
f 4153//4153 4154//4154 4155//4155
f 4156//4156 4157//4157 4158//4158
f 4159//4159 4160//4160 4161//4161
f 4162//4162 4163//4163 4164//4164
f 4165//4165 4166//4166 4167//4167
f 4168//4168 4169//4169 4170//4170
f 4171//4171 4172//4172 4173//4173
f 4174//4174 4175//4175 4176//4176
f 4177//4177 4178//4178 4179//4179
f 4180//4180 4181//4181 4182//4182
f 4183//4183 4184//4184 4185//4185
f 4186//4186 4187//4187 4188//4188
f 4189//4189 4190//4190 4191//4191
f 4192//4192 4193//4193 4194//4194
f 4195//4195 4196//4196 4197//4197
f 4198//4198 4199//4199 4200//4200
f 4201//4201 4202//4202 4203//4203
f 4204//4204 4205//4205 4206//4206
f 4207//4207 4208//4208 4209//4209
f 4210//4210 4211//4211 4212//4212
f 4213//4213 4214//4214 4215//4215
f 4216//4216 4217//4217 4218//4218
f 4219//4219 4220//4220 4221//4221
f 4222//4222 4223//4223 4224//4224
f 4225//4225 4226//4226 4227//4227
f 4228//4228 4229//4229 4230//4230
f 4231//4231 4232//4232 4233//4233
f 4234//4234 4235//4235 4236//4236
f 4237//4237 4238//4238 4239//4239
f 4240//4240 4241//4241 4242//4242
f 4243//4243 4244//4244 4245//4245
f 4246//4246 4247//4247 4248//4248
f 4249//4249 4250//4250 4251//4251
f 4252//4252 4253//4253 4254//4254
f 4255//4255 4256//4256 4257//4257
f 4258//4258 4259//4259 4260//4260
f 4261//4261 4262//4262 4263//4263
f 4264//4264 4265//4265 4266//4266
f 4267//4267 4268//4268 4269//4269
f 4270//4270 4271//4271 4272//4272
f 4273//4273 4274//4274 4275//4275
f 4276//4276 4277//4277 4278//4278
f 4279//4279 4280//4280 4281//4281
f 4282//4282 4283//4283 4284//4284
f 4285//4285 4286//4286 4287//4287
f 4288//4288 4289//4289 4290//4290
f 4291//4291 4292//4292 4293//4293
f 4294//4294 4295//4295 4296//4296
f 4297//4297 4298//4298 4299//4299
f 4300//4300 4301//4301 4302//4302
f 4303//4303 4304//4304 4305//4305
f 4306//4306 4307//4307 4308//4308
f 4309//4309 4310//4310 4311//4311
f 4312//4312 4313//4313 4314//4314
f 4315//4315 4316//4316 4317//4317
f 4318//4318 4319//4319 4320//4320
f 4321//4321 4322//4322 4323//4323
f 4324//4324 4325//4325 4326//4326
f 4327//4327 4328//4328 4329//4329
f 4330//4330 4331//4331 4332//4332
f 4333//4333 4334//4334 4335//4335
f 4336//4336 4337//4337 4338//4338
f 4339//4339 4340//4340 4341//4341
f 4342//4342 4343//4343 4344//4344
f 4345//4345 4346//4346 4347//4347
f 4348//4348 4349//4349 4350//4350
f 4351//4351 4352//4352 4353//4353
f 4354//4354 4355//4355 4356//4356
f 4357//4357 4358//4358 4359//4359
f 4360//4360 4361//4361 4362//4362
f 4363//4363 4364//4364 4365//4365
f 4366//4366 4367//4367 4368//4368
f 4369//4369 4370//4370 4371//4371
f 4372//4372 4373//4373 4374//4374
f 4375//4375 4376//4376 4377//4377
f 4378//4378 4379//4379 4380//4380
f 4381//4381 4382//4382 4383//4383
f 4384//4384 4385//4385 4386//4386
f 4387//4387 4388//4388 4389//4389
f 4390//4390 4391//4391 4392//4392
f 4393//4393 4394//4394 4395//4395
f 4396//4396 4397//4397 4398//4398
f 4399//4399 4400//4400 4401//4401
f 4402//4402 4403//4403 4404//4404
f 4405//4405 4406//4406 4407//4407
f 4408//4408 4409//4409 4410//4410
f 4411//4411 4412//4412 4413//4413
f 4414//4414 4415//4415 4416//4416
f 4417//4417 4418//4418 4419//4419
f 4420//4420 4421//4421 4422//4422
f 4423//4423 4424//4424 4425//4425
f 4426//4426 4427//4427 4428//4428
f 4429//4429 4430//4430 4431//4431
f 4432//4432 4433//4433 4434//4434
f 4435//4435 4436//4436 4437//4437
f 4438//4438 4439//4439 4440//4440
f 4441//4441 4442//4442 4443//4443
f 4444//4444 4445//4445 4446//4446
f 4447//4447 4448//4448 4449//4449
f 4450//4450 4451//4451 4452//4452
f 4453//4453 4454//4454 4455//4455
f 4456//4456 4457//4457 4458//4458
f 4459//4459 4460//4460 4461//4461
f 4462//4462 4463//4463 4464//4464
f 4465//4465 4466//4466 4467//4467
f 4468//4468 4469//4469 4470//4470
f 4471//4471 4472//4472 4473//4473
f 4474//4474 4475//4475 4476//4476
f 4477//4477 4478//4478 4479//4479
f 4480//4480 4481//4481 4482//4482
f 4483//4483 4484//4484 4485//4485
f 4486//4486 4487//4487 4488//4488
f 4489//4489 4490//4490 4491//4491
f 4492//4492 4493//4493 4494//4494
f 4495//4495 4496//4496 4497//4497
f 4498//4498 4499//4499 4500//4500
